Date,Open,High,Low,Close,Volume,Dividends,Stock Splits
2020-01-01 00:00:00+05:30,751.7611465898424,756.7901365100024,744.0931510694996,745.5869140625,4917748,0.0,0.0
2020-01-02 00:00:00+05:30,746.8814982644955,755.8440762436694,744.4914531575002,753.8026123046875,5156046,0.0,0.0
2020-01-03 00:00:00+05:30,750.0184405893136,753.1055265342933,737.4210147420089,739.86083984375,8489729,0.0,0.0
2020-01-06 00:00:00+05:30,736.375389603757,736.5247294370728,718.6991938505718,720.2427368164062,6356198,0.0,0.0
2020-01-07 00:00:00+05:30,724.9730054308043,734.9314258350736,718.0518910935623,722.7323608398438,9103360,0.0,0.0
2020-01-08 00:00:00+05:30,712.2759498190765,722.7322902218732,706.1514975563196,721.4874877929688,8973215,0.0,0.0
2020-01-09 00:00:00+05:30,730.4999117110233,741.9023151538914,727.9605266812009,739.76123046875,7559853,0.0,0.0
2020-01-10 00:00:00+05:30,739.9105853296735,748.6739825285827,731.7446690015242,736.9728393554688,8550490,0.0,0.0
2020-01-13 00:00:00+05:30,736.9230882563033,743.6450218316141,732.2923985918734,734.3339233398438,6423758,0.0,0.0
2020-01-14 00:00:00+05:30,736.9229860235291,748.2756076883292,731.1471153163743,744.7901611328125,7237665,0.0,0.0
2020-01-15 00:00:00+05:30,743.9437198446725,745.8856238119388,734.9313623140331,743.1968383789062,7911661,0.0,0.0
2020-01-16 00:00:00+05:30,743.3960727647022,747.27988098051,732.0434493503207,734.2343139648438,6487613,0.0,0.0
2020-01-17 00:00:00+05:30,731.7944358336166,739.3628711554161,727.8110680162597,736.823486328125,7678864,0.0,0.0
2020-01-20 00:00:00+05:30,739.8608424131603,743.0973289847127,721.985465961696,724.1763305664062,10677371,0.0,0.0
2020-01-21 00:00:00+05:30,723.3298904125887,726.5663772617065,713.0727288624296,714.6162719726562,8242803,0.0,0.0
2020-01-22 00:00:00+05:30,714.0186918673521,719.7447831898587,703.6619110758354,709.636962890625,13321307,0.0,0.0
2020-01-23 00:00:00+05:30,722.0351771734305,734.4832012636605,716.4087067534671,719.9937133789062,20643257,0.0,0.0
2020-01-24 00:00:00+05:30,720.3921351836434,738.616031831545,717.404609150172,734.3339233398438,9541490,0.0,0.0
2020-01-27 00:00:00+05:30,729.404442084204,745.3379131455009,727.9604591130003,737.1719970703125,9170435,0.0,0.0
2020-01-28 00:00:00+05:30,735.3297634482253,743.3960594051765,731.9438763065034,734.0849609375,7836737,0.0,0.0
2020-01-29 00:00:00+05:30,736.9231208560013,742.4002521596608,730.4999274436165,732.19287109375,7985274,0.0,0.0
2020-01-30 00:00:00+05:30,732.6907714329091,733.3380930630683,724.2758941477072,727.8609619140625,6041343,0.0,0.0
2020-01-31 00:00:00+05:30,731.6450878961921,734.1844726953244,722.1845894348756,726.2675170898438,8345819,0.0,0.0
2020-02-03 00:00:00+05:30,701.7698687703647,709.8361646487825,692.6578901680205,706.002197265625,11594991,0.0,0.0
2020-02-04 00:00:00+05:30,709.487653599914,717.6037295288244,707.0478285142592,712.0270385742188,9653925,0.0,0.0
2020-02-05 00:00:00+05:30,716.4585795644874,722.6328124698498,712.2262508251936,721.0394287109375,7975101,0.0,0.0
2020-02-06 00:00:00+05:30,724.4251833499656,741.902196081244,719.9936748546838,733.8856811523438,9627252,0.0,0.0
2020-02-07 00:00:00+05:30,733.6367820044263,746.0848064690686,730.9479965637897,745.0391845703125,8438354,0.0,0.0
2020-02-10 00:00:00+05:30,743.1968228277515,743.6947437945103,735.9271888693482,738.0184326171875,4713339,0.0,0.0
2020-02-11 00:00:00+05:30,739.9106119621742,753.9519599627702,738.9147699541498,746.8317260742188,7845657,0.0,0.0
2020-02-12 00:00:00+05:30,748.8731936341443,757.5370313018777,747.8773516213329,752.1096801757812,6190440,0.0,0.0
2020-02-13 00:00:00+05:30,747.9768791367381,750.3171442343792,739.213481959563,744.6906127929688,5031706,0.0,0.0
2020-02-14 00:00:00+05:30,744.9894267820879,749.4209361411049,729.0559536935781,733.4376831054688,6155000,0.0,0.0
2020-02-17 00:00:00+05:30,734.3338699752738,740.0101204012743,727.1637958597222,735.3297119140625,4275465,0.0,0.0
2020-02-18 00:00:00+05:30,734.6823537024001,734.6823537024001,721.6866292055842,730.5994262695312,5215502,0.0,0.0
2020-02-19 00:00:00+05:30,737.570449642886,742.0018982063629,732.2924380740861,737.96875,4372673,0.0,0.0
2020-02-20 00:00:00+05:30,739.6617181351664,750.8649417353289,734.5331070189853,741.2052612304688,7529403,0.0,0.0
2020-02-24 00:00:00+05:30,734.881556709581,735.329697729665,719.9937078556019,722.4335327148438,6589087,0.0,0.0
2020-02-25 00:00:00+05:30,726.3671702374521,728.9563350932676,719.0476951580616,725.7198486328125,5419596,0.0,0.0
2020-02-26 00:00:00+05:30,722.28419878403,732.6907599604702,718.9979323023575,726.3671875,7136975,0.0,0.0
2020-02-27 00:00:00+05:30,725.670110087906,736.3754120678223,713.570604932939,732.7903442382812,8867328,0.0,0.0
2020-02-28 00:00:00+05:30,715.9108590639531,721.6867306767118,688.1268421382945,694.400634765625,16428944,0.0,0.0
2020-03-02 00:00:00+05:30,706.3507122057714,710.2843002273073,672.4920845047851,681.3551025390625,13854352,0.0,0.0
2020-03-03 00:00:00+05:30,687.0314121479399,692.906843411004,672.1933422074056,684.2928466796875,11198145,0.0,0.0
2020-03-04 00:00:00+05:30,687.130958521235,693.1060103344631,665.5211756404526,679.3634033203125,14802724,0.0,0.0
2020-03-05 00:00:00+05:30,683.645577305763,691.1143927898027,672.4423540797036,675.0813598632812,10508008,0.0,0.0
2020-03-06 00:00:00+05:30,647.2973115947397,658.0523932311161,638.3845133788143,654.91552734375,12969235,0.0,0.0
2020-03-09 00:00:00+05:30,636.3430466561925,639.1811720822508,612.5423982198828,620.957275390625,14336369,0.0,0.0
2020-03-11 00:00:00+05:30,611.0985289289911,631.7622525023492,609.5549250490112,616.7747802734375,11021433,0.0,0.0
2020-03-12 00:00:00+05:30,589.5384459129084,591.5301298518034,525.9539604762349,540.9911499023438,29369378,0.0,0.0
2020-03-13 00:00:00+05:30,514.8006068681292,583.2149741007266,449.2243958150892,566.4349975585938,25599305,0.0,0.0
2020-03-16 00:00:00+05:30,540.0948979639322,542.7339036428183,500.26124735331126,506.4852600097656,21542970,0.0,0.0
2020-03-17 00:00:00+05:30,513.0080102661508,529.0908214594675,475.46475619887843,486.3194274902344,20590414,0.0,0.0
2020-03-18 00:00:00+05:30,487.9625564248057,503.94580759632396,390.46963541317024,471.48138427734375,36240904,0.0,0.0
2020-03-19 00:00:00+05:30,439.21609507846904,463.01674281899705,421.9880409040301,426.4693298339844,33243997,0.0,0.0
2020-03-20 00:00:00+05:30,429.6062375126545,447.83016455029184,412.4777731560565,426.3697509765625,30764236,0.0,0.0
2020-03-23 00:00:00+05:30,383.7477344638757,390.37007792191355,300.74429472555585,307.36663818359375,37622635,0.0,0.0
2020-03-24 00:00:00+05:30,330.56973023183053,336.0966406100335,289.7899923482066,301.88946533203125,50681510,0.0,0.0
2020-03-25 00:00:00+05:30,292.2795799667967,362.23746920927533,284.8107661686673,325.44110107421875,51993973,0.0,0.0
2020-03-26 00:00:00+05:30,334.55314782854447,397.34097673235755,330.6195595868238,339.98046875,62971564,0.0,0.0
2020-03-27 00:00:00+05:30,368.4615620181658,407.7475434220535,352.5778690127292,358.2541809082031,71042591,0.0,0.0
2020-03-30 00:00:00+05:30,343.5654955813547,380.4116501799348,338.9348362842651,366.6192321777344,61772544,0.0,0.0
2020-03-31 00:00:00+05:30,382.8016742406497,388.17921518051804,371.1005302662851,377.42413330078125,34637148,0.0,0.0
2020-04-01 00:00:00+05:30,374.68554694197525,378.22077383325984,352.52806277065577,357.1587219238281,27744593,0.0,0.0
2020-04-03 00:00:00+05:30,358.70231240047167,360.7935563569748,322.6528186538584,324.0968017578125,41317365,0.0,0.0
2020-04-07 00:00:00+05:30,345.95549267765466,404.0628774328223,340.92650290900997,387.233154296875,48093237,0.0,0.0
2020-04-08 00:00:00+05:30,382.1543430096188,425.92160826106567,371.9469631637593,389.7227478027344,64930598,0.0,0.0
2020-04-09 00:00:00+05:30,403.31601473763345,421.2411709481949,396.9924118852148,418.40301513671875,44090546,0.0,0.0
2020-04-13 00:00:00+05:30,416.21216583695104,426.1207752592518,400.3284741706714,417.2080078125,33431643,0.0,0.0
2020-04-15 00:00:00+05:30,432.1954232260935,449.77202825381016,410.73504051941313,415.5648498535156,48315019,0.0,0.0
2020-04-16 00:00:00+05:30,406.901022449657,425.22450805344863,399.0338772078354,420.7929992675781,42344330,0.0,0.0
2020-04-17 00:00:00+05:30,448.1288766025394,483.87959645780506,430.60205223950317,476.8091125488281,47831797,0.0,0.0
2020-04-20 00:00:00+05:30,479.9958081920569,481.43979114060943,449.37366897648485,454.05413818359375,42163627,0.0,0.0
2020-04-21 00:00:00+05:30,434.18708940652976,438.120677258115,411.23294465725195,418.9009094238281,33572119,0.0,0.0
2020-04-22 00:00:00+05:30,416.80965409473794,432.74312598582907,410.28690119559684,429.3572692871094,36619611,0.0,0.0
2020-04-23 00:00:00+05:30,432.7929401639986,438.02111067469986,424.2784728121592,428.2618408203125,29418000,0.0,0.0
2020-04-24 00:00:00+05:30,414.27026961688296,417.9050868178362,399.58160020138047,402.2703857421875,35773252,0.0,0.0
2020-04-27 00:00:00+05:30,413.27441052792915,427.71411884757964,407.3989490828979,425.52325439453125,35986805,0.0,0.0
2020-04-28 00:00:00+05:30,436.1787891145286,456.4939595156983,433.4402236577593,453.5562438964844,43938246,0.0,0.0
2020-04-29 00:00:00+05:30,428.9589141907014,446.98365932130883,424.1788850512923,437.2742004394531,61499689,0.0,0.0
2020-04-30 00:00:00+05:30,449.12472134446364,459.97939256711305,438.5687905518005,443.0500793457031,40382553,0.0,0.0
2020-05-04 00:00:00+05:30,422.23701552017394,422.23701552017394,398.0380666454575,401.1251525878906,37853978,0.0,0.0
2020-05-05 00:00:00+05:30,412.2785878316296,417.0088373296978,384.89293284281365,387.3825378417969,50981056,0.0,0.0
2020-05-06 00:00:00+05:30,383.3991566522159,392.8098753808624,366.5196231835911,387.233154296875,67511628,0.0,0.0
2020-05-07 00:00:00+05:30,385.3908444194921,400.5774345419656,381.1087360822163,395.69781494140625,41339309,0.0,0.0
2020-05-08 00:00:00+05:30,401.82224894069134,407.7475210255832,378.0714110478441,380.46142578125,33505509,0.0,0.0
2020-05-11 00:00:00+05:30,389.3742042956337,391.8638091824344,375.28304671447853,377.9718017578125,30141935,0.0,0.0
2020-05-12 00:00:00+05:30,374.73533421172357,390.1708852845484,368.4615417383983,385.2414855957031,38411107,0.0,0.0
2020-05-13 00:00:00+05:30,409.29106892019075,414.7184200682295,397.93847600638117,412.2785949707031,48206058,0.0,0.0
2020-05-14 00:00:00+05:30,403.3657722756694,409.2910440724076,395.9965478765903,400.2786865234375,31604212,0.0,0.0
2020-05-15 00:00:00+05:30,401.07538704034545,402.22059932371354,385.19169413101383,386.9344177246094,25435025,0.0,0.0
2020-05-18 00:00:00+05:30,387.38257978671373,387.38257978671373,350.83516228809253,357.3081359863281,47864748,0.0,0.0
2020-05-19 00:00:00+05:30,367.2665299034043,370.9511575846813,348.64430210604866,353.0260009765625,42889678,0.0,0.0
2020-05-20 00:00:00+05:30,351.5322077889278,364.7768935465145,348.54468194369616,360.9927062988281,30720803,0.0,0.0
2020-05-21 00:00:00+05:30,361.4906232779398,367.4656749023685,354.22098929115845,355.7147521972656,24794914,0.0,0.0
2020-05-22 00:00:00+05:30,350.63594934433536,358.2541340244673,331.46599220751534,335.5489501953125,48367892,0.0,0.0
2020-05-26 00:00:00+05:30,340.57793034481017,346.25424134016356,334.9514296789463,339.8808288574219,30692834,0.0,0.0
2020-05-27 00:00:00+05:30,344.6609358186292,390.8182204101206,340.0800563605257,385.390869140625,72430787,0.0,0.0
2020-05-28 00:00:00+05:30,388.37840078372295,405.9550069461821,385.39087462384816,389.324462890625,72693713,0.0,0.0
2020-05-29 00:00:00+05:30,380.41161936831986,387.6314734008338,373.78927657525423,383.349365234375,51056390,0.0,0.0
2020-06-01 00:00:00+05:30,392.66046354890574,407.79727314550075,390.91774015939507,395.2994689941406,44252980,0.0,0.0
2020-06-02 00:00:00+05:30,396.34514137615747,413.2744564600637,389.9219479086355,408.39483642578125,37508638,0.0,0.0
2020-06-03 00:00:00+05:30,420.24528995015993,430.2037091432917,403.56493780166426,407.8470458984375,49055899,0.0,0.0
2020-06-04 00:00:00+05:30,405.9052030587117,412.1789954681332,389.9219208116942,392.7102966308594,45553578,0.0,0.0
2020-06-05 00:00:00+05:30,397.3409537176405,408.1956253225166,388.8762968088687,403.61474609375,39002875,0.0,0.0
2020-06-08 00:00:00+05:30,413.27443824958686,442.9007383409729,412.27859622970834,428.4610290527344,60387580,0.0,0.0
2020-06-09 00:00:00+05:30,433.1415069713015,440.660102208643,414.7682091975137,418.3034362792969,46273705,0.0,0.0
2020-06-10 00:00:00+05:30,420.4444980380841,430.9008388759784,413.57316403206215,425.67266845703125,36163051,0.0,0.0
2020-06-11 00:00:00+05:30,424.7265907411686,433.7389482125796,407.00061622641584,411.7308654785156,45562670,0.0,0.0
2020-06-12 00:00:00+05:30,388.3783721923828,410.78481674194336,387.53190043126233,406.30352783203125,47813512,0.0,0.0
2020-06-15 00:00:00+05:30,404.262063955789,404.262063955789,382.05476956636073,387.98004150390625,39577100,0.0,0.0
2020-06-16 00:00:00+05:30,403.21641763431376,403.31600791193534,358.9014488637431,379.9635009765625,96186227,0.0,0.0
2020-06-17 00:00:00+05:30,375.8805675244892,396.0961475631409,373.7394829548428,387.98004150390625,56949066,0.0,0.0
2020-06-18 00:00:00+05:30,384.3949969839991,406.35330006994576,382.4033130618022,403.7143249511719,43773580,0.0,0.0
2020-06-19 00:00:00+05:30,405.8056384748777,420.5440887711871,405.8056384748777,415.31591796875,52085319,0.0,0.0
2020-06-22 00:00:00+05:30,418.2536297046751,434.08751103678645,416.36153602938623,428.3614196777344,40454004,0.0,0.0
2020-06-23 00:00:00+05:30,428.7099816110351,443.1496906316159,428.61039133275597,441.8052978515625,30757220,0.0,0.0
2020-06-24 00:00:00+05:30,446.1371929188869,446.63511389312674,420.4444828043855,422.88427734375,33577082,0.0,0.0
2020-06-25 00:00:00+05:30,417.2578086136133,426.91748841559695,408.6437811726391,419.94659423828125,49853200,0.0,0.0
2020-06-26 00:00:00+05:30,424.2286777595924,426.96724316766495,416.26194202701794,423.0834655761719,32610915,0.0,0.0
2020-06-29 00:00:00+05:30,413.2744216398585,414.0710830674684,400.6770266728288,403.1168212890625,36319455,0.0,0.0
2020-06-30 00:00:00+05:30,408.2952136894661,413.0752430593124,402.36994172477154,404.9591369628906,26951915,0.0,0.0
2020-07-01 00:00:00+05:30,408.295220816954,435.531505649588,404.95914403214164,431.44854736328125,53380512,0.0,0.0
2020-07-02 00:00:00+05:30,439.16631322427867,439.66423421432887,419.5482140600265,421.4403381347656,50362770,0.0,0.0
2020-07-03 00:00:00+05:30,428.2120303858057,429.8053835537501,421.8884280449948,426.6684875488281,31044457,0.0,0.0
2020-07-06 00:00:00+05:30,432.344804794446,435.78047190295007,429.30749880454675,432.1954345703125,18424079,0.0,0.0
2020-07-07 00:00:00+05:30,431.6975112842043,447.1330624373881,424.4278767683343,445.48992919921875,37991679,0.0,0.0
2020-07-08 00:00:00+05:30,448.1289044927936,459.4814973284738,439.1663264029377,442.30322265625,45877067,0.0,0.0
2020-07-09 00:00:00+05:30,445.98788011099106,455.09982903430614,444.19534613858735,451.86334228515625,29162679,0.0,0.0
2020-07-10 00:00:00+05:30,448.029316357357,449.5728897146296,435.1829604452345,437.77215576171875,25676354,0.0,0.0
2020-07-13 00:00:00+05:30,442.10402255659193,444.54381697108585,430.9505811481878,438.22021484375,21326370,0.0,0.0
2020-07-14 00:00:00+05:30,433.0916591528812,433.987910832178,413.672741075151,415.96319580078125,25685579,0.0,0.0
2020-07-15 00:00:00+05:30,422.2370013819996,442.60198211908016,420.9921989015102,424.8759765625,43250557,0.0,0.0
2020-07-16 00:00:00+05:30,430.1539705955522,434.336488824724,416.7101033911761,432.1954345703125,30183647,0.0,0.0
2020-07-17 00:00:00+05:30,432.19541551433036,438.0708770664573,422.8345070628944,431.2991638183594,33464985,0.0,0.0
2020-07-20 00:00:00+05:30,435.88006218260125,440.9588321472608,427.5149649428847,432.1954345703125,30400586,0.0,0.0
2020-07-21 00:00:00+05:30,438.17046371807504,449.1247253110269,436.6767007735816,444.3446960449219,43147019,0.0,0.0
2020-07-22 00:00:00+05:30,476.0124645777551,482.58502769817915,458.186899283629,476.9585266113281,89611937,0.0,0.0
2020-07-23 00:00:00+05:30,470.98347074179867,472.77597412723935,457.290643687034,458.93377685546875,40249567,0.0,0.0
2020-07-24 00:00:00+05:30,454.7014541632242,454.7014541632242,439.7140141292497,443.7471923828125,30566635,0.0,0.0
2020-07-27 00:00:00+05:30,445.14135512052513,446.1371970782892,428.11245156462314,429.7555847167969,21924237,0.0,0.0
2020-07-28 00:00:00+05:30,432.1954211551586,438.17047306052945,422.63533202842814,435.23272705078125,33057573,0.0,0.0
2020-07-29 00:00:00+05:30,433.93813144098965,445.14135342311505,432.49414845146407,439.06671142578125,24404819,0.0,0.0
2020-07-30 00:00:00+05:30,440.0625985485666,444.0459667732935,422.9839133631876,424.079345703125,26861618,0.0,0.0
2020-07-31 00:00:00+05:30,427.2162188645933,432.6435699318515,419.54822329280057,429.8551940917969,27499638,0.0,0.0
2020-08-03 00:00:00+05:30,429.80543425104975,430.1041747093528,413.9715517565522,415.61468505859375,23824107,0.0,0.0
2020-08-04 00:00:00+05:30,420.09599593035847,429.40712564276976,415.61470648070815,427.3656311035156,24746211,0.0,0.0
2020-08-05 00:00:00+05:30,437.1746581392859,444.992024277545,431.3489760927775,433.1415100097656,36932321,0.0,0.0
2020-08-06 00:00:00+05:30,434.18708022472214,436.47750450082674,425.3240931514827,431.1995544433594,33465135,0.0,0.0
2020-08-07 00:00:00+05:30,429.65603816671745,435.1829490475459,425.3738993810373,431.4983215332031,15569399,0.0,0.0
2020-08-10 00:00:00+05:30,432.1954001352797,435.1829259426665,427.5149308807669,429.3074645996094,14888044,0.0,0.0
2020-08-11 00:00:00+05:30,433.4900017292239,448.0293007150758,433.4900017292239,446.13720703125,30469633,0.0,0.0
2020-08-12 00:00:00+05:30,442.95051184832715,450.86746794757954,437.1248604292508,449.2243347167969,23184137,0.0,0.0
2020-08-13 00:00:00+05:30,452.2118376156596,454.85081271694224,443.4982205138025,446.2367858886719,21885850,0.0,0.0
2020-08-14 00:00:00+05:30,449.62270338335856,449.62270338335856,423.83039934493155,434.03778076171875,36725538,0.0,0.0
2020-08-17 00:00:00+05:30,437.27421755064313,439.1663112260879,423.58139038656446,436.3281555175781,30198343,0.0,0.0
2020-08-18 00:00:00+05:30,437.67255767295313,445.3903331495524,433.49000912936043,443.94635009765625,21768516,0.0,0.0
2020-08-19 00:00:00+05:30,444.1455307825622,450.070802822595,440.61030384852694,442.35302734375,18127671,0.0,0.0
2020-08-20 00:00:00+05:30,436.0792258106855,439.46508268852426,431.44856637550254,433.1415100097656,16688938,0.0,0.0
2020-08-21 00:00:00+05:30,438.1704502827128,443.00028973328403,434.43604303598516,438.61859130859375,25087973,0.0,0.0
2020-08-24 00:00:00+05:30,442.1538466593656,447.58119769918403,440.46090310822433,443.94635009765625,18196776,0.0,0.0
2020-08-25 00:00:00+05:30,449.0749758229288,454.50229665489485,445.2409779272582,449.9214172363281,26273592,0.0,0.0
2020-08-26 00:00:00+05:30,450.1205582302848,462.8673229442492,447.13303240132274,461.4233703613281,25914508,0.0,0.0
2020-08-27 00:00:00+05:30,462.07068053201033,472.52702136301485,462.07068053201033,471.0830383300781,19544214,0.0,0.0
2020-08-28 00:00:00+05:30,474.4689378428571,510.8669511537766,474.07057672628946,507.082763671875,59179945,0.0,0.0
2020-08-31 00:00:00+05:30,522.2693445981524,531.6302228494242,484.27794830990035,494.68450927734375,55830536,0.0,0.0
2020-09-01 00:00:00+05:30,492.9915795254518,501.30686646520394,477.6556185055211,483.68048095703125,33276725,0.0,0.0
2020-09-02 00:00:00+05:30,484.9750595656638,485.9211216327954,470.1370196735169,482.3858642578125,20750575,0.0,0.0
2020-09-03 00:00:00+05:30,486.36921503515595,487.9127883324779,471.132844957537,472.97515869140625,14045705,0.0,0.0
2020-09-04 00:00:00+05:30,467.0498886631357,470.9834766407732,450.7180862677644,453.3072814941406,29405304,0.0,0.0
2020-09-07 00:00:00+05:30,455.09978110108375,465.207571036461,448.7761785021768,456.792724609375,25967554,0.0,0.0
2020-09-08 00:00:00+05:30,457.8881519753417,460.47734732434077,439.41529452604556,442.5024108886719,21052285,0.0,0.0
2020-09-09 00:00:00+05:30,438.0708750784527,441.50654201988294,423.23283585258156,429.45684814453125,31657672,0.0,0.0
2020-09-10 00:00:00+05:30,434.63522385101095,446.83428753129624,428.9589126761556,444.9919738769531,34434841,0.0,0.0
2020-09-11 00:00:00+05:30,444.14555355759745,447.97955152182635,437.42361973133336,445.340576171875,18620781,0.0,0.0
2020-09-14 00:00:00+05:30,450.1205729421745,453.10809886878184,436.1787852846735,438.7181701660156,17622727,0.0,0.0
2020-09-15 00:00:00+05:30,439.2160986781688,450.020990375972,434.08751849443684,447.6807556152344,17328721,0.0,0.0
2020-09-16 00:00:00+05:30,447.6807653241887,448.72641767350325,438.17048624492014,444.1455383300781,20016188,0.0,0.0
2020-09-17 00:00:00+05:30,439.11656738451376,444.59369870043463,436.67674218751023,441.0584411621094,14306232,0.0,0.0
2020-09-18 00:00:00+05:30,442.70152285689045,447.4317720781536,434.2368663556827,441.50653076171875,20809690,0.0,0.0
2020-09-21 00:00:00+05:30,441.1580111290581,442.1538531406361,418.8013458128572,421.5897216796875,19013877,0.0,0.0
2020-09-22 00:00:00+05:30,422.23699951171875,424.8759746805299,404.6105843097903,410.2868957519531,27558176,0.0,0.0
2020-09-23 00:00:00+05:30,416.3615664057367,421.1415960805367,404.4114618280491,418.00469970703125,18612700,0.0,0.0
2020-09-24 00:00:00+05:30,412.2785738778639,412.5773143113565,399.4819985380589,400.776611328125,21177182,0.0,0.0
2020-09-25 00:00:00+05:30,405.8056236460834,414.967382397558,398.4861787119983,413.32421875,20460096,0.0,0.0
2020-09-28 00:00:00+05:30,418.25365530067234,438.7680073292713,416.31175117335863,437.4236145019531,19387091,0.0,0.0
2020-09-29 00:00:00+05:30,440.56049577568854,441.45674749969515,423.033670455627,425.0751647949219,19996904,0.0,0.0
2020-09-30 00:00:00+05:30,425.22451200081406,426.3199442222786,417.0088159258569,422.88427734375,18485278,0.0,0.0
2020-10-01 00:00:00+05:30,428.411235691716,443.4484254084217,425.62285988896605,441.8551025390625,21083211,0.0,0.0
2020-10-05 00:00:00+05:30,442.20363237711433,454.5520976134648,437.2244223271944,442.30322265625,24252318,0.0,0.0
2020-10-06 00:00:00+05:30,447.6309642557135,450.8176707070226,440.8592510350379,447.78033447265625,19387351,0.0,0.0
2020-10-07 00:00:00+05:30,445.14139141969105,454.05418982474947,441.65594428329524,451.2160339355469,19873734,0.0,0.0
2020-10-08 00:00:00+05:30,453.6558133347705,459.7304556449248,445.3903368474808,450.02099609375,20909290,0.0,0.0
2020-10-09 00:00:00+05:30,451.41515177799187,467.84654424416306,448.27825565804164,466.10382080078125,28048230,0.0,0.0
2020-10-12 00:00:00+05:30,471.5312083969768,478.00418169070514,460.37776533458543,466.0540771484375,21261504,0.0,0.0
2020-10-13 00:00:00+05:30,463.9627704942326,471.0332546012682,457.8383484205773,459.43170166015625,15582492,0.0,0.0
2020-10-14 00:00:00+05:30,456.09564531696645,472.67640887753544,452.11227723559557,469.34033203125,13984621,0.0,0.0
2020-10-15 00:00:00+05:30,471.4315638480504,479.9460305887322,458.08728805670916,460.6764831542969,28971494,0.0,0.0
2020-10-16 00:00:00+05:30,463.2159059093988,473.5228768140888,461.0748516612474,470.4357604980469,16288157,0.0,0.0
2020-10-19 00:00:00+05:30,475.0664173633202,493.8380452765782,474.26975591386014,490.90032958984375,28131936,0.0,0.0
2020-10-20 00:00:00+05:30,483.82985273835476,496.57661847083335,483.08297122143557,491.89617919921875,21376064,0.0,0.0
2020-10-21 00:00:00+05:30,494.8338605941612,505.38979137893193,484.576700629838,499.3649597167969,27029535,0.0,0.0
2020-10-22 00:00:00+05:30,493.9376331443751,510.86694718359763,493.5890823654304,508.17816162109375,30022336,0.0,0.0
2020-10-23 00:00:00+05:30,511.7632178759388,513.3565407315193,502.40227895063333,505.091064453125,18810262,0.0,0.0
2020-10-26 00:00:00+05:30,506.13671582552445,507.73006916449975,488.85885038767657,491.2986755371094,17446937,0.0,0.0
2020-10-27 00:00:00+05:30,491.94595667921425,510.1200734998532,480.64314370166585,505.9873352050781,24239860,0.0,0.0
2020-10-28 00:00:00+05:30,508.6760828515288,515.348236426269,491.44802836012315,502.6014709472656,30343575,0.0,0.0
2020-10-29 00:00:00+05:30,503.89604385039445,514.2029840711496,487.31528089669547,491.79656982421875,50934336,0.0,0.0
2020-10-30 00:00:00+05:30,492.94175325190355,499.46450570936736,479.59747752483725,490.4521484375,23140833,0.0,0.0
2020-11-02 00:00:00+05:30,494.7841247522435,529.4892260015445,493.0414011783687,520.4768676757812,37597227,0.0,0.0
2020-11-03 00:00:00+05:30,522.8170377148457,534.7671414340422,521.8211957382459,531.9290161132812,25991938,0.0,0.0
2020-11-04 00:00:00+05:30,522.9166509702054,531.6302691547876,508.8753019796008,522.9664916992188,28905623,0.0,0.0
2020-11-05 00:00:00+05:30,532.675948540226,540.244323973666,525.3564728433699,537.0576171875,23728389,0.0,0.0
2020-11-06 00:00:00+05:30,536.5098496433992,543.7297037685308,528.9912550900532,539.4973754882812,22256961,0.0,0.0
2020-11-09 00:00:00+05:30,547.7130907963995,565.6382464951907,545.9703673256836,562.7005004882812,26041462,0.0,0.0
2020-11-10 00:00:00+05:30,569.6216573158209,585.5551302477321,565.8872495974043,581.1734008789062,34935409,0.0,0.0
2020-11-11 00:00:00+05:30,577.4389642297091,608.6088677161897,574.0033579259966,606.1192626953125,50289937,0.0,0.0
2020-11-12 00:00:00+05:30,599.4471265175506,607.9117838347213,586.3517794143194,597.2064819335938,34244439,0.0,0.0
2020-11-13 00:00:00+05:30,592.5259835675573,609.8038177674408,581.8704621269588,607.8121337890625,28813262,0.0,0.0
2020-11-14 00:00:00+05:30,611.3971863177436,615.4303341180687,603.03208950262,610.6005249023438,3211214,0.0,0.0
2020-11-17 00:00:00+05:30,610.600534288079,628.2767294312995,606.4677657589467,626.1854248046875,25960060,0.0,0.0
2020-11-18 00:00:00+05:30,622.4012336909848,637.3388632995684,619.4634877116893,633.6542358398438,24928180,0.0,0.0
2020-11-19 00:00:00+05:30,616.4262126382997,630.368000969376,606.5175723467245,608.9573974609375,26525371,0.0,0.0
2020-11-20 00:00:00+05:30,612.4428658298904,613.9366289172804,589.5384984899108,605.3225708007812,29556191,0.0,0.0
2020-11-23 00:00:00+05:30,608.4096227650774,610.0527254361293,590.2355080361951,593.1234130859375,23728765,0.0,0.0
2020-11-24 00:00:00+05:30,600.492753005069,620.0112327702957,598.0529278390719,617.0735473632812,30742369,0.0,0.0
2020-11-25 00:00:00+05:30,622.4012234707939,627.3804332585602,593.521806701749,597.3557739257812,35115637,0.0,0.0
2020-11-26 00:00:00+05:30,599.745830518057,615.6295222040332,591.5799141521555,610.0029907226562,35476456,0.0,0.0
2020-11-27 00:00:00+05:30,609.4553537350656,611.098517481706,596.2604461582853,599.0985717773438,29921076,0.0,0.0
2020-12-01 00:00:00+05:30,608.4594904128348,612.4428585988436,593.7210402808774,601.1400756835938,21285697,0.0,0.0
2020-12-02 00:00:00+05:30,604.4760703234231,610.9490430698849,598.749979047707,605.5714721679688,19070722,0.0,0.0
2020-12-03 00:00:00+05:30,607.6130663767805,608.459507827984,597.8537654166313,600.1940307617188,17746316,0.0,0.0
2020-12-04 00:00:00+05:30,604.0777696971247,613.8868504636675,600.6919431596316,611.9449462890625,20019707,0.0,0.0
2020-12-07 00:00:00+05:30,614.3847464086623,621.8037816140986,609.9034573185646,616.6751708984375,24658169,0.0,0.0
2020-12-08 00:00:00+05:30,616.5257931592481,621.2560429298685,609.0569777319529,618.0693969726562,16005349,0.0,0.0
2020-12-09 00:00:00+05:30,616.5755192319128,634.0525319255711,616.4261186385984,631.5629272460938,22000284,0.0,0.0
2020-12-10 00:00:00+05:30,621.9033031501071,629.8202588773072,617.77053470934,624.4426879882812,16126862,0.0,0.0
2020-12-11 00:00:00+05:30,623.7456407581623,629.0236522233272,605.8204839428469,610.7001342773438,17950692,0.0,0.0
2020-12-14 00:00:00+05:30,613.4386712154488,621.2062266492402,609.8536643325828,613.339111328125,14567480,0.0,0.0
2020-12-15 00:00:00+05:30,613.1896797247657,613.1896797247657,599.7955933625673,604.5756225585938,22311290,0.0,0.0
2020-12-16 00:00:00+05:30,610.9988693122586,612.3432925303009,602.285251493255,603.579833984375,14860853,0.0,0.0
2020-12-17 00:00:00+05:30,604.7250960139226,608.4595037702869,600.6919477933244,602.8828125,14598759,0.0,0.0
2020-12-18 00:00:00+05:30,601.8869283610774,608.4594612403225,594.0197522583509,606.9656982421875,17301814,0.0,0.0
2020-12-21 00:00:00+05:30,602.7333464921288,604.7250304127967,571.0158043680401,580.0779418945312,18580262,0.0,0.0
2020-12-22 00:00:00+05:30,582.5675412606971,591.4803388772841,566.0365891887532,587.2977905273438,19896386,0.0,0.0
2020-12-23 00:00:00+05:30,586.5509054003003,592.0280360958888,581.8704361041599,589.986572265625,12247401,0.0,0.0
2020-12-24 00:00:00+05:30,592.525911183747,611.4469066669254,591.6794699088872,607.6627197265625,15488083,0.0,0.0
2020-12-28 00:00:00+05:30,611.4469397834573,618.2186526931896,611.4469397834573,615.081787109375,8444506,0.0,0.0
2020-12-29 00:00:00+05:30,618.1191517232969,629.7705154712168,616.0278470200752,627.5796508789062,13765454,0.0,0.0
2020-12-30 00:00:00+05:30,629.6210261483563,631.3637494314873,615.6294599457768,622.500732421875,10262221,0.0,0.0
2020-12-31 00:00:00+05:30,619.8120822700249,623.3473091975376,613.4386691867053,617.8701782226562,12306502,0.0,0.0
2021-01-01 00:00:00+05:30,617.6710107903466,622.8494014328926,614.9822251892772,621.2062377929688,6047062,0.0,0.0
2021-01-04 00:00:00+05:30,625.1895637583376,630.3679540521647,618.716591086396,622.1024780273438,14068156,0.0,0.0
2021-01-05 00:00:00+05:30,615.4303241610204,665.1228617027507,615.4303241610204,661.6871948242188,37973963,0.0,0.0
2021-01-06 00:00:00+05:30,659.2473772374738,664.3759876418237,646.4508323695056,651.5296020507812,20829645,0.0,0.0
2021-01-07 00:00:00+05:30,656.2598459778549,673.6870801274945,656.2598459778549,668.3095092773438,17887570,0.0,0.0
2021-01-08 00:00:00+05:30,675.1808432541545,676.0272846005538,665.7203447129828,669.9028930664062,12272794,0.0,0.0
2021-01-11 00:00:00+05:30,673.1892384483682,673.8365601055806,657.4051659718557,664.1768798828125,7928365,0.0,0.0
2021-01-12 00:00:00+05:30,658.5502929878865,682.1517602052776,656.5088290734733,672.8904418945312,13301893,0.0,0.0
2021-01-13 00:00:00+05:30,673.1892009124215,688.3260116690936,666.2680867645176,684.9401245117188,15645903,0.0,0.0
2021-01-14 00:00:00+05:30,675.6788140471871,684.9401327245731,671.844846563006,673.189208984375,9337503,0.0,0.0
2021-01-15 00:00:00+05:30,674.782572079768,680.110363700157,666.815835404534,672.0440063476562,12339771,0.0,0.0
2021-01-18 00:00:00+05:30,671.6456433861337,672.1933443252354,648.4425371382924,654.2681884765625,13460603,0.0,0.0
2021-01-19 00:00:00+05:30,660.7909090570367,669.1560056899697,657.0067218302789,665.9692993164062,9010539,0.0,0.0
2021-01-20 00:00:00+05:30,661.2391028197835,678.1186372543644,661.2391028197835,672.9402465820312,9980614,0.0,0.0
2021-01-21 00:00:00+05:30,677.9194450600489,692.1101936345708,666.9651830025234,673.039794921875,15849438,0.0,0.0
2021-01-22 00:00:00+05:30,667.2140353774728,671.097842881021,636.1437576931747,641.820068359375,21392223,0.0,0.0
2021-01-25 00:00:00+05:30,651.2806246944302,665.2224117673996,636.6915160519543,655.662353515625,21325345,0.0,0.0
2021-01-27 00:00:00+05:30,657.2059785144218,661.0399461262277,624.7913316738674,629.4717407226562,24462588,0.0,0.0
2021-01-28 00:00:00+05:30,619.4137929622381,671.8946843614558,613.4387402970075,667.9113159179688,64303975,0.0,0.0
2021-01-29 00:00:00+05:30,668.2099107500134,673.0397196224709,650.2847566613393,660.1436157226562,31273252,0.0,0.0
2021-02-01 00:00:00+05:30,662.2349434133054,714.0187284621653,651.6292015859414,706.4005126953125,30648270,0.0,0.0
2021-02-02 00:00:00+05:30,716.2592750020019,741.8524235747524,701.2718668054349,711.2302856445312,28703320,0.0,0.0
2021-02-03 00:00:00+05:30,717.0062330220496,733.7363663029565,712.574724008903,730.7488403320312,23541361,0.0,0.0
2021-02-04 00:00:00+05:30,726.9646567156145,742.4002076458776,717.603717645358,740.806884765625,20490289,0.0,0.0
2021-02-05 00:00:00+05:30,745.8856270175063,763.1136807456154,714.0186843411909,716.6078491210938,31121503,0.0,0.0
2021-02-08 00:00:00+05:30,722.9812907332857,744.690634138975,722.9812907332857,733.089111328125,15662890,0.0,0.0
2021-02-09 00:00:00+05:30,732.6907859108665,746.8815350773359,723.1805065204901,739.4127197265625,22307807,0.0,0.0
2021-02-10 00:00:00+05:30,738.4665618501423,743.2964316193888,723.0807920667377,731.74462890625,15140744,0.0,0.0
2021-02-11 00:00:00+05:30,727.960506104423,741.0558527908066,727.960506104423,737.0226440429688,11897710,0.0,0.0
2021-02-12 00:00:00+05:30,732.4418361983687,751.5620159345334,731.4957740837136,747.2799072265625,15668442,0.0,0.0
2021-02-15 00:00:00+05:30,756.7403595031753,795.6777573592717,750.7653075079868,790.6985473632812,20648115,0.0,0.0
2021-02-16 00:00:00+05:30,795.677696727443,795.677696727443,763.8107551814128,771.8272705078125,23968943,0.0,0.0
2021-02-17 00:00:00+05:30,770.781705791948,781.7359677605673,761.1220262633456,774.51611328125,16956357,0.0,0.0
2021-02-18 00:00:00+05:30,771.7775420946198,778.7484360232163,760.8232802068251,773.7692260742188,19685663,0.0,0.0
2021-02-19 00:00:00+05:30,769.686284844603,773.9683931700056,738.2674219876704,746.532958984375,15634787,0.0,0.0
2021-02-22 00:00:00+05:30,746.532998443807,746.7321182237321,712.0270479608472,716.4585571289062,18123202,0.0,0.0
2021-02-23 00:00:00+05:30,729.3048556311861,731.8940812689223,709.6369763673249,712.9730834960938,16804763,0.0,0.0
2021-02-24 00:00:00+05:30,718.9978434897057,751.7610659335694,714.0684139854077,746.283935546875,11207286,0.0,0.0
2021-02-25 00:00:00+05:30,761.819086385355,780.2421623306218,758.9809611603885,767.4456176757812,26635119,0.0,0.0
2021-02-26 00:00:00+05:30,742.898117013188,755.5453223143247,715.6618631751858,721.7862548828125,31306177,0.0,0.0
2021-03-01 00:00:00+05:30,734.9314101555029,740.4085412609978,719.2468983534037,725.5206909179688,14301187,0.0,0.0
2021-03-02 00:00:00+05:30,727.4128112014135,737.4210112847222,718.9979340277778,728.20947265625,14503453,0.0,0.0
2021-03-03 00:00:00+05:30,737.4209768587752,757.6365566406959,732.043405922274,750.8150634765625,13603791,0.0,0.0
2021-03-04 00:00:00+05:30,728.0600169193191,748.3254368364625,728.0600169193191,733.736328125,16896947,0.0,0.0
2021-03-05 00:00:00+05:30,728.9563503624273,741.0060143550495,717.5041672624711,727.7115478515625,16358252,0.0,0.0
2021-03-08 00:00:00+05:30,731.9438740959583,749.3711091934812,728.9563480792401,740.2093505859375,13898556,0.0,0.0
2021-03-09 00:00:00+05:30,755.5453088303595,755.5453088303595,736.9230519821053,742.3504028320312,18951683,0.0,0.0
2021-03-10 00:00:00+05:30,747.3794116202914,762.516221986597,746.0350492497122,757.5867919921875,13377990,0.0,0.0
2021-03-12 00:00:00+05:30,769.3874657568387,773.3708335542468,741.9022522672699,747.4789428710938,16343307,0.0,0.0
2021-03-15 00:00:00+05:30,750.8648066413857,750.8648066413857,713.6701352933811,741.3047485351562,22466579,0.0,0.0
2021-03-16 00:00:00+05:30,747.8773405565645,748.8731825546424,732.8899306417652,734.6824340820312,11358574,0.0,0.0
2021-03-17 00:00:00+05:30,735.9272968931355,738.9148231322145,721.6867673098008,724.8734741210938,12380976,0.0,0.0
2021-03-18 00:00:00+05:30,732.9396875,740.010141151107,704.3092309570313,715.7614135742188,12261544,0.0,0.0
2021-03-19 00:00:00+05:30,706.0519507718374,726.3173103777759,700.5748199830572,723.230224609375,20377672,0.0,0.0
2021-03-22 00:00:00+05:30,716.0103913161342,726.9646532138776,706.3507118500316,713.2220458984375,14802230,0.0,0.0
2021-03-23 00:00:00+05:30,715.0145247048478,736.4251267677366,711.1307167622875,727.5123291015625,15949688,0.0,0.0
2021-03-24 00:00:00+05:30,720.2427433703328,721.9854669111529,700.3756828487099,703.4628295898438,14379147,0.0,0.0
2021-03-25 00:00:00+05:30,706.549923657723,707.9441268189278,677.1725836324899,691.7118530273438,21179280,0.0,0.0
2021-03-26 00:00:00+05:30,704.0603339764666,704.0603339764666,690.2679458058851,695.2969360351562,13143312,0.0,0.0
2021-03-30 00:00:00+05:30,702.0685783789392,710.334054450389,688.1267910068751,692.4586791992188,25965218,0.0,0.0
2021-03-31 00:00:00+05:30,693.1060047933753,700.624599441972,689.2221968332783,694.5499877929688,14924620,0.0,0.0
2021-04-01 00:00:00+05:30,703.3631858616326,714.0187073181922,692.6578844618131,710.0353393554688,13090326,0.0,0.0
2021-04-05 00:00:00+05:30,704.2594387455661,705.5042411822694,674.6331407520261,682.4006958007812,16239521,0.0,0.0
2021-04-06 00:00:00+05:30,687.2305844255517,690.6164717575333,672.6913145958382,675.0813598632812,12062011,0.0,0.0
2021-04-07 00:00:00+05:30,677.67046926258,689.0230921784986,665.6208055838321,685.3882446289062,14433515,0.0,0.0
2021-04-08 00:00:00+05:30,688.6247290535056,692.6080969728316,676.5252246860041,678.765869140625,9026398,0.0,0.0
2021-04-09 00:00:00+05:30,676.4754526521907,683.9442675882476,664.2266083133316,665.421630859375,12509114,0.0,0.0
2021-04-12 00:00:00+05:30,648.2932070057915,652.2765754052126,624.0444761868665,632.9572143554688,14649541,0.0,0.0
2021-04-13 00:00:00+05:30,632.9571748441494,662.0855544466249,627.3804837456269,658.2515869140625,12737650,0.0,0.0
2021-04-15 00:00:00+05:30,663.6789243196687,668.5585137336577,649.5877354679762,666.0689086914062,15195951,0.0,0.0
2021-04-16 00:00:00+05:30,665.8697185384586,672.4422508428132,659.5958658699595,666.4174194335938,12242522,0.0,0.0
2021-04-19 00:00:00+05:30,647.2973004786572,652.5752509262857,628.3763024646657,645.4550170898438,17292072,0.0,0.0
2021-04-20 00:00:00+05:30,653.2723062308208,659.2473578122003,640.326361137832,649.0399780273438,12296248,0.0,0.0
2021-04-22 00:00:00+05:30,638.3347055046817,658.2017650475678,631.7621727870724,655.9611206054688,19385102,0.0,0.0
2021-04-23 00:00:00+05:30,653.2723219943491,674.6829240109322,648.1935523401725,668.5584716796875,19167768,0.0,0.0
2021-04-26 00:00:00+05:30,691.1143436056602,700.8735829873332,681.6538446658133,697.5375366210938,21646184,0.0,0.0
2021-04-27 00:00:00+05:30,688.2263585802627,700.9731843736818,681.2554648163361,696.6412353515625,46559967,0.0,0.0
2021-04-28 00:00:00+05:30,705.0561657873892,709.5374549767158,685.2887255647983,705.20556640625,54060587,0.0,0.0
2021-04-29 00:00:00+05:30,709.0394369901542,723.8775057003879,704.0602274607289,716.40869140625,25939327,0.0,0.0
2021-04-30 00:00:00+05:30,702.0686298431766,726.8152799300639,702.0686298431766,711.927490234375,23011654,0.0,0.0
2021-05-03 00:00:00+05:30,703.0644896027882,705.0561737093117,689.2222607498999,699.8280029296875,13752878,0.0,0.0
2021-05-04 00:00:00+05:30,701.0727135411338,715.6618220204102,695.1972218849893,697.4378662109375,11980155,0.0,0.0
2021-05-05 00:00:00+05:30,706.0519789406587,716.0601788977181,697.0894009287181,714.2178955078125,11155033,0.0,0.0
2021-05-06 00:00:00+05:30,715.0145090991202,719.8443181697634,707.2967341053622,712.7738647460938,9484934,0.0,0.0
2021-05-07 00:00:00+05:30,718.0020426233596,723.8775344136849,711.0311490056571,713.7697143554688,7131970,0.0,0.0
2021-05-10 00:00:00+05:30,720.4916358582418,721.9853987522118,711.0311375297645,712.2759399414062,7980462,0.0,0.0
2021-05-11 00:00:00+05:30,701.869489351246,710.7325082202908,700.0769857545226,704.4088745117188,12736700,0.0,0.0
2021-05-12 00:00:00+05:30,701.0727422002269,702.815465636094,686.1848926918317,688.425537109375,10856584,0.0,0.0
2021-05-14 00:00:00+05:30,692.1102147902885,695.695221806149,678.5667874177333,682.1517944335938,9377968,0.0,0.0
2021-05-17 00:00:00+05:30,688.6247087007347,707.3465252119573,681.5542551654512,706.3009033203125,12099197,0.0,0.0
2021-05-18 00:00:00+05:30,717.0062970885807,722.9813495643189,705.5541131767492,708.6910400390625,19519055,0.0,0.0
2021-05-19 00:00:00+05:30,701.0728138016431,720.6909146395835,699.2803102408118,713.819580078125,20244016,0.0,0.0
2021-05-20 00:00:00+05:30,705.6536296085293,711.4295619377517,701.6204815920967,702.9649047851562,18840413,0.0,0.0
2021-05-21 00:00:00+05:30,704.0603131540151,730.3505669817924,704.0603131540151,727.8609619140625,15883692,0.0,0.0
2021-05-24 00:00:00+05:30,727.3629971919069,744.3918705193329,723.7281496988966,738.0682983398438,15716900,0.0,0.0
2021-05-25 00:00:00+05:30,741.3048465613688,741.9023274790031,722.8319279030666,728.5082397460938,11344261,0.0,0.0
2021-05-26 00:00:00+05:30,734.9313619749387,738.3172489307314,726.4667053668262,732.0433959960938,9081086,0.0,0.0
2021-05-27 00:00:00+05:30,734.1347553026613,750.7154886024038,727.9605225719054,747.2300415039062,23040846,0.0,0.0
2021-05-28 00:00:00+05:30,749.4706671794544,756.5411818699005,735.4293192490626,736.773681640625,17149692,0.0,0.0
2021-05-31 00:00:00+05:30,734.8318476376049,749.8690377608984,730.9480394641428,747.57861328125,9275086,0.0,0.0
2021-06-01 00:00:00+05:30,750.4167331780153,750.8648742380127,738.0683287442508,742.0516967773438,6660243,0.0,0.0
2021-06-02 00:00:00+05:30,741.7031639244362,742.2010849610102,731.1472622616169,733.9356079101562,9973043,0.0,0.0
2021-06-03 00:00:00+05:30,739.9105931138783,749.1221314534522,735.9272251832518,747.52880859375,8170508,0.0,0.0
2021-06-04 00:00:00+05:30,747.8773365657305,756.7403546138784,737.0226345320547,738.9645385742188,10336011,0.0,0.0
2021-06-07 00:00:00+05:30,740.0101924252393,750.815114981542,738.4168694806494,747.9769287109375,6986728,0.0,0.0
2021-06-08 00:00:00+05:30,747.8773326208817,747.9768925070842,736.4251497645033,743.2466430664062,6426815,0.0,0.0
2021-06-09 00:00:00+05:30,742.8981228593167,748.1262932949888,727.1140516660741,733.6865844726562,8004726,0.0,0.0
2021-06-10 00:00:00+05:30,736.3753055063647,742.2507362506976,729.8525532141383,741.1553344726562,7795125,0.0,0.0
2021-06-11 00:00:00+05:30,743.1470101493829,743.1470101493829,733.9354726701443,735.3794555664062,4840759,0.0,0.0
2021-06-14 00:00:00+05:30,732.8401392866173,738.3172701907583,721.985437364044,733.1886596679688,5190670,0.0,0.0
2021-06-15 00:00:00+05:30,732.9397011041275,748.8731728672607,728.9563331633442,747.7777709960938,9686490,0.0,0.0
2021-06-16 00:00:00+05:30,745.6864700216307,753.702985885565,743.1470851031806,746.6823120117188,8614096,0.0,0.0
2021-06-17 00:00:00+05:30,738.8649154528164,742.3005821900898,732.9396439467023,735.52880859375,6674329,0.0,0.0
2021-06-18 00:00:00+05:30,739.064176618933,740.1097985796451,719.2468961844447,733.2384643554688,8143792,0.0,0.0
2021-06-21 00:00:00+05:30,721.9854260869652,737.8193376750755,717.5041372353909,736.4749145507812,6464497,0.0,0.0
2021-06-22 00:00:00+05:30,740.1097849966816,745.885656428236,733.9853323970384,736.2757568359375,6727233,0.0,0.0
2021-06-23 00:00:00+05:30,740.1097928664143,740.6574938148095,727.761327648583,729.3048706054688,6154147,0.0,0.0
2021-06-24 00:00:00+05:30,732.8402343283118,739.8609090596717,728.0601435669461,736.0767211914062,5313822,0.0,0.0
2021-06-25 00:00:00+05:30,734.4832382322553,762.765174701314,734.4832382322553,758.1842651367188,11170037,0.0,0.0
2021-06-28 00:00:00+05:30,761.3709431359562,766.3999327771132,754.5992300996496,759.2299194335938,7672743,0.0,0.0
2021-06-29 00:00:00+05:30,757.8357834922856,760.3751685080283,746.9313011267592,748.8234252929688,7500655,0.0,0.0
2021-06-30 00:00:00+05:30,749.3711474258832,757.3378838769225,743.4458750341477,745.1885986328125,5459970,0.0,0.0
2021-07-01 00:00:00+05:30,746.881479287091,751.2632082781234,741.4043484389857,743.3462524414062,5695690,0.0,0.0
2021-07-02 00:00:00+05:30,744.4914419215504,749.7196123304977,740.906435096535,747.52880859375,3557647,0.0,0.0
2021-07-05 00:00:00+05:30,753.9519899078753,758.8316402535518,750.2674229569409,757.1884765625,4680089,0.0,0.0
2021-07-06 00:00:00+05:30,753.8523539924888,763.8107734639881,752.0598506438928,755.1967163085938,5529485,0.0,0.0
2021-07-07 00:00:00+05:30,752.7570110976264,760.8233071885155,749.1221633934041,759.7279052734375,3573368,0.0,0.0
2021-07-08 00:00:00+05:30,756.8399356315366,763.9602303911458,748.5744590170984,751.2632446289062,4188267,0.0,0.0
2021-07-09 00:00:00+05:30,748.87318227768,749.7694643881675,737.1720388045912,744.2424926757812,5782119,0.0,0.0
2021-07-12 00:00:00+05:30,749.3710898339368,754.6490401708452,745.1885413623104,750.4664916992188,4475466,0.0,0.0
2021-07-13 00:00:00+05:30,755.8440834661602,769.7858715669853,751.860715437353,767.5452270507812,9810976,0.0,0.0
2021-07-14 00:00:00+05:30,767.7444266725364,770.2340317523608,760.8233123943496,766.84814453125,5621924,0.0,0.0
2021-07-15 00:00:00+05:30,767.2963045250137,775.014080462806,763.3129362990566,770.93115234375,4239868,0.0,0.0
2021-07-16 00:00:00+05:30,772.7734130345415,772.7734130345415,763.3626937221115,767.943603515625,2913553,0.0,0.0
2021-07-19 00:00:00+05:30,749.1719094335947,763.4622783161013,746.4831239311917,752.0598754882812,5554486,0.0,0.0
2021-07-20 00:00:00+05:30,751.8606466100874,752.0598271495687,741.1055660731304,742.6491088867188,5815740,0.0,0.0
2021-07-22 00:00:00+05:30,746.9810659457578,755.3461631261508,737.9189279848092,743.64501953125,7876163,0.0,0.0
2021-07-23 00:00:00+05:30,745.8856204117586,760.8232496589901,737.0226027458536,752.259033203125,6604465,0.0,0.0
2021-07-26 00:00:00+05:30,750.8648490515743,756.8399009007911,741.9022712777492,753.1552734375,7890992,0.0,0.0
2021-07-27 00:00:00+05:30,747.3794725434809,752.8566039212146,726.0684279612029,728.6576538085938,15441543,0.0,0.0
2021-07-28 00:00:00+05:30,731.744709733993,731.744709733993,709.1390835508959,719.8942260742188,11102486,0.0,0.0
2021-07-29 00:00:00+05:30,717.0062045246601,725.470861105854,713.0228367217453,714.2676391601562,6855673,0.0,0.0
2021-07-30 00:00:00+05:30,715.0643100797221,715.6618517269321,704.2096691411597,705.952392578125,10358450,0.0,0.0
2021-08-02 00:00:00+05:30,712.0270365885923,722.5331576295341,709.0395105609479,718.1514892578125,6823345,0.0,0.0
2021-08-03 00:00:00+05:30,720.9895410562668,737.7694528857066,716.3090719345731,735.52880859375,9265839,0.0,0.0
2021-08-04 00:00:00+05:30,737.4210235995861,753.8524171031555,735.5787401556748,750.6657104492188,9744349,0.0,0.0
2021-08-05 00:00:00+05:30,749.8690147078194,751.8606986778268,740.4085158502837,746.1843872070312,7246991,0.0,0.0
2021-08-06 00:00:00+05:30,743.8939839444209,754.499725698748,735.728067278984,737.76953125,6522599,0.0,0.0
2021-08-09 00:00:00+05:30,737.9189333559109,754.250766719792,736.6741308367544,752.358642578125,6064688,0.0,0.0
2021-08-10 00:00:00+05:30,752.3585912263414,760.8232477788548,751.8606702526641,758.3834228515625,8309248,0.0,0.0
2021-08-11 00:00:00+05:30,761.8190839479703,765.8024517071754,749.3710597004545,757.6365356445312,6429468,0.0,0.0
2021-08-12 00:00:00+05:30,755.8440913760024,760.2258205660938,750.2175596638822,754.200927734375,3572081,0.0,0.0
2021-08-13 00:00:00+05:30,754.3503113443461,761.3212053105644,751.0640449165461,756.7403564453125,4239376,0.0,0.0
2021-08-16 00:00:00+05:30,752.8565520038755,762.6157914476513,752.8565520038755,758.8316040039062,3967629,0.0,0.0
2021-08-17 00:00:00+05:30,755.8440991525489,756.8399411804179,746.1844193259451,753.6034545898438,5576110,0.0,0.0
2021-08-18 00:00:00+05:30,760.6241231534196,760.6241231534196,747.3794364361424,751.2632446289062,5370460,0.0,0.0
2021-08-20 00:00:00+05:30,742.6989076884262,745.8856140569593,733.1388493641955,737.1719970703125,6092036,0.0,0.0
2021-08-23 00:00:00+05:30,746.3836143858234,746.3836143858234,731.3464237854636,733.039306640625,3614761,0.0,0.0
2021-08-24 00:00:00+05:30,732.9397028082143,746.5827501933915,728.4584138644141,743.2466430664062,4537435,0.0,0.0
2021-08-25 00:00:00+05:30,745.0889680095336,748.3254543855335,732.1430225055342,735.9769897460938,6726509,0.0,0.0
2021-08-26 00:00:00+05:30,731.0475787193946,746.8814906333705,729.30485524125,743.2466430664062,6492155,0.0,0.0
2021-08-27 00:00:00+05:30,743.3960532952738,756.4415591879065,737.9189222930983,749.2715454101562,5841967,0.0,0.0
2021-08-30 00:00:00+05:30,752.8566195763232,786.2173295707767,750.8649353975499,780.7899780273438,12517507,0.0,0.0
2021-08-31 00:00:00+05:30,781.6364134339034,785.7193413387039,775.1634404063983,783.229736328125,12114870,0.0,0.0
2021-09-01 00:00:00+05:30,794.7814638221533,815.5945856187454,792.0927390880676,795.5781860351562,19972195,0.0,0.0
2021-09-02 00:00:00+05:30,792.1922308565977,802.7481306761442,789.1051452814564,799.3623046875,6799617,0.0,0.0
2021-09-03 00:00:00+05:30,801.1549190435195,806.5324903577286,784.4247849724095,794.6819458007812,7509746,0.0,0.0
2021-09-06 00:00:00+05:30,797.520055823533,802.5491066396626,792.0429247243902,797.4702758789062,4539192,0.0,0.0
2021-09-07 00:00:00+05:30,794.6819173088844,796.0761204237297,778.7982252264487,784.5740966796875,6926921,0.0,0.0
2021-09-08 00:00:00+05:30,786.7151604428908,794.0345746483872,779.7442666161817,791.3956298828125,5903035,0.0,0.0
2021-09-09 00:00:00+05:30,785.7193204013837,790.3997898528245,780.9392910647216,786.8645629882812,4909325,0.0,0.0
2021-09-13 00:00:00+05:30,782.7318779349484,787.1633873645196,780.2422727252316,785.0720825195312,4814443,0.0,0.0
2021-09-14 00:00:00+05:30,787.7110366525936,797.6694568378351,786.7151946340696,791.096923828125,6301208,0.0,0.0
2021-09-15 00:00:00+05:30,792.6902238402973,794.1342068817079,783.7276459325553,788.109375,4075592,0.0,0.0
2021-09-16 00:00:00+05:30,789.204836834756,804.0926878688604,785.818949499823,799.2628173828125,15446511,0.0,0.0
2021-09-17 00:00:00+05:30,805.4868050434751,817.2875696174723,793.9350617594001,803.9930419921875,14641298,0.0,0.0
2021-09-20 00:00:00+05:30,796.6736624914124,805.188100103014,788.2090048274412,792.5408935546875,6306484,0.0,0.0
2021-09-21 00:00:00+05:30,791.9433478277285,795.6777553151275,769.0887618485729,792.0429077148438,7833561,0.0,0.0
2021-09-22 00:00:00+05:30,789.204851480212,793.4869602846494,782.7318779349484,785.0720825195312,4359142,0.0,0.0
2021-09-23 00:00:00+05:30,791.0470357943221,811.1132755800915,789.2545324244522,808.7730712890625,9043492,0.0,0.0
2021-09-24 00:00:00+05:30,809.1713983351955,813.5531274119585,791.7939434208432,794.731689453125,5184626,0.0,0.0
2021-09-27 00:00:00+05:30,799.5615020502813,805.4369329107083,789.5034621873258,793.63623046875,7715259,0.0,0.0
2021-09-28 00:00:00+05:30,798.6653455272685,802.2503526909001,774.7651356860534,785.9185791015625,7369680,0.0,0.0
2021-09-29 00:00:00+05:30,779.7442685169102,786.2172413717759,775.2629796173877,778.8978271484375,14241004,0.0,0.0
2021-09-30 00:00:00+05:30,776.6571980316405,784.0761722866652,761.669727346699,763.3626708984375,9178187,0.0,0.0
2021-10-01 00:00:00+05:30,760.2258051994039,768.491281622329,750.8648661104123,764.9560546875,6089895,0.0,0.0
2021-10-04 00:00:00+05:30,767.8937491064602,777.902009925646,767.0970876552451,775.7609252929688,5845527,0.0,0.0
2021-10-05 00:00:00+05:30,771.1800912562479,780.7401504182071,767.9933846084703,779.345947265625,3945224,0.0,0.0
2021-10-06 00:00:00+05:30,778.9973869752648,790.8977107638233,772.7733746152835,775.7111206054688,5092479,0.0,0.0
2021-10-07 00:00:00+05:30,786.7152222517018,786.8646228722744,770.8813092887693,773.8688354492188,6622698,0.0,0.0
2021-10-08 00:00:00+05:30,778.6488894895244,781.7359753982935,772.7733973364022,778.6986694335938,4295686,0.0,0.0
2021-10-11 00:00:00+05:30,778.7484644480985,789.7027267357315,775.7609383696531,783.8770751953125,4417455,0.0,0.0
2021-10-12 00:00:00+05:30,784.723470897682,796.3748340812439,782.1840860351881,793.83544921875,5098502,0.0,0.0
2021-10-13 00:00:00+05:30,796.6238116202156,801.1548805159583,789.9018781913993,791.2960205078125,4381414,0.0,0.0
2021-10-14 00:00:00+05:30,795.6777818558356,800.6569920051212,784.7235195274073,798.715087890625,7157116,0.0,0.0
2021-10-18 00:00:00+05:30,816.5904273789322,816.5904273789322,798.7150515989362,809.9182739257812,11014585,0.0,0.0
2021-10-19 00:00:00+05:30,816.5905114831972,823.5614060934197,795.1799066089427,798.3168334960938,10633732,0.0,0.0
2021-10-20 00:00:00+05:30,797.2710648093228,810.4161911005066,788.7068480945813,801.45361328125,9023067,0.0,0.0
2021-10-21 00:00:00+05:30,804.5905627231618,810.1174737126837,789.0056109814751,804.441162109375,7405639,0.0,0.0
2021-10-22 00:00:00+05:30,808.6237295147911,821.5696759232791,803.445338795121,813.30419921875,10646970,0.0,0.0
2021-10-25 00:00:00+05:30,826.6483694466276,863.2954014355793,822.0177408980047,841.5859985351562,29193770,0.0,0.0
2021-10-26 00:00:00+05:30,844.8723871393199,848.1088736777299,820.0758967324915,838.3994140625,16771909,0.0,0.0
2021-10-27 00:00:00+05:30,836.5072265625,837.3038879553335,782.3832416325807,784.2255249023438,39606414,0.0,0.0
2021-10-28 00:00:00+05:30,784.2255333805614,785.7192963012862,751.5121497292341,755.1967163085938,19320926,0.0,0.0
2021-10-29 00:00:00+05:30,758.8316357553487,758.8316357553487,711.0312177550118,738.914794921875,21343427,0.0,0.0
2021-11-01 00:00:00+05:30,751.8606852130474,756.8398950488954,736.9230557055034,749.2216796875,11694854,0.0,0.0
2021-11-02 00:00:00+05:30,749.3711069242947,758.1842843343771,744.9395978566407,752.7071533203125,11812106,0.0,0.0
2021-11-03 00:00:00+05:30,756.2921805916807,759.478886985881,745.3876990900021,747.4789428710938,10529505,0.0,0.0
2021-11-04 00:00:00+05:30,753.8523616377736,753.9021415793621,748.2756709897249,749.8192138671875,793433,0.0,0.0
2021-11-08 00:00:00+05:30,757.8357022635059,757.8357022635059,738.4167847942045,747.9270629882812,13872770,0.0,0.0
2021-11-09 00:00:00+05:30,746.8814561339452,750.815043959191,740.2590829103435,741.9520263671875,12120207,0.0,0.0
2021-11-10 00:00:00+05:30,739.611818449977,750.217498605672,728.9562975723588,746.234130859375,10844883,0.0,0.0
2021-11-11 00:00:00+05:30,744.8897797102615,744.8897797102615,732.0433942235662,734.9811401367188,6195359,0.0,0.0
2021-11-12 00:00:00+05:30,739.711435544917,739.711435544917,730.4501169747226,732.989501953125,9372897,0.0,0.0
2021-11-15 00:00:00+05:30,734.9313601088369,740.9064118170388,724.9729405951671,730.2011108398438,12849161,0.0,0.0
2021-11-16 00:00:00+05:30,730.2011916291187,730.2509715759209,718.3008668373604,723.1307373046875,8978763,0.0,0.0
2021-11-17 00:00:00+05:30,718.0020578106239,721.8858657923278,703.811309788708,709.3880004882812,18083445,0.0,0.0
2021-11-18 00:00:00+05:30,712.0270213753964,713.0228633633341,698.9815156459622,703.4129638671875,13458109,0.0,0.0
2021-11-22 00:00:00+05:30,710.0353318315224,710.0353318315224,674.583381651501,683.5459594726562,16741079,0.0,0.0
2021-11-23 00:00:00+05:30,678.1683827842854,689.7699660681067,674.533535274729,682.799072265625,16575348,0.0,0.0
2021-11-24 00:00:00+05:30,687.1310181517114,692.2097883211521,679.2140616558622,682.3012084960938,11463429,0.0,0.0
2021-11-25 00:00:00+05:30,683.1475483330374,684.1433902402284,673.736830153809,677.0729370117188,9760486,0.0,0.0
2021-11-26 00:00:00+05:30,666.2182672527272,672.0937590941106,657.7038307019594,658.9984130859375,10252753,0.0,0.0
2021-11-29 00:00:00+05:30,662.2847082153323,662.6830693268415,646.6499766998605,648.3927001953125,12084376,0.0,0.0
2021-11-30 00:00:00+05:30,645.3056125531434,674.6331714527666,645.3056125531434,652.923828125,24699809,0.0,0.0
2021-12-01 00:00:00+05:30,662.1353417735068,678.5667340702519,657.2556918698043,676.774169921875,16184200,0.0,0.0
2021-12-02 00:00:00+05:30,672.1933554279223,675.977542902205,665.2722413157603,673.2887573242188,8612601,0.0,0.0
2021-12-03 00:00:00+05:30,676.2762104023641,684.4919060825262,668.2099153198424,670.2015991210938,9505985,0.0,0.0
2021-12-06 00:00:00+05:30,671.1975370550881,675.9277867598532,658.4009911136945,660.3428344726562,8022785,0.0,0.0
2021-12-07 00:00:00+05:30,669.2058627865721,688.674562858686,667.2141786711359,684.1434936523438,15123987,0.0,0.0
2021-12-08 00:00:00+05:30,692.1101721820118,698.6329249578127,684.7907579829948,694.201416015625,11670826,0.0,0.0
2021-12-09 00:00:00+05:30,695.2471237947947,696.9898473127979,685.1393030778271,691.0645751953125,7021395,0.0,0.0
2021-12-10 00:00:00+05:30,687.2305508904733,689.0728950887938,680.9069784017775,685.1890869140625,5549743,0.0,0.0
2021-12-13 00:00:00+05:30,696.0936046080157,708.939991580714,690.2181121020642,701.0728149414062,13634563,0.0,0.0
2021-12-14 00:00:00+05:30,698.0851716428047,711.031116338035,694.6992848715057,707.9440307617188,8612512,0.0,0.0
2021-12-15 00:00:00+05:30,709.4379156913883,717.006291118421,704.608045178223,709.5374755859375,7692888,0.0,0.0
2021-12-16 00:00:00+05:30,716.0103779113722,718.9481238852242,702.1183702448566,706.6992797851562,7309187,0.0,0.0
2021-12-17 00:00:00+05:30,704.5582205288981,705.0561415328054,682.2513352412999,686.0355834960938,7844705,0.0,0.0
2021-12-20 00:00:00+05:30,678.1186140995156,679.0148354201765,657.3552721743207,671.5460205078125,9934646,0.0,0.0
2021-12-21 00:00:00+05:30,680.1600741790068,680.1600741790068,659.7453135338096,663.0813598632812,10116104,0.0,0.0
2021-12-22 00:00:00+05:30,667.2140940288858,674.0355869463355,661.2390424405675,666.5667724609375,7489534,0.0,0.0
2021-12-23 00:00:00+05:30,674.1850356144819,681.6538506323676,669.80330649144,675.9775390625,6884683,0.0,0.0
2021-12-24 00:00:00+05:30,678.3177539418923,679.1641952686095,659.695497721802,664.7244873046875,6028893,0.0,0.0
2021-12-27 00:00:00+05:30,660.2930259405947,671.7949888842658,653.2225720531771,669.355224609375,6996729,0.0,0.0
2021-12-28 00:00:00+05:30,674.4838240502902,678.0190512540227,669.2058732183848,672.6415405273438,4645547,0.0,0.0
2021-12-29 00:00:00+05:30,671.6954039844624,676.7741736827682,664.475549753347,667.7120361328125,3969894,0.0,0.0
2021-12-30 00:00:00+05:30,665.22246728959,670.3012372632337,661.7370202304379,666.0689086914062,5119705,0.0,0.0
2021-12-31 00:00:00+05:30,670.1518857750453,683.6455327131083,668.4091622757767,675.7285766601562,5586980,0.0,0.0
2022-01-03 00:00:00+05:30,677.4214974662981,695.5956133483413,676.1766950086239,693.4545288085938,8550860,0.0,0.0
2022-01-04 00:00:00+05:30,698.085278973215,708.0934794470124,697.1392168668336,706.201416015625,9705906,0.0,0.0
2022-01-05 00:00:00+05:30,708.9399336960422,727.8609314180345,704.8071651442165,723.8775634765625,11312955,0.0,0.0
2022-01-06 00:00:00+05:30,716.9564267900023,730.4500731076322,716.0103647776244,727.2633666992188,7955578,0.0,0.0
2022-01-07 00:00:00+05:30,730.9479595493791,737.8192930184525,722.2343428653777,727.5620727539062,10454143,0.0,0.0
2022-01-10 00:00:00+05:30,730.5995079459155,740.9064483380697,730.1513668894366,739.71142578125,9595787,0.0,0.0
2022-01-11 00:00:00+05:30,739.811025520687,743.9437332368342,734.2342740070868,740.1595458984375,7252279,0.0,0.0
2022-01-12 00:00:00+05:30,746.5329740755099,748.3254775059404,740.0600011235199,743.7445678710938,5294563,0.0,0.0
2022-01-13 00:00:00+05:30,745.8856546290267,745.8856546290267,733.9853306265348,737.6201782226562,5196538,0.0,0.0
2022-01-14 00:00:00+05:30,731.7446631332328,732.8899057046035,713.0726263046016,718.6991577148438,16302342,0.0,0.0
2022-01-17 00:00:00+05:30,716.01040102747,717.6037239216582,706.5499019874687,709.6868286132812,19680557,0.0,0.0
2022-01-18 00:00:00+05:30,714.5166357829792,732.8401529156072,711.2801492794325,722.1846313476562,24055886,0.0,0.0
2022-01-19 00:00:00+05:30,722.1846159372082,728.9065493011371,715.7116430682395,726.5662841796875,7746270,0.0,0.0
2022-01-20 00:00:00+05:30,728.0102865400066,734.0849592471822,719.1473291528737,725.8692626953125,8505400,0.0,0.0
2022-01-21 00:00:00+05:30,718.9979752604166,722.2344619911595,705.1059662137219,709.5374755859375,10689060,0.0,0.0
2022-01-24 00:00:00+05:30,712.0270697770632,713.4212729674985,685.3385148423938,701.6702880859375,8812501,0.0,0.0
2022-01-25 00:00:00+05:30,711.0312099639364,751.8607332251709,705.653638685273,749.0723876953125,38088158,0.0,0.0
2022-01-27 00:00:00+05:30,740.9064641820595,773.7692508998122,735.0309719411847,770.63232421875,34927774,0.0,0.0
2022-01-28 00:00:00+05:30,774.8646320065294,781.4372256424338,758.3336792018738,761.5203857421875,17765524,0.0,0.0
2022-01-31 00:00:00+05:30,772.2256773944843,774.5658817405338,759.1801109564559,769.8356323242188,12319200,0.0,0.0
2022-02-01 00:00:00+05:30,774.8646773536417,790.5990304207492,765.9020988740173,778.64892578125,15457534,0.0,0.0
2022-02-02 00:00:00+05:30,786.7152427887655,802.5491561650396,784.0762369655943,800.756591796875,13478899,0.0,0.0
2022-02-03 00:00:00+05:30,798.8644694960547,808.5241491120597,789.7524908271619,796.2254638671875,10802708,0.0,0.0
2022-02-04 00:00:00+05:30,793.6362913757429,801.1548862940741,787.8604199515255,795.2296142578125,10776387,0.0,0.0
2022-02-07 00:00:00+05:30,799.1632198473101,800.2586217551122,780.8397023943364,786.3168334960938,10939179,0.0,0.0
2022-02-08 00:00:00+05:30,790.6985453293908,797.6694393058464,772.9227900019778,795.2296142578125,12300670,0.0,0.0
2022-02-09 00:00:00+05:30,797.6694429684779,806.1340999787552,796.8230015799991,800.507568359375,9399830,0.0,0.0
2022-02-10 00:00:00+05:30,804.1922167673199,812.5573141068749,799.7607075907864,806.432861328125,12848281,0.0,0.0
2022-02-11 00:00:00+05:30,797.6196991874583,806.5324976586456,795.179874017604,800.4578247070312,9717894,0.0,0.0
2022-02-14 00:00:00+05:30,786.7151309578435,799.6610761508207,766.7485122587947,770.1343383789062,8617389,0.0,0.0
2022-02-15 00:00:00+05:30,773.7691720042592,795.7772541283842,761.1219674613009,793.63623046875,7426563,0.0,0.0
2022-02-16 00:00:00+05:30,791.6944368144649,804.9391240413751,786.0181249225388,793.7359008789062,7457765,0.0,0.0
2022-02-17 00:00:00+05:30,793.6861356706753,798.6653460575678,777.2547413939297,779.545166015625,6516308,0.0,0.0
2022-02-18 00:00:00+05:30,777.9020249191803,787.2629035187838,775.7609402452351,784.1260375976562,5466662,0.0,0.0
2022-02-21 00:00:00+05:30,780.2919957855303,793.4869024350471,772.8729606451878,785.5699462890625,5635224,0.0,0.0
2022-02-22 00:00:00+05:30,762.9145522829463,783.7276749519059,762.9145522829463,775.9103393554688,6923558,0.0,0.0
2022-02-23 00:00:00+05:30,780.242175983389,782.2338599042145,769.0389539287455,773.9683837890625,6303173,0.0,0.0
2022-02-24 00:00:00+05:30,749.2715103468796,765.9518630729231,722.2841569302506,727.2633666992188,13085009,0.0,0.0
2022-02-25 00:00:00+05:30,739.2134988721236,761.669723646592,734.3339095777253,754.8980102539062,10066136,0.0,0.0
2022-02-28 00:00:00+05:30,746.7819252024416,746.7819252024416,733.1388779185617,739.3131103515625,14463418,0.0,0.0
2022-03-02 00:00:00+05:30,725.6700500001047,753.304664450724,721.9854225837481,747.1304321289062,11691602,0.0,0.0
2022-03-03 00:00:00+05:30,752.8565623816262,756.2922294852773,729.3547151700928,734.5828857421875,8357181,0.0,0.0
2022-03-04 00:00:00+05:30,719.993774670154,729.4542737840773,707.0976084585842,712.0270385742188,11660648,0.0,0.0
2022-03-07 00:00:00+05:30,690.118482173446,702.068585760865,652.8739683467754,664.7742919921875,20147061,0.0,0.0
2022-03-08 00:00:00+05:30,662.2349167877082,670.9485341138623,634.3513413440153,667.6124877929688,24828458,0.0,0.0
2022-03-09 00:00:00+05:30,668.707882008598,677.6704597272538,656.3594172836797,671.3966674804688,20438651,0.0,0.0
2022-03-10 00:00:00+05:30,704.9565911357905,717.4046164010688,685.3882711062237,692.0604248046875,23224756,0.0,0.0
2022-03-11 00:00:00+05:30,689.0230385826787,703.7117066857058,684.5915299478651,687.9773559570312,14224356,0.0,0.0
2022-03-14 00:00:00+05:30,691.8115046453107,709.4379216051789,682.1518243198348,707.09765625,10720884,0.0,0.0
2022-03-15 00:00:00+05:30,710.0352987151276,715.0145083835366,692.1101439088551,695.2470703125,12157425,0.0,0.0
2022-03-16 00:00:00+05:30,708.0436645278012,722.9812945811303,706.1515404084972,720.8402099609375,10038170,0.0,0.0
2022-03-17 00:00:00+05:30,733.9355031162812,743.6449619431248,733.3878022105278,736.1761474609375,13657428,0.0,0.0
2022-03-21 00:00:00+05:30,741.9023339156855,746.2840632876035,720.6909102163846,722.8817749023438,7495685,0.0,0.0
2022-03-22 00:00:00+05:30,725.9687806938647,732.939674335644,703.4129362404173,728.3588256835938,11117081,0.0,0.0
2022-03-23 00:00:00+05:30,733.0393093120388,739.8110838828626,721.6369664550012,723.7282104492188,5886245,0.0,0.0
2022-03-24 00:00:00+05:30,716.1100213516332,727.4128655221542,716.0104614553587,719.2469482421875,7559843,0.0,0.0
2022-03-25 00:00:00+05:30,720.292501527448,723.628608673501,712.5249461367391,718.2510375976562,5430894,0.0,0.0
2022-03-28 00:00:00+05:30,722.9812774658203,734.8318213401362,712.07679562876,732.939697265625,7077669,0.0,0.0
2022-03-29 00:00:00+05:30,738.5662057064209,738.5662057064209,727.9604646382004,734.732177734375,6174137,0.0,0.0
2022-03-30 00:00:00+05:30,743.8939837774747,762.665581411653,738.2176721465928,747.3296508789062,16618114,0.0,0.0
2022-03-31 00:00:00+05:30,759.8273906751853,759.8273906751853,748.1760279672739,757.985107421875,20449544,0.0,0.0
2022-04-01 00:00:00+05:30,756.8399178359851,772.5244292911387,752.0101084623437,771.3294067382812,9321859,0.0,0.0
2022-04-04 00:00:00+05:30,776.7567328995304,782.2338637084374,763.8107873512049,780.8396606445312,10959783,0.0,0.0
2022-04-05 00:00:00+05:30,772.7734179454744,792.6902586141722,772.7734179454744,779.8438720703125,7334134,0.0,0.0
2022-04-06 00:00:00+05:30,773.7692376506365,776.7069837207712,766.0016821702636,770.4829711914062,9954921,0.0,0.0
2022-04-07 00:00:00+05:30,766.3003923787808,791.6943624965961,766.0016519454334,788.806396484375,9820244,0.0,0.0
2022-04-08 00:00:00+05:30,791.5947875976562,797.3706587311719,785.7192958006677,791.5947875976562,8104237,0.0,0.0
2022-04-11 00:00:00+05:30,786.1675034284531,790.9475330203655,780.7899321491929,782.7816162109375,6340427,0.0,0.0
2022-04-12 00:00:00+05:30,776.8562689130436,797.6693896599131,774.5658446196071,795.1300048828125,7672215,0.0,0.0
2022-04-13 00:00:00+05:30,802.4494261902134,802.4494261902134,787.5615769735277,789.75244140625,7640132,0.0,0.0
2022-04-18 00:00:00+05:30,776.7567237998838,798.3167264076463,772.7733559855255,795.5283203125,11478317,0.0,0.0
2022-04-19 00:00:00+05:30,801.6528015313107,812.8062439697597,782.2836626796526,794.4827270507812,8711816,0.0,0.0
2022-04-20 00:00:00+05:30,797.5200215617418,799.1134051909548,785.3209573650008,791.3956298828125,6676491,0.0,0.0
2022-04-21 00:00:00+05:30,791.7939717477979,800.6569901050425,787.2629026789756,798.4661254882812,6851615,0.0,0.0
2022-04-22 00:00:00+05:30,792.6901770613831,794.6818609233464,774.9642028461835,777.3541870117188,6255027,0.0,0.0
2022-04-25 00:00:00+05:30,768.7900199116738,785.5201532664306,758.0847184686031,777.453857421875,8023525,0.0,0.0
2022-04-26 00:00:00+05:30,787.7109983776461,793.2876890978602,765.8024750346522,771.7775268554688,11087204,0.0,0.0
2022-04-27 00:00:00+05:30,762.41659184877,769.7360668348151,745.8856393741215,762.7153930664062,11485697,0.0,0.0
2022-04-28 00:00:00+05:30,773.6696509077843,782.1840875961353,763.1634694977997,776.5575561523438,11037317,0.0,0.0
2022-04-29 00:00:00+05:30,761.8191706523256,763.6614541380851,721.9854885267139,725.5704956054688,34401710,0.0,0.0
2022-05-02 00:00:00+05:30,718.9978924052576,735.1305442526191,715.5124455584178,724.3256225585938,16136040,0.0,0.0
2022-05-04 00:00:00+05:30,729.9521713782924,732.093255947953,701.0727539567774,704.2594604492188,14548684,0.0,0.0
2022-05-05 00:00:00+05:30,713.0228945064621,718.7987661325022,695.9940200814971,699.4296264648438,12726146,0.0,0.0
2022-05-06 00:00:00+05:30,687.13098974294,689.6205947782404,665.3220253211583,670.6000366210938,15511195,0.0,0.0
2022-05-09 00:00:00+05:30,657.4549215410943,666.2183192645323,646.1022980661894,660.9403686523438,13999329,0.0,0.0
2022-05-10 00:00:00+05:30,660.9403630508341,669.3053995781141,654.8159102947085,657.0067749023438,9523698,0.0,0.0
2022-05-11 00:00:00+05:30,658.948700892127,673.1892301427171,652.7246880394762,669.5543823242188,9352398,0.0,0.0
2022-05-12 00:00:00+05:30,664.2266262089357,664.2266262089357,641.3222597879379,646.9487915039062,11166084,0.0,0.0
2022-05-13 00:00:00+05:30,653.6707059301649,656.6582318973386,630.7663401818328,633.3057250976562,9618627,0.0,0.0
2022-05-16 00:00:00+05:30,637.1894341581858,646.5005926660801,627.4301954071948,636.293212890625,6159695,0.0,0.0
2022-05-17 00:00:00+05:30,640.2268014634527,654.7660693369427,638.4840780849894,652.2266845703125,8152237,0.0,0.0
2022-05-18 00:00:00+05:30,652.0275383363619,667.6124896820742,647.5960293559613,656.7080078125,13013873,0.0,0.0
2022-05-19 00:00:00+05:30,640.6251260669496,655.0150546655143,638.533882246016,647.4964599609375,9216948,0.0,0.0
2022-05-20 00:00:00+05:30,657.0067424535753,672.9402140401721,655.2640189987912,670.3012084960938,9708672,0.0,0.0
2022-05-23 00:00:00+05:30,670.2016657306767,681.9525891696802,665.7701566761832,672.5418701171875,7919353,0.0,0.0
2022-05-24 00:00:00+05:30,666.9153495500387,678.6164921726709,658.4506931847303,661.288818359375,8088546,0.0,0.0
2022-05-25 00:00:00+05:30,665.2223889802632,669.8530781262799,657.3054337216051,662.23486328125,5169619,0.0,0.0
2022-05-26 00:00:00+05:30,670.1518368908186,682.400680435912,665.22240719619,680.4089965820312,10114633,0.0,0.0
2022-05-27 00:00:00+05:30,686.1351508857724,690.9151804192679,681.4049012969372,685.4380493164062,5539060,0.0,0.0
2022-05-30 00:00:00+05:30,692.2097915023344,695.0977577885045,687.2305812029897,690.765869140625,3818060,0.0,0.0
2022-05-31 00:00:00+05:30,686.1351396009929,693.1060336172584,680.2098675308928,682.3509521484375,10410424,0.0,0.0
2022-06-01 00:00:00+05:30,680.1600817704741,689.5708007682287,677.6704767859555,683.1973876953125,6966674,0.0,0.0
2022-06-02 00:00:00+05:30,679.1642208915783,690.2678831263274,679.1642208915783,688.6744995117188,6347433,0.0,0.0
2022-06-03 00:00:00+05:30,694.4006043591922,695.097705905343,670.3510568772786,674.4837646484375,8475726,0.0,0.0
2022-06-06 00:00:00+05:30,674.1851203882569,681.1560152814885,667.5129659770307,669.4050903320312,6756864,0.0,0.0
2022-06-07 00:00:00+05:30,669.4049929222015,675.1808642655441,658.3511104454917,663.0813598632812,8312778,0.0,0.0
2022-06-08 00:00:00+05:30,667.2141342450982,670.7493611583315,652.7246454263483,655.8615112304688,9282494,0.0,0.0
2022-06-09 00:00:00+05:30,654.2184046436244,659.994276004249,647.2972906869284,658.55029296875,5682743,0.0,0.0
2022-06-10 00:00:00+05:30,652.7744292815764,660.9403458163541,649.4881628465018,657.9528198242188,6758832,0.0,0.0
2022-06-13 00:00:00+05:30,644.2599640420058,649.2889537514448,637.4384101909797,646.2516479492188,6135431,0.0,0.0
2022-06-14 00:00:00+05:30,642.3180373869993,652.9735580704679,640.4259134294365,648.0441284179688,5391833,0.0,0.0
2022-06-15 00:00:00+05:30,651.2806127197829,653.6208169085992,644.5088998508353,647.795166015625,4638336,0.0,0.0
2022-06-16 00:00:00+05:30,654.7660742888861,655.4631758018171,628.4260428703448,632.2600708007812,5960283,0.0,0.0
2022-06-17 00:00:00+05:30,627.3804474380369,638.1355286664148,623.9945603932832,632.558837890625,6849201,0.0,0.0
2022-06-20 00:00:00+05:30,632.6086755846839,634.5007998320805,619.6129487147803,625.6875610351562,5305222,0.0,0.0
2022-06-21 00:00:00+05:30,629.3721048335624,642.6665703936861,625.5381376847027,633.8533935546875,10333886,0.0,0.0
2022-06-22 00:00:00+05:30,629.919878425449,631.0153411524986,618.6668753835999,624.1937866210938,5899024,0.0,0.0
2022-06-23 00:00:00+05:30,624.7913109726796,638.1853375875851,615.679332128826,626.733154296875,8450777,0.0,0.0
2022-06-24 00:00:00+05:30,631.7123509552741,639.778707656886,629.0236261694425,631.3638305664062,6918584,0.0,0.0
2022-06-27 00:00:00+05:30,641.322261996891,644.2102281724699,632.0609433510367,634.450927734375,4552114,0.0,0.0
2022-06-28 00:00:00+05:30,631.3637606133333,642.0192810323235,629.3720768259095,639.6790161132812,10711123,0.0,0.0
2022-06-29 00:00:00+05:30,633.7039943727677,635.1479773424204,620.9074497529566,622.9489135742188,13620084,0.0,0.0
2022-06-30 00:00:00+05:30,621.4053954580756,636.6417655942831,621.0568750776588,634.1521606445312,10563138,0.0,0.0
2022-07-01 00:00:00+05:30,630.3679790022765,643.9114057393818,629.172956459268,641.2724609375,6549359,0.0,0.0
2022-07-04 00:00:00+05:30,638.8824455313942,652.425933679047,637.8368235507006,651.6292114257812,3933384,0.0,0.0
2022-07-05 00:00:00+05:30,653.3719643624866,657.1562128915131,643.3139836672369,645.8035888671875,5044787,0.0,0.0
2022-07-06 00:00:00+05:30,649.2889615470638,656.6582164047778,648.2931195815007,655.2142333984375,6684686,0.0,0.0
2022-07-07 00:00:00+05:30,661.6970560340285,662.7442695673705,649.9282459651723,656.4110717773438,11171714,1.0,0.0
2022-07-08 00:00:00+05:30,665.2376753500799,675.0117699495607,659.6524958286312,667.3820190429688,12669533,0.0,0.0
2022-07-11 00:00:00+05:30,664.7888636884087,680.1481989498147,663.5920220919277,678.0537109375,14864123,0.0,0.0
2022-07-12 00:00:00+05:30,675.211265219412,683.4394674912882,671.221833814866,674.4133911132812,6446810,0.0,0.0
2022-07-13 00:00:00+05:30,678.2032880882613,683.1900769712631,675.1613590444076,678.1035766601562,9614674,0.0,0.0
2022-07-14 00:00:00+05:30,676.807004269972,678.6521527939327,663.841352380709,666.484375,8026311,0.0,0.0
2022-07-15 00:00:00+05:30,668.2297574493167,672.4186725812401,657.3585325681217,660.4503784179688,6015057,0.0,0.0
2022-07-18 00:00:00+05:30,666.2848584538747,686.1821585098612,661.6970369761839,682.69140625,12464664,0.0,0.0
2022-07-19 00:00:00+05:30,676.806969045998,701.9902531356498,676.806969045998,698.7488403320312,10171314,0.0,0.0
2022-07-20 00:00:00+05:30,704.4338395811476,712.6121861526394,700.8433756589768,703.83544921875,11620331,0.0,0.0
2022-07-21 00:00:00+05:30,706.0794678500154,716.5517247672976,702.4889432397564,713.6593627929688,8036515,0.0,0.0
2022-07-22 00:00:00+05:30,715.1056039753411,733.0580459161446,713.2105996431429,728.8192749023438,9713490,0.0,0.0
2022-07-25 00:00:00+05:30,731.5619363572848,736.8479204506648,720.5910007063917,725.4281616210938,6230411,0.0,0.0
2022-07-26 00:00:00+05:30,720.9899831615178,721.53851778069,700.1950363574366,704.5834350585938,14135744,0.0,0.0
2022-07-27 00:00:00+05:30,706.0794790469809,718.6461631974456,701.7409360166871,717.0504150390625,6106880,0.0,0.0
2022-07-28 00:00:00+05:30,723.0844702486626,731.7614960664254,721.1396101883872,723.9821166992188,6964838,0.0,0.0
2022-07-29 00:00:00+05:30,731.9609314477744,733.0081449882887,721.0897068156585,722.8350830078125,6624854,0.0,0.0
2022-08-01 00:00:00+05:30,724.0817742489264,730.3651163134986,718.4965948301711,728.8690795898438,5493105,0.0,0.0
2022-08-02 00:00:00+05:30,725.0791229353895,732.4096784394446,719.1946875468807,728.52001953125,7275626,0.0,0.0
2022-08-03 00:00:00+05:30,728.0712063454505,736.5487477891988,725.5778118031716,728.5698852539062,9458761,0.0,0.0
2022-08-04 00:00:00+05:30,733.2575240751968,734.7535608921861,710.3182928813588,719.6934204101562,7466635,0.0,0.0
2022-08-05 00:00:00+05:30,722.0870243195565,729.2680124267936,719.2944347428217,726.5751342773438,4583196,0.0,0.0
2022-08-08 00:00:00+05:30,728.0712366367144,745.3753711305094,726.176232356185,743.5801391601562,8191870,0.0,0.0
2022-08-10 00:00:00+05:30,743.0315711985421,745.8740166180007,734.2049788969476,737.0474243164062,9069541,0.0,0.0
2022-08-11 00:00:00+05:30,741.0867888083786,758.6403246898305,741.0867888083786,756.8450317382812,12384073,0.0,0.0
2022-08-12 00:00:00+05:30,756.6953787191655,759.9866473004131,751.4093945282057,758.5404663085938,4614341,0.0,0.0
2022-08-16 00:00:00+05:30,762.97881166594,769.9603171321643,756.4461294401809,762.6297607421875,7051498,0.0,0.0
2022-08-17 00:00:00+05:30,769.3618347593822,771.7056012504579,764.2254177165278,770.0599365234375,7674390,0.0,0.0
2022-08-18 00:00:00+05:30,769.9602748524701,773.9497063283897,760.0864076000119,763.0286254882812,9449924,0.0,0.0
2022-08-19 00:00:00+05:30,769.9602232879538,770.6085302089307,748.2676910903981,755.49853515625,7553270,0.0,0.0
2022-08-22 00:00:00+05:30,751.4094243809856,752.4566379429115,737.2469308145875,739.889892578125,4994311,0.0,0.0
2022-08-23 00:00:00+05:30,736.0500954805387,748.8661195414492,731.8611803233507,745.076171875,6594634,0.0,0.0
2022-08-24 00:00:00+05:30,743.0316124102129,750.0629732119336,740.0395388031919,748.1680297851562,6875820,0.0,0.0
2022-08-25 00:00:00+05:30,751.9080991938424,756.5956323381675,738.0448008817768,741.3859252929688,6320890,0.0,0.0
2022-08-26 00:00:00+05:30,746.0236697425413,753.005174673287,739.3413599911919,742.931884765625,4613713,0.0,0.0
2022-08-29 00:00:00+05:30,728.0712111989751,732.9582888839766,720.1422043268931,726.774658203125,5904146,0.0,0.0
2022-08-30 00:00:00+05:30,731.0632845636851,751.558975660099,731.0632845636851,749.514404296875,9193270,0.0,0.0
2022-09-01 00:00:00+05:30,731.5619528755952,752.9054343369954,731.5619528755952,742.183837890625,9353805,0.0,0.0
2022-09-02 00:00:00+05:30,747.0209929366981,752.5563165573791,738.2941121780918,748.2178344726562,7767812,0.0,0.0
2022-09-05 00:00:00+05:30,748.2179197497421,756.7951734662256,747.3701289979467,754.102294921875,5894055,0.0,0.0
2022-09-06 00:00:00+05:30,755.9972342122395,759.5378423296163,746.8215300127218,748.0183715820312,7606181,0.0,0.0
2022-09-07 00:00:00+05:30,741.1864806011506,755.997219725101,737.0972770571956,753.4041137695312,10156460,0.0,0.0
2022-09-08 00:00:00+05:30,759.7373175833538,780.1332971287648,755.0995793817956,777.6897583007812,13410790,0.0,0.0
2022-09-09 00:00:00+05:30,785.868090822061,785.868090822061,777.9390841358982,782.7762451171875,8732302,0.0,0.0
2022-09-12 00:00:00+05:30,786.9153723556004,802.8730985377165,784.7211728307806,798.8836669921875,15521649,0.0,0.0
2022-09-13 00:00:00+05:30,802.8730352047573,806.812610719981,801.0279476100538,803.4215698242188,9887516,0.0,0.0
2022-09-14 00:00:00+05:30,792.3010532561494,809.2062191088597,792.3010532561494,800.9281616210938,10494713,0.0,0.0
2022-09-15 00:00:00+05:30,803.3717045264908,804.3690623223027,785.5688922208038,787.9126586914062,5996899,0.0,0.0
2022-09-16 00:00:00+05:30,783.9731255627729,790.50580730337,774.0494027837217,787.2145385742188,11467351,0.0,0.0
2022-09-19 00:00:00+05:30,787.2144747467518,799.8809305854129,784.6213688974013,795.9912109375,11427799,0.0,0.0
2022-09-20 00:00:00+05:30,804.6683086603971,814.0434968868142,799.8810031108217,810.6026000976562,8274079,0.0,0.0
2022-09-21 00:00:00+05:30,807.1118236272765,813.8439889772724,801.227388082909,804.4189453125,6567084,0.0,0.0
2022-09-22 00:00:00+05:30,802.8731108354957,806.6630586870208,782.2277900963753,787.1148681640625,7804275,0.0,0.0
2022-09-23 00:00:00+05:30,786.9153382162519,786.9153382162519,762.2307315992022,766.5692138671875,10278805,0.0,0.0
2022-09-26 00:00:00+05:30,756.9945706982912,761.4826808012455,739.042130286474,740.6378784179688,11090327,0.0,0.0
2022-09-27 00:00:00+05:30,744.3779839512251,752.1574236394794,728.5698868677172,735.5513916015625,11358306,0.0,0.0
2022-09-28 00:00:00+05:30,731.9609751144757,731.9609751144757,705.8301863897025,714.5570678710938,13170668,0.0,0.0
2022-09-29 00:00:00+05:30,720.3416937137015,728.8690909972163,709.1214181106843,717.1002807617188,12090981,0.0,0.0
2022-09-30 00:00:00+05:30,718.0976810553522,735.8007836091473,712.512501218924,731.2628173828125,9536017,0.0,0.0
2022-10-03 00:00:00+05:30,729.068657140425,740.039594525575,719.1449334218051,720.8404541015625,6405645,0.0,0.0
2022-10-04 00:00:00+05:30,731.462275033306,742.5329228716269,730.0659496870798,740.83740234375,5438934,0.0,0.0
2022-10-06 00:00:00+05:30,748.018357914177,758.3909034934762,744.0289266719681,753.1048583984375,9376433,0.0,0.0
2022-10-07 00:00:00+05:30,751.8083648013422,755.4986011666381,740.3387490740599,753.703369140625,7500540,0.0,0.0
2022-10-10 00:00:00+05:30,746.0236745860083,776.6425728701322,743.0316010248345,774.7974243164062,14106654,0.0,0.0
2022-10-11 00:00:00+05:30,777.9391631264514,793.398210598836,772.4536946685084,783.4744873046875,15953495,0.0,0.0
2022-10-12 00:00:00+05:30,787.4140108474573,808.6577205612805,781.3800081196047,806.5632934570312,21228018,0.0,0.0
2022-10-13 00:00:00+05:30,804.8677706064428,812.7967775474184,793.4978669695091,799.8809814453125,13024911,0.0,0.0
2022-10-14 00:00:00+05:30,813.3951720065256,818.5315892179959,792.350945989795,798.3849487304688,8220645,0.0,0.0
2022-10-17 00:00:00+05:30,801.3770161317528,814.8413468321619,794.993901672373,811.9989013671875,9463827,0.0,0.0
2022-10-18 00:00:00+05:30,817.8334346909977,820.7257967973885,809.4057487075133,814.1930541992188,8470882,0.0,0.0
2022-10-19 00:00:00+05:30,816.2875663974025,836.2347239323192,814.7416738632253,827.6574096679688,10868663,0.0,0.0
2022-10-20 00:00:00+05:30,822.7205274770317,829.7020325344839,814.7915202727181,823.66796875,11813817,0.0,0.0
2022-10-21 00:00:00+05:30,857.8274276686375,903.6061754778319,853.5886569779302,898.02099609375,58057724,0.0,0.0
2022-10-24 00:00:00+05:30,913.5797394826685,916.0232782532241,902.608803746523,907.0470581054688,3085307,0.0,0.0
2022-10-25 00:00:00+05:30,903.3069838317773,908.1940005934313,889.2442021375596,900.4644775390625,13187308,0.0,0.0
2022-10-27 00:00:00+05:30,906.5982805713661,917.5193611424662,898.8687572771659,912.7320556640625,11967044,0.0,0.0
2022-10-28 00:00:00+05:30,912.5824400423613,915.5246578981507,896.5250028786047,900.6640014648438,7320207,0.0,0.0
2022-10-31 00:00:00+05:30,905.6009780176429,915.5745570707006,899.7165420267805,903.6062622070312,9038777,0.0,0.0
2022-11-01 00:00:00+05:30,901.6115073621667,901.6115073621667,866.7039821877464,869.4467163085938,29191921,0.0,0.0
2022-11-02 00:00:00+05:30,872.6880694591467,874.6827850464819,859.3234506744454,861.268310546875,11029140,0.0,0.0
2022-11-03 00:00:00+05:30,855.6333146216878,878.0738660042765,853.7383103776014,861.7670288085938,10185978,0.0,0.0
2022-11-04 00:00:00+05:30,866.703981874365,870.5937018848083,860.0216720257564,865.8063354492188,7323879,0.0,0.0
2022-11-07 00:00:00+05:30,873.9348234455263,874.4833580928819,859.0243112872834,870.6435546875,9931261,0.0,0.0
2022-11-09 00:00:00+05:30,872.7379492363614,878.4229009917846,866.2052676825034,871.3915405273438,10190209,0.0,0.0
2022-11-10 00:00:00+05:30,841.4708251953125,854.4364771678939,838.7779468416134,841.4708251953125,18956575,0.0,0.0
2022-11-11 00:00:00+05:30,844.7620953389646,852.4417629259154,841.9196498281719,848.4523315429688,19329819,0.0,0.0
2022-11-14 00:00:00+05:30,848.2528469565332,851.6438879782266,845.1111453960264,848.7515258789062,6985306,0.0,0.0
2022-11-15 00:00:00+05:30,849.0008751701187,857.5781283846885,844.9615880269072,856.38134765625,7124767,0.0,0.0
2022-11-16 00:00:00+05:30,855.7329985271361,859.3234622832887,848.3525264047356,853.139892578125,6521854,0.0,0.0
2022-11-17 00:00:00+05:30,853.1399053900328,859.124052322746,850.4470270955337,855.9324951171875,4909607,0.0,0.0
2022-11-18 00:00:00+05:30,857.02958204018,863.5124080176003,852.7409554914342,856.9298706054688,7065304,0.0,0.0
2022-11-21 00:00:00+05:30,857.7277257453736,868.6488060560957,856.7303679247394,867.7511596679688,7209207,0.0,0.0
2022-11-22 00:00:00+05:30,872.6382373386323,874.6828086961542,866.0556391981127,867.7511596679688,5535233,0.0,0.0
2022-11-23 00:00:00+05:30,871.5911028966468,875.4807622257634,866.4546853047066,872.3889770507812,5861417,0.0,0.0
2022-11-24 00:00:00+05:30,875.6801641054085,878.4727538207161,870.7930864482026,876.2286987304688,4928778,0.0,0.0
2022-11-25 00:00:00+05:30,880.6669692241182,889.4437060065,878.5725421179889,885.4044189453125,7614047,0.0,0.0
2022-11-28 00:00:00+05:30,885.3545627983984,897.1233730831884,882.960879643506,889.343994140625,7928147,0.0,0.0
2022-11-29 00:00:00+05:30,892.0367987582664,899.5169819068188,887.6484002948944,890.191650390625,5661158,0.0,0.0
2022-11-30 00:00:00+05:30,892.6352877676404,902.7085778387012,883.1105323466861,898.8687744140625,10452798,0.0,0.0
2022-12-01 00:00:00+05:30,907.0970105501652,907.0970105501652,897.1234315446659,901.4619140625,7053100,0.0,0.0
2022-12-02 00:00:00+05:30,895.9264855044502,904.6035104030498,889.0447533167863,902.7584228515625,7988851,0.0,0.0
2022-12-05 00:00:00+05:30,904.6034749176531,904.902670066443,895.2282877629985,896.8240966796875,5098164,0.0,0.0
2022-12-06 00:00:00+05:30,895.128632946124,904.5038206936671,893.3334010659682,902.259765625,5351099,0.0,0.0
2022-12-07 00:00:00+05:30,900.4146109313907,915.5744616874864,897.4723932424755,912.2333374023438,9103656,0.0,0.0
2022-12-08 00:00:00+05:30,913.2307698998422,941.4559858133865,911.3357655726234,936.8681030273438,17466047,0.0,0.0
2022-12-09 00:00:00+05:30,941.5058058572178,942.5031637024055,925.1491128465822,931.2330322265625,8018981,0.0,0.0
2022-12-12 00:00:00+05:30,927.4431016046588,938.6633775688698,919.5639501335667,936.1699829101562,7621788,0.0,0.0
2022-12-13 00:00:00+05:30,937.7157883092424,946.7917196742414,934.1252638099216,942.1041259765625,8136559,0.0,0.0
2022-12-14 00:00:00+05:30,943.1514470955915,947.6395572868431,936.0203143310465,939.9100341796875,8573479,0.0,0.0
2022-12-15 00:00:00+05:30,937.2670739526305,942.4533471378417,930.1359407137285,935.6713256835938,7359261,0.0,0.0
2022-12-16 00:00:00+05:30,929.7868270255402,942.7026229600187,926.6451255452462,932.6292724609375,6926928,0.0,0.0
2022-12-19 00:00:00+05:30,932.6292432008416,945.5948944447248,929.9364258723766,943.699951171875,4842336,0.0,0.0
2022-12-20 00:00:00+05:30,941.2564535961869,950.2326740808128,937.9651849266023,947.2406005859375,9511818,0.0,0.0
2022-12-21 00:00:00+05:30,950.5817624990193,956.3664868499249,925.5481042865168,929.8367309570312,8368960,0.0,0.0
2022-12-22 00:00:00+05:30,933.526971592218,933.526971592218,910.5378847336628,917.1204223632812,9202717,0.0,0.0
2022-12-23 00:00:00+05:30,909.5903465081575,914.8264751475959,901.6114838194894,904.20458984375,6371695,0.0,0.0
2022-12-26 00:00:00+05:30,905.6009565307057,930.4850478524462,902.708594324387,926.2462768554688,4764440,0.0,0.0
2022-12-27 00:00:00+05:30,929.9863389741026,935.3221791195604,920.1623276318431,929.7369995117188,3346083,0.0,0.0
2022-12-28 00:00:00+05:30,928.490322634285,934.9731487989412,918.8657948248916,922.2568359375,5956496,0.0,0.0
2022-12-29 00:00:00+05:30,920.3617949883478,941.5057931967825,913.380290165914,932.0807495117188,12204113,0.0,0.0
2022-12-30 00:00:00+05:30,938.7630203430911,941.0070753717997,927.8917960766807,931.2828369140625,3704449,0.0,0.0
2023-01-02 00:00:00+05:30,929.7867896608932,942.5031013457163,929.3379664854748,939.112060546875,3498198,0.0,0.0
2023-01-03 00:00:00+05:30,942.2538282071222,963.0487150172568,940.1094844813861,959.7574462890625,6927819,0.0,0.0
2023-01-04 00:00:00+05:30,960.9542909190053,967.4371169604932,952.4767491724443,954.9202880859375,9059392,0.0,0.0
2023-01-05 00:00:00+05:30,957.4634777331753,959.3584818824108,935.770945815783,947.0410766601562,6998980,0.0,0.0
2023-01-06 00:00:00+05:30,944.0490803274756,948.437479308072,931.831446411515,937.4166870117188,5787783,0.0,0.0
2023-01-09 00:00:00+05:30,944.2984191882836,957.4635552477184,938.862806621734,956.2168579101562,7025747,0.0,0.0
2023-01-10 00:00:00+05:30,961.4529432194536,961.4529432194536,940.2590894399791,949.63427734375,7140150,0.0,0.0
2023-01-11 00:00:00+05:30,950.4820135387191,953.2247475756881,940.3089514813648,947.2406005859375,7100355,0.0,0.0
2023-01-12 00:00:00+05:30,946.8416511641793,947.1907629362419,921.5586539997812,933.078125,8661375,0.0,0.0
2023-01-13 00:00:00+05:30,933.0282324261028,934.9730923328219,920.5612597854548,931.6818237304688,9083608,0.0,0.0
2023-01-16 00:00:00+05:30,937.9651606102153,939.2617135829371,909.2911236943571,910.7373046875,10008273,0.0,0.0
2023-01-17 00:00:00+05:30,912.532534594739,917.2699841619227,904.3043327148935,915.2752685546875,6904960,0.0,0.0
2023-01-18 00:00:00+05:30,919.4641667501235,923.1543418571546,910.8369975564799,921.55859375,5730939,0.0,0.0
2023-01-19 00:00:00+05:30,921.1597151347594,935.5216929799582,918.3172695216381,926.2462768554688,7721730,0.0,0.0
2023-01-20 00:00:00+05:30,928.7895323246271,932.3799963684853,922.2069946195888,928.0913696289062,4511360,0.0,0.0
2023-01-23 00:00:00+05:30,933.5269866413041,937.2172230154131,922.0075151668234,930.2357177734375,5236124,0.0,0.0
2023-01-24 00:00:00+05:30,932.5296295772259,932.5296295772259,901.362195433602,907.795166015625,18527897,0.0,0.0
2023-01-25 00:00:00+05:30,902.6088496225307,905.0523885172817,881.8638186236642,889.9922485351562,11921748,0.0,0.0
2023-01-27 00:00:00+05:30,889.9922375871389,890.1418656115881,848.7515155579399,871.44140625,17300736,0.0,0.0
2023-01-30 00:00:00+05:30,849.6491470072265,883.1603452440041,843.914339570577,869.54638671875,21233998,0.0,0.0
2023-01-31 00:00:00+05:30,870.6933834135348,876.9767255520502,858.8248009166462,869.2970581054688,16856151,0.0,0.0
2023-02-01 00:00:00+05:30,873.9846395179304,892.8347265366547,831.0982535510395,854.9849853515625,12409819,0.0,0.0
2023-02-02 00:00:00+05:30,848.7016937743082,869.696064815547,834.8383949970716,866.1554565429688,9567053,0.0,0.0
2023-02-03 00:00:00+05:30,870.693394455164,882.661688537022,856.9797241530351,880.2680053710938,7365732,0.0,0.0
2023-02-06 00:00:00+05:30,869.5464186317218,896.774336681514,868.2997213171303,880.3179321289062,10129098,0.0,0.0
2023-02-07 00:00:00+05:30,884.506744665385,886.052697961636,869.1973267142367,876.7772216796875,5055187,0.0,0.0
2023-02-08 00:00:00+05:30,879.7693458320437,884.1078890566288,865.9559637911517,869.4467163085938,6572818,0.0,0.0
2023-02-09 00:00:00+05:30,873.8350955880709,873.8350955880709,860.2709924440431,865.4074096679688,5993312,0.0,0.0
2023-02-10 00:00:00+05:30,869.7459237952077,870.3942307643174,862.8641909735284,864.9586181640625,4603464,0.0,0.0
2023-02-13 00:00:00+05:30,864.9586303152131,868.1501877387769,854.2370329950764,856.8301391601562,5707194,0.0,0.0
2023-02-14 00:00:00+05:30,860.2709943420871,869.5963266880356,851.99293642923,868.4493408203125,7527755,0.0,0.0
2023-02-15 00:00:00+05:30,869.6960345142812,869.8955182566087,859.323488652169,866.0057983398438,7322266,0.0,0.0
2023-02-16 00:00:00+05:30,870.4939285640548,871.9899653549671,859.971815309417,862.4652099609375,5843235,0.0,0.0
2023-02-17 00:00:00+05:30,858.7250937802401,865.955938065846,847.754157622769,852.6412353515625,8420479,0.0,0.0
2023-02-20 00:00:00+05:30,857.4284906632998,858.9245273246152,840.2739247721066,844.5126953125,5992322,0.0,0.0
2023-02-21 00:00:00+05:30,846.7568188104417,846.7568188104417,835.1874920431541,841.8198852539062,9677064,0.0,0.0
2023-02-22 00:00:00+05:30,837.7805863154392,840.7726598379944,827.3581847037606,831.1481323242188,6984037,0.0,0.0
2023-02-23 00:00:00+05:30,830.8489480155665,846.0087995696058,828.006502481512,842.1190795898438,8437003,0.0,0.0
2023-02-24 00:00:00+05:30,847.8538987685147,852.3420091720334,842.2188633417659,849.1505126953125,7763814,0.0,0.0
2023-02-27 00:00:00+05:30,849.5992567522266,856.1818550600585,843.714881985254,852.0926513671875,8064267,0.0,0.0
2023-02-28 00:00:00+05:30,853.6884782219203,855.3340821777266,837.7806080724329,841.8697509765625,13012372,0.0,0.0
2023-03-01 00:00:00+05:30,843.814565001129,866.4545995172498,842.8172071887351,862.8641357421875,12345125,0.0,0.0
2023-03-02 00:00:00+05:30,863.7118776816358,864.5097517679955,841.2713265871361,843.2161865234375,13900508,0.0,0.0
2023-03-03 00:00:00+05:30,847.5048546086999,856.3314474563028,843.3657950762932,850.397216796875,7977804,0.0,0.0
2023-03-06 00:00:00+05:30,854.6858146198489,861.4678357686325,853.3393450092184,857.2290649414062,10781567,0.0,0.0
2023-03-08 00:00:00+05:30,856.2316930866406,860.2211243881509,850.7960807635548,858.6752319335938,8785735,0.0,0.0
2023-03-09 00:00:00+05:30,860.2211566155239,871.9401115027498,859.7224776841525,865.5071411132812,14746065,0.0,0.0
2023-03-10 00:00:00+05:30,857.3287150190869,859.3234305597306,843.2659948071041,849.6491088867188,11198583,0.0,0.0
2023-03-13 00:00:00+05:30,843.365747946297,854.7356514398607,826.2610978636376,830.1507568359375,8315798,0.0,0.0
2023-03-14 00:00:00+05:30,825.8123137927512,833.4919815426556,815.2403447531742,830.6494750976562,12573734,0.0,0.0
2023-03-15 00:00:00+05:30,835.8357518979154,841.2713644714725,817.1851475291634,821.8727416992188,6652641,0.0,0.0
2023-03-16 00:00:00+05:30,819.3294536392584,835.6861463268352,812.1484651209591,828.3555297851562,8791383,0.0,0.0
2023-03-17 00:00:00+05:30,832.7938167758774,839.276642894492,820.8255224030504,835.1875,7762461,0.0,0.0
2023-03-20 00:00:00+05:30,833.7911436751785,838.7779328119918,823.3687422044607,835.3370361328125,10744023,0.0,0.0
2023-03-21 00:00:00+05:30,837.8803087329111,855.0847317131189,836.5338999796693,853.33935546875,11489951,0.0,0.0
2023-03-22 00:00:00+05:30,853.3393206214389,857.5282356116426,844.8119234933862,847.4050903320312,8018924,0.0,0.0
2023-03-23 00:00:00+05:30,844.7620800965633,858.8747177086536,842.8670758742992,846.5573120117188,9857892,0.0,0.0
2023-03-24 00:00:00+05:30,844.0141063949059,850.2475931481916,835.0378854701742,837.680908203125,8078718,0.0,0.0
2023-03-27 00:00:00+05:30,838.8277998735553,839.9747857400914,827.0091338090191,831.1481323242188,10602508,0.0,0.0
2023-03-28 00:00:00+05:30,835.1874828184127,835.1874828184127,823.867434765989,830.2505493164062,11002402,0.0,0.0
2023-03-29 00:00:00+05:30,830.3004281081028,846.2082983349227,827.8070334290995,840.3737182617188,17121194,0.0,0.0
2023-03-31 00:00:00+05:30,852.6412256465586,858.6253725734296,845.2607534205282,856.231689453125,12946752,0.0,0.0
2023-04-03 00:00:00+05:30,861.7171614119438,864.5097511491489,854.1871220026246,862.3155517578125,13266882,0.0,0.0
2023-04-05 00:00:00+05:30,868.6986979828679,868.6986979828679,854.7356879119607,858.2264404296875,11890015,0.0,0.0
2023-04-06 00:00:00+05:30,859.5229861540353,860.9691672166958,846.756817801303,849.6990356445312,19677316,0.0,0.0
2023-04-10 00:00:00+05:30,852.5414731343576,852.6911011605596,841.7201648732404,845.1111450195312,15656078,0.0,0.0
2023-04-11 00:00:00+05:30,846.0087653724299,853.439093258407,841.8198503806001,851.04541015625,23930907,0.0,0.0
2023-04-12 00:00:00+05:30,852.6412558734322,854.3866321223113,844.4130535572876,848.8013916015625,13480335,0.0,0.0
2023-04-13 00:00:00+05:30,851.3944826947454,865.4073471552986,842.7673136551116,862.066162109375,23934570,0.0,0.0
2023-04-17 00:00:00+05:30,879.6695920665803,879.6695920665803,858.725077969757,862.2656860351562,22577380,0.0,0.0
2023-04-18 00:00:00+05:30,863.063563291869,869.696017129858,854.8353612949408,861.06884765625,17238709,0.0,0.0
2023-04-19 00:00:00+05:30,862.7145161360205,872.1894154461849,860.2709772970421,871.0923461914062,23494247,0.0,0.0
2023-04-20 00:00:00+05:30,872.488653826795,873.2865279492286,861.8668290194934,866.4546508789062,19444753,0.0,0.0
2023-04-21 00:00:00+05:30,868.4991631302372,871.5410922561947,855.2343165182021,861.9166259765625,15520786,0.0,0.0
2023-04-24 00:00:00+05:30,865.7066661280058,882.0633602062501,858.226481800863,879.9688720703125,18201632,0.0,0.0
2023-04-25 00:00:00+05:30,882.6617513334481,893.4332045986704,872.0897818252274,876.029296875,36394389,0.0,0.0
2023-04-26 00:00:00+05:30,875.0817699116577,887.0999193895163,872.8875705471868,885.3046875,19468723,0.0,0.0
2023-04-27 00:00:00+05:30,885.6537654480087,887.6484811359546,875.1815080862924,879.0712280273438,15992383,0.0,0.0
2023-04-28 00:00:00+05:30,882.7613790119196,887.6983123782459,851.3945243829124,857.7277221679688,23004117,0.0,0.0
2023-05-02 00:00:00+05:30,867.7013024431587,874.0844168336761,861.9664949844827,868.349609375,12947953,0.0,0.0
2023-05-03 00:00:00+05:30,861.5675564094298,864.5596299665021,851.7934616311052,857.578125,15103015,0.0,0.0
2023-05-04 00:00:00+05:30,857.7277569166305,864.858889942878,855.234362274431,863.6620483398438,9756391,0.0,0.0
2023-05-05 00:00:00+05:30,864.8588814516036,882.6616946725612,860.4704825748612,863.0137329101562,14343308,0.0,0.0
2023-05-08 00:00:00+05:30,863.013687929964,879.071184955495,863.013687929964,876.1289672851562,7007882,0.0,0.0
2023-05-09 00:00:00+05:30,879.8690735863491,887.8479360793128,877.6748742260062,885.903076171875,12117151,0.0,0.0
2023-05-10 00:00:00+05:30,889.6431942064683,890.1418731269875,875.2313612286815,887.5487670898438,11893027,0.0,0.0
2023-05-11 00:00:00+05:30,888.6458302181073,897.622050725361,886.6511145498288,893.582763671875,13816121,0.0,0.0
2023-05-12 00:00:00+05:30,892.8347664423467,911.1861145008119,891.637924838255,908.2439575195312,10533272,0.0,0.0
2023-05-15 00:00:00+05:30,908.2439536374151,917.0705462913144,906.7479168571682,913.3803100585938,7339579,0.0,0.0
2023-05-16 00:00:00+05:30,913.779312757632,920.0626553019887,909.5903974367628,915.3750610351562,12567615,0.0,0.0
2023-05-17 00:00:00+05:30,915.275296639109,916.4721382149521,908.8423264336074,912.3829345703125,10248327,0.0,0.0
2023-05-18 00:00:00+05:30,917.5692487444488,927.0441485956143,910.1887760897728,912.2832641601562,13614127,0.0,0.0
2023-05-19 00:00:00+05:30,918.4668189387249,924.5506771464437,906.5483810984672,921.6084594726562,8393002,0.0,0.0
2023-05-22 00:00:00+05:30,920.5612837744666,925.2987335013665,911.984030723741,915.1256713867188,9383158,0.0,0.0
2023-05-23 00:00:00+05:30,915.1256345087245,920.0625677789012,909.9892783782489,913.7293701171875,8273445,0.0,0.0
2023-05-24 00:00:00+05:30,908.7425871157698,918.4169091117494,907.7950850275552,915.2752685546875,6248545,0.0,0.0
2023-05-25 00:00:00+05:30,914.2779119411406,921.1097885552583,910.0391412702481,918.6163940429688,8149350,0.0,0.0
2023-05-26 00:00:00+05:30,915.5744897215402,925.4483566073094,912.5824162257182,924.5008544921875,4908462,0.0,0.0
2023-05-29 00:00:00+05:30,928.5401032424976,935.2224126156907,925.5978855848356,927.34326171875,7133871,0.0,0.0
2023-05-30 00:00:00+05:30,928.3406903665873,937.2171997318495,925.5979562325213,934.97314453125,7804403,0.0,0.0
2023-05-31 00:00:00+05:30,934.8733518090171,937.4166630132827,907.7951228373205,912.4328002929688,34757004,0.0,0.0
2023-06-01 00:00:00+05:30,919.5639303932444,928.4902952545949,913.6296390581192,917.27001953125,11817533,0.0,0.0
2023-06-02 00:00:00+05:30,920.2122403047441,928.0414750407,917.8185571264956,923.653076171875,11616991,0.0,0.0
2023-06-05 00:00:00+05:30,925.1490774704517,951.3796364949906,925.1490774704517,948.337646484375,14520005,0.0,0.0
2023-06-06 00:00:00+05:30,948.5869905944751,968.1850959488153,948.5869905944751,965.641845703125,14457988,0.0,0.0
2023-06-07 00:00:00+05:30,970.3793029478247,978.657360677375,965.5420809974672,974.1692504882812,15795824,0.0,0.0
2023-06-08 00:00:00+05:30,970.4790025315168,972.274234410458,957.3637838856253,959.5579223632812,10209982,0.0,0.0
2023-06-09 00:00:00+05:30,964.4450372391158,979.1062097524826,960.7548010335363,972.174560546875,12947464,0.0,0.0
2023-06-12 00:00:00+05:30,970.4291959930815,975.3162738476396,966.040797067605,971.6260375976562,7465375,0.0,0.0
2023-06-13 00:00:00+05:30,971.7257076265167,987.0850423372962,971.7257076265167,983.2451782226562,15233785,0.0,0.0
2023-06-14 00:00:00+05:30,983.394818048502,985.589017444078,973.4212397721479,975.1167602539062,8644423,0.0,0.0
2023-06-15 00:00:00+05:30,985.7385964089794,986.3869033542694,969.6313038239398,974.5682373046875,15978311,0.0,0.0
2023-06-16 00:00:00+05:30,980.2032402270959,982.8462627643449,974.6180608592621,978.95654296875,8860900,0.0,0.0
2023-06-19 00:00:00+05:30,981.2505591803991,983.3949030447102,958.460955198749,963.0986938476562,11025846,0.0,0.0
2023-06-20 00:00:00+05:30,963.3978435029916,974.418635755126,956.0173709399359,972.2742919921875,7596593,0.0,0.0
2023-06-21 00:00:00+05:30,975.7151823757298,975.7151823757298,960.6052473193232,963.4476928710938,7805855,0.0,0.0
2023-06-22 00:00:00+05:30,959.6577434905124,970.8780193970829,956.1669909862461,964.0460815429688,10135883,0.0,0.0
2023-06-23 00:00:00+05:30,957.4635460788033,962.9490143115465,952.0279335643066,955.8677978515625,6188008,0.0,0.0
2023-06-26 00:00:00+05:30,956.9648713775646,960.9543028371896,950.5817566926072,958.0120849609375,5799528,0.0,0.0
2023-06-27 00:00:00+05:30,964.4450412674793,973.4212619204341,958.2614104206652,970.6785278320312,6921886,0.0,0.0
2023-06-28 00:00:00+05:30,976.4132915500627,981.4000805773868,964.4449978844848,975.6154174804688,10010996,0.0,0.0
2023-06-30 00:00:00+05:30,974.5183133320694,987.2346256905186,973.4212440663871,984.8410034179688,7096350,0.0,0.0
2023-07-03 00:00:00+05:30,987.3842783725233,987.3842783725233,975.41598408922,979.505126953125,5562743,0.0,0.0
2023-07-04 00:00:00+05:30,979.5050965987062,982.2478306203005,966.4397334272136,968.13525390625,7396806,0.0,0.0
2023-07-05 00:00:00+05:30,966.4397446918043,972.9225706365894,959.557951262399,963.9463500976562,8200047,0.0,0.0
2023-07-06 00:00:00+05:30,958.4609136389415,983.4945718412441,958.4609136389415,978.3582153320312,10221727,0.0,0.0
2023-07-07 00:00:00+05:30,974.6641831465856,987.8427533030938,970.2213995227613,975.1134643554688,6236524,1.0,0.0
2023-07-10 00:00:00+05:30,975.1134229796711,984.3983035132331,958.8399135165018,962.4839477539062,7138850,0.0,0.0
2023-07-11 00:00:00+05:30,966.3278064604591,970.1715283005711,949.055859137324,951.6516723632812,10616390,0.0,0.0
2023-07-12 00:00:00+05:30,955.1459770502267,955.9945719610037,945.4617212556537,948.4568481445312,10141257,0.0,0.0
2023-07-13 00:00:00+05:30,954.7466102990345,964.4308661734865,950.6033879635203,958.5903930664062,13079930,0.0,0.0
2023-07-14 00:00:00+05:30,962.8833651853291,965.4292107928754,946.2104803815384,955.495361328125,5383514,0.0,0.0
2023-07-17 00:00:00+05:30,958.4405566209024,967.3261236556458,948.906082020886,963.2826538085938,8472444,0.0,0.0
2023-07-18 00:00:00+05:30,962.4341238989889,978.3582276590016,949.75474099237,962.084716796875,14457717,0.0,0.0
2023-07-19 00:00:00+05:30,962.4340810493464,968.3245214799657,954.9462640287344,962.7335815429688,7574544,0.0,0.0
2023-07-20 00:00:00+05:30,962.3342650400326,978.3082746371382,956.0444500123637,976.3115234375,15329753,0.0,0.0
2023-07-21 00:00:00+05:30,970.0217295031625,983.3999872060559,966.427601640063,969.7222290039062,6230317,0.0,0.0
2023-07-24 00:00:00+05:30,971.868719566255,983.3500387247727,967.226248749494,969.921875,9167788,0.0,0.0
2023-07-25 00:00:00+05:30,976.0619382847129,976.0619382847129,952.2506434540315,960.9365234375,13448045,0.0,0.0
2023-07-26 00:00:00+05:30,965.2794076024823,978.408070887261,961.7351864716742,975.2132568359375,8298226,0.0,0.0
2023-07-27 00:00:00+05:30,987.7428718400173,988.3918403520264,954.1974761782315,958.3407592773438,17858061,0.0,0.0
2023-07-28 00:00:00+05:30,958.3407708775003,968.1747462458351,940.6695104216192,948.4069213867188,8504392,0.0,0.0
2023-07-31 00:00:00+05:30,953.1492132082983,957.0428415508311,946.7595848886385,952.3505249023438,6601991,0.0,0.0
2023-08-01 00:00:00+05:30,954.4470700773103,962.4340748478318,950.4535676920495,958.3407592773438,8409096,0.0,0.0
2023-08-02 00:00:00+05:30,949.9543860919007,957.3423899272404,935.0785652353426,943.7145385742188,9324465,0.0,0.0
2023-08-03 00:00:00+05:30,942.5664341596897,945.0623733042032,925.6440155086992,934.0303344726562,17076611,0.0,0.0
2023-08-04 00:00:00+05:30,945.4617140197354,953.2989382779123,933.1317994626262,950.7031860351562,12376086,0.0,0.0
2023-08-07 00:00:00+05:30,950.7031813527487,953.4487142996851,943.0156769141249,945.861083984375,10922609,0.0,0.0
2023-08-08 00:00:00+05:30,948.4567982683412,958.3407408562782,942.5164513972481,951.3521118164062,11512735,0.0,0.0
2023-08-09 00:00:00+05:30,950.453599403783,951.751475535094,942.7660948684616,948.4568481445312,7701831,0.0,0.0
2023-08-10 00:00:00+05:30,946.4600482280028,950.403643949488,935.7774173529954,938.2234497070312,13590891,0.0,0.0
2023-08-11 00:00:00+05:30,935.9771127935795,944.163804794016,931.4844226521703,935.6776123046875,9558237,0.0,0.0
2023-08-14 00:00:00+05:30,933.4811853346018,941.7676906214929,927.3911185533472,938.4231567382812,7172522,0.0,0.0
2023-08-16 00:00:00+05:30,934.4296152490268,938.4730240697854,929.7871445321507,931.5343017578125,7394623,0.0,0.0
2023-08-17 00:00:00+05:30,934.4296855182831,941.4682215409039,930.1366824853097,935.0286865234375,9336994,0.0,0.0
2023-08-18 00:00:00+05:30,933.3314350729253,944.4134411482146,929.5376198590476,941.5181274414062,6648744,0.0,0.0
2023-08-21 00:00:00+05:30,942.6662329755741,952.6998953477062,942.4166390810633,951.0525512695312,6822155,0.0,0.0
2023-08-22 00:00:00+05:30,952.3005472024149,957.5420191327795,947.1090428011483,955.495361328125,10860061,0.0,0.0
2023-08-23 00:00:00+05:30,960.4373227378255,978.8573646594484,956.8431949689281,977.6593017578125,12677151,0.0,0.0
2023-08-24 00:00:00+05:30,983.2002673424388,992.6349288407245,977.5095143009324,979.755859375,11899556,0.0,0.0
2023-08-25 00:00:00+05:30,972.4178579521714,986.5948040027422,969.2230437675902,981.5030517578125,6228241,0.0,0.0
2023-08-28 00:00:00+05:30,978.5079223942115,990.8878044769428,978.5079223942115,988.591552734375,8451441,0.0,0.0
2023-08-29 00:00:00+05:30,988.5915015078543,989.3901897765771,975.9121195828499,979.10693359375,8114141,0.0,0.0
2023-08-30 00:00:00+05:30,981.4032174251885,996.3788514652473,978.4080906171766,981.7526245117188,9023083,0.0,0.0
2023-08-31 00:00:00+05:30,980.2051453744111,993.0842149031694,967.0265753548468,971.9186401367188,21558300,0.0,0.0
2023-09-01 00:00:00+05:30,972.6674063929545,991.3869484713408,967.4259346110063,989.5399780273438,10946742,0.0,0.0
2023-09-04 00:00:00+05:30,992.1357999293365,992.9344882603159,978.4081347730815,980.6544799804688,6727188,0.0,0.0
2023-09-05 00:00:00+05:30,983.849276444457,984.5980581667087,976.311552627659,979.8557739257812,10548660,0.0,0.0
2023-09-06 00:00:00+05:30,979.8557450584462,981.5529957660837,960.2376401390118,963.4823608398438,16351052,0.0,0.0
2023-09-07 00:00:00+05:30,963.4823594503813,978.2083995329203,961.5355148454876,976.6110229492188,8686550,0.0,0.0
2023-09-08 00:00:00+05:30,976.6110161977904,985.6962097098066,970.9202631366767,978.7075805664062,6439351,0.0,0.0
2023-09-11 00:00:00+05:30,980.205140866197,1002.3690911240707,977.4097014048458,998.7749633789062,7130484,0.0,0.0
2023-09-12 00:00:00+05:30,1008.359363575727,1008.359363575727,996.4287628788912,999.274169921875,8958327,0.0,0.0
2023-09-13 00:00:00+05:30,1001.3208651433481,1015.3480307656412,992.0858904289113,1012.8021850585938,12254423,0.0,0.0
2023-09-14 00:00:00+05:30,1012.8021036052967,1020.7392015303601,1007.4108511825343,1019.2416381835938,7855558,0.0,0.0
2023-09-15 00:00:00+05:30,1019.3415327961677,1030.0740709720333,1012.9019977034457,1025.4815673828125,8986157,0.0,0.0
2023-09-18 00:00:00+05:30,1019.8906349456726,1028.22710820011,1017.344789220694,1023.08544921875,6397319,0.0,0.0
2023-09-20 00:00:00+05:30,1010.6555317748637,1045.7983624422236,1010.6555317748637,1025.6312255859375,13619788,0.0,0.0
2023-09-21 00:00:00+05:30,1024.932412581354,1031.9210420949819,1010.4559657316963,1012.8021850585938,8156588,0.0,0.0
2023-09-22 00:00:00+05:30,1008.3593486258594,1025.5813275999149,1006.3625974404616,1016.595947265625,7108110,0.0,0.0
2023-09-25 00:00:00+05:30,1013.5509522256357,1024.3333968473526,1003.5172893267603,1017.2948608398438,7123890,0.0,0.0
2023-09-26 00:00:00+05:30,1017.3447217274799,1019.0419724102037,1009.3577170426714,1012.5026245117188,6387615,0.0,0.0
2023-09-27 00:00:00+05:30,1008.3093799827367,1026.2800786094012,1002.3690333845414,1023.5345458984375,5158686,0.0,0.0
2023-09-28 00:00:00+05:30,1025.3316529177218,1036.263816047641,1023.534528243648,1029.225341796875,15818489,0.0,0.0
2023-09-29 00:00:00+05:30,1029.225485543987,1039.3090552697004,1022.8358569873276,1035.0159912109375,9528626,0.0,0.0
2023-10-03 00:00:00+05:30,1033.3186660572435,1043.0028598792167,1030.9225404282156,1039.35888671875,11589322,0.0,0.0
2023-10-04 00:00:00+05:30,1033.6681363421294,1035.31548042985,987.2436716941178,993.9328002929688,22584212,0.0,0.0
2023-10-05 00:00:00+05:30,998.3755796590767,1007.5606471791422,987.2936350992647,1001.6203002929688,7950412,0.0,0.0
2023-10-06 00:00:00+05:30,1003.3674445023389,1006.3625712023459,997.776565703396,999.3240356445312,5289753,0.0,0.0
2023-10-09 00:00:00+05:30,993.1840570274306,998.0761219518472,986.6447088875765,994.6317138671875,6823214,0.0,0.0
2023-10-10 00:00:00+05:30,998.275738170682,1013.3012780313192,994.881236921684,1010.6056518554688,5728499,0.0,0.0
2023-10-11 00:00:00+05:30,1017.3447668895379,1023.9839892029179,1010.3561374800906,1017.444580078125,7396783,0.0,0.0
2023-10-12 00:00:00+05:30,1020.3398755325106,1029.325256041114,1013.3013396546403,1016.795654296875,4920222,0.0,0.0
2023-10-13 00:00:00+05:30,1007.3609689365711,1009.8070013159382,990.6381778268708,992.4352416992188,12173162,0.0,0.0
2023-10-16 00:00:00+05:30,988.3918390260908,1007.8102565355731,988.3918390260908,1003.1677856445312,4646960,0.0,0.0
2023-10-17 00:00:00+05:30,1007.2112249339127,1013.0517589019271,1001.4705650900084,1006.4125366210938,6105067,0.0,0.0
2023-10-18 00:00:00+05:30,1008.359410492035,1012.4527262988346,987.74292886351,991.2372436523438,7818946,0.0,0.0
2023-10-19 00:00:00+05:30,978.108604901474,997.3772421369372,978.108604901474,989.7896118164062,4836625,0.0,0.0
2023-10-20 00:00:00+05:30,987.3934807466093,991.2871700097013,976.1617551061651,978.7575073242188,5664400,0.0,0.0
2023-10-23 00:00:00+05:30,978.4080906933191,983.30015552119,959.5387674269721,962.7335815429688,5896695,0.0,0.0
2023-10-25 00:00:00+05:30,958.4405458687386,972.4178038293244,949.854540353068,953.89794921875,6957048,0.0,0.0
2023-10-26 00:00:00+05:30,954.4470317750139,973.4161673437642,951.2023112172013,970.470947265625,17540495,0.0,0.0
2023-10-27 00:00:00+05:30,978.4080497382199,1003.1178448719147,971.7189212926039,1001.12109375,13443016,0.0,0.0
2023-10-30 00:00:00+05:30,1001.1211784924749,1001.1211784924749,977.6094442289194,987.5932006835938,5270567,0.0,0.0
2023-10-31 00:00:00+05:30,996.378856354625,996.378856354625,976.4113442032296,980.2550659179688,7816805,0.0,0.0
2023-11-01 00:00:00+05:30,976.2615959865412,977.7092528529108,966.4276202990195,970.221435546875,5703984,0.0,0.0
2023-11-02 00:00:00+05:30,976.4113609898953,986.7445243314878,972.4178584909591,981.3533325195312,5193982,0.0,0.0
2023-11-03 00:00:00+05:30,984.3983063600134,989.7895587814189,979.905616320845,987.24365234375,4268048,0.0,0.0
2023-11-06 00:00:00+05:30,993.3836824986804,1014.5492565642459,991.4867445597067,1007.7603149414062,6552178,0.0,0.0
2023-11-07 00:00:00+05:30,1006.3625690269995,1020.5395142302563,1003.6170362245946,1019.2416381835938,6559859,0.0,0.0
2023-11-08 00:00:00+05:30,1022.336595889503,1025.2817551073692,1013.9502166269431,1020.0403442382812,7643314,0.0,0.0
2023-11-09 00:00:00+05:30,1023.0853973586273,1027.1787129492586,1014.998579363083,1020.2400512695312,4407935,0.0,0.0
2023-11-10 00:00:00+05:30,1016.2465054827999,1029.3252009261782,1014.9985360345382,1027.528076171875,3294063,0.0,0.0
2023-11-13 00:00:00+05:30,1028.3767642900284,1030.1737671223318,1021.8373558142246,1023.684326171875,5985481,0.0,0.0
2023-11-15 00:00:00+05:30,1043.302420224086,1043.302420224086,1029.8743182054134,1039.6583251953125,7240388,0.0,0.0
2023-11-16 00:00:00+05:30,1041.1060904652536,1042.304092397363,1020.4896106234117,1024.6827392578125,6908825,0.0,0.0
2023-11-17 00:00:00+05:30,1013.2514705826267,1018.3431620183127,990.2388631234999,992.7348022460938,13268353,0.0,0.0
2023-11-20 00:00:00+05:30,979.4064896291164,993.1341544939486,978.7575210974649,987.093994140625,8215656,0.0,0.0
2023-11-21 00:00:00+05:30,988.3419333306163,995.8796568923234,985.0473060514076,990.1889038085938,7061614,0.0,0.0
2023-11-22 00:00:00+05:30,989.3901954825055,998.2757624803141,986.395068755515,996.4786376953125,6103988,0.0,0.0
2023-11-23 00:00:00+05:30,997.3772174309884,1001.7700944146982,993.783089670506,997.4271240234375,3112891,0.0,0.0
2023-11-24 00:00:00+05:30,1000.3723748528136,1009.1081615593627,998.0761231057231,1006.86181640625,6956281,0.0,0.0
2023-11-28 00:00:00+05:30,1011.4043930220315,1020.28996026832,1007.6105779156203,1019.4912719726562,6173384,0.0,0.0
2023-11-29 00:00:00+05:30,1025.481581791897,1061.7725125965069,1019.4913278421283,1058.427978515625,9422396,0.0,0.0
2023-11-30 00:00:00+05:30,1060.97371777571,1079.144227099871,1053.7354945637944,1072.5050048828125,24755589,0.0,0.0
2023-12-01 00:00:00+05:30,1073.6532244199786,1107.198622699033,1068.4615977908677,1102.855712890625,14428758,0.0,0.0
2023-12-04 00:00:00+05:30,1118.67979349121,1127.165985588198,1097.3145325432133,1123.771484375,14043213,0.0,0.0
2023-12-05 00:00:00+05:30,1134.953382736085,1149.9788617561794,1125.319034229928,1130.6103515625,15804808,0.0,0.0
2023-12-06 00:00:00+05:30,1133.2560683014217,1143.8388248118424,1116.1339031558173,1118.6798095703125,7342767,0.0,0.0
2023-12-07 00:00:00+05:30,1117.4319299515028,1127.7650934037656,1106.6993918706642,1116.0341796875,6439419,0.0,0.0
2023-12-08 00:00:00+05:30,1114.037385715821,1132.5073342632686,1109.6944762425824,1129.3624267578125,7300989,0.0,0.0
2023-12-11 00:00:00+05:30,1127.166096859431,1137.5492278833829,1112.0406815484266,1114.6864013671875,6924589,0.0,0.0
2023-12-12 00:00:00+05:30,1118.1807098253757,1132.0581555092208,1107.1985778538765,1129.162841796875,9044111,0.0,0.0
2023-12-13 00:00:00+05:30,1148.1319907660816,1149.130366410226,1109.6445609355035,1113.0390625,8184523,0.0,0.0
2023-12-14 00:00:00+05:30,1130.560544254832,1136.7504241736842,1116.084098177239,1118.6298828125,9421193,0.0,0.0
2023-12-15 00:00:00+05:30,1117.3818730335781,1126.0178459635727,1106.7991165190488,1118.530029296875,12048410,0.0,0.0
2023-12-18 00:00:00+05:30,1117.8810894625565,1118.1806508857087,1105.401394698207,1109.544677734375,7922468,0.0,0.0
2023-12-19 00:00:00+05:30,1121.974580081625,1125.0195526254015,1112.3900765501955,1118.4302978515625,6824641,0.0,0.0
2023-12-20 00:00:00+05:30,1120.1774467497467,1122.0244172741716,1100.908748515848,1108.446533203125,9848057,0.0,0.0
2023-12-21 00:00:00+05:30,1102.106797671874,1102.106797671874,1075.4500972753222,1093.62060546875,10914682,0.0,0.0
2023-12-22 00:00:00+05:30,1093.6206690285596,1104.5029875664939,1084.0362875341675,1086.5322265625,10600025,0.0,0.0
2023-12-26 00:00:00+05:30,1089.4273180263838,1098.862039807972,1084.9346281890596,1092.472412109375,5687517,0.0,0.0
2023-12-27 00:00:00+05:30,1094.2696605556087,1108.7461072242813,1087.8800321343413,1104.5528564453125,6132936,0.0,0.0
2023-12-28 00:00:00+05:30,1105.4512920325003,1111.1919512595825,1096.2163184932808,1106.05029296875,14097667,0.0,0.0
2023-12-29 00:00:00+05:30,1099.6606827129087,1105.0519349686435,1092.1728662110586,1100.5093994140625,8786731,0.0,0.0
2024-01-01 00:00:00+05:30,1093.221182919986,1102.2065625056298,1091.2244319009542,1095.916748046875,4083732,0.0,0.0
2024-01-02 00:00:00+05:30,1093.3210915732434,1097.5641878592241,1080.5419570586787,1091.47412109375,7895577,0.0,0.0
2024-01-03 00:00:00+05:30,1089.2277993642253,1100.8089321599628,1079.5436046173127,1096.8154296875,10225290,0.0,0.0
2024-01-04 00:00:00+05:30,1101.2083083004443,1128.164450026747,1098.2631489717503,1121.5751953125,11411683,0.0,0.0
2024-01-05 00:00:00+05:30,1122.1741127824732,1138.0483083252402,1117.1822350565724,1135.10302734375,8025466,0.0,0.0
2024-01-08 00:00:00+05:30,1143.14013040852,1144.1385060682653,1116.683175425266,1120.177490234375,4735538,0.0,0.0
2024-01-09 00:00:00+05:30,1126.7168353593506,1133.7054645793887,1110.543077469764,1114.736328125,6359362,0.0,0.0
2024-01-10 00:00:00+05:30,1113.4383808745924,1114.187162569868,1097.264745005451,1105.2017822265625,5934163,0.0,0.0
2024-01-11 00:00:00+05:30,1109.2451929528,1126.0677964347826,1109.2451929528,1123.9212646484375,4683035,0.0,0.0
2024-01-12 00:00:00+05:30,1124.520282630233,1127.6152224780649,1116.2338386422973,1118.530029296875,5616755,0.0,0.0
2024-01-15 00:00:00+05:30,1120.1774576314062,1128.6136829619059,1114.7862048512886,1117.6815185546875,6719079,0.0,0.0
2024-01-16 00:00:00+05:30,1114.8361330321468,1125.9680452958034,1113.288602110393,1117.2821044921875,5229753,0.0,0.0
2024-01-17 00:00:00+05:30,1080.2424307499423,1113.1888265121863,1077.4469302394873,1080.5419921875,24913719,0.0,0.0
2024-01-18 00:00:00+05:30,1064.2684519148634,1106.9490113138881,1064.2684519148634,1095.71728515625,11473135,0.0,0.0
2024-01-19 00:00:00+05:30,1105.3515730836875,1124.47049025291,1103.2050411631287,1114.736328125,12303696,0.0,0.0
2024-01-23 00:00:00+05:30,1124.071079875519,1139.7455275929765,1077.0476148511282,1087.4805908203125,18924087,0.0,0.0
2024-01-24 00:00:00+05:30,1033.1191433850806,1071.4566698090237,1019.2416978515686,1057.4295654296875,20884046,0.0,0.0
2024-01-25 00:00:00+05:30,1056.2814231061855,1061.9721154837507,1024.1337763691554,1040.5570068359375,20835434,0.0,0.0
2024-01-29 00:00:00+05:30,1034.3171387293876,1066.2651584584805,1034.3171387293876,1059.526123046875,11188604,0.0,0.0
2024-01-30 00:00:00+05:30,1058.3281032541713,1068.7111119938597,1049.0931289565679,1052.3876953125,9426983,0.0,0.0
2024-01-31 00:00:00+05:30,1046.4973318412135,1082.3390428815057,1041.006265638919,1066.015625,12600390,0.0,0.0
2024-02-01 00:00:00+05:30,1070.9075159113859,1085.8831485716707,1055.08328844142,1082.4886474609375,9756682,0.0,0.0
2024-02-02 00:00:00+05:30,1086.2826608428827,1094.419324788731,1063.2700536557943,1065.3167724609375,8667415,0.0,0.0
2024-02-05 00:00:00+05:30,1065.316667756493,1077.7463944696112,1056.2813203787389,1059.775634765625,12569454,0.0,0.0
2024-02-06 00:00:00+05:30,1059.8255564847861,1063.3697163722377,1046.4971461161176,1048.34423828125,8011171,0.0,0.0
2024-02-07 00:00:00+05:30,1059.326431157162,1071.955784427624,1055.7821491888565,1067.36328125,7281793,0.0,0.0
2024-02-08 00:00:00+05:30,1070.2586191313246,1073.8527468360933,1029.9741889516715,1034.21728515625,9869141,0.0,0.0
2024-02-09 00:00:00+05:30,1038.2606648365577,1053.1864533000291,1032.869534050738,1049.692138671875,8233454,0.0,0.0
2024-02-12 00:00:00+05:30,1049.6921945903678,1055.5326678341503,1033.6682164788338,1044.999755859375,8694379,0.0,0.0
2024-02-13 00:00:00+05:30,1049.292822824247,1073.80299412333,1043.1029424564933,1069.0107421875,8413609,0.0,0.0
2024-02-14 00:00:00+05:30,1059.5760583399278,1099.1117071774415,1058.827276650308,1095.0682373046875,16609115,0.0,0.0
2024-02-15 00:00:00+05:30,1095.7173279169422,1095.7672954506263,1067.513214464866,1070.4583740234375,11780823,0.0,0.0
2024-02-16 00:00:00+05:30,1071.2570122898392,1074.2521390716374,1056.2813783808479,1067.013916015625,8660907,0.0,0.0
2024-02-19 00:00:00+05:30,1067.2634875671906,1068.261863140219,1058.3779205928356,1061.2232666015625,7562645,0.0,0.0
2024-02-20 00:00:00+05:30,1057.2797713474754,1088.7286030731084,1055.9818343052273,1086.8316650390625,8722800,0.0,0.0
2024-02-21 00:00:00+05:30,1092.073192275301,1092.1730054669829,1071.3568973121146,1082.4388427734375,9177213,0.0,0.0
2024-02-22 00:00:00+05:30,1088.5289376206943,1108.8957018427773,1079.743183816331,1099.1116943359375,14633340,0.0,0.0
2024-02-23 00:00:00+05:30,1097.214810240105,1105.601189852014,1088.2294296284936,1095.0184326171875,6250943,0.0,0.0
2024-02-26 00:00:00+05:30,1091.673732347796,1093.021636882295,1077.8962224273082,1083.4371337890625,5354189,0.0,0.0
2024-02-27 00:00:00+05:30,1079.8929933996226,1086.7818094222255,1070.30861200262,1077.2972412109375,6546815,0.0,0.0
2024-02-28 00:00:00+05:30,1075.6499533390715,1083.2375839304461,1062.3216627406925,1072.455078125,7643191,0.0,0.0
2024-02-29 00:00:00+05:30,1069.2602002970518,1080.5418926157515,1053.635598766114,1073.353515625,13648997,0.0,0.0
2024-03-01 00:00:00+05:30,1074.2522427400784,1099.9104492314327,1074.2522427400784,1097.4644775390625,4819390,0.0,0.0
2024-03-04 00:00:00+05:30,1097.4643317550683,1107.098680260867,1091.3242977010711,1104.9521484375,5895441,0.0,0.0
2024-03-05 00:00:00+05:30,1100.4095913012502,1109.0955325685745,1092.7221475547015,1099.011962890625,4851446,0.0,0.0
2024-03-06 00:00:00+05:30,1098.4128425272306,1130.1112694478036,1093.5707449940842,1123.172607421875,13787638,0.0,0.0
2024-03-07 00:00:00+05:30,1124.1709452324976,1125.0695076625943,1105.75096383962,1109.64453125,6943879,0.0,0.0
2024-03-11 00:00:00+05:30,1110.4433420755754,1118.1807535398016,1100.1101782364663,1103.304931640625,6751641,0.0,0.0
2024-03-12 00:00:00+05:30,1103.2050222642006,1119.5784062450598,1082.488728859692,1095.218017578125,9817138,0.0,0.0
2024-03-13 00:00:00+05:30,1094.2196544723279,1097.7639365910056,1069.0106706443842,1078.64501953125,11503890,0.0,0.0
2024-03-14 00:00:00+05:30,1073.253797589254,1079.4936452496568,1053.8852860769593,1056.531005859375,10253613,0.0,0.0
2024-03-15 00:00:00+05:30,1054.5341700624665,1054.5341700624665,1028.5764058763134,1044.7001953125,17798175,0.0,0.0
2024-03-18 00:00:00+05:30,1042.3040632559666,1065.1668874853135,1041.904688665757,1059.6258544921875,7612407,0.0,0.0
2024-03-19 00:00:00+05:30,1053.835423795538,1059.2265545914659,1044.9997021501642,1049.0931396484375,6728886,0.0,0.0
2024-03-20 00:00:00+05:30,1048.294318808136,1055.7321678451594,1029.2752159895256,1033.069091796875,12619644,0.0,0.0
2024-03-21 00:00:00+05:30,1037.6616330283487,1048.8435126295615,1026.4798752991549,1033.917724609375,9903738,0.0,0.0
2024-03-22 00:00:00+05:30,1038.4104631578375,1045.5488732507845,1028.2769261899778,1031.62158203125,9891194,0.0,0.0
2024-03-26 00:00:00+05:30,1027.3284547052351,1042.5037145196154,1025.8308913601838,1038.8597412109375,9656767,0.0,0.0
2024-03-27 00:00:00+05:30,1044.1012953535724,1055.8322091493326,1042.5537643593636,1051.1397705078125,17027308,0.0,0.0
2024-03-28 00:00:00+05:30,1051.139625270263,1056.6806580676282,1042.4038396081166,1045.498779296875,10235318,0.0,0.0
2024-04-01 00:00:00+05:30,1050.6405005534539,1062.022006359109,1047.196153605961,1051.3892822265625,5484556,0.0,0.0
2024-04-02 00:00:00+05:30,1049.2926549618112,1054.1347517829988,1038.510150767158,1045.498779296875,13617893,0.0,0.0
2024-04-03 00:00:00+05:30,1042.1044710178305,1068.5614236812999,1042.054503490413,1061.5228271484375,11573590,0.0,0.0
2024-04-04 00:00:00+05:30,1068.261863140219,1078.9444330228139,1057.429512547266,1061.2232666015625,17964844,0.0,0.0
2024-04-05 00:00:00+05:30,1059.376267693954,1061.273205606129,1046.3973855934087,1057.3795166015625,9210187,0.0,0.0
2024-04-08 00:00:00+05:30,1065.2667760030004,1077.696503600243,1061.8224288968793,1074.3021240234375,4967186,0.0,0.0
2024-04-09 00:00:00+05:30,1088.229361074942,1088.229361074942,1069.6096324949904,1078.24560546875,11385226,0.0,0.0
2024-04-10 00:00:00+05:30,1084.4355825167183,1091.224585687004,1078.245702234185,1086.0330810546875,9064074,0.0,0.0
2024-04-12 00:00:00+05:30,1077.7465202937283,1094.619093248925,1069.3601404117105,1071.706298828125,18045983,0.0,0.0
2024-04-15 00:00:00+05:30,1061.3731041634073,1069.2602959872042,1053.5358798697455,1056.2314453125,8889435,0.0,0.0
2024-04-16 00:00:00+05:30,1048.244500543211,1056.131692820286,1042.6536210878774,1050.19140625,7107881,0.0,0.0
2024-04-18 00:00:00+05:30,1042.453901492634,1049.6921245535996,1012.2030722269628,1022.3366088867188,17832438,0.0,0.0
2024-04-19 00:00:00+05:30,1013.3512726046858,1035.2655691107254,994.082634977829,1027.4283447265625,21598007,0.0,0.0
2024-04-22 00:00:00+05:30,1037.3122485654899,1056.780572768596,1030.323619364375,1052.2379150390625,9410832,0.0,0.0
2024-04-23 00:00:00+05:30,1056.2813792679226,1058.527724356158,1047.046405016289,1054.0350341796875,8300012,0.0,0.0
2024-04-24 00:00:00+05:30,1054.2846042499411,1067.2135191612067,1054.2846042499411,1061.5228271484375,5641163,0.0,0.0
2024-04-25 00:00:00+05:30,1098.2131700761147,1132.1079732582912,1084.3357247343847,1125.1693115234375,46136295,0.0,0.0
2024-04-26 00:00:00+05:30,1128.1644278290491,1139.495966512928,1121.1757986301081,1128.4639892578125,10133766,0.0,0.0
2024-04-29 00:00:00+05:30,1128.4640177624838,1162.1092275784451,1123.472139637147,1157.366943359375,15183242,0.0,0.0
2024-04-30 00:00:00+05:30,1158.2655654461603,1180.9786120861486,1153.2736870637452,1164.0062255859375,18965164,0.0,0.0
2024-05-02 00:00:00+05:30,1154.1222121474534,1172.0929732362545,1146.1352072190973,1147.982177734375,12302236,0.0,0.0
2024-05-03 00:00:00+05:30,1149.0305070050233,1161.3604213398796,1132.257748109204,1139.645751953125,9993632,0.0,0.0
2024-05-06 00:00:00+05:30,1142.0418302187284,1154.1221501495231,1133.8052318288203,1141.792236328125,7490104,0.0,0.0
2024-05-07 00:00:00+05:30,1144.1884546124293,1146.9339876311676,1122.2241904625234,1125.8681640625,7115509,0.0,0.0
2024-05-08 00:00:00+05:30,1122.8231479726346,1133.6055313779955,1116.4335197294456,1126.816650390625,8175609,0.0,0.0
2024-05-09 00:00:00+05:30,1120.177429274663,1132.7070918714192,1110.3932995927955,1113.8377685546875,5226693,0.0,0.0
2024-05-10 00:00:00+05:30,1121.8746454678296,1138.1482169680246,1111.5414820829196,1118.280517578125,7242718,0.0,0.0
2024-05-13 00:00:00+05:30,1118.280560072801,1133.5557565245344,1103.255079409812,1130.1612548828125,5513160,0.0,0.0
2024-05-14 00:00:00+05:30,1128.114566096159,1134.2546009854527,1116.2838385028565,1121.026123046875,5471143,0.0,0.0
2024-05-15 00:00:00+05:30,1123.721712351589,1129.3624370292239,1116.7829287650115,1126.2176513671875,5436338,0.0,0.0
2024-05-16 00:00:00+05:30,1132.3078037555497,1142.0918123128274,1109.4949438034919,1137.449462890625,10750526,0.0,0.0
2024-05-17 00:00:00+05:30,1130.1611841531799,1144.1384426144384,1124.2707437129595,1139.4959716796875,9909986,0.0,0.0
2024-05-21 00:00:00+05:30,1134.1546578731836,1143.8888197695424,1127.3656551864028,1135.802001953125,8162017,0.0,0.0
2024-05-22 00:00:00+05:30,1140.1450314564138,1140.1450314564138,1116.1340475004847,1124.1710205078125,9094033,0.0,0.0
2024-05-23 00:00:00+05:30,1124.1709351031163,1167.7500547859142,1123.9213412010063,1163.357177734375,12818081,0.0,0.0
2024-05-24 00:00:00+05:30,1163.606703334204,1175.0880221573213,1158.714638765603,1172.0928955078125,8814997,0.0,0.0
2024-05-27 00:00:00+05:30,1176.9849597666077,1194.0571572899114,1166.1026419018533,1185.07177734375,10450046,0.0,0.0
2024-05-28 00:00:00+05:30,1186.0701643307336,1190.463041165621,1177.0847842979251,1181.4776611328125,4018776,0.0,0.0
2024-05-29 00:00:00+05:30,1170.0961898274143,1183.9736348832184,1154.122180409975,1157.8660888671875,9418064,0.0,0.0
2024-05-30 00:00:00+05:30,1153.3234454629503,1177.8835827438165,1153.1238190915699,1166.052734375,7232217,0.0,0.0
2024-05-31 00:00:00+05:30,1171.094557721878,1176.086435632031,1151.5264206884824,1160.26220703125,10057642,0.0,0.0
2024-06-03 00:00:00+05:30,1195.1055059768719,1240.1820647541408,1191.461410829416,1221.911865234375,22197339,0.0,0.0
2024-06-04 00:00:00+05:30,1222.0116868093924,1222.0116868093924,1099.7606480992038,1129.412353515625,24135989,0.0,0.0
2024-06-05 00:00:00+05:30,1136.151461174942,1191.0621205463144,1108.8957578654326,1182.575927734375,21039499,0.0,0.0
2024-06-06 00:00:00+05:30,1190.163519723218,1193.9573957244136,1161.3604082472602,1169.0478515625,12006879,0.0,0.0
2024-06-07 00:00:00+05:30,1176.0865596559486,1193.2585727289375,1164.8548331736656,1184.872314453125,8583998,0.0,0.0
2024-06-10 00:00:00+05:30,1183.0750259399415,1210.430540365614,1183.0750259399415,1198.0506591796875,9995057,0.0,0.0
2024-06-11 00:00:00+05:30,1202.4933987545712,1207.3854633903109,1188.5161408650388,1192.659423828125,9390212,0.0,0.0
2024-06-12 00:00:00+05:30,1190.1635879654755,1204.1908145964906,1182.176582765644,1185.970458984375,7199718,0.0,0.0
2024-06-13 00:00:00+05:30,1199.8478657463297,1200.0474921210014,1171.5438194952746,1172.741943359375,5321148,0.0,0.0
2024-06-14 00:00:00+05:30,1179.031656735811,1182.7257197064316,1168.099492287571,1179.131591796875,4451031,0.0,0.0
2024-06-18 00:00:00+05:30,1192.060431511735,1192.060431511735,1179.2313298016113,1189.9638671875,6837181,0.0,0.0
2024-06-19 00:00:00+05:30,1191.0621069336512,1241.3302947001598,1183.5742898322244,1224.657470703125,17987437,0.0,0.0
2024-06-20 00:00:00+05:30,1228.1018171293836,1239.4833234915477,1218.4176224324674,1237.486572265625,8206858,0.0,0.0
2024-06-21 00:00:00+05:30,1243.9761022531884,1243.9761022531884,1221.7622432843816,1235.43994140625,29311314,0.0,0.0
2024-06-24 00:00:00+05:30,1229.000416277566,1233.7427005808306,1223.0601299517614,1226.1051025390625,6676530,0.0,0.0
2024-06-25 00:00:00+05:30,1232.4447453162752,1276.6728343883735,1224.0085200079343,1269.3846435546875,17607952,0.0,0.0
2024-06-26 00:00:00+05:30,1279.0189479197,1290.8496743232877,1257.1544980568556,1283.31201171875,13956370,0.0,0.0
2024-06-27 00:00:00+05:30,1307.8720566322172,1307.8720566322172,1277.9207881597238,1286.856201171875,22311393,0.0,0.0
2024-06-28 00:00:00+05:30,1281.0156818707337,1287.8046845611411,1259.550606908322,1263.1947021484375,7167069,0.0,0.0
2024-07-01 00:00:00+05:30,1270.9321647383285,1270.9321647383285,1254.4089994723001,1259.8502197265625,5797015,0.0,0.0
2024-07-02 00:00:00+05:30,1262.9451463709113,1265.7904924843779,1236.2385988093129,1251.364013671875,9945447,0.0,0.0
2024-07-03 00:00:00+05:30,1257.9532642364502,1286.506782209,1241.579879914841,1277.9207763671875,15171347,0.0,0.0
2024-07-04 00:00:00+05:30,1285.90777835371,1290.8996563752694,1266.4394540696283,1278.8193359375,4817380,0.0,0.0
2024-07-05 00:00:00+05:30,1269.9337492225077,1293.2957623797786,1268.835560448999,1284.9593505859375,8593502,0.0,0.0
2024-07-08 00:00:00+05:30,1282.9125886119964,1295.2924698726165,1277.521336238757,1285.7579345703125,4216951,0.0,0.0
2024-07-09 00:00:00+05:30,1281.9141677392236,1292.896298459731,1277.1219164941974,1287.305419921875,6930340,0.0,0.0
2024-07-10 00:00:00+05:30,1282.1139084717208,1291.898038189819,1273.0786823324786,1289.5518798828125,9020489,0.0,0.0
2024-07-11 00:00:00+05:30,1298.9366185010135,1299.2860255853643,1274.8756691291196,1294.6435546875,7848846,0.0,0.0
2024-07-12 00:00:00+05:30,1292.7951283943742,1338.5060612393027,1292.7951283943742,1316.1751708984375,11278987,1.0,0.0
2024-07-15 00:00:00+05:30,1315.5755973520327,1323.2690953628965,1303.8856369793373,1306.33349609375,11537127,0.0,0.0
2024-07-16 00:00:00+05:30,1306.3334797626717,1317.3240865270145,1298.5900977241572,1302.886474609375,5433264,0.0,0.0
2024-07-18 00:00:00+05:30,1298.8899842960564,1317.4740781396913,1293.3946805163423,1308.281982421875,6787511,0.0,0.0
2024-07-19 00:00:00+05:30,1304.5351521039754,1307.882267202837,1287.0999791820136,1291.2464599609375,4496066,0.0,0.0
2024-07-22 00:00:00+05:30,1282.254157040865,1291.2464721792971,1277.108530096213,1281.4049072265625,6695557,0.0,0.0
2024-07-23 00:00:00+05:30,1287.3997027504545,1289.9974581222002,1249.9317253712213,1262.1712646484375,8789327,0.0,0.0
2024-07-24 00:00:00+05:30,1261.8216015091461,1266.2677527529374,1225.602556319145,1238.1917724609375,10344860,0.0,0.0
2024-07-25 00:00:00+05:30,1198.9752696285975,1198.9752696285975,1154.513270046537,1174.8958740234375,32979871,0.0,0.0
2024-07-26 00:00:00+05:30,1164.0051748855426,1182.139700501223,1154.263500675127,1176.3446044921875,18554648,0.0,0.0
2024-07-29 00:00:00+05:30,1181.3403267525803,1193.579866061191,1162.65634410464,1169.0509033203125,19598573,0.0,0.0
2024-07-30 00:00:00+05:30,1163.1059899797806,1178.992437900641,1159.2092956646895,1169.0009765625,18090045,0.0,0.0
2024-07-31 00:00:00+05:30,1156.0120428892758,1170.0000883520675,1153.0146045758206,1165.104248046875,17347076,0.0,0.0
2024-08-01 00:00:00+05:30,1167.0026950641445,1174.6461874515737,1164.454823612974,1171.299072265625,11190500,0.0,0.0
2024-08-02 00:00:00+05:30,1163.0060993620923,1166.8029034557203,1155.1128205144428,1159.8587646484375,10581445,0.0,0.0
2024-08-05 00:00:00+05:30,1141.0248463432538,1150.4667282030086,1123.3400091574642,1132.5321044921875,12013362,0.0,0.0
2024-08-06 00:00:00+05:30,1139.026583274535,1150.0171906570083,1122.1409893573368,1125.138427734375,8571122,0.0,0.0
2024-08-07 00:00:00+05:30,1137.8276379214865,1143.8225145765712,1126.0376650467224,1135.829345703125,8370312,0.0,0.0
2024-08-08 00:00:00+05:30,1132.1324857784152,1141.8242766781827,1125.038572458969,1137.17822265625,7903428,0.0,0.0
2024-08-09 00:00:00+05:30,1151.0162710566617,1154.713062724147,1138.9765121432943,1141.774169921875,6262086,0.0,0.0
2024-08-12 00:00:00+05:30,1145.0214849192898,1168.1017365309908,1134.880127129973,1163.305908203125,9078384,0.0,0.0
2024-08-13 00:00:00+05:30,1160.3582468075288,1178.592662314838,1154.413376565547,1158.6097412109375,6180463,0.0,0.0
2024-08-14 00:00:00+05:30,1158.0103428946786,1158.0103428946786,1147.6692050368504,1152.1153564453125,5021841,0.0,0.0
2024-08-16 00:00:00+05:30,1165.4040707231297,1169.000972398833,1148.6183669484067,1165.8536376953125,6107134,0.0,0.0
2024-08-19 00:00:00+05:30,1168.0018101230557,1170.2998949773084,1149.2178143474769,1152.2652587890625,6691823,0.0,0.0
2024-08-20 00:00:00+05:30,1157.0112241980148,1175.9950007608493,1153.6641090393628,1167.002685546875,6721749,0.0,0.0
2024-08-21 00:00:00+05:30,1165.603828347,1176.994118402172,1160.5082075756561,1173.397216796875,9480630,0.0,0.0
2024-08-22 00:00:00+05:30,1178.6926021829222,1179.9915408958257,1167.951781637088,1168.950927734375,5841326,0.0,0.0
2024-08-23 00:00:00+05:30,1169.0009361917578,1172.9475144975986,1162.506486546248,1164.954345703125,5121962,0.0,0.0
2024-08-26 00:00:00+05:30,1170.6994882789022,1174.2465058769608,1165.104294265047,1169.30078125,3392612,0.0,0.0
2024-08-27 00:00:00+05:30,1169.000939360119,1183.838234581859,1163.2558492735202,1180.2413330078125,8702113,0.0,0.0
2024-08-28 00:00:00+05:30,1175.994955914158,1180.69089378261,1168.351463880549,1169.9500732421875,5483503,0.0,0.0
2024-08-29 00:00:00+05:30,1168.0018028062877,1178.8925198005202,1162.4066089824673,1174.3963623046875,7290114,0.0,0.0
2024-08-30 00:00:00+05:30,1175.9949656447764,1181.9398361833976,1170.8493388105494,1174.2464599609375,10190506,0.0,0.0
2024-09-02 00:00:00+05:30,1174.9957934621327,1192.9804229539002,1173.0973915114537,1187.784912109375,6432362,0.0,0.0
2024-09-03 00:00:00+05:30,1186.985617809891,1192.5309276896276,1175.695217608263,1190.58251953125,7920246,0.0,0.0
2024-09-04 00:00:00+05:30,1181.6900665341032,1188.634205243029,1172.2981905853524,1176.6943359375,6527941,0.0,0.0
2024-09-05 00:00:00+05:30,1180.990705264549,1181.8399550671666,1172.4479572141481,1179.5419921875,4234766,0.0,0.0
2024-09-06 00:00:00+05:30,1174.9957675970875,1180.341174629591,1149.817335649293,1157.760498046875,9874576,0.0,0.0
2024-09-09 00:00:00+05:30,1157.0112163733215,1174.596163835175,1144.0223167076451,1169.8502197265625,7700940,0.0,0.0
2024-09-10 00:00:00+05:30,1177.8933180831702,1189.8330647497864,1172.3480086470006,1186.1861572265625,8723854,0.0,0.0
2024-09-11 00:00:00+05:30,1186.1861945137762,1193.8296865293353,1179.9915375147775,1185.087158203125,6000329,0.0,0.0
2024-09-12 00:00:00+05:30,1189.083702391641,1204.6703565446362,1175.7451268751188,1202.3223876953125,7592871,0.0,0.0
2024-09-13 00:00:00+05:30,1208.8669203308898,1218.5087048247742,1199.974495430322,1216.410400390625,6762566,0.0,0.0
2024-09-16 00:00:00+05:30,1220.9565800362964,1232.9463336864073,1213.9625570737317,1229.9989013671875,4039284,0.0,0.0
2024-09-17 00:00:00+05:30,1234.1451799941071,1239.5405931789464,1226.5516942361462,1231.0478515625,8030427,0.0,0.0
2024-09-18 00:00:00+05:30,1230.8481209839067,1249.3323240741963,1223.9539884110695,1239.3907470703125,8210034,0.0,0.0
2024-09-19 00:00:00+05:30,1247.3838839474913,1260.6225696046859,1237.9420022086015,1241.6387939453125,8449864,0.0,0.0
2024-09-20 00:00:00+05:30,1242.9377435523343,1248.9326201289532,1228.849807990495,1243.9368896484375,15009629,0.0,0.0
2024-09-23 00:00:00+05:30,1250.4312892398568,1251.3804292067466,1239.4906887117218,1245.7353515625,5462814,0.0,0.0
2024-09-24 00:00:00+05:30,1240.0401803989173,1246.035056902626,1234.2950904161967,1238.4915771484375,9225946,0.0,0.0
2024-09-25 00:00:00+05:30,1236.942817936568,1269.9146378007897,1230.0486857535618,1267.01708984375,6853324,0.0,0.0
2024-09-26 00:00:00+05:30,1266.4677489486294,1280.5556852451584,1261.1722255766892,1276.009521484375,7270078,0.0,0.0
2024-09-27 00:00:00+05:30,1271.9129699045366,1280.4557177425643,1256.1764190200147,1272.0628662109375,13372027,0.0,0.0
2024-09-30 00:00:00+05:30,1262.4211501734367,1273.9113308042197,1228.3002850375033,1231.1478271484375,8466919,0.0,0.0
2024-10-01 00:00:00+05:30,1227.0512520632726,1241.8885466631198,1223.6042469422223,1225.6025390625,11164280,0.0,0.0
2024-10-03 00:00:00+05:30,1206.4689403357831,1218.1090170312034,1172.0982894021524,1174.696044921875,17300892,0.0,0.0
2024-10-04 00:00:00+05:30,1174.4962507198202,1201.7729882724368,1172.997531556843,1177.393798828125,13064515,0.0,0.0
2024-10-07 00:00:00+05:30,1181.9398732684149,1183.8382753207918,1129.934390048423,1144.7216796875,20047013,0.0,0.0
2024-10-08 00:00:00+05:30,1152.0155149847044,1167.3523840477021,1141.5244803729618,1152.3153076171875,8464570,0.0,0.0
2024-10-09 00:00:00+05:30,1153.0146443687056,1183.988174676704,1153.0146443687056,1169.15087890625,9807734,0.0,0.0
2024-10-10 00:00:00+05:30,1175.9949603025386,1189.9830057097056,1174.046674192971,1183.23876953125,6806243,0.0,0.0
2024-10-11 00:00:00+05:30,1181.4903201137774,1187.1854043714447,1165.0044086703294,1171.4488525390625,4754158,0.0,0.0
2024-10-14 00:00:00+05:30,1170.5496378403072,1173.9966430270208,1155.6123307770424,1163.355712890625,9765296,0.0,0.0
2024-10-15 00:00:00+05:30,1165.104286275286,1170.999272878385,1148.5184847898495,1152.86474609375,8741516,0.0,0.0
2024-10-16 00:00:00+05:30,1150.017137372719,1161.956884234946,1147.1195893492861,1152.2152099609375,7739854,0.0,0.0
2024-10-17 00:00:00+05:30,1150.017218078076,1150.3668948371856,1123.040272041492,1130.883544921875,6595231,0.0,0.0
2024-10-18 00:00:00+05:30,1157.0112007686191,1202.8220257322612,1155.0629146314764,1195.8280029296875,20829666,0.0,0.0
2024-10-21 00:00:00+05:30,1195.8280254005576,1213.7627716752456,1184.5377472724651,1189.28369140625,7456038,0.0,0.0
2024-10-22 00:00:00+05:30,1193.2301736580623,1196.9769713563815,1172.347996759549,1174.7459716796875,7256246,0.0,0.0
2024-10-23 00:00:00+05:30,1174.0965788352514,1182.1397538713547,1157.6606739810497,1159.4091796875,6501834,0.0,0.0
2024-10-24 00:00:00+05:30,1164.005180524674,1174.196421730821,1153.6640430136567,1166.3531494140625,5046700,0.0,0.0
2024-10-25 00:00:00+05:30,1185.9863817213213,1200.7237862119612,1169.0008985795669,1188.3343505859375,12798716,0.0,0.0
2024-10-28 00:00:00+05:30,1192.9805076128803,1192.9805076128803,1166.0535675549525,1170.599609375,8572243,0.0,0.0
2024-10-29 00:00:00+05:30,1175.3955196864351,1190.1828090793306,1156.6115238483947,1185.8365478515625,9908946,0.0,0.0
2024-10-30 00:00:00+05:30,1177.7434804139418,1186.635905210707,1163.3058678710145,1169.400634765625,9686560,0.0,0.0
2024-10-31 00:00:00+05:30,1164.5048071730241,1176.9941337192813,1152.8647304386966,1158.5599365234375,8682294,0.0,0.0
2024-11-01 00:00:00+05:30,1163.0560879501725,1171.4988238645128,1163.0060818578193,1168.5513916015625,460781,0.0,0.0
2024-11-04 00:00:00+05:30,1170.9992572381775,1175.9449817651664,1134.480417622347,1138.2772216796875,9288653,0.0,0.0
2024-11-05 00:00:00+05:30,1137.9774273803207,1173.896803662119,1132.4821237068345,1170.699462890625,11701049,0.0,0.0
2024-11-06 00:00:00+05:30,1170.799429278286,1182.5393957578722,1160.4581697425565,1165.50390625,10353506,0.0,0.0
2024-11-07 00:00:00+05:30,1167.6020678828468,1171.8984447514144,1150.0671276109715,1158.9095458984375,6252889,0.0,0.0
2024-11-08 00:00:00+05:30,1155.0128937463028,1166.7528604431186,1150.1170534539897,1159.9586181640625,3786168,0.0,0.0
2024-11-11 00:00:00+05:30,1151.0163455380018,1175.795218429766,1141.9740242453897,1170.0001220703125,6620678,0.0,0.0
2024-11-12 00:00:00+05:30,1170.6496057768486,1185.9864747171694,1152.8148714727597,1157.1611328125,9606088,0.0,0.0
2024-11-13 00:00:00+05:30,1150.9164816548919,1164.5048449852266,1134.130777445248,1138.1773681640625,8079113,0.0,0.0
2024-11-14 00:00:00+05:30,1136.5787393829623,1149.7674196333846,1130.6337466753373,1139.7259521484375,5975873,0.0,0.0
2024-11-18 00:00:00+05:30,1130.2340117154433,1134.0308156556105,1120.5923494899985,1125.23828125,9474971,0.0,0.0
2024-11-19 00:00:00+05:30,1129.0351110813517,1138.0274261253624,1121.0919482455736,1132.981689453125,19225966,0.0,0.0
2024-11-21 00:00:00+05:30,1137.0283256912808,1151.0163718772894,1114.7973237170884,1138.1773681640625,8126248,0.0,0.0
2024-11-22 00:00:00+05:30,1135.6794703132584,1146.919864248595,1126.5872649454466,1141.424560546875,16687505,0.0,0.0
2024-11-25 00:00:00+05:30,1159.0094383509029,1163.5055956548504,1141.024809135113,1154.9129638671875,12385823,0.0,0.0
2024-11-26 00:00:00+05:30,1156.1119336772122,1158.609798939658,1141.674321246706,1143.822509765625,5127437,0.0,0.0
2024-11-27 00:00:00+05:30,1144.2220616490547,1154.463309144657,1132.5821071903288,1148.6683349609375,5989943,0.0,0.0
2024-11-28 00:00:00+05:30,1147.5192965947504,1153.464167107178,1128.43563046558,1131.532958984375,10731275,0.0,0.0
2024-11-29 00:00:00+05:30,1132.582060260801,1139.925759377213,1126.736958261915,1135.3297119140625,6406277,0.0,0.0
2024-12-02 00:00:00+05:30,1131.7327610004063,1140.4254054214641,1125.6379940634379,1136.1290283203125,4785858,0.0,0.0
2024-12-03 00:00:00+05:30,1143.422805606189,1163.9053003762572,1137.0282462603673,1159.509033203125,8382042,0.0,0.0
2024-12-04 00:00:00+05:30,1156.5116747211634,1167.0027093514634,1152.9147729554202,1158.4599609375,18379798,0.0,0.0
2024-12-05 00:00:00+05:30,1163.00607766556,1175.895086940121,1149.1179222761664,1165.404052734375,10640451,0.0,0.0
2024-12-06 00:00:00+05:30,1166.503084244846,1192.8305598686338,1159.0094884145792,1183.53857421875,7542210,0.0,0.0
2024-12-09 00:00:00+05:30,1183.2387822026365,1184.9872878972571,1160.008635116961,1162.2567138671875,6308112,0.0,0.0
2024-12-10 00:00:00+05:30,1156.0120320175192,1164.0552068694128,1150.2669419707597,1152.6649169921875,4714389,0.0,0.0
2024-12-11 00:00:00+05:30,1149.018037571162,1157.3608832768325,1143.572740005626,1146.2703857421875,7788242,0.0,0.0
2024-12-12 00:00:00+05:30,1144.022283571999,1153.5641776056896,1142.6234546399185,1144.6717529296875,4825283,0.0,0.0
2024-12-13 00:00:00+05:30,1140.0257583610694,1151.7157195420548,1112.6991355227563,1147.169677734375,8731618,0.0,0.0
2024-12-16 00:00:00+05:30,1145.5209692270178,1154.0137108218105,1140.7750253946338,1149.917236328125,3975202,0.0,0.0
2024-12-17 00:00:00+05:30,1144.2721002862004,1150.8664403216148,1129.035121871562,1135.27978515625,7292817,0.0,0.0
2024-12-18 00:00:00+05:30,1135.229787819368,1138.9267016920649,1114.997078620928,1121.291748046875,7222127,0.0,0.0
2024-12-19 00:00:00+05:30,1103.956540634929,1118.0944822195825,1100.1098525767634,1107.953125,11677610,0.0,0.0
2024-12-20 00:00:00+05:30,1103.0072568859084,1104.9056588150418,1064.0905661860045,1070.9346923828125,12623056,0.0,0.0
2024-12-23 00:00:00+05:30,1074.181925218324,1082.6247827661366,1071.4842795912562,1078.228515625,3886921,0.0,0.0
2024-12-24 00:00:00+05:30,1076.3801503868544,1083.8237401012339,1075.0812116606846,1077.978759765625,4343694,0.0,0.0
2024-12-26 00:00:00+05:30,1082.075186563399,1091.666964377949,1071.8339394144841,1075.780517578125,4775460,0.0,0.0
2024-12-27 00:00:00+05:30,1077.1793765790876,1085.3224416159574,1075.081194180686,1076.5299072265625,3801667,0.0,0.0
2024-12-30 00:00:00+05:30,1073.1828578787208,1095.5637560852615,1063.0415000388418,1069.036376953125,9452155,0.0,0.0
2024-12-31 00:00:00+05:30,1061.093125882966,1069.5358613844005,1057.5961146394723,1063.790771484375,5292136,0.0,0.0
2025-01-01 00:00:00+05:30,1063.2413952878649,1076.03039277255,1053.050031422574,1070.8848876953125,2985355,0.0,0.0
2025-01-02 00:00:00+05:30,1071.0846105910884,1087.7703015405455,1066.5884531772265,1085.672119140625,6557076,0.0,0.0
2025-01-03 00:00:00+05:30,1085.0726691338768,1092.5662649151882,1078.8780120744239,1083.9736328125,7357220,0.0,0.0
2025-01-06 00:00:00+05:30,1086.8211254988164,1089.0692041311972,1058.994932153449,1062.491943359375,5283413,0.0,0.0
2025-01-07 00:00:00+05:30,1063.6410686595937,1069.585939386801,1055.0983204039812,1066.5885009765625,4619462,0.0,0.0
2025-01-08 00:00:00+05:30,1062.8417164055375,1081.425810390834,1058.1956624176928,1074.0321044921875,8780098,0.0,0.0
2025-01-09 00:00:00+05:30,1078.6781174845069,1079.2276966322133,1053.3497879534912,1060.8433837890625,9054190,0.0,0.0
2025-01-10 00:00:00+05:30,1055.3480496665616,1063.940681583058,1036.114487577964,1039.811279296875,5612886,0.0,0.0
2025-01-13 00:00:00+05:30,1025.7233630583805,1062.0923055338462,1022.3762480127075,1048.404052734375,7180930,0.0,0.0
2025-01-14 00:00:00+05:30,1052.0508920133261,1060.094067323752,1044.607301966996,1050.7520751953125,6892897,0.0,0.0
2025-01-15 00:00:00+05:30,1042.1093350734811,1052.0009054084283,1013.7835688153692,1025.9232177734375,11418721,0.0,0.0
2025-01-16 00:00:00+05:30,1033.0171728612916,1045.5563831841841,1026.1730464981413,1037.1136474609375,10261727,0.0,0.0
2025-01-17 00:00:00+05:30,999.1461051896173,1010.8361268169435,973.7677697245856,990.2037353515625,33831617,0.0,0.0
2025-01-20 00:00:00+05:30,991.2028832561386,993.3510717794115,975.6661734888432,987.206298828125,33440507,0.0,0.0
2025-01-21 00:00:00+05:30,992.7515647509814,993.6008755464943,962.1777177393942,969.37158203125,11894500,0.0,0.0
2025-01-22 00:00:00+05:30,974.9168003898411,974.9168003898411,953.185372863857,958.4808349609375,17303146,0.0,0.0
2025-01-23 00:00:00+05:30,953.1854083200985,962.8771379807579,947.1905315382111,950.2379150390625,24649522,0.0,0.0
2025-01-24 00:00:00+05:30,947.1904904330852,960.978694236453,945.2920884746561,947.6900634765625,14421921,0.0,0.0
2025-01-27 00:00:00+05:30,942.2946747087996,948.9390207529837,932.7028964179103,947.2904052734375,12713296,0.0,0.0
2025-01-28 00:00:00+05:30,959.180235428942,993.0013057953831,957.3817846841201,982.9598999023438,21781371,0.0,0.0
2025-01-29 00:00:00+05:30,987.1563504180045,987.8058197786002,976.7652065467048,982.560302734375,11175206,0.0,0.0
2025-01-30 00:00:00+05:30,983.809246785376,990.5534830633907,973.9676209602275,983.8591918945312,10473118,0.0,0.0
2025-01-31 00:00:00+05:30,981.1614599961304,989.154628713003,977.2148207455668,985.2579345703125,9036312,0.0,0.0
2025-02-01 00:00:00+05:30,988.6550911139932,1004.0919109485104,981.1614951732605,997.2977294921875,4830391,0.0,0.0
2025-02-03 00:00:00+05:30,986.2570909647077,999.6456730985736,982.5102930895256,988.55517578125,7124605,0.0,0.0
2025-02-04 00:00:00+05:30,993.1512442533443,1016.2314952547484,986.9565261066653,1014.4330444335938,16058171,0.0,0.0
2025-02-05 00:00:00+05:30,1019.7285079133438,1021.1772819871264,1009.6371564724461,1012.4347534179688,7858373,0.0,0.0
2025-02-06 00:00:00+05:30,1011.135846962794,1020.9774115938708,1009.1874998832046,1019.8284301757812,5815563,0.0,0.0
2025-02-07 00:00:00+05:30,1018.6294771085081,1026.4727498171085,1006.7896198894281,1023.2255249023438,8638651,0.0,0.0
2025-02-10 00:00:00+05:30,1020.1281486117224,1025.8732385769695,1005.3407988108239,1010.8860473632812,3960565,0.0,0.0
2025-02-11 00:00:00+05:30,1008.1384042718065,1015.4821036361709,1001.743844906005,1006.539794921875,4808215,0.0,0.0
2025-02-12 00:00:00+05:30,999.1460897554412,1009.7870200045517,983.1597523193541,1006.0402221679688,7669283,0.0,0.0
2025-02-13 00:00:00+05:30,1002.1435394057845,1016.5812127633229,1000.195192312027,1007.339111328125,6348246,0.0,0.0
2025-02-14 00:00:00+05:30,1009.6870990599269,1015.1324576088659,986.8066895087635,996.6482543945312,5375755,0.0,0.0
2025-02-17 00:00:00+05:30,991.6025387766662,998.7964027455306,977.2148108389374,992.1021118164062,7166803,0.0,0.0
2025-02-18 00:00:00+05:30,992.1021599108303,996.4983662838368,985.7076002989517,993.3011474609375,3090004,0.0,0.0
2025-02-19 00:00:00+05:30,990.8032596729911,1012.5846325710227,987.3062483045857,1010.4863891601562,6401381,0.0,0.0
2025-02-20 00:00:00+05:30,1007.5389474515373,1018.7793410298854,1005.6405454762012,1016.3314208984375,5011212,0.0,0.0
2025-02-21 00:00:00+05:30,1011.1358844792248,1021.0274555684333,999.7956002866314,1008.0885009765625,5019937,0.0,0.0
2025-02-24 00:00:00+05:30,1000.4949167860066,1012.134993173767,997.6973199195476,1009.1875,4265454,0.0,0.0
2025-02-25 00:00:00+05:30,1003.1426606538377,1012.8343897910249,996.2485283338186,1008.23828125,5708975,0.0,0.0
2025-02-27 00:00:00+05:30,1006.7895881710506,1022.675974509891,1004.2917229306947,1015.8318481445312,9777690,0.0,0.0
2025-02-28 00:00:00+05:30,1013.9334407248853,1034.615777000597,1009.0876065778273,1014.6828002929688,15026849,0.0,0.0
2025-03-03 00:00:00+05:30,1016.1815119995523,1018.5295418855362,991.1529148051625,1006.389892578125,6763184,0.0,0.0
2025-03-04 00:00:00+05:30,1000.2451655910475,1010.2366268834685,997.7473002679423,1000.944580078125,5786420,0.0,0.0
2025-03-05 00:00:00+05:30,1002.1435659127035,1016.5312945423531,1001.6939379587069,1013.5838012695312,5133873,0.0,0.0
2025-03-06 00:00:00+05:30,1021.7267392253694,1038.612332076587,1014.2831498454004,1033.2169189453125,7861120,0.0,0.0
2025-03-07 00:00:00+05:30,1032.817337571361,1049.4531455409124,1029.8198990891383,1036.7640380859375,7597321,0.0,0.0
2025-03-10 00:00:00+05:30,1035.1153504084468,1049.6029687298005,1031.468442782615,1034.9654541015625,5995655,0.0,0.0
2025-03-11 00:00:00+05:30,1029.520113656347,1035.914672765481,1020.2280066108474,1024.774169921875,4771085,0.0,0.0
2025-03-12 00:00:00+05:30,1024.3245322593168,1028.9207018891527,998.3467946594548,1010.3365478515625,7504702,0.0,0.0
2025-03-13 00:00:00+05:30,1014.1332914267962,1015.132437526724,1004.2417206442948,1009.33740234375,4004140,0.0,0.0
2025-03-17 00:00:00+05:30,1010.2366012913976,1038.1128019842872,1010.2366012913976,1033.2669677734375,5938668,0.0,0.0
2025-03-18 00:00:00+05:30,1033.2669677734375,1033.2669677734375,1033.2669677734375,1033.2669677734375,0,0.0,0.0
2025-03-19 00:00:00+05:30,1046.9053623518132,1057.646183234451,1042.6089852123262,1051.1517333984375,4822365,0.0,0.0
2025-03-20 00:00:00+05:30,1055.3481090881514,1057.9958707491392,1046.0061170837591,1053.44970703125,3742644,0.0,0.0
2025-03-21 00:00:00+05:30,1053.4496491429936,1074.6316193008408,1049.6529672039042,1069.2362060546875,6848565,0.0,0.0
2025-03-24 00:00:00+05:30,1081.0760349569089,1104.0063882058416,1072.783073887539,1096.9124755859375,8284863,0.0,0.0
2025-03-25 00:00:00+05:30,1109.002216272288,1122.5406953407569,1095.413853076155,1117.594970703125,11720528,0.0,0.0
2025-03-26 00:00:00+05:30,1114.047955120439,1117.8946433973692,1088.1201613639344,1095.31396484375,7127060,0.0,0.0
2025-03-27 00:00:00+05:30,1091.067555947459,1107.053893763539,1087.1708617115737,1097.412109375,8508917,0.0,0.0
2025-03-28 00:00:00+05:30,1097.462058532138,1106.0546902692902,1085.5721960050441,1101.0589599609375,4921190,0.0,0.0
2025-04-01 00:00:00+05:30,1092.2664595426536,1100.3096343737684,1069.0863189829122,1084.6729736328125,6638140,0.0,0.0
2025-04-02 00:00:00+05:30,1090.76773491548,1094.664429049867,1079.8271340440042,1083.52392578125,4065344,0.0,0.0
2025-04-03 00:00:00+05:30,1077.9787109284953,1091.017493860897,1074.381809497697,1088.9193115234375,5345660,0.0,0.0
2025-04-04 00:00:00+05:30,1080.5764837084853,1100.9590880995302,1074.5316011481896,1090.3681640625,6059991,0.0,0.0
2025-04-07 00:00:00+05:30,1034.1161611572818,1068.087126837811,1031.4683997330853,1047.0550537109375,9720457,0.0,0.0
2025-04-08 00:00:00+05:30,1060.093978570394,1084.0234781220995,1059.3946251089444,1076.9295654296875,8723357,0.0,0.0
2025-04-09 00:00:00+05:30,1072.1837048584816,1080.926233635811,1057.096622447392,1060.7435302734375,6690201,0.0,0.0
2025-04-11 00:00:00+05:30,1062.392153253822,1071.7840295190008,1056.6470628741667,1068.0372314453125,8144072,0.0,0.0
2025-04-15 00:00:00+05:30,1089.0692731441595,1116.0462184422258,1082.0752502891053,1111.849853515625,9320299,0.0,0.0
2025-04-16 00:00:00+05:30,1121.7413327534418,1162.5065444211673,1111.6499810412404,1160.3084716796875,12836428,0.0,0.0
2025-04-17 00:00:00+05:30,1154.613187862119,1198.1759326401855,1152.6148956982988,1189.783203125,13446336,0.0,0.0
2025-04-21 00:00:00+05:30,1200.9736202361637,1237.6422335650964,1197.0769260268742,1221.9556884765625,15166580,0.0,0.0
2025-04-22 00:00:00+05:30,1229.3493484820563,1233.9453960091998,1211.0649266211587,1215.760986328125,8461710,0.0,0.0
2025-04-23 00:00:00+05:30,1224.2538202977976,1228.9497583930292,1193.8797530955178,1205.8695068359375,9433911,0.0,0.0
2025-04-24 00:00:00+05:30,1198.0760451934377,1218.9582227468238,1198.0760451934377,1206.0692138671875,9078137,0.0,0.0
2025-04-25 00:00:00+05:30,1175.9950141977513,1178.8925624152441,1145.0214836623813,1165.30419921875,17243807,0.0,0.0
2025-04-28 00:00:00+05:30,1165.3041229955159,1194.9787128132273,1163.3058308336208,1191.781494140625,5523502,0.0,0.0
2025-04-29 00:00:00+05:30,1192.9804852009415,1208.966823361088,1183.3887066980697,1186.2862548828125,6074520,0.0,0.0
2025-04-30 00:00:00+05:30,1184.0880493990605,1192.8805840933246,1173.996697920787,1183.9881591796875,6288257,0.0,0.0
2025-05-02 00:00:00+05:30,1181.0905876428099,1209.4663614496308,1179.092295430584,1182.3895263671875,5249372,0.0,0.0
2025-05-05 00:00:00+05:30,1188.9838228735969,1188.9838228735969,1163.305817670235,1172.1981201171875,7236056,0.0,0.0
2025-05-06 00:00:00+05:30,1176.9941263517048,1177.7934920320934,1156.711411381114,1160.4083251953125,5348267,0.0,0.0
2025-05-07 00:00:00+05:30,1158.0103867504365,1167.6021653881123,1151.9156196344402,1160.3084716796875,4263817,0.0,0.0
2025-05-08 00:00:00+05:30,1169.000902041538,1177.9932166726269,1164.6046349397911,1171.198974609375,9912347,0.0,0.0
2025-05-09 00:00:00+05:30,1159.0094902220203,1171.1990240051655,1147.5193099310263,1150.1170654296875,5379571,0.0,0.0
2025-05-12 00:00:00+05:30,1183.9881482207568,1207.9676550201646,1174.1964674912338,1201.9727783203125,7616208,0.0,0.0
2025-05-13 00:00:00+05:30,1204.17088139939,1213.7627819342401,1188.983908829347,1192.580810546875,5569926,0.0,0.0
2025-05-14 00:00:00+05:30,1194.8788087975402,1198.3758200404661,1184.887348103466,1194.4791259765625,4084921,0.0,0.0
2025-05-15 00:00:00+05:30,1195.9778616685178,1215.960783333823,1183.9881086693347,1208.0675048828125,6705748,0.0,0.0
2025-05-16 00:00:00+05:30,1204.9701644737838,1212.2639795957512,1202.1725066819429,1207.767822265625,4016269,0.0,0.0
2025-05-19 00:00:00+05:30,1206.9684600284695,1217.959066866477,1200.0743277095955,1201.77294921875,4550022,0.0,0.0
2025-05-20 00:00:00+05:30,1206.9684640476505,1209.666109675897,1191.8813826402697,1194.7789306640625,4724482,0.0,0.0
2025-05-21 00:00:00+05:30,1196.0777462450546,1203.8711344442138,1181.6900183206467,1196.7772216796875,3712472,0.0,0.0
2025-05-22 00:00:00+05:30,1195.6780564317094,1195.6780564317094,1176.4945006220091,1187.485107421875,4795583,0.0,0.0
2025-05-23 00:00:00+05:30,1187.485119395582,1212.0640886389942,1187.0854365692512,1209.066650390625,3676469,0.0,0.0
2025-05-26 00:00:00+05:30,1215.1614996663016,1223.1546688717133,1207.6679035362279,1214.162353515625,3607612,0.0,0.0
2025-05-27 00:00:00+05:30,1214.1623415292133,1215.6610607404325,1189.3835904167063,1194.5791015625,7249163,0.0,0.0
2025-05-28 00:00:00+05:30,1194.5790654630853,1201.1734053999564,1190.6823712384548,1193.6798095703125,3525421,0.0,0.0
2025-05-29 00:00:00+05:30,1198.9753285293477,1207.9676434933178,1187.984721351162,1200.673828125,7788068,0.0,0.0
2025-05-30 00:00:00+05:30,1200.3741017035964,1207.767806945901,1188.584129401051,1191.181884765625,9998488,0.0,0.0
2025-06-02 00:00:00+05:30,1188.7840792835677,1199.8745766070429,1178.1930330443174,1193.380126953125,3761853,0.0,0.0
2025-06-03 00:00:00+05:30,1193.9795608940237,1197.8762549838802,1173.8967491583935,1180.4910888671875,8155665,0.0,0.0
2025-06-04 00:00:00+05:30,1180.7909490961636,1190.282837362319,1167.6021469572256,1170.0001220703125,4306355,0.0,0.0
2025-06-05 00:00:00+05:30,1171.498848863261,1174.4962872825274,1156.0120836970516,1158.0103759765625,10481600,0.0,0.0
2025-06-06 00:00:00+05:30,1157.9104875951884,1200.1742961943326,1150.216989127201,1193.5799560546875,14715421,0.0,0.0
2025-06-09 00:00:00+05:30,1211.4646926212756,1223.4544462802078,1205.1700231639036,1218.8583984375,9138108,0.0,0.0
2025-06-10 00:00:00+05:30,1223.3544631361597,1234.8446428531997,1217.3595867620518,1231.747314453125,7747558,0.0,0.0
2025-06-11 00:00:00+05:30,1231.547437255107,1240.73965439643,1227.051279882547,1230.3485107421875,4135775,0.0,0.0
2025-06-12 00:00:00+05:30,1229.9489006576741,1236.0436677299426,1209.766197378075,1211.8643798828125,3461744,0.0,0.0
2025-06-13 00:00:00+05:30,1196.9769975725644,1210.6652500104622,1194.5790225999053,1204.7703857421875,3906868,0.0,0.0
2025-06-16 00:00:00+05:30,1205.070075190406,1216.9599380589093,1194.9787240709816,1214.3621826171875,5697424,0.0,0.0
2025-06-17 00:00:00+05:30,1214.3621705402443,1225.9522406799451,1210.2656960037218,1214.0623779296875,4492946,0.0,0.0
2025-06-18 00:00:00+05:30,1208.7670098415024,1222.2554822950017,1202.872023413054,1219.9573974609375,3135662,0.0,0.0
2025-06-19 00:00:00+05:30,1216.9599001780673,1226.751580345239,1212.763535515606,1216.4603271484375,4243763,0.0,0.0
2025-06-20 00:00:00+05:30,1216.4603740469724,1224.9531158781012,1213.1631431378685,1219.6575927734375,4652390,0.0,0.0
2025-06-23 00:00:00+05:30,1211.5645133005319,1221.855766720184,1204.5704907342642,1213.063232421875,2312469,0.0,0.0
2025-06-24 00:00:00+05:30,1221.85584819293,1237.3426134794584,1214.5620325296159,1220.1572265625,6745788,0.0,0.0
2025-06-25 00:00:00+05:30,1225.2529376663326,1225.2529376663326,1209.9659532198973,1212.2640380859375,4229259,0.0,0.0
2025-06-26 00:00:00+05:30,1214.162353992752,1237.9420811746302,1210.1657693884756,1232.44677734375,8678448,0.0,0.0
2025-06-27 00:00:00+05:30,1235.8438054880892,1245.935156459947,1219.3578952382181,1224.0538330078125,6068274,0.0,0.0
2025-06-30 00:00:00+05:30,1227.850614406535,1234.9445270212907,1192.0811367630172,1198.1759033203125,6559872,0.0,0.0
2025-07-01 00:00:00+05:30,1200.973663276553,1200.973663276553,1166.003548289299,1172.2982177734375,8702198,0.0,0.0
2025-07-02 00:00:00+05:30,1178.9924468672707,1180.8908489291716,1170.999277735967,1174.2965087890625,5471100,0.0,0.0
2025-07-03 00:00:00+05:30,1176.9941080825224,1179.9915463883353,1167.0026470631462,1170.0999755859375,6237185,0.0,0.0
2025-07-04 00:00:00+05:30,1174.0,1179.5,1162.0,1177.5999755859375,3926186,1.0,0.0
2025-07-07 00:00:00+05:30,1177.5999755859375,1177.5999755859375,1167.5999755859375,1175.0999755859375,5783402,0.0,0.0
2025-07-08 00:00:00+05:30,1180.0,1180.0,1161.9000244140625,1165.4000244140625,9973619,0.0,0.0
2025-07-09 00:00:00+05:30,1160.0,1171.0,1158.5999755859375,1164.699951171875,8674795,0.0,0.0
2025-07-10 00:00:00+05:30,1170.0999755859375,1176.5999755859375,1163.0,1164.300048828125,4339755,0.0,0.0
2025-07-11 00:00:00+05:30,1162.0,1175.9000244140625,1160.5999755859375,1173.800048828125,4468654,0.0,0.0
2025-07-14 00:00:00+05:30,1179.0,1179.9000244140625,1163.0,1172.699951171875,4772502,0.0,0.0
2025-07-15 00:00:00+05:30,1174.0,1179.0,1162.300048828125,1165.9000244140625,4776756,0.0,0.0
2025-07-16 00:00:00+05:30,1164.9000244140625,1174.0,1157.0999755859375,1168.4000244140625,4388279,0.0,0.0
2025-07-17 00:00:00+05:30,1170.0,1172.9000244140625,1154.800048828125,1159.800048828125,5694428,0.0,0.0
2025-07-18 00:00:00+05:30,1090.0,1115.9000244140625,1086.0,1099.300048828125,38053695,0.0,0.0
2025-07-21 00:00:00+05:30,1086.0,1101.5,1071.9000244140625,1099.5999755859375,15905500,0.0,0.0
2025-07-22 00:00:00+05:30,1102.0,1110.5999755859375,1095.0,1098.0,9999957,0.0,0.0
2025-07-23 00:00:00+05:30,1099.5,1110.5,1098.0999755859375,1104.800048828125,6633979,0.0,0.0
2025-07-24 00:00:00+05:30,1104.0,1105.0,1089.4000244140625,1095.0999755859375,9901209,0.0,0.0
2025-07-25 00:00:00+05:30,1086.0999755859375,1101.0,1076.199951171875,1086.0999755859375,11779887,0.0,0.0
2025-07-28 00:00:00+05:30,1080.9000244140625,1092.199951171875,1067.4000244140625,1073.5999755859375,9029557,0.0,0.0
2025-07-29 00:00:00+05:30,1070.9000244140625,1078.699951171875,1055.4000244140625,1064.199951171875,15599773,0.0,0.0
2025-07-30 00:00:00+05:30,1070.5,1080.5999755859375,1062.0,1073.300048828125,8247433,0.0,0.0
2025-07-31 00:00:00+05:30,1066.0,1081.300048828125,1063.9000244140625,1068.4000244140625,7634413,0.0,0.0
2025-08-01 00:00:00+05:30,1065.0,1070.9000244140625,1060.0,1062.4000244140625,5545447,0.0,0.0
2025-08-04 00:00:00+05:30,1064.4000244140625,1070.0,1059.0,1068.5999755859375,4465845,0.0,0.0
2025-08-05 00:00:00+05:30,1068.0,1079.9000244140625,1062.5,1070.800048828125,5318081,0.0,0.0
2025-08-06 00:00:00+05:30,1074.0,1077.699951171875,1065.5999755859375,1071.0,4216651,0.0,0.0
2025-08-07 00:00:00+05:30,1067.800048828125,1079.699951171875,1064.5,1076.199951171875,5321131,0.0,0.0
2025-08-08 00:00:00+05:30,1073.0,1080.4000244140625,1054.199951171875,1058.0999755859375,5084903,0.0,0.0
2025-08-11 00:00:00+05:30,1058.0999755859375,1075.4000244140625,1052.5999755859375,1073.300048828125,5452775,0.0,0.0
2025-08-12 00:00:00+05:30,1071.0999755859375,1076.5999755859375,1066.300048828125,1070.0,4573025,0.0,0.0
2025-08-13 00:00:00+05:30,1071.0999755859375,1072.800048828125,1063.199951171875,1066.0,4966778,0.0,0.0
2025-08-14 00:00:00+05:30,1067.0,1072.4000244140625,1062.0,1068.199951171875,6761305,0.0,0.0
2025-08-18 00:00:00+05:30,1080.0,1090.0,1079.4000244140625,1082.5999755859375,7964987,0.0,0.0
2025-08-19 00:00:00+05:30,1078.0,1095.0,1075.800048828125,1083.199951171875,5661531,0.0,0.0
2025-08-20 00:00:00+05:30,1081.0,1083.699951171875,1077.800048828125,1080.199951171875,3034728,0.0,0.0
2025-08-21 00:00:00+05:30,1090.0,1090.0,1076.4000244140625,1078.9000244140625,6459262,0.0,0.0
2025-08-22 00:00:00+05:30,1076.0,1078.5,1069.5,1070.9000244140625,3853718,0.0,0.0
2025-08-25 00:00:00+05:30,1073.0,1074.5,1068.199951171875,1070.0,2711278,0.0,0.0
2025-08-26 00:00:00+05:30,1068.0,1069.800048828125,1048.0,1050.0999755859375,7197666,0.0,0.0
2025-08-28 00:00:00+05:30,1057.0,1059.5,1047.0,1051.9000244140625,8564803,0.0,0.0
2025-08-29 00:00:00+05:30,1052.0999755859375,1063.0,1042.5,1045.199951171875,4718016,0.0,0.0
2025-09-01 00:00:00+05:30,1047.5999755859375,1064.0,1047.5999755859375,1061.5,3190426,0.0,0.0
2025-09-02 00:00:00+05:30,1061.5,1064.9000244140625,1049.0,1056.199951171875,4933541,0.0,0.0
2025-09-03 00:00:00+05:30,1056.199951171875,1064.9000244140625,1045.0,1054.699951171875,8303296,0.0,0.0
2025-09-04 00:00:00+05:30,1058.199951171875,1062.199951171875,1047.300048828125,1050.4000244140625,8088417,0.0,0.0
2025-09-05 00:00:00+05:30,1056.5999755859375,1058.0,1047.800048828125,1055.9000244140625,2849589,0.0,0.0
2025-09-08 00:00:00+05:30,1055.9000244140625,1063.0,1054.0,1055.5,2260147,0.0,0.0
2025-09-09 00:00:00+05:30,1057.5,1059.0,1048.699951171875,1052.199951171875,4310419,0.0,0.0
2025-09-10 00:00:00+05:30,1058.0,1074.0999755859375,1055.0999755859375,1070.0999755859375,5241075,0.0,0.0
2025-09-11 00:00:00+05:30,1069.0,1093.0,1069.0,1087.4000244140625,5227539,0.0,0.0
2025-09-12 00:00:00+05:30,1088.4000244140625,1108.699951171875,1088.4000244140625,1105.300048828125,6014850,0.0,0.0
2025-09-15 00:00:00+05:30,1105.0,1110.0,1100.0,1104.4000244140625,3881807,0.0,0.0
2025-09-16 00:00:00+05:30,1105.699951171875,1127.0999755859375,1104.0,1121.199951171875,7965606,0.0,0.0
2025-09-17 00:00:00+05:30,1121.300048828125,1128.5,1116.0999755859375,1126.0,5590739,0.0,0.0
2025-09-18 00:00:00+05:30,1129.0,1134.4000244140625,1121.199951171875,1133.0,5713032,0.0,0.0
2025-09-19 00:00:00+05:30,1133.0,1144.0999755859375,1126.5999755859375,1135.9000244140625,8910732,0.0,0.0
2025-09-22 00:00:00+05:30,1136.0,1147.5999755859375,1131.199951171875,1144.4000244140625,7689900,0.0,0.0
2025-09-23 00:00:00+05:30,1146.0,1172.800048828125,1141.9000244140625,1170.800048828125,16079093,0.0,0.0
2025-09-24 00:00:00+05:30,1168.0,1172.800048828125,1154.0,1158.9000244140625,12812055,0.0,0.0
2025-09-25 00:00:00+05:30,1154.699951171875,1171.800048828125,1153.4000244140625,1166.5999755859375,11188302,0.0,0.0
2025-09-26 00:00:00+05:30,1161.5999755859375,1169.699951171875,1148.0,1154.0,5618932,0.0,0.0
2025-09-29 00:00:00+05:30,1155.4000244140625,1158.300048828125,1126.699951171875,1132.199951171875,9693881,0.0,0.0
2025-09-30 00:00:00+05:30,1130.0,1137.0,1125.4000244140625,1131.5999755859375,8165203,0.0,0.0
2025-10-01 00:00:00+05:30,1132.5,1164.800048828125,1131.0,1159.5,9655009,0.0,0.0
2025-10-03 00:00:00+05:30,1171.0,1188.0,1169.5,1181.0,11095015,0.0,0.0
2025-10-06 00:00:00+05:30,1185.0,1215.199951171875,1182.0999755859375,1212.800048828125,20128505,0.0,0.0
2025-10-07 00:00:00+05:30,1212.0,1212.0,1184.0,1186.800048828125,8620156,0.0,0.0
2025-10-08 00:00:00+05:30,1180.0999755859375,1194.800048828125,1174.0999755859375,1180.5999755859375,5160430,0.0,0.0
2025-10-09 00:00:00+05:30,1178.0,1187.300048828125,1163.0999755859375,1167.4000244140625,7194651,0.0,0.0
2025-10-10 00:00:00+05:30,1168.0,1191.699951171875,1165.199951171875,1180.4000244140625,6933035,0.0,0.0
2025-10-13 00:00:00+05:30,1171.0,1193.5999755859375,1167.5,1189.5999755859375,4138448,0.0,0.0
2025-10-14 00:00:00+05:30,1191.800048828125,1191.800048828125,1166.5999755859375,1176.800048828125,5742538,0.0,0.0
2025-10-15 00:00:00+05:30,1180.0,1181.699951171875,1164.0,1169.5999755859375,6328142,0.0,0.0
2025-10-16 00:00:00+05:30,1216.4000244140625,1216.9000244140625,1185.300048828125,1196.300048828125,17747171,0.0,0.0
2025-10-17 00:00:00+05:30,1196.300048828125,1212.9000244140625,1191.5999755859375,1200.199951171875,6404414,0.0,0.0
2025-10-20 00:00:00+05:30,1207.9000244140625,1231.699951171875,1207.0,1226.0,7418616,0.0,0.0
2025-10-21 00:00:00+05:30,1225.800048828125,1238.800048828125,1222.0,1237.300048828125,1940248,0.0,0.0
2025-10-23 00:00:00+05:30,1246.0,1276.0999755859375,1241.300048828125,1258.800048828125,14611221,0.0,0.0
2025-10-24 00:00:00+05:30,1254.199951171875,1256.0,1240.0999755859375,1241.9000244140625,4882046,0.0,0.0
2025-10-27 00:00:00+05:30,1243.4000244140625,1258.5,1242.5999755859375,1254.0999755859375,6185072,0.0,0.0
2025-10-28 00:00:00+05:30,1249.0,1258.9000244140625,1236.5999755859375,1246.300048828125,8146777,0.0,0.0
2025-10-29 00:00:00+05:30,1246.9000244140625,1251.0,1239.199951171875,1248.800048828125,4578825,0.0,0.0
2025-10-30 00:00:00+05:30,1243.0,1248.0,1235.0,1238.5999755859375,4017532,0.0,0.0
2025-10-31 00:00:00+05:30,1243.0,1245.4000244140625,1231.0,1232.800048828125,4106607,0.0,0.0
2025-11-03 00:00:00+05:30,1226.0,1241.0,1222.300048828125,1233.699951171875,6118907,0.0,0.0
2025-11-04 00:00:00+05:30,1230.0999755859375,1235.9000244140625,1222.800048828125,1226.5999755859375,3299345,0.0,0.0
2025-11-05 00:00:00+05:30,1226.5999755859375,1226.5999755859375,1226.5999755859375,1226.5999755859375,0,0.0,0.0
2025-11-06 00:00:00+05:30,1225.0,1239.5999755859375,1225.0,1228.5,3733721,0.0,0.0
2025-11-07 00:00:00+05:30,1227.0,1228.800048828125,1217.0,1222.800048828125,3461466,0.0,0.0
2025-11-10 00:00:00+05:30,1222.0,1232.800048828125,1215.5,1217.0,4140568,0.0,0.0
2025-11-11 00:00:00+05:30,1218.0999755859375,1225.0,1209.4000244140625,1222.5,5615453,0.0,0.0
2025-11-12 00:00:00+05:30,1227.9000244140625,1232.699951171875,1216.5,1221.5999755859375,6782513,0.0,0.0
2025-11-13 00:00:00+05:30,1219.0,1234.800048828125,1213.199951171875,1225.199951171875,3345231,0.0,0.0
2025-11-14 00:00:00+05:30,1224.0,1246.0,1222.0,1241.5999755859375,5197740,0.0,0.0
2025-11-17 00:00:00+05:30,1243.9000244140625,1261.0,1240.4000244140625,1249.5999755859375,4088026,0.0,0.0
2025-11-18 00:00:00+05:30,1250.0,1273.5,1247.5999755859375,1265.4000244140625,10175969,0.0,0.0
2025-11-19 00:00:00+05:30,1268.0,1273.0,1257.800048828125,1270.4000244140625,4101288,0.0,0.0
2025-11-20 00:00:00+05:30,1275.0,1287.300048828125,1262.5999755859375,1285.199951171875,4617594,0.0,0.0
2025-11-21 00:00:00+05:30,1284.0,1284.5,1273.0,1275.800048828125,6363593,0.0,0.0
2025-11-24 00:00:00+05:30,1279.199951171875,1290.9000244140625,1266.5999755859375,1269.0,10491953,0.0,0.0
2025-11-25 00:00:00+05:30,1269.0999755859375,1276.699951171875,1263.699951171875,1266.300048828125,5290156,0.0,0.0
2025-11-26 00:00:00+05:30,1271.9000244140625,1292.800048828125,1269.300048828125,1290.199951171875,4842021,0.0,0.0
2025-11-27 00:00:00+05:30,1297.0,1304.0,1281.0,1287.300048828125,5924706,0.0,0.0
2025-11-28 00:00:00+05:30,1287.300048828125,1289.0,1275.0,1279.699951171875,3093636,0.0,0.0
2025-12-01 00:00:00+05:30,1288.0,1289.0,1268.5,1275.699951171875,4098016,0.0,0.0
2025-12-02 00:00:00+05:30,1270.699951171875,1281.0,1255.0999755859375,1258.0,8115347,0.0,0.0
2025-12-03 00:00:00+05:30,1255.0,1272.9000244140625,1255.0,1270.699951171875,3582794,0.0,0.0
2025-12-04 00:00:00+05:30,1270.699951171875,1282.800048828125,1269.4000244140625,1280.0,3216108,0.0,0.0
2025-12-05 00:00:00+05:30,1275.199951171875,1285.0,1267.300048828125,1282.5,2728214,0.0,0.0
2025-12-08 00:00:00+05:30,1284.0,1288.800048828125,1265.0999755859375,1273.800048828125,2969478,0.0,0.0
2025-12-09 00:00:00+05:30,1272.0,1281.4000244140625,1263.199951171875,1275.9000244140625,4239279,0.0,0.0
2025-12-10 00:00:00+05:30,1273.0,1284.0,1268.300048828125,1278.5999755859375,2928746,0.0,0.0
2025-12-11 00:00:00+05:30,1277.4000244140625,1282.0,1271.0,1272.699951171875,2017404,0.0,0.0
2025-12-12 00:00:00+05:30,1278.0,1291.0,1277.9000244140625,1286.0999755859375,2281078,0.0,0.0
2025-12-15 00:00:00+05:30,1285.0,1290.4000244140625,1280.0,1284.800048828125,1634472,0.0,0.0
2025-12-16 00:00:00+05:30,1277.0999755859375,1277.5999755859375,1216.9000244140625,1219.5999755859375,11542048,0.0,0.0
2025-12-17 00:00:00+05:30,1220.5999755859375,1236.0,1220.300048828125,1224.699951171875,5147181,0.0,0.0
2025-12-18 00:00:00+05:30,1226.0999755859375,1238.5,1220.199951171875,1229.800048828125,3441592,0.0,0.0
2025-12-19 00:00:00+05:30,1236.699951171875,1241.5,1229.0999755859375,1230.5999755859375,5055047,0.0,0.0
2025-12-22 00:00:00+05:30,1235.0,1236.9000244140625,1226.800048828125,1233.199951171875,2405809,0.0,0.0
2025-12-23 00:00:00+05:30,1239.0,1239.0,1223.5,1225.0,2920318,0.0,0.0
2025-12-24 00:00:00+05:30,1230.0,1235.4000244140625,1224.699951171875,1226.300048828125,3155506,0.0,0.0
2025-12-26 00:00:00+05:30,1225.0,1229.9000244140625,1222.0,1228.199951171875,1665983,0.0,0.0
