Date,Open,High,Low,Close,Volume,Dividends,Stock Splits
2020-01-01 00:00:00+05:30,162.21258036818108,162.83900905239355,161.0586290850741,162.09718322753906,4766592,0.0,0.0
2020-01-02 00:00:00+05:30,161.94880609936936,162.1136562643477,160.38272953207527,160.74539184570312,6424966,0.0,0.0
2020-01-03 00:00:00+05:30,159.54201913688664,160.48166727501948,155.89883379660057,159.41014099121094,22655540,0.0,0.0
2020-01-06 00:00:00+05:30,156.60770461039527,158.2562067641889,153.3601533550901,154.678955078125,15332634,0.0,0.0
2020-01-07 00:00:00+05:30,154.26679755364384,156.52524704840073,151.61271366100343,151.9918670654297,23454588,0.0,0.0
2020-01-08 00:00:00+05:30,148.36517948934716,153.11286322067474,147.8871098863295,151.62921142578125,24743076,0.0,0.0
2020-01-09 00:00:00+05:30,155.66805614805784,156.4098821162054,153.4590693021247,155.14053344726562,12999312,0.0,0.0
2020-01-10 00:00:00+05:30,156.2120584691065,156.5087969030775,153.77227731880862,155.0416259765625,8708498,0.0,0.0
2020-01-13 00:00:00+05:30,155.28886124281192,157.0197880401044,154.62946055812907,155.20643615722656,7338838,0.0,0.0
2020-01-14 00:00:00+05:30,156.24500610881927,157.8440549440829,155.6515494569299,156.0636749267578,7216716,0.0,0.0
2020-01-15 00:00:00+05:30,155.78345817529996,155.93182739822572,152.71724810254494,154.2833251953125,9956518,0.0,0.0
2020-01-16 00:00:00+05:30,154.2997768608553,154.794327427717,151.71162688194758,152.25563049316406,6370550,0.0,0.0
2020-01-17 00:00:00+05:30,152.32156054485208,153.39308667422603,149.02455706985526,149.65098571777344,11132598,0.0,0.0
2020-01-20 00:00:00+05:30,149.9971993447091,153.87117900183745,148.89270100460055,150.7225341796875,11681302,0.0,0.0
2020-01-21 00:00:00+05:30,150.87089124329432,153.80522252238686,150.03014926325181,152.9315185546875,8398840,0.0,0.0
2020-01-22 00:00:00+05:30,153.3766271785154,153.7887526706528,149.71695079600386,150.16204833984375,7460864,0.0,0.0
2020-01-23 00:00:00+05:30,151.49733231469258,155.5526431702705,150.6730813227737,154.62948608398438,11131352,0.0,0.0
2020-01-24 00:00:00+05:30,154.71190932756897,156.0142299038439,153.21177656493217,153.67335510253906,7871260,0.0,0.0
2020-01-27 00:00:00+05:30,153.80523595193185,155.55264403990594,152.65128455679408,154.2173614501953,8828966,0.0,0.0
2020-01-28 00:00:00+05:30,154.66244557591128,158.99800342898405,154.16789502092223,158.56939697265625,15217662,0.0,0.0
2020-01-29 00:00:00+05:30,159.55850255404744,160.53111263578793,157.1516837486587,157.94296264648438,14264654,0.0,0.0
2020-01-30 00:00:00+05:30,158.27264683981386,159.73981740201805,153.36011370397156,154.84376525878906,10891876,0.0,0.0
2020-01-31 00:00:00+05:30,154.95918712313846,155.81641017061926,150.3598625445014,150.65660095214844,13892950,0.0,0.0
2020-02-03 00:00:00+05:30,147.12882124442507,152.816153830344,145.87596359798764,151.7611083984375,18802900,0.0,0.0
2020-02-04 00:00:00+05:30,153.3106573696794,158.6188348307242,152.32155635439116,157.76161193847656,15683820,0.0,0.0
2020-02-05 00:00:00+05:30,158.25617319433815,167.47130230396274,157.59677247269508,165.41067504882812,30234094,0.0,0.0
2020-02-06 00:00:00+05:30,165.93819831887515,168.1471949040421,162.27853212617174,163.21817016601562,22467954,0.0,0.0
2020-02-07 00:00:00+05:30,163.13574982752922,163.39951617794682,160.23439040453803,162.0147705078125,9022030,0.0,0.0
2020-02-10 00:00:00+05:30,162.21257282696556,163.3830050493269,159.36066680077394,160.05303955078125,8848392,0.0,0.0
2020-02-11 00:00:00+05:30,161.8169516051893,162.85551591008598,158.27267232030562,158.5858917236328,7943310,0.0,0.0
2020-02-12 00:00:00+05:30,159.2452813942474,160.13547643291528,156.24500596434322,156.52525329589844,7549204,0.0,0.0
2020-02-13 00:00:00+05:30,157.49788356052517,157.76163985327617,154.29978568721683,154.62948608398438,8083000,0.0,0.0
2020-02-14 00:00:00+05:30,155.28888324946578,159.73983850183902,154.92621080916317,157.08575439453125,23043576,0.0,0.0
2020-02-17 00:00:00+05:30,157.74516493258713,157.74516493258713,151.66218835331802,152.20619201660156,9025984,0.0,0.0
2020-02-18 00:00:00+05:30,152.23913307615373,155.78341175632406,150.3433561076905,155.20643615722656,11940592,0.0,0.0
2020-02-19 00:00:00+05:30,156.1131349475724,158.5858878770482,154.7943333851853,156.7890167236328,10786834,0.0,0.0
2020-02-20 00:00:00+05:30,156.55825193903777,158.25620714924483,155.1405340463306,155.5361785888672,8752120,0.0,0.0
2020-02-24 00:00:00+05:30,155.2888505062936,156.83844603282319,152.65124794992343,153.19525146484375,12382886,0.0,0.0
2020-02-25 00:00:00+05:30,154.89323851160935,155.14051380301464,149.9807047346891,150.5906524658203,11044046,0.0,0.0
2020-02-26 00:00:00+05:30,150.87089761215623,151.5138073234566,146.12321409861906,147.9695281982422,14491090,0.0,0.0
2020-02-27 00:00:00+05:30,147.32660943757685,148.24976643068456,144.57360939010889,146.4034423828125,12178324,0.0,0.0
2020-02-28 00:00:00+05:30,144.70550018130507,144.70550018130507,138.63901497476456,140.56776428222656,12199026,0.0,0.0
2020-03-02 00:00:00+05:30,142.43056035482834,145.6781110233983,134.02320088943918,135.9519500732422,15624380,0.0,0.0
2020-03-03 00:00:00+05:30,136.85864846798427,140.83153456567842,136.3311257755055,140.1226806640625,11415592,0.0,0.0
2020-03-04 00:00:00+05:30,139.1665421018741,141.3425667737436,133.66054134777394,138.04556274414062,15457514,0.0,0.0
2020-03-05 00:00:00+05:30,138.02906511146188,141.49091917762652,137.50154247952437,137.94664001464844,11450828,0.0,0.0
2020-03-06 00:00:00+05:30,131.94607746626147,135.12768367160007,131.2207327080372,132.90220642089844,15762914,0.0,0.0
2020-03-09 00:00:00+05:30,136.46299204608295,149.81585809915322,133.7924168231374,139.74351501464844,79590744,0.0,0.0
2020-03-11 00:00:00+05:30,139.57865175701073,139.57865175701073,132.22632756882658,133.33082580566406,29496116,0.0,0.0
2020-03-12 00:00:00+05:30,129.0117480597598,129.42387351364565,108.98245100090813,113.51583099365234,35196480,0.0,0.0
2020-03-13 00:00:00+05:30,111.37277911119573,130.7921386309238,90.81596943251401,123.98381805419922,50824080,0.0,0.0
2020-03-16 00:00:00+05:30,115.39513401748837,127.6764732807782,115.29622792727912,120.2252426147461,33314334,0.0,0.0
2020-03-17 00:00:00+05:30,120.34062532839287,127.14893540655844,116.71392155137282,117.76896667480469,19649626,0.0,0.0
2020-03-18 00:00:00+05:30,119.99446963459545,120.68683245429176,108.20767984051638,109.6418685913086,20417518,0.0,0.0
2020-03-19 00:00:00+05:30,102.53682541668564,105.50412904610741,94.09649308066548,98.99254608154297,27434876,0.0,0.0
2020-03-20 00:00:00+05:30,100.55862804934543,106.49323560635598,98.44854737474002,104.79528045654297,20390122,0.0,0.0
2020-03-23 00:00:00+05:30,99.1095100351108,103.63029470337901,91.21552025395324,93.66718292236328,18697444,8.25,0.0
2020-03-24 00:00:00+05:30,96.57091291300624,98.41399767028454,87.63366577000603,91.40678405761719,19533962,0.0,0.0
2020-03-25 00:00:00+05:30,87.84232204371986,96.31010124494053,87.84232204371986,95.1972885131836,14919242,0.0,0.0
2020-03-26 00:00:00+05:30,95.63200253048353,99.59638160377841,93.37160974339938,98.17059326171875,12626898,0.0,0.0
2020-03-27 00:00:00+05:30,100.84826769636351,105.71680475756727,95.35378011517528,96.93605041503906,12155778,0.0,0.0
2020-03-30 00:00:00+05:30,93.54548107699115,100.67441179103696,93.54548107699115,95.54505920410156,13666176,0.0,0.0
2020-03-31 00:00:00+05:30,98.76174534356544,114.65404452591986,97.37073484576875,110.20280456542969,33090992,0.0,0.0
2020-04-01 00:00:00+05:30,108.49881868419128,109.8550517952301,102.06539514041711,105.3516616821289,25195590,0.0,0.0
2020-04-03 00:00:00+05:30,104.67355329693292,113.36737001594729,99.85717671208512,110.28975677490234,28641760,0.0,0.0
2020-04-07 00:00:00+05:30,113.71512830029434,124.94753581092243,111.10698315579218,122.0959701538086,21185186,0.0,0.0
2020-04-08 00:00:00+05:30,121.71344372025249,126.65153625335932,118.3228549309026,119.0357437133789,18356498,0.0,0.0
2020-04-09 00:00:00+05:30,120.02684143366253,124.0259974553807,117.97510264068634,119.93990325927734,15853988,0.0,0.0
2020-04-13 00:00:00+05:30,119.97467394090887,123.29570777163666,116.91445461874828,121.74821472167969,9908612,0.0,0.0
2020-04-15 00:00:00+05:30,123.27834428363987,128.7902272436596,122.0959871097807,123.05230712890625,12598234,0.0,0.0
2020-04-16 00:00:00+05:30,123.27831806323803,126.92972099599966,121.55693814990852,123.59129333496094,11831216,0.0,0.0
2020-04-17 00:00:00+05:30,127.27746940042918,127.27746940042918,123.173992391563,125.2257308959961,8840986,0.0,0.0
2020-04-20 00:00:00+05:30,125.938621714863,129.67696275104083,125.60826306060252,128.11207580566406,12420738,0.0,0.0
2020-04-21 00:00:00+05:30,127.53830246519321,128.4772389983086,122.79148024237695,123.53914642333984,10283406,0.0,0.0
2020-04-22 00:00:00+05:30,124.21725707104771,125.190960294981,117.24480972041073,124.04338073730469,14252248,0.0,0.0
2020-04-23 00:00:00+05:30,124.09554782347949,126.19944732369706,122.5828215204998,123.50436401367188,8341956,0.0,0.0
2020-04-24 00:00:00+05:30,122.40896183112778,124.02600991462134,120.6701981687538,121.86994934082031,6912420,0.0,0.0
2020-04-27 00:00:00+05:30,122.8262438499237,127.13837471467126,122.51325796563181,123.59129333496094,9902396,0.0,0.0
2020-04-28 00:00:00+05:30,125.12141123347729,130.35509548582039,123.17400469663023,124.87799072265625,22200402,0.0,0.0
2020-04-29 00:00:00+05:30,125.19096009696595,126.92972343164604,123.469580150605,125.45177459716797,11648158,0.0,0.0
2020-04-30 00:00:00+05:30,126.66893974510398,129.8508752990967,124.49548504803631,128.66851806640625,16016718,0.0,0.0
2020-05-04 00:00:00+05:30,125.88648504599173,125.88648504599173,118.77493765402822,120.98316955566406,14509120,0.0,0.0
2020-05-05 00:00:00+05:30,123.10445414202823,126.65153587928418,120.06161805800916,120.68756866455078,26356086,0.0,0.0
2020-05-06 00:00:00+05:30,111.71554684142168,120.47891849626681,108.62055015650007,119.55736541748047,41361302,0.0,0.0
2020-05-07 00:00:00+05:30,118.93141564155815,118.93141564155815,114.13243293964588,114.60189056396484,17100430,0.0,0.0
2020-05-08 00:00:00+05:30,115.80162989239768,116.94920936702471,111.69815295805482,112.93267059326172,16997368,0.0,0.0
2020-05-11 00:00:00+05:30,113.36737615514562,114.88010246868684,108.25540740250837,109.47254180908203,21372716,0.0,0.0
2020-05-12 00:00:00+05:30,107.97718612060547,111.21128117001206,107.31645827974008,108.67269134521484,16622240,0.0,0.0
2020-05-13 00:00:00+05:30,112.67187764817487,112.81097660917705,108.7596596742799,110.08111572265625,15241920,0.0,0.0
2020-05-14 00:00:00+05:30,109.00308534891288,110.011566031316,106.84701441751041,107.69901275634766,9664168,0.0,0.0
2020-05-15 00:00:00+05:30,108.84658153746057,112.7935763131698,108.18585361230285,110.65489959716797,27767190,0.0,0.0
2020-05-18 00:00:00+05:30,111.47211382079811,111.80248310142879,101.49161858643917,102.25666809082031,20378694,0.0,0.0
2020-05-19 00:00:00+05:30,104.84743347209312,105.85591412592767,101.4742282165203,101.99585723876953,12045836,0.0,0.0
2020-05-20 00:00:00+05:30,102.23929377837558,108.29018863458174,101.56117176849094,107.42080688476562,17342228,0.0,0.0
2020-05-21 00:00:00+05:30,107.80333248627245,109.88984859890998,104.88221205109386,108.91614532470703,14931316,0.0,0.0
2020-05-22 00:00:00+05:30,108.15106800869131,112.67185220198066,106.84699564524246,109.61163330078125,17078040,0.0,0.0
2020-05-26 00:00:00+05:30,109.54211023867445,111.59384922856714,108.51623543744255,108.89876556396484,12212502,0.0,0.0
2020-05-27 00:00:00+05:30,110.16805090577758,115.24524243865072,108.75965671848,114.56713104248047,18130652,0.0,0.0
2020-05-28 00:00:00+05:30,116.11460019452257,116.27109312191773,111.38516233822133,113.52384948730469,18552604,0.0,0.0
2020-05-29 00:00:00+05:30,114.06288205952708,120.72234393530563,113.36737668111533,119.2096176147461,26722320,0.0,0.0
2020-06-01 00:00:00+05:30,119.73124481534263,124.04338658552791,118.27068991058252,120.42675018310547,20423126,0.0,0.0
2020-06-02 00:00:00+05:30,121.01793533043005,121.01793533043005,117.29697732667913,118.79232025146484,12639442,0.0,0.0
2020-06-03 00:00:00+05:30,119.62691002625535,123.08705309326311,117.95770157324198,121.383056640625,20167782,0.0,0.0
2020-06-04 00:00:00+05:30,118.9314210863694,124.98231582614437,117.8881630066644,124.23464965820312,32779676,0.0,0.0
2020-06-05 00:00:00+05:30,124.02600184881689,129.53788442260142,122.47850865748515,128.52940368652344,21970108,0.0,0.0
2020-06-08 00:00:00+05:30,132.00691786558053,138.57944131615398,130.96365983810634,137.04933166503906,29583292,0.0,0.0
2020-06-09 00:00:00+05:30,139.10108893758192,139.81397777335866,131.95477473844198,132.66766357421875,19643304,0.0,0.0
2020-06-10 00:00:00+05:30,133.65871520687534,133.65871520687534,129.69433765159062,131.78085327148438,14983264,0.0,0.0
2020-06-11 00:00:00+05:30,131.45048960901377,134.4063868621265,127.97296342888114,128.68585205078125,16965850,0.0,0.0
2020-06-12 00:00:00+05:30,123.53914866035666,131.06799261383617,123.53914866035666,130.0247344970703,15636964,0.0,0.0
2020-06-15 00:00:00+05:30,130.02469507928672,130.04208907683528,123.9738019589242,125.53868865966797,13054104,0.0,0.0
2020-06-16 00:00:00+05:30,128.59892130294028,129.41614212485288,124.02597623520037,125.10401153564453,11469976,0.0,0.0
2020-06-17 00:00:00+05:30,125.1040465253277,127.45137748862433,124.06078831941808,126.7906494140625,10041494,0.0,0.0
2020-06-18 00:00:00+05:30,126.61674022490308,130.91148751513035,125.10401409594776,128.7554168701172,12301976,0.0,0.0
2020-06-19 00:00:00+05:30,129.36401397224765,133.71092304389575,129.0162612465158,132.33729553222656,13271548,0.0,0.0
2020-06-22 00:00:00+05:30,133.18926932525764,135.4148842358552,132.02429578697462,133.9369354248047,20792714,0.0,0.0
2020-06-23 00:00:00+05:30,134.23253000998983,136.63202129957168,132.9284575034161,136.3190460205078,8346306,0.0,0.0
2020-06-24 00:00:00+05:30,136.31904708083295,137.15365136901804,130.4072516717152,131.6417694091797,8117432,0.0,0.0
2020-06-25 00:00:00+05:30,131.45049987009938,133.64133728957364,127.72954232187075,128.7554168701172,13394304,0.0,0.0
2020-06-26 00:00:00+05:30,130.89408932850984,138.0404123254836,129.71173249530221,136.892822265625,24376122,0.0,0.0
2020-06-29 00:00:00+05:30,136.63200752465508,137.5709438797545,131.57221095429344,133.31097412109375,12024496,0.0,0.0
2020-06-30 00:00:00+05:30,134.54550118170764,135.36272205005992,129.43354347953573,130.0594940185547,9018244,0.0,0.0
2020-07-01 00:00:00+05:30,131.1027623165102,133.32837737921022,130.09428165197406,132.19818115234375,10365588,0.0,0.0
2020-07-02 00:00:00+05:30,133.17188420463134,136.09300440007206,131.71131880062654,133.36314392089844,13185606,0.0,0.0
2020-07-03 00:00:00+05:30,134.58027109016882,135.8147887117309,133.29358208278072,134.02386474609375,6962106,0.0,0.0
2020-07-06 00:00:00+05:30,134.9280246618313,137.9708602695401,134.023865673027,135.69308471679688,9926808,0.0,0.0
2020-07-07 00:00:00+05:30,135.71048253886,136.05823521673022,131.38095745434774,132.09385681152344,9853948,0.0,0.0
2020-07-08 00:00:00+05:30,132.98063456867825,134.73679212683388,130.80718012484994,131.502685546875,8446692,0.0,0.0
2020-07-09 00:00:00+05:30,132.66764860906267,132.77197016896983,129.7465281933954,131.0158233642578,5702054,0.0,0.0
2020-07-10 00:00:00+05:30,131.39835326716027,132.31989575370633,128.79020814717921,130.87672424316406,11766114,0.0,0.0
2020-07-13 00:00:00+05:30,131.45050963831753,133.60658044355046,130.5637445722931,132.12863159179688,10277456,0.0,0.0
2020-07-14 00:00:00+05:30,131.9721426156851,134.19775765454241,129.39877489536354,129.97256469726562,9482614,0.0,0.0
2020-07-15 00:00:00+05:30,131.39836354286294,132.96325073722994,128.0425520152345,128.52940368652344,9807552,0.0,0.0
2020-07-16 00:00:00+05:30,129.62481485305037,137.79700304633457,125.2952896290272,136.9797821044922,26616036,0.0,0.0
2020-07-17 00:00:00+05:30,140.66595104273438,155.58453804193456,136.31904279048672,154.33262634277344,107684344,0.0,0.0
2020-07-20 00:00:00+05:30,153.35893959194235,155.79320847435415,151.30720079928074,152.07225036621094,28745778,0.0,0.0
2020-07-21 00:00:00+05:30,151.9678974086093,167.26901293716494,151.41149108505735,161.42677307128906,98290940,0.0,0.0
2020-07-22 00:00:00+05:30,161.63542304609877,161.6875944322242,155.6888613840918,156.6973419189453,25364622,0.0,0.0
2020-07-23 00:00:00+05:30,155.09770314115963,166.01713572409943,154.0718284381351,159.11424255371094,72915804,0.0,0.0
2020-07-24 00:00:00+05:30,157.18419311937498,161.18334847528828,154.8542461887286,155.93228149414062,22294340,0.0,0.0
2020-07-27 00:00:00+05:30,157.87972314016469,162.26140920885948,154.40219619875137,159.16641235351562,40099526,0.0,0.0
2020-07-28 00:00:00+05:30,160.34877030675847,164.730456400475,158.922982130123,160.4878692626953,30188154,0.0,0.0
2020-07-29 00:00:00+05:30,161.35724706421294,162.6265422515791,155.37589659180472,157.81016540527344,20079062,0.0,0.0
2020-07-30 00:00:00+05:30,151.53322874333477,152.97640022790026,144.71727416328937,145.74314880371094,49057034,0.0,0.0
2020-07-31 00:00:00+05:30,146.43864033860558,148.8381314568685,142.89155912895188,143.90003967285156,22379048,0.0,0.0
2020-08-03 00:00:00+05:30,143.96959037929304,148.92506541046436,141.93523534924591,145.29104614257812,28463794,0.0,0.0
2020-08-04 00:00:00+05:30,145.3779909931695,147.09937085458037,135.97128606179888,142.0743408203125,51231218,0.0,0.0
2020-08-05 00:00:00+05:30,142.5438065826503,144.2999638015236,140.8745981373025,142.73507690429688,22069412,0.0,0.0
2020-08-06 00:00:00+05:30,143.27408683102567,147.2732421673286,141.27450916287424,142.42208862304688,25134282,0.0,0.0
2020-08-07 00:00:00+05:30,143.44800048246492,146.54299764308752,142.94375478119508,145.96920776367188,18237588,0.0,0.0
2020-08-10 00:00:00+05:30,146.4038928565784,147.58624996378487,143.79574749690065,144.36953735351562,16504844,0.0,0.0
2020-08-11 00:00:00+05:30,145.01287194831326,150.5769149966898,144.52602030409432,149.27284240722656,25534582,0.0,0.0
2020-08-12 00:00:00+05:30,149.53365948603997,150.95944766411856,146.212625479692,146.6820831298828,18101040,0.0,0.0
2020-08-13 00:00:00+05:30,146.0561107510933,148.21218139292256,144.83897649483418,146.45602416992188,11681234,0.0,0.0
2020-08-14 00:00:00+05:30,148.14261667351974,148.14261667351974,142.10910657146258,143.70877075195312,28445040,0.0,0.0
2020-08-17 00:00:00+05:30,145.63881436930362,145.63881436930362,140.17910380216279,141.8483123779297,22849152,0.0,0.0
2020-08-18 00:00:00+05:30,142.5785628533929,143.0480309755455,139.44878952246475,139.90086364746094,27093554,0.0,0.0
2020-08-19 00:00:00+05:30,140.8050378776618,142.90894765839369,138.2838313081353,140.3877410888672,33242206,0.0,0.0
2020-08-20 00:00:00+05:30,140.38775201675236,146.00395531042227,139.13584032778277,143.4305877685547,36899472,0.0,0.0
2020-08-21 00:00:00+05:30,145.70838504863428,145.70838504863428,141.9700434274581,142.61338806152344,17126912,0.0,0.0
2020-08-24 00:00:00+05:30,143.76094853784264,144.76942913645857,142.0917400030693,142.4916534423828,13081806,0.0,0.0
2020-08-25 00:00:00+05:30,142.57858609079872,145.8822362563172,142.00479634245923,143.58706665039062,25017896,0.0,0.0
2020-08-26 00:00:00+05:30,143.96962150390118,144.59557213497692,142.23085795916808,142.61338806152344,10814154,0.0,0.0
2020-08-27 00:00:00+05:30,143.13500867682788,145.51711671502952,142.40472590862862,143.60447692871094,15646796,0.0,0.0
2020-08-28 00:00:00+05:30,144.14347234462505,146.75161720007665,143.7957196972315,144.33473205566406,17487384,0.0,0.0
2020-08-31 00:00:00+05:30,145.18672719170172,148.28172356501116,140.2138686850133,141.8135223388672,37997902,0.0,0.0
2020-09-01 00:00:00+05:30,141.86569978016158,143.1871556234623,139.27493825670106,141.6222686767578,12040094,0.0,0.0
2020-09-02 00:00:00+05:30,142.14390656799893,144.4912371351769,141.32668565543048,143.9522247314453,10307040,0.0,0.0
2020-09-03 00:00:00+05:30,144.66511490119325,145.56927399183962,142.68292037987501,143.76095581054688,8794738,0.0,0.0
2020-09-04 00:00:00+05:30,142.23083738613977,142.9263427034314,139.30971717602867,140.2660369873047,9733000,0.0,0.0
2020-09-07 00:00:00+05:30,142.92633272669292,142.92633272669292,137.77959798302174,139.1706085205078,16616944,0.0,0.0
2020-09-08 00:00:00+05:30,139.27496522617923,146.03875991727296,138.9272125040165,143.30889892578125,37280122,0.0,0.0
2020-09-09 00:00:00+05:30,141.18759518183876,142.40472962306148,138.75332629939325,141.1702117919922,13471164,0.0,0.0
2020-09-10 00:00:00+05:30,142.05696599378584,150.7507827620714,141.01370798159158,149.63796997070312,50834954,0.0,0.0
2020-09-11 00:00:00+05:30,149.8813967334981,151.6201600366709,146.8733383415229,149.0989532470703,25168858,0.0,0.0
2020-09-14 00:00:00+05:30,148.10786900588144,149.35978081626166,144.02177488576254,145.06503295898438,12050202,0.0,0.0
2020-09-15 00:00:00+05:30,145.1867390074673,147.96876035371818,143.43059227767412,144.10870361328125,16667382,0.0,0.0
2020-09-16 00:00:00+05:30,144.3173584033835,146.22999809306688,143.06544666580413,143.6392364501953,10001736,0.0,0.0
2020-09-17 00:00:00+05:30,143.62185714293057,145.70837322733152,143.11761151083917,144.52601623535156,13708168,0.0,0.0
2020-09-18 00:00:00+05:30,146.0561267196828,147.0646073769,142.43950094247126,143.29148864746094,19110716,0.0,0.0
2020-09-21 00:00:00+05:30,143.79573166699026,144.56079179996817,138.77070124883548,139.60531616210938,11706332,0.0,0.0
2020-09-22 00:00:00+05:30,140.16171803434526,140.422532552915,132.91108290816268,136.3712158203125,15913160,0.0,0.0
2020-09-23 00:00:00+05:30,138.0230480057479,138.12738018593436,132.58072023532347,134.80633544921875,11588706,0.0,0.0
2020-09-24 00:00:00+05:30,131.5200665534688,134.28469396528223,130.52896930250685,131.189697265625,9254902,0.0,0.0
2020-09-25 00:00:00+05:30,131.7982410423294,132.66762257954792,127.03402597334481,130.6680450439453,26544582,0.0,0.0
2020-09-28 00:00:00+05:30,131.10275335671574,135.81479767397857,130.6506791418926,133.9369354248047,14260844,0.0,0.0
2020-09-29 00:00:00+05:30,137.01454383107526,137.01454383107526,131.50266221687997,134.4237823486328,17532748,0.0,0.0
2020-09-30 00:00:00+05:30,134.7541623367519,137.1884310757384,121.29612949189882,122.77407836914062,87189586,0.0,0.0
2020-10-01 00:00:00+05:30,124.49544939964242,125.72996706905272,120.84404655412219,122.86100769042969,32424524,0.0,0.0
2020-10-05 00:00:00+05:30,122.86100907214924,124.65194373991012,122.06118220868682,123.15660095214844,13176802,0.0,0.0
2020-10-06 00:00:00+05:30,124.04340452921777,125.33008327816367,121.78301175700797,122.42634582519531,13773544,0.0,0.0
2020-10-07 00:00:00+05:30,122.75670555231778,123.0001366922089,118.58367306895288,119.01836395263672,20549154,0.0,0.0
2020-10-08 00:00:00+05:30,119.93990627583757,119.97468366898033,117.40131576497136,118.25330352783203,19178934,0.0,0.0
2020-10-09 00:00:00+05:30,118.40979093468708,121.78299627242124,118.09681563622831,119.97467803955078,26861436,0.0,0.0
2020-10-12 00:00:00+05:30,120.67018264269893,121.64388592331814,118.39240678308802,118.79232025146484,9593558,0.0,0.0
2020-10-13 00:00:00+05:30,119.07050737703845,119.52259219770306,117.54039781205798,117.92292785644531,10558800,0.0,0.0
2020-10-14 00:00:00+05:30,117.4534635228763,117.85337696824199,114.23675134645408,115.76686096191406,16178274,0.0,0.0
2020-10-15 00:00:00+05:30,116.14941430819924,117.78385641924135,113.01963967115195,113.59342956542969,10821450,0.0,0.0
2020-10-16 00:00:00+05:30,114.37585523557507,119.41826913552123,113.88900360223214,118.2185287475586,26906266,0.0,0.0
2020-10-19 00:00:00+05:30,119.62692702464746,120.948383020008,118.60105232984412,120.54846954345703,14750554,0.0,0.0
2020-10-20 00:00:00+05:30,120.3050379521298,121.62649382586785,118.80969513440614,119.40087890625,10486228,0.0,0.0
2020-10-21 00:00:00+05:30,125.36482617857398,126.25159116171687,120.00943766821652,121.55693054199219,34108526,0.0,0.0
2020-10-22 00:00:00+05:30,121.2613591293819,121.99163123943308,119.62691735078249,121.48739624023438,11658856,0.0,0.0
2020-10-23 00:00:00+05:30,121.67865924260414,123.57391557234153,121.53956029468063,122.25244903564453,10095206,0.0,0.0
2020-10-26 00:00:00+05:30,122.25246179634112,123.00013861804015,119.1226873848141,120.35721588134766,10164184,0.0,0.0
2020-10-27 00:00:00+05:30,120.32243027588889,121.67866363914361,118.94880291065932,121.24397277832031,8717246,0.0,0.0
2020-10-28 00:00:00+05:30,121.1048600942021,121.57432829317577,119.08789897369797,120.13115692138672,7743220,0.0,0.0
2020-10-29 00:00:00+05:30,119.6269146477416,120.8440489537506,117.60995347138284,118.86185455322266,14722436,0.0,0.0
2020-10-30 00:00:00+05:30,119.9225201543167,124.9997116729865,119.45305188900745,123.26094818115234,33648648,0.0,0.0
2020-11-02 00:00:00+05:30,123.03489264581768,123.33048454322478,119.88773516992362,120.4615249633789,8690720,0.0,0.0
2020-11-03 00:00:00+05:30,121.19179710390493,123.97381827128295,121.19179710390493,122.00901794433594,13322292,0.0,0.0
2020-11-04 00:00:00+05:30,121.88731979342,122.73931814256751,119.6964820564265,121.31352996826172,8101954,0.0,0.0
2020-11-05 00:00:00+05:30,123.34786795200267,128.23378839003982,121.95685736607682,127.38179016113281,27315846,0.0,0.0
2020-11-06 00:00:00+05:30,127.9729764728804,128.68586516744367,125.64302944967818,126.04295349121094,11623324,0.0,0.0
2020-11-09 00:00:00+05:30,128.05992050071094,132.14601436597465,127.10360065990456,130.5985107421875,23414854,0.0,0.0
2020-11-10 00:00:00+05:30,130.75497652585904,133.86736651531785,129.41612690434414,133.11968994140625,16074814,0.0,0.0
2020-11-11 00:00:00+05:30,133.11969294624055,138.54463570664265,132.70239618778947,137.0145263671875,22991936,0.0,0.0
2020-11-12 00:00:00+05:30,137.3622856085007,137.67526084560146,134.61504201884426,137.24057006835938,13222638,0.0,0.0
2020-11-13 00:00:00+05:30,136.2494663911763,139.24014091662838,133.25880247829153,137.0145263671875,19115708,0.0,0.0
2020-11-14 00:00:00+05:30,138.2490501646686,144.29995425710922,137.44922338179407,143.56967163085938,16811038,0.0,0.0
2020-11-17 00:00:00+05:30,144.31733804437417,144.31733804437417,136.35380512781265,137.24057006835938,44296492,0.0,0.0
2020-11-18 00:00:00+05:30,137.17105423617667,137.17105423617667,131.2244810530754,133.2066650390625,42174930,0.0,0.0
2020-11-19 00:00:00+05:30,133.2066457732418,137.53617042742582,132.85889312993604,133.4326934814453,33181436,0.0,0.0
2020-11-20 00:00:00+05:30,134.82373003458795,135.5887796297411,131.64178424513906,133.29360961914062,18928924,0.0,0.0
2020-11-23 00:00:00+05:30,134.2325216563002,137.5535551880025,133.18926371596626,137.17103576660156,18370378,0.0,0.0
2020-11-24 00:00:00+05:30,138.40556541966504,138.9271944350658,135.04975420976746,135.53660583496094,14237058,0.0,0.0
2020-11-25 00:00:00+05:30,135.9712925874194,136.80589686441917,132.5633207011,132.85890197753906,14976356,0.0,0.0
2020-11-26 00:00:00+05:30,133.43271030891913,133.815229774741,130.42464107491577,131.4505157470703,16774012,0.0,0.0
2020-11-27 00:00:00+05:30,132.28511385737366,133.5022482052433,129.0162408741805,129.7117462158203,27707056,0.0,0.0
2020-12-01 00:00:00+05:30,130.37247821404355,132.65026464614778,129.01624487826842,131.902587890625,9807172,0.0,0.0
2020-12-02 00:00:00+05:30,132.598109280521,135.62356222125428,131.39836875149092,133.71092224121094,19302512,0.0,0.0
2020-12-03 00:00:00+05:30,134.5802906723823,138.3360154693743,133.06756435238805,136.9797821044922,37347498,0.0,0.0
2020-12-04 00:00:00+05:30,137.8143810634067,138.6837627522058,135.20623599700937,136.42337036132812,14825638,0.0,0.0
2020-12-07 00:00:00+05:30,136.37120745521557,140.83983138844937,136.12778695369067,137.3623046875,20185302,0.0,0.0
2020-12-08 00:00:00+05:30,138.75331027196088,138.75331027196088,135.2931670865674,135.780029296875,11461924,0.0,0.0
2020-12-09 00:00:00+05:30,136.37121640852584,138.6837696939716,135.97130293417462,137.4144744873047,16825160,0.0,0.0
2020-12-10 00:00:00+05:30,137.39708066618715,139.62269560942755,134.6150593339943,138.85763549804688,14788112,0.0,0.0
2020-12-11 00:00:00+05:30,139.44881106232273,141.67442587446956,136.3190372479564,138.1968994140625,29170228,0.0,0.0
2020-12-14 00:00:00+05:30,139.62271046665964,141.18759763253752,138.61422974894128,140.996337890625,22254470,0.0,0.0
2020-12-15 00:00:00+05:30,141.9874220918865,142.31779139941776,138.09259824886414,138.61422729492188,17578662,0.0,0.0
2020-12-16 00:00:00+05:30,140.07476194152707,141.17019126943606,138.50987503030686,138.9619598388672,14206982,0.0,0.0
2020-12-17 00:00:00+05:30,139.97046542471801,139.98784881514632,137.11888896482603,137.5014190673828,12233988,0.0,0.0
2020-12-18 00:00:00+05:30,138.40555849956573,138.75331115911237,135.36272272853256,136.96238708496094,13147766,0.0,0.0
2020-12-21 00:00:00+05:30,136.66681862456983,136.66681862456983,124.37375788022732,127.74696350097656,25446600,0.0,0.0
2020-12-22 00:00:00+05:30,127.74691805293496,130.2681243697869,124.14767656774329,129.537841796875,20183368,0.0,0.0
2020-12-23 00:00:00+05:30,129.71175674229414,131.1723223232944,128.4598449032325,130.1986083984375,11965506,0.0,0.0
2020-12-24 00:00:00+05:30,130.8941081423371,132.58071078234448,130.59851623840677,131.2940216064453,12131772,0.0,0.0
2020-12-28 00:00:00+05:30,132.14599051248163,133.7108772422347,131.62436160256394,133.10231018066406,9806128,0.0,0.0
2020-12-29 00:00:00+05:30,133.71092174125062,134.09345185834314,131.32881347068033,132.66766357421875,8034014,0.0,0.0
2020-12-30 00:00:00+05:30,132.8415083534944,133.60656840579315,131.72869566152679,133.13710021972656,6183434,0.0,0.0
2020-12-31 00:00:00+05:30,132.84150919070765,133.7282741824245,131.98951097312207,132.52853393554688,8594440,0.0,0.0
2021-01-01 00:00:00+05:30,132.52852010123755,133.5370005348466,132.28508903231895,132.82411193847656,5723498,0.0,0.0
2021-01-04 00:00:00+05:30,133.85000429980167,138.02303645638204,133.71090535042956,137.48402404785156,16477784,0.0,0.0
2021-01-05 00:00:00+05:30,137.2579824702686,137.2753658586619,135.27578801524882,136.3190460205078,9064136,0.0,0.0
2021-01-06 00:00:00+05:30,136.52769629366406,138.04042248557292,133.03277569683064,134.68460083007812,16144720,0.0,0.0
2021-01-07 00:00:00+05:30,135.9712881498894,137.36229877034862,134.7889312450128,136.3885955810547,13121606,0.0,0.0
2021-01-08 00:00:00+05:30,137.36228956960795,141.18756851964767,137.10147509574162,139.15321350097656,24755912,0.0,0.0
2021-01-11 00:00:00+05:30,140.49208404028275,140.75289855273377,137.48402545252824,139.7096405029297,13668006,0.0,0.0
2021-01-12 00:00:00+05:30,139.62270267182524,142.23084780268124,138.21430854619086,139.9878387451172,16662142,0.0,0.0
2021-01-13 00:00:00+05:30,141.18759531186572,147.7948965703028,140.71812704730485,143.2393341064453,42362294,0.0,0.0
2021-01-14 00:00:00+05:30,143.27407959859553,149.53362676552445,142.9263269782106,148.38604736328125,25200192,0.0,0.0
2021-01-15 00:00:00+05:30,149.32498823309257,149.35976562117585,143.030663042492,144.17825317382812,17655902,0.0,0.0
2021-01-18 00:00:00+05:30,143.96959210690446,144.97807263441499,139.79656045163185,142.42208862304688,16787164,0.0,0.0
2021-01-19 00:00:00+05:30,143.62184263573846,145.36060586377403,141.97001756910464,143.77833557128906,11094214,0.0,0.0
2021-01-20 00:00:00+05:30,144.31733281164264,144.97806064658008,142.31775530883073,143.91741943359375,9874786,0.0,0.0
2021-01-21 00:00:00+05:30,144.31734313344006,147.09936420589193,140.87459417879452,141.98739624023438,17536476,0.0,0.0
2021-01-22 00:00:00+05:30,142.23083329596173,143.60446050313843,137.34491282752154,137.72743225097656,15404838,0.0,0.0
2021-01-25 00:00:00+05:30,139.10106385242005,140.09216105488233,133.78045240509257,134.68460083007812,12060426,0.0,0.0
2021-01-27 00:00:00+05:30,134.07602927531627,135.71047096696702,132.0590681606809,132.3546600341797,12066876,0.0,0.0
2021-01-28 00:00:00+05:30,131.10278194375778,135.51924595187842,130.84196739081926,133.64137268066406,16311766,0.0,0.0
2021-01-29 00:00:00+05:30,135.58877166116844,137.90132492634743,132.615490407734,133.39793395996094,16517910,0.0,0.0
2021-02-01 00:00:00+05:30,134.92804560770517,138.37079516435682,132.35467778821655,136.66680908203125,27876736,0.0,0.0
2021-02-02 00:00:00+05:30,137.97086968141443,142.92634515201343,136.75373535530238,141.88308715820312,17753676,0.0,0.0
2021-02-03 00:00:00+05:30,140.83981338452892,145.01284489221868,139.91827104909436,144.28256225585938,17018506,0.0,0.0
2021-02-04 00:00:00+05:30,143.83051048537322,146.9255072130272,142.76985844445932,145.5518798828125,15198682,0.0,0.0
2021-02-05 00:00:00+05:30,146.22999190364976,146.85594243966042,143.6566243707842,144.31735229492188,7722568,0.0,0.0
2021-02-08 00:00:00+05:30,146.05611819882276,147.58622779077282,144.66510754931016,146.07350158691406,12645654,0.0,0.0
2021-02-09 00:00:00+05:30,149.8813944367988,152.33304641167712,144.89114171064682,145.830078125,45154044,0.0,0.0
2021-02-10 00:00:00+05:30,146.82116053833465,147.7774802441769,142.248205091253,144.5955352783203,19160592,0.0,0.0
2021-02-11 00:00:00+05:30,144.31733745547848,147.04719764793302,144.07390637618911,146.73422241210938,11459318,0.0,0.0
2021-02-12 00:00:00+05:30,147.09937161234635,148.0904687918227,144.1782514617071,145.3953857421875,10941890,0.0,0.0
2021-02-15 00:00:00+05:30,147.02982997241696,147.76011272846122,145.0128686581705,145.7083740234375,11037552,0.0,0.0
2021-02-16 00:00:00+05:30,145.29105981114424,146.96027897779925,144.73466403482843,145.34323120117188,10795324,0.0,0.0
2021-02-17 00:00:00+05:30,146.26529909449448,149.6642927131736,145.19858854370625,148.86878967285156,17178862,8.0,0.0
2021-02-18 00:00:00+05:30,150.18861108703854,157.05892183392837,148.50719513756547,156.281494140625,41510988,0.0,0.0
2021-02-19 00:00:00+05:30,158.0171442431073,160.8375831359586,153.13560775047125,155.48597717285156,48892610,0.0,0.0
2021-02-22 00:00:00+05:30,155.2328674241517,157.3843640054924,151.14684469683127,152.79209899902344,19380682,0.0,0.0
2021-02-23 00:00:00+05:30,154.7627877241438,160.0782430249361,153.96727365361275,157.3843536376953,28795656,0.0,0.0
2021-02-24 00:00:00+05:30,159.10193594272184,160.9099124875255,157.6917164447776,158.63186645507812,11981366,0.0,0.0
2021-02-25 00:00:00+05:30,159.80707270481645,169.154303870735,159.77091096205365,166.8943328857422,37621658,0.0,0.0
2021-02-26 00:00:00+05:30,164.50778877918225,168.62997305808582,159.19233337019276,162.6636505126953,36883078,0.0,0.0
2021-03-01 00:00:00+05:30,164.88745318291805,167.7259784326528,162.75404316672052,164.6162567138672,12185500,0.0,0.0
2021-03-02 00:00:00+05:30,171.57696995196312,174.43357061665816,167.05702869927705,169.58819580078125,53200666,0.0,0.0
2021-03-03 00:00:00+05:30,173.5657481204058,173.5657481204058,167.1655067444606,168.62997436523438,17675284,0.0,0.0
2021-03-04 00:00:00+05:30,167.05703543992777,170.90802333559878,166.0626483242139,167.7440643310547,12556622,0.0,0.0
2021-03-05 00:00:00+05:30,167.41861418339175,171.5588845421047,165.64679952322652,166.9846954345703,17793026,0.0,0.0
2021-03-08 00:00:00+05:30,167.05702843934796,171.01650138454542,166.9847049654124,168.75653076171875,11349538,0.0,0.0
2021-03-09 00:00:00+05:30,161.34382151084358,164.16426033609307,158.14370101314853,161.23533630371094,399581906,0.0,0.0
2021-03-10 00:00:00+05:30,163.07950318889854,163.40493679757196,159.84322038566742,161.09072875976562,23491604,0.0,0.0
2021-03-12 00:00:00+05:30,165.24904875595928,167.78021580473765,163.07947699986354,165.4479217529297,52792772,0.0,0.0
2021-03-15 00:00:00+05:30,167.94292998629805,168.14180297365994,163.18794328924835,166.53269958496094,33839076,0.0,0.0
2021-03-16 00:00:00+05:30,167.97909426444957,168.35877595512125,163.4591529589266,164.1100311279297,30782874,0.0,0.0
2021-03-17 00:00:00+05:30,159.82514250130708,161.524645036933,155.52216010250552,156.22726440429688,57699598,0.0,0.0
2021-03-18 00:00:00+05:30,157.29394468762158,158.55952815062545,153.24407319200444,154.36502075195312,26361962,0.0,0.0
2021-03-19 00:00:00+05:30,154.03959686488372,158.52337635066183,151.58075325381554,156.5526885986328,26622950,0.0,0.0
2021-03-22 00:00:00+05:30,158.46914054520155,159.82512292294143,157.05892107935463,158.8668975830078,27343862,0.0,0.0
2021-03-23 00:00:00+05:30,159.78896191313476,159.8974471248554,157.3301182709803,157.8363494873047,17089478,0.0,0.0
2021-03-24 00:00:00+05:30,157.275856476899,157.83632469353597,154.99779980876912,155.46788024902344,10317086,0.0,0.0
2021-03-25 00:00:00+05:30,156.0166859931878,156.29107340354173,151.86428761686113,153.27281188964844,20898974,2.5,0.0
2021-03-26 00:00:00+05:30,155.81546533343473,157.9739774433658,154.16914083461145,155.1935272216797,19204862,0.0,0.0
2021-03-30 00:00:00+05:30,156.9130112405265,158.7422606398445,154.20572436250632,157.60812377929688,17153798,0.0,0.0
2021-03-31 00:00:00+05:30,157.49838828042314,157.7361884920106,155.66913870689905,156.5654754638672,10018670,0.0,0.0
2021-04-01 00:00:00+05:30,157.53494585115084,160.9556441427137,156.6020220453512,160.02272033691406,9156394,0.0,0.0
2021-04-05 00:00:00+05:30,158.8154185047252,159.8763808126167,154.0593705629311,156.60202026367188,11510442,0.0,0.0
2021-04-06 00:00:00+05:30,157.3154433271616,158.66909230545238,155.23009461246545,156.62033081054688,9190874,0.0,0.0
2021-04-07 00:00:00+05:30,156.94959682161073,157.86422151171334,156.40082200754915,156.65692138671875,7430944,0.0,0.0
2021-04-08 00:00:00+05:30,157.15079749145153,159.510533473223,157.05933502959763,157.5166473388672,6708234,0.0,0.0
2021-04-09 00:00:00+05:30,157.3154408976126,158.13860308835592,155.30326665357336,155.70570373535156,8179184,0.0,0.0
2021-04-12 00:00:00+05:30,152.90694727141505,153.43742284805867,147.0716377743768,147.78504943847656,12368094,0.0,0.0
2021-04-13 00:00:00+05:30,148.16917841594685,150.91305209031623,147.14480337678916,149.77891540527344,8064312,0.0,0.0
2021-04-15 00:00:00+05:30,149.632608957024,152.33989598146655,147.5472600630754,148.1143341064453,14440358,0.0,0.0
2021-04-16 00:00:00+05:30,148.1691974820711,154.73620712036544,147.91309810690203,151.388671875,22292626,0.0,0.0
2021-04-19 00:00:00+05:30,148.16918553343606,150.87647212255825,146.33993632931956,149.54112243652344,11256462,0.0,0.0
2021-04-20 00:00:00+05:30,150.69355446395542,151.62647830192242,148.57162975086678,149.30332946777344,7026888,0.0,0.0
2021-04-22 00:00:00+05:30,148.16920083775804,154.13254939318864,147.6204260198404,153.0532989501953,15611348,0.0,0.0
2021-04-23 00:00:00+05:30,152.66914464220724,155.46790504947177,152.19354428226592,154.7727813720703,47680532,0.0,0.0
2021-04-26 00:00:00+05:30,155.85205305206748,156.71180252605294,152.76061701737063,153.2545166015625,12888196,0.0,0.0
2021-04-27 00:00:00+05:30,152.74232924150223,154.7910908607061,152.39476737968232,153.78500366210938,10816330,0.0,0.0
2021-04-28 00:00:00+05:30,154.38863386508234,155.2483832297657,151.79109774480858,152.7423095703125,19805066,0.0,0.0
2021-04-29 00:00:00+05:30,154.38864622404697,154.7544960966158,152.5593968612028,153.4923095703125,13265608,0.0,0.0
2021-04-30 00:00:00+05:30,152.7423103370087,160.05930723938036,151.6996360454505,154.31546020507812,33702940,0.0,0.0
2021-05-03 00:00:00+05:30,153.29110743449283,156.96789444758906,151.97404556724024,152.1935577392578,16118782,0.0,0.0
2021-05-04 00:00:00+05:30,153.98621482857456,157.1142380536828,153.10817733489336,154.18743896484375,19987878,0.0,0.0
2021-05-05 00:00:00+05:30,154.40693773011498,157.9008107907663,154.02279982120493,155.41302490234375,13778662,0.0,0.0
2021-05-06 00:00:00+05:30,156.58375500094508,159.14470426497923,155.17523067275573,158.7788543701172,12787288,0.0,0.0
2021-05-07 00:00:00+05:30,159.16297202818987,163.5348821810741,156.58373506375776,162.12635803222656,24054728,0.0,0.0
2021-05-10 00:00:00+05:30,164.26658519677548,166.4616843308081,162.80318577408707,165.986083984375,19405820,0.0,0.0
2021-05-11 00:00:00+05:30,164.48612136620144,169.75435782433073,163.49832214567894,169.11412048339844,21695878,0.0,0.0
2021-05-12 00:00:00+05:30,169.75431709098498,171.21771637625207,163.35194521794136,164.3580322265625,15235594,0.0,0.0
2021-05-14 00:00:00+05:30,165.9129148907012,165.9129148907012,160.64467903232406,161.79710388183594,9799430,0.0,0.0
2021-05-17 00:00:00+05:30,162.80319522108408,163.37025806434025,160.27883330343548,162.30929565429688,6063462,0.0,0.0
2021-05-18 00:00:00+05:30,163.60805634275962,165.51046885171883,161.96173202825673,164.06536865234375,9934246,0.0,0.0
2021-05-19 00:00:00+05:30,164.63244177393904,166.20559175161586,161.7971052767212,163.33367919921875,16215214,0.0,0.0
2021-05-20 00:00:00+05:30,163.90074459403365,167.50436810881487,161.52272039791487,166.38851928710938,18799814,0.0,0.0
2021-05-21 00:00:00+05:30,169.3884757400968,171.21772493815402,167.9433644076912,168.67506408691406,23987738,0.0,0.0
2021-05-24 00:00:00+05:30,170.8336143000813,173.61406459239748,168.51046521531336,172.99212646484375,22941220,0.0,0.0
2021-05-25 00:00:00+05:30,174.43722636229398,175.24210060135198,171.583601632639,173.55918884277344,21199352,0.0,0.0
2021-05-26 00:00:00+05:30,175.11404327034012,175.8640422251416,171.4006692119524,172.7543182373047,25944614,0.0,0.0
2021-05-27 00:00:00+05:30,177.43714820558142,178.53469757592524,170.486002193404,171.16282653808594,102988808,0.0,0.0
2021-05-28 00:00:00+05:30,173.77868927422662,175.57135141482192,171.4006651052109,172.4982147216797,29313704,0.0,0.0
2021-05-31 00:00:00+05:30,173.21162385762457,173.21162385762457,171.32748811221012,172.68113708496094,13495562,0.0,0.0
2021-06-01 00:00:00+05:30,173.1933345000627,174.40064582765822,171.9860343373197,172.2604217529297,8869530,0.0,0.0
2021-06-02 00:00:00+05:30,171.94945024959605,173.94333663864418,171.583600355448,173.65065002441406,12676710,0.0,0.0
2021-06-03 00:00:00+05:30,173.59576337575035,175.02257563627927,173.0835757905415,173.37625122070312,12184524,0.0,0.0
2021-06-04 00:00:00+05:30,173.70551064908233,176.6323095558224,173.43112325157546,174.9676971435547,17759466,0.0,0.0
2021-06-07 00:00:00+05:30,175.90063552203924,177.58354737219943,175.15064765858094,176.12014770507812,12523390,0.0,0.0
2021-06-08 00:00:00+05:30,176.99815048684727,179.15667350351833,174.23598862394618,178.33351135253906,15198964,0.0,0.0
2021-06-09 00:00:00+05:30,179.99813591417907,180.6932484337228,176.1567122818643,177.45547485351562,18980362,0.0,0.0
2021-06-10 00:00:00+05:30,177.89447623301936,178.35178851125335,176.6140018539642,176.90667724609375,7388634,0.0,0.0
2021-06-11 00:00:00+05:30,177.69329002773787,179.0835150967668,176.22989051724338,176.9250030517578,7438508,0.0,0.0
2021-06-14 00:00:00+05:30,177.05302556571874,177.43716341232067,174.14451501910236,176.96156311035156,7237652,0.0,0.0
2021-06-15 00:00:00+05:30,177.43717631276093,178.2603384709129,175.90060248493668,176.30303955078125,6507360,0.0,0.0
2021-06-16 00:00:00+05:30,176.8701360751766,177.40061172362948,175.26038760646404,176.0652618408203,7994924,0.0,0.0
2021-06-17 00:00:00+05:30,174.85796501373204,176.66891532854882,174.25430374394017,174.47381591796875,6651076,0.0,0.0
2021-06-18 00:00:00+05:30,175.60792261773432,175.6445098345832,170.7604122538073,172.80917358398438,10583776,0.0,0.0
2021-06-21 00:00:00+05:30,172.57137848869385,174.07135393988102,171.40065450426104,173.79696655273438,5397088,0.0,0.0
2021-06-22 00:00:00+05:30,174.69329889965977,175.15061120044422,172.9738001827698,173.28477478027344,5553420,0.0,0.0
2021-06-23 00:00:00+05:30,173.41283777535438,173.77868764407876,171.63846367907075,171.8031005859375,4927558,0.0,0.0
2021-06-24 00:00:00+05:30,171.76651612485037,172.13236599945068,170.15677890957937,170.5226287841797,8462210,0.0,0.0
2021-06-25 00:00:00+05:30,171.36406240080132,172.71771127140644,170.55919945369507,171.96771240234375,5904240,0.0,0.0
2021-06-28 00:00:00+05:30,172.31529306641792,172.68114294553982,170.68725663838453,170.90676879882812,4334320,0.0,0.0
2021-06-29 00:00:00+05:30,171.58360186620308,171.76652681488773,170.12020227672588,170.5775146484375,5921594,0.0,0.0
2021-06-30 00:00:00+05:30,170.85188116646907,172.1872308955065,170.4860313138642,171.2543182373047,5924634,0.0,0.0
2021-07-01 00:00:00+05:30,171.25432662819807,171.5470020586815,169.0226401849929,169.29702758789062,5757026,0.0,0.0
2021-07-02 00:00:00+05:30,169.3884900555232,170.33970195187234,168.67507834204832,169.29702758789062,4769492,0.0,0.0
2021-07-05 00:00:00+05:30,170.1018946006707,171.03480726526791,167.74215856925207,168.18118286132812,11190174,0.0,0.0
2021-07-06 00:00:00+05:30,168.29095694946002,169.3885066686956,167.41291940704215,167.57754516601562,7749392,0.0,0.0
2021-07-07 00:00:00+05:30,167.57754024280786,168.80313962625175,165.52878975897346,168.473876953125,6000580,0.0,0.0
2021-07-08 00:00:00+05:30,168.3458009990557,170.26651265170838,167.02873934712366,167.6324005126953,6426778,0.0,0.0
2021-07-09 00:00:00+05:30,166.86413912551694,167.7421766394048,165.83975272193717,167.1568145751953,7058662,0.0,0.0
2021-07-12 00:00:00+05:30,167.4128869033208,168.03482492455797,164.6507139472836,164.99827575683594,7393710,0.0,0.0
2021-07-13 00:00:00+05:30,165.63856285218066,166.4617252296901,164.54101301550136,164.72393798828125,7409874,0.0,0.0
2021-07-14 00:00:00+05:30,164.99828001111612,165.76656691819576,163.9739049115774,164.15682983398438,4936524,0.0,0.0
2021-07-15 00:00:00+05:30,164.37632373650774,164.90681045460374,162.82146196294798,163.55316162109375,6617550,0.0,0.0
2021-07-16 00:00:00+05:30,164.28486417972766,165.01656385079175,163.09585221424848,163.90072631835938,6726604,0.0,0.0
2021-07-19 00:00:00+05:30,163.16902321225248,167.9250709740446,162.87634781592863,166.05923461914062,14737948,0.0,0.0
2021-07-20 00:00:00+05:30,167.12020886390656,167.55923315470665,164.26658446826045,166.0226593017578,7689016,0.0,0.0
2021-07-22 00:00:00+05:30,166.44340863660605,169.73605758162415,165.7299968992445,168.62020874023438,13532496,0.0,0.0
2021-07-23 00:00:00+05:30,170.04702651143435,170.412876405964,168.03485209152137,168.78485107421875,6954808,0.0,0.0
2021-07-26 00:00:00+05:30,168.98605722357036,169.22385741243744,166.49828250721103,166.82754516601562,5177476,0.0,0.0
2021-07-27 00:00:00+05:30,166.82755137529728,168.437288673141,165.45561427517148,165.83975219726562,4635256,0.0,0.0
2021-07-28 00:00:00+05:30,165.94949804853903,166.64461054671858,164.74218681657828,165.89462280273438,4411220,0.0,0.0
2021-07-29 00:00:00+05:30,165.36413925719089,166.150714235289,164.0836647275445,164.3031768798828,5979220,0.0,0.0
2021-07-30 00:00:00+05:30,164.33977885095885,166.1690283432231,162.76661758869992,162.9861297607422,13531870,0.0,0.0
2021-08-02 00:00:00+05:30,163.9190175016501,168.25434036918332,163.35195471159287,167.48605346679688,9965680,0.0,0.0
2021-08-03 00:00:00+05:30,168.54703264715286,170.10189453074338,167.01045879036985,169.53482055664062,7855132,0.0,0.0
2021-08-04 00:00:00+05:30,169.3884844021896,170.1201841188297,166.86412261275146,167.24826049804688,5192276,0.0,0.0
2021-08-05 00:00:00+05:30,166.8641299975198,167.77875468379776,165.0531686527486,165.9129180908203,7099910,0.0,0.0
2021-08-06 00:00:00+05:30,166.0958209070995,169.38846933917856,166.0958209070995,166.68118286132812,8118604,0.0,0.0
2021-08-09 00:00:00+05:30,167.37630736630265,167.92508214455285,164.88853283750913,165.54705810546875,4555246,0.0,0.0
2021-08-10 00:00:00+05:30,166.27875979708932,166.42509750673472,161.98002398275312,162.6934356689453,7098198,0.0,0.0
2021-08-11 00:00:00+05:30,163.16904676649307,165.19950913811724,161.17516045105125,164.6324462890625,10635072,0.0,0.0
2021-08-12 00:00:00+05:30,165.3641209837617,166.60800815642165,161.7422099473972,163.95559692382812,12567714,0.0,0.0
2021-08-13 00:00:00+05:30,164.63244766610967,167.87022136984697,164.0104983978745,166.42510986328125,14232032,0.0,0.0
2021-08-16 00:00:00+05:30,167.74215928439435,171.07139521308548,166.4799728129332,169.75433349609375,17964436,0.0,0.0
2021-08-17 00:00:00+05:30,170.43118339778397,171.85799581876367,168.6568090951571,170.12020874023438,14363500,0.0,0.0
2021-08-18 00:00:00+05:30,170.8335976233664,170.8335976233664,168.67507450446536,169.5714111328125,7947234,0.0,0.0
2021-08-20 00:00:00+05:30,168.9494665582497,170.3031155516689,165.7299921480258,166.5348663330078,12114818,0.0,0.0
2021-08-23 00:00:00+05:30,167.8153126894171,168.16286331078672,163.93730246174715,165.25436401367188,7925892,0.0,0.0
2021-08-24 00:00:00+05:30,165.729989639135,168.0165513063416,165.6751143920924,166.973876953125,7248688,0.0,0.0
2021-08-25 00:00:00+05:30,167.559228543202,169.90066531170882,167.28484116021642,168.54702758789062,9704266,0.0,0.0
2021-08-26 00:00:00+05:30,168.5104473521978,172.46162136495374,167.77874763392063,170.7604217529297,14847298,0.0,0.0
2021-08-27 00:00:00+05:30,171.60184101714117,173.3030514872286,170.54087884993854,172.4250030517578,12536762,0.0,0.0
2021-08-30 00:00:00+05:30,173.74208884471136,173.74208884471136,172.53478882432555,172.88233947753906,9029840,0.0,0.0
2021-08-31 00:00:00+05:30,173.0469848742419,174.08965921480547,171.3457852474549,172.55308532714844,18002472,0.0,0.0
2021-09-01 00:00:00+05:30,173.13845419733778,175.38842870670993,172.75431629263483,174.51039123535156,10439002,0.0,0.0
2021-09-02 00:00:00+05:30,174.87623423507543,176.1749967807132,174.51038437265893,175.53475952148438,8362628,0.0,0.0
2021-09-03 00:00:00+05:30,176.70548548666437,180.72983401741655,175.68111032659547,179.74203491210938,16372070,0.0,0.0
2021-09-06 00:00:00+05:30,181.44324831980114,181.64446128327785,179.26643711743435,179.55911254882812,13979558,0.0,0.0
2021-09-07 00:00:00+05:30,179.52255201023078,180.54692727350093,175.97380348237883,176.3213653564453,13420280,0.0,0.0
2021-09-08 00:00:00+05:30,177.0713442458951,180.3639932091452,176.3030572548329,179.101806640625,13609662,0.0,0.0
2021-09-09 00:00:00+05:30,179.2298519617877,179.99813893411104,178.4432769616111,179.68716430664062,9084984,0.0,0.0
2021-09-13 00:00:00+05:30,180.7298411364327,182.65055301085835,179.81521643432524,182.22982788085938,21460684,0.0,0.0
2021-09-14 00:00:00+05:30,183.2908009833703,184.02250078769512,179.44937701066493,180.4005889892578,24182782,0.0,0.0
2021-09-15 00:00:00+05:30,180.72985662375623,181.0774185062817,178.57134437478325,179.2481689453125,22748506,0.0,0.0
2021-09-16 00:00:00+05:30,181.55123771529298,183.4393655219283,180.7420328473011,182.19444274902344,34750954,29.0,0.0
2021-09-17 00:00:00+05:30,183.00364416608838,183.4186184158981,179.31037587558365,181.0325164794922,24016408,0.0,0.0
2021-09-20 00:00:00+05:30,178.87467413504694,179.95360989119146,173.8534950345475,174.4552001953125,14744276,0.0,0.0
2021-09-21 00:00:00+05:30,174.24770004588177,175.907597188808,171.3013800843856,171.7163543701172,22963476,0.0,0.0
2021-09-22 00:00:00+05:30,172.006838290972,174.9116582379848,172.006838290972,174.3514404296875,9640070,0.0,0.0
2021-09-23 00:00:00+05:30,175.59638867739417,176.07360663352418,173.1065426481819,174.2684783935547,11769116,0.0,0.0
2021-09-24 00:00:00+05:30,174.70417809052657,175.6378702537182,170.99015308689337,172.13133239746094,12674828,0.0,0.0
2021-09-27 00:00:00+05:30,173.64600053868512,175.326641384578,172.85753923911994,174.53819274902344,9778866,0.0,0.0
2021-09-28 00:00:00+05:30,176.07357798571772,178.54267996189282,175.5341164994321,178.27294921875,18266942,0.0,0.0
2021-09-29 00:00:00+05:30,178.23143919685052,181.75872029853443,176.77902933145128,181.30224609375,15251714,0.0,0.0
2021-09-30 00:00:00+05:30,182.50567722678733,182.7546643193333,178.85390874947836,179.3518829345703,8934732,0.0,0.0
2021-10-01 00:00:00+05:30,179.22738721808355,181.59274565618122,178.02396435084484,179.70460510253906,5489980,0.0,0.0
2021-10-04 00:00:00+05:30,180.09884166239962,181.7587388205784,179.89135451762726,180.86654663085938,5362228,0.0,0.0
2021-10-05 00:00:00+05:30,180.86653104299882,184.87103005917803,180.8042874377336,184.1863250732422,18020292,0.0,0.0
2021-10-06 00:00:00+05:30,185.49350764474866,187.5476354460161,184.72580267538555,185.57650756835938,16248822,0.0,0.0
2021-10-07 00:00:00+05:30,187.36086878895628,187.5683559083239,185.908458953383,186.40643310546875,7445114,0.0,0.0
2021-10-08 00:00:00+05:30,187.36086974042848,187.56835686084978,184.4975500114164,186.5101776123047,6019304,0.0,0.0
2021-10-11 00:00:00+05:30,186.7384163324385,188.87553123099676,186.53092920318025,188.56430053710938,11833332,0.0,0.0
2021-10-12 00:00:00+05:30,188.5435788792357,189.72625818674314,187.1949123817648,188.91705322265625,10923204,0.0,0.0
2021-10-13 00:00:00+05:30,189.64323689805133,191.05414684983012,188.10782706981564,190.32794189453125,14072722,0.0,0.0
2021-10-14 00:00:00+05:30,190.88817383684705,191.80112234254045,190.0582252549477,190.59768676757812,7894780,0.0,0.0
2021-10-18 00:00:00+05:30,195.03792064769848,195.03792064769848,191.32389560380295,191.9256134033203,8784646,0.0,0.0
2021-10-19 00:00:00+05:30,192.5065627512409,192.96303698443614,186.71767924011368,188.00408935546875,10805314,0.0,0.0
2021-10-20 00:00:00+05:30,187.56836771086688,187.94184201642733,181.07402299881247,183.04515075683594,13086926,0.0,0.0
2021-10-21 00:00:00+05:30,184.7673027416227,188.3983277814637,183.85435423743,187.1741485595703,19775152,0.0,0.0
2021-10-22 00:00:00+05:30,187.153428565463,187.9833772508974,183.62614665236669,185.59727478027344,7829992,0.0,0.0
2021-10-25 00:00:00+05:30,185.49352666127808,186.07448819408154,178.37671939040942,179.14442443847656,14550354,0.0,0.0
2021-10-26 00:00:00+05:30,178.85392065755133,181.32302277167622,177.62974142503353,178.87466430664062,9945226,0.0,0.0
2021-10-27 00:00:00+05:30,179.87061454272117,180.3063324900388,177.19402525488277,177.48451232910156,6737796,0.0,0.0
2021-10-28 00:00:00+05:30,178.02396416824297,178.85391271914386,173.89496506190704,174.6211700439453,7242482,0.0,0.0
2021-10-29 00:00:00+05:30,173.87422407397747,176.36406976477429,171.63336548506234,173.3347625732422,12075018,0.0,0.0
2021-11-01 00:00:00+05:30,177.60899675441772,177.60899675441772,174.24770246060913,174.97390747070312,11652400,0.0,0.0
2021-11-02 00:00:00+05:30,175.53411992150714,175.907594239602,172.4633127913797,172.69154357910156,8099346,0.0,0.0
2021-11-03 00:00:00+05:30,173.45924380691383,174.9323973908663,171.8823466560912,172.17282104492188,10516486,0.0,0.0
2021-11-04 00:00:00+05:30,174.22695528337553,174.39294246380496,173.50075028798787,174.18545532226562,1975024,0.0,0.0
2021-11-08 00:00:00+05:30,175.94911018022583,179.5801354492753,174.89093073885013,179.1651611328125,11870418,0.0,0.0
2021-11-09 00:00:00+05:30,179.55938713675044,179.58013078643054,177.19402852872523,178.6464385986328,5867180,0.0,0.0
2021-11-10 00:00:00+05:30,179.2688875679348,180.09883612149005,178.5011826230942,178.95765686035156,6565108,0.0,0.0
2021-11-11 00:00:00+05:30,178.83169965611336,179.37748911470317,177.19430565522262,178.5587921142578,6633538,2.5,0.0
2021-11-12 00:00:00+05:30,179.69238424833503,180.53206828687865,178.99964747904886,179.56643676757812,4288924,0.0,0.0
2021-11-15 00:00:00+05:30,179.65038374413945,180.5530414540258,178.28589728586272,178.9996337890625,3839888,0.0,0.0
2021-11-16 00:00:00+05:30,178.85272626487878,179.08363428409208,175.55696337095927,176.29168701171875,5533442,0.0,0.0
2021-11-17 00:00:00+05:30,176.54356797403543,176.6485284781817,173.0588843614037,173.73062133789062,7538798,0.0,0.0
2021-11-18 00:00:00+05:30,173.60466629821693,174.50732403205578,170.03600931264293,170.16195678710938,9990796,0.0,0.0
2021-11-22 00:00:00+05:30,170.45586256475247,171.25355985168105,165.03990299158673,166.08950805664062,10565788,0.0,0.0
2021-11-23 00:00:00+05:30,165.83760734208707,168.48260709365744,165.43875227535332,166.92919921875,6765412,0.0,0.0
2021-11-24 00:00:00+05:30,168.39861728314435,171.8413137609266,167.4329730614336,169.34326171875,8482816,0.0,0.0
2021-11-25 00:00:00+05:30,169.616171555009,169.78410579601658,167.09711950221185,167.97879028320312,6323818,0.0,0.0
2021-11-26 00:00:00+05:30,166.74024008684933,166.7612398734224,157.4407427760557,158.2174530029297,20046662,0.0,0.0
2021-11-29 00:00:00+05:30,159.12010462599793,159.53994659071031,154.0820010494492,154.27093505859375,15037552,0.0,0.0
2021-11-30 00:00:00+05:30,155.341552734375,159.33005206133868,154.50186866554054,155.341552734375,18393470,0.0,0.0
2021-12-01 00:00:00+05:30,156.49610999155854,157.83960955514243,153.57820288278793,154.81674194335938,13057566,0.0,0.0
2021-12-02 00:00:00+05:30,155.34153990480385,159.51897292726824,154.94268488002385,159.05714416503906,12449776,0.0,0.0
2021-12-03 00:00:00+05:30,160.58958366399315,163.06664918936968,160.08576808041445,162.0170440673828,17313246,0.0,0.0
2021-12-06 00:00:00+05:30,162.62579980188318,163.4864707691286,159.95980056331572,160.98841857910156,8919812,0.0,0.0
2021-12-07 00:00:00+05:30,162.01703051970813,163.21358282123137,161.74413577332317,162.81472778320312,7275406,0.0,0.0
2021-12-08 00:00:00+05:30,163.52845468703273,164.68302015658176,163.3815074283962,164.22119140625,7187328,0.0,0.0
2021-12-09 00:00:00+05:30,165.52269564189606,168.56654990544394,164.70399868046954,165.31277465820312,12970082,0.0,0.0
2021-12-10 00:00:00+05:30,165.2078356752822,167.0551380097743,164.15823062016608,166.6562957763672,4565918,0.0,0.0
2021-12-13 00:00:00+05:30,167.49595026377628,168.14670015809094,164.17918862484254,164.72499084472656,5199416,0.0,0.0
2021-12-14 00:00:00+05:30,164.97690882116143,164.97690882116143,163.3605146586236,164.4311065673828,6582798,0.0,0.0
2021-12-15 00:00:00+05:30,164.15823793578872,164.74601423033536,160.8414883763249,161.3452911376953,11115184,0.0,0.0
2021-12-16 00:00:00+05:30,162.26892335729113,164.57805422007277,161.40825243346026,164.17919921875,7909366,0.0,0.0
2021-12-17 00:00:00+05:30,164.99789740477635,165.64864734585248,160.42162240568013,161.51321411132812,16049722,0.0,0.0
2021-12-20 00:00:00+05:30,159.8968361349,159.8968361349,150.72328542073566,151.14312744140625,22510560,0.0,0.0
2021-12-21 00:00:00+05:30,152.99042433666227,153.6201873453032,150.05153029633783,152.90646362304688,12855558,0.0,0.0
2021-12-22 00:00:00+05:30,153.66217685331293,156.9369394317196,153.32630836772915,156.3701629638672,10045244,0.0,0.0
2021-12-23 00:00:00+05:30,157.35679377639076,158.8052539606737,156.18124117216288,158.42739868164062,10693866,0.0,0.0
2021-12-24 00:00:00+05:30,159.204095522004,159.204095522004,155.46749137814396,156.24420166015625,6287570,0.0,0.0
2021-12-27 00:00:00+05:30,155.7403955560355,157.50372427451111,154.29193552607245,157.1888427734375,4632660,0.0,0.0
2021-12-28 00:00:00+05:30,157.77662515667654,160.12774301875652,157.44075666747722,159.70790100097656,6449486,0.0,0.0
2021-12-29 00:00:00+05:30,159.95978326193745,160.73649343346403,158.34338918877341,160.00177001953125,8260658,0.0,0.0
2021-12-30 00:00:00+05:30,161.21934527745844,161.76513481092488,157.8606089175114,158.67930603027344,12171414,0.0,0.0
2021-12-31 00:00:00+05:30,158.0705036789733,162.64677864660948,158.0705036789733,161.82809448242188,7780656,0.0,0.0
2022-01-03 00:00:00+05:30,161.21934234264498,162.47886845469688,161.21934234264498,162.10101318359375,6468384,0.0,0.0
2022-01-04 00:00:00+05:30,162.89869587666772,165.31278737483998,161.53420937770076,162.03802490234375,11799296,0.0,0.0
2022-01-05 00:00:00+05:30,161.61817998138605,166.46734986504072,160.98841699324592,165.71163940429688,13483996,0.0,0.0
2022-01-06 00:00:00+05:30,166.25743544082482,166.53033018396036,163.99029115641673,166.1734619140625,8237148,0.0,0.0
2022-01-07 00:00:00+05:30,167.09711059702457,169.1543337679934,165.83758463775052,166.34140014648438,11914426,0.0,0.0
2022-01-10 00:00:00+05:30,167.51694859827936,167.81084310680922,166.0894884409063,166.90817260742188,4179728,0.0,0.0
2022-01-11 00:00:00+05:30,167.43298005902875,167.43298005902875,163.80134941732308,164.22119140625,6854016,0.0,0.0
2022-01-12 00:00:00+05:30,165.62767499871632,166.23645104578944,162.28992585280506,163.19259643554688,9246820,0.0,0.0
2022-01-13 00:00:00+05:30,163.8223547990704,166.9081832730201,162.58381576441388,165.62767028808594,8491424,0.0,0.0
2022-01-14 00:00:00+05:30,165.83758131063593,167.91580422676805,164.7879763656319,167.28604125976562,6915504,0.0,0.0
2022-01-17 00:00:00+05:30,168.35664337715585,169.78410362632025,167.34902513142575,168.16770935058594,9671610,0.0,0.0
2022-01-18 00:00:00+05:30,168.69252220031922,170.83371911166,166.40439082881426,167.1391143798828,13220496,0.0,0.0
2022-01-19 00:00:00+05:30,166.25743401149398,168.56656503943142,164.9979079962554,165.564697265625,10347976,0.0,0.0
2022-01-20 00:00:00+05:30,165.8376027275052,166.90819478464533,163.82236609786668,165.01890563964844,6495234,0.0,0.0
2022-01-21 00:00:00+05:30,165.33378619583064,166.27843076279848,159.5399713101195,160.2537078857422,10310538,0.0,0.0
2022-01-24 00:00:00+05:30,160.12773458650807,161.15635260092702,155.38352516044714,156.64305114746094,10668074,0.0,0.0
2022-01-25 00:00:00+05:30,156.22320877024487,161.13535242006517,154.50185402968458,160.6105499267578,9905300,0.0,0.0
2022-01-27 00:00:00+05:30,161.6391755623035,161.7441360659154,157.4407554178281,160.463623046875,11474790,0.0,0.0
2022-01-28 00:00:00+05:30,161.61817178650475,165.20781551186556,160.10673812909383,160.5895538330078,8089918,0.0,0.0
2022-01-31 00:00:00+05:30,163.73837653396856,167.8528229218491,162.87770557721174,166.69825744628906,13928184,0.0,0.0
2022-02-01 00:00:00+05:30,165.83758989837168,165.83758989837168,157.86059190326012,159.05714416503906,25515398,0.0,0.0
2022-02-02 00:00:00+05:30,161.63915472300047,161.8910624617041,159.26705020970735,160.42161560058594,11701576,0.0,0.0
2022-02-03 00:00:00+05:30,161.21936024535145,161.59721555841378,158.07054461555944,158.30145263671875,10658294,0.0,0.0
2022-02-04 00:00:00+05:30,158.34341659969988,159.5399689291811,157.04190376434423,157.71365356445312,8957710,0.0,0.0
2022-02-07 00:00:00+05:30,158.70028101243793,158.8682152552298,155.38353167019292,156.3701629638672,8189026,0.0,0.0
2022-02-08 00:00:00+05:30,157.18885342694247,158.91020831198895,155.61444581486862,158.44837951660156,6909612,0.0,0.0
2022-02-09 00:00:00+05:30,159.53997514231176,160.37965922200814,157.31481745614127,157.6926727294922,9292356,0.0,0.0
2022-02-10 00:00:00+05:30,158.58623919039746,158.92663911347196,156.79910713069458,157.28843688964844,12283058,2.5,0.0
2022-02-11 00:00:00+05:30,157.28843336273943,159.3521419368435,155.30983126020797,157.24588012695312,11262552,0.0,0.0
2022-02-14 00:00:00+05:30,155.30983609268367,155.67151912998446,153.41632741738374,153.90567016601562,10196386,0.0,0.0
2022-02-15 00:00:00+05:30,154.05456307185085,157.33096703869876,151.73556134218254,156.9692840576172,11049572,0.0,0.0
2022-02-16 00:00:00+05:30,157.86285823993768,161.01160268052288,157.56499859625896,159.1819305419922,10889816,0.0,0.0
2022-02-17 00:00:00+05:30,159.96913148286245,160.52228459212478,157.86286967177813,158.71388244628906,5224320,0.0,0.0
2022-02-18 00:00:00+05:30,158.05434168566117,159.96912029438835,158.05434168566117,158.77769470214844,4420434,0.0,0.0
2022-02-21 00:00:00+05:30,158.71388928429556,158.71388928429556,155.33110816570158,156.90548706054688,6207542,0.0,0.0
2022-02-22 00:00:00+05:30,153.1823040987007,155.07581277409068,148.62938042159718,151.1824188232422,14106162,0.0,0.0
2022-02-23 00:00:00+05:30,152.54402476769337,153.52268416757067,151.56536536781607,151.9483184814453,5636142,0.0,0.0
2022-02-24 00:00:00+05:30,148.5017052459082,149.77822420217674,140.88514473725698,141.71487426757812,14094970,0.0,0.0
2022-02-25 00:00:00+05:30,144.6721599213611,145.3104194504259,141.33193245550382,143.1190643310547,11679020,0.0,0.0
2022-02-28 00:00:00+05:30,142.69355829070705,149.48037684003233,141.2681094089239,148.8421173095703,19146282,0.0,0.0
2022-03-02 00:00:00+05:30,147.43794487888553,151.778114684208,144.58704724405686,145.5657196044922,15469204,0.0,0.0
2022-03-03 00:00:00+05:30,147.82089205956413,150.6292363513345,146.09759666835762,147.3953857421875,12825706,0.0,0.0
2022-03-04 00:00:00+05:30,148.05494348532352,149.5654858725123,145.94868180447145,148.2251434326172,15557860,0.0,0.0
2022-03-07 00:00:00+05:30,147.65069336298654,147.65069336298654,141.18299209066947,143.82113647460938,19936000,0.0,0.0
2022-03-08 00:00:00+05:30,143.736064626045,145.94870322182894,141.5659922551104,145.35299682617188,12880560,0.0,0.0
2022-03-09 00:00:00+05:30,146.58696365455685,147.92730629843504,143.6935251539492,145.79977416992188,13563906,0.0,0.0
2022-03-10 00:00:00+05:30,149.77822797277938,150.62924063171562,147.01243683123658,148.501708984375,18109208,0.0,0.0
2022-03-11 00:00:00+05:30,149.35273974508212,154.75667597846135,149.03360995930203,154.03330993652344,16557604,0.0,0.0
2022-03-14 00:00:00+05:30,153.09719433326381,153.6078071967858,149.92717951062363,153.0333709716797,16449824,0.0,0.0
2022-03-15 00:00:00+05:30,153.62906391076737,153.8205469642283,148.118764417964,149.05487060546875,12130866,0.0,0.0
2022-03-16 00:00:00+05:30,150.41649754805854,152.20362944576925,148.9910486517207,151.60791015625,9444984,0.0,0.0
2022-03-17 00:00:00+05:30,153.01208953514274,155.82043410606278,152.2674534057167,154.96942138671875,22827672,0.0,0.0
2022-03-21 00:00:00+05:30,153.1822724659176,156.28846335230764,151.60789391584905,151.99085998535156,12369650,0.0,0.0
2022-03-22 00:00:00+05:30,152.69296533167523,157.30971209950076,151.77812922211558,156.7565460205078,14934378,0.0,0.0
2022-03-23 00:00:00+05:30,157.82030322134207,158.11816286165026,155.30981834382789,155.99063110351562,12475458,0.0,0.0
2022-03-24 00:00:00+05:30,155.73533912763324,156.50124543736982,153.52270069995606,154.2886199951172,9696758,0.0,0.0
2022-03-25 00:00:00+05:30,154.03330253059593,155.11833855591,152.37383032141182,153.3099365234375,7259104,0.0,0.0
2022-03-28 00:00:00+05:30,153.18230370800862,154.394999542782,151.60792483683974,153.05465698242188,11624382,0.0,0.0
2022-03-29 00:00:00+05:30,154.03330855828818,154.2035085120965,152.31001292466482,152.52276611328125,11417328,0.0,0.0
2022-03-30 00:00:00+05:30,153.39503529291707,154.20349474037212,152.84188224608545,153.20355224609375,8247132,0.0,0.0
2022-03-31 00:00:00+05:30,153.60778352366728,155.0970556630934,152.67166441328754,152.90570068359375,11007364,0.0,0.0
2022-04-01 00:00:00+05:30,153.84181127340645,159.5648767123243,153.84181127340645,159.3095703125,12772330,0.0,0.0
2022-04-04 00:00:00+05:30,159.3095821214592,162.22430334921177,158.3734758999443,161.77752685546875,14714720,0.0,0.0
2022-04-05 00:00:00+05:30,162.11793497989052,162.54344137091385,160.22442634566687,161.6924285888672,6622344,0.0,0.0
2022-04-06 00:00:00+05:30,161.26691645255053,164.43694414690881,160.60738676413058,164.1603546142578,11686350,0.0,0.0
2022-04-07 00:00:00+05:30,163.75613025729527,164.79861307996194,161.47966856450535,162.03282165527344,6693770,0.0,0.0
2022-04-08 00:00:00+05:30,162.88382762330272,164.5858530445929,162.16047461050846,163.6284637451172,8380548,0.0,0.0
2022-04-11 00:00:00+05:30,163.88376634615065,166.01129807331193,163.73483652816472,165.24539184570312,4778320,0.0,0.0
2022-04-12 00:00:00+05:30,164.64969137468614,164.92626791190128,160.52227448404167,161.94772338867188,4891948,0.0,0.0
2022-04-13 00:00:00+05:30,161.69241308851417,163.37316836610358,160.71375367714774,161.26690673828125,6523924,0.0,0.0
2022-04-18 00:00:00+05:30,161.26691273097313,161.26691273097313,157.88413192674759,158.18199157714844,5585346,0.0,0.0
2022-04-19 00:00:00+05:30,159.09683207607992,163.33062572972534,158.71387893311166,159.92657470703125,11592654,0.0,0.0
2022-04-20 00:00:00+05:30,161.60732346170596,166.9261533937714,160.1393341917107,165.9262237548828,17136378,0.0,0.0
2022-04-21 00:00:00+05:30,168.07501979383716,169.69193884072212,165.94748789771265,169.22389221191406,15955692,0.0,0.0
2022-04-22 00:00:00+05:30,168.0750236348329,169.03241300996802,166.5857512735116,167.3942108154297,8821478,0.0,0.0
2022-04-25 00:00:00+05:30,163.81994980324953,164.22418604238806,156.92674152644983,157.30970764160156,20815928,0.0,0.0
2022-04-26 00:00:00+05:30,158.88407824433435,159.7350909965648,157.0756761458447,158.65005493164062,6278956,0.0,0.0
2022-04-27 00:00:00+05:30,156.5863338538114,158.11815928207457,155.01195519426417,155.9480743408203,6163612,0.0,0.0
2022-04-28 00:00:00+05:30,158.16070908063034,158.16070908063034,155.37363480980628,157.1607666015625,6573278,0.0,0.0
2022-04-29 00:00:00+05:30,157.43736469186967,158.58623714189906,153.67163053391167,154.2886199951172,6718850,0.0,0.0
2022-05-02 00:00:00+05:30,153.22486571977652,156.56509374178006,152.1823697878929,155.9268341064453,6400476,0.0,0.0
2022-05-04 00:00:00+05:30,155.92680282808084,158.03305141092414,152.96952858341177,154.65028381347656,5737094,0.0,0.0
2022-05-05 00:00:00+05:30,155.75660537186124,156.90547779326295,153.22485019940075,153.60780334472656,3695092,0.0,0.0
2022-05-06 00:00:00+05:30,151.90577003462417,153.0971826446479,150.20374460006255,152.03341674804688,4697742,0.0,0.0
2022-05-09 00:00:00+05:30,151.35260421848727,152.45891026946117,148.84210652555703,150.37393188476562,5048780,0.0,0.0
2022-05-10 00:00:00+05:30,150.41648801789006,152.33126650750958,149.52292212564973,150.3952178955078,5909904,0.0,0.0
2022-05-11 00:00:00+05:30,151.0547656437314,152.94827423822395,146.69332522725747,147.69326782226562,7774130,0.0,0.0
2022-05-12 00:00:00+05:30,146.7996651460095,147.4166544400669,143.05521511326518,144.65086364746094,7716626,0.0,0.0
2022-05-13 00:00:00+05:30,145.26786991615614,146.92734213688524,142.97013815011405,143.37437438964844,4515592,0.0,0.0
2022-05-16 00:00:00+05:30,144.3104691655303,144.52322233044643,141.99146745919802,143.01268005371094,3884304,0.0,0.0
2022-05-17 00:00:00+05:30,142.97013938187047,145.92741382813523,142.182950005451,145.71466064453125,9596420,0.0,0.0
2022-05-18 00:00:00+05:30,143.16163257784427,147.73582634920552,140.84261751819355,141.22557067871094,15314616,0.0,0.0
2022-05-19 00:00:00+05:30,140.3319959134882,140.39583225745545,137.86406415670442,138.9916534423828,10187938,0.0,0.0
2022-05-20 00:00:00+05:30,141.26812059212173,142.48081639308478,139.56609504281906,141.6085205078125,6393394,0.0,0.0
2022-05-23 00:00:00+05:30,141.60850032394382,143.03394911539635,139.1405688233861,141.31065368652344,8792862,0.0,0.0
2022-05-24 00:00:00+05:30,141.3106685043097,142.35315132272922,139.77884297056121,140.45965576171875,5891438,0.0,0.0
2022-05-25 00:00:00+05:30,141.43831496220508,141.9063745668567,138.35339377596907,138.77890014648438,8163646,0.0,0.0
2022-05-26 00:00:00+05:30,138.2895617559194,138.5023149278516,132.84308574862476,138.0129852294922,16061314,0.0,0.0
2022-05-27 00:00:00+05:30,138.11937668142738,139.99160219885607,135.39613838467437,137.1619873046875,9751704,0.0,0.0
2022-05-30 00:00:00+05:30,138.07681788668526,140.75750283946826,137.01305195535485,140.055419921875,7101016,0.0,0.0
2022-05-31 00:00:00+05:30,140.41710520480925,140.71496486456485,138.28957330776666,138.80018615722656,20841502,0.0,0.0
2022-06-01 00:00:00+05:30,139.56608534736867,141.2042874218539,137.90661314916454,138.71507263183594,13381064,0.0,0.0
2022-06-02 00:00:00+05:30,139.1405605245521,142.22548120896494,137.24705228960582,140.1405029296875,16113808,0.0,0.0
2022-06-03 00:00:00+05:30,140.6723937626012,141.26810002102704,139.18312162382531,139.62989807128906,9938986,0.0,0.0
2022-06-06 00:00:00+05:30,139.35334199248294,139.5235419505034,135.43867803089074,135.88546752929688,9345428,0.0,0.0
2022-06-07 00:00:00+05:30,135.11952981513917,137.26834457158566,134.88550652795058,136.26840209960938,7910152,0.0,0.0
2022-06-08 00:00:00+05:30,136.58755200307533,138.2470243368689,135.82164569068584,137.82151794433594,5381610,0.0,0.0
2022-06-09 00:00:00+05:30,137.43855111325206,142.35314426384454,135.94927888756666,141.62979125976562,13918892,0.0,0.0
2022-06-10 00:00:00+05:30,140.73625949502352,141.35324904676864,138.97041031008507,140.84263610839844,5453434,0.0,0.0
2022-06-13 00:00:00+05:30,139.52352953577866,139.52352953577866,135.01315962973288,135.2897491455078,7503680,0.0,0.0
2022-06-14 00:00:00+05:30,135.01313687657216,136.48113873050755,132.60902900186412,133.7366180419922,10098392,0.0,0.0
2022-06-15 00:00:00+05:30,134.82168922150228,134.82168922150228,131.05595543733827,133.60899353027344,9987308,0.0,0.0
2022-06-16 00:00:00+05:30,135.3110225499104,136.07692880413668,132.03461838204817,132.6090545654297,8720718,0.0,0.0
2022-06-17 00:00:00+05:30,131.48147420788126,132.54524018043696,127.54554010942529,128.07742309570312,13905510,0.0,0.0
2022-06-20 00:00:00+05:30,129.3539183623569,129.56667151755815,125.09885525833201,125.97113800048828,7456818,0.0,0.0
2022-06-21 00:00:00+05:30,126.2264746532367,128.69441963664374,124.82230868635483,128.16253662109375,5603658,0.0,0.0
2022-06-22 00:00:00+05:30,128.992256744771,130.80065886320375,126.26901850468653,130.1623992919922,13204868,0.0,0.0
2022-06-23 00:00:00+05:30,131.24744877703853,132.11973166633413,129.16245711602588,131.01341247558594,8697024,0.0,0.0
2022-06-24 00:00:00+05:30,131.14107623965023,132.0984656291776,129.94965054142807,130.86448669433594,6549900,0.0,0.0
2022-06-27 00:00:00+05:30,131.906983390687,134.31109194249683,131.20490043101506,134.03451538085938,5569614,0.0,0.0
2022-06-28 00:00:00+05:30,132.75797041825652,135.94926778408,132.75797041825652,135.56631469726562,6481036,0.0,0.0
2022-06-29 00:00:00+05:30,133.43879069040625,136.09820531280187,133.43879069040625,134.6302032470703,4503176,0.0,0.0
2022-06-30 00:00:00+05:30,134.46000124088988,135.20463732371124,130.69426759639433,131.2261505126953,9158568,0.0,0.0
2022-07-01 00:00:00+05:30,131.26870564058967,135.84289878689873,130.07729308502255,135.45994567871094,8833390,0.0,0.0
2022-07-04 00:00:00+05:30,134.50255591071854,135.5024984011503,133.03455385184822,134.6089324951172,4431040,0.0,0.0
2022-07-05 00:00:00+05:30,135.22591579873668,136.7364711655881,132.82180746564543,133.22604370117188,6138608,0.0,0.0
2022-07-06 00:00:00+05:30,134.71532250736905,137.01305436232317,134.24726289227627,136.71519470214844,8353864,0.0,0.0
2022-07-07 00:00:00+05:30,138.24702541784848,140.41711063381973,137.48111909947025,140.16180419921875,9279814,0.0,0.0
2022-07-08 00:00:00+05:30,140.41710626177948,141.37449562265525,138.07682115741648,138.41722106933594,5034654,0.0,0.0
2022-07-11 00:00:00+05:30,138.86399638981487,138.86399638981487,134.2472500125828,134.41744995117188,11830842,0.0,0.0
2022-07-12 00:00:00+05:30,134.03451833294227,134.24727153664537,131.0772436072994,131.33255004882812,10690702,0.0,0.0
2022-07-13 00:00:00+05:30,132.75799531061293,134.2047144572975,131.69422932254713,132.11973571777344,9645842,0.0,0.0
2022-07-14 00:00:00+05:30,132.33247673452038,133.05584273399103,129.4177555984278,130.26876831054688,11835382,0.0,0.0
2022-07-15 00:00:00+05:30,131.05595844211922,133.2473135917128,130.24749895790515,132.800537109375,10024354,0.0,0.0
2022-07-18 00:00:00+05:30,133.39626412356083,134.56640679131138,131.75806179162498,134.3749237060547,7029760,0.0,0.0
2022-07-19 00:00:00+05:30,133.99194787680307,135.22591370262813,132.97073522734175,134.69403076171875,5009030,0.0,0.0
2022-07-20 00:00:00+05:30,135.90672950737797,136.52371892681816,134.56638706335733,134.92807006835938,6723570,0.0,0.0
2022-07-21 00:00:00+05:30,135.289757794689,137.8640661820043,134.4600151651647,137.3109130859375,7298344,0.0,0.0
2022-07-22 00:00:00+05:30,138.37466426526467,138.45975774035242,135.54503677107536,136.2896728515625,6293178,0.0,0.0
2022-07-25 00:00:00+05:30,136.28969868091292,136.5450051254068,134.26854322225964,134.94935607910156,6529228,0.0,0.0
2022-07-26 00:00:00+05:30,134.8217200481177,135.80037968000804,133.672847449441,135.50253295898438,4397264,0.0,0.0
2022-07-27 00:00:00+05:30,135.31102488385974,138.31083958098333,135.11954182428852,138.11936950683594,6514864,0.0,0.0
2022-07-28 00:00:00+05:30,136.94922446433188,139.9490391059993,136.94922446433188,138.73634338378906,6933530,0.0,0.0
2022-07-29 00:00:00+05:30,139.16185827454166,140.90643705331652,138.37468184919175,140.5447540283203,9605766,0.0,0.0
2022-08-01 00:00:00+05:30,140.84262550907914,142.62975767345517,139.4809997661807,142.18296813964844,6221584,0.0,0.0
2022-08-02 00:00:00+05:30,142.75737402677697,145.3104120123527,141.39574857363417,142.6084442138672,7663472,0.0,0.0
2022-08-03 00:00:00+05:30,142.60845154451818,143.544570714852,140.5447431363436,142.07656860351562,4079330,0.0,0.0
2022-08-04 00:00:00+05:30,143.35309058940356,143.71477359375606,140.2894525779189,142.0978546142578,5023836,0.0,0.0
2022-08-05 00:00:00+05:30,142.54461358839643,143.5020027841394,141.3532011167518,143.14031982421875,5115246,0.0,0.0
2022-08-08 00:00:00+05:30,140.2043335336601,140.41708669531965,136.247129920961,138.56613159179688,18945812,0.0,0.0
2022-08-10 00:00:00+05:30,139.26823446020356,140.5234834887161,138.7150813544934,139.69374084472656,5743378,0.0,0.0
2022-08-11 00:00:00+05:30,140.39583968192298,141.09792263387516,139.22569710019448,139.71502685546875,3377190,0.0,0.0
2022-08-12 00:00:00+05:30,139.71501353963365,142.31060488881076,139.4809772543385,142.07656860351562,5285940,0.0,0.0
2022-08-16 00:00:00+05:30,142.31062241550697,147.75709920798104,141.7149030598778,147.1826629638672,10721280,0.0,0.0
2022-08-17 00:00:00+05:30,147.9060078499277,151.16112878616948,147.6507014463077,150.26756286621094,14146800,0.0,0.0
2022-08-18 00:00:00+05:30,150.43777324081896,150.43777324081896,146.9911820018822,147.67198181152344,7118970,0.0,0.0
2022-08-19 00:00:00+05:30,148.2781670419754,148.62455547640081,145.91835453910292,146.4595947265625,7463376,3.0,0.0
2022-08-22 00:00:00+05:30,145.98330706340704,146.11321264236625,143.66679631762779,144.46783447265625,4227956,0.0,0.0
2022-08-23 00:00:00+05:30,143.29877340701822,145.03074220135537,143.14722349473908,144.489501953125,3118316,0.0,0.0
2022-08-24 00:00:00+05:30,144.18639420655867,144.70599010186106,142.04307765577704,142.69256591796875,5188148,0.0,0.0
2022-08-25 00:00:00+05:30,142.8874154867554,145.0523763274638,142.15132351536562,142.80081176757812,6420988,0.0,0.0
2022-08-26 00:00:00+05:30,144.57609906171214,144.57609906171214,142.1513399962206,142.49774169921875,4127464,0.0,0.0
2022-08-29 00:00:00+05:30,140.7224542849129,141.89153842144418,139.87811427365455,141.24205017089844,3250026,0.0,0.0
2022-08-30 00:00:00+05:30,141.2636931558445,142.8441119077638,141.24204883324686,142.30287170410156,6339262,0.0,0.0
2022-09-01 00:00:00+05:30,140.93894757598702,144.18638876437382,140.37606305554877,143.47195434570312,6741662,0.0,0.0
2022-09-02 00:00:00+05:30,143.96990250774007,144.6626926513038,138.77399625182164,139.40184020996094,9679250,0.0,0.0
2022-09-05 00:00:00+05:30,139.42346839816688,140.76574666837692,139.098724294755,140.61419677734375,4784578,0.0,0.0
2022-09-06 00:00:00+05:30,141.15544134300308,141.3502930966633,139.01212490822778,140.397705078125,5099528,0.0,0.0
2022-09-07 00:00:00+05:30,140.00801078985174,142.02142159344797,139.3585225813451,141.5234832763672,5529460,0.0,0.0
2022-09-08 00:00:00+05:30,142.8874288862319,147.5853969939024,142.73587897039602,147.15240478515625,17335416,0.0,0.0
2022-09-09 00:00:00+05:30,147.86681700668447,147.88846132831105,145.50700453903795,146.56784057617188,6934262,0.0,0.0
2022-09-12 00:00:00+05:30,146.56785379835614,149.3823029850306,146.43796142913564,148.34312438964844,5406378,0.0,0.0
2022-09-13 00:00:00+05:30,148.53796619561416,149.64210421365368,147.23898961947808,147.67198181152344,10351084,0.0,0.0
2022-09-14 00:00:00+05:30,145.3554849271967,147.56373454725818,145.2039350164013,145.55032348632812,6863114,0.0,0.0
2022-09-15 00:00:00+05:30,145.81013289051842,146.78436540426353,143.03898527197381,143.49362182617188,4993238,0.0,0.0
2022-09-16 00:00:00+05:30,143.4936000728627,143.58020379094967,138.6224382425944,139.12037658691406,11937446,0.0,0.0
2022-09-19 00:00:00+05:30,139.83483123739754,140.59256756009682,138.14615114714087,138.9471893310547,5473706,0.0,0.0
2022-09-20 00:00:00+05:30,139.66162148191162,141.54514009566262,139.35853488617002,139.81317138671875,5591400,0.0,0.0
2022-09-21 00:00:00+05:30,140.0729757037923,140.28947180225256,137.82141099425627,138.5791473388672,4507332,0.0,0.0
2022-09-22 00:00:00+05:30,138.12451239268725,138.53586027000165,135.61316290746046,136.76058959960938,5353540,0.0,0.0
2022-09-23 00:00:00+05:30,136.60903161305964,137.1719161566611,134.66056681984642,135.07191467285156,5516760,0.0,0.0
2022-09-26 00:00:00+05:30,135.0935492404486,136.80387349875292,131.1533180781612,132.01930236816406,10934478,0.0,0.0
2022-09-27 00:00:00+05:30,132.92859913163662,135.093560029546,132.19250714079837,134.50901794433594,6266672,0.0,0.0
2022-09-28 00:00:00+05:30,134.2275741676879,134.2275741676879,132.1492170145114,132.49560546875,4451088,0.0,0.0
2022-09-29 00:00:00+05:30,133.16673158077248,133.68632745074518,130.9801264902038,131.30487060546875,6532502,0.0,0.0
2022-09-30 00:00:00+05:30,131.45643048802322,133.7512837913404,130.2657019749322,131.97601318359375,11182546,0.0,0.0
2022-10-03 00:00:00+05:30,132.6471392651739,134.76879802096266,131.97599354751,133.7079620361328,7084402,0.0,0.0
2022-10-04 00:00:00+05:30,134.6605559656792,136.0461361036078,134.33581185965267,134.85540771484375,4266520,0.0,0.0
2022-10-06 00:00:00+05:30,135.54819862564787,136.30593495161688,133.96777978854425,135.15850830078125,6973606,0.0,0.0
2022-10-07 00:00:00+05:30,134.31417739496393,134.6172639878416,132.58220870238605,133.10179138183594,6436838,0.0,0.0
2022-10-10 00:00:00+05:30,132.4955985667707,132.75539650085244,130.80693181604698,131.9110565185547,4731232,0.0,0.0
2022-10-11 00:00:00+05:30,132.58220287289367,132.58220287289367,129.52960025812123,129.78939819335938,5305338,0.0,0.0
2022-10-12 00:00:00+05:30,130.35230430241765,133.90284583982356,129.6162254468207,130.9801483154297,14791710,0.0,0.0
2022-10-13 00:00:00+05:30,131.65126273613353,132.17085862068265,129.68115366713988,130.0275421142578,6058154,0.0,0.0
2022-10-14 00:00:00+05:30,131.19664313819672,132.06262758135313,128.6419916736601,128.96673583984375,5155460,0.0,0.0
2022-10-17 00:00:00+05:30,128.98835060168034,129.61619446461862,126.2388479820606,128.40380859375,5344642,0.0,0.0
2022-10-18 00:00:00+05:30,129.05332616341576,129.16157421864892,127.3213572796853,128.0574493408203,6574926,0.0,0.0
2022-10-19 00:00:00+05:30,128.66363355206605,129.44302746440746,126.32547824278915,126.49867248535156,6029504,0.0,0.0
2022-10-20 00:00:00+05:30,126.47702206976524,129.46466555518725,124.72339576184773,128.64198303222656,10261122,0.0,0.0
2022-10-21 00:00:00+05:30,129.29146031918538,130.17908895271444,128.7502201246257,129.18321228027344,4378164,0.0,0.0
2022-10-24 00:00:00+05:30,129.89765271878898,130.65538902631522,129.70280095416177,130.22239685058594,785990,0.0,0.0
2022-10-25 00:00:00+05:30,130.63373196383122,132.06260071884728,128.75021354031276,131.02342224121094,5684662,0.0,0.0
2022-10-27 00:00:00+05:30,131.02344162025207,132.7554104104368,131.00178408205082,132.32241821289062,6769606,0.0,0.0
2022-10-28 00:00:00+05:30,132.7121030878397,133.5780874473036,130.8069401397937,131.32652282714844,4980844,0.0,0.0
2022-10-31 00:00:00+05:30,131.99766902287513,132.4956073882591,130.50384071285058,131.4780731201172,8168120,0.0,0.0
2022-11-01 00:00:00+05:30,131.47807389202094,132.40900444387773,130.8502431541979,131.7811737060547,6729148,0.0,0.0
2022-11-02 00:00:00+05:30,131.84610066960684,132.45228699542855,131.4131085491812,132.14920043945312,4907332,0.0,0.0
2022-11-03 00:00:00+05:30,132.14922837764323,133.2317089075588,131.4131363317512,132.10592651367188,4588148,0.0,0.0
2022-11-04 00:00:00+05:30,132.30075217773805,132.30075217773805,129.37805503201005,130.48219299316406,7678230,0.0,0.0
2022-11-07 00:00:00+05:30,130.98013051966683,134.29251795449716,130.76363443616324,134.11932373046875,7732442,0.0,0.0
2022-11-09 00:00:00+05:30,134.70386414816969,135.02860826944595,132.4739571581804,132.8636474609375,5580594,0.0,0.0
2022-11-10 00:00:00+05:30,132.49562514784293,133.33996529953095,131.7162444031113,132.2791290283203,2795742,0.0,0.0
2022-11-11 00:00:00+05:30,132.95024356263215,134.46571619239484,132.25746664583878,133.75128173828125,4580064,0.0,0.0
2022-11-14 00:00:00+05:30,134.01107538134573,134.22757146435276,132.95023928906244,133.2100372314453,2600014,0.0,0.0
2022-11-15 00:00:00+05:30,133.27498769758128,134.05438154978285,132.36571469082182,133.75128173828125,4035358,0.0,0.0
2022-11-16 00:00:00+05:30,133.75128312861557,134.09768480448574,132.40900471409833,132.69046020507812,2926810,0.0,0.0
2022-11-17 00:00:00+05:30,132.92858097067094,133.2749693814631,131.86774499007979,132.14920043945312,3816246,0.0,0.0
2022-11-18 00:00:00+05:30,132.8203391274582,132.8203391274582,130.9368206730965,131.67291259765625,4065720,0.0,0.0
2022-11-21 00:00:00+05:30,132.34404163476168,134.63890784762856,131.7594996176224,134.35745239257812,7671706,0.0,0.0
2022-11-22 00:00:00+05:30,134.33581816794882,134.8121121885951,132.3873534402912,132.8636474609375,7471030,0.0,0.0
2022-11-23 00:00:00+05:30,132.53891314602686,134.5523242041347,132.53891314602686,134.2925262451172,5713460,0.0,0.0
2022-11-24 00:00:00+05:30,134.85542362212635,139.42348596685773,134.46572007782862,138.99049377441406,16914922,0.0,0.0
2022-11-25 00:00:00+05:30,138.99048570212247,141.26369458042822,136.99871908978488,140.48431396484375,8593556,0.0,0.0
2022-11-28 00:00:00+05:30,141.58844132958663,148.04002209907767,141.58844132958663,147.54208374023438,26418498,0.0,0.0
2022-11-29 00:00:00+05:30,147.86682055969447,148.23486653329093,145.57196742952908,146.8059844970703,10055668,0.0,0.0
2022-11-30 00:00:00+05:30,146.8059999929228,148.84106861664884,145.39877534418358,147.7152862548828,10029732,0.0,0.0
2022-12-01 00:00:00+05:30,148.08333110264803,148.84106744600953,145.94001444587622,146.6111602783203,4289334,0.0,0.0
2022-12-02 00:00:00+05:30,147.00084390809297,148.6678664302376,146.48124801079223,147.69363403320312,5595618,0.0,0.0
2022-12-05 00:00:00+05:30,147.60703184398318,147.99672216406603,146.1348610715187,146.52455139160156,4976546,0.0,0.0
2022-12-06 00:00:00+05:30,147.17403086349344,147.69362673511907,142.06472871928653,142.2595672607422,10051146,0.0,0.0
2022-12-07 00:00:00+05:30,143.21216059976737,145.9183616693019,143.103912556986,144.77093505859375,14328596,0.0,0.0
2022-12-08 00:00:00+05:30,145.8101131413645,146.0482535491422,143.9915407431393,145.3771209716797,5220452,0.0,0.0
2022-12-09 00:00:00+05:30,147.2173361838647,147.2173361838647,144.98742917561884,146.54620361328125,10392346,0.0,0.0
2022-12-12 00:00:00+05:30,146.32971469655814,151.48231907254672,144.87918822917376,151.11427307128906,13477930,0.0,0.0
2022-12-13 00:00:00+05:30,151.11424868084094,151.11424868084094,149.42558206901546,149.88021850585938,7750970,0.0,0.0
2022-12-14 00:00:00+05:30,150.11839851209072,151.89365593126865,149.6854063193404,151.0060272216797,9635850,0.0,0.0
2022-12-15 00:00:00+05:30,151.00602025120824,152.17510440321817,149.8152917761091,151.17921447753906,5908812,0.0,0.0
2022-12-16 00:00:00+05:30,151.17920640321623,151.98024452282027,147.5637193109674,147.97506713867188,9481326,0.0,0.0
2022-12-19 00:00:00+05:30,148.27816393547164,148.927652146816,145.3554669844219,147.78021240234375,5444230,0.0,0.0
2022-12-20 00:00:00+05:30,147.93177846174558,148.12663023199264,144.72763891171041,147.32559204101562,5614312,0.0,0.0
2022-12-21 00:00:00+05:30,147.65033259227044,148.4946726243149,143.7967048536045,144.66268920898438,5170900,0.0,0.0
2022-12-22 00:00:00+05:30,144.61938911420563,145.44207161908673,140.59256709807178,141.97813415527344,6135896,0.0,0.0
2022-12-23 00:00:00+05:30,140.72244521362634,142.41111191341557,139.48841497436334,140.7657470703125,5802076,0.0,0.0
2022-12-26 00:00:00+05:30,139.85646093538864,142.19461584385613,139.48841497436334,140.7657470703125,3377562,0.0,0.0
2022-12-27 00:00:00+05:30,140.89567381210847,142.1513486792265,139.72660267949846,141.1554718017578,2819074,0.0,0.0
2022-12-28 00:00:00+05:30,141.15543079642592,141.41522871060454,139.4884084954731,140.33274841308594,9481554,0.0,0.0
2022-12-29 00:00:00+05:30,140.33277040606563,142.0214372920687,138.62244598239553,141.675048828125,6195112,0.0,0.0
2022-12-30 00:00:00+05:30,142.02141678387386,144.18637740557926,141.82656504237198,143.10389709472656,4199128,0.0,0.0
2023-01-02 00:00:00+05:30,142.90906513084738,144.92248935877413,141.82658467018692,144.554443359375,4405586,0.0,0.0
2023-01-03 00:00:00+05:30,144.55444748242306,146.35136245559733,143.5802150400411,145.85342407226562,5264652,0.0,0.0
2023-01-04 00:00:00+05:30,146.58951265875066,147.56374516613414,144.6843495093089,145.6152801513672,5848474,0.0,0.0
2023-01-05 00:00:00+05:30,145.91836768622207,148.49467649620158,145.31218126442482,148.23487854003906,7428290,0.0,0.0
2023-01-06 00:00:00+05:30,148.08331156879115,150.05342051610222,147.3255753253836,149.2523956298828,7364410,0.0,0.0
2023-01-09 00:00:00+05:30,150.6163239210116,151.26581215420796,149.42559549348493,150.14002990722656,4519436,0.0,0.0
2023-01-10 00:00:00+05:30,150.68126830472596,151.11426045502688,148.60291126883016,150.3998260498047,4762962,0.0,0.0
2023-01-11 00:00:00+05:30,151.04932664811798,155.01120250512523,149.75035009081245,152.62974548339844,14348024,0.0,0.0
2023-01-12 00:00:00+05:30,153.25758688303753,153.25758688303753,148.68951147101993,149.40394592285156,5863672,0.0,0.0
2023-01-13 00:00:00+05:30,149.555507488477,152.04521270924914,148.1049809344698,151.590576171875,5433700,0.0,0.0
2023-01-16 00:00:00+05:30,152.41325705586146,152.58645129610477,148.9926212590302,151.09263610839844,5698298,0.0,0.0
2023-01-17 00:00:00+05:30,151.85036689783388,152.13180917963294,149.57715789166195,150.85447692871094,3477566,0.0,0.0
2023-01-18 00:00:00+05:30,151.02765774252532,151.24415381911373,148.47300668155646,149.83692932128906,4099580,0.0,0.0
2023-01-19 00:00:00+05:30,149.79364311228179,151.50395421681182,148.9493031143117,151.3957061767578,3279112,0.0,0.0
2023-01-20 00:00:00+05:30,151.20087299451558,151.98025362499214,149.62044098258784,149.9668426513672,3993550,0.0,0.0
2023-01-23 00:00:00+05:30,150.24828689979734,151.5472634435996,149.79365039501562,151.3740692138672,3362750,0.0,0.0
2023-01-24 00:00:00+05:30,151.54727264077133,152.60810883480613,150.61634203732416,151.09263610839844,4752342,0.0,0.0
2023-01-25 00:00:00+05:30,150.9843698959306,151.76375049021746,149.68539342953787,150.14002990722656,3866394,0.0,0.0
2023-01-27 00:00:00+05:30,150.20496665375728,151.352393150896,143.5368905211882,145.72349548339844,5251902,0.0,0.0
2023-01-30 00:00:00+05:30,145.875053194557,146.89258739333533,143.8832866549239,145.09567260742188,6395210,0.0,0.0
2023-01-31 00:00:00+05:30,148.4946651339113,152.19674278087018,147.7585731834195,148.6245574951172,17988324,0.0,0.0
2023-02-01 00:00:00+05:30,148.6245631391071,149.25240707447895,142.8874168562428,144.9224853515625,8358226,0.0,0.0
2023-02-02 00:00:00+05:30,144.83588835362173,145.485376642203,142.6709273916842,143.8400115966797,9029328,0.0,0.0
2023-02-03 00:00:00+05:30,143.73176618056718,144.07815465527094,139.5100922274826,141.45855712890625,5653818,0.0,0.0
2023-02-06 00:00:00+05:30,140.31110951815094,144.90082923211577,140.31110951815094,144.51113891601562,6611800,0.0,0.0
2023-02-07 00:00:00+05:30,144.61938225952466,145.57197030247158,143.5585461759643,143.81834411621094,3480708,0.0,0.0
2023-02-08 00:00:00+05:30,143.66681698545113,145.39878590975493,142.47608834999227,144.7060089111328,2499180,0.0,0.0
2023-02-09 00:00:00+05:30,143.7967117926155,146.22147074746215,143.4719676436773,144.489501953125,4275406,0.0,0.0
2023-02-10 00:00:00+05:30,144.66268662539517,145.3987653859986,143.5585486636815,144.619384765625,2551682,0.0,0.0
2023-02-13 00:00:00+05:30,144.6193734410315,146.2214496299687,143.77503349018352,145.00906372070312,3587566,0.0,0.0
2023-02-14 00:00:00+05:30,144.1863835660143,144.94411981598586,143.1039032089121,143.38534545898438,2385346,0.0,0.0
2023-02-15 00:00:00+05:30,143.38534545898438,144.03483367324569,142.23791892323032,143.38534545898438,3529300,0.0,0.0
2023-02-16 00:00:00+05:30,143.38534241291916,144.25132668020404,140.20284758787298,141.02554321289062,7507670,0.0,0.0
2023-02-17 00:00:00+05:30,141.02555168082222,144.18638916065714,140.96059228577832,143.62350463867188,6702378,0.0,0.0
2023-02-20 00:00:00+05:30,144.12145086305657,144.38124881582712,141.1338074408771,141.22039794921875,3546252,0.0,0.0
2023-02-21 00:00:00+05:30,141.5667980254526,142.25957493985337,139.48842764063252,139.9647216796875,2962498,0.0,0.0
2023-02-22 00:00:00+05:30,139.63997854008178,139.8564746308416,136.91213308205718,138.75234985351562,8178548,0.0,0.0
2023-02-23 00:00:00+05:30,139.42346766145758,140.13790204241437,137.6914991190792,138.79562377929688,5490782,0.0,0.0
2023-02-24 00:00:00+05:30,138.90386746301735,139.48840947053768,137.08530847879632,137.49664306640625,3794754,0.0,0.0
2023-02-27 00:00:00+05:30,137.77811744509646,139.05543645225572,136.2409872723781,138.75234985351562,3962002,0.0,0.0
2023-02-28 00:00:00+05:30,137.32346097966735,139.27192570078034,135.98118264012618,137.41006469726562,7852658,0.0,0.0
2023-03-01 00:00:00+05:30,137.17190157816316,138.9904738107684,136.63066141534864,136.78221130371094,6991434,0.0,0.0
2023-03-02 00:00:00+05:30,137.12862537101148,139.35853240124027,136.1760373125291,139.0121307373047,6768720,0.0,0.0
2023-03-03 00:00:00+05:30,139.72659410105635,140.24617683458084,138.66575788089884,139.1636962890625,4226202,0.0,0.0
2023-03-06 00:00:00+05:30,139.59667262893117,141.37194316442896,139.05543241773506,140.52760314941406,3629924,0.0,0.0
2023-03-08 00:00:00+05:30,140.26783038642068,141.78330310706602,139.76987877853844,141.19876098632812,4785062,0.0,0.0
2023-03-09 00:00:00+05:30,141.1987720380177,141.5451605442992,140.09463389823065,140.65753173828125,3895532,0.0,0.0
2023-03-10 00:00:00+05:30,140.72247221688195,141.97814701850393,138.7956515425166,141.17710876464844,3517038,0.0,0.0
2023-03-13 00:00:00+05:30,141.1554440151445,141.41524195365233,139.09873125725514,139.6832733154297,3910894,0.0,0.0
2023-03-14 00:00:00+05:30,140.37606583683743,142.41112109355743,139.3585316015413,141.24205017089844,5894652,0.0,0.0
2023-03-15 00:00:00+05:30,142.45441895101942,144.35958178965686,141.73998453826437,143.01730346679688,5511946,0.0,0.0
2023-03-16 00:00:00+05:30,145.0523632164119,152.7379735062367,144.6843172639841,151.9369354248047,36574630,0.0,0.0
2023-03-17 00:00:00+05:30,151.9802481615851,153.69057247915177,149.57714695910886,152.1534423828125,23389012,0.0,0.0
2023-03-20 00:00:00+05:30,153.6472745778622,156.31017378770372,151.76375599055444,155.7256317138672,18492346,0.0,0.0
2023-03-21 00:00:00+05:30,155.96379155405995,156.5699779750719,154.0369710300464,155.2493438720703,10250562,0.0,0.0
2023-03-22 00:00:00+05:30,155.14109409072293,155.44419390477717,151.87200839025235,152.32664489746094,11934054,0.0,0.0
2023-03-23 00:00:00+05:30,151.54725914307414,152.261693579117,150.4647787206236,150.83282470703125,5146176,0.0,0.0
2023-03-24 00:00:00+05:30,150.63797666499948,151.4390148401666,148.9493098070545,149.5554962158203,5875488,0.0,0.0
2023-03-27 00:00:00+05:30,148.99260816779673,150.20498095684837,148.3864217732709,149.31735229492188,4245926,0.0,0.0
2023-03-28 00:00:00+05:30,148.08333539118578,148.4730257362826,145.20393984579854,147.15240478515625,6854316,0.0,0.0
2023-03-29 00:00:00+05:30,147.21735097369347,148.25652963190953,145.61527451578326,147.15240478515625,5971840,0.0,0.0
2023-03-31 00:00:00+05:30,149.33899105002288,149.98847928005824,147.6286799725862,149.07919311523438,10137510,0.0,0.0
2023-04-03 00:00:00+05:30,146.35135003397212,146.35135003397212,142.5193667764029,142.8657684326172,18864744,0.0,0.0
2023-04-05 00:00:00+05:30,143.7100980526784,144.14309022108895,141.58843907024132,142.04307556152344,8249158,0.0,0.0
2023-04-06 00:00:00+05:30,142.58431854695138,144.4028909752168,142.47607050274206,143.75340270996094,4767830,0.0,0.0
2023-04-10 00:00:00+05:30,143.75340814472202,145.83176538656636,143.58021391021384,145.39877319335938,4930618,0.0,0.0
2023-04-11 00:00:00+05:30,145.55031975144865,147.00084620805825,145.1173275682143,146.82765197753906,2729894,0.0,0.0
2023-04-12 00:00:00+05:30,146.82765743692983,146.89260362405525,145.09568863959387,146.0482635498047,4260174,0.0,0.0
2023-04-13 00:00:00+05:30,146.74104384883842,146.74104384883842,143.1688584444247,143.8616485595703,8347294,0.0,0.0
2023-04-17 00:00:00+05:30,143.8616556621878,145.48537638072264,143.01731560300047,145.35548400878906,2905562,0.0,0.0
2023-04-18 00:00:00+05:30,145.3554780637407,146.37299910130744,144.09979018833303,144.9657745361328,5806422,0.0,0.0
2023-04-19 00:00:00+05:30,145.03073860822812,148.64621280573516,144.48949837340695,148.0833282470703,9852864,0.0,0.0
2023-04-20 00:00:00+05:30,148.9276602725756,149.38229675977382,147.80187800204632,148.8194122314453,4865018,0.0,0.0
2023-04-21 00:00:00+05:30,148.86269426652524,151.07095685029893,148.34311162049542,149.90188598632812,6552688,0.0,0.0
2023-04-24 00:00:00+05:30,149.90189247950514,150.59466937088666,148.4080642279853,150.3348846435547,4245824,0.0,0.0
2023-04-25 00:00:00+05:30,149.49055030877642,150.91941921879277,149.49055030877642,150.46478271484375,3084392,0.0,0.0
2023-04-26 00:00:00+05:30,150.1616849755484,151.3307691645144,149.42560618690595,151.11427307128906,2639794,0.0,0.0
2023-04-27 00:00:00+05:30,151.54724938924085,154.3616983064696,151.0493110697362,153.99365234375,7271052,0.0,0.0
2023-04-28 00:00:00+05:30,154.14522253552425,155.141099305682,152.60810551769964,154.8380126953125,6742936,0.0,0.0
2023-05-02 00:00:00+05:30,155.14106874556515,157.99881933309325,155.01117639726095,156.35345458984375,6425960,0.0,0.0
2023-05-03 00:00:00+05:30,157.28440789383535,159.2545170086083,155.8122371385671,156.22357177734375,8712958,0.0,0.0
2023-05-04 00:00:00+05:30,157.52253831871352,159.83904895566818,156.3751117681088,159.49266052246094,8282286,0.0,0.0
2023-05-05 00:00:00+05:30,158.95143397517808,160.05555876289952,157.63079988078564,158.23699951171875,3300230,0.0,0.0
2023-05-08 00:00:00+05:30,158.2369798615932,159.64420429002976,156.9380034661133,159.21121215820312,2400728,0.0,0.0
2023-05-09 00:00:00+05:30,158.41018114088877,160.20709592538563,157.912242809841,158.9297637939453,4179678,0.0,0.0
2023-05-10 00:00:00+05:30,159.34113125871747,161.5060922812544,158.2153488842236,161.13804626464844,5561956,0.0,0.0
2023-05-11 00:00:00+05:30,161.57103147474027,162.32876779982575,160.85659701100565,161.3112335205078,3387368,0.0,0.0
2023-05-12 00:00:00+05:30,161.02979688734402,161.02979688734402,155.4442001379742,156.6998748779297,7791814,0.0,0.0
2023-05-15 00:00:00+05:30,156.74316209638152,157.54420023605732,154.29675903240303,154.5782012939453,4809530,0.0,0.0
2023-05-16 00:00:00+05:30,155.11943399535338,158.6050154332175,154.5781938209104,156.873046875,7572742,0.0,0.0
2023-05-17 00:00:00+05:30,158.79986795029305,159.9905963398317,157.58749523922046,157.9338836669922,7759756,0.0,0.0
2023-05-18 00:00:00+05:30,158.47513583156126,158.47513583156126,155.92048464535705,156.18028259277344,3426890,0.0,0.0
2023-05-19 00:00:00+05:30,155.9204895688336,156.9596681774407,154.83800909864436,156.007080078125,2315526,0.0,0.0
2023-05-22 00:00:00+05:30,156.72151144067226,157.0678998695154,155.24932758341004,156.56996154785156,3206888,0.0,0.0
2023-05-23 00:00:00+05:30,158.90813380850628,160.64010256936191,158.04214942807846,158.7349395751953,11943178,0.0,0.0
2023-05-24 00:00:00+05:30,158.71328543937466,159.8174234764111,156.67823003007172,157.30606079101562,3750960,0.0,0.0
2023-05-25 00:00:00+05:30,157.17616841671642,157.69576434165984,156.0287417308291,157.30606079101562,3352570,0.0,0.0
2023-05-26 00:00:00+05:30,158.04215928584676,158.90814372028976,157.2194767159007,157.7390594482422,2185592,0.0,0.0
2023-05-29 00:00:00+05:30,157.73905037895014,159.03802695592927,156.3101814298223,156.61328125,2341038,0.0,0.0
2023-05-30 00:00:00+05:30,157.1761668718813,157.60915906712063,155.87719028616326,156.05038452148438,2722688,0.0,0.0
2023-05-31 00:00:00+05:30,156.0503760438497,158.66998661105794,155.96378553782986,157.3926544189453,23214480,0.0,0.0
2023-06-01 00:00:00+05:30,158.17203416605045,159.7308086183671,157.65245149119315,157.8472900390625,3537282,0.0,0.0
2023-06-02 00:00:00+05:30,157.86895664035288,158.82153153922232,155.48749957236967,155.89883422851562,6932474,0.0,0.0
2023-06-05 00:00:00+05:30,155.92048981726586,156.7431723331459,153.71222701178672,154.49160766601562,5858136,0.0,0.0
2023-06-06 00:00:00+05:30,154.5998496134971,155.4441896338259,153.53902672119975,154.2101593017578,4213074,0.0,0.0
2023-06-07 00:00:00+05:30,154.57822871369945,159.99063167986537,154.46998065437612,159.3844451904297,12830856,0.0,0.0
2023-06-08 00:00:00+05:30,159.16790332331357,159.16790332331357,156.00705297124816,156.35345458984375,7164382,0.0,0.0
2023-06-09 00:00:00+05:30,156.35345718240916,157.6091316876963,155.357567378038,155.63902282714844,3085970,0.0,0.0
2023-06-12 00:00:00+05:30,156.09367919484504,161.28958529841825,155.9637868278047,160.92153930664062,9434298,0.0,0.0
2023-06-13 00:00:00+05:30,162.1555594310628,163.19473794352092,161.2462732774601,161.765869140625,7974634,0.0,0.0
2023-06-14 00:00:00+05:30,161.72257259638218,163.88753340757873,160.59679033178557,161.7442169189453,6714368,0.0,0.0
2023-06-15 00:00:00+05:30,162.41536502593237,164.73187576987957,161.50607882942654,164.06072998046875,12210880,0.0,0.0
2023-06-16 00:00:00+05:30,163.23804720052235,163.97413917106036,162.11226492188223,163.1514434814453,4278588,0.0,0.0
2023-06-19 00:00:00+05:30,163.23804154755513,163.97413349260214,162.00401126973958,162.26380920410156,3034770,0.0,0.0
2023-06-20 00:00:00+05:30,162.37205375714842,162.39369807876741,160.85658125541502,161.26792907714844,2415876,0.0,0.0
2023-06-21 00:00:00+05:30,161.2679426782607,162.26381940641343,160.79164863762878,161.4194793701172,2680298,0.0,0.0
2023-06-22 00:00:00+05:30,160.81327598557908,163.97412649329598,160.7050279520382,161.67926025390625,4024128,0.0,0.0
2023-06-23 00:00:00+05:30,160.2937146249718,160.64010309272226,155.14109697354078,155.70399475097656,10934896,0.0,0.0
2023-06-26 00:00:00+05:30,156.67822824144469,157.11122043599676,153.99367134967255,155.14109802246094,5281280,0.0,0.0
2023-06-27 00:00:00+05:30,156.3101745696903,157.47925872321204,155.01119804972058,156.0287322998047,6784532,0.0,0.0
2023-06-28 00:00:00+05:30,156.1153174203064,158.82151841021516,155.53078857758376,158.21533203125,7166772,0.0,0.0
2023-06-30 00:00:00+05:30,158.410169740525,159.6874885661682,156.41840334580425,157.9122314453125,8391660,0.0,0.0
2023-07-03 00:00:00+05:30,158.12875770772465,164.51539269739357,157.34936381455967,162.50196838378906,12429962,0.0,0.0
2023-07-04 00:00:00+05:30,162.50195998898718,163.82259406729037,161.5710294440712,163.0865020751953,5390328,0.0,0.0
2023-07-05 00:00:00+05:30,163.08650319705296,167.61127679808382,162.37206873738302,167.3731231689453,12565366,0.0,0.0
2023-07-06 00:00:00+05:30,167.37310987955428,171.96282930088273,166.70197733427665,170.29580688476562,13080534,0.0,0.0
2023-07-07 00:00:00+05:30,170.16591717498778,172.28757609495497,168.56384091349128,169.5813751220703,6527978,0.0,0.0
2023-07-10 00:00:00+05:30,169.7329220493209,170.2308603768443,166.31228672222372,167.22157287597656,7264538,0.0,0.0
2023-07-11 00:00:00+05:30,168.00096291587226,169.62468356261073,166.87518062469246,169.2566375732422,6249314,0.0,0.0
2023-07-12 00:00:00+05:30,169.0834338271934,170.05766616038466,166.72362133458145,167.22157287597656,3379704,0.0,0.0
2023-07-13 00:00:00+05:30,167.438083035062,167.84941768202157,163.9524880214433,164.34217834472656,4556112,0.0,0.0
2023-07-14 00:00:00+05:30,164.5370301133046,165.2947664361948,162.63186714424089,164.34217834472656,6358916,0.0,0.0
2023-07-17 00:00:00+05:30,164.5370329511501,166.1823979951124,164.10404075917342,165.29476928710938,3944706,0.0,0.0
2023-07-18 00:00:00+05:30,166.24735843435602,167.87107916441988,163.8442438255376,164.0823974609375,4545860,0.0,0.0
2023-07-19 00:00:00+05:30,164.5370017809791,166.9184583857038,163.90915793600345,166.50711059570312,4894862,0.0,0.0
2023-07-20 00:00:00+05:30,167.11333996626033,168.47726271341773,165.9442557750552,167.9793243408203,5790108,0.0,0.0
2023-07-21 00:00:00+05:30,167.97933592447194,170.16594133547235,167.13499581550212,169.14840698242188,4677570,0.0,0.0
2023-07-24 00:00:00+05:30,169.04014988949896,169.6896381804785,167.8494213560365,168.67210388183594,2997768,0.0,0.0
2023-07-25 00:00:00+05:30,167.91435287977924,169.25663120670143,166.39888033316078,167.30816650390625,4256186,0.0,0.0
2023-07-26 00:00:00+05:30,167.9576734066808,171.0319207000127,166.16075840159462,167.6545867919922,12787834,0.0,0.0
2023-07-27 00:00:00+05:30,168.86696178660083,169.58139628984634,157.2411183131332,164.21229553222656,16459384,0.0,0.0
2023-07-28 00:00:00+05:30,164.45041738432442,164.45041738432442,161.11638567452755,161.700927734375,7259444,0.0,0.0
2023-07-31 00:00:00+05:30,161.8091942132062,163.86590721135008,160.92155225410414,163.45455932617188,10035348,0.0,0.0
2023-08-01 00:00:00+05:30,163.45455932617188,164.4504361239342,162.04733464323132,163.45455932617188,9122844,0.0,0.0
2023-08-02 00:00:00+05:30,163.58446853510603,163.97417213542408,159.12465359738243,159.81744384765625,9528240,0.0,0.0
2023-08-03 00:00:00+05:30,159.96896944762935,160.96484619638193,157.7390491040727,159.34112548828125,6404888,0.0,0.0
2023-08-04 00:00:00+05:30,159.40607403458927,160.57515824728475,155.89883461037599,156.05038452148438,6557502,0.0,0.0
2023-08-07 00:00:00+05:30,157.176149300135,157.3710010517582,155.0544904234309,156.1586151123047,4002256,0.0,0.0
2023-08-08 00:00:00+05:30,156.9596695948816,157.54421169683715,154.31841458099314,154.94625854492188,6307980,0.0,0.0
2023-08-09 00:00:00+05:30,155.87718239636706,156.61327437656556,155.03284237283773,156.0287322998047,6443716,0.0,0.0
2023-08-10 00:00:00+05:30,156.67822396611743,158.04214669896405,155.6823340174989,157.0246124267578,8137376,0.0,0.0
2023-08-11 00:00:00+05:30,157.3091865366905,158.27239873378718,156.25841809701407,156.54299926757812,5578802,2.0,0.0
2023-08-14 00:00:00+05:30,156.7400250611336,157.13406155803256,153.80661701297723,156.1051788330078,5111068,0.0,0.0
2023-08-16 00:00:00+05:30,156.19275145474373,158.27240266542356,155.05441338296453,156.6962432861328,3864088,0.0,0.0
2023-08-17 00:00:00+05:30,157.17784753916072,157.74700988770115,155.14198115554052,156.2803192138672,4778606,0.0,0.0
2023-08-18 00:00:00+05:30,156.28031004163677,156.89325715668568,154.13497509709802,154.5071258544922,4777304,0.0,0.0
2023-08-21 00:00:00+05:30,154.50713001546328,155.38277259232763,153.52203211649092,154.13497924804688,5180764,0.0,0.0
2023-08-22 00:00:00+05:30,154.15687930583906,155.29521733522344,151.70507740283705,151.8802032470703,8015338,0.0,0.0
2023-08-23 00:00:00+05:30,152.86529486396984,152.99664926267545,150.71997329756073,150.9607696533203,6414210,0.0,0.0
2023-08-24 00:00:00+05:30,152.12101343676076,154.48524574421583,151.5518377397143,153.78472900390625,8741756,0.0,0.0
2023-08-25 00:00:00+05:30,153.80661558457447,155.05440894753767,152.7996319506017,153.34690856933594,5113762,0.0,0.0
2023-08-28 00:00:00+05:30,155.53602138334907,156.696245190103,154.24444316599804,155.5579071044922,10985570,0.0,0.0
2023-08-29 00:00:00+05:30,155.86439366582326,157.00273179742973,155.33900272469825,156.2146453857422,6253738,0.0,0.0
2023-08-30 00:00:00+05:30,154.6384783713647,155.3389817164656,153.3250145574332,154.09120178222656,9709432,0.0,0.0
2023-08-31 00:00:00+05:30,153.67527449691025,154.11309579177325,148.46520376028974,149.10003662109375,13575650,0.0,0.0
2023-09-01 00:00:00+05:30,149.31895700069475,151.0045717680298,149.1000463389953,150.69810485839844,9980752,0.0,0.0
2023-09-04 00:00:00+05:30,150.8950931079679,152.690162928625,150.0851211126568,150.9169921875,6898572,0.0,0.0
2023-09-05 00:00:00+05:30,151.4423878239394,154.3757959331804,151.15780664587777,153.3250274658203,8363178,0.0,0.0
2023-09-06 00:00:00+05:30,153.2155873574562,154.92308795667563,152.38371610030686,154.61660766601562,6751054,0.0,0.0
2023-09-07 00:00:00+05:30,154.98873887616654,155.97383679275234,154.6165881020961,155.25143432617188,7249346,0.0,0.0
2023-09-08 00:00:00+05:30,155.31711770695674,159.5858756989027,155.01063742970294,158.4694366455078,10344130,0.0,0.0
2023-09-11 00:00:00+05:30,159.89233827176938,161.44659848557305,157.92214249364034,159.2574920654297,10452850,0.0,0.0
2023-09-12 00:00:00+05:30,159.80479392269226,160.02370459929867,151.94589528802254,152.53695678710938,18168222,0.0,0.0
2023-09-13 00:00:00+05:30,153.50016333579558,155.93006641024346,152.01157346310467,155.68927001953125,9713718,0.0,0.0
2023-09-14 00:00:00+05:30,156.74002392067726,158.60076442811547,155.90816613077754,157.06838989257812,10116738,0.0,0.0
2023-09-15 00:00:00+05:30,156.7181361365569,156.98081822162183,153.78472814837443,154.22254943847656,12383408,0.0,0.0
2023-09-18 00:00:00+05:30,154.2225654091155,158.0972869000183,153.52204860016042,157.7689208984375,10007488,0.0,0.0
2023-09-20 00:00:00+05:30,154.98874333707457,156.21463765738918,153.76284901675993,154.35389709472656,18292152,0.0,0.0
2023-09-21 00:00:00+05:30,154.5509280178599,156.95894530992285,154.02553708236573,155.53602600097656,9879542,0.0,0.0
2023-09-22 00:00:00+05:30,155.64546195088087,156.52110449350187,153.8285063471913,154.09120178222656,3982102,0.0,0.0
2023-09-25 00:00:00+05:30,154.72603733847333,154.76982213862578,152.3836908233908,154.06930541992188,4959752,0.0,0.0
2023-09-26 00:00:00+05:30,154.06932471823427,155.36090299766315,153.63150338435963,153.95986938476562,3788360,0.0,0.0
2023-09-27 00:00:00+05:30,153.95984526276908,154.63847624069683,151.74885321761292,152.79962158203125,5969046,0.0,0.0
2023-09-28 00:00:00+05:30,151.94588901437663,153.23746729752594,149.7348966164396,150.58865356445312,9701978,0.0,0.0
2023-09-29 00:00:00+05:30,151.3767200586332,152.42748854514235,151.0483540715212,151.74887084960938,2669870,0.0,0.0
2023-10-03 00:00:00+05:30,152.58072171947663,152.88720197130237,149.23139147593238,149.45030212402344,10514554,0.0,0.0
2023-10-04 00:00:00+05:30,149.45030212402344,151.0264614625283,148.66221577414822,149.45030212402344,6049760,0.0,0.0
2023-10-05 00:00:00+05:30,151.2672631851083,152.25236113638616,150.08514029907647,150.80755615234375,7115506,0.0,0.0
2023-10-06 00:00:00+05:30,151.0483387609266,152.79962384800982,150.6105174891558,152.0115509033203,3717076,0.0,0.0
2023-10-09 00:00:00+05:30,149.29707426183364,149.5816554554793,147.17363812867552,148.8592529296875,8740080,0.0,0.0
2023-10-10 00:00:00+05:30,148.88112267091702,149.99757496479788,148.50898526753537,149.03436279296875,3572978,0.0,0.0
2023-10-11 00:00:00+05:30,149.82245072778667,151.17968603729472,149.51597048040043,149.97567749023438,4799512,0.0,0.0
2023-10-12 00:00:00+05:30,151.00456026563702,153.39069164090202,150.63240949684632,152.6682891845703,7703802,0.0,0.0
2023-10-13 00:00:00+05:30,151.9677733022453,153.500147826028,151.94587422087253,152.23046875,3981804,0.0,0.0
2023-10-16 00:00:00+05:30,151.0483644950982,152.55885348454805,149.7349004560104,152.03346252441406,3262470,0.0,0.0
2023-10-17 00:00:00+05:30,152.75585538617207,156.60869100657163,151.7926565020069,155.29522705078125,10443728,0.0,0.0
2023-10-18 00:00:00+05:30,155.42656440054049,156.0832963627963,152.7339660275409,153.3250274658203,9162228,0.0,0.0
2023-10-19 00:00:00+05:30,153.01855172310852,155.22954405014556,152.86531158847558,154.85740661621094,5743188,0.0,0.0
2023-10-20 00:00:00+05:30,153.5001555244403,154.46335439952037,150.85132855516616,151.6613006591797,4400690,0.0,0.0
2023-10-23 00:00:00+05:30,151.28915268012025,152.05533999467121,149.58165219422742,150.08514404296875,7813800,0.0,0.0
2023-10-25 00:00:00+05:30,149.975681260588,151.70508074343132,148.2025103366566,148.8373565673828,5429774,0.0,0.0
2023-10-26 00:00:00+05:30,147.80847355028087,148.39953497752214,145.11587522756588,146.67013549804688,7743878,0.0,0.0
2023-10-27 00:00:00+05:30,146.67012485465543,148.09304397637968,146.23230358643258,146.6482391357422,2996088,0.0,0.0
2023-10-30 00:00:00+05:30,147.9835964275871,152.75584582948207,147.5895599377509,151.8802032470703,21873188,0.0,0.0
2023-10-31 00:00:00+05:30,152.51505163930887,154.96685357728364,150.89510749424184,152.90908813476562,10673186,0.0,0.0
2023-11-01 00:00:00+05:30,153.4782398737806,157.06837960934934,153.4782398737806,156.25840759277344,13929780,0.0,0.0
2023-11-02 00:00:00+05:30,158.0315997760705,158.4913067855082,156.41165566056023,157.85646057128906,10130432,0.0,0.0
2023-11-03 00:00:00+05:30,158.11915977514073,159.23561210655203,157.7032375570134,158.27239990234375,5627900,0.0,0.0
2023-11-06 00:00:00+05:30,158.84156195498977,161.62172987627903,158.20672908809811,160.35205078125,9072020,0.0,0.0
2023-11-07 00:00:00+05:30,160.59284458645251,163.59192310937502,160.33016250020742,163.2197723388672,10702176,0.0,0.0
2023-11-08 00:00:00+05:30,164.3800162937317,169.83088359012285,163.76705577032567,168.21095275878906,24020912,0.0,0.0
2023-11-09 00:00:00+05:30,168.60499214326674,171.0348951123599,167.5979950956612,167.92636108398438,12843896,0.0,0.0
2023-11-10 00:00:00+05:30,167.16015058479647,169.04279000671852,166.59098829517146,168.14524841308594,4932486,0.0,0.0
2023-11-13 00:00:00+05:30,167.90446204668962,170.1811380630072,167.90446204668962,169.48062133789062,4838906,0.0,0.0
2023-11-15 00:00:00+05:30,169.87467851784774,172.23891106208387,169.5025277096701,171.86676025390625,11266250,0.0,0.0
2023-11-16 00:00:00+05:30,172.50159393393366,175.6976841115615,172.06377262953282,174.53746032714844,15416172,0.0,0.0
2023-11-17 00:00:00+05:30,175.1285296384529,178.23706371178474,170.42195040441948,170.85977172851562,16380696,0.0,0.0
2023-11-20 00:00:00+05:30,171.03488462991604,172.2388931799761,169.63386451568437,171.62594604492188,4506882,0.0,0.0
2023-11-21 00:00:00+05:30,171.62594950567816,172.1513404098877,169.26171715922663,169.87466430664062,4477214,0.0,0.0
2023-11-22 00:00:00+05:30,171.62594542066708,176.35441000102404,171.23190893251157,176.04794311523438,25730664,0.0,0.0
2023-11-23 00:00:00+05:30,176.68278210653665,181.03910943130458,175.41310299559166,180.07589721679688,16239092,0.0,0.0
2023-11-24 00:00:00+05:30,180.82019286276656,180.82019286276656,178.19326512141885,179.76942443847656,10975546,0.0,0.0
2023-11-28 00:00:00+05:30,181.27989534361046,186.46808017539112,180.8639731450364,185.85513305664062,23186856,0.0,0.0
2023-11-29 00:00:00+05:30,186.51186490562475,190.2114600586968,183.31577491253813,187.67208862304688,25208812,0.0,0.0
2023-11-30 00:00:00+05:30,190.23335238843293,192.09409288935547,187.84722098981052,190.7587432861328,32721308,0.0,0.0
2023-12-01 00:00:00+05:30,192.64135909407105,193.69212747142612,189.75173603541103,191.76571655273438,19278842,0.0,0.0
2023-12-04 00:00:00+05:30,194.83048328469917,203.49933989309298,194.39266197394704,202.05453491210938,41482794,0.0,0.0
2023-12-05 00:00:00+05:30,205.7978856029881,208.5999524606128,203.58689350192753,206.7392120361328,38376064,0.0,0.0
2023-12-06 00:00:00+05:30,210.59204462220387,211.24877657009017,205.03170878560167,207.0238037109375,27408826,0.0,0.0
2023-12-07 00:00:00+05:30,208.84075436982522,209.71639694579932,206.4327372858964,207.83377075195312,23850564,0.0,0.0
2023-12-08 00:00:00+05:30,208.7969616445329,209.0377713605338,203.93714286006693,205.9730224609375,18940478,0.0,0.0
2023-12-11 00:00:00+05:30,207.89944850777655,207.89944850777655,199.88731064204484,203.80581665039062,27693108,0.0,0.0
2023-12-12 00:00:00+05:30,204.26432290796558,206.99243786815273,204.26432290796558,205.20425415039062,19940320,10.5,0.0
2023-12-13 00:00:00+05:30,206.09834700429906,208.32210282386598,204.47065709102588,205.18133544921875,26664018,0.0,0.0
2023-12-14 00:00:00+05:30,206.30468290528248,206.30468290528248,202.68247602124922,204.3560333251953,12555568,0.0,0.0
2023-12-15 00:00:00+05:30,204.0350717319412,207.9094511629466,202.75126114725145,205.8690948486328,22079148,0.0,0.0
2023-12-18 00:00:00+05:30,205.86908122745555,206.44221341350078,203.62240585665515,205.0666961669922,16831064,0.0,0.0
2023-12-19 00:00:00+05:30,205.0667025113914,207.01535200423302,204.0579842357498,206.2129669189453,12644672,0.0,0.0
2023-12-20 00:00:00+05:30,207.88651897408758,208.78061084690145,200.98601254488568,201.49037170410156,17347978,0.0,0.0
2023-12-21 00:00:00+05:30,199.40415492039685,206.53392798024504,198.28082418870653,206.1212615966797,18554414,0.0,0.0
2023-12-22 00:00:00+05:30,206.19006178924116,207.8636051439609,204.05799864663305,204.79161071777344,11559264,0.0,0.0
2023-12-26 00:00:00+05:30,205.41059461364753,209.30789384180827,203.8058243432284,207.06121826171875,22976450,0.0,0.0
2023-12-27 00:00:00+05:30,208.1387103768512,209.26204117446576,205.5481414518208,208.4825897216797,12398088,0.0,0.0
2023-12-28 00:00:00+05:30,209.0786248928314,215.8874381730358,208.5054926974015,213.5719757080078,45183336,0.0,0.0
2023-12-29 00:00:00+05:30,208.3908756503312,209.9956458698607,205.7086140563347,206.62562561035156,17088440,0.0,0.0
2024-01-01 00:00:00+05:30,210.63755263170108,210.63755263170108,206.64856073933302,207.2675323486328,7006288,0.0,0.0
2024-01-02 00:00:00+05:30,207.26752277850085,210.6375429059657,205.45643342577125,209.19325256347656,9458818,0.0,0.0
2024-01-03 00:00:00+05:30,210.88972834804943,213.3427229519048,208.6430389466905,211.39407348632812,15058884,0.0,0.0
2024-01-04 00:00:00+05:30,209.4454291950679,209.76638882961564,206.78610133804733,207.54263305664062,17904916,0.0,0.0
2024-01-05 00:00:00+05:30,209.03278828487404,210.75218500907374,206.90073914536367,207.7489776611328,8080468,0.0,0.0
2024-01-08 00:00:00+05:30,209.51422432519618,212.88423065533965,206.99244250441689,208.62013244628906,18232610,0.0,0.0
2024-01-09 00:00:00+05:30,210.91264442188847,212.6320409796756,208.91814161635838,210.8897247314453,12301290,0.0,0.0
2024-01-10 00:00:00+05:30,208.71184507825328,209.14741719134483,204.0809337148159,206.90074157714844,15261992,0.0,0.0
2024-01-11 00:00:00+05:30,208.11578359762225,211.46288439384506,207.79483792729084,210.31661987304688,15751252,0.0,0.0
2024-01-12 00:00:00+05:30,210.45415460614643,211.41701954990054,208.6659848491666,210.1102752685547,11990812,0.0,0.0
2024-01-15 00:00:00+05:30,210.91264442188847,212.5174145424898,208.91814161635838,210.8897247314453,10408382,0.0,0.0
2024-01-16 00:00:00+05:30,211.37116238313723,219.99106536055282,211.14190949551994,216.80445861816406,42369500,0.0,0.0
2024-01-17 00:00:00+05:30,216.4147217601108,218.7760236587844,213.73246022793435,216.25424194335938,22429284,0.0,0.0
2024-01-18 00:00:00+05:30,214.12219394036484,220.49542132553168,211.37115932871134,216.96493530273438,19802302,0.0,0.0
2024-01-19 00:00:00+05:30,218.24873205636885,222.37528371289682,217.35464026712722,220.51834106445312,12973856,0.0,0.0
2024-01-23 00:00:00+05:30,223.9800739091539,223.9800739091539,210.95851253360817,212.31109619140625,18419550,0.0,0.0
2024-01-24 00:00:00+05:30,213.20518903086366,219.39501709950164,212.42572360300372,218.77603149414062,15161312,0.0,0.0
2024-01-25 00:00:00+05:30,218.79894593454898,223.91128216531382,215.95620473383997,217.51512145996094,21346674,0.0,0.0
2024-01-29 00:00:00+05:30,217.33172871102332,229.8947836481424,215.22259943136444,225.8828582763672,27869484,0.0,0.0
2024-01-30 00:00:00+05:30,227.80861414673876,237.43722214944776,226.11213705535235,231.1786346435547,44271876,0.0,0.0
2024-01-31 00:00:00+05:30,231.98100692103267,235.00713390025984,228.58805292677127,230.33038330078125,20707736,0.0,0.0
2024-02-01 00:00:00+05:30,231.33908979196733,236.26802701410853,228.84024164228052,233.1272735595703,14008198,0.0,0.0
2024-02-02 00:00:00+05:30,237.20794693645007,262.44871175233965,236.58897534610276,256.0066833496094,77556082,0.0,0.0
2024-02-05 00:00:00+05:30,259.51425870453187,269.9681843769076,255.41062657855267,263.52618408203125,45025890,0.0,0.0
2024-02-06 00:00:00+05:30,265.9104208614533,281.8434960066209,261.6692425854015,279.3675537109375,45260656,0.0,0.0
2024-02-07 00:00:00+05:30,282.8063561713251,284.2735802470137,274.7825051159659,276.04339599609375,28791718,0.0,0.0
2024-02-08 00:00:00+05:30,278.77151585163176,291.31163781313984,278.03791779337945,284.5028381347656,37522588,0.0,0.0
2024-02-09 00:00:00+05:30,285.6491011000735,285.97006074324776,271.57296804919105,281.66009521484375,29524266,0.0,0.0
2024-02-12 00:00:00+05:30,281.8893355013988,283.63165179148,267.6527372579488,270.7247314453125,17042236,0.0,0.0
2024-02-13 00:00:00+05:30,271.41251836575236,273.52163388641156,266.09383420739323,267.9049377441406,12659942,0.0,0.0
2024-02-14 00:00:00+05:30,266.8503379663222,288.56057334055674,266.8503379663222,285.9471130371094,47987362,0.0,0.0
2024-02-15 00:00:00+05:30,288.85863603279995,301.2153721711973,285.694935015595,299.2896423339844,51245018,0.0,0.0
2024-02-16 00:00:00+05:30,305.36485560886626,315.42906327885566,298.8999351751,300.13787841796875,55744810,0.0,0.0
2024-02-19 00:00:00+05:30,302.56797123918017,305.68580490314554,298.4184715994845,299.19793701171875,24997270,0.0,0.0
2024-02-20 00:00:00+05:30,299.197918284107,304.44781466102376,292.18278598303823,301.51336669921875,20913510,0.0,0.0
2024-02-21 00:00:00+05:30,304.2644256781465,306.21307525124257,288.85864260012846,290.32586669921875,17722264,0.0,0.0
2024-02-22 00:00:00+05:30,288.4001163948868,289.24834083735436,280.07822584864573,286.978759765625,27653580,0.0,0.0
2024-02-23 00:00:00+05:30,285.2134804412701,288.62935368714267,282.09564711042816,283.3336181640625,12564690,0.0,0.0
2024-02-26 00:00:00+05:30,282.89803552739374,290.50921945456463,276.9833004139518,287.5518798828125,23264196,0.0,0.0
2024-02-27 00:00:00+05:30,287.5289816043404,290.0966309254963,282.57712446457555,286.58905029296875,14881202,0.0,0.0
2024-02-28 00:00:00+05:30,286.49731267530615,286.8182723040015,277.9003296833092,279.3675537109375,12645922,0.0,0.0
2024-02-29 00:00:00+05:30,279.22999864152933,280.51380913024354,272.55874565028967,276.8686828613281,20515464,0.0,0.0
2024-03-01 00:00:00+05:30,280.14703602484377,287.59775506805767,279.23002445029437,285.7866516113281,15763236,0.0,0.0
2024-03-04 00:00:00+05:30,286.65781145917094,294.9338349661631,284.6632945794159,293.6500244140625,14804172,0.0,0.0
2024-03-05 00:00:00+05:30,293.92513112185526,297.79951064486846,289.82149870381136,295.7820739746094,12317936,0.0,0.0
2024-03-06 00:00:00+05:30,294.8191967166938,299.4042542083998,286.6807196689157,292.6871337890625,18258188,0.0,0.0
2024-03-07 00:00:00+05:30,292.068173688836,293.97098381659004,285.1905871812496,286.4285583496094,11968574,0.0,0.0
2024-03-11 00:00:00+05:30,282.8981027655044,292.8476850724046,280.6284932646369,287.20806884765625,15353008,0.0,0.0
2024-03-12 00:00:00+05:30,287.4831393372721,291.31165160973603,282.7376154560768,286.7724609375,14074364,0.0,0.0
2024-03-13 00:00:00+05:30,287.9416386481859,287.9416386481859,272.4441484071093,274.07183837890625,14910184,0.0,0.0
2024-03-14 00:00:00+05:30,274.0717935362391,281.5225114700975,271.6187991335407,279.1153564453125,19372474,0.0,0.0
2024-03-15 00:00:00+05:30,269.71602134830607,275.1034641886675,256.3047274691085,268.8907165527344,57039318,0.0,0.0
2024-03-18 00:00:00+05:30,268.8907252552731,271.80222581817736,266.0709034620882,266.9879150390625,10980494,0.0,0.0
2024-03-19 00:00:00+05:30,265.93336836899334,266.3230871114068,255.11264250520998,255.7086944580078,21665634,0.0,0.0
2024-03-20 00:00:00+05:30,257.22171777577626,262.4486943577209,256.9007581637324,259.8122863769531,17528566,0.0,0.0
2024-03-21 00:00:00+05:30,263.18230032350294,270.38084619066944,262.5174613894548,269.5096740722656,16625332,0.0,0.0
2024-03-22 00:00:00+05:30,270.0599295645222,277.14385012208055,268.01957305655594,271.80224609375,21445540,0.0,0.0
2024-03-26 00:00:00+05:30,268.8678177398564,276.8458020298716,268.3863642521619,275.0346984863281,13567050,0.0,0.0
2024-03-27 00:00:00+05:30,277.3960000233804,280.49091407322805,272.0314767399834,272.90264892578125,10893576,0.0,0.0
2024-03-28 00:00:00+05:30,275.5161292822184,280.26165282314946,274.0030378483249,276.2038879394531,12168632,0.0,0.0
2024-04-01 00:00:00+05:30,276.4789962150482,279.20711131035046,274.2552542885681,275.4244384765625,6260114,0.0,0.0
2024-04-02 00:00:00+05:30,277.3959827805132,284.4111152604478,275.1034539972032,282.34783935546875,18944588,0.0,0.0
2024-04-03 00:00:00+05:30,281.0640768726264,283.9755777310689,279.1383467685106,280.1241455078125,12456516,0.0,0.0
2024-04-04 00:00:00+05:30,281.52258137612915,282.4854324311454,273.01730377356847,274.4157409667969,15187270,0.0,0.0
2024-04-05 00:00:00+05:30,272.1460881065699,272.48996742638735,266.0479670988005,270.7247314453125,17546990,0.0,0.0
2024-04-08 00:00:00+05:30,273.24649852698957,276.75405061077015,270.7934760523509,271.4124755859375,11628512,0.0,0.0
2024-04-09 00:00:00+05:30,273.81966001140705,273.81966001140705,267.538125168804,268.56976318359375,9089852,0.0,0.0
2024-04-10 00:00:00+05:30,270.19748186897266,279.09250622576565,268.22591238349077,277.2814025878906,22286674,0.0,0.0
2024-04-12 00:00:00+05:30,277.2813457830363,280.9952310765931,274.6449377826188,275.6536560058594,13419366,0.0,0.0
2024-04-15 00:00:00+05:30,270.61014325143725,275.01178797320927,263.3657568204075,270.3121032714844,16619074,0.0,0.0
2024-04-16 00:00:00+05:30,268.2258809368232,275.10346762751095,265.2685130628331,271.5729675292969,11546770,0.0,0.0
2024-04-18 00:00:00+05:30,277.1667699274721,283.1731850131347,268.4780789870105,270.33502197265625,25834400,0.0,0.0
2024-04-19 00:00:00+05:30,265.01631226578485,270.47254165347977,258.6889387810004,268.5926513671875,20996084,0.0,0.0
2024-04-22 00:00:00+05:30,272.74213646061634,279.1382973232769,271.89391201005367,276.685302734375,17525618,0.0,0.0
2024-04-23 00:00:00+05:30,278.9090222591223,279.4592347169204,271.3207582341881,271.8938903808594,11440602,0.0,0.0
2024-04-24 00:00:00+05:30,274.1864453086506,274.5761640118401,271.43541074033635,272.05438232421875,9778936,0.0,0.0
2024-04-25 00:00:00+05:30,272.05440881222944,277.7628116942623,269.62433363728013,276.66241455078125,14346756,0.0,0.0
2024-04-26 00:00:00+05:30,276.1580129622197,281.8434955660274,274.6907889368851,279.43634033203125,9905056,0.0,0.0
2024-04-29 00:00:00+05:30,281.9581525033319,286.3368773770348,278.4047324878443,283.723388671875,15908852,0.0,0.0
2024-04-30 00:00:00+05:30,286.10761281831793,286.3597854056985,276.6624047429842,278.4734802246094,12520696,0.0,0.0
2024-05-02 00:00:00+05:30,283.3565897481714,292.0911198060354,281.7518194178824,290.99072265625,31766132,0.0,0.0
2024-05-03 00:00:00+05:30,293.4436698347259,294.2231351797182,286.61192320239854,288.7898254394531,8997336,0.0,0.0
2024-05-06 00:00:00+05:30,291.1511483010773,291.2428550471425,277.92326874154384,279.8031311035156,9472036,0.0,0.0
2024-05-07 00:00:00+05:30,285.41982224558274,288.147936986932,276.02045460536675,277.07501220703125,19902238,0.0,0.0
2024-05-08 00:00:00+05:30,278.7715172545101,286.2451559523323,276.6853215299453,284.4111328125,13939168,0.0,0.0
2024-05-09 00:00:00+05:30,286.5661152492953,286.5661152492953,270.5413324875603,271.50421142578125,19938848,0.0,0.0
2024-05-10 00:00:00+05:30,281.9810144809146,285.1676347943998,275.8141070225091,283.6545715332031,44164342,0.0,0.0
2024-05-13 00:00:00+05:30,286.5432054949174,286.5432054949174,271.34372702095993,278.2671813964844,22898652,0.0,0.0
2024-05-14 00:00:00+05:30,280.7889721056037,283.2190473264266,276.0892875051072,277.83160400390625,12813314,0.0,0.0
2024-05-15 00:00:00+05:30,279.2300376561679,287.9416480263932,278.3359457317027,286.58905029296875,18835012,0.0,0.0
2024-05-16 00:00:00+05:30,289.7756407828283,290.3946123658286,280.16993949849194,283.700439453125,26886936,0.0,0.0
2024-05-17 00:00:00+05:30,284.1360543666404,288.62940568096167,283.51705473583206,288.0791931152344,10203386,0.0,0.0
2024-05-21 00:00:00+05:30,288.85865916376525,297.57026951949786,286.566130122783,295.2777404785156,21247760,0.0,0.0
2024-05-22 00:00:00+05:30,297.9829394749651,298.3497385288778,289.3400880969729,293.6729736328125,14673810,0.0,0.0
2024-05-23 00:00:00+05:30,295.7362134032993,299.9086045999623,293.7187768775677,296.85955810546875,14982550,0.0,0.0
2024-05-24 00:00:00+05:30,296.65322022280213,304.1497780406268,294.1772779790411,299.9085998535156,16208524,0.0,0.0
2024-05-27 00:00:00+05:30,301.1466137362972,303.4162231178532,296.4240094381444,300.802734375,12493582,0.0,0.0
2024-05-28 00:00:00+05:30,301.67387738360895,302.15530284577716,294.6357970134415,296.4239807128906,8950082,0.0,0.0
2024-05-29 00:00:00+05:30,293.44369597044647,294.79629360355455,289.95906327478605,290.486328125,10753416,0.0,0.0
2024-05-30 00:00:00+05:30,290.7155961959905,291.9764871429674,285.8783656145828,286.9100036621094,9645688,0.0,0.0
2024-05-31 00:00:00+05:30,288.8586022093405,290.8760385616152,283.17312011472495,287.8498840332031,18484104,0.0,0.0
2024-06-03 00:00:00+05:30,304.90633144777786,314.99345820244116,298.80821041581646,305.4336242675781,33828234,0.0,0.0
2024-06-04 00:00:00+05:30,307.1989029662012,307.1989029662012,259.83525680736244,266.02508544921875,45748526,0.0,0.0
2024-06-05 00:00:00+05:30,276.04338427219886,276.04338427219886,244.93377998138553,266.43768310546875,47388174,0.0,0.0
2024-06-06 00:00:00+05:30,270.99982407872284,278.51932974302963,266.047967463556,267.8361511230469,37934232,0.0,0.0
2024-06-07 00:00:00+05:30,268.2258993807241,276.0204981661469,266.48358289627146,275.01177978515625,21620630,0.0,0.0
2024-06-10 00:00:00+05:30,277.5335339064069,279.6197295397786,275.2180853905774,276.2955627441406,14828594,0.0,0.0
2024-06-11 00:00:00+05:30,277.99202723955756,280.92647519777756,272.1689986885405,278.4046936035156,27027544,0.0,0.0
2024-06-12 00:00:00+05:30,284.9612893947195,286.0387665838021,280.8118184526586,281.2244567871094,23479388,0.0,0.0
2024-06-13 00:00:00+05:30,283.8150895842593,284.9613540817724,281.29330768973034,283.9755554199219,12050324,0.0,0.0
2024-06-14 00:00:00+05:30,285.328145390915,288.53768589696574,283.4712025522658,287.3226623535156,14628644,0.0,0.0
2024-06-18 00:00:00+05:30,291.15116373112954,291.15116373112954,287.2080253060823,289.27130126953125,15884950,0.0,0.0
2024-06-19 00:00:00+05:30,290.7843564720378,290.7843564720378,281.9810403471332,282.34783935546875,19648006,0.0,0.0
2024-06-20 00:00:00+05:30,284.2735905142839,288.30843587942763,280.9723432209945,287.1392517089844,18076646,0.0,0.0
2024-06-21 00:00:00+05:30,291.6096998274804,292.52671146215806,279.7802553371341,282.0727844238281,30004484,0.0,2.0
2024-06-24 00:00:00+05:30,283.9984674194338,283.9984674194338,278.1295715414909,279.9177551269531,7557297,0.0,0.0
2024-06-25 00:00:00+05:30,279.91777479571346,281.01819984639286,270.33499293304277,271.71051025390625,15630568,0.0,0.0
2024-06-26 00:00:00+05:30,273.2694619364283,275.88295064254663,271.66469160626474,273.6362609863281,7973173,0.0,0.0
2024-06-27 00:00:00+05:30,274.003027930277,281.5225335045161,271.4812462783636,279.55096435546875,12487595,0.0,0.0
2024-06-28 00:00:00+05:30,280.4679938737067,281.1557525502067,276.52482733745654,278.7256774902344,9077880,0.0,0.0
2024-07-01 00:00:00+05:30,280.3304340290539,281.38499168446515,278.1295839838834,279.2758483886719,4793023,0.0,0.0
2024-07-02 00:00:00+05:30,278.7715066470475,282.668805670896,277.1208970779942,279.1383056640625,5553786,0.0,0.0
2024-07-03 00:00:00+05:30,280.14704336332767,281.93522717452964,277.8545143669011,281.15576171875,4355165,0.0,0.0
2024-07-04 00:00:00+05:30,281.1557701559946,282.89808664856963,276.8916716916739,277.8545227050781,6607472,0.0,0.0
2024-07-05 00:00:00+05:30,277.85451240691594,281.70597228773363,276.9375008148139,281.20159912109375,7684768,0.0,0.0
2024-07-08 00:00:00+05:30,279.32169194843226,282.3936858884244,274.0030087725584,274.6449279785156,11488688,0.0,0.0
2024-07-09 00:00:00+05:30,276.2497467457914,277.0750515955062,271.8022348526404,275.2868957519531,18094862,0.0,0.0
2024-07-10 00:00:00+05:30,275.8370769038101,276.7540884998799,269.0511966898881,275.4244384765625,12134270,0.0,0.0
2024-07-11 00:00:00+05:30,276.9375027683305,282.43957235975427,274.7366805287556,281.15576171875,19246022,0.0,0.0
2024-07-12 00:00:00+05:30,283.99848012437695,285.14474452916545,278.5422503635956,279.2758483886719,10426157,0.0,0.0
2024-07-15 00:00:00+05:30,280.6055264631778,283.35656103634625,278.9090495460631,282.2102966308594,8687357,0.0,0.0
2024-07-16 00:00:00+05:30,282.43954467524065,292.7559241479564,282.43954467524065,289.72979736328125,28132502,0.0,0.0
2024-07-18 00:00:00+05:30,292.0681825441368,292.52668832521084,286.74952667766723,291.7472229003906,19588548,0.0,0.0
2024-07-19 00:00:00+05:30,291.74722589702685,291.74722589702685,276.754081104913,278.5881042480469,19823046,0.0,0.0
2024-07-22 00:00:00+05:30,279.2758691577001,290.83022081422934,275.1951843641656,282.6688232421875,27102699,0.0,0.0
2024-07-23 00:00:00+05:30,285.60325384623326,286.3826912632151,271.5271211832189,280.60552978515625,24287234,0.0,0.0
2024-07-24 00:00:00+05:30,280.97233946101846,289.6381099918162,279.5509827214567,288.81280517578125,16934157,0.0,0.0
2024-07-25 00:00:00+05:30,286.97877725642013,300.0003245430422,285.0071800257067,299.08331298828125,30554549,0.0,0.0
2024-07-26 00:00:00+05:30,300.7339293207432,302.0635791901784,296.56151025052134,301.51336669921875,21839106,0.0,0.0
2024-07-29 00:00:00+05:30,305.73163300370584,310.8210636946098,303.57665034998814,309.8581848144531,20234464,0.0,0.0
2024-07-30 00:00:00+05:30,310.4542523402762,329.25298931399476,309.3079878906592,319.3034362792969,45785745,0.0,0.0
2024-07-31 00:00:00+05:30,322.7880923117321,324.7138223230867,317.42356870330656,320.9999084472656,17224023,0.0,0.0
2024-08-01 00:00:00+05:30,321.8710700969787,322.6963749361302,316.00220148137885,320.1287536621094,16959971,0.0,0.0
2024-08-02 00:00:00+05:30,318.11129475162363,321.8252082460133,311.82976016244714,318.2947082519531,15120989,0.0,0.0
2024-08-05 00:00:00+05:30,313.61795726753274,318.15717573776226,306.64866373125983,313.3428649902344,23868328,0.0,0.0
2024-08-06 00:00:00+05:30,314.53495151562123,320.6330725296442,305.7316353222715,306.92376708984375,13702018,0.0,0.0
2024-08-07 00:00:00+05:30,312.8843201677541,318.8907340141481,309.399659841895,315.1309814453125,14250381,0.0,0.0
2024-08-08 00:00:00+05:30,315.40614391487793,315.40614391487793,305.1814424170354,310.2250061035156,15378854,0.0,0.0
2024-08-09 00:00:00+05:30,315.28815350845974,318.6478375503611,312.11775801702925,315.5247497558594,11351617,10.5,0.0
2024-08-12 00:00:00+05:30,314.01052799622624,318.74245294421866,312.49633511797094,315.5247497558594,12253716,0.0,0.0
2024-08-13 00:00:00+05:30,314.15253433259045,314.9096308331308,303.7896063033358,304.45208740234375,9757429,0.0,0.0
2024-08-14 00:00:00+05:30,304.4520698391093,309.8937836567894,303.4583482479232,307.6224365234375,8457477,0.0,0.0
2024-08-16 00:00:00+05:30,308.5688394353914,315.9033237020884,308.5688394353914,314.67303466796875,8214443,0.0,0.0
2024-08-19 00:00:00+05:30,319.68884688582546,327.0233307605958,318.3166059413085,325.3671569824219,17875728,0.0,0.0
2024-08-20 00:00:00+05:30,330.24107520808093,335.1149524460649,328.7741610497186,330.66693115234375,22888866,0.0,0.0
2024-08-21 00:00:00+05:30,330.61960434327034,336.53451057210594,329.4839307947827,332.37042236328125,14795459,0.0,0.0
2024-08-22 00:00:00+05:30,335.58813939846124,336.06133191625906,329.8624926042806,331.32940673828125,10244576,0.0,0.0
2024-08-23 00:00:00+05:30,331.04548622101646,338.80585535430976,330.80888995331094,333.31683349609375,15872017,0.0,0.0
2024-08-26 00:00:00+05:30,336.39259335187376,336.8184493155186,330.28839794053494,332.3231201171875,6672007,0.0,0.0
2024-08-27 00:00:00+05:30,329.3420005997725,331.94455951255804,325.0832678333961,330.335693359375,9683173,0.0,0.0
2024-08-28 00:00:00+05:30,329.8151577477878,336.676448690891,328.06433979982404,329.4839172363281,7295981,0.0,0.0
2024-08-29 00:00:00+05:30,331.0454751251068,338.3799591781424,328.53756054776403,337.3389587402344,13054801,0.0,0.0
2024-08-30 00:00:00+05:30,340.65128161797617,345.90370665068184,335.73006821977947,338.4745788574219,20312502,0.0,0.0
2024-09-02 00:00:00+05:30,341.64499020491775,347.5125888468611,338.33264265445456,339.2317199707031,14344785,0.0,0.0
2024-09-03 00:00:00+05:30,340.2253990233516,340.4146875711868,334.54708916482554,336.34521484375,9289259,0.0,0.0
2024-09-04 00:00:00+05:30,336.34525116421986,344.4368609152239,335.63546235525706,338.0960693359375,19416507,0.0,0.0
2024-09-05 00:00:00+05:30,340.22541042206984,344.81538348776706,336.6764666415893,341.361083984375,15927510,0.0,0.0
2024-09-06 00:00:00+05:30,342.9226087164491,345.6671194256889,332.2284409440623,333.26947021484375,19044553,0.0,0.0
2024-09-09 00:00:00+05:30,333.2221830186555,334.5944240170116,328.4902577525042,329.1527099609375,9200270,0.0,0.0
2024-09-10 00:00:00+05:30,330.2883793265579,332.65434192918366,326.1715986217132,327.40191650390625,8137710,0.0,0.0
2024-09-11 00:00:00+05:30,331.1874850800673,333.88465957334273,320.39867158143795,322.0075378417969,12194591,0.0,0.0
2024-09-12 00:00:00+05:30,325.03595835800934,327.63851725658265,322.1494666144001,325.8403625488281,15970391,0.0,0.0
2024-09-13 00:00:00+05:30,327.44920681931933,330.9981505348467,323.3324263330321,323.94757080078125,11006109,0.0,0.0
2024-09-16 00:00:00+05:30,326.4081836493318,326.4081836493318,321.7709028840433,322.38604736328125,4850244,0.0,0.0
2024-09-17 00:00:00+05:30,321.7236281092769,322.57536892779706,317.0863179880578,320.2567138671875,7237522,0.0,0.0
2024-09-18 00:00:00+05:30,320.8245279241283,321.6762686821643,316.5184875532146,318.08001708984375,4111826,0.0,0.0
2024-09-19 00:00:00+05:30,319.8308240340099,319.8308240340099,305.63504895715863,307.05462646484375,12549677,0.0,0.0
2024-09-20 00:00:00+05:30,308.947389828238,315.2408442006324,307.0546198587132,313.4427185058594,14642546,0.0,0.0
2024-09-23 00:00:00+05:30,315.14620898303536,321.2977115607823,313.53734291015013,319.9727783203125,6110287,0.0,0.0
2024-09-24 00:00:00+05:30,320.3986548792001,324.79936857330944,318.64786559943144,320.96649169921875,7068491,0.0,0.0
2024-09-25 00:00:00+05:30,322.71727753017046,323.4743739600949,317.18091963204307,321.58160400390625,6087353,0.0,0.0
2024-09-26 00:00:00+05:30,321.7709038110892,328.34829119154375,317.18093073044946,326.59747314453125,9517367,0.0,0.0
2024-09-27 00:00:00+05:30,328.39563262119003,350.6356826690228,327.78048807699435,347.60723876953125,40756678,0.0,0.0
2024-09-30 00:00:00+05:30,347.4652474895052,355.84076052821354,340.84055247967143,350.1151428222656,23860696,0.0,0.0
2024-10-01 00:00:00+05:30,350.16249108298325,353.33288698122715,344.62613240715166,348.5063171386719,9440793,0.0,0.0
2024-10-03 00:00:00+05:30,334.78370420843385,342.2128324667908,328.3956052588736,330.14642333984375,20754875,0.0,0.0
2024-10-04 00:00:00+05:30,324.1369043668345,329.29471483558945,316.42387139686355,322.0075378417969,18185208,0.0,0.0
2024-10-07 00:00:00+05:30,323.6636970178405,324.89398606798767,314.95694273849256,317.03900146484375,7847806,0.0,0.0
2024-10-08 00:00:00+05:30,313.72664055457483,321.2504131702001,310.65088917658875,319.8781433105469,9565667,0.0,0.0
2024-10-09 00:00:00+05:30,326.5028180013089,331.23474289987865,319.6415268983829,320.68255615234375,13523561,0.0,0.0
2024-10-10 00:00:00+05:30,323.6636847474706,324.89397375097644,316.61310462366544,317.4648742675781,5706365,0.0,0.0
2024-10-11 00:00:00+05:30,317.4648757418702,321.2030793507315,316.0926058704198,319.5469055175781,4046559,0.0,0.0
2024-10-14 00:00:00+05:30,321.7709240874908,326.1243011896565,319.16836514266555,322.480712890625,7967181,0.0,0.0
2024-10-15 00:00:00+05:30,325.7457478771767,332.654347234473,325.4618150315057,330.0517883300781,17183945,0.0,0.0
2024-10-16 00:00:00+05:30,333.12756147540983,336.81845765866217,329.389328707437,331.944580078125,17073700,0.0,0.0
2024-10-17 00:00:00+05:30,330.4303381880739,331.8026080787279,323.521738797078,324.326171875,11023063,0.0,0.0
2024-10-18 00:00:00+05:30,324.32615989560304,325.4618045977405,316.37650257374577,324.1368713378906,7328694,0.0,0.0
2024-10-21 00:00:00+05:30,324.1841824212824,326.97602982910433,312.4963503356783,313.86859130859375,8609636,0.0,0.0
2024-10-22 00:00:00+05:30,314.19981670550595,314.720316897497,304.7359668047377,305.58770751953125,6372285,0.0,0.0
2024-10-23 00:00:00+05:30,304.73598255458165,308.37957073096663,299.5781725395378,305.72967529296875,6639274,0.0,0.0
2024-10-24 00:00:00+05:30,305.6823698880329,307.95368822238015,302.84321474975394,304.2154846191406,5706821,0.0,0.0
2024-10-25 00:00:00+05:30,306.10824203808875,306.25019401284976,286.8493013711632,289.8777160644531,11583887,0.0,0.0
2024-10-28 00:00:00+05:30,290.82413493103866,298.5845044437783,288.93136469684674,293.7579345703125,13299872,0.0,0.0
2024-10-29 00:00:00+05:30,295.2721176249026,296.1711949202219,286.04486394912436,294.7516174316406,8437903,0.0,0.0
2024-10-30 00:00:00+05:30,292.4329756316198,298.0166415583425,290.87144610112483,294.6096496582031,6248318,0.0,0.0
2024-10-31 00:00:00+05:30,293.8525760862392,299.24698275535076,291.29732474163234,294.08917236328125,11375689,0.0,0.0
2024-11-01 00:00:00+05:30,295.2248131590434,297.0229388879844,295.08283230352896,296.218505859375,710149,0.0,0.0
2024-11-04 00:00:00+05:30,296.2185072585471,296.691699762155,282.11737642730725,287.1805419921875,14063318,0.0,0.0
2024-11-05 00:00:00+05:30,284.8619125973426,292.4803010328587,284.10481607654657,291.4393005371094,9542018,0.0,0.0
2024-11-06 00:00:00+05:30,295.0828150413719,301.89679821507787,290.7767750833313,300.0040283203125,10787602,0.0,0.0
2024-11-07 00:00:00+05:30,299.3889232305869,300.6665488537519,294.42040160379656,298.1112976074219,7387875,0.0,0.0
2024-11-08 00:00:00+05:30,298.11127704337025,298.20592132029464,290.3509084376264,293.80523681640625,9304376,0.0,0.0
2024-11-11 00:00:00+05:30,291.48662274530693,297.1649335780077,287.7483898945593,295.79266357421875,5277147,0.0,0.0
2024-11-12 00:00:00+05:30,297.25953633355346,301.47093228387286,292.4802747216502,293.1900634765625,7192998,0.0,0.0
2024-11-13 00:00:00+05:30,291.4392881637348,292.4329809152639,285.8082855547239,289.4518737792969,7306795,0.0,0.0
2024-11-14 00:00:00+05:30,289.40453947576344,289.59382804010636,280.5085256978662,282.2120361328125,11061057,0.0,0.0
2024-11-18 00:00:00+05:30,282.16467785817787,283.5842553374725,272.8427799678679,273.6945495605469,7940666,0.0,0.0
2024-11-19 00:00:00+05:30,276.9595704380585,281.92809179505576,271.13930833899457,272.085693359375,9912544,0.0,0.0
2024-11-21 00:00:00+05:30,272.0383864514972,272.0383864514972,264.37266198786205,267.2591247558594,8273120,0.0,0.0
2024-11-22 00:00:00+05:30,267.4484185366268,271.61250694345614,265.9815043932961,270.524169921875,6539977,0.0,0.0
2024-11-25 00:00:00+05:30,276.39174934419435,288.0796107858525,276.3444416430405,280.6504821777344,16903527,0.0,0.0
2024-11-26 00:00:00+05:30,281.97546068332895,284.8619237736654,277.6220833144982,278.09527587890625,5160007,0.0,0.0
2024-11-27 00:00:00+05:30,281.0290530073704,281.07636070746287,275.4453580902328,277.7167053222656,5995425,0.0,0.0
2024-11-28 00:00:00+05:30,278.6630861603964,282.73253027370896,273.97846866690793,275.3507385253906,13130411,0.0,0.0
2024-11-29 00:00:00+05:30,276.7229603358405,278.4737783122098,273.8838054167696,276.4390563964844,8125467,0.0,0.0
2024-12-02 00:00:00+05:30,276.9595728477035,280.03532419070007,274.92485081245854,278.379150390625,5193026,0.0,0.0
2024-12-03 00:00:00+05:30,281.5495366410067,281.8334405875892,276.39172685419163,278.4737854003906,9198285,0.0,0.0
2024-12-04 00:00:00+05:30,278.4265044690757,283.48964158526064,277.14887882387603,277.9059753417969,9840659,0.0,0.0
2024-12-05 00:00:00+05:30,279.278198870548,282.259305626455,275.6819188044867,281.0763244628906,9287638,0.0,0.0
2024-12-06 00:00:00+05:30,281.92811013341543,287.6064206250507,280.5085325105066,284.24676513671875,9586531,0.0,0.0
2024-12-09 00:00:00+05:30,284.814579474148,287.89033074759936,283.0637614345231,287.1805419921875,11637358,0.0,0.0
2024-12-10 00:00:00+05:30,286.0922010955409,290.2563185957882,284.71996004415195,287.2278747558594,8649367,0.0,0.0
2024-12-11 00:00:00+05:30,287.18055477336173,292.38567254470615,285.9029291804831,290.9660949707031,10867782,0.0,0.0
2024-12-12 00:00:00+05:30,290.58750661634133,290.9660837265494,285.14579279295384,285.9502258300781,7454904,0.0,0.0
2024-12-13 00:00:00+05:30,285.8082875097637,288.7893946661227,280.1299771618876,285.5243835449219,7726611,0.0,0.0
2024-12-16 00:00:00+05:30,284.81458846084,285.52437723864773,279.9406824147906,281.9754333496094,8696443,0.0,0.0
2024-12-17 00:00:00+05:30,283.77354495813785,283.77354495813785,276.4390612874377,277.2908020019531,8415828,0.0,0.0
2024-12-18 00:00:00+05:30,276.10781311428144,277.29079431871276,272.2276289874711,272.8427734375,6535229,0.0,0.0
2024-12-19 00:00:00+05:30,266.9278779198318,279.9880082595394,266.9278779198318,278.7576904296875,11822064,0.0,0.0
2024-12-20 00:00:00+05:30,277.81131442861937,283.1584129613964,271.61250402519534,273.5525817871094,9979749,0.0,0.0
2024-12-23 00:00:00+05:30,276.34445615111804,279.08896723387676,272.55891565589724,273.5999450683594,6819725,0.0,0.0
2024-12-24 00:00:00+05:30,274.40437398286383,279.60949208380094,271.9437669225082,276.3444519042969,7937629,0.0,0.0
2024-12-26 00:00:00+05:30,279.04164551895803,283.25304177959873,276.8649425146738,279.7514343261719,11310555,0.0,0.0
2024-12-27 00:00:00+05:30,279.23085666452664,281.45486698345593,276.817586692069,277.811279296875,3708404,0.0,0.0
2024-12-30 00:00:00+05:30,277.81133382320706,279.42020004153636,274.2150820051996,277.5747375488281,8236910,0.0,0.0
2024-12-31 00:00:00+05:30,275.8239092257434,278.6157275398608,275.2087358942305,276.7702941894531,4161509,0.0,0.0
2025-01-01 00:00:00+05:30,276.62834357782197,280.0353355958679,274.7355734435053,279.4674987792969,3545200,0.0,0.0
2025-01-02 00:00:00+05:30,279.46749809070474,281.7388453513924,276.1551503638121,280.9817199707031,6846413,0.0,0.0
2025-01-03 00:00:00+05:30,280.1299661722318,283.11107321164025,278.5684366641015,280.5085144042969,4806469,0.0,0.0
2025-01-06 00:00:00+05:30,280.5085251642193,281.31295823907635,268.86800051377503,269.5777893066406,7361716,0.0,0.0
2025-01-07 00:00:00+05:30,271.70713759862184,274.9248408024785,265.6502794122955,267.6376647949219,8306436,0.0,0.0
2025-01-08 00:00:00+05:30,267.6376776154739,272.46424709315335,265.4610035771966,271.4232177734375,6037032,0.0,0.0
2025-01-09 00:00:00+05:30,271.61251907348634,272.41695217106025,264.0887461040901,264.9878234863281,6215902,0.0,0.0
2025-01-10 00:00:00+05:30,265.46099701748784,268.3001520658032,260.82371621484845,262.7637939453125,9073218,0.0,0.0
2025-01-13 00:00:00+05:30,256.7069612117308,259.9720013953635,250.08226543852487,251.07595825195312,10488655,0.0,0.0
2025-01-14 00:00:00+05:30,252.7794573498965,256.9435458713514,251.7384279991877,255.7132568359375,6710730,0.0,0.0
2025-01-15 00:00:00+05:30,259.2148343733362,261.1076042904564,251.0286102580667,252.68478393554688,13448052,0.0,0.0
2025-01-16 00:00:00+05:30,253.01604900981752,254.53027086678793,249.3724607893705,252.5901641845703,13754046,0.0,0.0
2025-01-17 00:00:00+05:30,254.38827344548295,260.44516047910986,252.92138826534455,258.9309387207031,9300647,0.0,0.0
2025-01-20 00:00:00+05:30,260.25591240959454,263.4736160958367,254.3883130136253,262.4325866699219,9623368,0.0,0.0
2025-01-21 00:00:00+05:30,263.6155654594562,271.6125313317056,263.2370171850961,265.1771240234375,15304149,0.0,0.0
2025-01-22 00:00:00+05:30,266.88058008022296,268.34746533307674,259.3568074934948,262.71649169921875,6301894,0.0,0.0
2025-01-23 00:00:00+05:30,267.8269638131841,269.719733875468,255.8078623651291,256.7069396972656,18806324,0.0,0.0
2025-01-24 00:00:00+05:30,259.3095114202613,264.41998506613635,248.89927556032382,249.6563720703125,18480516,0.0,0.0
2025-01-27 00:00:00+05:30,249.56173712955314,249.56173712955314,244.49857158142703,247.29039001464844,10083126,0.0,0.0
2025-01-28 00:00:00+05:30,248.18947406342784,249.7510035863118,240.66571596470493,244.2146453857422,13321189,0.0,0.0
2025-01-29 00:00:00+05:30,247.97850620678847,248.94359083191387,242.71878321903688,248.02674865722656,9435973,5.0,0.0
2025-01-30 00:00:00+05:30,250.82549154375255,251.79057618182168,247.54420966472676,248.1715087890625,9410974,0.0,0.0
2025-01-31 00:00:00+05:30,248.89529920647095,252.85215174634527,245.37274649430643,251.98358154296875,8790578,0.0,0.0
2025-02-01 00:00:00+05:30,252.610899019343,252.90041262422042,239.34098550829825,246.723876953125,11464565,0.0,0.0
2025-02-03 00:00:00+05:30,242.18798085485943,243.00830866688653,233.74349048526167,240.8368682861328,21517136,0.0,0.0
2025-02-04 00:00:00+05:30,241.8984609008436,247.68896878333916,241.46417575486103,247.01341247558594,7000612,0.0,0.0
2025-02-05 00:00:00+05:30,251.16325711337,256.37470785470845,251.16325711337,252.1283416748047,10088345,0.0,0.0
2025-02-06 00:00:00+05:30,253.81726496465635,257.8706323076481,252.51439478640566,253.38296508789062,14058587,0.0,0.0
2025-02-07 00:00:00+05:30,252.94868514198825,255.65091030090466,250.97024399702684,255.0718536376953,6557480,0.0,0.0
2025-02-10 00:00:00+05:30,255.31313832492424,256.5194941655297,248.50930316472812,250.82550048828125,8052376,0.0,0.0
2025-02-11 00:00:00+05:30,250.43945696291783,250.6807281160613,244.8902204406181,246.2413330078125,6819100,0.0,0.0
2025-02-12 00:00:00+05:30,246.24132881303152,247.83371250624273,240.35432161223105,246.67562866210938,6568833,0.0,0.0
2025-02-13 00:00:00+05:30,247.25468864888754,251.01851273422199,246.09657533707156,246.8203887939453,5514711,0.0,0.0
2025-02-14 00:00:00+05:30,247.44768756428786,249.5708854823926,238.81018326916654,242.23623657226562,5205573,0.0,0.0
2025-02-17 00:00:00+05:30,242.23623181577832,244.69720046269686,237.7485943677674,243.4908447265625,5899597,0.0,0.0
2025-02-18 00:00:00+05:30,243.44259806556587,244.6972110305335,238.2311469508053,243.92514038085938,5534272,0.0,0.0
2025-02-19 00:00:00+05:30,242.23623362948675,247.49595645923168,240.83686391029775,246.67562866210938,6887175,0.0,0.0
2025-02-20 00:00:00+05:30,245.1314821381894,250.5842040984923,244.35941153270724,249.5708770751953,8155780,0.0,0.0
2025-02-21 00:00:00+05:30,248.99182054838496,250.34293306405266,241.8984430260745,242.5257568359375,9845416,0.0,0.0
2025-02-24 00:00:00+05:30,242.47750772423004,244.6489480919097,240.06479620458595,242.23623657226562,6773845,0.0,0.0
2025-02-25 00:00:00+05:30,243.10480751600193,244.06989212658712,239.0514550967486,239.7752685546875,4172676,0.0,0.0
2025-02-27 00:00:00+05:30,239.77526253902195,240.69208995087132,233.64698425117038,236.20445251464844,7376510,0.0,0.0
2025-02-28 00:00:00+05:30,235.52890870485405,235.52890870485405,227.90473123370975,229.01458740234375,14066882,0.0,0.0
2025-03-03 00:00:00+05:30,230.65522489356113,235.13321695517345,225.83944732349474,233.9461669921875,6864635,0.0,0.0
2025-03-04 00:00:00+05:30,232.58538642462307,242.1783296150636,227.8564778192616,241.19393920898438,7201075,0.0,0.0
2025-03-05 00:00:00+05:30,241.174651815655,247.95919583034478,241.174651815655,246.90725708007812,7802519,0.0,0.0
2025-03-06 00:00:00+05:30,250.92199145844057,256.6642565053264,249.95690687590812,255.78602600097656,12828381,0.0,0.0
2025-03-07 00:00:00+05:30,255.7088266235023,256.5098633949629,250.92201489364285,252.13803100585938,7057204,0.0,0.0
2025-03-10 00:00:00+05:30,252.13801560988935,256.6738956232317,247.11956383763282,247.9591827392578,8487911,0.0,0.0
2025-03-11 00:00:00+05:30,247.05202780961167,255.71848394697608,245.46928955372306,255.3420867919922,12306539,0.0,0.0
2025-03-12 00:00:00+05:30,257.19503994259503,262.50300511964673,254.2032718614844,257.0213317871094,10648004,0.0,0.0
2025-03-13 00:00:00+05:30,257.0213240553005,257.35910953772395,252.86181200693878,255.17800903320312,4545159,0.0,0.0
2025-03-17 00:00:00+05:30,251.99323136385868,254.4831661802861,249.29100620468083,252.2924346923828,6482574,0.0,0.0
2025-03-18 00:00:00+05:30,252.2924346923828,252.2924346923828,252.2924346923828,252.2924346923828,0,0.0,0.0
2025-03-19 00:00:00+05:30,254.3094539900268,257.1853872670314,253.82691168695413,255.99835205078125,4955027,0.0,0.0
2025-03-20 00:00:00+05:30,257.29156230144406,263.40053490924294,255.5061498868025,262.62847900390625,10789615,0.0,0.0
2025-03-21 00:00:00+05:30,262.6960458161125,275.8694450123374,261.5958352103569,269.89556884765625,26173451,0.0,0.0
2025-03-24 00:00:00+05:30,272.15384498193475,275.33861223814006,270.2236758685877,270.6483154296875,11376607,0.0,0.0
2025-03-25 00:00:00+05:30,270.77379080227405,274.04541225114696,267.5021399013567,269.36474609375,12143699,0.0,0.0
2025-03-26 00:00:00+05:30,268.29351535302067,273.4374032460334,262.6284735361311,263.4777526855469,9475308,0.0,0.0
2025-03-27 00:00:00+05:30,263.8444749179236,270.07891276171665,262.6767014261771,266.4212341308594,107524873,0.0,0.0
2025-03-28 00:00:00+05:30,267.3187954220803,274.40251342137395,266.65288463837675,268.74713134765625,12687883,0.0,0.0
2025-04-01 00:00:00+05:30,265.39826778970496,276.97928311143755,265.39826778970496,274.6630859375,20780255,0.0,0.0
2025-04-02 00:00:00+05:30,273.16718758857047,277.99261064755984,268.00400847708784,276.7862548828125,12058406,0.0,0.0
2025-04-03 00:00:00+05:30,273.1189451387986,281.22564998749175,273.1189451387986,276.7862548828125,6663148,0.0,0.0
2025-04-04 00:00:00+05:30,281.9494582855925,285.37552626599194,267.376675023773,269.6929016113281,18852567,0.0,0.0
2025-04-07 00:00:00+05:30,252.85217473135725,269.35512790385116,252.85217473135725,264.1436767578125,15010047,0.0,0.0
2025-04-08 00:00:00+05:30,269.74115825472757,277.4618354140757,265.49479170749527,275.9176940917969,18994276,0.0,0.0
2025-04-09 00:00:00+05:30,278.6199622002224,280.50185967730647,269.8376856176876,277.8961486816406,14519066,0.0,0.0
2025-04-11 00:00:00+05:30,286.0993546849302,286.0993546849302,276.49675068992417,282.96282958984375,14955235,0.0,0.0
2025-04-15 00:00:00+05:30,286.43710787804827,286.43710787804827,280.9361431299511,284.12091064453125,8516322,0.0,0.0
2025-04-16 00:00:00+05:30,283.73487880818516,290.0561713001344,282.335494325762,288.31903076171875,9064723,0.0,0.0
2025-04-17 00:00:00+05:30,287.5951979131644,291.21426500099784,285.134244074255,287.9329833984375,7510897,0.0,0.0
2025-04-21 00:00:00+05:30,289.38062232443406,294.88158685655543,287.59520992942964,293.4339599609375,6455955,0.0,0.0
2025-04-22 00:00:00+05:30,294.3508155550914,297.72861179916623,292.08286075794626,295.41241455078125,7096150,0.0,0.0
2025-04-23 00:00:00+05:30,295.4124084997762,295.94319326072593,287.88473078165885,289.9596862792969,7400827,0.0,0.0
2025-04-24 00:00:00+05:30,292.3724086111942,294.8333627056602,289.81491070857504,291.45556640625,5773985,0.0,0.0
2025-04-25 00:00:00+05:30,291.79332529147575,294.3025510609742,283.05929227187954,285.3755187988281,7773037,0.0,0.0
2025-04-28 00:00:00+05:30,282.86631445462604,300.09308120437083,282.86631445462604,299.1762390136719,14414879,0.0,0.0
2025-04-29 00:00:00+05:30,300.67210827339073,304.5807187426268,298.98321015079443,300.81689453125,9522966,0.0,0.0
2025-04-30 00:00:00+05:30,307.86200679979504,311.19156066042336,298.211160191651,299.2244873046875,21424437,0.0,0.0
2025-05-02 00:00:00+05:30,299.7070159353959,306.41436580227963,299.07971682494986,300.52734375,6850147,0.0,0.0
2025-05-05 00:00:00+05:30,305.93184242530015,314.472847702031,304.9667577488796,309.8404235839844,16037327,0.0,0.0
2025-05-06 00:00:00+05:30,309.8886519701958,310.9502508555834,299.7069923925803,300.5755920410156,5444873,0.0,0.0
2025-05-07 00:00:00+05:30,296.28096520678235,306.41435326760063,296.28096520678235,305.8352966308594,7970668,0.0,0.0
2025-05-08 00:00:00+05:30,304.4841919050678,309.02010131489936,295.0263745870912,297.19781494140625,5918739,0.0,0.0
2025-05-09 00:00:00+05:30,291.9863187164417,296.61874222599795,290.828234928085,296.1361999511719,4955934,0.0,0.0
2025-05-12 00:00:00+05:30,304.0016648645446,304.91850706320855,296.42574446878086,298.2593994140625,6844271,0.0,0.0
2025-05-13 00:00:00+05:30,298.2593741744737,299.7552729271777,293.86825116772746,296.1844482421875,7241358,0.0,0.0
2025-05-14 00:00:00+05:30,297.92164878277185,302.6022858607829,297.63210571115314,301.5889587402344,7733320,0.0,0.0
2025-05-15 00:00:00+05:30,303.0365698781299,309.0201062871149,302.5540275694068,305.93182373046875,7055032,0.0,0.0
2025-05-16 00:00:00+05:30,304.9667613909647,309.79218483069513,304.77373267255655,308.9236145019531,6861786,0.0,0.0
2025-05-19 00:00:00+05:30,307.4276880626496,308.39277266426154,305.11149090919,306.1248474121094,2956007,0.0,0.0
2025-05-20 00:00:00+05:30,305.931797551708,308.48926567868756,300.865103743675,301.9749450683594,5016433,0.0,0.0
2025-05-21 00:00:00+05:30,301.3958926317723,305.6905306522182,298.5489108857162,304.82196044921875,5232094,0.0,0.0
2025-05-22 00:00:00+05:30,303.9051635467393,307.7655023138038,297.9216561290179,302.1197509765625,4876801,0.0,0.0
2025-05-23 00:00:00+05:30,301.1063945763114,308.8270713603194,301.1063945763114,307.7654724121094,4257721,0.0,0.0
2025-05-26 00:00:00+05:30,307.8619764503905,312.6391568313002,307.8619764503905,311.674072265625,5050848,0.0,0.0
2025-05-27 00:00:00+05:30,311.6258170829927,311.6258170829927,304.4841968042993,305.93182373046875,4716473,0.0,0.0
2025-05-28 00:00:00+05:30,305.9318332952931,311.33631321236993,302.7953081905306,310.4677429199219,7112876,0.0,0.0
2025-05-29 00:00:00+05:30,309.98518548718187,311.2880261363294,306.5108750346842,308.0067443847656,4000772,0.0,0.0
2025-05-30 00:00:00+05:30,306.46260067248215,311.14326683811856,305.9318159272432,307.2829284667969,9148638,0.0,0.0
2025-06-02 00:00:00+05:30,307.2829474785202,308.34454648672414,304.6289646840335,305.5458068847656,3086437,0.0,0.0
2025-06-03 00:00:00+05:30,304.0499038487925,309.74392678263905,298.21115356149744,298.9349670410156,7853488,0.0,0.0
2025-06-04 00:00:00+05:30,298.9349785039872,301.7337181750356,297.8251370165771,300.672119140625,5925942,0.0,0.0
2025-06-05 00:00:00+05:30,300.2378124132901,304.38766423918565,297.48731552773444,298.9831848144531,5900170,0.0,0.0
2025-06-06 00:00:00+05:30,298.2111402935508,306.75214486227014,298.2111402935508,305.6423034667969,5825337,0.0,0.0
2025-06-09 00:00:00+05:30,306.7038783627565,310.22646076336065,304.00165322601003,309.2131042480469,3787426,0.0,0.0
2025-06-10 00:00:00+05:30,309.9852135491033,313.36300995691465,308.2480434395719,308.9236145019531,6489933,0.0,0.0
2025-06-11 00:00:00+05:30,309.11659745990596,322.820811086551,309.11659745990596,322.1935119628906,21739121,0.0,0.0
2025-06-12 00:00:00+05:30,318.9604587855622,319.4430010832711,306.65563019398604,307.5242004394531,13568848,0.0,0.0
2025-06-13 00:00:00+05:30,294.3507988413678,303.4225880627913,288.84980491826883,301.3959045410156,13958229,0.0,0.0
2025-06-16 00:00:00+05:30,299.1279748674719,305.7870525237575,297.7285904572766,305.3527526855469,6893567,0.0,0.0
2025-06-17 00:00:00+05:30,303.0365617771222,309.26136917406234,300.8168789971521,301.8784484863281,7219608,0.0,0.0
2025-06-18 00:00:00+05:30,301.1063790481202,305.78704499744987,298.88669636800574,304.82196044921875,10011198,0.0,0.0
2025-06-19 00:00:00+05:30,305.9318062374831,305.9318062374831,299.27272864827466,302.5057678222656,5399948,0.0,0.0
2025-06-20 00:00:00+05:30,300.04482057700426,304.87024396824603,299.17625025699016,302.5540466308594,8522458,0.0,0.0
2025-06-23 00:00:00+05:30,299.1762143016397,304.4841793940881,297.439073870383,302.5057678222656,6848410,0.0,0.0
2025-06-24 00:00:00+05:30,314.135050487593,316.3547333799589,305.9318310432165,308.103271484375,11172373,0.0,0.0
2025-06-25 00:00:00+05:30,311.2398102467445,311.72235258821235,305.5458165078337,308.4410705566406,6658747,0.0,0.0
2025-06-26 00:00:00+05:30,307.71724700787365,319.4430196326822,307.71724700787365,318.2366638183594,15528180,0.0,0.0
2025-06-27 00:00:00+05:30,318.4779151710304,322.5312822358431,315.9686893429104,321.3731689453125,9911738,0.0,0.0
2025-06-30 00:00:00+05:30,322.33824433882626,325.9090690060319,318.8156915710412,320.3598327636719,5840638,0.0,0.0
2025-07-01 00:00:00+05:30,319.97381751778494,323.7859138280248,319.34651835904924,320.45635986328125,3921773,0.0,0.0
2025-07-02 00:00:00+05:30,322.0487416682339,323.2550974139914,317.3198035832289,320.2150573730469,3799017,0.0,0.0
2025-07-03 00:00:00+05:30,321.3731639741233,323.83411786337786,319.0086949808835,319.925537109375,5049883,0.0,0.0
2025-07-04 00:00:00+05:30,322.3382606320964,335.55993160650644,320.31157705507843,334.1123046875,13743465,0.0,0.0
2025-07-07 00:00:00+05:30,333.7262366798078,339.27547302639135,331.45831147370893,338.26214599609375,8603937,0.0,0.0
2025-07-08 00:00:00+05:30,337.77960250082793,346.12757821508245,336.5250043294996,343.18408203125,12905482,0.0,0.0
2025-07-09 00:00:00+05:30,343.1840765027428,343.9078899250129,335.51164244586226,336.33197021484375,8039090,0.0,0.0
2025-07-10 00:00:00+05:30,339.51673997332364,340.53009644313386,335.8976728355236,338.6964416503906,6580919,0.0,0.0
2025-07-11 00:00:00+05:30,339.51676890456815,340.3370967494475,331.31354935986724,332.8094482421875,4803470,0.0,0.0
2025-07-14 00:00:00+05:30,333.7745064862725,336.042461130188,330.87925275839166,332.3751220703125,5372218,0.0,0.0
2025-07-15 00:00:00+05:30,335.5116466209412,338.26214355020323,334.0640197583868,335.8976745605469,6270256,0.0,0.0
2025-07-16 00:00:00+05:30,337.827849828789,339.420262968073,335.27038154903516,335.7046813964844,8426412,0.0,0.0
2025-07-17 00:00:00+05:30,337.3935940218304,337.68310763128505,332.2303853382202,334.6430969238281,4026086,0.0,0.0
2025-07-18 00:00:00+05:30,335.3668996930296,339.17899565740856,330.1554487248994,331.5065612792969,5631392,0.0,0.0
2025-07-21 00:00:00+05:30,331.5065707658175,332.66468410389626,327.59798979088157,330.63800048828125,5051058,0.0,0.0
2025-07-22 00:00:00+05:30,330.6379931057542,332.32689117238255,328.08052478098324,328.466552734375,4447293,0.0,0.0
2025-07-23 00:00:00+05:30,329.9141750388529,332.9541856258978,325.0404801577398,332.42340087890625,5089227,0.0,0.0
2025-07-24 00:00:00+05:30,332.4234147277223,332.85768514279505,327.8392627056645,329.4798889160156,3270996,0.0,0.0
2025-07-25 00:00:00+05:30,328.2252624090377,329.479860547286,319.4912295320088,321.2766418457031,3514659,0.0,0.0
2025-07-28 00:00:00+05:30,320.7458587857937,326.53636613458957,319.44298874190594,321.7591857910156,5630809,0.0,0.0
2025-07-29 00:00:00+05:30,324.26842347809816,325.5230216690706,321.56619839659845,323.2550964355469,7809814,0.0,0.0
2025-07-30 00:00:00+05:30,322.3382421620842,331.5547879041648,318.47790393259817,325.28173828125,11366010,0.0,0.0
2025-07-31 00:00:00+05:30,323.2735427879074,324.4980637833161,316.51419287235757,322.5877990722656,6867024,5.0,0.0
2025-08-01 00:00:00+05:30,322.29393751063935,322.5878106018279,310.09769600225144,311.3712158203125,4105518,0.0,0.0
2025-08-04 00:00:00+05:30,313.6243225741797,314.21209865208994,308.4813342096482,311.3712158203125,3536322,0.0,0.0
2025-08-05 00:00:00+05:30,310.5385426544404,311.5181595082399,303.2403851354206,308.6772766113281,6730701,0.0,0.0
2025-08-06 00:00:00+05:30,309.06912166205836,311.66510038153933,307.9915371288207,309.31402587890625,3601019,0.0,0.0
2025-08-07 00:00:00+05:30,306.91392997765865,307.648642574058,300.88929266629077,304.0240783691406,5018154,0.0,0.0
2025-08-08 00:00:00+05:30,304.1710163169923,314.70189691411844,302.30975037660664,312.9385986328125,10028343,0.0,0.0
2025-08-11 00:00:00+05:30,315.681509885527,323.2735399913853,310.7344570650837,314.40802001953125,7957794,0.0,0.0
2025-08-12 00:00:00+05:30,314.45701226416287,319.844904997661,314.1631391641857,317.10198974609375,4392686,0.0,0.0
2025-08-13 00:00:00+05:30,318.375464151072,319.6489540494632,314.50596578240743,315.9264221191406,2707971,0.0,0.0
2025-08-14 00:00:00+05:30,320.33469038450136,324.6449982821283,310.68545902225327,311.5671081542969,10549386,0.0,0.0
2025-08-18 00:00:00+05:30,314.4569879033763,314.5059567844009,306.0812763520131,307.59967041015625,8091527,0.0,0.0
2025-08-19 00:00:00+05:30,308.7752222489542,315.63253973637546,306.3261802891609,314.8978271484375,4343312,0.0,0.0
2025-08-20 00:00:00+05:30,313.4773746432939,315.92641663269467,312.4977578475336,313.42840576171875,3670375,0.0,0.0
2025-08-21 00:00:00+05:30,314.50596032062936,317.1999065089702,312.25285364859354,313.42840576171875,3790333,0.0,0.0
2025-08-22 00:00:00+05:30,313.6733189487394,313.82025549320736,308.2854264176716,309.999755859375,3007303,0.0,0.0
2025-08-25 00:00:00+05:30,312.44879293650337,312.44879293650337,308.0894861817599,309.36297607421875,2841339,0.0,0.0
2025-08-26 00:00:00+05:30,310.83239264404534,311.8120094250168,304.70978776297346,305.7384033203125,10819770,0.0,0.0
2025-08-28 00:00:00+05:30,309.1670595684428,309.1670595684428,303.6811996599947,304.366943359375,8888325,0.0,0.0
2025-08-29 00:00:00+05:30,304.3669496985932,305.9343126517672,300.7423556044312,301.91790771484375,4334416,0.0,0.0
2025-09-01 00:00:00+05:30,302.21177623648794,309.11806256828254,300.54641575444373,308.3343811035156,3672180,0.0,0.0
2025-09-02 00:00:00+05:30,309.46095252958526,310.8324101209508,306.37516547512945,308.53033447265625,3405312,0.0,0.0
2025-09-03 00:00:00+05:30,308.5303407115679,313.96720230338167,307.648661624866,308.432373046875,6616690,0.0,0.0
2025-09-04 00:00:00+05:30,313.3304435333035,313.3304435333035,306.13025398057385,306.5220947265625,5225640,0.0,0.0
2025-09-05 00:00:00+05:30,306.620057421875,309.9997473293066,305.1506322265625,306.1302490234375,6159420,0.0,0.0
2025-09-08 00:00:00+05:30,307.50171502128745,311.6650865225671,307.15884315384017,309.999755859375,2002604,0.0,0.0
2025-09-09 00:00:00+05:30,311.3222211488327,313.6243267119594,307.15884956071136,307.55072021484375,6476251,0.0,0.0
2025-09-10 00:00:00+05:30,309.0691040991551,311.7630503313981,308.33439149036155,311.46917724609375,5214899,0.0,0.0
2025-09-11 00:00:00+05:30,311.714088133903,319.9428635497548,311.0283443927765,313.4773864746094,7529271,0.0,0.0
2025-09-12 00:00:00+05:30,314.5059773900001,316.6121775316215,310.58750999428963,311.5181579589844,4705998,0.0,0.0
2025-09-15 00:00:00+05:30,311.8120317043492,314.16313606309524,309.26505180826393,311.27325439453125,4653626,0.0,0.0
2025-09-16 00:00:00+05:30,312.84064603412565,314.55497551618697,310.0487320413762,311.7630615234375,5381837,0.0,0.0
2025-09-17 00:00:00+05:30,313.3304527138342,318.1305692577857,312.7426766298632,316.95501708984375,7035565,0.0,0.0
2025-09-18 00:00:00+05:30,318.2775068486761,319.5020279044925,314.4570071336359,319.06121826171875,5615664,0.0,0.0
2025-09-19 00:00:00+05:30,318.9632342361531,327.19200933001713,318.17952286331285,322.83270263671875,10022009,0.0,0.0
2025-09-22 00:00:00+05:30,322.2939299560609,325.52665346549225,315.877451819404,318.7673034667969,4768219,0.0,0.0
2025-09-23 00:00:00+05:30,322.00007454511234,328.3675841490516,320.1877773710382,323.6654052734375,7992615,0.0,0.0
2025-09-24 00:00:00+05:30,323.7143922222875,325.6246270963308,320.33470221320107,323.6164245605469,5489995,0.0,0.0
2025-09-25 00:00:00+05:30,322.3918867941909,325.7225778517643,320.33468558654715,322.9306640625,5798602,0.0,0.0
2025-09-26 00:00:00+05:30,323.07760200849754,323.27353732266334,316.36725098352815,317.73870849609375,5692665,0.0,0.0
2025-09-29 00:00:00+05:30,319.9918405969988,332.0901147690182,318.865287189721,331.2084655761719,12616059,0.0,0.0
2025-09-30 00:00:00+05:30,332.82480481643137,335.3228156758253,330.2777951801573,332.7268371582031,6762730,0.0,0.0
2025-10-01 00:00:00+05:30,334.0493383067012,340.612783011703,331.69826389889846,332.7758483886719,9814406,0.0,0.0
2025-10-03 00:00:00+05:30,336.9881773531059,337.86982648916756,330.7186358465732,334.5881042480469,5833883,0.0,0.0
2025-10-06 00:00:00+05:30,335.02895110925976,338.4576099656411,331.6492611354708,336.5963439941406,5914399,0.0,0.0
2025-10-07 00:00:00+05:30,336.5963603825417,339.1923390925184,334.0983194425182,334.9309997558594,5934834,0.0,0.0
2025-10-08 00:00:00+05:30,334.2942347025447,342.8658817461997,332.5799052938137,338.0657653808594,7955678,0.0,0.0
2025-10-09 00:00:00+05:30,340.1719443964404,343.8455075108728,336.10654052890845,336.9881896972656,7028656,0.0,0.0
2025-10-10 00:00:00+05:30,338.4576166538211,340.2209149994482,330.326808877659,331.7962341308594,5737637,0.0,0.0
2025-10-13 00:00:00+05:30,333.5595344243145,335.0289596860956,328.31857834485515,331.0615234375,6785828,0.0,0.0
2025-10-14 00:00:00+05:30,331.25741227977704,333.3635824037509,323.91028633879927,325.6736145019531,4343927,0.0,0.0
2025-10-15 00:00:00+05:30,328.1226605715507,333.80442607850375,325.2817479225418,331.01251220703125,16271995,0.0,0.0
2025-10-16 00:00:00+05:30,332.0411329282051,332.0411329282051,326.75117818647146,329.05328369140625,6279302,0.0,0.0
2025-10-17 00:00:00+05:30,329.24920717458485,331.4043461626751,325.9185160871496,329.0043029785156,7824777,0.0,0.0
2025-10-20 00:00:00+05:30,329.39616349233864,333.1186955379048,328.6614508600137,330.8166198730469,6134873,0.0,0.0
2025-10-21 00:00:00+05:30,332.4819404672899,333.31462073773247,330.8166098219375,332.1390686035156,404063,0.0,0.0
2025-10-23 00:00:00+05:30,333.0697055408244,333.2166420788684,323.3225066116376,324.5470275878906,8457356,0.0,0.0
2025-10-24 00:00:00+05:30,323.42048300676794,327.583854438511,320.530631362054,323.7143859863281,8260920,0.0,0.0
2025-10-27 00:00:00+05:30,325.9185339661027,336.49838385846107,324.4980775927663,336.0085754394531,11767585,0.0,0.0
2025-10-28 00:00:00+05:30,336.98817362078955,338.4575987964616,332.6778657512579,333.7064514160156,6156249,0.0,0.0
2025-10-29 00:00:00+05:30,334.9309721412546,341.8862572799239,333.9023864772784,341.0046081542969,9756868,0.0,0.0
2025-10-30 00:00:00+05:30,342.86588045216877,352.4661131466166,338.2616695278839,350.31097412109375,14807100,0.0,0.0
2025-10-31 00:00:00+05:30,350.7028349017784,353.200845929597,347.8619519948093,349.52728271484375,7532962,0.0,0.0
2025-11-03 00:00:00+05:30,354.5723065494807,361.96840130259295,348.9884789284134,359.813232421875,20107281,0.0,0.0
2025-11-04 00:00:00+05:30,362.3112958174532,366.32773085790154,360.64593522404925,365.3481140136719,12649509,0.0,0.0
2025-11-05 00:00:00+05:30,365.3481140136719,365.3481140136719,365.3481140136719,365.3481140136719,0,0.0,0.0
2025-11-06 00:00:00+05:30,372.2543826458785,372.2543826458785,359.7642684913128,360.45001220703125,11803637,0.0,0.0
2025-11-07 00:00:00+05:30,360.0,367.8500061035156,359.75,367.1499938964844,11711108,7.5,0.0
2025-11-10 00:00:00+05:30,366.29998779296875,369.79998779296875,363.6499938964844,365.1499938964844,6934285,0.0,0.0
2025-11-11 00:00:00+05:30,365.0,374.8500061035156,360.04998779296875,374.1499938964844,10689646,0.0,0.0
2025-11-12 00:00:00+05:30,375.20001220703125,379.1000061035156,373.6000061035156,375.45001220703125,9316462,0.0,0.0
2025-11-13 00:00:00+05:30,377.1000061035156,378.75,372.1000061035156,374.95001220703125,9719258,0.0,0.0
2025-11-14 00:00:00+05:30,374.0,379.75,369.45001220703125,371.1499938964844,6848609,0.0,0.0
2025-11-17 00:00:00+05:30,372.6000061035156,381.54998779296875,372.0,374.25,9063998,0.0,0.0
2025-11-18 00:00:00+05:30,375.8500061035156,376.8999938964844,370.6499938964844,371.8500061035156,7729409,0.0,0.0
2025-11-19 00:00:00+05:30,371.8500061035156,372.8999938964844,364.8500061035156,365.6499938964844,7056032,0.0,0.0
2025-11-20 00:00:00+05:30,367.0,368.79998779296875,363.29998779296875,365.04998779296875,9025414,0.0,0.0
2025-11-21 00:00:00+05:30,365.04998779296875,367.8500061035156,363.3999938964844,364.54998779296875,7177944,0.0,0.0
2025-11-24 00:00:00+05:30,364.54998779296875,367.25,357.79998779296875,359.6499938964844,13807356,0.0,0.0
2025-11-25 00:00:00+05:30,358.95001220703125,358.95001220703125,353.70001220703125,355.8500061035156,4113590,0.0,0.0
2025-11-26 00:00:00+05:30,356.79998779296875,368.0,356.1000061035156,367.6499938964844,7651793,0.0,0.0
2025-11-27 00:00:00+05:30,368.95001220703125,368.95001220703125,361.5,364.70001220703125,5180488,0.0,0.0
2025-11-28 00:00:00+05:30,365.79998779296875,367.0,358.6000061035156,359.1000061035156,3459790,0.0,0.0
2025-12-01 00:00:00+05:30,361.5,361.5,352.3999938964844,354.0,4470807,0.0,0.0
2025-12-02 00:00:00+05:30,355.75,361.1499938964844,354.25,358.75,9468149,0.0,0.0
2025-12-03 00:00:00+05:30,359.0,361.0,355.79998779296875,358.3999938964844,6169622,0.0,0.0
2025-12-04 00:00:00+05:30,360.0,361.6000061035156,353.5,356.0,5798181,0.0,0.0
2025-12-05 00:00:00+05:30,356.0,361.6000061035156,353.29998779296875,360.29998779296875,3479044,0.0,0.0
2025-12-08 00:00:00+05:30,363.0,363.0,355.1499938964844,357.54998779296875,6762135,0.0,0.0
2025-12-09 00:00:00+05:30,357.54998779296875,358.75,352.95001220703125,355.04998779296875,5612269,0.0,0.0
2025-12-10 00:00:00+05:30,355.04998779296875,359.95001220703125,352.75,355.1499938964844,8521964,0.0,0.0
2025-12-11 00:00:00+05:30,355.1499938964844,356.3500061035156,349.1000061035156,351.29998779296875,4491115,0.0,0.0
2025-12-12 00:00:00+05:30,352.5,366.6499938964844,352.5,365.04998779296875,6101145,0.0,0.0
2025-12-15 00:00:00+05:30,365.1000061035156,369.45001220703125,361.1000061035156,367.0,6128925,0.0,0.0
2025-12-16 00:00:00+05:30,366.75,369.04998779296875,361.70001220703125,368.1499938964844,4332510,0.0,0.0
2025-12-17 00:00:00+05:30,370.0,372.8500061035156,366.0,368.3500061035156,6872112,0.0,0.0
2025-12-18 00:00:00+05:30,368.0,369.20001220703125,361.5,363.3500061035156,3880069,0.0,0.0
2025-12-19 00:00:00+05:30,363.95001220703125,367.45001220703125,362.1000061035156,365.95001220703125,6515994,0.0,0.0
2025-12-22 00:00:00+05:30,365.95001220703125,370.70001220703125,364.54998779296875,369.8999938964844,3949754,0.0,0.0
2025-12-23 00:00:00+05:30,369.8999938964844,373.5,368.54998779296875,370.0,3379297,0.0,0.0
2025-12-24 00:00:00+05:30,369.8999938964844,371.45001220703125,364.79998779296875,365.8999938964844,2339154,0.0,0.0
2025-12-25 00:00:00+05:30,365.8999938964844,365.8999938964844,365.8999938964844,365.8999938964844,0,0.0,0.0
2025-12-26 00:00:00+05:30,365.45001220703125,368.20001220703125,361.70001220703125,366.0,2997958,0.0,0.0
2025-12-29 00:00:00+05:30,366.0,372.0,364.79998779296875,371.6000061035156,4666863,0.0,0.0
2025-12-30 00:00:00+05:30,371.79998779296875,376.1499938964844,368.20001220703125,369.5,8567519,0.0,0.0
2025-12-31 00:00:00+05:30,369.5,386.0,369.0,384.0,12051156,0.0,0.0
2026-01-01 00:00:00+05:30,386.3999938964844,388.1499938964844,379.1499938964844,381.5,6554899,0.0,0.0
2026-01-02 00:00:00+05:30,382.0,385.6000061035156,377.8999938964844,381.45001220703125,3614573,0.0,0.0
2026-01-05 00:00:00+05:30,380.0,385.45001220703125,374.3999938964844,377.8999938964844,5243413,0.0,0.0
2026-01-06 00:00:00+05:30,377.75,377.79998779296875,364.0,370.79998779296875,6881934,0.0,0.0
2026-01-07 00:00:00+05:30,371.54998779296875,373.3999938964844,366.5,368.20001220703125,6613161,0.0,0.0
2026-01-08 00:00:00+05:30,366.20001220703125,366.54998779296875,352.20001220703125,354.54998779296875,7714421,0.0,0.0
2026-01-09 00:00:00+05:30,353.0,359.6499938964844,352.20001220703125,354.1499938964844,5252007,0.0,0.0
2026-01-12 00:00:00+05:30,353.6000061035156,359.1000061035156,349.54998779296875,358.75,4474234,0.0,0.0
2026-01-13 00:00:00+05:30,360.0,360.1499938964844,352.04998779296875,355.1000061035156,3681627,0.0,0.0
