Date,Open,High,Low,Close,Volume,Dividends,Stock Splits
2020-01-01 00:00:00+05:30,460.5874623323143,463.41861099589573,458.524728808939,462.650146484375,918373,0.0,0.0
2020-01-02 00:00:00+05:30,463.1354059075966,465.1172195870552,461.4771717815913,463.9443054199219,1075642,0.0,0.0
2020-01-03 00:00:00+05:30,464.308433221612,476.0374790085691,463.37817880722184,473.24676513671875,3269446,0.0,0.0
2020-01-06 00:00:00+05:30,473.206239680654,479.0303263509857,468.71685702461247,470.779541015625,3589985,0.0,0.0
2020-01-07 00:00:00+05:30,470.77946360518297,475.43063528169466,468.39320043601646,472.5994873046875,3179728,0.0,0.0
2020-01-08 00:00:00+05:30,471.5884837835608,479.677480074874,467.54398563790414,473.8129577636719,3593096,0.0,0.0
2020-01-09 00:00:00+05:30,474.0151256332411,475.7542793751291,468.55505379360903,469.4043884277344,2313648,0.0,0.0
2020-01-10 00:00:00+05:30,470.77952819669736,477.0889346797108,467.0586100934946,469.44482421875,2049636,0.0,0.0
2020-01-13 00:00:00+05:30,472.35690220293907,477.250734607277,469.9706386556406,474.4195861816406,4096054,0.0,0.0
2020-01-14 00:00:00+05:30,474.98586686877593,483.23665286930594,474.94543176202774,480.7290344238281,3395378,0.0,0.0
2020-01-15 00:00:00+05:30,482.91297979831097,483.9645392267933,478.62582251523355,481.90185546875,2348102,0.0,0.0
2020-01-16 00:00:00+05:30,482.9131039934122,483.96466369233366,474.62188235868445,479.8797302246094,2107442,0.0,0.0
2020-01-17 00:00:00+05:30,473.20627477705807,486.95756823211786,473.20627477705807,484.36907958984375,4555694,0.0,0.0
2020-01-20 00:00:00+05:30,499.90000022787837,499.90000022787837,472.4782814377248,476.6441345214844,10272118,0.0,0.0
2020-01-21 00:00:00+05:30,476.68452810877113,479.8796914278549,471.06266597083606,472.43780517578125,2640668,0.0,0.0
2020-01-22 00:00:00+05:30,473.36806800258717,481.2952744127698,470.37512953113554,477.7765808105469,4402650,0.0,0.0
2020-01-23 00:00:00+05:30,477.3315964464838,485.299286498893,474.82402763340025,484.4903869628906,6089397,0.0,0.0
2020-01-24 00:00:00+05:30,486.1542861151701,494.2703843808658,483.31365172217664,493.2153015136719,3551260,2.0,0.0
2020-01-27 00:00:00+05:30,493.2152296177576,493.4587026228909,488.38614194625757,490.4963073730469,2450421,0.0,0.0
2020-01-28 00:00:00+05:30,492.8905050347258,492.93107560778225,480.95983388969313,488.1426086425781,5330709,0.0,0.0
2020-01-29 00:00:00+05:30,491.0238516297796,496.2993144985293,488.7513544552013,494.1485290527344,4281329,0.0,0.0
2020-01-30 00:00:00+05:30,496.70508325422577,498.20654122388487,489.9281627990234,493.3368835449219,3334901,0.0,0.0
2020-01-31 00:00:00+05:30,493.33693225702746,494.18916206437086,478.5250553543231,479.9859924316406,3590768,0.0,0.0
2020-02-03 00:00:00+05:30,479.9859507837231,481.8120724351948,468.70455721105475,470.00311279296875,4024193,0.0,0.0
2020-02-04 00:00:00+05:30,473.1684299218584,478.2409902769383,472.76262509345196,476.0090637207031,3246094,0.0,0.0
2020-02-05 00:00:00+05:30,478.36280407753986,485.74843295099254,475.60331112661925,483.3947448730469,3006324,0.0,0.0
2020-02-06 00:00:00+05:30,486.1136437941201,497.5167502672896,485.34260466531674,486.72235107421875,4704968,0.0,0.0
2020-02-07 00:00:00+05:30,488.3050719702725,494.4327162535262,486.27604740384857,493.2153015136719,2865379,0.0,0.0
2020-02-10 00:00:00+05:30,494.1891265280306,496.339862338582,488.3049566747349,490.94268798828125,2286213,0.0,0.0
2020-02-11 00:00:00+05:30,491.83552232958084,498.1254980689443,491.59204930508037,495.6095275878906,2458748,0.0,0.0
2020-02-12 00:00:00+05:30,497.51682541837556,503.6038991388288,495.3254689716659,498.4095764160156,4873027,0.0,0.0
2020-02-13 00:00:00+05:30,496.70507827039853,498.2877269075255,490.25277200316964,497.0703125,2090363,0.0,0.0
2020-02-14 00:00:00+05:30,497.07038161599763,505.8357566616338,496.9080497650787,504.5372009277344,3650630,0.0,0.0
2020-02-17 00:00:00+05:30,505.6327584019724,506.0385631839965,496.9890967301734,497.88189697265625,2190578,0.0,0.0
2020-02-18 00:00:00+05:30,497.8819127418463,499.78917546308065,491.1455630542329,492.6875915527344,5237465,0.0,0.0
2020-02-19 00:00:00+05:30,498.69361350609717,501.7777206036752,490.212281835212,491.6325988769531,3799862,0.0,0.0
2020-02-20 00:00:00+05:30,495.8935874288354,497.476236444997,491.1456899170815,493.49932861328125,4820313,0.0,0.0
2020-02-24 00:00:00+05:30,493.4587995534378,494.27040942112444,480.06723673660935,483.0296325683594,4070143,0.0,0.0
2020-02-25 00:00:00+05:30,483.3136354233809,483.475967290567,466.6756345397884,472.7221374511719,5525575,0.0,0.0
2020-02-26 00:00:00+05:30,468.21762004422914,478.0786474253148,467.0813467361773,473.6553649902344,5460070,0.0,0.0
2020-02-27 00:00:00+05:30,472.4380148606914,472.68153741466153,460.9943372197514,465.09295654296875,4078174,0.0,0.0
2020-02-28 00:00:00+05:30,454.50146491235085,457.74790394743906,431.12711376706136,433.68365478515625,7894806,0.0,0.0
2020-03-02 00:00:00+05:30,439.1214022398393,459.2493121573725,436.52424138734915,446.141845703125,8175982,0.0,0.0
2020-03-03 00:00:00+05:30,451.2549489461781,461.60297160636475,450.4433393257713,458.6000061035156,4682284,0.0,0.0
2020-03-04 00:00:00+05:30,461.8058503137387,467.0001714324818,455.3129736836686,457.017333984375,5175180,0.0,0.0
2020-03-05 00:00:00+05:30,460.9942575704663,472.275650941896,457.05797078442026,467.8117980957031,6061347,0.0,0.0
2020-03-06 00:00:00+05:30,462.61749294274284,465.82336091521654,454.13616233144836,459.53338623046875,3288548,0.0,0.0
2020-03-09 00:00:00+05:30,450.4434340369156,452.87826341008815,435.388082320145,438.634521484375,3699776,0.0,0.0
2020-03-11 00:00:00+05:30,427.5154208287706,440.4200352161757,417.1673968789522,435.6720886230469,4850031,0.0,0.0
2020-03-12 00:00:00+05:30,422.84865724822936,428.36759334719517,394.7263858609208,400.40765380859375,5321388,0.0,0.0
2020-03-13 00:00:00+05:30,373.34040807865745,419.8050566927947,321.3568242089618,400.0423583984375,6859998,0.0,0.0
2020-03-16 00:00:00+05:30,380.6449589661482,389.4103340413923,362.66780860830653,365.7925109863281,5281571,0.0,0.0
2020-03-17 00:00:00+05:30,365.22438123264743,388.43642463799506,359.8271814414377,365.7519226074219,5148153,0.0,0.0
2020-03-18 00:00:00+05:30,369.2823983885876,377.2361632157664,348.2211176280917,352.4414978027344,4936397,0.0,0.0
2020-03-19 00:00:00+05:30,339.98331683792196,352.72559972719165,304.55655646286925,335.56005859375,9270044,0.0,0.0
2020-03-20 00:00:00+05:30,335.6006048777503,374.9231040386066,334.26145385065297,361.08514404296875,11916337,0.0,0.0
2020-03-23 00:00:00+05:30,336.81800198417295,360.3546816408983,325.00909158098784,338.5629577636719,9525470,0.0,0.0
2020-03-24 00:00:00+05:30,335.19484043389707,372.4071539442146,334.26149413696726,358.7720947265625,9915953,0.0,0.0
2020-03-25 00:00:00+05:30,350.6153662806242,379.8333134706762,339.0499288512286,371.392578125,11976272,0.0,0.0
2020-03-26 00:00:00+05:30,374.2332308449567,378.81882061322267,358.0010371389804,363.357666015625,9504717,0.0,0.0
2020-03-27 00:00:00+05:30,365.42730142686776,371.27090171794146,341.28191060521465,349.5197448730469,9150873,0.0,0.0
2020-03-30 00:00:00+05:30,332.7599660650358,356.0125782522495,332.7599660650358,340.064453125,6325701,0.0,0.0
2020-03-31 00:00:00+05:30,351.5893565591358,364.7374197585028,345.1776196656145,354.1864929199219,6381806,0.0,0.0
2020-04-01 00:00:00+05:30,351.426992549593,351.5893243934503,331.299082329386,335.64117431640625,8136746,0.0,0.0
2020-04-03 00:00:00+05:30,339.98335099335156,347.85597620909186,324.0757934577693,329.35125732421875,8166356,0.0,0.0
2020-04-07 00:00:00+05:30,344.9341546799855,371.67670669722673,344.9341546799855,366.1577453613281,5972948,0.0,0.0
2020-04-08 00:00:00+05:30,366.0359632948203,386.9754829950286,364.4127439453976,375.8564453125,7991061,0.0,0.0
2020-04-09 00:00:00+05:30,390.14078908967804,390.3842620900817,374.9636779326772,380.6855163574219,5069225,0.0,0.0
2020-04-13 00:00:00+05:30,381.45654922876605,382.26815890797616,368.47079436140376,371.9201354980469,2236731,0.0,0.0
2020-04-15 00:00:00+05:30,381.4565512555075,391.19586745777576,375.5318104731391,388.5581359863281,6333188,0.0,0.0
2020-04-16 00:00:00+05:30,383.89137076398094,386.32619975402736,370.6621431587401,373.1375427246094,10484842,0.0,0.0
2020-04-17 00:00:00+05:30,381.45653277946525,385.5145810005234,368.18671014293295,369.48529052734375,4706460,0.0,0.0
2020-04-20 00:00:00+05:30,371.7171972396526,384.37831196829956,368.06495403533285,381.4565124511719,4800719,0.0,0.0
2020-04-21 00:00:00+05:30,371.717217177331,377.35791411389465,363.47938423940946,369.85052490234375,3405204,0.0,0.0
2020-04-22 00:00:00+05:30,367.6591737563608,381.01016248995717,365.2243447910869,375.2882995605469,3768051,0.0,0.0
2020-04-23 00:00:00+05:30,377.39851004971865,390.1813628094672,375.28831987856387,387.7059631347656,3052968,0.0,0.0
2020-04-24 00:00:00+05:30,389.57260852793206,403.2888058328478,377.5202009979273,379.9144592285156,6738184,0.0,0.0
2020-04-27 00:00:00+05:30,383.97258639773486,394.1988744336212,379.22466429874856,392.08868408203125,2914569,0.0,0.0
2020-04-28 00:00:00+05:30,396.87720675092095,396.87720675092095,381.0102444865282,382.3493957519531,4262237,0.0,0.0
2020-04-29 00:00:00+05:30,385.35236390409625,406.61655282125776,381.6189782437852,399.1091613769531,3849090,0.0,0.0
2020-04-30 00:00:00+05:30,411.0803215600027,458.9652948512962,406.61646811759397,441.15045166015625,8035267,0.0,0.0
2020-05-04 00:00:00+05:30,428.1241604327924,428.1241604327924,412.46010153188644,417.3703308105469,7032527,0.0,0.0
2020-05-05 00:00:00+05:30,426.90662700554543,430.07192409270647,418.5064879048186,422.36163330078125,4592828,0.0,0.0
2020-05-06 00:00:00+05:30,415.7065926627219,427.47493598555076,410.83693335672376,421.3066711425781,6921533,0.0,0.0
2020-05-07 00:00:00+05:30,430.1530923922585,439.7300758627045,411.9324467788652,415.3412170410156,19998641,0.0,0.0
2020-05-08 00:00:00+05:30,422.7268377161487,424.06601336250714,407.75265555029677,420.7384338378906,10120968,0.0,0.0
2020-05-11 00:00:00+05:30,426.9067181943543,434.13006460967193,423.01100139574356,428.1647033691406,4425540,0.0,0.0
2020-05-12 00:00:00+05:30,426.46041116718936,438.2693247317821,422.0371275194939,428.0430603027344,6439945,0.0,0.0
2020-05-13 00:00:00+05:30,438.14745831654426,438.14745831654426,423.2950113380843,429.13861083984375,3502017,0.0,0.0
2020-05-14 00:00:00+05:30,421.55005589083464,428.1646445631435,417.4513876858243,419.9674072265625,3741672,0.0,0.0
2020-05-15 00:00:00+05:30,420.37321925225933,420.37321925225933,410.06576700746865,414.9354248046875,4895121,0.0,0.0
2020-05-18 00:00:00+05:30,417.73553137642403,420.9413996669106,411.8919315048718,414.5296630859375,5159655,0.0,0.0
2020-05-19 00:00:00+05:30,415.54416907863,422.4428515730994,410.83684269563116,420.6167297363281,3966934,0.0,0.0
2020-05-20 00:00:00+05:30,418.0195082579008,429.05742837318917,417.97893768585743,427.5153503417969,3138708,0.0,0.0
2020-05-21 00:00:00+05:30,429.9908579958403,436.2402633030628,424.7965850478514,434.0894775390625,4523685,0.0,0.0
2020-05-22 00:00:00+05:30,433.1155453010096,434.2111986042927,424.47188200008424,430.4778137207031,6410434,0.0,0.0
2020-05-26 00:00:00+05:30,430.1531050587428,435.4285676679538,422.23991114492634,425.283447265625,4055691,0.0,0.0
2020-05-27 00:00:00+05:30,429.90968217747485,433.3184529372546,418.790619013379,430.9241943359375,4828798,0.0,0.0
2020-05-28 00:00:00+05:30,430.9647408247062,443.1388860457431,424.47186337348654,440.4200134277344,4492767,0.0,0.0
2020-05-29 00:00:00+05:30,438.2692570493526,450.44340307850126,435.5909548302853,446.5882568359375,7853755,0.0,0.0
2020-06-01 00:00:00+05:30,452.06659630677063,465.3770150073329,450.8491817745262,454.29852294921875,4503261,0.0,0.0
2020-06-02 00:00:00+05:30,453.93319738436435,460.7913077773409,446.38523870988547,454.6636657714844,2930058,0.0,0.0
2020-06-03 00:00:00+05:30,457.7477755732484,461.3188773250305,452.06650885514074,456.7738342285156,4202273,0.0,0.0
2020-06-04 00:00:00+05:30,458.5594741435812,473.7365852305455,453.68981601108305,469.8814392089844,5315353,0.0,0.0
2020-06-05 00:00:00+05:30,474.79168276131753,476.5366634613699,464.64656133479366,467.4466247558594,3995824,0.0,0.0
2020-06-08 00:00:00+05:30,470.04376197749025,473.5742442406878,463.469693903529,469.31329345703125,3771973,0.0,0.0
2020-06-09 00:00:00+05:30,465.9857964544594,473.65546959916725,462.6175958977043,464.9306640625,3812291,0.0,0.0
2020-06-10 00:00:00+05:30,466.67568342340246,476.8208069760851,465.5394097708076,469.67864990234375,6491708,0.0,0.0
2020-06-11 00:00:00+05:30,470.73361925866436,474.71052654640135,465.94510228255035,469.1509704589844,4975680,0.0,0.0
2020-06-12 00:00:00+05:30,450.6056467646858,469.6784718117815,450.6056467646858,463.2261657714844,6624056,0.0,0.0
2020-06-15 00:00:00+05:30,466.5132391859835,471.54522916357644,457.50439145555146,469.8814392089844,3787100,0.0,0.0
2020-06-16 00:00:00+05:30,474.7917528678327,481.6904364565106,469.435147778376,471.46417236328125,4728405,0.0,0.0
2020-06-17 00:00:00+05:30,470.7335867517509,472.23504475687423,465.05231932543666,467.3653869628906,3572351,0.0,0.0
2020-06-18 00:00:00+05:30,463.5914641211742,473.8177263847308,462.698663741515,469.8814392089844,1918229,0.0,0.0
2020-06-19 00:00:00+05:30,465.8639797838181,469.11041866732904,460.34504358919474,462.2928771972656,6182627,0.0,0.0
2020-06-22 00:00:00+05:30,466.67558950469584,468.01476535883455,458.88415599896007,462.2928771972656,2666273,0.0,0.0
2020-06-23 00:00:00+05:30,462.3741110259541,473.5743163115811,457.54502282888404,470.93658447265625,4521803,0.0,0.0
2020-06-24 00:00:00+05:30,466.67556671843096,470.57128328108354,449.95642709938187,454.1767578125,5339893,0.0,0.0
2020-06-25 00:00:00+05:30,452.5535156805207,455.06953528783885,444.7620829472286,446.4258728027344,6353371,0.0,0.0
2020-06-26 00:00:00+05:30,446.4259008909285,465.7828217547481,442.32728185630214,456.4493103027344,7034875,0.0,0.0
2020-06-29 00:00:00+05:30,456.1246873147078,459.2899852086295,446.62884316967154,449.3883361816406,3857610,0.0,0.0
2020-06-30 00:00:00+05:30,452.87813399127305,455.1506308494774,449.0229885854333,451.94476318359375,3110587,0.0,0.0
2020-07-01 00:00:00+05:30,452.8376542456722,454.17678056478394,447.1969567710693,447.8056640625,3004648,0.0,0.0
2020-07-02 00:00:00+05:30,450.44348307641627,464.5655147929658,448.739122144335,461.9683532714844,5243652,0.0,0.0
2020-07-03 00:00:00+05:30,464.24070308618775,471.1799554365131,463.10442980240765,470.0437316894531,3735570,0.0,0.0
2020-07-06 00:00:00+05:30,470.04388425758754,478.03822180240707,468.5018056628854,469.67864990234375,3288417,0.0,0.0
2020-07-07 00:00:00+05:30,472.3568816018974,482.4614330486652,466.7973745455012,480.5135498046875,7255475,0.0,0.0
2020-07-08 00:00:00+05:30,482.7049167431243,482.7049167431243,465.0524040249016,466.594482421875,4625011,0.0,0.0
2020-07-09 00:00:00+05:30,467.203150290475,480.1482855609274,466.6755841632524,477.4294128417969,4807930,0.0,0.0
2020-07-10 00:00:00+05:30,477.4294425076607,477.67291552892067,470.6119006920099,472.5597839355469,2376881,0.0,0.0
2020-07-13 00:00:00+05:30,474.7917073922227,491.02390251674314,473.4525314797585,489.0760192871094,5443990,0.0,0.0
2020-07-14 00:00:00+05:30,490.6990771931836,498.1253238315898,477.307520625817,479.94525146484375,6212718,0.0,0.0
2020-07-15 00:00:00+05:30,481.81212765861056,509.6503310066288,480.8787566706355,499.30230712890625,9928037,0.0,0.0
2020-07-16 00:00:00+05:30,511.31418973314294,529.3319377548954,492.76892504719734,509.4880676269531,20771204,0.0,0.0
2020-07-17 00:00:00+05:30,510.9082174875045,523.2041221233756,497.84132339981005,505.7545166015625,26830157,0.0,0.0
2020-07-20 00:00:00+05:30,513.749002179612,529.1695883429811,508.7575821067765,526.4100952148438,10543170,0.0,0.0
2020-07-21 00:00:00+05:30,529.1695696766367,537.569710975677,522.1085547751395,529.45361328125,8801061,0.0,0.0
2020-07-22 00:00:00+05:30,533.2275360310655,534.0391456749485,521.9461421664047,527.6680297851562,3837958,0.0,0.0
2020-07-23 00:00:00+05:30,529.1739970872154,534.8320982247534,523.9229528705138,531.4942016601562,3172594,2.0,0.0
2020-07-24 00:00:00+05:30,521.8470735216221,557.5052567510191,521.7656819975268,553.5568237304688,12365728,0.0,0.0
2020-07-27 00:00:00+05:30,556.853999478707,573.46194565478,550.7481442212651,570.7753295898438,11348828,0.0,0.0
2020-07-28 00:00:00+05:30,571.5079419377439,582.9462319773593,566.379034448011,580.0154418945312,8469603,0.0,0.0
2020-07-29 00:00:00+05:30,578.0210221454595,578.6316077322329,563.7740251207475,565.3208618164062,7142681,0.0,0.0
2020-07-30 00:00:00+05:30,568.2516401908927,580.0969903744342,563.8961496440586,566.1756591796875,7966760,0.0,0.0
2020-07-31 00:00:00+05:30,571.3859084180748,583.4755314998475,566.6233612489253,574.1132202148438,6322671,0.0,0.0
2020-08-03 00:00:00+05:30,577.288306635229,584.5339422295059,570.3276407986856,574.723876953125,5546316,0.0,0.0
2020-08-04 00:00:00+05:30,577.613982588525,578.8351537990716,559.337110199428,563.8961791992188,6683186,0.0,0.0
2020-08-05 00:00:00+05:30,563.8962035074189,571.8338167181429,554.4117534874888,560.4362182617188,6052220,0.0,0.0
2020-08-06 00:00:00+05:30,563.366867427212,576.067025487603,558.8078490695264,573.8689575195312,5132907,0.0,0.0
2020-08-07 00:00:00+05:30,569.7983728461313,569.7983728461313,557.6680551288144,561.9828491210938,7371589,0.0,0.0
2020-08-10 00:00:00+05:30,565.7686045779526,565.7686045779526,557.7495508672265,563.4076538085938,3769570,0.0,0.0
2020-08-11 00:00:00+05:30,564.9951351284286,570.6532375579039,554.8187097838965,556.691162109375,3956468,0.0,0.0
2020-08-12 00:00:00+05:30,554.0861014049655,585.3481063780421,551.1960059497785,583.80126953125,13085350,0.0,0.0
2020-08-13 00:00:00+05:30,583.7196151297784,593.488981073373,580.5038555687656,589.9068603515625,8850347,0.0,0.0
2020-08-14 00:00:00+05:30,592.5935907071697,592.5935907071697,575.7821170084699,577.2882080078125,3887203,0.0,0.0
2020-08-17 00:00:00+05:30,578.9164465667621,586.8133623188991,577.4103555398799,585.225830078125,3344102,0.0,0.0
2020-08-18 00:00:00+05:30,585.3072506704938,587.5460640956479,579.9748140866776,581.6437377929688,3634301,0.0,0.0
2020-08-19 00:00:00+05:30,581.1145639526742,581.4402294288913,573.9503706820753,577.8988037109375,4858027,0.0,0.0
2020-08-20 00:00:00+05:30,576.7997324801762,582.7834501254897,574.8051433685478,578.102294921875,3025569,0.0,0.0
2020-08-21 00:00:00+05:30,582.0916468043742,582.0916468043742,572.0780521888738,574.6832275390625,4164686,0.0,0.0
2020-08-24 00:00:00+05:30,574.8053058288463,576.759199733206,566.2978027250589,574.5203857421875,4066936,0.0,0.0
2020-08-25 00:00:00+05:30,573.9505032355768,579.2829412355219,565.5651370269318,571.1824951171875,3982510,0.0,0.0
2020-08-26 00:00:00+05:30,573.7063532700975,584.3305348753672,567.4376632645503,580.3006591796875,4511228,0.0,0.0
2020-08-27 00:00:00+05:30,580.9110241419012,586.1620692838169,575.1715304847454,578.14306640625,3917059,0.0,0.0
2020-08-28 00:00:00+05:30,581.0330626970141,583.4347084842187,572.4848673012308,575.1307373046875,5416681,0.0,0.0
2020-08-31 00:00:00+05:30,573.9504515669704,590.232733880927,558.4822833687116,565.3208618164062,7786675,0.0,0.0
2020-09-01 00:00:00+05:30,565.809260616055,573.136287012522,555.5514435368325,561.4130249023438,6377322,0.0,0.0
2020-09-02 00:00:00+05:30,561.6574021645883,573.7876738381567,561.0060710578948,571.4674682617188,4090511,0.0,0.0
2020-09-03 00:00:00+05:30,573.7875288205968,583.2312808954066,567.9258981689173,575.3750610351562,5467610,0.0,0.0
2020-09-04 00:00:00+05:30,565.9314738102718,573.5434212713968,563.407690120096,570.5311889648438,3354824,0.0,0.0
2020-09-07 00:00:00+05:30,566.9083368429731,579.9749079730211,560.9653138175128,577.0440673828125,4238823,0.0,0.0
2020-09-08 00:00:00+05:30,577.0439537702584,601.548813306936,572.4849355580993,590.96533203125,11522742,0.0,0.0
2020-09-09 00:00:00+05:30,579.7307011861083,595.0360878777649,578.1839140218833,587.749755859375,5514179,0.0,0.0
2020-09-10 00:00:00+05:30,593.2042408023057,593.4484650869629,581.1146169711857,588.1160278320312,3366359,0.0,0.0
2020-09-11 00:00:00+05:30,579.6493320006218,597.5598450680567,578.1432405503323,587.5055541992188,7221661,0.0,0.0
2020-09-14 00:00:00+05:30,608.2004418455397,673.59217411827,607.5065418093986,648.9784545898438,32312474,2.0,0.0
2020-09-15 00:00:00+05:30,645.794682347447,661.1425520551115,639.2636697205538,647.1417236328125,14024028,0.0,0.0
2020-09-16 00:00:00+05:30,644.978225493213,650.0805784729196,636.1613695098133,644.3251342773438,7471292,0.0,0.0
2020-09-17 00:00:00+05:30,648.9785295356343,667.3878102378227,644.5292675018484,659.8771362304688,19972637,0.0,0.0
2020-09-18 00:00:00+05:30,659.8771047867382,672.6942256041962,656.3666958565215,661.7547607421875,8847382,0.0,0.0
2020-09-21 00:00:00+05:30,671.8779178965334,693.8384675863101,647.7540001903271,655.2238159179688,24911507,0.0,0.0
2020-09-22 00:00:00+05:30,664.4896727362591,678.8170705741854,645.3864424005785,670.2451171875,21882919,0.0,0.0
2020-09-23 00:00:00+05:30,679.2252815856756,689.6748913368443,661.3874741097158,664.6121215820312,18070370,0.0,0.0
2020-09-24 00:00:00+05:30,662.081379151434,662.4487585628598,640.0392123979337,643.5496215820312,10553627,0.0,0.0
2020-09-25 00:00:00+05:30,649.2234748161221,682.4908204291456,647.0600569494824,675.7149047851562,19813100,0.0,0.0
2020-09-28 00:00:00+05:30,684.4502687338262,689.6342410259139,670.0820084234192,681.878662109375,11145837,0.0,0.0
2020-09-29 00:00:00+05:30,683.6338993654053,686.654453429588,661.4284421576743,663.5101928710938,10554255,0.0,0.0
2020-09-30 00:00:00+05:30,667.7960581936692,669.8369996918161,658.8975333306793,662.5712280273438,9470272,0.0,0.0
2020-10-01 00:00:00+05:30,669.3471053907201,670.2042907413627,662.2446199483006,663.6732788085938,4321350,0.0,0.0
2020-10-05 00:00:00+05:30,676.6128560408247,685.1031918580724,665.4284876483035,672.8575439453125,11889998,0.0,0.0
2020-10-06 00:00:00+05:30,677.5926429211956,681.266337973178,671.6331031357375,676.8987426757812,7848500,0.0,0.0
2020-10-07 00:00:00+05:30,677.5925546321965,678.0823606442356,671.8779186292744,676.0006103515625,6980002,0.0,0.0
2020-10-08 00:00:00+05:30,700.0429999525111,717.5950984935945,689.4301031602281,693.5527954101562,25860257,0.0,0.0
2020-10-09 00:00:00+05:30,696.2877261560806,704.1249227565595,693.3487400601404,698.6143798828125,7286954,0.0,0.0
2020-10-12 00:00:00+05:30,702.7369646716012,711.8395836584373,699.7572199894115,706.81884765625,8717550,0.0,0.0
2020-10-13 00:00:00+05:30,707.2269607941263,740.1269241884153,704.7778312636184,735.0654296875,18948618,0.0,0.0
2020-10-14 00:00:00+05:30,738.0045830002373,743.474317198187,720.0442944758952,726.9426879882812,15441198,0.0,0.0
2020-10-15 00:00:00+05:30,734.698116804027,737.759528994309,680.409073963025,702.0838623046875,15648823,0.0,0.0
2020-10-16 00:00:00+05:30,701.2675051685999,715.9622840894785,669.9186235396559,675.2659301757812,28982990,0.0,0.0
2020-10-19 00:00:00+05:30,685.5930810065074,703.4717490589012,680.0417299115401,689.6341552734375,15671485,0.0,0.0
2020-10-20 00:00:00+05:30,691.4302062868983,723.3097041628522,688.6953146420472,718.125732421875,21563969,0.0,0.0
2020-10-21 00:00:00+05:30,719.2277541549698,727.9221845080025,702.0838462806743,711.1047973632812,11161929,0.0,0.0
2020-10-22 00:00:00+05:30,704.4207006574882,720.0854087752525,698.3926207886802,710.44873046875,9607794,4.0,0.0
2020-10-23 00:00:00+05:30,714.3443761773226,717.994021635432,697.6134430957318,699.1307373046875,5447267,0.0,0.0
2020-10-26 00:00:00+05:30,699.5818917515068,706.0610406664808,690.6013170100097,695.317138671875,6612856,0.0,0.0
2020-10-27 00:00:00+05:30,696.2603418424915,703.23155666146,687.8538769137352,694.8660888671875,5807904,0.0,0.0
2020-10-28 00:00:00+05:30,698.7616605035577,698.7616605035577,673.8292995423851,680.3904418945312,6853002,0.0,0.0
2020-10-29 00:00:00+05:30,676.6178585215157,690.97035855076,671.6560042372008,688.9609985351562,6690978,0.0,0.0
2020-10-30 00:00:00+05:30,691.2163274166666,705.0767604706949,683.1789381557545,690.5192260742188,8727274,0.0,0.0
2020-11-02 00:00:00+05:30,690.5191932291858,692.0774344080513,671.860945805702,674.4854125976562,5953172,0.0,0.0
2020-11-03 00:00:00+05:30,679.078208600705,682.3587796567471,666.2429543209238,667.63720703125,7011687,0.0,0.0
2020-11-04 00:00:00+05:30,666.1199974203643,690.3552073398226,664.8077388954976,668.5394287109375,10077502,0.0,0.0
2020-11-05 00:00:00+05:30,683.99923056169,698.02365519407,680.7596558490776,691.2985229492188,8903859,0.0,0.0
2020-11-06 00:00:00+05:30,693.8408644491062,701.8782545222316,685.9675129606462,697.2034301757812,5871913,0.0,0.0
2020-11-09 00:00:00+05:30,710.8997821405835,715.8206390313455,694.7429586710724,701.2221069335938,7505062,0.0,0.0
2020-11-10 00:00:00+05:30,695.8912359863939,695.8912359863939,660.8301277501909,664.0697021484375,10397497,0.0,0.0
2020-11-11 00:00:00+05:30,666.7761495250148,679.8984353705256,660.5020365821108,677.47900390625,9779484,0.0,0.0
2020-11-12 00:00:00+05:30,678.3813086219117,686.4596972221123,674.1575521106048,676.3719482421875,4699639,0.0,0.0
2020-11-13 00:00:00+05:30,674.8955755196105,681.9077869195676,670.9998969576845,679.1602783203125,3918289,0.0,0.0
2020-11-14 00:00:00+05:30,683.9991008981318,683.9991008981318,679.8983868639704,681.1286010742188,475390,0.0,0.0
2020-11-17 00:00:00+05:30,687.2386691028264,687.2386691028264,667.5962390361387,668.4163818359375,5977903,0.0,0.0
2020-11-18 00:00:00+05:30,671.6969664035302,672.4351149610575,656.3192886012515,667.84228515625,5816221,0.0,0.0
2020-11-19 00:00:00+05:30,668.4165122422695,672.8863013847255,658.5747967245919,659.8460083007812,7170339,0.0,0.0
2020-11-20 00:00:00+05:30,667.5552307840687,675.3875843801256,659.3948000505417,671.9019775390625,7455575,0.0,0.0
2020-11-23 00:00:00+05:30,676.617937091752,690.5603673106123,669.4416862438092,688.2639770507812,7116516,0.0,0.0
2020-11-24 00:00:00+05:30,692.1184000432189,703.1903257811888,685.1061403631437,689.3298950195312,8465615,0.0,0.0
2020-11-25 00:00:00+05:30,689.3301977481307,693.8409842890167,674.5676236143217,676.3719482421875,5610232,0.0,0.0
2020-11-26 00:00:00+05:30,675.8796835710359,693.0206886748887,672.1890408502821,690.6012573242188,8414555,0.0,0.0
2020-11-27 00:00:00+05:30,690.5601792106871,695.3169970369726,667.8832126850875,674.2393188476562,11723771,0.0,0.0
2020-12-01 00:00:00+05:30,675.7976931476272,685.3933742875676,668.4984019243493,684.0811157226562,8078785,0.0,0.0
2020-12-02 00:00:00+05:30,685.762418400915,695.0300219774828,681.7846958086744,691.50341796875,7062229,0.0,0.0
2020-12-03 00:00:00+05:30,695.8911697944648,708.6033832674337,691.626417198476,707.1271362304688,9633229,0.0,0.0
2020-12-04 00:00:00+05:30,710.2438460068433,711.7610905509254,700.7712042615659,704.0927734375,5577388,0.0,0.0
2020-12-07 00:00:00+05:30,703.682902627409,705.2821919630765,697.4498340024558,701.468505859375,5314265,0.0,0.0
2020-12-08 00:00:00+05:30,704.5026556793963,718.1990502658128,702.0422273126463,708.4393310546875,8722526,0.0,0.0
2020-12-09 00:00:00+05:30,710.3256961348606,721.7257016729403,708.6854104492402,713.975341796875,5952003,0.0,0.0
2020-12-10 00:00:00+05:30,713.9754198506273,719.921456111038,709.4236365869268,710.85888671875,4641898,0.0,0.0
2020-12-11 00:00:00+05:30,714.3445248934247,723.2020589334053,701.3862760147908,707.1682739257812,5637035,0.0,0.0
2020-12-14 00:00:00+05:30,710.325674708075,718.1580786666868,703.7645321635088,715.9846801757812,5143894,0.0,0.0
2020-12-15 00:00:00+05:30,717.3789414677888,729.1069738934864,713.5242601657291,726.6465454101562,7527270,0.0,0.0
2020-12-16 00:00:00+05:30,726.8513686171091,731.5671884981227,720.4542664421966,725.8671875,4378179,0.0,0.0
2020-12-17 00:00:00+05:30,727.4666169232617,727.4666169232617,719.2651894494932,721.1925048828125,4863371,0.0,0.0
2020-12-18 00:00:00+05:30,733.8227705361896,742.2292342388954,727.179633877069,730.460205078125,11568187,0.0,0.0
2020-12-21 00:00:00+05:30,727.1795717524224,746.7399558446114,697.1213206676767,713.8932495117188,8875855,0.0,0.0
2020-12-22 00:00:00+05:30,721.0287306656821,753.9164445865496,715.1646882561558,749.4466552734375,10251896,0.0,0.0
2020-12-23 00:00:00+05:30,754.5313451193507,766.8334866158618,750.2665927223851,756.6636962890625,10723068,0.0,0.0
2020-12-24 00:00:00+05:30,761.0516109968625,761.2976438543601,746.9041460289252,753.9983520507812,4390561,0.0,0.0
2020-12-28 00:00:00+05:30,758.6320351411009,760.6823919928337,749.2003936231305,756.007568359375,3884750,0.0,0.0
2020-12-29 00:00:00+05:30,761.912771183842,775.035057878074,758.8372352398815,767.57177734375,6760167,0.0,0.0
2020-12-30 00:00:00+05:30,769.2940270479105,779.1357416796535,763.5530268460604,771.5084228515625,6382809,0.0,0.0
2020-12-31 00:00:00+05:30,770.1551659328144,779.0126990768326,766.8335972610012,775.9782104492188,3468390,0.0,0.0
2021-01-01 00:00:00+05:30,772.5745016757216,783.6464292475075,772.5745016757216,779.5457153320312,3142822,0.0,0.0
2021-01-04 00:00:00+05:30,786.5169775346554,807.594658372693,781.3090905635705,804.0680541992188,5259092,0.0,0.0
2021-01-05 00:00:00+05:30,793.2421644432952,816.6982296319693,793.2421644432952,813.048583984375,7150252,0.0,0.0
2021-01-06 00:00:00+05:30,818.420619069781,818.5026133366745,792.3400348312497,802.2637939453125,5995748,0.0,0.0
2021-01-07 00:00:00+05:30,810.3012370184965,810.4652756204968,786.8451686015087,789.4285888671875,5261000,0.0,0.0
2021-01-08 00:00:00+05:30,799.5572454218894,823.0133097628143,795.5385256302241,815.7550659179688,8034775,0.0,0.0
2021-01-11 00:00:00+05:30,832.445053028451,868.5723882330169,826.7040526627376,865.332763671875,13384331,0.0,0.0
2021-01-12 00:00:00+05:30,862.7901865166838,873.4930896178907,851.8822477247646,871.0736083984375,6700542,0.0,0.0
2021-01-13 00:00:00+05:30,872.6320365137008,875.0924651880815,853.7687500101151,866.0298461914062,6691409,0.0,0.0
2021-01-14 00:00:00+05:30,860.3298618064697,860.3298618064697,825.5557844520928,842.8607788085938,15021108,0.0,0.0
2021-01-15 00:00:00+05:30,859.2227645726362,863.4874677821264,807.0206468160372,811.7774658203125,23769415,0.0,0.0
2021-01-18 00:00:00+05:30,820.1427955258215,824.202512375183,801.1975169721925,804.9701538085938,12947569,0.0,0.0
2021-01-19 00:00:00+05:30,810.3010735264431,817.6823586091739,803.2068183961346,806.8974609375,6387923,0.0,0.0
2021-01-20 00:00:00+05:30,813.3765782558355,828.0571536111227,809.9319686691575,819.5276489257812,7444118,0.0,0.0
2021-01-21 00:00:00+05:30,830.8500001874129,839.9078297236483,809.3994230192561,817.9219970703125,8857975,4.0,0.0
2021-01-22 00:00:00+05:30,816.604587781394,826.7328789357321,808.1231748719479,811.7462768554688,5379466,0.0,0.0
2021-01-25 00:00:00+05:30,820.9686646474069,820.9686646474069,774.8560816782445,780.2084350585938,7731883,0.0,0.0
2021-01-27 00:00:00+05:30,783.9963076050248,793.1776732120884,776.0913127458015,786.7960205078125,7531736,0.0,0.0
2021-01-28 00:00:00+05:30,781.27901499603,784.2434259377084,765.8806936369544,769.0509643554688,6960905,0.0,0.0
2021-01-29 00:00:00+05:30,774.8561453454083,781.8553772640438,748.9178152939945,752.623291015625,7692663,0.0,0.0
2021-02-01 00:00:00+05:30,756.740501072775,768.8862272869463,738.0895861387073,764.4396362304688,8651478,0.0,0.0
2021-02-02 00:00:00+05:30,779.7967408192808,792.9717649513912,770.3683541229937,786.0960693359375,7690178,0.0,0.0
2021-02-03 00:00:00+05:30,795.4421477151208,801.4532429204347,784.3668820870095,790.419189453125,6354619,0.0,0.0
2021-02-04 00:00:00+05:30,794.3716413528855,799.1064157697836,782.3906135323068,788.56640625,4623148,0.0,0.0
2021-02-05 00:00:00+05:30,791.1602764764208,793.7129678392355,774.0739151676578,779.096923828125,4631703,0.0,0.0
2021-02-08 00:00:00+05:30,786.3844070295166,794.1247553278575,775.144442260102,788.6488647460938,6509526,0.0,0.0
2021-02-09 00:00:00+05:30,794.6186983091671,808.5348386213905,779.4673993985358,783.5845947265625,7557977,0.0,0.0
2021-02-10 00:00:00+05:30,786.4254929197293,794.7010457231873,779.0969151733452,790.0486450195312,4896963,0.0,0.0
2021-02-11 00:00:00+05:30,790.0485188982574,800.7943872564836,784.7784894596089,799.065185546875,3745595,0.0,0.0
2021-02-12 00:00:00+05:30,802.8530614239646,812.3226103535807,788.5252020704448,790.8308715820312,8045740,0.0,0.0
2021-02-15 00:00:00+05:30,798.7358380091894,799.7651367695105,782.3493816413858,786.0960693359375,4643228,0.0,0.0
2021-02-16 00:00:00+05:30,788.0313070682404,792.3543628280191,777.4089213835738,784.1611328125,3277086,0.0,0.0
2021-02-17 00:00:00+05:30,783.9139166172546,789.1839462442229,774.856087748778,776.6676635742188,3643176,0.0,0.0
2021-02-18 00:00:00+05:30,777.3264347704052,787.8252822739249,772.6739842045694,780.7025146484375,5133094,0.0,0.0
2021-02-19 00:00:00+05:30,782.2672110913817,788.8547244479406,777.6971337520165,782.3907470703125,5494816,0.0,0.0
2021-02-22 00:00:00+05:30,781.8554172273357,783.4611335071954,754.3113695702658,757.6875,5043203,0.0,0.0
2021-02-23 00:00:00+05:30,760.8576380068954,765.7982720199273,746.488617367249,749.288330078125,5916942,0.0,0.0
2021-02-24 00:00:00+05:30,755.9171419768355,757.1111387996792,745.6241525708328,754.270263671875,3435827,0.0,0.0
2021-02-25 00:00:00+05:30,762.4222852424456,769.1332837737614,759.3343886075271,765.1807861328125,6234947,0.0,0.0
2021-02-26 00:00:00+05:30,747.6827122225809,761.6811770989949,745.2947186989929,748.876708984375,9198218,0.0,0.0
2021-03-01 00:00:00+05:30,754.2702168504665,769.4626783224002,753.9820332684824,766.0865478515625,5397960,0.0,0.0
2021-03-02 00:00:00+05:30,768.968404027972,788.7721499696628,764.6453497615586,785.3548583984375,6715548,0.0,0.0
2021-03-03 00:00:00+05:30,794.6186641682248,797.0889812589031,779.7967616241542,794.8245239257812,5742015,0.0,0.0
2021-03-04 00:00:00+05:30,783.9140405834095,798.6536209037555,783.3787850530465,788.8546752929688,6268541,0.0,0.0
2021-03-05 00:00:00+05:30,787.2898876572535,800.3825858628186,770.9858079969772,775.2677001953125,5992152,0.0,0.0
2021-03-08 00:00:00+05:30,784.3257533263493,801.2062551039768,777.3265208819671,792.0661010742188,5621823,0.0,0.0
2021-03-09 00:00:00+05:30,793.8776089552989,804.4176695460142,781.5260225681171,801.3297729492188,5440319,0.0,0.0
2021-03-10 00:00:00+05:30,811.6638631860325,819.4041599248417,806.7232289983427,813.969482421875,7694950,0.0,0.0
2021-03-12 00:00:00+05:30,813.9696569104325,825.7448275302263,801.7003926107142,806.3528442382812,6447010,0.0,0.0
2021-03-15 00:00:00+05:30,804.9116598586033,818.7865875490933,796.5537335171932,817.1397094726562,5321071,0.0,0.0
2021-03-16 00:00:00+05:30,817.6749297573065,838.9196459772007,815.5751703519713,829.408935546875,8094575,0.0,0.0
2021-03-17 00:00:00+05:30,833.3202759905332,843.1192202879845,809.1935231109325,813.1048583984375,6758901,0.0,0.0
2021-03-18 00:00:00+05:30,819.3217991109701,823.2331343328567,767.774538184967,780.414306640625,8269566,0.0,0.0
2021-03-19 00:00:00+05:30,782.2671219196375,797.9124643580302,772.1388313402139,790.8720703125,9004154,0.0,0.0
2021-03-22 00:00:00+05:30,790.8721141697727,808.9877748398717,777.8205739408464,805.9410400390625,4745254,0.0,0.0
2021-03-23 00:00:00+05:30,809.9758967546665,817.5927084854887,800.2181131929128,807.6702270507812,5158305,0.0,0.0
2021-03-24 00:00:00+05:30,799.6003952425767,810.8815190912759,795.2773406853498,803.3882446289062,3874331,0.0,0.0
2021-03-25 00:00:00+05:30,798.7359341880232,802.4414101713697,782.2671520398166,788.0723876953125,4879437,0.0,0.0
2021-03-26 00:00:00+05:30,794.6187485128033,802.8531396891018,785.396220343602,789.3075561523438,4271178,0.0,0.0
2021-03-30 00:00:00+05:30,794.618678290356,824.0977860446148,794.165796867429,819.9805908203125,5475000,0.0,0.0
2021-03-31 00:00:00+05:30,823.439176463617,823.439176463617,805.8587701496143,809.1525268554688,4445140,0.0,0.0
2021-04-01 00:00:00+05:30,816.8516431704239,834.5555850334925,815.6988082479384,825.580078125,5269079,0.0,0.0
2021-04-05 00:00:00+05:30,829.2031563000802,856.3766460298742,825.5800042326144,851.0242919921875,9452833,0.0,0.0
2021-04-06 00:00:00+05:30,855.5531405269749,856.8706228535535,840.1136589245872,846.82470703125,4260257,0.0,0.0
2021-04-07 00:00:00+05:30,848.9657017360302,860.4938489952973,843.7779952623731,854.0709838867188,3551106,0.0,0.0
2021-04-08 00:00:00+05:30,859.6705311088102,868.2343189551528,849.5010770176764,854.3181762695312,4852068,0.0,0.0
2021-04-09 00:00:00+05:30,858.1057921492425,868.5635281296248,851.5594920746705,860.8231811523438,3708082,0.0,0.0
2021-04-12 00:00:00+05:30,858.8057016476888,858.8057016476888,824.4271721831028,831.1793823242188,5976427,0.0,0.0
2021-04-13 00:00:00+05:30,833.7320140558363,840.5665479217827,800.5474313505944,809.7699584960938,7773994,0.0,0.0
2021-04-15 00:00:00+05:30,797.0890719444426,819.0749066045746,789.4722600482793,816.769287109375,7430279,0.0,0.0
2021-04-16 00:00:00+05:30,823.4391392557393,837.2729067434884,818.9102239898327,833.93798828125,4677808,0.0,0.0
2021-04-19 00:00:00+05:30,820.1453274966393,846.8658855600002,813.4342788599155,818.9924926757812,6239343,0.0,0.0
2021-04-20 00:00:00+05:30,828.3796965816821,828.3796965816821,788.0311825334688,791.5719604492188,9742418,0.0,0.0
2021-04-22 00:00:00+05:30,795.4421813262503,800.3004921852565,786.6313727856929,792.0661010742188,4970596,0.0,0.0
2021-04-23 00:00:00+05:30,793.7951901245228,802.7294831049022,782.4317420603779,786.9194946289062,6023490,0.0,0.0
2021-04-26 00:00:00+05:30,774.0327080887814,785.9725743305764,760.0754061199024,764.8101806640625,19619972,0.0,0.0
2021-04-27 00:00:00+05:30,766.6218547196995,772.8388102996746,760.363737233646,764.8514404296875,6406825,0.0,0.0
2021-04-28 00:00:00+05:30,766.7864007841799,770.6153619486447,759.0048922440093,760.6929321289062,6845677,0.0,0.0
2021-04-29 00:00:00+05:30,779.0442437369189,779.0442437369189,760.106491551555,762.1594848632812,8588734,16.0,0.0
2021-04-30 00:00:00+05:30,758.3466384698891,766.7261593369597,750.3023188953159,753.2770385742188,10921664,0.0,0.0
2021-05-03 00:00:00+05:30,753.1093889074439,762.9134379126699,746.6152606581724,760.6090698242188,6871176,0.0,0.0
2021-05-04 00:00:00+05:30,762.5364596900041,766.7262204575316,753.52847403982,754.9530029296875,6217026,0.0,0.0
2021-05-05 00:00:00+05:30,757.4669027146853,763.2068548366871,754.659732153157,762.0337524414062,2696835,0.0,0.0
2021-05-06 00:00:00+05:30,764.2124609801446,774.1841133301385,755.2044741867932,767.5642700195312,6319104,0.0,0.0
2021-05-07 00:00:00+05:30,769.2400559786412,772.0891136808222,765.6368720455575,767.8993530273438,3651558,0.0,0.0
2021-05-10 00:00:00+05:30,769.2820191634636,772.2567392916627,762.7041147471131,765.846435546875,4029147,0.0,0.0
2021-05-11 00:00:00+05:30,761.2795396403264,764.5894609111492,758.430481829976,760.2739868164062,3818154,0.0,0.0
2021-05-12 00:00:00+05:30,759.3104932179251,761.6567494170109,749.9673046629083,759.2685546875,4076940,0.0,0.0
2021-05-14 00:00:00+05:30,761.6985579249696,764.2124145517846,751.22415531324,762.8297729492188,5184569,0.0,0.0
2021-05-17 00:00:00+05:30,766.3910107268689,776.9492384318819,762.6202260774801,772.7175903320312,7956551,0.0,0.0
2021-05-18 00:00:00+05:30,777.6196838777164,787.256134701632,774.6868510182638,780.6362915039062,5913426,0.0,0.0
2021-05-19 00:00:00+05:30,777.6196918779732,788.5130711822983,775.2315484113822,780.46875,4178834,0.0,0.0
2021-05-20 00:00:00+05:30,780.971443550075,783.3176994605873,772.6338090042959,774.60302734375,4753782,0.0,0.0
2021-05-21 00:00:00+05:30,775.5247358138272,783.192018651651,773.4298553821312,779.8402099609375,4161547,0.0,0.0
2021-05-24 00:00:00+05:30,780.5525180110312,786.8371598629719,777.3683097016238,781.641845703125,4191877,0.0,0.0
2021-05-25 00:00:00+05:30,785.9991402127989,790.8592525992789,783.6109969716749,788.1777954101562,5032874,0.0,0.0
2021-05-26 00:00:00+05:30,787.6750438678091,795.1747260569482,781.4322899401611,792.53515625,5017674,0.0,0.0
2021-05-27 00:00:00+05:30,795.2165597105027,801.8364018982579,786.0828611696056,789.6860961914062,9078274,0.0,0.0
2021-05-28 00:00:00+05:30,787.7170090058261,795.8451561280677,785.4964662113862,789.8118896484375,4098094,0.0,0.0
2021-05-31 00:00:00+05:30,788.9739245568481,794.2530134614425,781.4742417493902,792.032470703125,4171524,0.0,0.0
2021-06-01 00:00:00+05:30,794.3786931260624,797.730501957818,789.3928672599174,796.6411743164062,2944472,0.0,0.0
2021-06-02 00:00:00+05:30,793.540727442053,796.6411607876835,785.6639563633748,790.8173828125,3657189,0.0,0.0
2021-06-03 00:00:00+05:30,791.8648580501404,795.8870185287876,785.1612402042133,787.2142333984375,4164240,0.0,0.0
2021-06-04 00:00:00+05:30,787.7587774516544,791.1944118735431,783.2757540111447,784.7840576171875,3550303,0.0,0.0
2021-06-07 00:00:00+05:30,786.8372085130933,797.6887010106343,785.2450786876751,795.719482421875,3282517,0.0,0.0
2021-06-08 00:00:00+05:30,797.7302827955893,814.4893223501185,797.2694194367457,810.4671630859375,6385642,0.0,0.0
2021-06-09 00:00:00+05:30,816.081660488133,825.3829093642685,808.7076402807163,813.9029541015625,5521459,0.0,0.0
2021-06-10 00:00:00+05:30,820.774220080595,822.5758378566097,809.922728330457,811.5986328125,3878256,0.0,0.0
2021-06-11 00:00:00+05:30,817.8412555832257,829.5725850690507,813.2325189995088,824.0001831054688,4777035,0.0,0.0
2021-06-14 00:00:00+05:30,823.706971595211,828.2738210867783,817.8413064872085,824.7125244140625,2236373,0.0,0.0
2021-06-15 00:00:00+05:30,825.466573780509,832.0864156721706,823.8744955147864,825.7598876953125,2559001,0.0,0.0
2021-06-16 00:00:00+05:30,824.5868155223932,826.2208324686583,816.1654065156929,820.6903686523438,3138753,0.0,0.0
2021-06-17 00:00:00+05:30,821.1931766360101,828.6928592433806,819.9781356865683,826.5560913085938,3609989,0.0,0.0
2021-06-18 00:00:00+05:30,829.5726856895668,835.1869757105161,812.8974162971812,817.212890625,5622783,0.0,0.0
2021-06-21 00:00:00+05:30,811.1376883512602,824.0840594118077,805.4815112888934,822.8690185546875,1639495,0.0,0.0
2021-06-22 00:00:00+05:30,822.9528208748106,828.0643598927948,818.0508210477323,821.2769165039062,2529648,0.0,0.0
2021-06-23 00:00:00+05:30,825.3829145105074,825.3829145105074,813.651583745891,815.2437133789062,2395543,0.0,0.0
2021-06-24 00:00:00+05:30,814.489585078733,833.427285426243,812.0595031016467,829.3213500976562,4686567,0.0,0.0
2021-06-25 00:00:00+05:30,833.7624395180942,846.3317225259046,828.9442143651002,834.30712890625,5196000,0.0,0.0
2021-06-28 00:00:00+05:30,837.9522466333253,837.9522466333253,824.7126113654281,825.6343383789062,1844159,0.0,0.0
2021-06-29 00:00:00+05:30,827.016887194664,832.8406648838406,821.6120855817658,824.209716796875,1895170,0.0,0.0
2021-06-30 00:00:00+05:30,822.0311569733612,830.7877682118237,822.0311569733612,824.1260375976562,2682591,0.0,0.0
2021-07-01 00:00:00+05:30,827.058808162695,827.8967603492833,817.1290952094402,825.8018798828125,2861509,0.0,0.0
2021-07-02 00:00:00+05:30,824.1678825305919,827.5615787382404,818.8887938581892,825.0896606445312,1646631,0.0,0.0
2021-07-05 00:00:00+05:30,830.997181287573,834.516590647717,819.5172262734435,820.983642578125,2598033,0.0,0.0
2021-07-06 00:00:00+05:30,821.1933479872965,823.0368534871994,812.9814247363346,814.5316162109375,2486069,0.0,0.0
2021-07-07 00:00:00+05:30,812.8135464946664,819.1819620712424,804.6854008008122,817.2965698242188,3014899,0.0,0.0
2021-07-08 00:00:00+05:30,817.0033540593347,822.8690191654017,812.8135932692868,818.5116577148438,2555624,0.0,0.0
2021-07-09 00:00:00+05:30,814.4895411413265,820.7741826624788,809.9645787882795,818.5535888671875,3218471,0.0,0.0
2021-07-12 00:00:00+05:30,821.1932854287282,823.7490298126319,817.0035237683776,820.732421875,2037878,0.0,0.0
2021-07-13 00:00:00+05:30,823.7069333275658,823.7069333275658,807.7858430597898,811.0957641601562,2997764,0.0,0.0
2021-07-14 00:00:00+05:30,811.3471597694895,832.0445878618691,811.2214464906403,829.1117553710938,4371180,0.0,0.0
2021-07-15 00:00:00+05:30,832.0864211438109,881.94457024558,830.2429163262667,871.2606811523438,12701032,0.0,0.0
2021-07-16 00:00:00+05:30,875.5762178218262,878.8023131261418,836.318129094616,842.1419067382812,8665827,0.0,0.0
2021-07-19 00:00:00+05:30,842.1419723972444,853.2867265791648,831.6675697554876,838.1198120117188,4644600,0.0,0.0
2021-07-20 00:00:00+05:30,837.1143344860183,848.1753149003289,812.2690287253855,818.8469848632812,10216774,0.0,0.0
2021-07-22 00:00:00+05:30,812.8136509190637,822.4501014196505,812.8136509190637,820.02001953125,6156400,0.0,0.0
2021-07-23 00:00:00+05:30,825.1314936975914,841.220185233089,823.3717634929588,832.9244384765625,5265839,0.0,0.0
2021-07-26 00:00:00+05:30,832.9245244117747,841.3040467901627,827.2683468063626,838.20361328125,2477027,0.0,0.0
2021-07-27 00:00:00+05:30,843.0087181829638,844.8633476536,829.3941068030414,836.2646484375,2883514,6.0,0.0
2021-07-28 00:00:00+05:30,838.7937268076023,839.5945954303646,823.8724612762699,828.7619018554688,2952249,0.0,0.0
2021-07-29 00:00:00+05:30,830.8271961975566,850.5957600797358,830.8271961975566,849.41552734375,4732101,0.0,0.0
2021-07-30 00:00:00+05:30,853.96789530977,885.1170286109002,851.3545886694594,864.0418090820312,9330054,0.0,0.0
2021-08-02 00:00:00+05:30,871.6709635714325,875.8860069155884,862.440008357098,872.8511962890625,2536478,0.0,0.0
2021-08-03 00:00:00+05:30,868.2989290647496,879.215850165701,863.2408770507802,876.2653198242188,3359006,0.0,0.0
2021-08-04 00:00:00+05:30,877.6564313741212,883.2624604132749,872.1768742348359,876.6869506835938,3122161,0.0,0.0
2021-08-05 00:00:00+05:30,876.7291207889252,904.5484101985738,871.4181243754547,894.5587768554688,7896314,0.0,0.0
2021-08-06 00:00:00+05:30,894.5587025427167,902.0193089560863,879.2580740571944,885.116943359375,11584782,0.0,0.0
2021-08-09 00:00:00+05:30,891.7346770710407,899.2795640531269,879.6796110517347,885.6228637695312,6321578,0.0,0.0
2021-08-10 00:00:00+05:30,887.2666567112279,903.9582701330328,883.4731175613938,896.7083129882812,5871606,0.0,0.0
2021-08-11 00:00:00+05:30,902.820155025214,909.6064164401529,891.1866963363258,899.4481201171875,5011239,0.0,0.0
2021-08-12 00:00:00+05:30,902.8624068859012,928.2791422828658,900.3333805360808,924.359130859375,6540144,0.0,0.0
2021-08-13 00:00:00+05:30,926.4666277340011,947.4996551446791,919.0481094795084,943.7061157226562,7270809,0.0,0.0
2021-08-16 00:00:00+05:30,944.9706407462328,952.0519350043237,939.40680343857,947.246826171875,3159376,0.0,0.0
2021-08-17 00:00:00+05:30,943.5375787430714,971.1039247370206,937.8894610692652,963.516845703125,5295838,0.0,0.0
2021-08-18 00:00:00+05:30,976.1198558151355,976.1198558151355,953.9486844456285,956.1826782226562,4871006,0.0,0.0
2021-08-20 00:00:00+05:30,933.6321755435262,961.6622160282415,933.3792317600754,941.935791015625,3467046,0.0,0.0
2021-08-23 00:00:00+05:30,951.7569005516831,993.2328908392277,949.2700658447543,980.5034790039062,9383780,0.0,0.0
2021-08-24 00:00:00+05:30,984.5918811319721,988.849115845243,969.4599174953362,971.9046630859375,3947317,0.0,0.0
2021-08-25 00:00:00+05:30,977.8058759855513,986.2359635396878,961.2829249607124,973.1271362304688,3447912,0.0,0.0
2021-08-26 00:00:00+05:30,977.8059384952679,988.0063245066004,973.675174748399,984.1705932617188,4654833,0.0,0.0
2021-08-27 00:00:00+05:30,984.170553649345,986.1095149952461,977.4686750476493,980.3770141601562,3050466,0.0,0.0
2021-08-30 00:00:00+05:30,981.2622544310819,986.6153397910814,973.2958623424413,980.7564697265625,2956868,0.0,0.0
2021-08-31 00:00:00+05:30,982.9478252941901,1006.0462767614375,979.6179831720523,996.6889038085938,7199002,0.0,0.0
2021-09-01 00:00:00+05:30,1003.1802452264811,1003.6017495311982,979.3652520099702,981.8099975585938,3200410,0.0,0.0
2021-09-02 00:00:00+05:30,988.0062932177307,996.4363810438206,972.832135130769,988.6385498046875,5224479,0.0,0.0
2021-09-03 00:00:00+05:30,989.2707020235356,995.2560431673365,976.4148194450448,990.324462890625,4533364,0.0,0.0
2021-09-06 00:00:00+05:30,990.5351290208367,1020.1247110171302,989.6921204003935,1011.73681640625,4331916,0.0,0.0
2021-09-07 00:00:00+05:30,1023.4124512549948,1024.2132682709596,994.8344388306127,996.604736328125,3721585,0.0,0.0
2021-09-08 00:00:00+05:30,998.9654705734367,1004.1499954956579,983.8335031310888,1002.1689453125,3118518,0.0,0.0
2021-09-09 00:00:00+05:30,1004.8663136875388,1015.7832345738774,997.2792358157369,1010.3880615234375,3388292,0.0,0.0
2021-09-13 00:00:00+05:30,1004.8664688798999,1024.2556708800994,991.7576411476616,1018.6918334960938,3723138,0.0,0.0
2021-09-14 00:00:00+05:30,1025.0987011853035,1045.8366970918287,1017.5116219824517,1044.19287109375,5593286,0.0,0.0
2021-09-15 00:00:00+05:30,1044.1926403103585,1086.5959118506821,1037.1113473715072,1073.3607177734375,6063895,0.0,0.0
2021-09-16 00:00:00+05:30,1085.120686987718,1091.9491393392082,1058.1444103401047,1064.80419921875,3616292,0.0,0.0
2021-09-17 00:00:00+05:30,1066.4060962103028,1079.894236557627,1060.9265391942026,1064.9730224609375,4817180,0.0,0.0
2021-09-20 00:00:00+05:30,1060.505034282325,1094.8998333134784,1053.760964112008,1075.8056640625,5453683,0.0,0.0
2021-09-21 00:00:00+05:30,1086.6383973929276,1108.5566272860353,1076.5222912884162,1095.489990234375,4645597,0.0,0.0
2021-09-22 00:00:00+05:30,1095.91139152176,1120.0636131546426,1095.5741674354076,1108.97802734375,5367303,0.0,0.0
2021-09-23 00:00:00+05:30,1118.5461302661295,1126.6389936190926,1107.6292082048847,1119.7685546875,3037295,0.0,0.0
2021-09-24 00:00:00+05:30,1129.6316481901472,1161.4552263387875,1127.1026221121094,1144.974365234375,7951730,0.0,0.0
2021-09-27 00:00:00+05:30,1151.5496700463457,1153.1934955431093,1087.5232123508779,1091.8646240234375,7653504,0.0,0.0
2021-09-28 00:00:00+05:30,1100.0844498475392,1100.0844498475392,1057.1331865026596,1069.7783203125,8572321,0.0,0.0
2021-09-29 00:00:00+05:30,1070.6212085266288,1097.1337949295707,1061.1795508423202,1080.0628662109375,4639821,0.0,0.0
2021-09-30 00:00:00+05:30,1088.7035966862331,1088.7035966862331,1069.6516197334254,1078.671875,3589722,0.0,0.0
2021-10-01 00:00:00+05:30,1073.9931008111507,1082.423187944676,1062.7389550691616,1073.7823486328125,3372796,0.0,0.0
2021-10-04 00:00:00+05:30,1080.3155177890042,1090.5159012383654,1073.7822011578182,1077.9129638671875,2706626,0.0,0.0
2021-10-05 00:00:00+05:30,1070.6213880576954,1107.3765584365128,1064.0458769527468,1100.253173828125,3710314,0.0,0.0
2021-10-06 00:00:00+05:30,1106.027590217377,1112.6451889830628,1072.1386762528305,1075.215576171875,2861608,0.0,0.0
2021-10-07 00:00:00+05:30,1082.465346735455,1110.9589786393822,1082.465346735455,1101.2222900390625,2421641,0.0,0.0
2021-10-08 00:00:00+05:30,1101.222316928335,1127.945651821665,1090.8954602505955,1114.583984375,5197831,0.0,0.0
2021-10-11 00:00:00+05:30,1095.9113332384552,1116.9022708948287,1041.6637428244194,1098.3560791015625,5264998,0.0,0.0
2021-10-12 00:00:00+05:30,1101.7701800753282,1103.4983890740748,1042.2116977036178,1054.055908203125,12811641,0.0,0.0
2021-10-13 00:00:00+05:30,1064.7201217625707,1071.2956316105794,1048.2392584460658,1066.701171875,5705730,0.0,0.0
2021-10-14 00:00:00+05:30,1086.9751775779355,1090.2207397130044,1048.7447627863116,1054.7301025390625,10360519,0.0,0.0
2021-10-18 00:00:00+05:30,1045.3308206344998,1072.7286042398393,1024.255602476546,1029.65087890625,23861603,0.0,0.0
2021-10-19 00:00:00+05:30,1036.9007227818913,1056.289923289195,1032.6856791933471,1038.6710205078125,10189780,0.0,0.0
2021-10-20 00:00:00+05:30,1044.487668859061,1065.057099545379,1028.807729278277,1039.3453369140625,8222562,0.0,0.0
2021-10-21 00:00:00+05:30,1052.943991945934,1052.943991945934,1010.5338459540552,1028.9766845703125,5998795,10.0,0.0
2021-10-22 00:00:00+05:30,1022.6446752755886,1039.7276862925246,1007.9838644312056,1014.7830810546875,3812305,0.0,0.0
2021-10-25 00:00:00+05:30,1006.3264614122917,1011.3833365961531,983.4640778438778,990.4757690429688,6690819,0.0,0.0
2021-10-26 00:00:00+05:30,994.3853553921953,1004.5841795500639,980.1494966718369,991.6657104492188,5126660,0.0,0.0
2021-10-27 00:00:00+05:30,994.3855808224914,1004.0319501091099,987.1614120729263,1000.46240234375,3536653,0.0,0.0
2021-10-28 00:00:00+05:30,1005.6891964684474,1007.1339885393779,974.6677698172344,979.0872192382812,4096585,0.0,0.0
2021-10-29 00:00:00+05:30,979.0872540983606,996.9351988345287,967.1886242742487,972.0755615234375,3558520,0.0,0.0
2021-11-01 00:00:00+05:30,971.8632432128924,1012.6160154540802,971.8632432128924,1010.7037353515625,4511112,0.0,0.0
2021-11-02 00:00:00+05:30,1012.233724940602,1015.7183039158489,993.408366653304,994.938232421875,3016082,0.0,0.0
2021-11-03 00:00:00+05:30,998.6351234385279,1009.4288402948587,995.8304045714403,999.782470703125,2063067,0.0,0.0
2021-11-04 00:00:00+05:30,1007.1341831962694,1008.9614938140828,1001.1848673461649,1005.5193481445312,256369,0.0,0.0
2021-11-08 00:00:00+05:30,1009.2165982967816,1013.7636592923778,993.1535253793279,1005.3070678710938,3808317,0.0,0.0
2021-11-09 00:00:00+05:30,1009.6838533082948,1012.2335600085682,994.7680276125625,996.765380859375,3565461,0.0,0.0
2021-11-10 00:00:00+05:30,989.2863123281355,998.6352379601024,987.6714771512271,993.663330078125,2401325,0.0,0.0
2021-11-11 00:00:00+05:30,990.9860298004281,992.5158953592879,979.2998737886306,986.4815063476562,2861259,0.0,0.0
2021-11-12 00:00:00+05:30,993.4505697301789,1001.3121640308639,988.4361266699091,996.3826904296875,3812518,0.0,0.0
2021-11-15 00:00:00+05:30,995.2356604000395,1004.2446046378659,988.8613927202783,995.108154296875,3619915,0.0,0.0
2021-11-16 00:00:00+05:30,995.1506959345767,999.0602260483184,986.2691540072595,988.7764282226562,3141207,0.0,0.0
2021-11-17 00:00:00+05:30,986.311603538657,989.9236882564849,977.3876295299057,979.4698486328125,3172985,0.0,0.0
2021-11-18 00:00:00+05:30,975.6876229066772,981.6369376804984,946.3660000928442,952.060302734375,5384530,0.0,0.0
2021-11-22 00:00:00+05:30,952.0604321636008,956.8624004905588,936.5922531479483,943.4764404296875,3961223,0.0,0.0
2021-11-23 00:00:00+05:30,939.1418995001217,951.8904320725215,926.3933669277219,945.6011352539062,4545069,0.0,0.0
2021-11-24 00:00:00+05:30,951.8905224057836,962.6418066450227,945.8986700290067,951.4230346679688,2675632,0.0,0.0
2021-11-25 00:00:00+05:30,948.9158020110344,961.2393838553336,944.2413399321624,955.9700317382812,3106454,0.0,0.0
2021-11-26 00:00:00+05:30,951.8905067668991,956.9899201960075,937.6971808883468,943.4340209960938,2207274,0.0,0.0
2021-11-29 00:00:00+05:30,935.8272447472999,973.1379702060754,934.9773425899147,963.066650390625,3661152,0.0,0.0
2021-11-30 00:00:00+05:30,962.939242509049,984.1018291354693,962.939242509049,967.7412109375,7421904,0.0,0.0
2021-12-01 00:00:00+05:30,973.987996436353,988.4363349524245,973.308033124698,983.0819091796875,2918586,0.0,0.0
2021-12-02 00:00:00+05:30,987.5016209917945,1008.3242298272661,979.9374688693385,1006.8793334960938,4011279,0.0,0.0
2021-12-03 00:00:00+05:30,1009.683733063057,1011.128525188683,994.0880496866048,995.5753784179688,2571036,0.0,0.0
2021-12-06 00:00:00+05:30,994.3006395162258,996.6378706484664,964.5115248588993,965.9564208984375,2493755,0.0,0.0
2021-12-07 00:00:00+05:30,977.3875939656823,981.6371052437939,961.5794327606737,977.0901489257812,2299958,0.0,0.0
2021-12-08 00:00:00+05:30,983.6768523122232,1004.2444445817248,983.3794072841437,995.7454223632812,2525711,0.0,0.0
2021-12-09 00:00:00+05:30,1002.7145358007705,1002.7145358007705,981.6369222905573,993.1531372070312,1734844,0.0,0.0
2021-12-10 00:00:00+05:30,981.8070926086891,991.8359812186907,981.8070926086891,987.7564086914062,957733,0.0,0.0
2021-12-13 00:00:00+05:30,990.985989137627,997.3177191814415,980.1497358258734,985.1216430664062,2225682,0.0,0.0
2021-12-14 00:00:00+05:30,982.4869309095774,990.9009833338872,973.5629579212118,987.8837890625,1972685,0.0,0.0
2021-12-15 00:00:00+05:30,984.3993859589287,987.5439831198801,970.8434851260614,976.4528198242188,1604301,0.0,0.0
2021-12-16 00:00:00+05:30,982.486939029155,992.6007959157852,977.0051113615573,985.674072265625,2121810,0.0,0.0
2021-12-17 00:00:00+05:30,996.0852989477297,1005.3492529383602,990.135984022274,995.5753784179688,6373455,0.0,0.0
2021-12-20 00:00:00+05:30,985.8864831363745,996.3827538236504,973.5629020971699,985.801513671875,3091768,0.0,0.0
2021-12-21 00:00:00+05:30,993.4508703589439,1032.5888110399246,990.1787670850754,1024.13232421875,6217986,0.0,0.0
2021-12-22 00:00:00+05:30,1035.1810473967819,1041.9802660988953,1028.466798178876,1039.2606201171875,3809814,0.0,0.0
2021-12-23 00:00:00+05:30,1045.2947249593974,1045.974584463176,1033.141082134793,1043.21240234375,2814281,0.0,0.0
2021-12-24 00:00:00+05:30,1072.7041250841817,1091.1045291945563,1059.1056893440923,1075.2962646484375,15952929,0.0,0.0
2021-12-27 00:00:00+05:30,1077.6761791990716,1085.3253003448062,1065.8200829223208,1076.9962158203125,3372907,0.0,0.0
2021-12-28 00:00:00+05:30,1079.3760333167613,1095.5241786970907,1079.3760333167613,1091.189697265625,3446067,0.0,0.0
2021-12-29 00:00:00+05:30,1090.424497306828,1104.0229321914026,1085.4100536935762,1097.9886474609375,2254162,0.0,0.0
2021-12-30 00:00:00+05:30,1097.9888275126555,1127.352890408052,1090.1696639231188,1119.3638916015625,4518139,0.0,0.0
2021-12-31 00:00:00+05:30,1121.8710119047012,1129.902546968066,1112.4795501922733,1121.1060791015625,2231508,0.0,0.0
2022-01-03 00:00:00+05:30,1118.7689379298863,1138.7841797761216,1116.856657641947,1127.0980224609375,2661272,0.0,0.0
2022-01-04 00:00:00+05:30,1129.9450516046784,1136.064306360944,1111.0347263709784,1133.3021240234375,3367100,0.0,0.0
2022-01-05 00:00:00+05:30,1129.5202395977374,1130.3701419601134,1106.5728758135847,1114.009521484375,3510253,0.0,0.0
2022-01-06 00:00:00+05:30,1096.3740320187317,1103.0033118510064,1085.3253014635043,1092.03955078125,4409632,0.0,0.0
2022-01-07 00:00:00+05:30,1102.7907466333427,1103.5981123014674,1089.744663616723,1096.8414306640625,3898684,0.0,0.0
2022-01-10 00:00:00+05:30,1108.994771787288,1108.994771787288,1087.8747246405105,1094.7589111328125,2529949,0.0,0.0
2022-01-11 00:00:00+05:30,1095.2265671468688,1145.6682454844706,1087.87489185469,1141.97119140625,6772189,0.0,0.0
2022-01-12 00:00:00+05:30,1150.7673663895926,1153.4020419737146,1131.5596009645567,1149.195068359375,3162044,0.0,0.0
2022-01-13 00:00:00+05:30,1138.868870912966,1155.3569932264938,1122.848236276926,1133.98193359375,4598005,0.0,0.0
2022-01-14 00:00:00+05:30,1121.8711009753029,1141.3763183908488,1098.9237375462624,1136.4893798828125,5636243,0.0,0.0
2022-01-17 00:00:00+05:30,1081.9253132370281,1081.9253132370281,1056.7682332231839,1069.814208984375,11973283,0.0,0.0
2022-01-18 00:00:00+05:30,1079.3333891084826,1079.3333891084826,1034.331103625711,1036.6683349609375,7799487,0.0,0.0
2022-01-19 00:00:00+05:30,1036.8809537527359,1037.3059049632905,1012.2337835405808,1019.2029418945312,8464215,0.0,0.0
2022-01-20 00:00:00+05:30,1028.4587359545399,1029.6586254038666,1002.7472675556763,1007.3324584960938,6172404,10.0,0.0
2022-01-21 00:00:00+05:30,1007.3326015099864,1011.1893223173655,989.8916738939987,1000.9904174804688,5514748,0.0,0.0
2022-01-24 00:00:00+05:30,996.3194422062898,998.0335401713759,952.181419605323,964.0944213867188,5878438,0.0,0.0
2022-01-25 00:00:00+05:30,955.6098757787591,976.7361598758583,932.8123875586732,963.066162109375,4725254,0.0,0.0
2022-01-27 00:00:00+05:30,955.6097722169668,956.4239270357764,917.2139296555735,923.6846923828125,8304735,0.0,0.0
2022-01-28 00:00:00+05:30,924.755795021289,944.6392883395488,923.2559593945167,925.9984741210938,7654724,0.0,0.0
2022-01-31 00:00:00+05:30,943.3109963012427,954.7096851508836,936.6259722990183,942.2396850585938,7572995,0.0,0.0
2022-02-01 00:00:00+05:30,957.0664800630329,974.0360904020712,943.8251161947038,970.8650512695312,6783774,0.0,0.0
2022-02-02 00:00:00+05:30,979.5213608317383,1006.0469865574821,971.2937110382144,1003.5615234375,6982539,0.0,0.0
2022-02-03 00:00:00+05:30,995.8909869634077,1003.4758500622729,986.4634474998987,991.3914794921875,4169794,0.0,0.0
2022-02-04 00:00:00+05:30,994.1769484520944,1000.2619760918459,974.7647655604236,997.4337768554688,3625482,0.0,0.0
2022-02-07 00:00:00+05:30,991.6059985058556,1003.9046345209189,982.1784566013055,991.9059448242188,3824483,0.0,0.0
2022-02-08 00:00:00+05:30,993.2768755157789,1002.6187303405693,984.3636498020851,995.8480224609375,3267641,0.0,0.0
2022-02-09 00:00:00+05:30,1004.4613548594972,1019.0311867985854,999.3190612339366,1012.089111328125,3772972,0.0,0.0
2022-02-10 00:00:00+05:30,1015.5600862475442,1021.5166390743386,1006.261126294897,1020.1881713867188,2053245,0.0,0.0
2022-02-11 00:00:00+05:30,1010.4608540516499,1010.4608540516499,992.5057178739797,997.3479614257812,3912397,0.0,0.0
2022-02-14 00:00:00+05:30,973.0505587861819,997.9049797238634,971.5507230399426,982.5637817382812,3243813,0.0,0.0
2022-02-15 00:00:00+05:30,988.606069779025,1006.1755751370398,983.9779840289625,1001.5046997070312,3000492,0.0,0.0
2022-02-16 00:00:00+05:30,1009.6037970785496,1013.5890961489617,994.1769139313392,1000.8619384765625,1885868,0.0,0.0
2022-02-17 00:00:00+05:30,1006.1755383719859,1006.1755383719859,994.1768522244495,996.7908935546875,1644055,0.0,0.0
2022-02-18 00:00:00+05:30,988.0491723614509,1002.8332714065781,985.6922870064307,998.4623413085938,2166690,0.0,0.0
2022-02-21 00:00:00+05:30,988.2631611605268,1002.3187854027487,985.7776981863143,998.247802734375,1706058,0.0,0.0
2022-02-22 00:00:00+05:30,970.1795116847901,989.1631688136251,970.1795116847901,985.2207641601562,3254855,0.0,0.0
2022-02-23 00:00:00+05:30,990.7485760228074,993.319722846396,983.9350787883903,988.1774291992188,1937649,0.0,0.0
2022-02-24 00:00:00+05:30,947.8961422871635,972.7076676354656,935.8974569417563,941.5111694335938,5469084,0.0,0.0
2022-02-25 00:00:00+05:30,956.1238212232664,977.8928862406643,955.609612759282,968.2081909179688,3213276,0.0,0.0
2022-02-28 00:00:00+05:30,959.5521504750459,971.2937859054387,948.7533527499103,965.8514404296875,4571884,0.0,0.0
2022-03-02 00:00:00+05:30,963.8802412037511,963.8802412037511,950.4674025609652,956.0811157226562,3867328,0.0,0.0
2022-03-03 00:00:00+05:30,964.1801685377974,987.3204925827046,960.3234478636463,976.7787475585938,3969380,0.0,0.0
2022-03-04 00:00:00+05:30,966.75127721076,989.7630220607448,962.1660859600938,975.7073974609375,3522375,0.0,0.0
2022-03-07 00:00:00+05:30,952.1815744680761,995.3768711375734,951.7530499071094,989.2060546875,5249845,0.0,0.0
2022-03-08 00:00:00+05:30,990.7487063330943,1010.9750430815893,989.8916572791729,1007.289794921875,3805165,0.0,0.0
2022-03-09 00:00:00+05:30,1011.3177236357736,1024.1734574108048,995.1194781551887,1013.6317138671875,3781326,0.0,0.0
2022-03-10 00:00:00+05:30,1026.9161019056025,1026.9161019056025,1007.0326063350001,1021.7310180664062,3834327,0.0,0.0
2022-03-11 00:00:00+05:30,1011.3178255087431,1034.5867269095388,1008.1467860395659,1022.8450927734375,2770879,0.0,0.0
2022-03-14 00:00:00+05:30,1022.8450856754748,1041.1431654943594,1009.3037742678266,1030.9013671875,5740660,0.0,0.0
2022-03-15 00:00:00+05:30,1034.458214112899,1040.714714091092,1001.1189847969757,1008.6181640625,3003066,0.0,0.0
2022-03-16 00:00:00+05:30,1020.0167651088375,1030.9869282120662,1015.6029423677509,1028.0301513671875,1894018,0.0,0.0
2022-03-17 00:00:00+05:30,1041.3146923433492,1041.3146923433492,1020.5741452575343,1025.8021240234375,6987787,0.0,0.0
2022-03-21 00:00:00+05:30,1028.3731001442857,1036.9435900119433,998.5477535567422,1001.0761108398438,4046440,0.0,0.0
2022-03-22 00:00:00+05:30,1002.7477732078083,1012.8181034088269,996.1485348390848,1008.23291015625,4516870,0.0,0.0
2022-03-23 00:00:00+05:30,1019.8881377054915,1020.6166083083797,1002.7471606011975,1011.9175415039062,2338886,0.0,0.0
2022-03-24 00:00:00+05:30,1001.8902391670915,1023.3164632724613,1001.8902391670915,1021.6880493164062,2351703,0.0,0.0
2022-03-25 00:00:00+05:30,1027.6020245858836,1027.6020245858836,1007.3756837249272,1010.760986328125,2489854,0.0,0.0
2022-03-28 00:00:00+05:30,1015.5175593699877,1017.8315502282768,992.6342842790666,997.5623168945312,3406258,0.0,0.0
2022-03-29 00:00:00+05:30,1000.1763525635812,1007.0327457259708,997.305258850882,1000.7762451171875,2443230,0.0,0.0
2022-03-30 00:00:00+05:30,1009.0467738265271,1012.9891789065128,995.976774574014,998.6336059570312,3073672,0.0,0.0
2022-03-31 00:00:00+05:30,1006.8614265738701,1006.8614265738701,995.0341059470662,997.3909912109375,3006639,0.0,0.0
2022-04-01 00:00:00+05:30,995.0338323084882,1006.1754686736996,987.3632860436092,1002.4473266601562,2479745,0.0,0.0
2022-04-04 00:00:00+05:30,1005.489773844819,1018.988294640219,1001.0331612080812,1017.3599853515625,2282137,0.0,0.0
2022-04-05 00:00:00+05:30,1019.8882072996917,1031.0298431777555,1014.8315977848324,1024.55908203125,2634464,0.0,0.0
2022-04-06 00:00:00+05:30,1019.8883596336368,1024.0879208620595,1000.6047561951857,1003.1759033203125,2838968,0.0,0.0
2022-04-07 00:00:00+05:30,998.9762219239736,1011.9605342680162,996.7479156076247,1005.5755615234375,3391918,0.0,0.0
2022-04-08 00:00:00+05:30,1010.4607636143204,1011.317812608056,996.3623495154645,998.7620239257812,2656091,0.0,0.0
2022-04-11 00:00:00+05:30,997.604958283938,997.604958283938,969.9651301871537,971.4649658203125,5679058,0.0,0.0
2022-04-12 00:00:00+05:30,968.2939325914152,978.4927312636539,959.5091809715542,969.450927734375,2906617,0.0,0.0
2022-04-13 00:00:00+05:30,972.7504294051993,979.6925040566463,962.465843367435,964.265625,1971580,0.0,0.0
2022-04-18 00:00:00+05:30,951.324500284526,953.6813853077534,929.5554322368479,944.2538452148438,4391701,0.0,0.0
2022-04-19 00:00:00+05:30,956.3808952862346,956.4236849594049,907.4005293762592,917.256591796875,3422431,0.0,0.0
2022-04-20 00:00:00+05:30,921.3276630886344,938.2972749173388,912.5000166546666,933.669189453125,2573318,0.0,0.0
2022-04-21 00:00:00+05:30,938.4687340846048,947.082119108549,926.5557310566501,942.0682983398438,2547848,0.0,0.0
2022-04-22 00:00:00+05:30,931.2695151877375,972.7078175390463,926.5557452184619,944.510986328125,9567571,0.0,0.0
2022-04-25 00:00:00+05:30,940.0971081550692,941.0398411702621,923.2989679799038,934.0548706054688,3565801,0.0,0.0
2022-04-26 00:00:00+05:30,946.1821695473236,948.7533167471804,929.9411315829934,937.8688354492188,3213714,0.0,0.0
2022-04-27 00:00:00+05:30,931.6123093138781,942.6682628875582,920.9848802615016,938.98291015625,3288792,0.0,0.0
2022-04-28 00:00:00+05:30,951.530687079877,960.5057901370034,935.236202293307,951.9663696289062,5202061,18.0,0.0
2022-04-29 00:00:00+05:30,953.273287746844,958.9371601146269,936.1509446229874,940.420654296875,2988180,0.0,0.0
2022-05-02 00:00:00+05:30,934.9746681510221,942.8169533452059,925.3896529136863,929.6593627929688,2584604,0.0,0.0
2022-05-04 00:00:00+05:30,937.501522471539,937.5886376884733,902.5598110580073,910.53271484375,3385725,0.0,0.0
2022-05-05 00:00:00+05:30,922.7754952783084,936.8915651235505,912.4062309511031,934.1468505859375,2982126,0.0,0.0
2022-05-06 00:00:00+05:30,914.8461982478584,920.7279124059463,896.5910364105913,915.1075439453125,4075606,0.0,0.0
2022-05-09 00:00:00+05:30,909.7051066592358,943.6012281713446,901.0785714432168,937.6759033203125,4207192,0.0,0.0
2022-05-10 00:00:00+05:30,934.9745912115752,945.4309706100272,929.3978342588425,934.58251953125,2473518,0.0,0.0
2022-05-11 00:00:00+05:30,931.489126088654,940.4642275681495,918.4622627096476,924.4310913085938,2895668,0.0,0.0
2022-05-12 00:00:00+05:30,915.0204080811571,933.1883479084878,909.4872613455734,923.1241455078125,3195189,0.0,0.0
2022-05-13 00:00:00+05:30,932.3604834919383,939.3314029946818,910.6634752660913,916.806640625,2496626,0.0,0.0
2022-05-16 00:00:00+05:30,918.4186826293562,929.7028164959481,906.3938034406016,910.184326171875,1415370,0.0,0.0
2022-05-17 00:00:00+05:30,922.0783569486848,946.3023453529021,910.8813385005262,943.6011352539062,2620776,0.0,0.0
2022-05-18 00:00:00+05:30,944.1676254081617,956.1923990601235,933.0577212214806,935.5845947265625,2865869,0.0,0.0
2022-05-19 00:00:00+05:30,919.3772486881818,922.1656806861724,875.3733133900413,879.555908203125,4729354,0.0,0.0
2022-05-20 00:00:00+05:30,896.6346322804528,901.4271400331667,886.0039680831073,896.50390625,2005622,0.0,0.0
2022-05-23 00:00:00+05:30,891.4063389652746,903.605448198426,884.2175781671675,887.3109130859375,2285466,0.0,0.0
2022-05-24 00:00:00+05:30,890.5785564349953,890.8835660846566,860.0372248909953,864.1762084960938,3418456,0.0,0.0
2022-05-25 00:00:00+05:30,864.394068443932,865.0911497978329,839.1244837817607,849.1016235351562,3904551,0.0,0.0
2022-05-26 00:00:00+05:30,851.3235465066165,859.1658309677829,844.3961845958071,854.547607421875,4278059,0.0,0.0
2022-05-27 00:00:00+05:30,861.7800066002355,880.4707969554939,861.7800066002355,874.7633666992188,2795530,0.0,0.0
2022-05-30 00:00:00+05:30,887.9209570974335,917.8523243187673,885.0019055483475,906.1325073242188,3562969,0.0,0.0
2022-05-31 00:00:00+05:30,910.5763478110738,911.2734822990973,889.1843495112385,906.873046875,5185485,0.0,0.0
2022-06-01 00:00:00+05:30,906.8731325485209,910.9685055411352,881.4292636648836,886.9624633789062,2554081,0.0,0.0
2022-06-02 00:00:00+05:30,881.2987428168085,913.9749362693215,877.7261137556552,905.9583129882812,3560227,0.0,0.0
2022-06-03 00:00:00+05:30,918.3752065880844,932.0557025084174,906.3939364371198,908.8338012695312,3556955,0.0,0.0
2022-06-06 00:00:00+05:30,904.4769173793613,912.62415928258,889.7944376338062,903.8670043945312,1997494,0.0,0.0
2022-06-07 00:00:00+05:30,897.5060065537758,900.7736255096755,882.8235266521609,891.3193359375,1839248,0.0,0.0
2022-06-08 00:00:00+05:30,891.4936268160288,900.8172973560577,885.3069557804952,897.6802978515625,1665512,0.0,0.0
2022-06-09 00:00:00+05:30,893.1055364778149,898.9872503745106,881.5600031237568,896.3296508789062,1654005,0.0,0.0
2022-06-10 00:00:00+05:30,881.8213660502056,892.0599046382391,878.5101897393658,884.7404174804688,2260855,0.0,0.0
2022-06-13 00:00:00+05:30,867.8795924909402,873.1077828071508,856.1161642794667,864.2198486328125,1738804,0.0,0.0
2022-06-14 00:00:00+05:30,860.9085878403572,872.1927748056108,852.3256641845359,868.6637573242188,2461791,0.0,0.0
2022-06-15 00:00:00+05:30,861.7800811935884,877.4646529443312,860.908716096325,862.5643310546875,2408630,0.0,0.0
2022-06-16 00:00:00+05:30,877.4644934411007,877.4644934411007,837.9481147369488,840.8236083984375,3198618,0.0,0.0
2022-06-17 00:00:00+05:30,829.8881783333331,839.2553535626407,822.6122475239453,835.4213256835938,4302066,0.0,0.0
2022-06-20 00:00:00+05:30,840.8672224518339,841.7385874491932,829.6265927123379,836.553955078125,1305407,0.0,0.0
2022-06-21 00:00:00+05:30,846.7054136154394,871.2779181947926,839.6909357331518,859.688720703125,2128325,0.0,0.0
2022-06-22 00:00:00+05:30,852.1514995187378,853.0664222255083,835.7698464805038,837.6432495117188,2575065,0.0,0.0
2022-06-23 00:00:00+05:30,838.340282082949,851.7593249464588,835.2905044488696,846.3132934570312,2169033,0.0,0.0
2022-06-24 00:00:00+05:30,857.4233623027761,857.9026025290696,836.5105973685621,842.3487548828125,1922313,0.0,0.0
2022-06-27 00:00:00+05:30,859.2965545430238,877.2902085952832,857.5973822778157,864.698974609375,3626024,0.0,0.0
2022-06-28 00:00:00+05:30,862.5643312321272,877.4646531248361,856.7697320605711,873.0642700195312,2702471,0.0,0.0
2022-06-29 00:00:00+05:30,858.3815637604278,871.5827636080031,858.2944485417477,860.5164184570312,3150015,0.0,0.0
2022-06-30 00:00:00+05:30,862.6513326955031,868.3587626942342,845.1804754327425,848.0559692382812,3741119,0.0,0.0
2022-07-01 00:00:00+05:30,840.4315749167059,855.2012228731733,840.1701760434032,849.8858642578125,2827579,0.0,0.0
2022-07-04 00:00:00+05:30,849.8858573909514,862.2156937904692,848.2302957508098,857.9459838867188,2738846,0.0,0.0
2022-07-05 00:00:00+05:30,860.3857621215785,873.6740774425551,852.5870352800296,855.8110961914062,2476050,0.0,0.0
2022-07-06 00:00:00+05:30,855.6804628229323,870.4936683911501,853.9812903709743,859.688720703125,2998254,0.0,0.0
2022-07-07 00:00:00+05:30,868.7509109490359,872.1492557458666,858.2509732639141,862.5206298828125,2985141,0.0,0.0
2022-07-08 00:00:00+05:30,870.4936672805451,870.4936672805451,853.1970926626951,857.0310668945312,3141642,0.0,0.0
2022-07-11 00:00:00+05:30,849.5809561771389,853.1971425462236,819.0831782630877,822.176513671875,5787815,0.0,0.0
2022-07-12 00:00:00+05:30,814.7263538927346,826.5333401492655,805.4899052718973,808.4525146484375,5305354,0.0,0.0
2022-07-13 00:00:00+05:30,810.3695348678834,815.5977254154182,788.5854075864887,799.6953125,12874342,0.0,0.0
2022-07-14 00:00:00+05:30,807.0147112359191,808.2345903183427,777.518974250564,786.8425903320312,4916497,0.0,0.0
2022-07-15 00:00:00+05:30,780.7431013999764,788.5853870167172,764.492121598391,769.5460815429688,5591590,0.0,0.0
2022-07-18 00:00:00+05:30,779.8716444815656,790.7637065553305,774.5127286677146,784.4898681640625,5156225,0.0,0.0
2022-07-19 00:00:00+05:30,784.2255776198485,790.8342201278809,779.8198159478269,783.9612426757812,4636293,10.0,0.0
2022-07-20 00:00:00+05:30,797.090408356209,809.6027827031508,788.719460883566,808.3692016601562,4827089,0.0,0.0
2022-07-21 00:00:00+05:30,811.5413124714079,816.7841796980257,804.9767167228496,814.581298828125,3498709,0.0,0.0
2022-07-22 00:00:00+05:30,818.9430591073803,821.1459400994044,800.9675286999542,810.8804931640625,3514659,0.0,0.0
2022-07-25 00:00:00+05:30,810.8803675389909,821.2339065974893,805.37316591213,820.0443725585938,2120224,0.0,0.0
2022-07-26 00:00:00+05:30,818.1497774672234,819.1631239598967,802.817708428678,804.9324951171875,2780103,0.0,0.0
2022-07-27 00:00:00+05:30,803.6990830137685,818.8989619229651,802.8179306132354,818.10595703125,1742497,0.0,0.0
2022-07-28 00:00:00+05:30,824.6704923276905,836.2135664105225,821.8507940977655,833.658203125,2843497,0.0,0.0
2022-07-29 00:00:00+05:30,843.262763870535,850.9287997528845,834.5834350966009,835.6848754882812,3617725,0.0,0.0
2022-08-01 00:00:00+05:30,840.6192458910004,842.8221265144045,832.8651168528711,838.9891357421875,2489519,0.0,0.0
2022-08-02 00:00:00+05:30,838.9891972750846,840.4871131838469,829.2083743210691,838.0198974609375,2545241,0.0,0.0
2022-08-03 00:00:00+05:30,837.9759312850763,847.4923664361598,837.1388257499352,843.4390869140625,4119614,0.0,0.0
2022-08-04 00:00:00+05:30,850.3120899429273,854.6738052019986,833.3939526302947,844.2321166992188,3513266,0.0,0.0
2022-08-05 00:00:00+05:30,848.4616010367123,850.2679525590174,841.5004761092689,843.9236450195312,2565683,0.0,0.0
2022-08-08 00:00:00+05:30,843.9236291635148,852.9554403866168,837.1387455860038,851.2371826171875,1746911,0.0,0.0
2022-08-10 00:00:00+05:30,851.2371326547931,852.0742380606405,835.4204387825228,838.9010009765625,3271939,0.0,0.0
2022-08-11 00:00:00+05:30,850.3120651161764,853.3960985129709,844.8048626219007,847.9769897460938,3594584,0.0,0.0
2022-08-12 00:00:00+05:30,849.4308672212246,849.4308672212246,840.6193437023322,842.734130859375,3022304,0.0,0.0
2022-08-16 00:00:00+05:30,853.8366250298026,853.8366250298026,839.4298056555853,844.3201904296875,2784861,0.0,0.0
2022-08-17 00:00:00+05:30,848.5497233624733,866.084676853085,841.5005044768037,864.0579833984375,4649125,0.0,0.0
2022-08-18 00:00:00+05:30,866.5691105720243,866.5691105720243,853.0433925214062,857.8016357421875,2829269,0.0,0.0
2022-08-19 00:00:00+05:30,858.6827956549487,869.7412447093375,851.8979131423671,854.7616577148438,2880969,0.0,0.0
2022-08-22 00:00:00+05:30,850.312077021665,854.7178390787722,841.6767941459902,845.4216918945312,3616799,0.0,0.0
2022-08-23 00:00:00+05:30,837.0506017865542,837.9758009051174,827.4019737643588,834.3630981445312,3753715,0.0,0.0
2022-08-24 00:00:00+05:30,837.0066284144741,840.4430902681643,831.9400024647043,836.3457641601562,1494361,0.0,0.0
2022-08-25 00:00:00+05:30,840.5311395804837,840.5311395804837,830.6181769237432,831.6314697265625,3316314,0.0,0.0
2022-08-26 00:00:00+05:30,835.8170894494441,842.3816855164705,831.5875687303023,833.2617797851562,2195046,0.0,0.0
2022-08-29 00:00:00+05:30,804.1396681029319,812.4225222720112,793.1252629745152,808.4573364257812,4974880,0.0,0.0
2022-08-30 00:00:00+05:30,816.7402773810885,832.9094043152137,813.9205786123397,827.358154296875,2998417,0.0,0.0
2022-09-01 00:00:00+05:30,808.2810665852845,820.3528649351063,807.355867343492,815.9911499023438,2953921,0.0,0.0
2022-09-02 00:00:00+05:30,820.5290771768568,825.6397500387721,809.7790077754873,814.581298828125,1750283,0.0,0.0
2022-09-05 00:00:00+05:30,815.9471427721854,830.3099164945336,812.8631092951847,824.7586669921875,2279812,0.0,0.0
2022-09-06 00:00:00+05:30,824.7586629668957,830.8386361615336,816.8723380722286,826.3447265625,2108615,0.0,0.0
2022-09-07 00:00:00+05:30,816.8282386742512,821.7186235217099,813.3917229537277,820.9696655273438,2709547,0.0,0.0
2022-09-08 00:00:00+05:30,825.1109863452292,829.0761714602946,817.7092859512677,820.3967895507812,3214686,0.0,0.0
2022-09-09 00:00:00+05:30,827.4020024421785,839.7381345339682,823.2605759122526,835.77294921875,2206526,0.0,0.0
2022-09-12 00:00:00+05:30,841.6326787547667,848.9902792785595,840.1787558817919,841.985107421875,2517615,0.0,0.0
2022-09-13 00:00:00+05:30,841.5004228508361,845.7299430157179,837.4911907547636,841.8529052734375,2442828,0.0,0.0
2022-09-14 00:00:00+05:30,822.379496113737,826.9174523314646,816.4317176166059,821.2340087890625,6761712,0.0,0.0
2022-09-15 00:00:00+05:30,825.1991902740259,825.3754315033768,807.3999017350322,810.5720825195312,2995215,0.0,0.0
2022-09-16 00:00:00+05:30,806.3424090122845,808.8977720705474,787.2214480569802,790.3054809570312,5095937,0.0,0.0
2022-09-19 00:00:00+05:30,791.2308271881594,799.3374402175629,782.022773632513,791.0986328125,2686561,0.0,0.0
2022-09-20 00:00:00+05:30,795.0636767047483,811.4090404385778,794.7993417819167,805.3731689453125,1836721,0.0,0.0
2022-09-21 00:00:00+05:30,800.9674720796089,805.1529456685838,792.0237543717124,793.8742065429688,1819649,0.0,0.0
2022-09-22 00:00:00+05:30,790.9223300214242,797.3547852191215,784.0053055674206,790.9664306640625,2315711,0.0,0.0
2022-09-23 00:00:00+05:30,789.9531416771918,804.1396740754487,785.9879558015115,789.38037109375,2569608,0.0,0.0
2022-09-26 00:00:00+05:30,785.3269821969465,808.3691362025254,777.1763234756879,798.9407958984375,4182702,0.0,0.0
2022-09-27 00:00:00+05:30,802.9500732421875,811.9378379046916,799.7338456749916,809.5587158203125,3545337,0.0,0.0
2022-09-28 00:00:00+05:30,804.4920133627753,816.7840981457654,803.4786667512907,811.364990234375,4154139,0.0,0.0
2022-09-29 00:00:00+05:30,816.8281574510667,820.3527665447066,807.664152295096,813.3475952148438,2928360,0.0,0.0
2022-09-30 00:00:00+05:30,812.3344198695783,824.3621178726153,801.8927316505682,821.5424194335938,3229901,0.0,0.0
2022-10-03 00:00:00+05:30,821.5422927752774,821.9828689077854,807.1354747547701,819.69189453125,1598950,0.0,0.0
2022-10-04 00:00:00+05:30,830.4860353369037,837.9758298200483,825.6837445885163,833.570068359375,2331351,0.0,0.0
2022-10-06 00:00:00+05:30,841.9410485049629,852.9114057331026,841.9410485049629,849.9154663085938,3713623,0.0,0.0
2022-10-07 00:00:00+05:30,850.3121017411494,857.3172743718525,841.5005773707747,843.8796997070312,2174327,0.0,0.0
2022-10-10 00:00:00+05:30,830.2217132166944,852.2064740009549,830.2217132166944,848.7699584960938,2758812,0.0,0.0
2022-10-11 00:00:00+05:30,853.0434914893607,856.4800068565386,824.7585251211112,827.0494995117188,3134969,0.0,0.0
2022-10-12 00:00:00+05:30,831.1910192940712,849.3427903723723,831.1910192940712,838.8570556640625,3502390,0.0,0.0
2022-10-13 00:00:00+05:30,856.5240085421927,871.5035963494801,854.1008399263081,865.3795776367188,9698562,0.0,0.0
2022-10-14 00:00:00+05:30,885.5581260407802,901.4188685967345,875.8654500343637,883.3992919921875,7424383,0.0,0.0
2022-10-17 00:00:00+05:30,886.174803904998,887.1440498405025,873.3099491444711,876.3939819335938,2136170,0.0,0.0
2022-10-18 00:00:00+05:30,881.1522387449497,893.1799883163242,880.3591802175735,889.2588500976562,2487826,0.0,0.0
2022-10-19 00:00:00+05:30,895.7557108773333,895.7557108773333,884.6310746269938,886.0995483398438,2517099,10.0,0.0
2022-10-20 00:00:00+05:30,881.0712557536162,907.1473941761583,879.2913138228008,905.4564819335938,3931399,0.0,0.0
2022-10-21 00:00:00+05:30,909.9953414047261,916.581148488421,900.2946358418951,914.1781616210938,2071897,0.0,0.0
2022-10-24 00:00:00+05:30,921.1198558088773,924.5462219505067,916.670001432989,918.0939331054688,398105,0.0,0.0
2022-10-25 00:00:00+05:30,922.0098381655656,923.1223017733909,908.5712995108415,913.5551147460938,3068136,0.0,0.0
2022-10-27 00:00:00+05:30,917.5599329663044,923.3002014094678,907.4142436964872,918.4944458007812,3313674,0.0,0.0
2022-10-28 00:00:00+05:30,918.4054437767824,925.3472603807172,912.6651748212796,916.6700439453125,2423629,0.0,0.0
2022-10-31 00:00:00+05:30,924.6797415694807,936.6943484137425,922.3658390161683,926.5932006835938,2418565,0.0,0.0
2022-11-01 00:00:00+05:30,933.579534784366,945.0156398649285,930.0196509529671,943.4137573242188,2275488,0.0,0.0
2022-11-02 00:00:00+05:30,947.774496634654,949.0204776620761,927.7946927499902,930.1975708007812,2799322,0.0,0.0
2022-11-03 00:00:00+05:30,920.2300603991955,933.7575768256553,919.4290647310007,930.1532592773438,2396164,0.0,0.0
2022-11-04 00:00:00+05:30,930.153164987338,933.57953143496,919.7404396344341,930.3311157226562,1709158,0.0,0.0
2022-11-07 00:00:00+05:30,932.7784733282396,939.542230402482,924.3682918260407,931.9330444335938,2213508,0.0,0.0
2022-11-09 00:00:00+05:30,944.1701432662492,944.6595620745827,933.7574186219991,937.539794921875,2307691,0.0,0.0
2022-11-10 00:00:00+05:30,934.4693951403847,945.5050554393704,931.8440245810744,936.6497802734375,2321667,0.0,0.0
2022-11-11 00:00:00+05:30,953.1587795990981,977.8109286690692,951.4678132576263,970.646728515625,3923101,0.0,0.0
2022-11-14 00:00:00+05:30,974.5180585755339,981.5932832164343,970.1127464238816,978.0779418945312,2170007,0.0,0.0
2022-11-15 00:00:00+05:30,973.1833055885731,984.3969186576705,969.0894606444951,982.4390258789062,2172420,0.0,0.0
2022-11-16 00:00:00+05:30,985.6428017832958,990.0481144169187,978.3895169994775,983.5958251953125,2213697,0.0,0.0
2022-11-17 00:00:00+05:30,974.6071292089923,979.5019692511368,969.2673037084711,972.3377685546875,2460883,0.0,0.0
2022-11-18 00:00:00+05:30,977.2325327095144,984.3077574926649,964.7283988445288,981.7713623046875,2623894,0.0,0.0
2022-11-21 00:00:00+05:30,977.9889351471354,984.6191741603387,972.3820756440808,974.9630126953125,1733741,0.0,0.0
2022-11-22 00:00:00+05:30,971.0472111405056,984.2188236974359,968.2883231241149,981.993896484375,2529146,0.0,0.0
2022-11-23 00:00:00+05:30,986.9331697139557,989.2026389268876,978.7454810255012,981.993896484375,2217599,0.0,0.0
2022-11-24 00:00:00+05:30,984.3076853832144,1010.1168380740944,982.0827584271042,1005.3109741210938,3295202,0.0,0.0
2022-11-25 00:00:00+05:30,1010.2948593891003,1012.386377785239,997.3458487828796,1004.0650634765625,1977441,0.0,0.0
2022-11-28 00:00:00+05:30,1001.2173616316484,1008.1146367895553,994.0975937267123,995.6995849609375,2368293,0.0,0.0
2022-11-29 00:00:00+05:30,995.6996687080144,1013.4545479586754,995.0321904107859,1004.7327880859375,1785948,0.0,0.0
2022-11-30 00:00:00+05:30,1002.9970845476287,1005.5780215772841,994.0973766102052,997.4793090820312,6053488,0.0,0.0
2022-12-01 00:00:00+05:30,1005.6668976879148,1024.0448144929323,1004.2429662862456,1011.3627319335938,3919684,0.0,0.0
2022-12-02 00:00:00+05:30,1011.3628988095459,1014.9227822206045,1000.1937211517416,1010.6064453125,2944923,0.0,0.0
2022-12-05 00:00:00+05:30,1008.559474736027,1016.3021777443089,1003.1751075900124,1006.4235229492188,2646466,0.0,0.0
2022-12-06 00:00:00+05:30,998.1914789677296,1001.2174021776748,985.197923742832,997.6129760742188,2807894,0.0,0.0
2022-12-07 00:00:00+05:30,991.4275533849261,993.7414559289356,980.7479028996306,984.2188110351562,2399879,0.0,0.0
2022-12-08 00:00:00+05:30,991.20509453342,991.20509453342,977.9000729715001,980.16943359375,1752350,0.0,0.0
2022-12-09 00:00:00+05:30,956.718684658227,956.718684658227,908.3932773110206,914.445068359375,12415478,0.0,0.0
2022-12-12 00:00:00+05:30,912.220170967279,924.8132809089252,901.0510470549481,915.24609375,4275785,0.0,0.0
2022-12-13 00:00:00+05:30,918.5390120704928,931.7106258198908,917.6490411046966,929.7526245117188,2284909,0.0,0.0
2022-12-14 00:00:00+05:30,930.0196127890675,940.9662985770287,930.0196127890675,939.9872436523438,2425507,0.0,0.0
2022-12-15 00:00:00+05:30,935.8489917343842,936.0714844708872,922.9888463810939,927.6611938476562,1906369,0.0,0.0
2022-12-16 00:00:00+05:30,916.6700496378555,931.3100278487904,909.8617503569143,916.3585815429688,5159215,0.0,0.0
2022-12-19 00:00:00+05:30,916.3585654298632,923.3448153167436,910.7517052643774,919.5624389648438,3328172,0.0,0.0
2022-12-20 00:00:00+05:30,914.0001371023824,919.6514307305652,900.2055878082374,916.4030151367188,2629849,0.0,0.0
2022-12-21 00:00:00+05:30,921.1199028881858,937.3618721903206,921.1199028881858,925.8812255859375,2878658,0.0,0.0
2022-12-22 00:00:00+05:30,930.909497272596,938.6077667550918,919.8738371450024,924.7686767578125,2623451,0.0,0.0
2022-12-23 00:00:00+05:30,916.2249722688603,929.2185246985364,914.0890205425669,917.2039184570312,2177675,0.0,0.0
2022-12-26 00:00:00+05:30,917.5601081843315,927.1272965092409,915.7801661703949,918.1830444335938,1680715,0.0,0.0
2022-12-27 00:00:00+05:30,924.6799171686331,926.237366499764,916.9816458898053,922.3214721679688,554319,0.0,0.0
2022-12-28 00:00:00+05:30,916.6700874728232,924.0568898857416,913.555189117333,921.5203857421875,1397806,0.0,0.0
2022-12-29 00:00:00+05:30,916.6699937144509,930.9095275973939,914.9790273380471,929.530029296875,1277244,0.0,0.0
2022-12-30 00:00:00+05:30,934.4694222866813,939.1417693981147,920.4969229519087,924.94677734375,1860560,0.0,0.0
2023-01-02 00:00:00+05:30,924.7686710963243,927.7945936571583,918.0049144914714,925.0801391601562,701880,0.0,0.0
2023-01-03 00:00:00+05:30,924.6797693025188,930.7316149056338,919.7849293302726,926.7711791992188,2484372,0.0,0.0
2023-01-04 00:00:00+05:30,922.1878131505117,927.3496878822425,918.004993330646,922.5438232421875,1219170,0.0,0.0
2023-01-05 00:00:00+05:30,927.1718208711917,934.2915887914496,919.4290080744893,929.2186889648438,2294943,0.0,0.0
2023-01-06 00:00:00+05:30,929.1296796079945,932.6005880699689,912.4427241552647,919.1620483398438,1887689,0.0,0.0
2023-01-09 00:00:00+05:30,929.9751042335191,953.1588910235517,925.6143334733954,949.9994506835938,4562242,0.0,0.0
2023-01-10 00:00:00+05:30,944.259136857249,954.5827777001732,940.0763170298919,946.7955322265625,2297082,0.0,0.0
2023-01-11 00:00:00+05:30,951.3789379767576,960.8126082438565,934.9590175355776,938.7413940429688,3594167,0.0,0.0
2023-01-12 00:00:00+05:30,944.2592140501429,956.2738223344754,944.2592140501429,953.7374267578125,4748542,0.0,0.0
2023-01-13 00:00:00+05:30,929.040657684884,964.7284695636298,926.4597203097219,959.210693359375,8253765,0.0,0.0
2023-01-16 00:00:00+05:30,967.398565336137,979.3686329235455,959.8783531550586,973.361328125,4508538,0.0,0.0
2023-01-17 00:00:00+05:30,977.0991669390102,991.3831360762367,974.5182293526434,988.8023071289062,4390338,0.0,0.0
2023-01-18 00:00:00+05:30,995.8328739695154,1001.9736947770228,991.5165369239058,992.4510498046875,6905092,0.0,0.0
2023-01-19 00:00:00+05:30,989.9366216160053,999.8148844898153,986.703757508988,998.0637817382812,2298287,10.0,0.0
2023-01-20 00:00:00+05:30,997.7493878999791,1007.0439123154551,994.1572926961587,994.830810546875,4747128,0.0,0.0
2023-01-23 00:00:00+05:30,997.7046401854354,1008.3911474547695,995.1452937709395,1006.8644409179688,1696834,0.0,0.0
2023-01-24 00:00:00+05:30,1011.0848840091422,1027.0696397521401,1006.8641069366977,1021.8162231445312,4861107,0.0,0.0
2023-01-25 00:00:00+05:30,1019.1222916861018,1019.1222916861018,1002.868082763835,1008.2562255859375,2692236,0.0,0.0
2023-01-27 00:00:00+05:30,1008.2562192287007,1018.6284379446679,992.3162968138181,1001.8353271484375,3864525,0.0,0.0
2023-01-30 00:00:00+05:30,1001.8354736374887,1023.7023343922913,993.0349049032798,1019.0326538085938,3508427,0.0,0.0
2023-01-31 00:00:00+05:30,1020.155349327569,1021.6819464064281,999.5007955999862,1007.7625732421875,4582858,0.0,0.0
2023-02-01 00:00:00+05:30,1021.0530484529979,1021.0530484529979,1000.8025681550903,1016.6527099609375,2393911,0.0,0.0
2023-02-02 00:00:00+05:30,1021.7715487339151,1037.666526537817,1019.2570381829703,1032.3681640625,3048359,0.0,0.0
2023-02-03 00:00:00+05:30,1036.3196074749653,1038.699392796092,1022.4900171319097,1029.2701416015625,1814055,0.0,0.0
2023-02-06 00:00:00+05:30,1019.4364736833049,1032.5925429842496,1012.9707468078138,1028.86572265625,2070175,0.0,0.0
2023-02-07 00:00:00+05:30,1030.7968047451554,1035.4216501720723,1011.0852222095274,1013.195556640625,1931191,0.0,0.0
2023-02-08 00:00:00+05:30,1018.2693827983725,1031.8295225718136,1017.1916882809334,1028.2374267578125,2848255,0.0,0.0
2023-02-09 00:00:00+05:30,1027.3390072665036,1034.523196128507,1021.9508656200009,1029.4493408203125,1501083,0.0,0.0
2023-02-10 00:00:00+05:30,1010.9952122870252,1014.7668683026958,987.8261549849251,1001.8802490234375,3185163,0.0,0.0
2023-02-13 00:00:00+05:30,1006.9091231353842,1006.9091231353842,992.3162372928424,999.5004272460938,2009185,0.0,0.0
2023-02-14 00:00:00+05:30,1006.6848066734593,1025.902540339898,1003.9907349339229,1010.6809692382812,3938046,0.0,0.0
2023-02-15 00:00:00+05:30,1010.2768662701384,1018.8978736045657,1005.4275153876306,1017.3712768554688,1648954,0.0,0.0
2023-02-16 00:00:00+05:30,1022.4900806583612,1034.6583494237495,1009.3789524881774,1013.1057739257812,2369355,0.0,0.0
2023-02-17 00:00:00+05:30,1007.3133068449629,1007.3133068449629,994.606357088457,996.4024047851562,1958807,0.0,0.0
2023-02-20 00:00:00+05:30,996.4023511906308,1018.9875620641685,994.6511390073122,1001.9251098632812,1706036,0.0,0.0
2023-02-21 00:00:00+05:30,1006.6847312586386,1007.6277001456587,990.6100824925427,992.4959106445312,1313278,0.0,0.0
2023-02-22 00:00:00+05:30,983.3361875248518,992.8103836827052,978.8910129917141,981.180908203125,2212194,0.0,0.0
2023-02-23 00:00:00+05:30,992.1367953963817,998.5575782396206,981.0910581695421,982.7523803710938,2139983,0.0,0.0
2023-02-24 00:00:00+05:30,985.1321281131219,991.8673067465297,971.6617708463062,983.2013549804688,1684570,0.0,0.0
2023-02-27 00:00:00+05:30,978.8459909425052,978.8459909425052,966.2736571138859,973.4129028320312,1834553,0.0,0.0
2023-02-28 00:00:00+05:30,973.0088730653367,985.0424149704359,959.1792834019259,967.7105102539062,20793703,0.0,0.0
2023-03-01 00:00:00+05:30,967.4859597311188,991.4183169329409,967.4859597311188,988.8140258789062,1655100,0.0,0.0
2023-03-02 00:00:00+05:30,979.11544803132,1003.092640990417,979.11544803132,993.16943359375,4074162,0.0,0.0
2023-03-03 00:00:00+05:30,1001.2966373501556,1014.4975446843349,997.7494868334778,1004.8887329101562,3253621,0.0,0.0
2023-03-06 00:00:00+05:30,1013.8689655800058,1030.9314193851608,1008.7502732872817,1011.803466796875,4091674,0.0,0.0
2023-03-08 00:00:00+05:30,998.6026154733499,1009.3789026906883,994.3819468287174,1006.3705444335938,3209393,0.0,0.0
2023-03-09 00:00:00+05:30,1007.5379034339426,1011.8035170972905,1000.4436020914976,1002.7784423828125,1834324,0.0,0.0
2023-03-10 00:00:00+05:30,992.3164579490045,1004.1254947349823,992.3164579490045,1002.4641723632812,1193681,0.0,0.0
2023-03-13 00:00:00+05:30,1006.6397183701865,1017.9997411796218,983.3360449884558,986.5689086914062,3028387,0.0,0.0
2023-03-14 00:00:00+05:30,986.5243391195664,990.8797337279113,957.293613179742,973.5029907226562,3683544,0.0,0.0
2023-03-15 00:00:00+05:30,983.3809796752123,985.9403255121892,965.8245710070663,969.5513916015625,1528510,0.0,0.0
2023-03-16 00:00:00+05:30,973.4128191933953,976.6457924548943,960.5711450879327,963.0407104492188,1812907,0.0,0.0
2023-03-17 00:00:00+05:30,977.2296266774997,1003.1825409729942,973.5029149516228,995.4146118164062,5350523,0.0,0.0
2023-03-20 00:00:00+05:30,992.3164354416056,995.2799582379026,975.47848687642,979.609375,2066169,0.0,0.0
2023-03-21 00:00:00+05:30,986.9281797716467,989.9814826889805,967.2614361575198,973.3680419921875,2421127,0.0,0.0
2023-03-22 00:00:00+05:30,980.5970970847449,992.9898700373553,969.0126771418871,971.1678466796875,1382329,0.0,0.0
2023-03-23 00:00:00+05:30,967.1718407879747,970.2251442896209,952.8034568951172,957.2037963867188,2178855,0.0,0.0
2023-03-24 00:00:00+05:30,963.5796510675102,978.8460574683935,940.2759745573386,944.4966430664062,2688253,0.0,0.0
2023-03-27 00:00:00+05:30,945.8885203939051,956.8443669978063,938.255318029305,944.2720336914062,1459887,0.0,0.0
2023-03-28 00:00:00+05:30,949.0317194951806,955.3178869152454,933.36113636764,934.9326782226562,2965015,0.0,0.0
2023-03-29 00:00:00+05:30,939.3329294816672,960.8855014774225,935.830614607947,958.6404418945312,2478745,0.0,0.0
2023-03-31 00:00:00+05:30,972.9191220336536,985.0424447690004,960.3467873451458,974.5804443359375,3131614,0.0,0.0
2023-04-03 00:00:00+05:30,978.8010556176667,987.1527213069743,977.049952951547,986.1649169921875,1540702,0.0,0.0
2023-04-05 00:00:00+05:30,974.6701988034847,999.5005810753656,957.4281841108452,997.8840942382812,3342291,0.0,0.0
2023-04-06 00:00:00+05:30,995.953276305645,995.953276305645,974.7598282671985,980.5072021484375,2378264,0.0,0.0
2023-04-10 00:00:00+05:30,980.5073389012098,992.3163746964426,980.1930524716445,990.610107421875,711625,0.0,0.0
2023-04-11 00:00:00+05:30,991.4181978423987,996.7165597733915,974.3557469737343,976.1517944335938,2318905,0.0,0.0
2023-04-12 00:00:00+05:30,980.6420253790259,985.5362114187734,969.9555198447163,982.8870849609375,2715967,0.0,0.0
2023-04-13 00:00:00+05:30,977.9480684964971,977.9480684964971,954.5994461081509,962.5469360351562,3071057,0.0,0.0
2023-04-17 00:00:00+05:30,947.4152210395725,947.4152210395725,912.6167946743749,935.9204711914062,9509446,0.0,0.0
2023-04-18 00:00:00+05:30,942.5209351330891,957.6526144312415,938.6144438557394,955.3626098632812,3686404,0.0,0.0
2023-04-19 00:00:00+05:30,964.43274806459,964.43274806459,930.7568509588094,932.7774047851562,4322881,0.0,0.0
2023-04-20 00:00:00+05:30,933.944766566265,940.4104941782894,926.6258505577064,931.69970703125,3057560,0.0,0.0
2023-04-21 00:00:00+05:30,946.517181197994,964.4776590195878,931.924292967949,941.9821166992188,7708194,0.0,0.0
2023-04-24 00:00:00+05:30,949.2111380280999,950.9174051391249,939.3328764213742,946.56201171875,2033625,0.0,0.0
2023-04-25 00:00:00+05:30,943.3291217739893,950.8277087176223,937.8961431833601,946.023193359375,1237595,0.0,0.0
2023-04-26 00:00:00+05:30,947.4150270718729,958.191311739989,941.1288610154719,956.8892211914062,1647101,0.0,0.0
2023-04-27 00:00:00+05:30,956.8892430846582,965.3755236061479,952.8031912056957,962.0079345703125,1654910,0.0,0.0
2023-04-28 00:00:00+05:30,968.127578746339,976.1652884093312,962.4647229579722,971.9180908203125,2629188,18.0,0.0
2023-05-02 00:00:00+05:30,971.9180779928288,981.6912147831034,971.8267631901223,975.0692749023438,1905168,0.0,0.0
2023-05-03 00:00:00+05:30,969.9999372904736,971.82667916861,963.6063407169959,967.214111328125,1649820,0.0,0.0
2023-05-04 00:00:00+05:30,964.5654781703421,975.4345037502536,957.486853000905,974.3842163085938,1403672,0.0,0.0
2023-05-05 00:00:00+05:30,974.3842496684459,977.2612791878158,960.9576287642808,964.1088256835938,1641673,0.0,0.0
2023-05-08 00:00:00+05:30,966.3465629221256,984.1572982500853,963.6064497947472,982.5588989257812,1389075,0.0,0.0
2023-05-09 00:00:00+05:30,978.220375492354,988.8154571668433,973.6992334811306,985.52734375,2981949,0.0,0.0
2023-05-10 00:00:00+05:30,990.2312599412202,994.4784576819417,979.2250940373118,984.8880615234375,2091411,0.0,0.0
2023-05-11 00:00:00+05:30,988.4042941571232,997.9489750045003,986.4862376585434,993.8388061523438,2653108,0.0,0.0
2023-05-12 00:00:00+05:30,991.9209366575978,1007.8136148478943,984.1115697680381,1000.5979614257812,1585037,0.0,0.0
2023-05-15 00:00:00+05:30,1003.7489949451519,1010.1425918119825,998.1318526085357,1004.479736328125,1523466,0.0,0.0
2023-05-16 00:00:00+05:30,1004.8908315324942,1009.5491133013918,993.8390636105594,996.2138061523438,1166324,0.0,0.0
2023-05-17 00:00:00+05:30,996.0311140405107,999.1821995142458,970.6393546598065,981.462890625,3602382,0.0,0.0
2023-05-18 00:00:00+05:30,988.2218311891851,991.0076576822512,980.0472043253968,986.3494873046875,1515743,0.0,0.0
2023-05-19 00:00:00+05:30,994.2955617165645,1008.3614961907844,988.6783082566244,1000.4608154296875,1984436,0.0,0.0
2023-05-22 00:00:00+05:30,1000.4610306809542,1024.7110784348756,994.615433233206,1022.838623046875,1864932,0.0,0.0
2023-05-23 00:00:00+05:30,1022.9755525353222,1033.3422914159355,1008.3616160705319,1011.42138671875,2138096,0.0,0.0
2023-05-24 00:00:00+05:30,1003.8405874309997,1018.4088123912214,1002.8815031440009,1015.6229858398438,1302744,0.0,0.0
2023-05-25 00:00:00+05:30,1013.1108721848644,1021.3769227304766,1007.4937308202748,1019.3218383789062,1124803,0.0,0.0
2023-05-26 00:00:00+05:30,1018.4085537731966,1041.5624837953135,1017.4951828729515,1040.5120849609375,1635167,0.0,0.0
2023-05-29 00:00:00+05:30,1046.72309483266,1048.5041235633735,1026.994304873129,1028.6383056640625,1288914,0.0,0.0
2023-05-30 00:00:00+05:30,1031.195702407005,1044.8962653264957,1030.3280446869571,1037.4522705078125,1983735,0.0,0.0
2023-05-31 00:00:00+05:30,1036.4934685250205,1053.4364338923072,1034.0272998964972,1045.901123046875,5967930,0.0,0.0
2023-06-01 00:00:00+05:30,1048.5498117739749,1055.0804361237524,1039.0964450906124,1042.978271484375,1445692,0.0,0.0
2023-06-02 00:00:00+05:30,1048.5498290124635,1051.3812566000747,1033.570523441762,1038.5484619140625,1336554,0.0,0.0
2023-06-05 00:00:00+05:30,1044.896477987988,1049.0066477003531,1037.5895096104496,1039.6903076171875,1435758,0.0,0.0
2023-06-06 00:00:00+05:30,1032.1091859804958,1034.20998378909,1017.2669078635196,1030.8304443359375,1943605,0.0,0.0
2023-06-07 00:00:00+05:30,1035.5802120033457,1035.5802120033457,1019.5047912261307,1031.24169921875,2459039,0.0,0.0
2023-06-08 00:00:00+05:30,1031.2416672325198,1033.251039019598,1021.4229280771955,1029.140869140625,1385218,0.0,0.0
2023-06-09 00:00:00+05:30,1031.287170855902,1033.022598050043,1010.142609967187,1013.6134643554688,1824218,0.0,0.0
2023-06-12 00:00:00+05:30,1016.5362659018003,1042.1106553119264,1015.2119224769717,1040.92333984375,1670970,0.0,0.0
2023-06-13 00:00:00+05:30,1045.764179041986,1045.764179041986,1031.4700107599156,1033.2967529296875,2014656,0.0,0.0
2023-06-14 00:00:00+05:30,1039.4160401586994,1039.7814108023124,1028.5013029643583,1037.4522705078125,836964,0.0,0.0
2023-06-15 00:00:00+05:30,1041.2428927078145,1047.6364894174237,1038.0918074991268,1044.531005859375,2109652,0.0,0.0
2023-06-16 00:00:00+05:30,1050.3766563534507,1054.2584831269307,1034.346950608298,1048.7325439453125,2909817,0.0,0.0
2023-06-19 00:00:00+05:30,1048.7325611958931,1053.9388429103126,1037.0870806838964,1039.0052490234375,1278608,0.0,0.0
2023-06-20 00:00:00+05:30,1034.8493132298145,1069.3290674879129,1034.392627742952,1067.4110107421875,3504867,0.0,0.0
2023-06-21 00:00:00+05:30,1073.2109364032888,1073.8502515118882,1061.017455722825,1069.0550537109375,2019683,0.0,0.0
2023-06-22 00:00:00+05:30,1068.7810989825239,1069.0550433854987,1058.4599620743506,1062.6158447265625,972005,0.0,0.0
2023-06-23 00:00:00+05:30,1061.2457776750775,1069.1464590532705,1051.2900115653276,1064.2142333984375,1699790,0.0,0.0
2023-06-26 00:00:00+05:30,1066.1324970514922,1074.0787816238608,1062.2963827397634,1066.36083984375,1190307,0.0,0.0
2023-06-27 00:00:00+05:30,1065.9040517953727,1072.7086217523386,1059.6930838448116,1068.6441650390625,1504039,0.0,0.0
2023-06-28 00:00:00+05:30,1071.7951791902506,1072.251864700408,1065.4472951972568,1068.8724365234375,1424076,0.0,0.0
2023-06-30 00:00:00+05:30,1068.9636345276874,1090.5648790970033,1064.0771224020175,1085.0389404296875,3036648,0.0,0.0
2023-07-03 00:00:00+05:30,1086.9115972687903,1091.4784527194995,1072.7543453715919,1079.2392578125,1749952,0.0,0.0
2023-07-04 00:00:00+05:30,1079.6045044827981,1089.6515853197784,1076.4534191821197,1087.45947265625,1094468,0.0,0.0
2023-07-05 00:00:00+05:30,1090.5650349281686,1098.420003667917,1084.7194379024877,1091.2957763671875,1653610,0.0,0.0
2023-07-06 00:00:00+05:30,1091.2958050419988,1094.2185478838924,1073.1653000062931,1078.37158203125,2334220,0.0,0.0
2023-07-07 00:00:00+05:30,1076.0880557754251,1080.4721696366862,1053.847494434791,1057.3182373046875,2159585,0.0,0.0
2023-07-10 00:00:00+05:30,1059.510363981214,1061.2457911868316,1022.9755238439305,1027.085693359375,3960400,0.0,0.0
2023-07-11 00:00:00+05:30,1033.7077243139115,1033.7077243139115,1015.6686454049654,1018.3174438476562,4982603,0.0,0.0
2023-07-12 00:00:00+05:30,1022.7014939790122,1027.0857195052863,1006.9458437687265,1014.34423828125,3824027,0.0,0.0
2023-07-13 00:00:00+05:30,1004.708079341296,1026.9943535821446,992.8799697326978,1012.7457885742188,12294227,0.0,0.0
2023-07-14 00:00:00+05:30,1017.6779980597555,1056.8616391257056,1015.2576539290588,1051.244384765625,6605038,0.0,0.0
2023-07-17 00:00:00+05:30,1052.157645466475,1070.4707780335862,1044.57673330431,1053.8017578125,3159479,0.0,0.0
2023-07-18 00:00:00+05:30,1058.5512373754568,1068.644031156796,1047.088498639396,1066.0865478515625,2431478,0.0,0.0
2023-07-19 00:00:00+05:30,1064.0770485476553,1073.1194423322606,1056.7700816906756,1067.7762451171875,2242397,0.0,0.0
2023-07-20 00:00:00+05:30,1068.6514367816699,1071.2309852327344,1057.5964219184114,1064.7822265625,1990001,10.0,0.0
2023-07-21 00:00:00+05:30,1022.5890879674529,1050.134528233922,1008.7703165084332,1027.60986328125,5259150,0.0,0.0
2023-07-24 00:00:00+05:30,1031.8016048697377,1038.895195920237,1023.510341973463,1025.2607421875,2672505,0.0,0.0
2023-07-25 00:00:00+05:30,1030.419742410841,1030.8803681338677,1018.0749505422338,1024.01708984375,2506726,0.0,0.0
2023-07-26 00:00:00+05:30,1022.7731392457614,1032.5844879956123,1022.6810366080615,1027.1951904296875,1969964,0.0,0.0
2023-07-27 00:00:00+05:30,1027.1951893796913,1034.288779336829,1021.6215740866311,1029.360107421875,1769815,0.0,0.0
2023-07-28 00:00:00+05:30,1026.320296682544,1030.419820946957,1011.027431546509,1016.6471557617188,2031899,0.0,0.0
2023-07-31 00:00:00+05:30,1020.746510660356,1031.3409013395926,1009.6914942994135,1028.7613525390625,2526624,0.0,0.0
2023-08-01 00:00:00+05:30,1031.8015755379886,1052.0691064860562,1024.3394616349622,1048.8447265625,2710536,0.0,0.0
2023-08-02 00:00:00+05:30,1047.4627502055464,1047.4627502055464,1033.1833547541953,1041.8431396484375,2701150,0.0,0.0
2023-08-03 00:00:00+05:30,1037.3291560087878,1046.1271525369596,1027.2414973875989,1036.8685302734375,1608187,0.0,0.0
2023-08-04 00:00:00+05:30,1041.4285919385052,1061.6040199309723,1037.3290682237962,1054.2340087890625,3315303,0.0,0.0
2023-08-07 00:00:00+05:30,1063.6307177146855,1064.7361742754117,1053.1284305580555,1060.176025390625,1655404,0.0,0.0
2023-08-08 00:00:00+05:30,1063.95333924575,1065.7958421754481,1047.4629155334596,1051.4703369140625,1667697,0.0,0.0
2023-08-09 00:00:00+05:30,1051.1017327529294,1055.754097274508,1036.40781800508,1054.0498046875,1559337,0.0,0.0
2023-08-10 00:00:00+05:30,1050.2264289586972,1054.6484799583366,1039.7702497232694,1044.975341796875,1676669,0.0,0.0
2023-08-11 00:00:00+05:30,1068.6516671984568,1093.4793484490958,1063.400578989169,1079.199951171875,7391806,0.0,0.0
2023-08-14 00:00:00+05:30,1078.4627408211707,1084.31266345538,1063.1238858347567,1078.78515625,1720940,0.0,0.0
2023-08-16 00:00:00+05:30,1083.1613973475437,1092.8345376172858,1077.9563041394777,1084.451171875,2567226,0.0,0.0
2023-08-17 00:00:00+05:30,1084.174709227684,1087.9518175515477,1072.2905434391068,1084.0364990234375,2331256,0.0,0.0
2023-08-18 00:00:00+05:30,1080.627874091909,1085.0959208155487,1067.407939214925,1081.272705078125,3406088,0.0,0.0
2023-08-21 00:00:00+05:30,1080.5818132309937,1095.2758409241537,1076.8968075335165,1086.3857421875,1661946,0.0,0.0
2023-08-22 00:00:00+05:30,1088.9193398288471,1093.525597611541,1083.5300407145883,1086.6162109375,1805887,0.0,0.0
2023-08-23 00:00:00+05:30,1099.006915863674,1100.8955263940275,1085.833087080881,1089.3798828125,2347850,0.0,0.0
2023-08-24 00:00:00+05:30,1095.321728629618,1095.3678361792956,1076.9428094983991,1079.015625,2464221,0.0,0.0
2023-08-25 00:00:00+05:30,1073.2578758336633,1078.6011789109207,1059.4391049001827,1063.0780029296875,2105159,0.0,0.0
2023-08-28 00:00:00+05:30,1064.0454462112257,1068.3752831305753,1049.5818431374835,1056.168701171875,2571967,0.0,0.0
2023-08-29 00:00:00+05:30,1063.031941374922,1071.6917264433266,1057.8729563737786,1066.39453125,1794652,0.0,0.0
2023-08-30 00:00:00+05:30,1074.1793191511372,1082.6087934181303,1070.1718973559173,1078.324951171875,1497356,0.0,0.0
2023-08-31 00:00:00+05:30,1086.6160239164703,1094.5387634476024,1074.0870273954424,1079.8448486328125,4483967,0.0,0.0
2023-09-01 00:00:00+05:30,1080.6278593306988,1094.4466299103753,1078.8774592324512,1092.419921875,1669640,0.0,0.0
2023-09-04 00:00:00+05:30,1092.6041914934078,1137.7455113780427,1091.6829400671907,1135.4423828125,4517935,0.0,0.0
2023-09-05 00:00:00+05:30,1139.3578983258224,1143.9180486908945,1128.7173975306955,1138.25244140625,2842400,0.0,0.0
2023-09-06 00:00:00+05:30,1142.2135701963612,1144.5628063406546,1126.414085580746,1138.528564453125,1767709,0.0,0.0
2023-09-07 00:00:00+05:30,1140.5091245124975,1158.0128994444342,1133.4155343914765,1155.2491455078125,2582004,0.0,0.0
2023-09-08 00:00:00+05:30,1159.8555434457323,1169.574790957189,1155.525706733561,1162.6654052734375,2280777,0.0,0.0
2023-09-11 00:00:00+05:30,1176.0235038042638,1183.1632020580455,1170.3577852791288,1180.6297607421875,2691836,0.0,0.0
2023-09-12 00:00:00+05:30,1183.8080729939334,1190.0265200699714,1165.843670329823,1181.412841796875,2140769,0.0,0.0
2023-09-13 00:00:00+05:30,1181.0443751072094,1181.412898183757,1166.3964543597087,1174.825927734375,2275523,0.0,0.0
2023-09-14 00:00:00+05:30,1179.9848691197517,1189.0591731945035,1175.1482991225162,1182.518310546875,2655172,0.0,0.0
2023-09-15 00:00:00+05:30,1192.0993811055625,1206.839404364982,1189.3817343000883,1201.8646240234375,4286280,0.0,0.0
2023-09-18 00:00:00+05:30,1199.469521708872,1208.0372061326357,1188.138082626793,1202.2332763671875,2761885,0.0,0.0
2023-09-20 00:00:00+05:30,1180.5835953226704,1201.3117505273212,1180.5835953226704,1191.5465087890625,2220756,0.0,0.0
2023-09-21 00:00:00+05:30,1182.886883802817,1183.808135269953,1160.1320175475357,1177.359375,3112700,0.0,0.0
2023-09-22 00:00:00+05:30,1172.2461409833018,1182.5181152006114,1165.4749665972272,1173.397705078125,1321467,0.0,0.0
2023-09-25 00:00:00+05:30,1169.98919729141,1179.2017106559092,1157.6444068914932,1163.9549560546875,1246703,0.0,0.0
2023-09-26 00:00:00+05:30,1164.4617849119945,1169.0219344189795,1158.105127676919,1162.112548828125,903152,0.0,0.0
2023-09-27 00:00:00+05:30,1159.3948080768325,1167.8242803052317,1154.6043461054978,1161.7900390625,1670373,0.0,0.0
2023-09-28 00:00:00+05:30,1161.7900313584355,1166.304185373089,1141.015881313022,1144.10205078125,1807072,0.0,0.0
2023-09-29 00:00:00+05:30,1137.837587243766,1151.2878352584175,1130.6057862096932,1137.561279296875,2338327,0.0,0.0
2023-10-03 00:00:00+05:30,1135.4422176354012,1157.7364539236464,1126.4139099888766,1141.1539306640625,2162636,0.0,0.0
2023-10-04 00:00:00+05:30,1136.8240223887315,1146.7735806956873,1128.53276128541,1141.93701171875,2253785,0.0,0.0
2023-10-05 00:00:00+05:30,1150.642912629686,1155.2030617359958,1131.112429391885,1138.159912109375,2995200,0.0,0.0
2023-10-06 00:00:00+05:30,1153.4067278034108,1157.0917333235495,1133.2313000891627,1140.2327880859375,2497711,0.0,0.0
2023-10-09 00:00:00+05:30,1138.6666826874186,1166.903059405743,1134.1986360761287,1151.1956787109375,3430211,0.0,0.0
2023-10-10 00:00:00+05:30,1156.6772373581603,1165.15270523397,1149.9059496191496,1162.43505859375,1532394,0.0,0.0
2023-10-11 00:00:00+05:30,1166.3042935802832,1174.0888230686733,1143.2730081620314,1147.5107421875,2186131,0.0,0.0
2023-10-12 00:00:00+05:30,1146.9579389842952,1150.2284262832509,1119.4586084808586,1127.38134765625,3921609,0.0,0.0
2023-10-13 00:00:00+05:30,1115.6354242227578,1166.7648759522071,1113.3784033185798,1156.9996337890625,5740821,0.0,0.0
2023-10-16 00:00:00+05:30,1163.5406602739029,1178.5571049104612,1161.053326173166,1170.5882568359375,2527113,0.0,0.0
2023-10-17 00:00:00+05:30,1178.1882394831107,1178.2803421161066,1170.9103321576008,1176.5760498046875,1687345,0.0,0.0
2023-10-18 00:00:00+05:30,1177.3594112853766,1180.5837915197262,1167.5941679242665,1169.482666015625,1743126,0.0,0.0
2023-10-19 00:00:00+05:30,1167.0413528223821,1174.3652566847788,1165.2909526194185,1167.5479736328125,2279726,0.0,0.0
2023-10-20 00:00:00+05:30,1164.4323201768768,1173.1283375611663,1158.340396411537,1170.5706787109375,1625449,12.0,0.0
2023-10-23 00:00:00+05:30,1160.711892845435,1172.3376129260182,1146.1100338371914,1150.15576171875,1646367,0.0,0.0
2023-10-25 00:00:00+05:30,1145.0870973351916,1165.269419351373,1139.5998472399203,1143.041015625,1420065,0.0,0.0
2023-10-26 00:00:00+05:30,1130.0201265376963,1151.5974201664294,1127.2765016845917,1145.6451416015625,4617424,0.0,0.0
2023-10-27 00:00:00+05:30,1150.4813288316677,1181.1732317026822,1147.1795787159049,1179.964111328125,2675348,0.0,0.0
2023-10-30 00:00:00+05:30,1181.1733304815675,1185.637653049119,1168.1525221140541,1176.29052734375,1158770,0.0,0.0
2023-10-31 00:00:00+05:30,1183.0334311936717,1190.334361659252,1168.8035025281313,1186.753662109375,2525870,0.0,0.0
2023-11-01 00:00:00+05:30,1190.4738785325926,1196.0076765393594,1167.5014983207584,1170.8961181640625,1572719,0.0,0.0
2023-11-02 00:00:00+05:30,1177.4532425369498,1185.823763218492,1176.523184683445,1184.335693359375,1368604,0.0,0.0
2023-11-03 00:00:00+05:30,1192.8918437136479,1197.2631825115461,1174.6627376334218,1177.6854248046875,2052536,0.0,0.0
2023-11-06 00:00:00+05:30,1186.9863335227953,1190.0090215415605,1176.6627140728879,1180.8944091796875,1175823,0.0,0.0
2023-11-07 00:00:00+05:30,1180.2433053684877,1188.3347625218669,1178.4761729061283,1184.8470458984375,1385282,0.0,0.0
2023-11-08 00:00:00+05:30,1190.4738608335872,1191.217952409582,1177.3600699168292,1178.9876708984375,937671,0.0,0.0
2023-11-09 00:00:00+05:30,1178.9876758938944,1186.5676689182749,1173.5468610102373,1178.84814453125,1483749,0.0,0.0
2023-11-10 00:00:00+05:30,1174.0118550756483,1182.103311480045,1163.1766603953286,1167.640869140625,1469902,0.0,0.0
2023-11-13 00:00:00+05:30,1171.8726766950833,1175.220861636297,1165.6413356526139,1172.802734375,730991,0.0,0.0
2023-11-15 00:00:00+05:30,1185.8235364256027,1193.263997830626,1179.6851784729447,1187.358154296875,2410620,0.0,0.0
2023-11-16 00:00:00+05:30,1194.008100945303,1225.7694800495872,1188.6137209614565,1219.3521728515625,3936945,0.0,0.0
2023-11-17 00:00:00+05:30,1221.5378283053572,1233.0240184046763,1215.0274242858718,1217.5850830078125,2882039,0.0,0.0
2023-11-20 00:00:00+05:30,1222.979436445803,1238.5579043123641,1222.0959269648563,1232.6986083984375,2831858,0.0,0.0
2023-11-21 00:00:00+05:30,1242.1849719569639,1242.5570177226477,1229.3502445340757,1233.814453125,1514256,0.0,0.0
2023-11-22 00:00:00+05:30,1233.814475780694,1242.3245261226073,1228.0481636702073,1236.6976318359375,1535630,0.0,0.0
2023-11-23 00:00:00+05:30,1240.6503708660828,1241.859491237758,1232.977395166617,1236.046630859375,1307344,0.0,0.0
2023-11-24 00:00:00+05:30,1235.9537229199318,1239.4414393589418,1214.3298809980697,1217.5850830078125,1795933,0.0,0.0
2023-11-28 00:00:00+05:30,1217.5849924454908,1227.5831121603396,1204.7037167286594,1224.5604248046875,2152951,0.0,0.0
2023-11-29 00:00:00+05:30,1231.3963621682037,1245.1612611764099,1229.0712179798197,1240.650390625,1835524,0.0,0.0
2023-11-30 00:00:00+05:30,1243.4872538986895,1252.6018655706102,1236.6977866805805,1247.114501953125,4104385,0.0,0.0
2023-12-01 00:00:00+05:30,1251.8575893180846,1254.647762251186,1235.1165517194772,1243.2080078125,1854324,0.0,0.0
2023-12-04 00:00:00+05:30,1255.5775993874724,1255.5775993874724,1237.906507247945,1244.370361328125,1547057,0.0,0.0
2023-12-05 00:00:00+05:30,1252.7874875965524,1252.7874875965524,1216.7943067511756,1225.3973388671875,3932040,0.0,0.0
2023-12-06 00:00:00+05:30,1232.3266630088267,1246.2309825860204,1227.2578930909417,1236.5584716796875,2077245,0.0,0.0
2023-12-07 00:00:00+05:30,1237.9069948311312,1243.4873419152684,1232.6521452870782,1235.1168212890625,1985003,0.0,0.0
2023-12-08 00:00:00+05:30,1239.7668794358544,1274.1324650770118,1236.046648739873,1268.691650390625,4509751,0.0,0.0
2023-12-11 00:00:00+05:30,1274.2720302847906,1286.26979730453,1270.5053647245088,1279.1083984375,2824656,0.0,0.0
2023-12-12 00:00:00+05:30,1280.6894511123194,1289.990028099337,1274.179047221407,1279.1083984375,2730422,0.0,0.0
2023-12-13 00:00:00+05:30,1282.874921754731,1286.08368857893,1262.1347054927833,1273.434814453125,1896931,0.0,0.0
2023-12-14 00:00:00+05:30,1293.710207782729,1319.9843367330252,1285.3396888251125,1315.6595458984375,5145574,0.0,0.0
2023-12-15 00:00:00+05:30,1322.5420720601994,1392.2964007553576,1322.5420720601994,1386.9951171875,7374290,0.0,0.0
2023-12-18 00:00:00+05:30,1385.6464138150868,1404.2941157386194,1377.4154260418497,1399.0858154296875,3075527,0.0,0.0
2023-12-19 00:00:00+05:30,1396.4816725986236,1399.4113771357374,1374.3462533542488,1384.2049560546875,2590417,0.0,0.0
2023-12-20 00:00:00+05:30,1381.135592192993,1397.9231779689828,1334.6327103009733,1339.2364501953125,4368383,0.0,0.0
2023-12-21 00:00:00+05:30,1321.7515483943446,1345.840065992515,1320.7749423776534,1322.588623046875,2841508,0.0,0.0
2023-12-22 00:00:00+05:30,1330.9126013420641,1364.7201768597445,1323.4721395595789,1360.3953857421875,2303438,0.0,0.0
2023-12-26 00:00:00+05:30,1360.3953908241972,1364.7201819579102,1341.2827726685014,1356.1636962890625,1363265,0.0,0.0
2023-12-27 00:00:00+05:30,1362.953080774412,1372.76523542433,1355.6057153945019,1369.091552734375,1402329,0.0,0.0
2023-12-28 00:00:00+05:30,1367.7429168299686,1378.9965930003955,1365.7432699428716,1369.4635009765625,1928616,0.0,0.0
2023-12-29 00:00:00+05:30,1370.8585476719052,1378.2060264558515,1355.6056917041433,1363.5576171875,1481617,0.0,0.0
2024-01-01 00:00:00+05:30,1357.8842736415334,1391.1338371913173,1353.28053333223,1379.97314453125,1222315,0.0,0.0
2024-01-02 00:00:00+05:30,1380.25219425909,1384.669968395419,1359.1398160565404,1366.766357421875,1440888,0.0,0.0
2024-01-03 00:00:00+05:30,1357.8842130716398,1362.53450147257,1335.0977999070815,1337.1904296875,1651716,0.0,0.0
2024-01-04 00:00:00+05:30,1336.4930285938294,1343.7475246839342,1318.0314043848084,1320.635498046875,3392241,0.0,0.0
2024-01-05 00:00:00+05:30,1325.3321747104878,1338.2134506845211,1322.449018650937,1332.586669921875,1776925,0.0,0.0
2024-01-08 00:00:00+05:30,1334.6329687467462,1351.0019636360353,1330.4942568698837,1346.6307373046875,2025264,0.0,0.0
2024-01-09 00:00:00+05:30,1358.4423137914735,1377.3689661142432,1350.769337428261,1358.25634765625,3119270,0.0,0.0
2024-01-10 00:00:00+05:30,1371.7421879741987,1402.527076563637,1363.5111996544344,1387.7391357421875,4368914,0.0,0.0
2024-01-11 00:00:00+05:30,1395.08641522222,1395.08641522222,1370.9049173583683,1380.9495849609375,2271368,0.0,0.0
2024-01-12 00:00:00+05:30,1399.7367284586865,1446.239609802829,1393.691353883948,1433.0328369140625,5862043,0.0,0.0
2024-01-15 00:00:00+05:30,1497.39285643464,1506.3213874062733,1465.3058666538975,1477.1175537109375,9712071,0.0,0.0
2024-01-16 00:00:00+05:30,1476.0015689541704,1476.0015689541704,1430.4287416833736,1446.658203125,4459799,0.0,0.0
2024-01-17 00:00:00+05:30,1413.6877294434223,1474.1414810314634,1410.4790757336468,1465.677978515625,3846289,0.0,0.0
2024-01-18 00:00:00+05:30,1466.700864315879,1473.3972337558416,1429.5451078712588,1457.911865234375,3205598,0.0,0.0
2024-01-19 00:00:00+05:30,1471.4548193854466,1490.1994667661531,1460.2549383387739,1469.533447265625,2374099,12.0,0.0
2024-01-23 00:00:00+05:30,1461.0518518372462,1469.486944826277,1421.8286923199064,1428.014404296875,3196630,0.0,0.0
2024-01-24 00:00:00+05:30,1434.0593391654625,1481.9518941549354,1428.0610286443746,1477.4532470703125,2136023,0.0,0.0
2024-01-25 00:00:00+05:30,1471.45492064032,1471.45492064032,1440.2919422254854,1452.944580078125,2641656,0.0,0.0
2024-01-29 00:00:00+05:30,1466.7687449306961,1488.8874072761153,1452.9445666637776,1475.7193603515625,2521598,0.0,0.0
2024-01-30 00:00:00+05:30,1480.8273021013504,1492.495800585617,1457.3964903592405,1461.4266357421875,1939386,0.0,0.0
2024-01-31 00:00:00+05:30,1461.4266326928578,1482.0457469828918,1449.2894035908134,1477.078369140625,7025931,0.0,0.0
2024-02-01 00:00:00+05:30,1477.0782326441579,1496.7601126476652,1468.033917284706,1478.390380859375,2845408,0.0,0.0
2024-02-02 00:00:00+05:30,1485.3259366472782,1512.5993763001584,1476.1410134668508,1484.341796875,2337374,0.0,0.0
2024-02-05 00:00:00+05:30,1485.466669699568,1488.7938909825407,1454.0693795844184,1457.724609375,1452864,0.0,0.0
2024-02-06 00:00:00+05:30,1467.7058855369514,1524.8770598777905,1460.2549339886166,1521.8310546875,4988311,0.0,0.0
2024-02-07 00:00:00+05:30,1525.814510101189,1527.59527473296,1498.5878602110777,1513.95849609375,3320199,0.0,0.0
2024-02-08 00:00:00+05:30,1523.9399076067182,1544.2778052598162,1515.7860313551498,1531.2503662109375,3496692,0.0,0.0
2024-02-09 00:00:00+05:30,1537.0612286759683,1543.387547757409,1513.3024087850981,1528.251220703125,3341297,0.0,0.0
2024-02-12 00:00:00+05:30,1536.1239789760343,1579.2366714915302,1536.1239789760343,1562.319580078125,4885445,0.0,0.0
2024-02-13 00:00:00+05:30,1569.864451821399,1569.864451821399,1545.1214907140236,1561.054443359375,3129897,0.0,0.0
2024-02-14 00:00:00+05:30,1546.1992997954858,1571.64518477106,1523.4245045337534,1566.5841064453125,1386643,0.0,0.0
2024-02-15 00:00:00+05:30,1572.6761190665518,1590.0149201408851,1546.5273096998237,1558.1959228515625,2555162,0.0,0.0
2024-02-16 00:00:00+05:30,1569.8643587913393,1571.7388236973588,1546.4804548520494,1562.7882080078125,1776881,0.0,0.0
2024-02-19 00:00:00+05:30,1565.1782842287998,1577.3153994120585,1555.4779506782563,1570.0987548828125,762624,0.0,0.0
2024-02-20 00:00:00+05:30,1556.7430564781712,1567.7555374616863,1541.7473376921082,1558.6644287109375,2240414,0.0,0.0
2024-02-21 00:00:00+05:30,1551.6353540536886,1560.3047549184682,1529.6103896945185,1533.5936279296875,2890991,0.0,0.0
2024-02-22 00:00:00+05:30,1540.8100303228616,1585.234867947397,1536.1238684301522,1580.5487060546875,3820901,0.0,0.0
2024-02-23 00:00:00+05:30,1590.4834602146416,1590.8114686889564,1559.0392659008369,1561.1949462890625,2191549,0.0,0.0
2024-02-26 00:00:00+05:30,1561.1950283503818,1564.1004262028644,1536.5926753597182,1546.2462158203125,1844253,0.0,0.0
2024-02-27 00:00:00+05:30,1545.4963504009527,1568.3648456596716,1544.5591179264827,1554.6812744140625,2049420,0.0,0.0
2024-02-28 00:00:00+05:30,1560.2107395428889,1567.0525818657713,1540.9974752317355,1548.2142333984375,936575,0.0,0.0
2024-02-29 00:00:00+05:30,1539.076406705321,1572.4418615596373,1533.9216278416177,1559.414306640625,3532888,0.0,0.0
2024-03-01 00:00:00+05:30,1570.2858978671088,1573.800519185927,1536.2175247650132,1540.9036865234375,2371138,0.0,0.0
2024-03-04 00:00:00+05:30,1545.4962343362533,1550.1823963566787,1532.3749806790627,1535.1397705078125,1788071,0.0,0.0
2024-03-05 00:00:00+05:30,1522.0655513856584,1527.6420388925167,1506.1795065726167,1517.7073974609375,3339546,0.0,0.0
2024-03-06 00:00:00+05:30,1511.7558319720881,1546.4334301016402,1503.1801327962382,1540.9974365234375,2366177,0.0,0.0
2024-03-07 00:00:00+05:30,1546.433316693537,1550.6977694816553,1527.7823707802515,1534.8585205078125,3181239,0.0,0.0
2024-03-11 00:00:00+05:30,1551.1197486170292,1555.6185102675615,1529.6103090445267,1535.7960205078125,2970902,0.0,0.0
2024-03-12 00:00:00+05:30,1533.2185934290164,1560.4920349418437,1530.5475038184254,1532.9373779296875,2414182,0.0,0.0
2024-03-13 00:00:00+05:30,1535.8896617556218,1547.6050672610043,1509.2722375657418,1529.0947265625,2564135,0.0,0.0
2024-03-14 00:00:00+05:30,1531.4378861470896,1577.362278081733,1508.9443064239988,1573.84765625,3513306,0.0,0.0
2024-03-15 00:00:00+05:30,1571.7388344534536,1571.7388344534536,1539.7323230824843,1543.903076171875,3931561,0.0,0.0
2024-03-18 00:00:00+05:30,1546.339936099868,1558.8988745746624,1531.672224484434,1540.2479248046875,1183544,0.0,0.0
2024-03-19 00:00:00+05:30,1538.5140719141307,1538.5140719141307,1494.0423206881617,1498.775390625,1915379,0.0,0.0
2024-03-20 00:00:00+05:30,1504.0238660886114,1517.4731296867037,1479.046596887431,1487.481689453125,1815178,0.0,0.0
2024-03-21 00:00:00+05:30,1507.069810478158,1518.2696927218276,1483.967007230656,1495.6356201171875,2684744,0.0,0.0
2024-03-22 00:00:00+05:30,1462.0826997093773,1472.8139660689385,1413.5340104557217,1460.067626953125,7468824,0.0,0.0
2024-03-26 00:00:00+05:30,1464.19140625,1492.5895954662562,1457.9119945501095,1464.19140625,4496344,0.0,0.0
2024-03-27 00:00:00+05:30,1470.517625984193,1477.874877394433,1443.337886561923,1449.148681640625,2589697,0.0,0.0
2024-03-28 00:00:00+05:30,1451.7729096047833,1463.0666051813403,1434.902727311119,1446.6650390625,5301493,0.0,0.0
2024-04-01 00:00:00+05:30,1451.7731018093257,1470.5177512839457,1450.8358693355947,1458.98974609375,1014857,0.0,0.0
2024-04-02 00:00:00+05:30,1461.145552249335,1466.768947575503,1429.3733457748313,1432.37255859375,2031775,0.0,0.0
2024-04-03 00:00:00+05:30,1429.6074240195312,1460.629793698558,1422.7187887343846,1439.4483642578125,3343884,0.0,0.0
2024-04-04 00:00:00+05:30,1444.0877278370776,1455.0533011549446,1423.3748002682703,1443.0098876953125,3388449,0.0,0.0
2024-04-05 00:00:00+05:30,1445.634126265426,1450.5545965582398,1428.1548328470826,1448.2584228515625,2773570,0.0,0.0
2024-04-08 00:00:00+05:30,1456.4591114996801,1456.4591114996801,1441.1353850421924,1443.384765625,1820136,0.0,0.0
2024-04-09 00:00:00+05:30,1443.337902352625,1463.7696145258526,1438.2300315134441,1443.8065185546875,2432095,0.0,0.0
2024-04-10 00:00:00+05:30,1444.322146413989,1454.7254039691966,1439.776477399203,1442.5413818359375,1829986,0.0,0.0
2024-04-12 00:00:00+05:30,1440.5264948338142,1446.1029829965034,1421.032011144321,1425.9993896484375,4319991,0.0,0.0
2024-04-15 00:00:00+05:30,1412.5030450447705,1434.4343079167872,1400.2253224617316,1410.581787109375,3295684,0.0,0.0
2024-04-16 00:00:00+05:30,1393.0554938195785,1407.3482893453252,1375.2012834635216,1384.5736083984375,2446933,0.0,0.0
2024-04-18 00:00:00+05:30,1384.3391358178792,1387.9474576075065,1360.9551192382883,1374.779296875,5180223,0.0,0.0
2024-04-19 00:00:00+05:30,1351.4892642217185,1364.1419029644321,1344.9286367254965,1356.64404296875,5219506,0.0,0.0
2024-04-22 00:00:00+05:30,1361.0488851867387,1380.824580929736,1359.4556358236016,1373.8890380859375,1939632,0.0,0.0
2024-04-23 00:00:00+05:30,1382.324067329317,1407.2075185027174,1378.7625385035033,1393.3365478515625,2783858,0.0,0.0
2024-04-24 00:00:00+05:30,1396.476494997201,1402.99021543539,1383.6364548669105,1386.4012451171875,1321471,0.0,0.0
2024-04-25 00:00:00+05:30,1387.057186209726,1419.9541383345015,1387.057186209726,1409.73828125,4558032,0.0,0.0
2024-04-26 00:00:00+05:30,1421.6410851177566,1435.3246566434557,1372.9986958154498,1381.340087890625,4328477,0.0,0.0
2024-04-29 00:00:00+05:30,1326.1837516269516,1345.8656306263622,1294.3178522945725,1300.316162109375,11493223,0.0,0.0
2024-04-30 00:00:00+05:30,1290.0067006441566,1310.1571972816848,1276.9322399948558,1280.82177734375,7606726,0.0,0.0
2024-05-02 00:00:00+05:30,1272.7617543030526,1291.412704217571,1272.7617543030526,1275.292236328125,6555505,0.0,0.0
2024-05-03 00:00:00+05:30,1284.0084862883364,1284.0084862883364,1249.846408456597,1263.436279296875,5964228,0.0,0.0
2024-05-06 00:00:00+05:30,1272.7616429003288,1279.3222699255882,1263.8579347946195,1273.511474609375,2504082,0.0,0.0
2024-05-07 00:00:00+05:30,1280.302610764649,1281.2050042484225,1259.5967209664107,1264.15576171875,5096525,18.0,0.0
2024-05-08 00:00:00+05:30,1264.1555987086138,1267.052579394487,1241.692577893714,1247.723876953125,6832455,0.0,0.0
2024-05-09 00:00:00+05:30,1249.0063677598635,1271.8019212398915,1248.5314603956963,1253.802978515625,5653762,0.0,0.0
2024-05-10 00:00:00+05:30,1253.8501739859848,1256.5097011242651,1238.1782337894965,1250.1458740234375,3357203,0.0,0.0
2024-05-13 00:00:00+05:30,1250.1459152558657,1255.5599279778958,1236.3261825569273,1247.0115966796875,2316566,0.0,0.0
2024-05-14 00:00:00+05:30,1255.6549630836769,1260.356499207721,1243.0223819034268,1254.752685546875,3200462,0.0,0.0
2024-05-15 00:00:00+05:30,1253.0429417735886,1273.0365859714823,1252.0931271502998,1266.0079345703125,2975965,0.0,0.0
2024-05-16 00:00:00+05:30,1277.5006145846019,1289.6582876289458,1261.8286739595862,1280.4925537109375,5055915,0.0,0.0
2024-05-17 00:00:00+05:30,1283.199593849751,1283.199593849751,1263.443402725913,1266.2928466796875,2487831,0.0,0.0
2024-05-21 00:00:00+05:30,1248.0564230642751,1282.1072543403227,1248.0564230642751,1274.5562744140625,4966721,0.0,0.0
2024-05-22 00:00:00+05:30,1281.252495625949,1285.0043332645962,1272.7517004224403,1275.648681640625,2390777,0.0,0.0
2024-05-23 00:00:00+05:30,1279.06783818488,1290.2755807573587,1270.8519188094242,1285.62158203125,3326149,0.0,0.0
2024-05-24 00:00:00+05:30,1291.7477307825006,1291.7477307825006,1273.5587597668427,1277.6904296875,1769966,0.0,0.0
2024-05-27 00:00:00+05:30,1283.1995352975591,1291.3679177368228,1270.8519453946217,1285.3841552734375,1942325,0.0,0.0
2024-05-28 00:00:00+05:30,1289.7057050170924,1294.8822640476121,1278.0704764053,1290.2281494140625,2147233,0.0,0.0
2024-05-29 00:00:00+05:30,1297.4467231324195,1298.0165886945967,1279.3527089101915,1285.194091796875,3845920,0.0,0.0
2024-05-30 00:00:00+05:30,1278.4505206216206,1283.7220383138879,1258.5993712210538,1265.0106201171875,4150461,0.0,0.0
2024-05-31 00:00:00+05:30,1265.010599560607,1273.6064683926672,1249.7186071123451,1257.6495361328125,10319045,0.0,0.0
2024-06-03 00:00:00+05:30,1282.7721647399508,1286.7613397144162,1244.1146406420787,1248.4837646484375,5384064,0.0,0.0
2024-06-04 00:00:00+05:30,1258.5043360219922,1258.5043360219922,1173.0210226318193,1238.130859375,5447244,0.0,0.0
2024-06-05 00:00:00+05:30,1253.7553088369025,1288.8034917954951,1250.0510085992325,1276.265869140625,3005139,0.0,0.0
2024-06-06 00:00:00+05:30,1286.0489114560041,1329.5504645874973,1283.10450951521,1327.3658447265625,5936709,0.0,0.0
2024-06-07 00:00:00+05:30,1336.3892091037592,1366.4508658875714,1327.8408772758032,1359.65966796875,5884025,0.0,0.0
2024-06-10 00:00:00+05:30,1367.7329983480176,1369.63262751239,1327.3658786051074,1347.5494384765625,3293739,0.0,0.0
2024-06-11 00:00:00+05:30,1353.4858728052675,1365.7859261137944,1344.3676753773084,1357.09521484375,2269082,0.0,0.0
2024-06-12 00:00:00+05:30,1398.1271122936578,1398.1271122936578,1362.5090642562855,1366.5457763671875,5990861,0.0,0.0
2024-06-13 00:00:00+05:30,1375.0939917511357,1384.544599987822,1364.9784437740814,1371.6746826171875,4232861,0.0,0.0
2024-06-14 00:00:00+05:30,1371.674971705286,1373.4321057748755,1352.916130703174,1359.232421875,3065114,0.0,0.0
2024-06-18 00:00:00+05:30,1359.2323408859834,1367.4956822042168,1355.4330821752233,1365.0736083984375,2223029,0.0,0.0
2024-06-19 00:00:00+05:30,1367.7805735473346,1379.035853470866,1358.5198811131106,1373.2894287109375,3117522,0.0,0.0
2024-06-20 00:00:00+05:30,1376.2338681846966,1376.2338681846966,1357.8075570320227,1371.0098876953125,3163919,0.0,0.0
2024-06-21 00:00:00+05:30,1388.628987098411,1407.5777425624763,1366.9731671873346,1375.1890869140625,6489262,0.0,0.0
2024-06-24 00:00:00+05:30,1365.6908395280889,1371.484685145164,1355.0054257467032,1368.540283203125,1988692,0.0,0.0
2024-06-25 00:00:00+05:30,1368.635355156492,1377.3261822760921,1354.86304291648,1375.2840576171875,2079037,0.0,0.0
2024-06-26 00:00:00+05:30,1375.284026570276,1380.3656275201408,1366.0233340662237,1371.247314453125,1917424,0.0,0.0
2024-06-27 00:00:00+05:30,1362.9839205990063,1387.2517294653853,1352.0610529426378,1381.88525390625,6613193,0.0,0.0
2024-06-28 00:00:00+05:30,1394.3278310532128,1394.992654894714,1369.6326514841505,1386.349365234375,4943575,0.0,0.0
2024-07-01 00:00:00+05:30,1391.4783688676778,1404.3958240519512,1381.9802230050998,1395.1351318359375,3723295,0.0,0.0
2024-07-02 00:00:00+05:30,1400.9765027021492,1417.5507207123844,1399.076873545943,1406.4854736328125,3811366,0.0,0.0
2024-07-03 00:00:00+05:30,1414.2739317982202,1414.2739317982202,1397.3671856314286,1406.6754150390625,2070876,0.0,0.0
2024-07-04 00:00:00+05:30,1410.4747631943349,1457.5381257445822,1410.4747631943349,1445.9503173828125,6822557,0.0,0.0
2024-07-05 00:00:00+05:30,1446.5676247747938,1452.5039659795493,1429.9934065087825,1443.1483154296875,3061687,0.0,0.0
2024-07-08 00:00:00+05:30,1451.316656865643,1462.7144316577815,1430.6106529489268,1456.4456787109375,2939620,0.0,0.0
2024-07-09 00:00:00+05:30,1456.4456060987,1468.6982365782167,1448.4671409531434,1454.260986328125,2658608,0.0,0.0
2024-07-10 00:00:00+05:30,1454.2613345609855,1455.6860566801315,1413.1818467922703,1434.1727294921875,3507096,0.0,0.0
2024-07-11 00:00:00+05:30,1438.9691824744853,1457.0156606705348,1432.3680170909668,1436.0247802734375,3304053,0.0,0.0
2024-07-12 00:00:00+05:30,1453.2164010491067,1487.409728132615,1434.6950155455397,1481.9007568359375,6430647,0.0,0.0
2024-07-15 00:00:00+05:30,1500.7070745642282,1554.2766414273792,1488.7394337407136,1490.8289794921875,10337489,0.0,0.0
2024-07-16 00:00:00+05:30,1486.4599132165695,1503.5565767551627,1476.96176680624,1490.7816162109375,3540650,0.0,0.0
2024-07-18 00:00:00+05:30,1479.8586239728265,1518.9909375302868,1478.8612723055537,1514.52685546875,4399468,0.0,0.0
2024-07-19 00:00:00+05:30,1529.6763513475235,1535.3277016109757,1508.8753892611373,1514.52685546875,5633838,0.0,0.0
2024-07-22 00:00:00+05:30,1508.8755050143159,1514.4794345460923,1492.0638323631558,1497.95263671875,2704495,0.0,0.0
2024-07-23 00:00:00+05:30,1506.4709522905052,1532.1212032940234,1484.5534036332444,1529.7762451171875,2907674,12.0,0.0
2024-07-24 00:00:00+05:30,1525.612662723809,1529.4410508360395,1509.1984253259945,1515.7545166015625,2484299,0.0,0.0
2024-07-25 00:00:00+05:30,1502.6425401205433,1525.6128719440421,1495.7992720648294,1519.4874267578125,2934731,0.0,0.0
2024-07-26 00:00:00+05:30,1534.0352801664674,1569.6392455892596,1525.6127789446828,1565.188720703125,2814159,0.0,0.0
2024-07-29 00:00:00+05:30,1569.8304488070892,1574.424561129046,1550.497136187875,1562.3172607421875,1639491,0.0,0.0
2024-07-30 00:00:00+05:30,1559.111001805465,1562.9393897779769,1548.5829348810573,1560.307373046875,1783877,0.0,0.0
2024-07-31 00:00:00+05:30,1551.454170459534,1574.4244974743574,1549.7313492001722,1572.12744140625,1984986,0.0,0.0
2024-08-01 00:00:00+05:30,1569.6871008776934,1584.4742039182445,1565.9064973404938,1570.1656494140625,1785188,0.0,0.0
2024-08-02 00:00:00+05:30,1550.54514106638,1568.682083646796,1532.4559832391517,1540.25634765625,1692851,0.0,0.0
2024-08-05 00:00:00+05:30,1507.427930349606,1527.2397935580868,1471.0582406014885,1495.3685302734375,3279717,0.0,0.0
2024-08-06 00:00:00+05:30,1495.9426704133184,1536.1407460098374,1495.9426704133184,1514.8453369140625,2138704,0.0,0.0
2024-08-07 00:00:00+05:30,1536.1408449216308,1545.7118159180272,1521.784388427036,1526.18701171875,1897787,0.0,0.0
2024-08-08 00:00:00+05:30,1528.4840461539175,1533.2695315833284,1487.855321591473,1491.013671875,2373805,0.0,0.0
2024-08-09 00:00:00+05:30,1516.903180058403,1533.2695167015104,1508.2414047819832,1521.7364501953125,2021762,0.0,0.0
2024-08-12 00:00:00+05:30,1521.7843703489689,1531.8338897758017,1506.3272290067837,1517.2381591796875,1273739,0.0,0.0
2024-08-13 00:00:00+05:30,1510.299183206179,1539.394957630771,1509.9642225968103,1524.3206787109375,1973825,0.0,0.0
2024-08-14 00:00:00+05:30,1531.4509974591538,1559.8289489349522,1529.6803912473001,1556.3834228515625,3932148,0.0,0.0
2024-08-16 00:00:00+05:30,1564.8536477016758,1602.1804319587798,1562.6522777942853,1596.6771240234375,3101056,0.0,0.0
2024-08-19 00:00:00+05:30,1593.5666163549347,1612.7085576925315,1587.8719355402548,1606.4874267578125,1631947,0.0,0.0
2024-08-20 00:00:00+05:30,1607.923139450867,1622.327497641705,1597.586443963997,1614.383544921875,2786109,0.0,0.0
2024-08-21 00:00:00+05:30,1613.6657374597091,1616.3934408734838,1601.941297789554,1605.2911376953125,1410370,0.0,0.0
2024-08-22 00:00:00+05:30,1614.6227611187835,1614.6227611187835,1601.2234021053498,1604.23828125,1749127,0.0,0.0
2024-08-23 00:00:00+05:30,1604.1425334300175,1613.6177006170099,1586.0533760885278,1590.1688232421875,2158185,0.0,0.0
2024-08-26 00:00:00+05:30,1599.3092347903205,1659.6063513623074,1595.5765327787599,1645.6805419921875,2672708,0.0,0.0
2024-08-27 00:00:00+05:30,1651.8059919519267,1681.4760017875874,1631.9462273038635,1638.1673583984375,3556487,0.0,0.0
2024-08-28 00:00:00+05:30,1639.0766655484347,1663.1954654439733,1620.4132723237722,1645.6805419921875,2516461,0.0,0.0
2024-08-29 00:00:00+05:30,1640.464330013856,1680.6624057784895,1624.4329545601033,1676.6904296875,5112407,0.0,0.0
2024-08-30 00:00:00+05:30,1676.6905582499337,1690.5206816673756,1667.454547719678,1678.030517578125,4792561,0.0,0.0
2024-09-02 00:00:00+05:30,1688.510564529106,1734.2598501345635,1684.4908036627107,1729.139404296875,4445349,0.0,0.0
2024-09-03 00:00:00+05:30,1728.5173055612029,1739.1889612406808,1710.380362847955,1713.6343994140625,2553290,0.0,0.0
2024-09-04 00:00:00+05:30,1689.3720628982614,1718.611425950929,1689.27637655517,1708.6575927734375,2644961,0.0,0.0
2024-09-05 00:00:00+05:30,1715.1178464739949,1720.5732527122277,1691.4775969974776,1713.7301025390625,2878565,0.0,0.0
2024-09-06 00:00:00+05:30,1711.2895992908648,1718.7071017486412,1665.3968404950401,1680.7581787109375,3351716,0.0,0.0
2024-09-09 00:00:00+05:30,1682.911506063448,1690.5204974014018,1666.4494842061486,1671.8092041015625,1418238,0.0,0.0
2024-09-10 00:00:00+05:30,1674.3934110053106,1712.5338224522613,1672.1921578591453,1702.7713623046875,2307528,0.0,0.0
2024-09-11 00:00:00+05:30,1701.9099512491107,1719.7598348465172,1697.603014464204,1702.4364013671875,2303930,0.0,0.0
2024-09-12 00:00:00+05:30,1722.7747914131273,1736.365523589907,1700.8572443112985,1730.0487060546875,3349489,0.0,0.0
2024-09-13 00:00:00+05:30,1727.5601092572363,1741.91656445882,1718.6112755482088,1735.0255126953125,1599349,0.0,0.0
2024-09-16 00:00:00+05:30,1740.9594779916692,1745.9842373426623,1730.6227834506594,1734.1162109375,836199,0.0,0.0
2024-09-17 00:00:00+05:30,1734.2119929901573,1749.5734477300139,1729.665781897861,1735.934814453125,830317,0.0,0.0
2024-09-18 00:00:00+05:30,1730.527176296621,1730.527176296621,1665.4445760106298,1681.1409912109375,2629136,0.0,0.0
2024-09-19 00:00:00+05:30,1699.8044816711056,1699.8044816711056,1647.6426887369416,1661.9991455078125,4167373,0.0,0.0
2024-09-20 00:00:00+05:30,1673.005630194343,1690.3290632959754,1647.5468722319256,1684.5386962890625,4644317,0.0,0.0
2024-09-23 00:00:00+05:30,1688.3192943656418,1688.3192943656418,1658.1707355376839,1677.599853515625,1541597,0.0,0.0
2024-09-24 00:00:00+05:30,1674.9197272186345,1706.9824762825342,1663.7695239536677,1699.42138671875,1907389,0.0,0.0
2024-09-25 00:00:00+05:30,1702.4842835482877,1707.5090430734053,1679.7053269678343,1705.9298095703125,2240579,0.0,0.0
2024-09-26 00:00:00+05:30,1705.7862949700816,1730.8144073329045,1702.5800430733352,1707.317626953125,4303250,0.0,0.0
2024-09-27 00:00:00+05:30,1732.3457851485575,1750.099983436791,1719.4728756330596,1730.814453125,4099016,0.0,0.0
2024-09-30 00:00:00+05:30,1730.4314704759547,1742.586556306331,1712.3902144075864,1719.0419921875,2117894,0.0,0.0
2024-10-01 00:00:00+05:30,1713.2035806216454,1744.2613306432397,1713.2035806216454,1738.566650390625,1642542,0.0,0.0
2024-10-03 00:00:00+05:30,1701.7186670420529,1731.6758534144647,1694.0618901374767,1702.2451171875,3552386,0.0,0.0
2024-10-04 00:00:00+05:30,1701.7186213983641,1730.3358476782716,1691.429827708807,1700.378662109375,2982759,0.0,0.0
2024-10-07 00:00:00+05:30,1708.3702771276521,1726.7943947412111,1692.0518430555219,1700.7135009765625,3419048,0.0,0.0
2024-10-08 00:00:00+05:30,1697.890264622004,1717.0322067259724,1668.2202543608528,1712.6773681640625,2353030,0.0,0.0
2024-10-09 00:00:00+05:30,1716.1230203302648,1746.702226270622,1713.347415343809,1732.05859375,2499596,0.0,0.0
2024-10-10 00:00:00+05:30,1741.9167397666688,1761.0107803731617,1719.903506242145,1731.0537109375,3753869,0.0,0.0
2024-10-11 00:00:00+05:30,1726.6030991984096,1773.3094825396925,1723.3968474085432,1760.7236328125,2977110,0.0,0.0
2024-10-14 00:00:00+05:30,1766.8491064123448,1785.4645978339377,1753.784707939615,1776.2764892578125,1751092,0.0,0.0
2024-10-15 00:00:00+05:30,1751.4876187829145,1801.9744886685967,1751.4397171966873,1789.8671875,5696544,0.0,0.0
2024-10-16 00:00:00+05:30,1788.8143335579389,1804.1278859051445,1774.5057798167718,1785.2252197265625,2144442,0.0,0.0
2024-10-17 00:00:00+05:30,1789.6757739670118,1796.5190411524488,1772.0172635234887,1787.6658935546875,2399099,0.0,0.0
2024-10-18 00:00:00+05:30,1786.9003174997854,1793.504310973939,1763.9299866910042,1777.999267578125,2366406,0.0,0.0
2024-10-21 00:00:00+05:30,1794.8441978761155,1807.477832577876,1761.0586242749757,1764.504150390625,1284980,0.0,0.0
2024-10-22 00:00:00+05:30,1762.7701825634342,1784.1568974699114,1752.8474486752182,1755.9783935546875,2089660,12.0,0.0
2024-10-23 00:00:00+05:30,1727.7997852435494,1796.6805684300082,1727.7997852435494,1778.1357421875,2522186,0.0,0.0
2024-10-24 00:00:00+05:30,1777.4134519246172,1794.7058555421136,1770.3808204954487,1777.317138671875,1621637,0.0,0.0
2024-10-25 00:00:00+05:30,1791.863804496123,1802.9907477408974,1772.7890782475356,1784.4940185546875,4078295,0.0,0.0
2024-10-28 00:00:00+05:30,1777.50957891878,1808.0484031483568,1777.50957891878,1803.183349609375,2418907,0.0,0.0
2024-10-29 00:00:00+05:30,1803.183349609375,1807.1813487673342,1783.3860979034662,1803.183349609375,1719955,0.0,0.0
2024-10-30 00:00:00+05:30,1792.8271438481888,1800.9675532115039,1768.0686430118049,1771.4404296875,1732047,0.0,0.0
2024-10-31 00:00:00+05:30,1772.5963315523736,1776.3534886009236,1692.2033547504768,1701.3553466796875,3616088,0.0,0.0
2024-11-01 00:00:00+05:30,1711.9041979364463,1716.0467255899066,1686.8566407353503,1693.022216796875,242223,0.0,0.0
2024-11-04 00:00:00+05:30,1698.4171119047483,1716.8174099036814,1681.0764947667533,1698.368896484375,2843690,0.0,0.0
2024-11-05 00:00:00+05:30,1704.1971970115883,1718.0214978429842,1696.9719403820875,1708.58056640625,1818350,0.0,0.0
2024-11-06 00:00:00+05:30,1725.487599378109,1785.1200743842717,1717.6843457243153,1771.054931640625,3477029,0.0,0.0
2024-11-07 00:00:00+05:30,1782.2783570310705,1794.3204525824856,1747.7415329107407,1764.84130859375,2173869,0.0,0.0
2024-11-08 00:00:00+05:30,1771.5849464468242,1786.2282057283444,1761.0843328234776,1770.1881103515625,1521324,0.0,0.0
2024-11-11 00:00:00+05:30,1779.0508957123175,1805.3508781701312,1766.8161742604166,1798.8963623046875,1679869,0.0,0.0
2024-11-12 00:00:00+05:30,1821.728187993172,1823.6067078318897,1796.1507303819662,1804.2430419921875,2711052,0.0,0.0
2024-11-13 00:00:00+05:30,1797.6440288944145,1810.7458053709258,1790.9967686119037,1796.4398193359375,1254074,0.0,0.0
2024-11-14 00:00:00+05:30,1803.424167210493,1827.508357477727,1778.7137644765935,1790.8521728515625,2462563,0.0,0.0
2024-11-18 00:00:00+05:30,1790.8522715946797,1796.7289084227762,1748.5123098097965,1767.7796630859375,2483933,0.0,0.0
2024-11-19 00:00:00+05:30,1769.7064826438286,1796.6807785142844,1750.7281858029828,1753.859130859375,2354204,0.0,0.0
2024-11-21 00:00:00+05:30,1767.7795553778176,1772.1629250205044,1753.521667782748,1769.080078125,1841245,0.0,0.0
2024-11-22 00:00:00+05:30,1778.7138443080485,1832.3252777687935,1769.2246964365875,1828.857177734375,2765950,0.0,0.0
2024-11-25 00:00:00+05:30,1848.7024486852322,1849.6176008778205,1809.6860603726986,1822.4024658203125,6531524,0.0,0.0
2024-11-26 00:00:00+05:30,1820.861192933037,1844.8008557943836,1819.9460406943242,1829.965087890625,2079873,0.0,0.0
2024-11-27 00:00:00+05:30,1827.26763796711,1846.7758333902464,1817.971116381551,1821.7764892578125,1631975,0.0,0.0
2024-11-28 00:00:00+05:30,1816.0441783593405,1830.8800624217001,1767.7794867370797,1773.46337890625,3631255,0.0,0.0
2024-11-29 00:00:00+05:30,1774.5232630783107,1803.713350764476,1766.768106230089,1780.3516845703125,2482280,0.0,0.0
2024-12-02 00:00:00+05:30,1780.3515811824652,1809.7342936585144,1768.21305506431,1802.9425048828125,2014744,0.0,0.0
2024-12-03 00:00:00+05:30,1814.9846949685145,1826.8341643795613,1803.472498321713,1821.4874267578125,2954648,0.0,0.0
2024-12-04 00:00:00+05:30,1813.0579163206137,1840.995578155522,1808.8190751431853,1828.1346435546875,3730643,0.0,0.0
2024-12-05 00:00:00+05:30,1815.9480698044238,1867.1028698956413,1814.9847021281348,1853.5194091796875,3881814,0.0,0.0
2024-12-06 00:00:00+05:30,1855.4460058366715,1868.3069398340467,1845.1380195103459,1852.266845703125,2250408,0.0,0.0
2024-12-09 00:00:00+05:30,1844.8490646208231,1855.4943242785675,1831.3619174121068,1839.9359130859375,1379520,0.0,0.0
2024-12-10 00:00:00+05:30,1846.245830932237,1871.6306618341662,1842.1515185414207,1865.4168701171875,2695207,0.0,0.0
2024-12-11 00:00:00+05:30,1855.6868210909731,1863.9236610286946,1845.8123032889316,1860.16650390625,1387117,0.0,0.0
2024-12-12 00:00:00+05:30,1854.4344531418237,1877.603491443036,1851.1108818921466,1865.2723388671875,2306173,0.0,0.0
2024-12-13 00:00:00+05:30,1867.9698204596734,1902.6510548776973,1842.2960497943911,1896.67822265625,2569918,0.0,0.0
2024-12-16 00:00:00+05:30,1898.653014069182,1907.4678511434254,1878.8076649961947,1882.8056640625,1371189,0.0,0.0
2024-12-17 00:00:00+05:30,1874.0391195215789,1891.283306220701,1867.006488701174,1879.1448974609375,1987909,0.0,0.0
2024-12-18 00:00:00+05:30,1877.603399225627,1899.7126379800522,1875.4358221870136,1888.53759765625,3460812,0.0,0.0
2024-12-19 00:00:00+05:30,1840.032134295835,1874.9059947231597,1840.032134295835,1863.393798828125,1916115,0.0,0.0
2024-12-20 00:00:00+05:30,1882.9984151988253,1885.9367336176192,1826.9304641141348,1841.332763671875,3786921,0.0,0.0
2024-12-23 00:00:00+05:30,1848.220895339236,1868.3553033846729,1829.5797542382543,1833.2886962890625,2058339,0.0,0.0
2024-12-24 00:00:00+05:30,1838.6834616494098,1853.1821917297107,1820.0423212594437,1827.460205078125,1310301,0.0,0.0
2024-12-26 00:00:00+05:30,1835.793403417017,1838.9725637587687,1817.2004779959673,1831.12109375,1065107,0.0,0.0
2024-12-27 00:00:00+05:30,1830.3984692434428,1833.1922588477946,1813.7321624577392,1822.6915283203125,1328546,0.0,0.0
2024-12-30 00:00:00+05:30,1818.8382254907904,1896.8227941046778,1797.3069808220991,1858.2880859375,6262203,0.0,0.0
2024-12-31 00:00:00+05:30,1845.041653449527,1857.180179768457,1809.734323592036,1847.1611328125,1968650,0.0,0.0
2025-01-01 00:00:00+05:30,1847.1611909536223,1865.994958312133,1838.0091981036055,1841.9107666015625,880695,0.0,0.0
2025-01-02 00:00:00+05:30,1841.9107129494778,1903.9035146856029,1840.0804085116622,1899.95361328125,3487645,0.0,0.0
2025-01-03 00:00:00+05:30,1907.4677620313391,1919.1244859462595,1869.8964273246613,1875.3394775390625,2853344,0.0,0.0
2025-01-06 00:00:00+05:30,1879.7711402018804,1901.1097573182528,1859.2995774962865,1881.5052490234375,1789037,0.0,0.0
2025-01-07 00:00:00+05:30,1888.2005533845602,1908.4312735993947,1838.9724910481802,1845.716064453125,2494547,0.0,0.0
2025-01-08 00:00:00+05:30,1836.4678193208301,1867.4882109675714,1825.1482493033584,1861.4671630859375,2372138,0.0,0.0
2025-01-09 00:00:00+05:30,1856.2168867105468,1873.2202321273098,1849.6659394688238,1863.923828125,2742139,0.0,0.0
2025-01-10 00:00:00+05:30,1865.079766045461,1928.9991859540055,1864.3572403096478,1922.0147705078125,4802079,0.0,0.0
2025-01-13 00:00:00+05:30,1921.8220814604695,1938.4882706649025,1893.4027367769002,1916.5235595703125,5694121,0.0,0.0
2025-01-14 00:00:00+05:30,1865.176115478957,1867.9699052313576,1731.8942223464019,1747.115478515625,15819311,0.0,0.0
2025-01-15 00:00:00+05:30,1768.7429238063794,1776.0163962677839,1746.1520004954539,1758.8201904296875,3350594,0.0,0.0
2025-01-16 00:00:00+05:30,1765.8528107536572,1770.6214333340986,1719.9002232742969,1726.5955810546875,5362008,0.0,0.0
2025-01-17 00:00:00+05:30,1725.3792052894541,1744.9393180377915,1703.0456641082012,1740.8521728515625,2424374,18.0,0.0
2025-01-20 00:00:00+05:30,1742.0200391933088,1750.6810196357735,1715.2586561805329,1747.9561767578125,3401004,0.0,0.0
2025-01-21 00:00:00+05:30,1743.2850714252816,1771.8467402811234,1743.2850714252816,1753.9896240234375,4005357,0.0,0.0
2025-01-22 00:00:00+05:30,1759.6338541957978,1782.2593868884285,1755.5954132861316,1778.610107421875,3009261,0.0,0.0
2025-01-23 00:00:00+05:30,1768.2461805628952,1779.8264652567473,1755.7412217065453,1758.466064453125,3750930,0.0,0.0
2025-01-24 00:00:00+05:30,1751.6540277348167,1780.2644006128137,1742.9930479504662,1744.696044921875,3171259,0.0,0.0
2025-01-27 00:00:00+05:30,1727.3254664370272,1731.9478866993234,1661.4438609521128,1665.9688720703125,4174844,0.0,0.0
2025-01-28 00:00:00+05:30,1665.9690555085922,1684.0208725635682,1645.5817945709296,1647.7713623046875,5079829,0.0,0.0
2025-01-29 00:00:00+05:30,1650.447464459715,1677.7927082434358,1650.447464459715,1672.8297119140625,3733620,0.0,0.0
2025-01-30 00:00:00+05:30,1675.749115041883,1686.404963465821,1652.247731743332,1667.088134765625,2543744,0.0,0.0
2025-01-31 00:00:00+05:30,1663.14690366746,1691.5138727088051,1663.14690366746,1679.1063232421875,2033832,0.0,0.0
2025-02-01 00:00:00+05:30,1679.6416152539755,1685.4317575465654,1642.6622517663443,1648.5010986328125,569018,0.0,0.0
2025-02-03 00:00:00+05:30,1620.2799987792969,1654.9237996194927,1616.874004787869,1646.5548095703125,2659929,0.0,0.0
2025-02-04 00:00:00+05:30,1649.5715397252072,1689.275746164718,1646.6035304924806,1686.0157470703125,3647768,0.0,0.0
2025-02-05 00:00:00+05:30,1683.5342436504516,1699.8830630129648,1664.0714200244347,1666.8448486328125,2681942,0.0,0.0
2025-02-06 00:00:00+05:30,1677.549437967191,1682.0258637398163,1666.8448847409934,1677.2088623046875,2057798,0.0,0.0
2025-02-07 00:00:00+05:30,1676.8680506567334,1684.5071842620446,1654.9723766845232,1679.3009033203125,2428098,0.0,0.0
2025-02-10 00:00:00+05:30,1677.646519187554,1693.2654810553222,1666.114821135246,1687.2806396484375,1823071,0.0,0.0
2025-02-11 00:00:00+05:30,1695.9902857733714,1702.0237128247647,1668.9369168064445,1676.9166259765625,1702553,0.0,0.0
2025-02-12 00:00:00+05:30,1677.5980006027144,1695.601111323534,1653.5127578816175,1671.17529296875,2214307,0.0,0.0
2025-02-13 00:00:00+05:30,1666.0176695543475,1683.4855058977948,1654.583260899404,1657.356689453125,1838463,0.0,0.0
2025-02-14 00:00:00+05:30,1665.0445565022371,1677.1115308746096,1654.2912989625797,1665.287841796875,1460459,0.0,0.0
2025-02-17 00:00:00+05:30,1665.287715756722,1673.948695348642,1648.5983220493933,1663.9739990234375,1127023,0.0,0.0
2025-02-18 00:00:00+05:30,1660.1787771547197,1682.0744527033605,1655.5563567611177,1679.155029296875,1511900,0.0,0.0
2025-02-19 00:00:00+05:30,1676.916836226467,1685.0912459083356,1657.697297894337,1666.3096923828125,1294110,0.0,0.0
2025-02-20 00:00:00+05:30,1659.400334532194,1668.4992998283324,1638.3319224863699,1642.2244873046875,1681532,0.0,0.0
2025-02-21 00:00:00+05:30,1644.608433998697,1658.3784041126937,1639.8887234937733,1655.02099609375,1222563,0.0,0.0
2025-02-24 00:00:00+05:30,1639.7427814017433,1644.6084869845379,1593.6158687185234,1599.8927001953125,4455420,0.0,0.0
2025-02-25 00:00:00+05:30,1592.0589596409918,1607.5805138396593,1587.436539067462,1592.15625,1951519,0.0,0.0
2025-02-27 00:00:00+05:30,1576.4886771764623,1615.4143235264985,1571.8175520977998,1585.4415283203125,2266866,0.0,0.0
2025-02-28 00:00:00+05:30,1568.7034886199208,1571.5742074130837,1520.4842985095192,1532.7459716796875,4910121,0.0,0.0
2025-03-03 00:00:00+05:30,1532.7458396969946,1560.3343643709804,1526.3230138117233,1530.1669921875,1784684,0.0,0.0
2025-03-04 00:00:00+05:30,1518.1002599926735,1518.1002599926735,1482.0940358774626,1494.25830078125,3246644,0.0,0.0
2025-03-05 00:00:00+05:30,1490.8521893343627,1538.9253842109138,1489.9277527910529,1530.7022705078125,3112003,0.0,0.0
2025-03-06 00:00:00+05:30,1537.5630054374783,1551.8681327182455,1532.8432946537996,1542.8665771484375,2011489,0.0,0.0
2025-03-07 00:00:00+05:30,1540.1418825665492,1544.3750228595363,1513.818366638832,1516.105224609375,2091986,0.0,0.0
2025-03-10 00:00:00+05:30,1515.1807613632227,1530.2157445229054,1505.4493499222258,1507.6876220703125,1855766,0.0,0.0
2025-03-11 00:00:00+05:30,1488.8573052918143,1531.6755173402948,1481.7047413556818,1525.7393798828125,1846190,0.0,0.0
2025-03-12 00:00:00+05:30,1514.2075884694818,1522.9658585827372,1466.620963762466,1499.22119140625,3113860,0.0,0.0
2025-03-13 00:00:00+05:30,1499.2211720543044,1506.3737354628095,1488.078753848479,1493.5283203125,1983351,0.0,0.0
2025-03-17 00:00:00+05:30,1486.959653635221,1505.9846103328782,1478.2500879974045,1503.6490478515625,2029100,0.0,0.0
2025-03-18 00:00:00+05:30,1503.6490478515625,1503.6490478515625,1503.6490478515625,1503.6490478515625,0,0.0,0.0
2025-03-19 00:00:00+05:30,1516.6404538554523,1519.4138823226538,1484.1375162961795,1502.9677734375,4522829,0.0,0.0
2025-03-20 00:00:00+05:30,1506.27641649943,1539.6064989226804,1505.4979749002928,1520.04638671875,4608677,0.0,0.0
2025-03-21 00:00:00+05:30,1493.8688821185785,1549.289339159759,1480.6341868879636,1524.6201171875,8109210,0.0,0.0
2025-03-24 00:00:00+05:30,1548.2675017351921,1567.6330335290513,1518.100127408485,1561.0643310546875,2487843,0.0,0.0
2025-03-25 00:00:00+05:30,1578.4349469817892,1614.3924649959433,1575.4668189544689,1581.257080078125,4906013,0.0,0.0
2025-03-26 00:00:00+05:30,1581.2569872253455,1600.768394882921,1578.4348542947278,1589.5286865234375,3096513,0.0,0.0
2025-03-27 00:00:00+05:30,1581.986831905194,1600.8170881810943,1570.2118485103354,1586.365966796875,3383080,0.0,0.0
2025-03-28 00:00:00+05:30,1572.6932786249758,1581.8895331234721,1539.119911301033,1549.7271728515625,2211077,0.0,0.0
2025-04-01 00:00:00+05:30,1534.643516074938,1542.428644881913,1485.110610282232,1489.2464599609375,4126827,0.0,0.0
2025-04-02 00:00:00+05:30,1474.3088813131858,1497.2264035195647,1465.9398909597705,1486.5218505859375,3167863,0.0,0.0
2025-04-03 00:00:00+05:30,1459.711689530044,1459.711689530044,1425.6517501076762,1430.61474609375,3966161,0.0,0.0
2025-04-04 00:00:00+05:30,1410.0814499388534,1417.0880183225154,1380.9845073722638,1383.9039306640625,4421312,0.0,0.0
2025-04-07 00:00:00+05:30,1308.8748534529925,1346.5840732086085,1267.7596396549338,1337.1932373046875,6484139,0.0,0.0
2025-04-08 00:00:00+05:30,1342.934770950823,1385.9962663237025,1335.1496418438614,1365.6575927734375,3938359,0.0,0.0
2025-04-09 00:00:00+05:30,1343.5673799718852,1351.4010951145403,1320.6012721207262,1342.934814453125,3306801,0.0,0.0
2025-04-11 00:00:00+05:30,1323.4720270211192,1386.726204783158,1323.4720270211192,1353.2015380859375,4859622,0.0,0.0
2025-04-15 00:00:00+05:30,1381.860373811558,1390.424063081412,1368.236398295106,1388.185791015625,3265147,0.0,0.0
2025-04-16 00:00:00+05:30,1376.994684565425,1397.5279384355988,1367.7498439269996,1393.24609375,2553111,0.0,0.0
2025-04-17 00:00:00+05:30,1381.8602921402337,1403.3666856046532,1346.8272143113263,1399.3768310546875,3549969,0.0,0.0
2025-04-21 00:00:00+05:30,1396.4575561852912,1458.7385900500012,1391.591850414611,1442.1951904296875,2840104,0.0,0.0
2025-04-22 00:00:00+05:30,1449.980313182645,1459.6144343238652,1425.1652138630761,1440.151611328125,2608145,0.0,0.0
2025-04-23 00:00:00+05:30,1513.2345064132096,1557.025858688833,1502.2379637695615,1551.18701171875,13293318,0.0,0.0
2025-04-24 00:00:00+05:30,1552.1600041267106,1560.2371225112338,1533.7676141752836,1544.0828857421875,3193118,0.0,0.0
2025-04-25 00:00:00+05:30,1547.2943921134934,1574.5423436727249,1525.9825776713378,1535.811279296875,3800415,0.0,0.0
2025-04-28 00:00:00+05:30,1540.536320663959,1544.8675650228545,1513.0724222887038,1525.081787109375,2618810,18.0,0.0
2025-04-29 00:00:00+05:30,1530.6925996448524,1556.0893480768054,1523.9004348165731,1544.4737548828125,2231069,0.0,0.0
2025-04-30 00:00:00+05:30,1546.4424811696322,1563.0783282012746,1529.7082213479366,1542.9971923828125,3682256,0.0,0.0
2025-05-02 00:00:00+05:30,1542.505066065393,1556.2862217290278,1532.7597962422517,1547.8206787109375,1370848,0.0,0.0
2025-05-05 00:00:00+05:30,1555.3019006813322,1572.7251713772714,1538.8629982769635,1544.080078125,1012225,0.0,0.0
2025-05-06 00:00:00+05:30,1552.1519186565629,1559.0424964686774,1540.6347379304586,1554.4158935546875,2055057,0.0,0.0
2025-05-07 00:00:00+05:30,1527.7395058811294,1553.7268514053494,1520.848928212851,1538.8629150390625,5469936,0.0,0.0
2025-05-08 00:00:00+05:30,1537.4847937236511,1573.0204635165983,1531.4801714310158,1555.9908447265625,2789018,0.0,0.0
2025-05-09 00:00:00+05:30,1541.520677632564,1553.037738078756,1532.9567219327946,1544.8675537109375,2035161,0.0,0.0
2025-05-12 00:00:00+05:30,1573.8079789588676,1648.816790247355,1569.0829633756916,1644.1903076171875,4028207,0.0,0.0
2025-05-13 00:00:00+05:30,1658.660546242799,1661.7120638681465,1589.9515924641453,1594.2828369140625,3118470,0.0,0.0
2025-05-14 00:00:00+05:30,1604.5202659682388,1616.628043647457,1591.7234785709463,1612.099853515625,1569126,0.0,0.0
2025-05-15 00:00:00+05:30,1624.2075866123416,1675.9853317046468,1599.5983807545788,1669.488525390625,4961582,0.0,0.0
2025-05-16 00:00:00+05:30,1665.452664833387,1667.0276299996597,1632.0825571534901,1633.952880859375,2586263,0.0,0.0
2025-05-19 00:00:00+05:30,1635.0356648669633,1637.9887696198837,1612.4936078872424,1623.8138427734375,1642018,0.0,0.0
2025-05-20 00:00:00+05:30,1634.8388373789392,1639.9575042131878,1610.8202280507116,1612.6905517578125,2421580,0.0,0.0
2025-05-21 00:00:00+05:30,1619.2856921179819,1631.5902946416747,1602.9452039989446,1626.17626953125,1420835,0.0,0.0
2025-05-22 00:00:00+05:30,1612.7890013747433,1615.052976303756,1588.7703914981055,1607.473388671875,2202093,0.0,0.0
2025-05-23 00:00:00+05:30,1607.4733199111781,1644.6824870774674,1597.1374534941128,1622.4356689453125,1459454,0.0,0.0
2025-05-26 00:00:00+05:30,1626.5701613418387,1649.6044030050105,1619.8764090082184,1647.438720703125,1078813,0.0,0.0
2025-05-27 00:00:00+05:30,1647.6356436384647,1649.309021617625,1615.8405007372912,1626.2747802734375,2740015,0.0,0.0
2025-05-28 00:00:00+05:30,1637.9887739214864,1640.7450530963065,1621.2545136109904,1631.3935546875,1775441,0.0,0.0
2025-05-29 00:00:00+05:30,1643.894934026886,1649.3089592587112,1629.7200075693167,1638.677734375,2374051,0.0,0.0
2025-05-30 00:00:00+05:30,1638.6778142531648,1638.6778142531648,1601.8625370118846,1611.01708984375,4408910,0.0,0.0
2025-06-02 00:00:00+05:30,1599.69684523629,1609.6389406916558,1580.6000768411682,1605.996826171875,1883100,0.0,0.0
2025-06-03 00:00:00+05:30,1621.1561390669253,1625.8810346981995,1591.7235035586746,1604.9140625,2380133,0.0,0.0
2025-06-04 00:00:00+05:30,1605.5045806958647,1618.8919645711403,1596.842092220143,1600.68115234375,1659720,0.0,0.0
2025-06-05 00:00:00+05:30,1609.3437332125513,1628.0467306279422,1599.2046918119818,1606.8828125,1409322,0.0,0.0
2025-06-06 00:00:00+05:30,1605.7014598169787,1614.1671229941314,1596.6453198775973,1612.099853515625,1261281,0.0,0.0
2025-06-09 00:00:00+05:30,1622.2388211576292,1632.0825033248477,1613.3795072071325,1622.5341796875,1299786,0.0,0.0
2025-06-10 00:00:00+05:30,1627.456080161277,1658.5620929124013,1623.2232486100515,1642.024658203125,3055223,0.0,0.0
2025-06-11 00:00:00+05:30,1649.8012365830948,1698.429053626982,1639.957553787253,1694.9837646484375,5085821,0.0,0.0
2025-06-12 00:00:00+05:30,1698.0353133523197,1699.0196816499154,1668.5042644244534,1674.6072998046875,3607962,0.0,0.0
2025-06-13 00:00:00+05:30,1639.9575224414812,1684.254094176095,1638.579382843976,1668.799560546875,1988422,0.0,0.0
2025-06-16 00:00:00+05:30,1665.550992092281,1702.3663867536977,1657.0854496164372,1696.06640625,2116100,0.0,0.0
2025-06-17 00:00:00+05:30,1700.988389275287,1711.6196147731152,1693.1134430286425,1702.5633544921875,1777245,0.0,0.0
2025-06-18 00:00:00+05:30,1700.889933721456,1717.7226068680789,1683.2697179051088,1689.0775146484375,1794428,0.0,0.0
2025-06-19 00:00:00+05:30,1692.8180283908018,1692.8180283908018,1670.6697428059601,1687.1087646484375,2514527,0.0,0.0
2025-06-20 00:00:00+05:30,1687.108817325416,1715.3601388664335,1682.3838015215972,1712.702392578125,2719770,0.0,0.0
2025-06-23 00:00:00+05:30,1702.1695018130388,1702.7602188830258,1672.6384547991959,1676.575927734375,2221446,0.0,0.0
2025-06-24 00:00:00+05:30,1693.0149717502875,1705.5164004201354,1662.794794475413,1665.354248046875,3601071,0.0,0.0
2025-06-25 00:00:00+05:30,1675.394730722669,1693.802368594661,1674.410362490752,1690.2586669921875,1307518,0.0,0.0
2025-06-26 00:00:00+05:30,1683.2697235671324,1699.9055711833528,1676.0837872086852,1697.1492919921875,2971055,0.0,0.0
2025-06-27 00:00:00+05:30,1707.8789995150623,1725.1054447551278,1684.0573347336585,1696.3619384765625,6478283,0.0,0.0
2025-06-30 00:00:00+05:30,1698.0352777276194,1707.6821349065233,1686.518216952237,1701.5789794921875,1855229,0.0,0.0
2025-07-01 00:00:00+05:30,1701.5788618605704,1717.7225245188479,1687.207110043155,1691.43994140625,1639826,0.0,0.0
2025-07-02 00:00:00+05:30,1695.0821055332174,1711.3241814573162,1684.2540549171515,1691.7352294921875,2069447,0.0,0.0
2025-07-03 00:00:00+05:30,1689.1760227640202,1703.4493632827139,1679.8245238034967,1685.14013671875,1839063,0.0,0.0
2025-07-04 00:00:00+05:30,1688.1915048993983,1701.9726600414342,1679.5290164595497,1698.921142578125,768500,0.0,0.0
2025-07-07 00:00:00+05:30,1698.5273884554344,1698.5273884554344,1676.6744617166323,1683.6634521484375,1366412,0.0,0.0
2025-07-08 00:00:00+05:30,1673.426055126385,1692.030639418748,1661.1214517798676,1681.3994140625,2139193,0.0,0.0
2025-07-09 00:00:00+05:30,1683.269778015793,1687.5026097329715,1644.879414657538,1647.83251953125,2894808,0.0,0.0
2025-07-10 00:00:00+05:30,1648.8167683246718,1653.6401966345861,1623.2231946073932,1637.693359375,2740853,0.0,0.0
2025-07-11 00:00:00+05:30,1617.513860052257,1629.6216375899955,1604.5202472193855,1612.6905517578125,2548153,0.0,0.0
2025-07-14 00:00:00+05:30,1614.3639268747754,1616.7264347026298,1581.879774687661,1594.479736328125,3334703,0.0,0.0
2025-07-15 00:00:00+05:30,1565.1456189546889,1596.054808040689,1525.7708864023696,1541.91455078125,14685607,0.0,0.0
2025-07-16 00:00:00+05:30,1541.9144291568186,1549.3956037192233,1535.6144484129532,1538.3707275390625,5218099,0.0,0.0
2025-07-17 00:00:00+05:30,1539.158242706736,1542.3082933494093,1518.289682908413,1519.7662353515625,4966082,0.0,0.0
2025-07-18 00:00:00+05:30,1531.7703199222558,1537.7227952587411,1517.8812108037898,1536.5323486328125,3902458,12.0,0.0
2025-07-21 00:00:00+05:30,1536.5323582048318,1538.4172118570575,1513.912903343908,1518.278076171875,3368842,0.0,0.0
2025-07-22 00:00:00+05:30,1520.956599934848,1527.603603248417,1506.2739004114567,1508.0595703125,3218227,0.0,0.0
2025-07-23 00:00:00+05:30,1512.027937029613,1523.833704140448,1505.976277920052,1517.682861328125,3471536,0.0,0.0
2025-07-24 00:00:00+05:30,1517.8811729052493,1525.7186227899533,1489.7060994620108,1495.26171875,4654421,0.0,0.0
2025-07-25 00:00:00+05:30,1489.2101127764352,1500.222168044571,1474.824963894643,1478.2972412109375,2733655,0.0,0.0
2025-07-28 00:00:00+05:30,1478.2972057132122,1482.3647062510875,1451.9079229637318,1454.4873046875,4404841,0.0,0.0
2025-07-29 00:00:00+05:30,1454.4872794058344,1465.7970064171477,1449.4276997464992,1460.7374267578125,6223556,0.0,0.0
2025-07-30 00:00:00+05:30,1468.7732484212295,1472.5431978041706,1457.1659702793283,1464.804931640625,1642426,0.0,0.0
2025-07-31 00:00:00+05:30,1453.3960174093436,1470.9557706800213,1447.9395818491037,1456.2730712890625,2306285,0.0,0.0
2025-08-01 00:00:00+05:30,1453.39599009819,1455.280964749717,1438.514802486263,1440.59814453125,2152783,0.0,0.0
2025-08-04 00:00:00+05:30,1440.5981436069515,1463.7136367906794,1429.1892331117942,1462.7215576171875,2384774,0.0,0.0
2025-08-05 00:00:00+05:30,1468.1780613938822,1473.6344971020062,1459.5468995207978,1470.955810546875,2614394,0.0,0.0
2025-08-06 00:00:00+05:30,1469.170103903434,1471.9478529870194,1444.864163629123,1451.6102294921875,1735697,0.0,0.0
2025-08-07 00:00:00+05:30,1446.4514801325292,1467.4835108261477,1439.506925701166,1463.8128662109375,1495363,0.0,0.0
2025-08-08 00:00:00+05:30,1463.1184560693682,1470.4597452840349,1447.4435562308472,1464.01123046875,2815614,0.0,0.0
2025-08-11 00:00:00+05:30,1463.3168374338459,1518.873273295741,1453.9912686220582,1476.2138671875,2374556,0.0,0.0
2025-08-12 00:00:00+05:30,1478.198055359877,1497.9404562930858,1477.2059761280918,1487.2259521484375,3422656,0.0,0.0
2025-08-13 00:00:00+05:30,1488.118820093761,1495.55941419423,1477.2059487464069,1489.2100830078125,2916128,0.0,0.0
2025-08-14 00:00:00+05:30,1489.110872336482,1504.1904276656112,1474.031317007353,1477.9996337890625,4227538,0.0,0.0
2025-08-18 00:00:00+05:30,1486.2337615701688,1490.0037108098818,1464.2096527159215,1473.237548828125,2795155,0.0,0.0
2025-08-19 00:00:00+05:30,1464.6065695564882,1470.8565958465647,1457.5627103626266,1464.4080810546875,2515817,0.0,0.0
2025-08-20 00:00:00+05:30,1456.3722945432612,1488.41650178146,1446.4515023461001,1484.1505126953125,10219330,0.0,0.0
2025-08-21 00:00:00+05:30,1488.1188028984977,1493.0791989081592,1474.3288777709547,1481.6702880859375,2157601,0.0,0.0
2025-08-22 00:00:00+05:30,1477.8011638981282,1479.6861386138614,1452.4039603960396,1454.685791015625,2802805,0.0,0.0
2025-08-25 00:00:00+05:30,1468.277253646731,1497.741958200841,1464.5073041487021,1492.2855224609375,2764914,0.0,0.0
2025-08-26 00:00:00+05:30,1490.0037262840863,1494.567266235114,1473.2375641282072,1480.975830078125,4092265,0.0,0.0
2025-08-28 00:00:00+05:30,1476.2139067870519,1476.2139067870519,1434.5465787729013,1438.3165283203125,4367902,0.0,0.0
2025-08-29 00:00:00+05:30,1438.3164595138855,1451.0150004962886,1427.8003232068393,1443.27685546875,3404604,0.0,0.0
2025-09-01 00:00:00+05:30,1434.5465660742134,1460.836665659944,1434.5465660742134,1456.7691650390625,2105254,0.0,0.0
2025-09-02 00:00:00+05:30,1457.3643639459403,1465.697853556104,1448.1379788233626,1454.0904541015625,1295198,0.0,0.0
2025-09-03 00:00:00+05:30,1463.3168338718854,1463.3168338718854,1441.0942353605371,1454.4873046875,1800307,0.0,0.0
2025-09-04 00:00:00+05:30,1453.4951732476839,1454.2888850280538,1429.48690568418,1431.867919921875,2192155,0.0,0.0
2025-09-05 00:00:00+05:30,1436.5306725962384,1440.7966615708676,1391.688741478662,1407.7603759765625,3895199,0.0,0.0
2025-09-08 00:00:00+05:30,1412.6215639754078,1417.284287664702,1389.902926607465,1391.8870849609375,2929976,0.0,0.0
2025-09-09 00:00:00+05:30,1399.0299805823042,1420.4589872841461,1397.9387177288652,1415.796142578125,2906889,0.0,0.0
2025-09-10 00:00:00+05:30,1423.534511889365,1460.2414434133325,1420.7566416029392,1452.3048095703125,3205017,0.0,0.0
2025-09-11 00:00:00+05:30,1452.3047566848338,1458.7532714474657,1446.7491374177112,1456.0745849609375,1982922,0.0,0.0
2025-09-12 00:00:00+05:30,1463.3167570795708,1468.2771528662813,1451.4118071914659,1455.5784912109375,2110883,0.0,0.0
2025-09-15 00:00:00+05:30,1455.5785622761146,1456.6699462852055,1440.4990067896565,1454.8841552734375,1725617,0.0,0.0
2025-09-16 00:00:00+05:30,1452.3047886256354,1473.4360032658756,1449.5269183792714,1471.3526611328125,1724524,0.0,0.0
2025-09-17 00:00:00+05:30,1478.9917661498778,1487.1267674034445,1463.6145380679877,1469.765380859375,2656774,0.0,0.0
2025-09-18 00:00:00+05:30,1480.777327855485,1490.9957916300839,1474.3288133248036,1481.9678955078125,2792406,0.0,0.0
2025-09-19 00:00:00+05:30,1481.9680157411005,1481.9680157411005,1452.404005975905,1455.777099609375,3197957,0.0,0.0
2025-09-22 00:00:00+05:30,1411.728710243538,1437.7211370013135,1403.7920765949445,1428.494873046875,4457129,0.0,0.0
2025-09-23 00:00:00+05:30,1432.7606967595327,1432.7606967595327,1409.149285045608,1418.474853515625,3106480,0.0,0.0
2025-09-24 00:00:00+05:30,1413.8120198776494,1433.2567476493368,1408.7524402635831,1430.8758544921875,2894044,0.0,0.0
2025-09-25 00:00:00+05:30,1428.792463482306,1431.0742941604644,1404.784194475714,1412.5224609375,2713246,0.0,0.0
2025-09-26 00:00:00+05:30,1408.7524769695417,1415.2009918289093,1380.9742591138042,1384.2481689453125,2568054,0.0,0.0
2025-09-29 00:00:00+05:30,1386.0337638980243,1391.4901992531547,1372.0454720264631,1376.41064453125,2990852,0.0,0.0
2025-09-30 00:00:00+05:30,1381.0734608043965,1393.8713069896116,1370.9543011807868,1374.12890625,2782077,0.0,0.0
2025-10-01 00:00:00+05:30,1375.1209251270336,1385.7362449992556,1371.0534247157814,1378.4940185546875,2253527,0.0,0.0
2025-10-03 00:00:00+05:30,1385.438640023715,1388.712549913045,1369.4661886952535,1382.46240234375,2793839,0.0,0.0
2025-10-06 00:00:00+05:30,1382.462313749559,1409.7444907342112,1379.783748450613,1406.4705810546875,1970901,0.0,0.0
2025-10-07 00:00:00+05:30,1410.736659322066,1430.4790601394516,1405.9746305960662,1422.04638671875,1592836,0.0,0.0
2025-10-08 00:00:00+05:30,1421.847869013159,1447.1458887557562,1415.8953937796068,1441.689453125,1735807,0.0,0.0
2025-10-09 00:00:00+05:30,1441.6894227170278,1479.2892480365983,1440.9950157291273,1474.7257080078125,2681316,0.0,0.0
2025-10-10 00:00:00+05:30,1479.1900626194993,1486.6306564958547,1462.2255328020915,1483.6544189453125,2129445,0.0,0.0
2025-10-13 00:00:00+05:30,1478.1979940189058,1490.301311703063,1464.80492494558,1482.8607177734375,1820492,0.0,0.0
2025-10-14 00:00:00+05:30,1503.3968823591308,1522.8416109558634,1478.3964132175422,1483.5552978515625,5802489,0.0,0.0
2025-10-15 00:00:00+05:30,1486.0354300642905,1497.4443406505789,1474.3288472822107,1483.852783203125,1710696,0.0,0.0
2025-10-16 00:00:00+05:30,1488.0196281810797,1507.8612123394958,1486.1346534653464,1503.0,2021043,0.0,0.0
2025-10-17 00:00:00+05:30,1499.0,1501.300048828125,1479.199951171875,1486.199951171875,3210161,12.0,0.0
2025-10-20 00:00:00+05:30,1489.9000244140625,1509.9000244140625,1489.0999755859375,1495.4000244140625,2354881,0.0,0.0
2025-10-21 00:00:00+05:30,1502.699951171875,1503.0,1481.0,1486.0,274400,0.0,0.0
2025-10-23 00:00:00+05:30,1510.0,1547.5,1505.5,1523.9000244140625,5011470,0.0,0.0
2025-10-24 00:00:00+05:30,1525.0,1532.5999755859375,1516.4000244140625,1523.800048828125,1491451,0.0,0.0
2025-10-27 00:00:00+05:30,1531.4000244140625,1549.5,1526.800048828125,1533.5,1394846,0.0,0.0
2025-10-28 00:00:00+05:30,1535.0,1542.0,1512.0,1522.0999755859375,1936466,0.0,0.0
2025-10-29 00:00:00+05:30,1530.0,1559.0,1522.0,1557.300048828125,2596355,0.0,0.0
2025-10-30 00:00:00+05:30,1557.699951171875,1559.9000244140625,1538.0999755859375,1549.800048828125,2183395,0.0,0.0
2025-10-31 00:00:00+05:30,1549.800048828125,1558.199951171875,1537.5999755859375,1541.5,1723467,0.0,0.0
2025-11-03 00:00:00+05:30,1540.0999755859375,1549.699951171875,1528.199951171875,1543.5,2252136,0.0,0.0
2025-11-04 00:00:00+05:30,1536.4000244140625,1541.9000244140625,1525.0,1529.0999755859375,1666863,0.0,0.0
2025-11-05 00:00:00+05:30,1529.0999755859375,1529.0999755859375,1529.0999755859375,1529.0999755859375,0,0.0,0.0
2025-11-06 00:00:00+05:30,1529.0999755859375,1531.9000244140625,1514.300048828125,1526.4000244140625,2474769,0.0,0.0
2025-11-07 00:00:00+05:30,1515.0999755859375,1518.800048828125,1490.5,1512.4000244140625,2238714,0.0,0.0
2025-11-10 00:00:00+05:30,1518.0,1544.9000244140625,1511.4000244140625,1540.5,1558896,0.0,0.0
2025-11-11 00:00:00+05:30,1547.800048828125,1572.5,1541.199951171875,1570.0,2270763,0.0,0.0
2025-11-12 00:00:00+05:30,1575.0,1600.0,1573.5,1594.0,2331564,0.0,0.0
2025-11-13 00:00:00+05:30,1599.4000244140625,1605.0,1580.0,1598.5,1944022,0.0,0.0
2025-11-14 00:00:00+05:30,1590.0,1598.0,1574.0999755859375,1594.5999755859375,2543918,0.0,0.0
2025-11-17 00:00:00+05:30,1594.0,1607.699951171875,1585.5,1606.4000244140625,2000978,0.0,0.0
2025-11-18 00:00:00+05:30,1604.0,1604.0,1590.0999755859375,1595.199951171875,1640123,0.0,0.0
2025-11-19 00:00:00+05:30,1595.300048828125,1669.5,1588.5999755859375,1662.5999755859375,6342672,0.0,0.0
2025-11-20 00:00:00+05:30,1662.5999755859375,1668.4000244140625,1642.5999755859375,1645.4000244140625,2724035,0.0,0.0
2025-11-21 00:00:00+05:30,1636.0,1643.5,1606.0,1608.0,2958835,0.0,0.0
2025-11-24 00:00:00+05:30,1614.300048828125,1640.0,1602.9000244140625,1610.4000244140625,6392688,0.0,0.0
2025-11-25 00:00:00+05:30,1618.300048828125,1618.9000244140625,1592.5999755859375,1601.0999755859375,2285950,0.0,0.0
2025-11-26 00:00:00+05:30,1601.0999755859375,1627.5,1601.0999755859375,1617.9000244140625,1243303,0.0,0.0
2025-11-27 00:00:00+05:30,1619.0999755859375,1633.199951171875,1614.0,1629.0,2106176,0.0,0.0
2025-11-28 00:00:00+05:30,1629.0,1636.9000244140625,1619.0,1624.199951171875,1841289,0.0,0.0
2025-12-01 00:00:00+05:30,1630.0,1646.5,1628.0,1642.9000244140625,2034350,0.0,0.0
2025-12-02 00:00:00+05:30,1651.0,1652.9000244140625,1624.0,1635.5,2326220,0.0,0.0
2025-12-03 00:00:00+05:30,1635.5,1654.5999755859375,1628.800048828125,1640.5,2371611,0.0,0.0
2025-12-04 00:00:00+05:30,1650.0,1672.0,1645.0999755859375,1654.5999755859375,3935708,0.0,0.0
2025-12-05 00:00:00+05:30,1662.699951171875,1691.0,1651.0,1683.0,3391204,0.0,0.0
2025-12-08 00:00:00+05:30,1683.0,1695.4000244140625,1676.9000244140625,1688.5999755859375,2702407,0.0,0.0
2025-12-09 00:00:00+05:30,1687.0,1687.0,1656.4000244140625,1657.5999755859375,2817704,0.0,0.0
2025-12-10 00:00:00+05:30,1663.300048828125,1671.0,1657.0,1666.0,1482249,0.0,0.0
2025-12-11 00:00:00+05:30,1667.5,1677.4000244140625,1649.0,1672.4000244140625,1408684,0.0,0.0
2025-12-12 00:00:00+05:30,1677.4000244140625,1677.9000244140625,1660.0,1673.199951171875,1284337,0.0,0.0
2025-12-15 00:00:00+05:30,1673.199951171875,1688.0,1660.0,1684.0,1689723,0.0,0.0
2025-12-16 00:00:00+05:30,1681.0,1682.0,1645.4000244140625,1651.699951171875,1929309,0.0,0.0
2025-12-17 00:00:00+05:30,1651.0,1664.5,1646.300048828125,1655.0,1394918,0.0,0.0
2025-12-18 00:00:00+05:30,1657.0,1673.9000244140625,1651.199951171875,1661.4000244140625,1822056,0.0,0.0
2025-12-19 00:00:00+05:30,1675.0,1681.0,1632.5,1642.4000244140625,3487150,0.0,0.0
2025-12-22 00:00:00+05:30,1651.9000244140625,1673.5,1644.0,1670.300048828125,1339691,0.0,0.0
2025-12-23 00:00:00+05:30,1675.0999755859375,1686.9000244140625,1656.199951171875,1679.9000244140625,1614314,0.0,0.0
2025-12-24 00:00:00+05:30,1676.0,1680.0,1665.0999755859375,1674.699951171875,989858,0.0,0.0
2025-12-25 00:00:00+05:30,1674.699951171875,1674.699951171875,1674.699951171875,1674.699951171875,0,0.0,0.0
2025-12-26 00:00:00+05:30,1668.0,1676.4000244140625,1650.5,1660.9000244140625,921138,0.0,0.0
2025-12-29 00:00:00+05:30,1659.699951171875,1660.800048828125,1625.4000244140625,1630.800048828125,1516288,0.0,0.0
2025-12-30 00:00:00+05:30,1630.800048828125,1635.699951171875,1611.0999755859375,1615.199951171875,3323273,0.0,0.0
2025-12-31 00:00:00+05:30,1624.5,1631.699951171875,1616.800048828125,1623.300048828125,1359963,0.0,0.0
2026-01-01 00:00:00+05:30,1622.9000244140625,1645.699951171875,1618.4000244140625,1634.5,773806,0.0,0.0
2026-01-02 00:00:00+05:30,1632.0,1643.0,1625.0999755859375,1640.199951171875,950573,0.0,0.0
2026-01-05 00:00:00+05:30,1625.0,1633.5,1580.0999755859375,1607.5999755859375,3245802,0.0,0.0
2026-01-06 00:00:00+05:30,1600.300048828125,1626.0,1597.300048828125,1616.300048828125,2112043,0.0,0.0
2026-01-07 00:00:00+05:30,1620.800048828125,1654.5,1616.699951171875,1647.699951171875,3816569,0.0,0.0
2026-01-08 00:00:00+05:30,1653.300048828125,1660.5999755859375,1635.4000244140625,1646.699951171875,3266398,0.0,0.0
2026-01-09 00:00:00+05:30,1647.0999755859375,1675.0,1647.0999755859375,1661.4000244140625,3281306,0.0,0.0
2026-01-12 00:00:00+05:30,1659.199951171875,1677.199951171875,1641.5,1667.5999755859375,4175707,0.0,0.0
2026-01-13 00:00:00+05:30,1685.0,1697.5999755859375,1626.0,1665.0,7149266,0.0,0.0
