Date,Open,High,Low,Close,Volume,Dividends,Stock Splits
2020-01-01 00:00:00+05:30,1628.5844206144977,1674.0891455098556,1628.5844206144977,1658.362548828125,96053,0.0,0.0
2020-01-02 00:00:00+05:30,1662.829214011737,1701.075472428951,1658.7346989084272,1695.0733642578125,136403,0.0,0.0
2020-01-03 00:00:00+05:30,1694.9801926078753,1711.3116790282595,1666.877131625541,1686.6982421875,103417,0.0,0.0
2020-01-06 00:00:00+05:30,1676.8804382495084,1698.2834627110726,1654.5468475070068,1693.1187744140625,121078,0.0,0.0
2020-01-07 00:00:00+05:30,1689.908504999915,1712.1490636601739,1680.4167735924616,1705.8211669921875,320013,0.0,0.0
2020-01-08 00:00:00+05:30,1700.1449311844065,1734.5758903819012,1675.9502030996803,1683.6739501953125,104102,0.0,0.0
2020-01-09 00:00:00+05:30,1671.2044810404584,1708.1945012076624,1671.2044810404584,1690.4671630859375,90617,0.0,0.0
2020-01-10 00:00:00+05:30,1695.0267741954735,1702.890015192988,1675.9501621334327,1694.003173828125,83728,0.0,0.0
2020-01-13 00:00:00+05:30,1702.9365396053847,1705.169921720495,1689.0246171376784,1700.0982666015625,40504,0.0,0.0
2020-01-14 00:00:00+05:30,1702.9363964221395,1762.4926419800722,1695.5384394820494,1747.5570068359375,196390,0.0,0.0
2020-01-15 00:00:00+05:30,1757.8400208433673,1863.924595949849,1754.1177550501573,1799.34326171875,1110275,0.0,0.0
2020-01-16 00:00:00+05:30,1809.9515435545993,1821.5836228833564,1756.0252692242914,1769.56494140625,377999,0.0,0.0
2020-01-17 00:00:00+05:30,1772.7289630918174,1784.8263260945437,1751.9772872724059,1770.262939453125,133212,0.0,0.0
2020-01-20 00:00:00+05:30,1787.618181915347,1787.618181915347,1744.8586982230167,1764.260986328125,90779,0.0,0.0
2020-01-21 00:00:00+05:30,1765.2847152939792,1786.6877455795677,1763.5166161601733,1776.2188720703125,104946,0.0,0.0
2020-01-22 00:00:00+05:30,1782.0346113407293,1794.1319742375595,1769.9372484438993,1790.54931640625,142099,0.0,0.0
2020-01-23 00:00:00+05:30,1785.7568205569853,1805.2987138512513,1785.7568205569853,1800.9715576171875,167063,0.0,0.0
2020-01-24 00:00:00+05:30,1791.3403401533249,1837.8686606767878,1788.5486409219172,1824.6546630859375,122603,0.0,0.0
2020-01-27 00:00:00+05:30,1814.6045982229075,1831.8200777445093,1805.298933616636,1812.7900390625,75736,0.0,0.0
2020-01-28 00:00:00+05:30,1814.511246414117,1822.88634309254,1790.6887719143956,1812.836181640625,45498,0.0,0.0
2020-01-29 00:00:00+05:30,1819.2574380206756,1828.5631026652827,1807.4392893598404,1822.42138671875,57942,0.0,0.0
2020-01-30 00:00:00+05:30,1816.465779932112,1828.5631442451845,1809.9518145327652,1814.4185791015625,66300,0.0,0.0
2020-01-31 00:00:00+05:30,1815.5352058897251,1819.1178641255456,1781.104246065061,1805.5316162109375,36496,0.0,0.0
2020-02-03 00:00:00+05:30,1833.2158203125,1848.1048828125,1787.292390882969,1820.4205322265625,111165,0.0,0.0
2020-02-04 00:00:00+05:30,1824.7476559110353,1836.9380528947233,1791.3402998086842,1805.9036865234375,69255,0.0,0.0
2020-02-05 00:00:00+05:30,1814.5579595164131,1824.3754807624616,1785.9430418762981,1791.0611572265625,101884,0.0,0.0
2020-02-06 00:00:00+05:30,1793.201571296915,1813.9997089923747,1769.0068432980984,1780.964599609375,270273,0.0,0.0
2020-02-07 00:00:00+05:30,1782.0347802304411,1823.9102711496944,1782.0347802304411,1809.6260986328125,113586,0.0,0.0
2020-02-10 00:00:00+05:30,1818.3268473697922,1833.0298427505156,1804.0426750492288,1814.7906494140625,81940,0.0,0.0
2020-02-11 00:00:00+05:30,1828.0047591046234,1869.4149661750594,1793.2015511175293,1857.829345703125,201195,0.0,0.0
2020-02-12 00:00:00+05:30,1865.6925460877994,1903.00823496902,1860.527857273911,1878.62744140625,254798,0.0,0.0
2020-02-13 00:00:00+05:30,1884.2109865096916,1907.6612155261496,1849.966095837066,1880.0234375,149499,0.0,0.0
2020-02-14 00:00:00+05:30,1896.3081457054336,1905.79987699877,1879.8370532211416,1891.3760986328125,96950,0.0,0.0
2020-02-17 00:00:00+05:30,1889.0500620714158,1898.3091536373458,1847.1745680846109,1852.5718994140625,87972,0.0,0.0
2020-02-18 00:00:00+05:30,1858.3409724412552,1884.3968298415332,1800.6458596263537,1826.3294677734375,91588,0.0,0.0
2020-02-19 00:00:00+05:30,1836.9380778337788,1851.5479249096393,1815.6280845057574,1829.4005126953125,55627,0.0,0.0
2020-02-20 00:00:00+05:30,1829.5402878361942,1870.4386395161562,1826.9346562338774,1866.6697998046875,71624,0.0,0.0
2020-02-24 00:00:00+05:30,1870.4386483798612,1879.744313297174,1845.1272852425875,1860.43505859375,77015,0.0,0.0
2020-02-25 00:00:00+05:30,1853.8281893573642,1872.2999127960093,1847.1746157555062,1858.853271484375,51801,0.0,0.0
2020-02-26 00:00:00+05:30,1851.87383571914,1864.8551924442975,1833.2159326922485,1859.64404296875,61515,0.0,0.0
2020-02-27 00:00:00+05:30,1859.1787111175563,1859.1787111175563,1827.492878433146,1848.291015625,37212,0.0,0.0
2020-02-28 00:00:00+05:30,1798.7849045264654,1833.1692885880063,1723.781273181827,1777.521484375,180561,0.0,0.0
2020-03-02 00:00:00+05:30,1769.0534824269369,1811.8129674747197,1746.7663466939298,1774.357666015625,108079,0.0,0.0
2020-03-03 00:00:00+05:30,1803.437655034932,1847.1742751518784,1792.317432166414,1824.9337158203125,82575,0.0,0.0
2020-03-04 00:00:00+05:30,1829.49384984731,1835.9612419763457,1743.7421189577847,1765.8896484375,67995,0.0,0.0
2020-03-05 00:00:00+05:30,1764.3540692019083,1785.7570985223956,1749.4650053267867,1760.81787109375,43705,0.0,0.0
2020-03-06 00:00:00+05:30,1730.8537549407115,1800.5996712947237,1717.8258234519105,1765.75,91570,0.0,0.0
2020-03-09 00:00:00+05:30,1754.117979097355,1758.7708119331571,1721.6877569507253,1740.950439453125,164511,0.0,0.0
2020-03-11 00:00:00+05:30,1740.8571217426825,1768.076189395214,1593.3623448905028,1649.3359375,145952,0.0,0.0
2020-03-12 00:00:00+05:30,1565.4454049934975,1586.615791656361,1442.3779924148735,1498.584228515625,198480,0.0,0.0
2020-03-13 00:00:00+05:30,1394.9190504348117,1768.3553966995028,1260.9174872175915,1507.84326171875,234803,0.0,0.0
2020-03-16 00:00:00+05:30,1477.739614033074,1477.739614033074,1390.2663623207889,1421.2542724609375,168799,0.0,0.0
2020-03-17 00:00:00+05:30,1409.8080724535791,1418.5088454293539,1326.0570978523765,1387.1488037109375,163058,0.0,0.0
2020-03-18 00:00:00+05:30,1400.9678223726792,1451.6836950523941,1265.5704008149078,1280.878173828125,216453,0.0,0.0
2020-03-19 00:00:00+05:30,1233.9312448375551,1315.821101206865,1125.9855250780104,1267.431640625,226828,0.0,0.0
2020-03-20 00:00:00+05:30,1256.2646192418904,1488.9062153977961,1220.623881272994,1406.5045166015625,275061,0.0,0.0
2020-03-23 00:00:00+05:30,1153.9024919581896,1386.544123401373,1142.7356936489168,1203.3155517578125,116594,0.0,0.0
2020-03-24 00:00:00+05:30,1237.6533280535384,1307.4458089588131,1184.7506502462468,1290.3233642578125,83425,0.0,0.0
2020-03-25 00:00:00+05:30,1286.0426390951584,1340.0154850195572,1212.0626175263703,1323.0792236328125,151453,0.0,0.0
2020-03-26 00:00:00+05:30,1340.015821919307,1405.1554799292733,1279.528996624338,1329.0816650390625,147627,0.0,0.0
2020-03-27 00:00:00+05:30,1340.0158603393343,1376.3079565568578,1284.1818661585287,1297.0701904296875,78304,0.0,0.0
2020-03-30 00:00:00+05:30,1270.9678579853357,1301.909196224613,1247.0522291444117,1250.6348876953125,90379,0.0,0.0
2020-03-31 00:00:00+05:30,1265.5704131322148,1367.002159478841,1252.6355163379112,1329.639892578125,71623,0.0,0.0
2020-04-01 00:00:00+05:30,1345.5991248639232,1386.5440498252044,1284.1817374220013,1295.5811767578125,126701,0.0,0.0
2020-04-03 00:00:00+05:30,1284.181458239676,1295.5808950972385,1251.6116386466408,1260.1263427734375,76516,0.0,0.0
2020-04-07 00:00:00+05:30,1298.1400039268933,1298.1400039268933,1260.9173514845452,1272.2237548828125,88414,0.0,0.0
2020-04-08 00:00:00+05:30,1265.5704839657876,1281.6227566484417,1242.8181776881922,1261.3829345703125,92208,0.0,0.0
2020-04-09 00:00:00+05:30,1281.3900776776154,1344.6686000320656,1270.2698533781438,1301.536865234375,247085,0.0,0.0
2020-04-13 00:00:00+05:30,1314.890381339194,1326.0106048730731,1296.7909094967201,1302.0950927734375,110210,0.0,0.0
2020-04-15 00:00:00+05:30,1315.7744890056838,1385.7065858880565,1306.8410731089011,1368.3980712890625,146529,0.0,0.0
2020-04-16 00:00:00+05:30,1345.6458456609798,1418.6487482730233,1332.245664217811,1365.93212890625,164504,0.0,0.0
2020-04-17 00:00:00+05:30,1405.2482221537953,1405.2482221537953,1335.3627120007448,1344.38916015625,131889,0.0,0.0
2020-04-20 00:00:00+05:30,1372.5386903707317,1405.155083949214,1360.3018346543372,1388.4979248046875,275764,0.0,0.0
2020-04-21 00:00:00+05:30,1349.3211833284909,1385.427202499504,1335.6883638263018,1349.2281494140625,147847,0.0,0.0
2020-04-22 00:00:00+05:30,1347.4604468765851,1347.4604468765851,1288.8813244063408,1319.962158203125,151232,0.0,0.0
2020-04-23 00:00:00+05:30,1330.710024807257,1369.793815745652,1321.4043602981153,1357.8360595703125,122755,0.0,0.0
2020-04-24 00:00:00+05:30,1353.9741790392902,1367.9326757304168,1322.8467768558924,1334.2462158203125,151941,0.0,0.0
2020-04-27 00:00:00+05:30,1351.415153161151,1367.9327079682507,1322.6606265808698,1349.92626953125,447191,0.0,0.0
2020-04-28 00:00:00+05:30,1362.2096678911178,1369.747233377246,1344.6685131205288,1364.07080078125,51626,0.0,0.0
2020-04-29 00:00:00+05:30,1376.9126633970118,1389.3357027218667,1344.8545812022667,1363.326416015625,101143,0.0,0.0
2020-04-30 00:00:00+05:30,1384.682804771942,1535.4345617430808,1377.2382735634908,1482.345703125,236847,0.0,0.0
2020-05-04 00:00:00+05:30,1460.9892660117016,1460.9892660117016,1398.8739580459176,1438.05078125,78506,0.0,0.0
2020-05-05 00:00:00+05:30,1444.4251962282467,1478.2048037537295,1419.1138342615282,1428.791748046875,137671,0.0,0.0
2020-05-06 00:00:00+05:30,1428.791764150761,1458.6163510109006,1405.2019271293423,1429.443115234375,148484,0.0,0.0
2020-05-07 00:00:00+05:30,1429.4432222283413,1489.837012668803,1429.2571543603926,1482.6251220703125,73424,0.0,0.0
2020-05-08 00:00:00+05:30,1493.79196277181,1501.9344201300116,1461.0825256368094,1474.622314453125,84477,0.0,0.0
2020-05-11 00:00:00+05:30,1488.906483792598,1558.419759816845,1484.951575945024,1502.1204833984375,115867,0.0,0.0
2020-05-12 00:00:00+05:30,1501.9341158738953,1540.0873369091057,1480.3450216039773,1533.8990478515625,82129,0.0,0.0
2020-05-13 00:00:00+05:30,1571.7265023576902,1571.7265023576902,1530.8746185058656,1541.4365234375,316636,0.0,0.0
2020-05-14 00:00:00+05:30,1530.7816895494038,1551.3937575105704,1514.9620611467656,1533.8060302734375,173331,0.0,0.0
2020-05-15 00:00:00+05:30,1535.4344562249107,1542.832413167094,1522.4531012600914,1531.526123046875,66726,0.0,0.0
2020-05-18 00:00:00+05:30,1540.0876152023955,1552.1849801556468,1488.906455784793,1531.3868408203125,205525,0.0,0.0
2020-05-19 00:00:00+05:30,1545.6708413156127,1563.351603498031,1526.1289462718873,1554.185546875,59442,0.0,0.0
2020-05-20 00:00:00+05:30,1600.5276685294116,1706.658814160813,1592.1991445088067,1660.1304931640625,842330,0.0,0.0
2020-05-21 00:00:00+05:30,1641.4725830186371,1675.0195477318578,1624.5828934546341,1660.968017578125,104118,0.0,0.0
2020-05-22 00:00:00+05:30,1661.0144045536722,1711.3115625279913,1648.033049068555,1662.596435546875,125113,0.0,0.0
2020-05-26 00:00:00+05:30,1670.3666746988215,1683.9994950691691,1644.3573894637468,1663.15478515625,82065,0.0,0.0
2020-05-27 00:00:00+05:30,1662.9222813092808,1683.4413174034312,1662.9222813092808,1669.622314453125,113020,0.0,0.0
2020-05-28 00:00:00+05:30,1662.9224031964534,1692.6539586439876,1651.8486386767393,1668.8780517578125,90551,0.0,0.0
2020-05-29 00:00:00+05:30,1656.594375599008,1686.1864346246066,1656.594375599008,1673.949462890625,46008,0.0,0.0
2020-06-01 00:00:00+05:30,1670.366572266594,1730.8533840756907,1670.366572266594,1714.9871826171875,170384,0.0,0.0
2020-06-02 00:00:00+05:30,1717.825739649984,1762.4929311468416,1691.6302702511475,1729.50439453125,321389,0.0,0.0
2020-06-03 00:00:00+05:30,1726.1540444311947,1749.5578113805138,1716.0109618630195,1720.0123291015625,154333,0.0,0.0
2020-06-04 00:00:00+05:30,1721.5015204627696,1739.5080738374897,1718.2911113464888,1732.0169677734375,50379,0.0,0.0
2020-06-05 00:00:00+05:30,1735.5527743147975,1740.8103831888673,1720.7101732363994,1728.2943115234375,54930,0.0,0.0
2020-06-08 00:00:00+05:30,1743.0906088620345,1753.978191141099,1726.200804684889,1740.1593017578125,54420,0.0,0.0
2020-06-09 00:00:00+05:30,1727.1313141554622,1763.4234053473065,1721.7339833609117,1754.489990234375,210894,0.0,0.0
2020-06-10 00:00:00+05:30,1754.1174319639902,1767.1453598406458,1749.0923513498053,1756.44384765625,48949,0.0,0.0
2020-06-11 00:00:00+05:30,1750.8608817126026,1756.8629902407943,1737.1815995069576,1740.5316162109375,44855,0.0,0.0
2020-06-12 00:00:00+05:30,1693.6309794657939,1740.5315523852933,1675.9502164933488,1721.5479736328125,68224,0.0,0.0
2020-06-15 00:00:00+05:30,1717.8257717302245,1746.9059750707281,1713.172939195744,1731.2259521484375,44690,0.0,0.0
2020-06-16 00:00:00+05:30,1730.8534270065684,1751.8842039921515,1722.4783297791173,1745.7890625,59204,0.0,0.0
2020-06-17 00:00:00+05:30,1730.8532905386883,1776.358004605625,1730.8532905386883,1751.697998046875,57194,0.0,0.0
2020-06-18 00:00:00+05:30,1749.4183516005141,1756.9094569580923,1733.645295716592,1747.417724609375,104370,0.0,0.0
2020-06-19 00:00:00+05:30,1749.4650482369839,1786.7807427703635,1730.8537179365903,1740.019775390625,159380,0.0,0.0
2020-06-22 00:00:00+05:30,1740.1591796875,1763.3767660856247,1736.9952311873435,1747.138427734375,38770,0.0,0.0
2020-06-23 00:00:00+05:30,1749.4649250361522,1775.5207856217971,1734.0175446935702,1754.39697265625,91005,0.0,0.0
2020-06-24 00:00:00+05:30,1758.7706675637753,1805.2989921024996,1758.7706675637753,1792.643310546875,104080,0.0,0.0
2020-06-25 00:00:00+05:30,1763.6559408378196,1786.5944249426389,1750.3953698540765,1761.3760986328125,148027,0.0,0.0
2020-06-26 00:00:00+05:30,1774.5436271970295,1817.39625719387,1761.4226631128474,1794.783447265625,171354,0.0,0.0
2020-06-29 00:00:00+05:30,1791.340542234394,1809.9518725433227,1758.9103218899947,1801.9954833984375,61906,0.0,0.0
2020-06-30 00:00:00+05:30,1805.2988927008887,1842.5215502823505,1799.7154940636694,1821.9560546875,153842,0.0,0.0
2020-07-01 00:00:00+05:30,1824.0963641362412,1832.285394577757,1791.3404695592596,1802.8795166015625,84097,0.0,0.0
2020-07-02 00:00:00+05:30,1807.1601058732567,1833.2159673379585,1800.646140507081,1826.4693603515625,79238,0.0,0.0
2020-07-03 00:00:00+05:30,1824.8871270018192,1859.9694318227819,1821.164861722374,1840.892822265625,203491,0.0,0.0
2020-07-06 00:00:00+05:30,1856.712857324701,1870.43871355602,1844.3362771155912,1861.5517578125,225856,0.0,0.0
2020-07-07 00:00:00+05:30,1861.5515299807216,1884.3969807905885,1842.5214923285755,1869.6009521484375,225411,0.0,0.0
2020-07-08 00:00:00+05:30,1879.7442606892878,1926.272583973676,1871.6018041145198,1911.15087890625,219843,0.0,0.0
2020-07-09 00:00:00+05:30,1913.7291270905569,1967.174771502199,1908.7127605506098,1952.1724853515625,229155,15.5,0.0
2020-07-10 00:00:00+05:30,1950.203630824339,1987.8032075912329,1932.3417143800941,1978.0985107421875,167520,0.0,0.0
2020-07-13 00:00:00+05:30,1990.6157407525786,2090.9435242007776,1984.5210623188095,2059.110595703125,478574,0.0,0.0
2020-07-14 00:00:00+05:30,2062.8144184831203,2113.02524249818,2034.6851309583506,2100.8828125,266985,0.0,0.0
2020-07-15 00:00:00+05:30,2109.9779882667685,2165.9552269193896,2024.0428740564828,2054.188232421875,269713,0.0,0.0
2020-07-16 00:00:00+05:30,2118.1355773272717,2190.334089701862,2073.41005115909,2148.32763671875,365530,0.0,0.0
2020-07-17 00:00:00+05:30,2164.079773164891,2164.079773164891,2077.8166279607444,2122.823486328125,122822,0.0,0.0
2020-07-20 00:00:00+05:30,2062.8147134638507,2117.1510825192395,2058.1264982059784,2109.41552734375,110405,0.0,0.0
2020-07-21 00:00:00+05:30,2109.696778969324,2142.514284419958,2105.2429746581665,2137.497802734375,99336,0.0,0.0
2020-07-22 00:00:00+05:30,2156.5787188433014,2203.4608649051124,2137.825860418577,2185.3173828125,315764,0.0,0.0
2020-07-23 00:00:00+05:30,2185.317641869873,2211.8999134047936,2109.696822874432,2120.901611328125,230141,0.0,0.0
2020-07-24 00:00:00+05:30,2068.1122376212647,2161.267163320682,2068.1122376212647,2132.5751953125,154741,0.0,0.0
2020-07-27 00:00:00+05:30,2120.010695210297,2333.7932863239403,2120.010695210297,2275.659423828125,500141,0.0,0.0
2020-07-28 00:00:00+05:30,2259.7199330915005,2315.9785206373467,2236.2788549473976,2265.064453125,248944,0.0,0.0
2020-07-29 00:00:00+05:30,2265.3452857094767,2333.418252997404,2246.592427384067,2250.764892578125,272337,0.0,0.0
2020-07-30 00:00:00+05:30,2269.096347210219,2287.755353705278,2206.5086690382013,2237.685302734375,137769,0.0,0.0
2020-07-31 00:00:00+05:30,2212.883984769198,2283.160268397094,2212.883984769198,2266.09521484375,87307,0.0,0.0
2020-08-03 00:00:00+05:30,2266.283205581074,2342.1384352106934,2263.1420098610015,2335.387451171875,400660,0.0,0.0
2020-08-04 00:00:00+05:30,2344.107158044845,2344.107158044845,2273.7839433034997,2295.865478515625,194655,0.0,0.0
2020-08-05 00:00:00+05:30,2304.7264002853353,2371.2990505783614,2304.7264002853353,2343.919921875,373103,0.0,0.0
2020-08-06 00:00:00+05:30,2353.4839434978517,2367.501660644897,2279.5040019402563,2314.99365234375,169207,0.0,0.0
2020-08-07 00:00:00+05:30,2320.6660044383807,2353.2021648586806,2293.5212902910184,2313.7275390625,75157,0.0,0.0
2020-08-10 00:00:00+05:30,2320.6662302248083,2366.610733368653,2303.8355855707664,2362.203857421875,205400,0.0,0.0
2020-08-11 00:00:00+05:30,2367.5488768774294,2372.2370924752063,2309.743270123549,2359.531982421875,280142,0.0,0.0
2020-08-12 00:00:00+05:30,2344.107259747877,2372.236546864852,2321.6038300542973,2340.966064453125,66881,0.0,0.0
2020-08-13 00:00:00+05:30,2360.938094633284,2360.938094633284,2303.8357287439662,2317.712890625,75354,0.0,0.0
2020-08-14 00:00:00+05:30,2317.900132973565,2329.151847561168,2273.7839895779966,2287.8486328125,88007,0.0,0.0
2020-08-17 00:00:00+05:30,2298.2570135123174,2314.94687697457,2251.1871484068647,2288.69287109375,99081,0.0,0.0
2020-08-18 00:00:00+05:30,2298.3501432576995,2306.5545183205704,2260.844428684575,2271.111572265625,110602,0.0,0.0
2020-08-19 00:00:00+05:30,2261.2665692778382,2287.4269454011546,2231.590260945822,2236.559814453125,218023,0.0,0.0
2020-08-20 00:00:00+05:30,2231.5896890704284,2253.5304373038603,2207.914210226299,2225.5888671875,76165,0.0,0.0
2020-08-21 00:00:00+05:30,2228.121124361971,2245.6550028177408,2210.024568535038,2219.916748046875,47903,0.0,0.0
2020-08-24 00:00:00+05:30,2239.0916178312377,2239.0916178312377,2183.770677524687,2194.459716796875,95077,0.0,0.0
2020-08-25 00:00:00+05:30,2197.4131746049957,2238.2942697512203,2189.443209554118,2197.1318359375,111386,0.0,0.0
2020-08-26 00:00:00+05:30,2216.259706106686,2343.0759173204124,2200.4605594718773,2317.525146484375,307900,0.0,0.0
2020-08-27 00:00:00+05:30,2315.978004708667,2370.0799552296494,2302.5227372846603,2341.15380859375,306226,0.0,0.0
2020-08-28 00:00:00+05:30,2344.1074575287766,2372.236747019122,2339.513098478718,2362.4853515625,239015,0.0,0.0
2020-08-31 00:00:00+05:30,2358.171820431839,2372.2364634960445,2256.531424787865,2305.054443359375,140050,0.0,0.0
2020-09-01 00:00:00+05:30,2325.4014847526837,2390.9895644732187,2298.6317322769,2317.525146484375,329890,0.0,0.0
2020-09-02 00:00:00+05:30,2344.1070200967956,2372.2363043379573,2287.8484516144727,2324.60400390625,153680,0.0,0.0
2020-09-03 00:00:00+05:30,2343.1228217477596,2360.5161443844663,2326.2921764519806,2333.090087890625,68054,0.0,0.0
2020-09-04 00:00:00+05:30,2299.100355720737,2332.996054471873,2275.753139433654,2324.041748046875,206186,0.0,0.0
2020-09-07 00:00:00+05:30,2320.666524166883,2342.2323140884337,2253.156225282028,2259.7197265625,105555,0.0,0.0
2020-09-08 00:00:00+05:30,2282.2228539202506,2352.358589709034,2260.2351733583087,2333.183837890625,227660,0.0,0.0
2020-09-09 00:00:00+05:30,2324.9801045477793,2350.390097199232,2261.595334453268,2302.3828125,122396,0.0,0.0
2020-09-10 00:00:00+05:30,2316.0248065299734,2367.4076813608726,2306.695305798295,2318.556396484375,131035,0.0,0.0
2020-09-11 00:00:00+05:30,2319.728396914025,2353.4835393105104,2318.6032712841507,2343.54443359375,88596,0.0,0.0
2020-09-14 00:00:00+05:30,2349.7333609050725,2518.6496559972115,2344.107502898117,2486.347900390625,869710,0.0,0.0
2020-09-15 00:00:00+05:30,2485.691288867041,2606.6472210676625,2482.8314322836045,2523.009521484375,317535,0.0,0.0
2020-09-16 00:00:00+05:30,2520.3845214704547,2531.6362380841624,2503.553874485803,2529.385986328125,168792,0.0,0.0
2020-09-17 00:00:00+05:30,2526.948003605643,2587.8948014662615,2508.288998596557,2567.2197265625,478651,0.0,0.0
2020-09-18 00:00:00+05:30,2578.5182172439463,2620.1027753323783,2508.1949931372933,2538.105712890625,405293,0.0,0.0
2020-09-21 00:00:00+05:30,2479.127971474033,2563.797176041081,2448.701503386604,2491.3642578125,349426,0.0,0.0
2020-09-22 00:00:00+05:30,2494.1302628373855,2531.5890531443965,2345.9826757966684,2418.978271484375,340180,0.0,0.0
2020-09-23 00:00:00+05:30,2455.1243557702883,2516.6338285412758,2251.2808577971696,2295.77197265625,663967,0.0,0.0
2020-09-24 00:00:00+05:30,2295.818933377232,2361.0320511705427,2167.455695567032,2263.84521484375,841246,0.0,0.0
2020-09-25 00:00:00+05:30,2240.028719611341,2339.3250036858644,2222.2135058513513,2319.447021484375,270255,0.0,0.0
2020-09-28 00:00:00+05:30,2333.7935173279143,2399.3346739979415,2333.7465893927483,2377.90966796875,209712,0.0,0.0
2020-09-29 00:00:00+05:30,2376.6433698079263,2401.866100711201,2312.3679043935485,2345.513671875,242930,0.0,0.0
2020-09-30 00:00:00+05:30,2360.9855535135453,2410.6806426065623,2348.186815530835,2384.9423828125,219526,0.0,0.0
2020-10-01 00:00:00+05:30,2405.0542253499357,2433.183514535315,2358.3595595188576,2369.658203125,93535,0.0,0.0
2020-10-05 00:00:00+05:30,2394.2713527741566,2429.1046979631124,2362.8603129002836,2420.150390625,137708,0.0,0.0
2020-10-06 00:00:00+05:30,2437.871500187349,2548.5133605804667,2433.370768557505,2514.008056640625,234362,0.0,0.0
2020-10-07 00:00:00+05:30,2522.2595295942806,2530.6983161245216,2467.032451535286,2500.78759765625,121336,0.0,0.0
2020-10-08 00:00:00+05:30,2548.513760490991,2774.4857311599862,2548.513760490991,2682.9716796875,843440,0.0,0.0
2020-10-09 00:00:00+05:30,2671.344771016152,2766.0467091953838,2638.761678424783,2744.71533203125,357820,0.0,0.0
2020-10-12 00:00:00+05:30,2754.091886997617,3293.6585026740618,2752.9198332538954,3072.374755859375,1359930,0.0,0.0
2020-10-13 00:00:00+05:30,2958.7323751842086,3112.974642881183,2958.7323751842086,3047.105224609375,859404,0.0,0.0
2020-10-14 00:00:00+05:30,3056.7161838428615,3276.7809504361744,3047.3397538310737,3122.866943359375,1614845,0.0,0.0
2020-10-15 00:00:00+05:30,3100.0350851973276,3177.671967483367,2995.769234614741,3090.89306640625,606071,0.0,0.0
2020-10-16 00:00:00+05:30,3117.663020825808,3154.6999198702047,2836.4639725592274,2883.392822265625,796043,0.0,0.0
2020-10-19 00:00:00+05:30,2897.6448572815657,2949.0744335236673,2776.5481381553313,2827.227783203125,481161,0.0,0.0
2020-10-20 00:00:00+05:30,2836.3696381064906,2899.191709429841,2766.9840667941335,2779.923583984375,458852,0.0,0.0
2020-10-21 00:00:00+05:30,2802.614916642422,2943.2613661226374,2802.614916642422,2906.552734375,968628,0.0,0.0
2020-10-22 00:00:00+05:30,2917.476034741883,2938.4791452250743,2842.136332250712,2861.686279296875,407235,0.0,0.0
2020-10-23 00:00:00+05:30,2886.9087873635103,2912.0845921392324,2851.4660669847476,2870.265625,204794,0.0,0.0
2020-10-26 00:00:00+05:30,2892.628773558834,2908.5687052121566,2790.1912716102756,2812.178955078125,191704,0.0,0.0
2020-10-27 00:00:00+05:30,2851.7108620396457,2851.7108620396457,2724.398689092732,2731.65478515625,473219,15.0,0.0
2020-10-28 00:00:00+05:30,2746.9673685414,2778.819043047735,2708.8962833165147,2722.654541015625,339972,0.0,0.0
2020-10-29 00:00:00+05:30,2713.938193906711,2779.855951980949,2663.8048992844992,2764.11865234375,356589,0.0,0.0
2020-10-30 00:00:00+05:30,2764.118455738549,2811.801759339429,2724.35108024175,2750.265869140625,275917,0.0,0.0
2020-11-02 00:00:00+05:30,2732.8323905483157,2784.6619703690594,2667.8098267732007,2688.635986328125,279552,0.0,0.0
2020-11-03 00:00:00+05:30,2714.833093935977,2826.1254207722604,2699.8497267464245,2767.0869140625,311155,0.0,0.0
2020-11-04 00:00:00+05:30,2779.950335593438,2892.420621706184,2775.2385553636186,2863.8671875,337813,0.0,0.0
2020-11-05 00:00:00+05:30,2863.8668448775397,3005.1730710509887,2863.8668448775397,2995.74951171875,379717,0.0,0.0
2020-11-06 00:00:00+05:30,2995.7499566931174,3043.715788791882,2958.998069838436,2985.61962890625,263716,0.0,0.0
2020-11-09 00:00:00+05:30,3019.3088588976566,3100.35148120265,3015.5394346044013,3090.50390625,313385,0.0,0.0
2020-11-10 00:00:00+05:30,3085.7918586716,3088.1005848378163,2827.0679751337957,2849.49609375,512059,0.0,0.0
2020-11-11 00:00:00+05:30,2877.8604191441514,2926.0148947857597,2732.8319468208388,2808.267578125,670169,0.0,0.0
2020-11-12 00:00:00+05:30,2827.0676193331087,2882.66661584666,2799.7392990128888,2811.330322265625,310817,0.0,0.0
2020-11-13 00:00:00+05:30,2812.9321066022144,2887.2369546109194,2775.8503132704896,2847.846435546875,191905,0.0,0.0
2020-11-14 00:00:00+05:30,2868.4845618080553,2869.474081642789,2836.2088681147006,2862.736328125,21361,0.0,0.0
2020-11-17 00:00:00+05:30,2874.1856597481205,2882.1956853572547,2813.8748786911106,2825.135986328125,282279,0.0,0.0
2020-11-18 00:00:00+05:30,2836.4916113701706,2927.9001450256214,2817.6916548431714,2843.6064453125,498558,0.0,0.0
2020-11-19 00:00:00+05:30,2853.453622284089,2873.997026608588,2784.331726031738,2811.047607421875,274028,0.0,0.0
2020-11-20 00:00:00+05:30,2835.218849004052,2927.99396691348,2818.7276215538527,2913.387451171875,491454,0.0,0.0
2020-11-23 00:00:00+05:30,2940.15068708518,3099.9271911099677,2930.727127190676,3075.9912109375,710638,0.0,0.0
2020-11-24 00:00:00+05:30,3062.609730545468,3220.9726968964037,3046.6368429099102,3143.65234375,817267,0.0,0.0
2020-11-25 00:00:00+05:30,3174.5617098750977,3180.969776557115,2902.64484563989,2929.21923828125,598000,0.0,0.0
2020-11-26 00:00:00+05:30,2953.720706061333,2996.6450700791897,2857.97746958487,2910.843505859375,409436,0.0,0.0
2020-11-27 00:00:00+05:30,2935.768779317854,3062.65691934949,2909.1941567637505,3015.963134765625,5781528,0.0,0.0
2020-12-01 00:00:00+05:30,3082.681702470003,3271.2472079212475,3017.4707209524313,3160.143310546875,865205,0.0,0.0
2020-12-02 00:00:00+05:30,3154.065222649056,3204.952441658034,3043.8095814629373,3198.120361328125,577260,0.0,0.0
2020-12-03 00:00:00+05:30,3204.01036668471,3204.01036668471,3090.927647860544,3110.38720703125,358686,0.0,0.0
2020-12-04 00:00:00+05:30,3128.6221604907532,3138.0457212151227,3069.0653027262165,3076.933837890625,251735,0.0,0.0
2020-12-07 00:00:00+05:30,3063.363868246835,3146.5267879954417,3048.5217607562904,3082.3994140625,322749,0.0,0.0
2020-12-08 00:00:00+05:30,3109.774645350639,3137.1029679915987,3048.5215083967623,3073.44677734375,334352,0.0,0.0
2020-12-09 00:00:00+05:30,3081.598518952073,3128.5276647843652,3067.7457013775365,3077.593505859375,142608,0.0,0.0
2020-12-10 00:00:00+05:30,3081.504232626962,3105.0631334880245,3031.2766099776986,3063.976318359375,117946,0.0,0.0
2020-12-11 00:00:00+05:30,3089.7500663821415,3105.0633530245236,3055.024152030762,3080.232177734375,215585,0.0,0.0
2020-12-14 00:00:00+05:30,3099.408502640118,3127.6791791616147,3025.9990712995723,3048.47412109375,264171,0.0,0.0
2020-12-15 00:00:00+05:30,3048.521599280316,3085.226318735764,3032.0775334213213,3075.048828125,220098,0.0,0.0
2020-12-16 00:00:00+05:30,3077.2633711337658,3123.9099909074976,3076.8393569674786,3099.361572265625,364862,0.0,0.0
2020-12-17 00:00:00+05:30,3114.4865990723542,3127.679583153145,3098.6549721619285,3115.428955078125,282060,0.0,0.0
2020-12-18 00:00:00+05:30,3133.333697633675,3204.010397580299,3124.9937550130203,3162.923583984375,722305,0.0,0.0
2020-12-21 00:00:00+05:30,3175.739984208819,3250.1861144024383,3090.9279371527973,3199.722900390625,753013,0.0,0.0
2020-12-22 00:00:00+05:30,3201.1831929985965,3409.443859955526,3126.8313998540443,3367.037841796875,867964,0.0,0.0
2020-12-23 00:00:00+05:30,3368.9226492176267,3485.3036134633267,3348.1908175301337,3463.111083984375,909379,0.0,0.0
2020-12-24 00:00:00+05:30,3463.1110869293598,3463.1110869293598,3393.423907734024,3416.60595703125,239343,0.0,0.0
2020-12-28 00:00:00+05:30,3430.1758013673348,3462.1215773805893,3374.6711256194144,3430.882568359375,165151,0.0,0.0
2020-12-29 00:00:00+05:30,3440.588832803729,3461.0379114731113,3376.602723981457,3401.85791015625,153207,0.0,0.0
2020-12-30 00:00:00+05:30,3401.8576252463986,3463.063594758995,3360.252704409971,3450.106201171875,269551,0.0,0.0
2020-12-31 00:00:00+05:30,3432.0605279281663,3463.1582757100523,3402.894655946207,3448.5517578125,263584,0.0,0.0
2021-01-01 00:00:00+05:30,3442.4264881190243,3533.175417462877,3416.0876837785654,3486.0576171875,285207,0.0,0.0
2021-01-04 00:00:00+05:30,3514.611014182453,3684.5176161819145,3495.6224028254665,3623.688720703125,373949,0.0,0.0
2021-01-05 00:00:00+05:30,3623.3586210399094,3956.8582991003536,3583.779671213206,3891.317626953125,840857,0.0,0.0
2021-01-06 00:00:00+05:30,3907.9503165270417,3919.2585884822684,3708.1708453180395,3728.808349609375,597076,0.0,0.0
2021-01-07 00:00:00+05:30,3767.5864046926504,3796.7522765143995,3646.917674388366,3659.073974609375,363617,0.0,0.0
2021-01-08 00:00:00+05:30,3694.8365234560506,3876.8524883378136,3694.0354288488647,3856.30908203125,582258,0.0,0.0
2021-01-11 00:00:00+05:30,3910.7777809855847,4033.284072920073,3830.6775131822656,4000.44287109375,426541,0.0,0.0
2021-01-12 00:00:00+05:30,3981.6894456857103,4187.829808088823,3929.6242798673243,4038.136474609375,559357,0.0,0.0
2021-01-13 00:00:00+05:30,4052.1312151059346,4179.34928813833,4024.802888306383,4148.67578125,376243,0.0,0.0
2021-01-14 00:00:00+05:30,4165.213384913114,4221.754743079356,4087.940195419251,4137.6025390625,322695,0.0,0.0
2021-01-15 00:00:00+05:30,4174.636961928104,4224.5818285155065,3957.895088058248,4040.68115234375,219119,0.0,0.0
2021-01-18 00:00:00+05:30,4042.660539036332,4044.5921848936528,3739.834328972194,3777.76416015625,194306,0.0,0.0
2021-01-19 00:00:00+05:30,3851.4089601668916,3929.435852673255,3818.143747455619,3855.50830078125,432450,0.0,0.0
2021-01-20 00:00:00+05:30,3870.2562079227496,3995.68388730654,3827.8501866525953,3855.13134765625,233400,0.0,0.0
2021-01-21 00:00:00+05:30,3929.624174924528,3939.0008003550365,3731.7294323024294,3749.964111328125,193223,0.0,0.0
2021-01-22 00:00:00+05:30,3741.153008317414,3796.56358251453,3684.611653027982,3702.9404296875,147463,0.0,0.0
2021-01-25 00:00:00+05:30,3726.0754408525563,3765.560063284819,3646.9175407433972,3669.392822265625,173743,0.0,0.0
2021-01-27 00:00:00+05:30,3688.099091865325,3877.7954243736854,3628.0710531807263,3793.7373046875,349263,0.0,0.0
2021-01-28 00:00:00+05:30,3760.000125425756,3816.4943168857853,3722.3058885793826,3741.9541015625,117674,0.0,0.0
2021-01-29 00:00:00+05:30,3775.6433228724163,3815.175107721512,3562.105379273169,3735.404541015625,236889,0.0,0.0
2021-02-01 00:00:00+05:30,3766.5963930936655,3778.8470193409057,3679.8996534978146,3710.66748046875,128714,0.0,0.0
2021-02-02 00:00:00+05:30,3747.985483046961,3863.6596845791787,3723.2486375054477,3805.751953125,158015,0.0,0.0
2021-02-03 00:00:00+05:30,3816.541994569083,4096.4217408374825,3805.752063832484,4057.31396484375,343177,0.0,0.0
2021-02-04 00:00:00+05:30,4068.1510713437224,4127.472568796084,4007.039189421782,4055.617919921875,146650,0.0,0.0
2021-02-05 00:00:00+05:30,4053.072739128072,4070.977501286508,3881.18711443403,3886.88818359375,142196,0.0,0.0
2021-02-08 00:00:00+05:30,3921.8969830600863,3925.2895566579,3840.1006670165584,3865.449951171875,111277,0.0,0.0
2021-02-09 00:00:00+05:30,3884.108798824451,3929.483146907455,3813.1491179610525,3833.315673828125,90282,0.0,0.0
2021-02-10 00:00:00+05:30,3840.1001184722027,3863.659014904548,3729.65605801084,3769.3291015625,109185,0.0,0.0
2021-02-11 00:00:00+05:30,3753.4039028179236,3816.447426432076,3750.5768348519546,3794.255126953125,87408,0.0,0.0
2021-02-12 00:00:00+05:30,3794.2551859901855,3842.645028720183,3760.0004532425883,3807.02392578125,65326,0.0,0.0
2021-02-15 00:00:00+05:30,3825.96536511412,3840.1007051330143,3770.366361039801,3799.767822265625,69804,0.0,0.0
2021-02-16 00:00:00+05:30,3801.4172993459165,3824.081009300669,3694.0358690139533,3717.547607421875,92060,0.0,0.0
2021-02-17 00:00:00+05:30,3727.9598485381985,3745.4405960659215,3644.0901755048567,3652.47705078125,105727,0.0,0.0
2021-02-18 00:00:00+05:30,3618.3642806921193,3748.07972189973,3614.924773325246,3648.142822265625,147042,0.0,0.0
2021-02-19 00:00:00+05:30,3698.747043173973,3698.747043173973,3588.491398829679,3600.412109375,120226,0.0,0.0
2021-02-22 00:00:00+05:30,3601.6845896404498,3632.735173461786,3557.3938581613547,3575.015869140625,63480,0.0,0.0
2021-02-23 00:00:00+05:30,3581.7539320031497,3629.0129938693526,3533.835036876155,3538.122802734375,90928,0.0,0.0
2021-02-24 00:00:00+05:30,3569.9747948105755,3604.5120535714286,3487.659898109244,3504.38671875,50985,0.0,0.0
2021-02-25 00:00:00+05:30,3514.9877732719133,3546.8394511182546,3430.175735847122,3445.724609375,251215,0.0,0.0
2021-02-26 00:00:00+05:30,3416.0407392045,3438.233270571984,3364.2111555751903,3392.340576171875,240333,0.0,0.0
2021-03-01 00:00:00+05:30,3383.0578121446506,3482.1936106541903,3383.0578121446506,3400.0673828125,190862,0.0,0.0
2021-03-02 00:00:00+05:30,3430.694122670115,3669.534200739161,3417.9251530767688,3611.862060546875,394399,0.0,0.0
2021-03-03 00:00:00+05:30,3645.032987496309,3738.326230971525,3629.0129355864237,3685.695556640625,232927,0.0,0.0
2021-03-04 00:00:00+05:30,3656.624567400624,3783.5598931446975,3591.4605024334105,3698.465087890625,251366,0.0,0.0
2021-03-05 00:00:00+05:30,3684.611877254562,3694.035437042937,3599.7998391591887,3623.5,132490,0.0,0.0
2021-03-08 00:00:00+05:30,3646.917424304376,3727.017677809769,3624.300882138147,3643.33642578125,162750,0.0,0.0
2021-03-09 00:00:00+05:30,3664.8222230813108,3694.0352570014757,3637.3526396639736,3671.889892578125,100893,0.0,0.0
2021-03-10 00:00:00+05:30,3727.017676905047,3910.777081961048,3709.1600781707702,3890.940673828125,1096653,0.0,0.0
2021-03-12 00:00:00+05:30,3927.7397751125686,3934.289333311635,3769.423968438166,3784.548828125,354537,0.0,0.0
2021-03-15 00:00:00+05:30,3814.6569700508658,3882.506599952956,3738.326136411014,3851.73876953125,311584,0.0,0.0
2021-03-16 00:00:00+05:30,3882.5065431191015,3956.0103077703857,3838.215813136918,3878.690185546875,361187,0.0,0.0
2021-03-17 00:00:00+05:30,3878.690216307262,3947.293546471962,3788.2709774556342,3814.939697265625,319928,0.0,0.0
2021-03-18 00:00:00+05:30,3835.3889950449343,3897.584492261879,3722.306272832307,3776.444580078125,327009,0.0,0.0
2021-03-19 00:00:00+05:30,3741.1531218378577,3859.0888769640596,3684.6117648327513,3840.19482421875,279744,0.0,0.0
2021-03-22 00:00:00+05:30,3854.235831093891,3950.309204140458,3840.194819481891,3857.1572265625,251199,0.0,0.0
2021-03-23 00:00:00+05:30,3882.506491859276,3897.678514594703,3788.7420753689853,3801.93505859375,198149,0.0,0.0
2021-03-24 00:00:00+05:30,3797.6950345390583,3830.6774976181814,3723.9085068371387,3743.226806640625,129661,0.0,0.0
2021-03-25 00:00:00+05:30,3760.612793066132,3760.612793066132,3566.6761167709287,3616.4794921875,269938,0.0,0.0
2021-03-26 00:00:00+05:30,3642.488573943076,3745.8649777559735,3636.928535684095,3719.714599609375,138918,0.0,0.0
2021-03-30 00:00:00+05:30,3764.712734804284,3999.359410890959,3693.0936690107606,3923.028564453125,354158,0.0,0.0
2021-03-31 00:00:00+05:30,3934.3365692518905,3934.3365692518905,3790.862858433064,3820.59423828125,229616,0.0,0.0
2021-04-01 00:00:00+05:30,3846.697055828234,3947.5291442588127,3837.556248965292,3875.721435546875,213617,0.0,0.0
2021-04-05 00:00:00+05:30,3877.794914955919,4049.115050595571,3843.9172629881887,4023.388916015625,456022,0.0,0.0
2021-04-06 00:00:00+05:30,4052.1308826163813,4099.154355948161,3990.4065633579226,4012.127685546875,286197,0.0,0.0
2021-04-07 00:00:00+05:30,3981.9260745719807,4075.690515329267,3942.8652265040732,4050.671142578125,246137,0.0,0.0
2021-04-08 00:00:00+05:30,4042.7064793024633,4135.010416187961,4024.3305407601792,4076.67822265625,291750,0.0,0.0
2021-04-09 00:00:00+05:30,4033.283321659532,4193.483827426382,4028.571542078154,4126.19970703125,379136,0.0,0.0
2021-04-12 00:00:00+05:30,4127.519431477893,4136.000635789149,3886.417548002622,4012.31640625,294617,0.0,0.0
2021-04-13 00:00:00+05:30,4023.86016680422,4073.9462967598524,3830.6771845571793,3871.43408203125,335455,0.0,0.0
2021-04-15 00:00:00+05:30,3873.0835193065855,3874.5913810734232,3733.803243572055,3812.018798828125,265495,0.0,0.0
2021-04-16 00:00:00+05:30,3858.9479534963402,3934.3364361043273,3818.7093969178054,3854.141845703125,307827,0.0,0.0
2021-04-19 00:00:00+05:30,3825.96508591171,3854.235763886427,3733.8969573208547,3829.1220703125,174917,0.0,0.0
2021-04-20 00:00:00+05:30,3830.771197315847,3882.506446038294,3689.417807290181,3740.4462890625,269477,0.0,0.0
2021-04-22 00:00:00+05:30,3756.230764568434,3768.4813917484116,3659.168103065537,3689.55908203125,202748,0.0,0.0
2021-04-23 00:00:00+05:30,3692.15013135298,3759.999750918426,3628.0699350967266,3676.17724609375,184712,0.0,0.0
2021-04-26 00:00:00+05:30,3733.0019993497685,3765.607378618684,3676.130723229784,3707.275634765625,152758,0.0,0.0
2021-04-27 00:00:00+05:30,3736.441185288168,3736.441185288168,3676.1304070136557,3684.328857421875,156767,0.0,0.0
2021-04-28 00:00:00+05:30,3703.459063174181,3719.903129285995,3613.1341489575984,3666.56591796875,297881,0.0,0.0
2021-04-29 00:00:00+05:30,3713.636304047101,3713.636304047101,3609.2232207340626,3629.0126953125,257788,0.0,0.0
2021-04-30 00:00:00+05:30,3618.646857528436,3703.1761404525405,3610.165653956104,3666.000244140625,303588,0.0,0.0
2021-05-03 00:00:00+05:30,3678.0153534930414,3712.8825244075283,3628.0704870479653,3697.427978515625,178549,0.0,0.0
2021-05-04 00:00:00+05:30,3713.8251971106806,3716.605101447741,3613.9354557014617,3624.67822265625,249163,0.0,0.0
2021-05-05 00:00:00+05:30,3678.3454708837776,3736.394463804591,3590.6591970140666,3689.465087890625,390169,0.0,0.0
2021-05-06 00:00:00+05:30,3679.900007595073,3679.900007595073,3576.193688640283,3592.5908203125,517358,0.0,0.0
2021-05-07 00:00:00+05:30,3642.11173901084,3642.11173901084,3535.719834938501,3551.363037109375,269501,0.0,0.0
2021-05-10 00:00:00+05:30,3579.0685288879486,3579.0685288879486,3424.333700640398,3454.1591796875,680722,0.0,0.0
2021-05-11 00:00:00+05:30,3435.3114029189487,3444.1696867630326,3381.8327035191724,3410.244873046875,612773,0.0,0.0
2021-05-12 00:00:00+05:30,3409.4440503289698,3480.120751206436,3406.616982293871,3450.90771484375,307626,0.0,0.0
2021-05-14 00:00:00+05:30,3484.8326907907694,3486.623075268003,3384.9429489779454,3390.927001953125,256284,0.0,0.0
2021-05-17 00:00:00+05:30,3392.4810966691034,3392.4810966691034,3321.8044071551635,3377.073486328125,371290,0.0,0.0
2021-05-18 00:00:00+05:30,3416.040410197092,3446.054540035016,3381.173239113701,3425.8408203125,655849,0.0,0.0
2021-05-19 00:00:00+05:30,3458.446466416674,3544.1065334625496,3440.588866506827,3531.66748046875,718564,0.0,0.0
2021-05-20 00:00:00+05:30,3537.5099631377,3549.336576505744,3445.300570051067,3461.980224609375,360209,0.0,0.0
2021-05-21 00:00:00+05:30,3488.601876162634,3488.9787265318096,3425.5583524372146,3444.923583984375,259149,0.0,0.0
2021-05-24 00:00:00+05:30,3472.581963756119,3482.0055240376823,3433.0030105735527,3453.028076171875,169770,0.0,0.0
2021-05-25 00:00:00+05:30,3475.4087270313553,3528.180659979771,3453.734540284685,3493.78466796875,317127,0.0,0.0
2021-05-26 00:00:00+05:30,3514.9878650897645,3597.915192737995,3476.351269253657,3580.8115234375,364653,0.0,0.0
2021-05-27 00:00:00+05:30,3598.668852260208,3710.997632502263,3581.894870782403,3698.08740234375,788685,0.0,0.0
2021-05-28 00:00:00+05:30,3731.730214124086,3764.6183504993774,3687.3923129150135,3703.883544921875,464949,0.0,0.0
2021-05-31 00:00:00+05:30,3740.210803520173,3741.1531594797398,3685.648485488211,3715.14404296875,186099,0.0,0.0
2021-06-01 00:00:00+05:30,3727.9605007548266,3736.441705129648,3634.4788274369407,3666.37744140625,180333,0.0,0.0
2021-06-02 00:00:00+05:30,3626.138905886088,3628.070781796368,3552.682298018781,3617.1865234375,383860,0.0,0.0
2021-06-03 00:00:00+05:30,3657.3778277252395,3657.3778277252395,3592.2609385179153,3616.291015625,199548,0.0,0.0
2021-06-04 00:00:00+05:30,3627.128285494239,3655.9644714510773,3609.223521289409,3634.290283203125,170587,0.0,0.0
2021-06-07 00:00:00+05:30,3629.2485461902343,3681.879220834448,3589.3868413636847,3665.576416015625,149995,0.0,0.0
2021-06-08 00:00:00+05:30,3665.764986272734,3813.809211807003,3566.0165076655794,3770.554931640625,662186,0.0,0.0
2021-06-09 00:00:00+05:30,3788.318114816787,3811.8298499544526,3679.947179651209,3709.584228515625,391867,0.0,0.0
2021-06-10 00:00:00+05:30,3718.5364766905714,3809.002645408842,3702.3280008086876,3802.264892578125,290365,0.0,0.0
2021-06-11 00:00:00+05:30,3816.5418028332792,3967.3187629452113,3807.1182428262837,3933.252685546875,651592,0.0,0.0
2021-06-14 00:00:00+05:30,3972.0303976270793,3985.223381154192,3887.830800018165,3927.079833984375,420066,0.0,0.0
2021-06-15 00:00:00+05:30,3927.2688163181524,3958.837743815851,3874.968055836891,3913.9345703125,308870,0.0,0.0
2021-06-16 00:00:00+05:30,3913.934939654682,4002.9875942830704,3887.219051239199,3966.84814453125,505404,0.0,0.0
2021-06-17 00:00:00+05:30,3956.9529015627763,3972.972953795824,3896.076611050241,3929.813232421875,297058,0.0,0.0
2021-06-18 00:00:00+05:30,3957.895013236648,3989.699526735871,3769.565083496522,3837.74462890625,463743,0.0,0.0
2021-06-21 00:00:00+05:30,3818.520737440212,3856.9686771574075,3776.962746925385,3843.728759765625,108975,0.0,0.0
2021-06-22 00:00:00+05:30,3844.624107727821,3905.1233177470076,3818.4265645537826,3873.8369140625,181327,0.0,0.0
2021-06-23 00:00:00+05:30,3875.344656806758,3929.6244535153605,3873.083094471974,3881.469970703125,139644,0.0,0.0
2021-06-24 00:00:00+05:30,3882.5066849240525,3981.4540640301266,3850.0897308438716,3943.712890625,258001,0.0,0.0
2021-06-25 00:00:00+05:30,3957.8947630565667,3988.99250762344,3934.3358656574205,3972.454345703125,255481,0.0,0.0
2021-06-28 00:00:00+05:30,3976.7413422365807,3981.4531210780933,3874.542675110313,3884.53173828125,261465,0.0,0.0
2021-06-29 00:00:00+05:30,3887.171421516162,3912.6619663131223,3852.021267944109,3895.8408203125,226795,0.0,0.0
2021-06-30 00:00:00+05:30,3881.563607677959,3920.2471298865753,3817.530575968262,3836.61328125,343166,0.0,0.0
2021-07-01 00:00:00+05:30,3873.83008348047,3884.6394555061347,3764.2680294245124,3808.642822265625,303755,25.0,0.0
2021-07-02 00:00:00+05:30,3830.5452182692675,3854.866129266747,3781.5244490588007,3833.342529296875,267215,0.0,0.0
2021-07-05 00:00:00+05:30,3834.4329767859917,3854.0602209480335,3807.883984859679,3836.945556640625,150414,0.0,0.0
2021-07-06 00:00:00+05:30,3840.1219412981814,3869.4680120579897,3802.194811013755,3812.86181640625,182484,0.0,0.0
2021-07-07 00:00:00+05:30,3811.7240873629844,3862.593758776144,3783.6579180729987,3825.709716796875,125022,0.0,0.0
2021-07-08 00:00:00+05:30,3829.597451666836,3887.5312415449134,3817.508177683983,3833.010986328125,204842,0.0,0.0
2021-07-09 00:00:00+05:30,3828.6490918660356,3861.4086986589004,3807.1729458157292,3844.009765625,134881,0.0,0.0
2021-07-12 00:00:00+05:30,3854.344887651268,3866.576295437205,3805.0396147957044,3826.326171875,142743,0.0,0.0
2021-07-13 00:00:00+05:30,3826.3259823789494,3834.9070420852645,3787.972217364478,3809.63818359375,129863,0.0,0.0
2021-07-14 00:00:00+05:30,3824.335022375022,4008.897835076962,3804.897367309015,3996.33447265625,743692,0.0,0.0
2021-07-15 00:00:00+05:30,4039.3816227753514,4361.620105091623,4025.016814372596,4191.18505859375,2524847,0.0,0.0
2021-07-16 00:00:00+05:30,4171.035959876366,4171.035959876366,4030.7055843224443,4066.357177734375,921642,0.0,0.0
2021-07-19 00:00:00+05:30,4048.6257851618047,4235.2747463576525,4001.311788129914,4152.64111328125,908381,0.0,0.0
2021-07-20 00:00:00+05:30,4171.984404492645,4229.96541333682,4095.18196431903,4131.78173828125,424083,0.0,0.0
2021-07-22 00:00:00+05:30,4166.2956436842815,4195.689172349327,4139.130426723256,4177.81591796875,331876,0.0,0.0
2021-07-23 00:00:00+05:30,4182.888001025109,4195.688406332563,4118.885974487832,4135.19482421875,215746,0.0,0.0
2021-07-26 00:00:00+05:30,4145.43588758422,4171.984882289699,4091.10545146731,4125.9033203125,123859,0.0,0.0
2021-07-27 00:00:00+05:30,4134.05761907483,4170.752306526968,4056.354217855492,4124.0068359375,146187,0.0,0.0
2021-07-28 00:00:00+05:30,4123.53246528652,4159.041927373516,4042.084042919176,4131.4970703125,196069,0.0,0.0
2021-07-29 00:00:00+05:30,4160.843863183373,4418.464119616288,4132.161466587624,4399.2158203125,1180829,0.0,0.0
2021-07-30 00:00:00+05:30,4405.250301009563,4492.480913009613,4346.573811344478,4451.19384765625,551524,10.0,0.0
2021-08-02 00:00:00+05:30,4501.222224679663,4537.663498035995,4451.668013270635,4468.39208984375,248112,0.0,0.0
2021-08-03 00:00:00+05:30,4472.71520311934,4489.819276553831,4429.004793231197,4485.35302734375,205148,0.0,0.0
2021-08-04 00:00:00+05:30,4513.57435215553,4513.57435215553,4417.126394946311,4461.216796875,216436,0.0,0.0
2021-08-05 00:00:00+05:30,4485.06806171438,4625.6542260619435,4442.545435493677,4470.52978515625,566028,0.0,0.0
2021-08-06 00:00:00+05:30,4499.322422399208,4561.087144142808,4441.35860660906,4525.5009765625,224775,0.0,0.0
2021-08-09 00:00:00+05:30,4582.846512115849,4612.493759448463,4485.068314744606,4512.00732421875,207846,0.0,0.0
2021-08-10 00:00:00+05:30,4530.680008874504,4588.881382730117,4489.820268861584,4550.634765625,136226,0.0,0.0
2021-08-11 00:00:00+05:30,4565.836416329405,4589.592068859735,4445.157701475329,4517.7548828125,191033,0.0,0.0
2021-08-12 00:00:00+05:30,4523.076983455875,4667.511374524213,4523.076983455875,4634.30078125,502105,0.0,0.0
2021-08-13 00:00:00+05:30,4627.60277253374,4673.40387262918,4615.249828787757,4620.47607421875,167996,0.0,0.0
2021-08-16 00:00:00+05:30,4603.846205409872,4631.592997646545,4517.375616206095,4537.14013671875,120823,0.0,0.0
2021-08-17 00:00:00+05:30,4546.832849944243,4727.375847120713,4519.228961493336,4712.02978515625,611602,0.0,0.0
2021-08-18 00:00:00+05:30,4711.697800176149,4798.643519388837,4665.611817861226,4733.837890625,403770,0.0,0.0
2021-08-20 00:00:00+05:30,4657.106605000521,4840.405636654445,4638.9576531396015,4673.45068359375,383809,0.0,0.0
2021-08-23 00:00:00+05:30,4685.56613693114,4852.805974712499,4685.56613693114,4801.5888671875,538165,0.0,0.0
2021-08-24 00:00:00+05:30,4840.453030830609,4866.109142301442,4713.122699827212,4734.3603515625,291671,0.0,0.0
2021-08-25 00:00:00+05:30,4776.97827501684,4879.412493873571,4705.568390900948,4834.65673828125,351741,0.0,0.0
2021-08-26 00:00:00+05:30,4854.041487397236,4956.998613896422,4799.641024272795,4881.978515625,513667,0.0,0.0
2021-08-27 00:00:00+05:30,4891.5752769517285,4988.688600635187,4846.154640617039,4973.10498046875,331314,0.0,0.0
2021-08-30 00:00:00+05:30,5007.693716511952,5060.336172463029,4969.779771491793,5010.4970703125,293439,0.0,0.0
2021-08-31 00:00:00+05:30,5036.199769519898,5107.466747390463,4983.937319081484,5048.0302734375,282387,0.0,0.0
2021-09-01 00:00:00+05:30,5089.411612320267,5120.009082063063,5006.694605817881,5017.7646484375,199409,0.0,0.0
2021-09-02 00:00:00+05:30,5019.095795725378,5163.482881384715,5003.654616876355,5120.77001953125,280435,0.0,0.0
2021-09-03 00:00:00+05:30,5131.222462233921,5225.294874041542,5110.032599508749,5189.423828125,421953,0.0,0.0
2021-09-06 00:00:00+05:30,5225.29477599792,5240.498397822973,5144.667976211393,5173.12744140625,191851,0.0,0.0
2021-09-07 00:00:00+05:30,5173.03226172483,5263.113534328367,5121.720038702578,5135.783203125,224631,0.0,0.0
2021-09-08 00:00:00+05:30,5163.530201294931,5177.783597139507,5055.204392876157,5129.60693359375,188426,0.0,0.0
2021-09-09 00:00:00+05:30,5112.217586086129,5187.0005828342655,5087.511701841103,5164.05224609375,121111,0.0,0.0
2021-09-13 00:00:00+05:30,5167.330898991849,5245.249459807835,5117.919128718297,5215.7451171875,230196,0.0,0.0
2021-09-14 00:00:00+05:30,5226.1498447168115,5387.783440734385,5221.49382836604,5302.64306640625,482838,0.0,0.0
2021-09-15 00:00:00+05:30,5321.267839915208,5423.892291113572,5264.254255916117,5368.63671875,322366,0.0,0.0
2021-09-16 00:00:00+05:30,5403.937752509928,5431.494319209908,5328.822538182634,5389.96923828125,146820,0.0,0.0
2021-09-17 00:00:00+05:30,5392.819521005299,5494.874204116087,5387.78350684572,5430.78125,358488,0.0,0.0
2021-09-20 00:00:00+05:30,5430.5437398305,5510.362755429059,5203.772307952283,5271.33349609375,240211,0.0,0.0
2021-09-21 00:00:00+05:30,5321.267395139161,5479.955190672775,5240.213275586423,5454.0615234375,313977,0.0,0.0
2021-09-22 00:00:00+05:30,5482.901556745993,5587.331347468607,5437.955568710491,5557.208984375,269591,0.0,0.0
2021-09-23 00:00:00+05:30,5622.441842822457,5794.480133480415,5568.326267988723,5736.2314453125,280558,0.0,0.0
2021-09-24 00:00:00+05:30,5862.89639357442,6175.045739650464,5796.380551183786,5921.19287109375,1103223,0.0,0.0
2021-09-27 00:00:00+05:30,5986.427182801318,6051.422585133315,5634.84336412886,5682.544921875,448074,0.0,0.0
2021-09-28 00:00:00+05:30,5725.113684963059,5725.113684963059,5398.093383620835,5484.0888671875,458096,0.0,0.0
2021-09-29 00:00:00+05:30,5373.530035977231,5625.292694253049,5355.047947786719,5458.67041015625,783825,0.0,0.0
2021-09-30 00:00:00+05:30,5473.304180637514,5576.736419277228,5430.543991726283,5478.19775390625,282121,0.0,0.0
2021-10-01 00:00:00+05:30,5471.404316553115,5511.313830498101,5397.286647798141,5464.5625,211279,0.0,0.0
2021-10-04 00:00:00+05:30,5511.218477421888,5568.327181757309,5397.571297435518,5452.5419921875,264342,0.0,0.0
2021-10-05 00:00:00+05:30,5468.552797073124,5514.210988875495,5370.726806015714,5478.43505859375,310789,0.0,0.0
2021-10-06 00:00:00+05:30,5510.36265309617,5510.36265309617,5387.783452846229,5405.6953125,237547,0.0,0.0
2021-10-07 00:00:00+05:30,5444.797449403234,5556.924168256564,5425.792920784025,5490.0283203125,299275,0.0,0.0
2021-10-08 00:00:00+05:30,5556.923092038638,5701.310155850508,5494.208159741348,5685.72607421875,504760,0.0,0.0
2021-10-11 00:00:00+05:30,5661.686438410899,5661.686438410899,5330.770095159677,5586.5234375,359610,0.0,0.0
2021-10-12 00:00:00+05:30,5586.57031241616,5652.848592853303,5435.29410896713,5534.0703125,262597,0.0,0.0
2021-10-13 00:00:00+05:30,5547.421629398201,5698.507624443476,5540.96027557855,5655.1298828125,183586,0.0,0.0
2021-10-14 00:00:00+05:30,5758.371736642118,5960.912392306191,5729.864945866662,5795.33544921875,485930,0.0,0.0
2021-10-18 00:00:00+05:30,5838.190849727673,5922.9034382884465,5567.186101906386,5611.89453125,703972,0.0,0.0
2021-10-19 00:00:00+05:30,6123.258849004871,6711.781655663106,6062.444360125866,6513.9443359375,3798353,0.0,0.0
2021-10-20 00:00:00+05:30,6467.2406055204,6798.869605127603,6176.471339389157,6594.71337890625,1863489,0.0,0.0
2021-10-21 00:00:00+05:30,6631.630036948595,6700.426335423299,6224.220468480088,6322.14111328125,633550,0.0,0.0
2021-10-22 00:00:00+05:30,6328.507522672786,6436.786001388279,6149.912293705372,6217.80615234375,499076,0.0,0.0
2021-10-25 00:00:00+05:30,6243.045370183502,6273.236942659416,5966.084824904392,6106.3271484375,386502,15.0,0.0
2021-10-26 00:00:00+05:30,6143.042180629658,6294.332545017175,6114.469891417427,6196.99609375,363082,0.0,0.0
2021-10-27 00:00:00+05:30,6257.330341409328,6370.667070576407,6234.996152879514,6341.666015625,313943,0.0,0.0
2021-10-28 00:00:00+05:30,6375.4300766238075,6528.768027376188,6327.476158643736,6371.00146484375,568697,0.0,0.0
2021-10-29 00:00:00+05:30,6381.143967819602,6504.814440562881,6295.427108550384,6364.2861328125,280562,0.0,0.0
2021-11-01 00:00:00+05:30,6400.191782196618,6509.718873707424,6343.999622204118,6478.43212890625,294832,0.0,0.0
2021-11-02 00:00:00+05:30,6499.243272728824,6579.24568112701,6415.573994270302,6431.52685546875,220667,0.0,0.0
2021-11-03 00:00:00+05:30,6409.716623548523,6476.385295710246,6328.190268582009,6415.478515625,203300,0.0,0.0
2021-11-04 00:00:00+05:30,6473.528868862019,6482.005222363905,6428.813046476529,6443.0517578125,24255,0.0,0.0
2021-11-08 00:00:00+05:30,6463.051649657501,6551.435075943006,6362.096230432081,6502.95751953125,252226,0.0,0.0
2021-11-09 00:00:00+05:30,6523.053071606898,6602.293732957679,6436.5744696404645,6514.14794921875,228146,0.0,0.0
2021-11-10 00:00:00+05:30,6495.433559447412,6588.722267040849,6463.051632611457,6510.4814453125,137693,0.0,0.0
2021-11-11 00:00:00+05:30,6513.528238484327,6666.770826214315,6441.192554629031,6618.05517578125,174895,0.0,0.0
2021-11-12 00:00:00+05:30,6666.867374365789,6920.208334591689,6623.437402461168,6898.541015625,594614,0.0,0.0
2021-11-15 00:00:00+05:30,6932.494010676466,6955.923379393173,6824.96706191983,6854.8251953125,179625,0.0,0.0
2021-11-16 00:00:00+05:30,6846.872879385493,6976.400589998434,6838.301192653755,6944.30419921875,304970,0.0,0.0
2021-11-17 00:00:00+05:30,6927.827184982822,7204.930934303966,6895.445259729947,7045.02099609375,571581,0.0,0.0
2021-11-18 00:00:00+05:30,7046.8789805188235,7059.069637987007,6782.299766510906,6807.49072265625,310851,0.0,0.0
2021-11-22 00:00:00+05:30,6761.156219469464,6761.156219469464,6432.051245374612,6504.5771484375,353527,0.0,0.0
2021-11-23 00:00:00+05:30,6466.813338688841,6618.2938899275005,6285.902960644913,6597.67431640625,246188,0.0,0.0
2021-11-24 00:00:00+05:30,6609.723165601871,6669.296204945796,6400.1930364329355,6427.8603515625,336544,0.0,0.0
2021-11-25 00:00:00+05:30,6438.289229198789,6552.57838711356,6392.9544368838415,6523.8154296875,158382,0.0,0.0
2021-11-26 00:00:00+05:30,6538.29213890887,6538.29213890887,6301.284908424884,6331.90478515625,171743,0.0,0.0
2021-11-29 00:00:00+05:30,6219.234851526984,6468.766173288098,6088.135759648648,6427.3837890625,249304,0.0,0.0
2021-11-30 00:00:00+05:30,6489.718710226809,6619.198975295568,6433.7646488493765,6485.62353515625,299419,0.0,0.0
2021-12-01 00:00:00+05:30,6495.433257234681,6599.960207378597,6491.766387387173,6583.24560546875,199325,0.0,0.0
2021-12-02 00:00:00+05:30,6590.673404051988,6645.722484328477,6461.145718654434,6618.05517578125,303243,0.0,0.0
2021-12-03 00:00:00+05:30,6637.3430629072445,6665.915353320103,6509.862934173112,6522.9111328125,286743,0.0,0.0
2021-12-06 00:00:00+05:30,6539.62534133557,6539.62534133557,6210.472482669501,6244.044921875,317321,0.0,0.0
2021-12-07 00:00:00+05:30,6333.523557276864,6366.810457328465,6183.995256751681,6244.3779296875,253149,0.0,0.0
2021-12-08 00:00:00+05:30,6323.046716731202,6400.191886795252,6291.66463745927,6331.427734375,335995,0.0,0.0
2021-12-09 00:00:00+05:30,6276.3794907834435,6357.048772835754,6241.187768774366,6291.71337890625,236607,0.0,0.0
2021-12-10 00:00:00+05:30,6295.427201042186,6314.427957810177,6156.470739038519,6298.47509765625,380321,0.0,0.0
2021-12-13 00:00:00+05:30,6346.857805558542,6563.530997449984,6285.903588938532,6448.384765625,404491,0.0,0.0
2021-12-14 00:00:00+05:30,6464.956033200535,6464.956033200535,6325.666136344969,6352.619140625,264969,0.0,0.0
2021-12-15 00:00:00+05:30,6366.8582478692715,6394.858997416595,6252.569094579172,6357.953125,241189,0.0,0.0
2021-12-16 00:00:00+05:30,6451.622472639101,6524.005600469123,6401.287533501187,6514.052734375,355537,0.0,0.0
2021-12-17 00:00:00+05:30,6588.007852669379,6790.0135562280975,6540.29203883439,6646.19970703125,865305,0.0,0.0
2021-12-20 00:00:00+05:30,6577.3407135551415,6607.294181565302,6295.427471271283,6415.478515625,416395,0.0,0.0
2021-12-21 00:00:00+05:30,6444.003680070437,6697.630183382334,6419.241029215896,6644.4384765625,427382,0.0,0.0
2021-12-22 00:00:00+05:30,6684.010371762516,6855.348760640357,6676.676632045595,6786.87060546875,431510,0.0,0.0
2021-12-23 00:00:00+05:30,6857.348648432502,6860.777415765462,6658.8186949475485,6698.7724609375,405769,0.0,0.0
2021-12-24 00:00:00+05:30,6734.488654634221,6843.063355048349,6733.536244981466,6825.4912109375,363446,0.0,0.0
2021-12-27 00:00:00+05:30,6852.396174567797,6881.159129541993,6714.487455124021,6839.4912109375,380141,0.0,0.0
2021-12-28 00:00:00+05:30,6873.539423206437,6952.5894124161,6859.30071503613,6925.87451171875,206301,0.0,0.0
2021-12-29 00:00:00+05:30,6918.112208430879,6946.589625620458,6862.110713676104,6917.44580078125,155943,0.0,0.0
2021-12-30 00:00:00+05:30,6935.351142910273,6997.97207203065,6884.0637946447605,6945.44677734375,258400,0.0,0.0
2021-12-31 00:00:00+05:30,6976.209359681157,7011.6391813337505,6907.0647976540895,6983.06689453125,194116,0.0,0.0
2022-01-03 00:00:00+05:30,6988.78177957134,7209.740811032304,6988.78177957134,7174.35888671875,311684,0.0,0.0
2022-01-04 00:00:00+05:30,7190.692487968848,7227.645794472301,7082.213127417379,7201.88330078125,273052,0.0,0.0
2022-01-05 00:00:00+05:30,7171.645383202781,7190.16993876922,6935.828637221772,6968.87744140625,376964,0.0,0.0
2022-01-06 00:00:00+05:30,6904.9696897271,6923.875113541517,6794.9189450345375,6849.015625,559885,0.0,0.0
2022-01-07 00:00:00+05:30,6857.349220648812,6933.541989767132,6838.5865652359225,6862.5400390625,417838,0.0,0.0
2022-01-10 00:00:00+05:30,6949.733588785316,6967.73403912698,6747.8227321562235,6765.48974609375,241841,0.0,0.0
2022-01-11 00:00:00+05:30,6762.107927503116,6890.683219082401,6715.439858707672,6832.72900390625,401888,0.0,0.0
2022-01-12 00:00:00+05:30,6885.87404586725,6885.87404586725,6795.918772184853,6829.4912109375,242957,0.0,0.0
2022-01-13 00:00:00+05:30,6857.302602994619,6895.446426560484,6748.441892123598,6793.15771484375,198001,0.0,0.0
2022-01-14 00:00:00+05:30,6749.917687730509,6802.062114756526,6695.677773509686,6741.48876953125,291638,0.0,0.0
2022-01-17 00:00:00+05:30,6740.870041913018,6788.585393881606,6644.105127371987,6764.9658203125,212781,0.0,0.0
2022-01-18 00:00:00+05:30,6740.203128411821,6818.110052173042,6524.006136727564,6542.578125,212064,0.0,0.0
2022-01-19 00:00:00+05:30,6381.1447554667475,6417.336322736559,6238.283305717492,6378.3349609375,555061,0.0,0.0
2022-01-20 00:00:00+05:30,6619.055840386034,6649.961716935169,6257.473640318131,6292.04638671875,977600,0.0,0.0
2022-01-21 00:00:00+05:30,6262.092410998142,6276.283219422691,6044.038071749025,6089.515625,538820,0.0,0.0
2022-01-24 00:00:00+05:30,6103.040806916021,6185.900443339507,5548.738411531326,5685.0283203125,632383,0.0,0.0
2022-01-25 00:00:00+05:30,5548.737980823502,5778.697450306461,5476.354855773281,5746.98193359375,528975,0.0,0.0
2022-01-27 00:00:00+05:30,5714.4573294194015,5714.4573294194015,5449.687473156302,5472.259765625,548141,0.0,0.0
2022-01-28 00:00:00+05:30,5485.878831940981,5803.983611432003,5485.878831940981,5630.21630859375,720772,0.0,0.0
2022-01-31 00:00:00+05:30,5781.1260569783835,6019.228448122469,5723.029073539227,5971.94140625,746524,0.0,0.0
2022-02-01 00:00:00+05:30,6085.898349016159,6126.185095731552,5915.036131568977,5995.80029296875,435210,0.0,0.0
2022-02-02 00:00:00+05:30,6028.752347230771,6116.326589856137,5981.131870554384,6092.32568359375,303718,0.0,0.0
2022-02-03 00:00:00+05:30,6074.469008244606,6074.469008244606,5885.5110185886215,5903.32080078125,224304,0.0,0.0
2022-02-04 00:00:00+05:30,5857.319042129298,6000.180482181232,5817.60337577736,5983.037109375,219167,0.0,0.0
2022-02-07 00:00:00+05:30,5990.46534051213,6028.7523900493625,5794.650311063038,5836.0322265625,157433,0.0,0.0
2022-02-08 00:00:00+05:30,5847.794437013672,5923.987198407986,5742.124415037447,5851.556640625,183679,0.0,0.0
2022-02-09 00:00:00+05:30,5866.8435998886625,6019.08637949518,5866.8435998886625,5991.32373046875,232924,0.0,0.0
2022-02-10 00:00:00+05:30,6038.181657859907,6038.276991830676,5952.560126016045,6016.75244140625,141271,0.0,0.0
2022-02-11 00:00:00+05:30,5866.843750083925,5906.654289513404,5691.600365341159,5714.3154296875,424193,0.0,0.0
2022-02-14 00:00:00+05:30,5523.975904484097,5707.4100939072705,5400.257985425181,5605.26416015625,394155,0.0,0.0
2022-02-15 00:00:00+05:30,5690.647179395925,5819.222471315331,5607.644778398922,5812.22216796875,204594,0.0,0.0
2022-02-16 00:00:00+05:30,5866.842872735907,5867.795282293169,5682.075418627016,5717.21923828125,222936,0.0,0.0
2022-02-17 00:00:00+05:30,5714.505354417708,5733.506113019061,5638.360481660606,5651.78955078125,185919,0.0,0.0
2022-02-18 00:00:00+05:30,5610.644982329261,5664.9323298072395,5571.596188529313,5581.7392578125,170126,0.0,0.0
2022-02-21 00:00:00+05:30,5571.596355597187,5638.2650299376655,5465.688218341662,5582.3583984375,129520,0.0,0.0
2022-02-22 00:00:00+05:30,5457.307242982085,5728.743990669675,5426.830134469794,5705.93359375,317699,0.0,0.0
2022-02-23 00:00:00+05:30,5739.220941862995,5784.269735359266,5598.740508918289,5630.45556640625,246058,0.0,0.0
2022-02-24 00:00:00+05:30,5494.450675832243,5511.832150062429,5314.4452714758045,5334.3984375,403007,0.0,0.0
2022-02-25 00:00:00+05:30,5459.21206766309,5528.737971525512,5379.781196533131,5443.306640625,355116,0.0,0.0
2022-02-28 00:00:00+05:30,5414.733900385371,5587.786903932176,5323.969455084518,5571.4052734375,277884,0.0,0.0
2022-03-02 00:00:00+05:30,5571.596355597187,5599.216234966813,5481.308108365016,5582.3583984375,221723,0.0,0.0
2022-03-03 00:00:00+05:30,5682.076646805919,5751.602559514071,5604.931455992765,5730.17333984375,419327,0.0,0.0
2022-03-04 00:00:00+05:30,5695.410083437811,5980.180587609702,5631.217761793779,5817.9375,549363,0.0,0.0
2022-03-07 00:00:00+05:30,5723.981480404461,5947.750293513639,5665.64639460167,5917.08251953125,378431,0.0,0.0
2022-03-08 00:00:00+05:30,5896.367927459128,6149.899553032376,5871.605277464953,6131.375,388105,0.0,0.0
2022-03-09 00:00:00+05:30,6211.616102638375,6214.2826637977005,6054.373167166323,6071.18310546875,289547,0.0,0.0
2022-03-10 00:00:00+05:30,6166.851600908543,6166.851600908543,5938.273317631624,5986.46533203125,458366,0.0,0.0
2022-03-11 00:00:00+05:30,5952.5597736970785,5968.750736281535,5814.460386947307,5927.98779296875,281687,0.0,0.0
2022-03-14 00:00:00+05:30,5933.512038551514,6000.1332786776375,5905.27318582302,5973.8466796875,229657,0.0,0.0
2022-03-15 00:00:00+05:30,5962.084095202959,5999.228069597993,5716.362418435809,5750.45849609375,435081,0.0,0.0
2022-03-16 00:00:00+05:30,5899.082649476276,5899.082649476276,5719.315326642619,5738.93505859375,340735,0.0,0.0
2022-03-17 00:00:00+05:30,5809.6507605566785,5903.986739492691,5743.029527204538,5822.88916015625,651022,0.0,0.0
2022-03-21 00:00:00+05:30,5895.32013573966,5895.32013573966,5693.028428139974,5707.21923828125,355524,0.0,0.0
2022-03-22 00:00:00+05:30,5714.458003844281,5857.319453940388,5676.409051617838,5826.41357421875,249080,0.0,0.0
2022-03-23 00:00:00+05:30,5854.461948747835,5881.129418174374,5766.8402634892045,5783.79296875,162694,0.0,0.0
2022-03-24 00:00:00+05:30,5781.031555592841,5906.654302243804,5762.078695536942,5883.3681640625,293186,0.0,0.0
2022-03-25 00:00:00+05:30,5916.368102585615,5924.93978850372,5809.698233382525,5888.986328125,182884,0.0,0.0
2022-03-28 00:00:00+05:30,5888.939640766087,5888.939640766087,5639.5510763790935,5782.4599609375,268188,0.0,0.0
2022-03-29 00:00:00+05:30,5809.699234798419,5847.795623223326,5707.26775643847,5737.55419921875,207146,0.0,0.0
2022-03-30 00:00:00+05:30,5800.174063768779,6028.228712769753,5772.982957582555,6010.03759765625,440177,0.0,0.0
2022-03-31 00:00:00+05:30,6014.466578070465,6028.7527219613685,5847.794899343255,5862.4619140625,284013,0.0,0.0
2022-04-01 00:00:00+05:30,5856.319213859695,5923.89239616024,5790.650385721227,5879.70068359375,306433,0.0,0.0
2022-04-04 00:00:00+05:30,5915.415784573604,6036.371798845194,5900.224666055073,6000.513671875,234871,0.0,0.0
2022-04-05 00:00:00+05:30,6071.611728349643,6123.9942609079535,6001.65705112471,6035.99169921875,331358,0.0,0.0
2022-04-06 00:00:00+05:30,6028.7526399839935,6085.849780309079,5948.893003711002,6024.466796875,283948,0.0,0.0
2022-04-07 00:00:00+05:30,5966.845661033484,6044.847907951102,5895.414946815206,5910.8916015625,238341,0.0,0.0
2022-04-08 00:00:00+05:30,5920.178326921792,5958.989019782484,5801.127121827644,5860.3671875,281009,0.0,0.0
2022-04-11 00:00:00+05:30,5860.176951642368,5886.272884714382,5695.410071643322,5771.36474609375,362950,0.0,0.0
2022-04-12 00:00:00+05:30,5714.457877309227,5733.3633017954135,5524.928357711805,5629.2646484375,450430,0.0,0.0
2022-04-13 00:00:00+05:30,5633.50300570966,5798.269872994152,5572.548788910773,5751.4111328125,310273,0.0,0.0
2022-04-18 00:00:00+05:30,5620.1686107221285,5780.506847370097,5525.118326082086,5594.1201171875,744191,0.0,0.0
2022-04-19 00:00:00+05:30,5618.26389565155,5641.693263424327,5110.058070362815,5211.91845703125,1130004,0.0,0.0
2022-04-20 00:00:00+05:30,5194.441953336619,5200.108976468595,4857.288955265265,4924.2431640625,1681039,0.0,0.0
2022-04-21 00:00:00+05:30,5000.0548930966925,5000.102792601286,4753.666817124651,4835.3359375,2007738,0.0,0.0
2022-04-22 00:00:00+05:30,4813.478510247834,4946.815865102344,4763.953207016158,4851.43212890625,691316,0.0,0.0
2022-04-25 00:00:00+05:30,4838.240548446033,4838.240548446033,4604.900207034758,4624.9482421875,739432,0.0,0.0
2022-04-26 00:00:00+05:30,4683.950578084808,4695.522262124393,4553.279790336265,4587.8525390625,718852,0.0,0.0
2022-04-27 00:00:00+05:30,4552.137851133002,4623.949455120336,4488.802601129809,4587.71044921875,564255,0.0,0.0
2022-04-28 00:00:00+05:30,4655.377892457301,4737.2851139694385,4557.279708553229,4653.5205078125,517809,0.0,0.0
2022-04-29 00:00:00+05:30,4700.1412080916425,4719.189399411162,4593.090465884685,4608.75732421875,390073,0.0,0.0
2022-05-02 00:00:00+05:30,4571.567043652189,4571.567043652189,4447.753769553275,4492.18359375,414490,0.0,0.0
2022-05-04 00:00:00+05:30,4523.946794279437,4582.091229691522,4457.27810467953,4512.66064453125,415254,0.0,0.0
2022-05-05 00:00:00+05:30,4571.56652283554,4594.376920982622,4520.13639945364,4538.4228515625,240462,0.0,0.0
2022-05-06 00:00:00+05:30,4457.277119223547,4480.182385068715,4272.509648896759,4374.41748046875,682606,0.0,0.0
2022-05-09 00:00:00+05:30,4332.511594059583,4520.993374971335,4202.983878783236,4237.17529296875,1042480,0.0,0.0
2022-05-10 00:00:00+05:30,4266.794802622066,4277.747512494868,4112.5044548486785,4125.98095703125,590200,0.0,0.0
2022-05-11 00:00:00+05:30,4125.981125999478,4181.078113972534,3910.3082526546364,4048.455078125,717491,0.0,0.0
2022-05-12 00:00:00+05:30,3988.6912032985256,4104.885168628616,3887.7357907986107,3962.9287109375,655789,0.0,0.0
2022-05-13 00:00:00+05:30,4023.9305433110094,4074.1701495026437,3893.593197082825,3915.0703125,574894,0.0,0.0
2022-05-16 00:00:00+05:30,3928.6897262933694,3975.5959006012354,3861.2590779413395,3899.927001953125,488253,0.0,0.0
2022-05-17 00:00:00+05:30,3909.6414622083653,4095.9328755601023,3904.8794141423377,4078.0751953125,792352,0.0,0.0
2022-05-18 00:00:00+05:30,4119.171317833319,4209.3646885441785,3975.8811145284244,4013.453857421875,935441,0.0,0.0
2022-05-19 00:00:00+05:30,3895.355126638027,3920.87951700046,3771.5418830040553,3801.876220703125,776622,0.0,0.0
2022-05-20 00:00:00+05:30,3885.8310647103376,3890.5931125837574,3793.6854383596697,3851.068115234375,494449,0.0,0.0
2022-05-23 00:00:00+05:30,3859.1639580222813,3971.643632334698,3819.9723933625737,3949.78564453125,437040,0.0,0.0
2022-05-24 00:00:00+05:30,3962.0235907737533,3984.833984723696,3798.4949232070053,3819.304931640625,491561,0.0,0.0
2022-05-25 00:00:00+05:30,3809.6386288359467,3813.7340368663235,3623.9187456801947,3641.728759765625,717220,0.0,0.0
2022-05-26 00:00:00+05:30,3666.776870498121,3716.2545015060527,3555.6307193954476,3689.872802734375,480870,0.0,0.0
2022-05-27 00:00:00+05:30,3762.018222245889,3816.9722140765953,3706.8261279960525,3807.73388671875,461722,0.0,0.0
2022-05-30 00:00:00+05:30,3885.8312414012535,4014.4065398299713,3858.2590294648044,3991.64404296875,586924,0.0,0.0
2022-05-31 00:00:00+05:30,4009.4542224375245,4074.4087508600624,3941.5001614726,4051.265380859375,687879,0.0,0.0
2022-06-01 00:00:00+05:30,4071.408371167026,4092.9803561259882,3981.072225388396,4003.26318359375,540298,0.0,0.0
2022-06-02 00:00:00+05:30,3979.1677497768223,4143.553757963055,3971.4531381531287,4127.36279296875,662287,0.0,0.0
2022-06-03 00:00:00+05:30,4171.55416277792,4242.984884743295,4110.123741887697,4128.7431640625,634553,0.0,0.0
2022-06-06 00:00:00+05:30,4113.171590945369,4146.838898805749,4015.358937452447,4128.791015625,322336,0.0,0.0
2022-06-07 00:00:00+05:30,4095.3610479592944,4121.933181284983,4028.6923797367012,4063.64599609375,218604,0.0,0.0
2022-06-08 00:00:00+05:30,4084.884692709615,4130.409684661697,4030.5973465952648,4109.74267578125,266121,0.0,0.0
2022-06-09 00:00:00+05:30,4071.5509936439767,4176.26861398923,4040.7404504260153,4162.69677734375,318613,0.0,0.0
2022-06-10 00:00:00+05:30,4104.886054373839,4144.172956866397,4062.02761529105,4125.3154296875,266771,0.0,0.0
2022-06-13 00:00:00+05:30,3941.8806984314006,4016.3588526279086,3880.2121747590963,3892.40283203125,430669,0.0,0.0
2022-06-14 00:00:00+05:30,3828.6865500610584,4009.596937616889,3828.6865500610584,3991.7392578125,553323,0.0,0.0
2022-06-15 00:00:00+05:30,4015.358826893241,4041.0264513321745,3967.0714747174206,4001.88232421875,202139,0.0,0.0
2022-06-16 00:00:00+05:30,4171.554139939772,4171.554139939772,3843.1632561177626,3868.021240234375,519669,0.0,0.0
2022-06-17 00:00:00+05:30,3833.4487364763822,3900.0220761830833,3773.732699557884,3812.781494140625,355025,0.0,0.0
2022-06-20 00:00:00+05:30,3844.8775280803206,3864.4019247426063,3714.3974138006565,3768.5419921875,260560,0.0,0.0
2022-06-21 00:00:00+05:30,3811.543371779006,3949.2618984607343,3790.6856937128073,3922.45166015625,309393,0.0,0.0
2022-06-22 00:00:00+05:30,3919.165459960409,3919.165459960409,3814.9719438999796,3830.543701171875,237650,0.0,0.0
2022-06-23 00:00:00+05:30,3857.2588418720134,3948.690162568239,3823.9721731854183,3936.308837890625,274113,0.0,0.0
2022-06-24 00:00:00+05:30,3995.311094099588,4007.8826226006286,3816.3055122671017,3841.782470703125,368631,0.0,0.0
2022-06-27 00:00:00+05:30,3936.9760379969684,4003.9302517651568,3898.165111431444,3965.1669921875,312125,0.0,0.0
2022-06-28 00:00:00+05:30,3921.26137501344,4033.4076163921127,3882.0219096345522,4021.645263671875,299984,0.0,0.0
2022-06-29 00:00:00+05:30,3962.024069139547,4003.9300929477536,3871.7832565071017,3892.40283203125,386244,0.0,0.0
2022-06-30 00:00:00+05:30,3922.2417961606766,3942.1982206463153,3800.391329401282,3814.25537109375,374541,30.0,0.0
2022-07-01 00:00:00+05:30,3785.0401399817674,3853.1132485027547,3746.90190282986,3838.57763671875,268702,0.0,0.0
2022-07-04 00:00:00+05:30,3857.0476013372886,3878.0115008082867,3770.6488449501453,3814.927490234375,201981,0.0,0.0
2022-07-05 00:00:00+05:30,3849.8032748981063,3882.0887588215883,3789.8374918000054,3798.568603515625,274199,0.0,0.0
2022-07-06 00:00:00+05:30,3799.431925267952,3875.228673272035,3798.472472761571,3850.091064453125,319962,0.0,0.0
2022-07-07 00:00:00+05:30,3895.3772665954666,3950.641825946165,3849.2275062675903,3881.225341796875,408992,0.0,0.0
2022-07-08 00:00:00+05:30,3924.1129406632494,3952.9445368641323,3866.6418261660597,3902.9091796875,280222,0.0,0.0
2022-07-11 00:00:00+05:30,3842.6074024326294,3856.9511709817066,3732.2703609145888,3795.114501953125,478264,0.0,0.0
2022-07-12 00:00:00+05:30,3780.1466454313086,3893.9858201133948,3764.939464517391,3823.466064453125,472230,0.0,0.0
2022-07-13 00:00:00+05:30,3861.7005690329815,3890.5801851892497,3795.594380421374,3852.6337890625,420839,0.0,0.0
2022-07-14 00:00:00+05:30,3914.566308166017,3923.153361430025,3677.725358300172,3716.535400390625,763471,0.0,0.0
2022-07-15 00:00:00+05:30,3716.5351661057803,3852.201651105726,3690.054184346855,3813.391845703125,1269258,0.0,0.0
2022-07-18 00:00:00+05:30,3845.485748198719,4066.495732638163,3837.8101279428333,4044.81201171875,1112673,0.0,0.0
2022-07-19 00:00:00+05:30,4015.3091022521003,4159.179205985138,3989.0201948968606,4136.15234375,1109853,0.0,0.0
2022-07-20 00:00:00+05:30,4203.313817983663,4279.158354337306,4162.920772108291,4264.4306640625,871377,0.0,0.0
2022-07-21 00:00:00+05:30,4264.430394580386,4353.995377768924,4218.08902693902,4346.27197265625,741668,0.0,0.0
2022-07-22 00:00:00+05:30,4351.596490234483,4375.007035797514,4298.394665671658,4322.14111328125,457298,0.0,0.0
2022-07-25 00:00:00+05:30,4300.266190969965,4346.415950839113,4279.734000756022,4318.3037109375,421761,0.0,0.0
2022-07-26 00:00:00+05:30,4326.171715318408,4328.090620492646,4130.875328603472,4138.982421875,469178,0.0,0.0
2022-07-27 00:00:00+05:30,4138.981977510498,4245.529456960634,4100.3162297938825,4233.9677734375,345740,0.0,0.0
2022-07-28 00:00:00+05:30,4279.1577860172665,4471.096054923039,4269.659300771735,4460.59033203125,824934,0.0,0.0
2022-07-29 00:00:00+05:30,4490.2374755588435,4638.952605625429,4461.453901997569,4538.9296875,777901,0.0,0.0
2022-08-01 00:00:00+05:30,4566.994387435096,4608.490712488996,4490.238179242909,4575.67724609375,328694,0.0,0.0
2022-08-02 00:00:00+05:30,4538.1628570684725,4550.203799392288,4481.602940845835,4500.7919921875,360188,0.0,0.0
2022-08-03 00:00:00+05:30,4495.035646126469,4626.4806586172535,4490.238382896879,4591.892578125,724743,0.0,0.0
2022-08-04 00:00:00+05:30,4643.750215011977,4716.1410953229515,4593.7626448273995,4706.3544921875,583827,0.0,0.0
2022-08-05 00:00:00+05:30,4733.69895605454,4757.589230537534,4696.999896501647,4725.6396484375,306170,0.0,0.0
2022-08-08 00:00:00+05:30,4730.100774143276,4758.788309888302,4678.290339700327,4701.50927734375,191049,0.0,0.0
2022-08-10 00:00:00+05:30,4720.506937392001,4729.142011057962,4592.420011346913,4659.677734375,231234,0.0,0.0
2022-08-11 00:00:00+05:30,4730.101287972983,4841.397788866465,4725.304025003436,4798.7021484375,447931,0.0,0.0
2022-08-12 00:00:00+05:30,4809.735848229371,4809.735848229371,4697.479894859565,4712.25537109375,248304,0.0,0.0
2022-08-16 00:00:00+05:30,4778.073318322207,4781.431401979663,4682.12807096634,4688.84423828125,244252,0.0,0.0
2022-08-17 00:00:00+05:30,4694.601528410281,4796.303503070304,4688.844812863488,4759.89208984375,330123,0.0,0.0
2022-08-18 00:00:00+05:30,4738.736245618221,4738.736245618221,4655.359910939741,4724.48828125,254556,0.0,0.0
2022-08-19 00:00:00+05:30,4728.181962725481,4816.40380829075,4672.533717222625,4694.3134765625,464374,0.0,0.0
2022-08-22 00:00:00+05:30,4674.453097928634,4676.32421790402,4519.0217757068685,4530.24755859375,286006,0.0,0.0
2022-08-23 00:00:00+05:30,4437.371747762784,4519.021248734758,4395.15583800815,4475.65380859375,391813,0.0,0.0
2022-08-24 00:00:00+05:30,4496.953617263338,4515.183213748937,4438.523056961288,4469.51318359375,197958,0.0,0.0
2022-08-25 00:00:00+05:30,4506.549042550478,4533.365931186766,4432.671189393913,4443.89697265625,253146,0.0,0.0
2022-08-26 00:00:00+05:30,4490.237792052218,4554.953051896981,4462.413668981809,4470.04150390625,256985,0.0,0.0
2022-08-29 00:00:00+05:30,4270.523153354387,4355.9144273711345,4221.59107498524,4290.52783203125,346911,0.0,0.0
2022-08-30 00:00:00+05:30,4355.9146965318005,4471.672556169305,4322.3338563603,4453.4912109375,404437,0.0,0.0
2022-09-01 00:00:00+05:30,4384.6977849456,4413.481359026206,4330.008994192449,4350.013671875,241724,0.0,0.0
2022-09-02 00:00:00+05:30,4384.601722305879,4412.521882709704,4327.130613398731,4338.64404296875,176676,0.0,0.0
2022-09-05 00:00:00+05:30,4334.327215981353,4388.056562764963,4304.584184726141,4314.1787109375,216426,0.0,0.0
2022-09-06 00:00:00+05:30,4342.482244025037,4360.568018300425,4270.04357645458,4280.2138671875,245531,0.0,0.0
2022-09-07 00:00:00+05:30,4250.375022518153,4342.482472216064,4236.4151745664,4327.37109375,228545,0.0,0.0
2022-09-08 00:00:00+05:30,4383.738518976523,4387.528543784771,4326.843172516383,4340.03564453125,210685,0.0,0.0
2022-09-09 00:00:00+05:30,4360.712436032974,4509.379816377299,4325.212686828745,4484.09814453125,482895,0.0,0.0
2022-09-12 00:00:00+05:30,4546.8453742249885,4641.831171238763,4516.670405861386,4616.9814453125,755745,0.0,0.0
2022-09-13 00:00:00+05:30,4648.738907405095,4653.344091484035,4553.608828150832,4584.16748046875,313539,0.0,0.0
2022-09-14 00:00:00+05:30,4421.156975596564,4453.97043741788,4360.71147007083,4431.08740234375,568515,0.0,0.0
2022-09-15 00:00:00+05:30,4442.265127959437,4475.366239604059,4350.157686861358,4410.07568359375,304309,0.0,0.0
2022-09-16 00:00:00+05:30,4384.698070600596,4384.698070600596,4176.209222820472,4201.92236328125,516498,0.0,0.0
2022-09-19 00:00:00+05:30,4210.078238033903,4211.997143338385,4088.563653324117,4177.64892578125,332316,0.0,0.0
2022-09-20 00:00:00+05:30,4221.5910582051865,4313.938362603425,4212.572298277373,4227.10791015625,311399,0.0,0.0
2022-09-21 00:00:00+05:30,4207.200073548272,4295.469721613595,4192.5206346870345,4232.0498046875,283595,0.0,0.0
2022-09-22 00:00:00+05:30,4197.604363814169,4283.9550821554885,4185.131482275979,4252.10107421875,331517,0.0,0.0
2022-09-23 00:00:00+05:30,4232.145495636039,4336.725830939673,4223.510422078859,4238.765625,346327,0.0,0.0
2022-09-26 00:00:00+05:30,4199.524451977373,4303.145343184492,4110.727292322156,4232.0498046875,337094,0.0,0.0
2022-09-27 00:00:00+05:30,4253.253139928631,4357.833467528952,4199.523797308283,4330.05712890625,353988,0.0,0.0
2022-09-28 00:00:00+05:30,4316.576448707624,4377.981403745918,4279.301628398009,4342.62548828125,374946,0.0,0.0
2022-09-29 00:00:00+05:30,4365.508896775238,4410.267262426961,4209.597864747551,4260.208984375,466182,0.0,0.0
2022-09-30 00:00:00+05:30,4240.779845771104,4298.15491511495,4137.734745930118,4277.09521484375,410491,0.0,0.0
2022-10-03 00:00:00+05:30,4276.2797148096215,4317.536171560084,4200.482968686678,4270.2353515625,243677,0.0,0.0
2022-10-04 00:00:00+05:30,4351.116945064981,4411.082724351985,4316.576656195668,4402.06396484375,282151,0.0,0.0
2022-10-06 00:00:00+05:30,4427.873050218163,4489.038143815435,4423.555514199533,4477.0927734375,277078,0.0,0.0
2022-10-07 00:00:00+05:30,4480.642932464614,4494.938680244258,4421.15688068457,4456.896484375,205622,0.0,0.0
2022-10-10 00:00:00+05:30,4384.698121091671,4523.770954579328,4361.479182160211,4507.0283203125,236016,0.0,0.0
2022-10-11 00:00:00+05:30,4535.332066865272,4564.019603547258,4395.587900875129,4417.9912109375,332326,0.0,0.0
2022-10-12 00:00:00+05:30,4421.252925292449,4465.771425243205,4371.2175737582465,4454.06591796875,272767,0.0,0.0
2022-10-13 00:00:00+05:30,4427.873355975614,4451.907454079227,4375.583193916964,4410.4111328125,286696,0.0,0.0
2022-10-14 00:00:00+05:30,4538.210498902334,4620.723417064194,4442.265245225751,4479.251953125,837508,0.0,0.0
2022-10-17 00:00:00+05:30,4499.784032109338,4499.784032109338,4390.454242246024,4453.63427734375,290860,0.0,0.0
2022-10-18 00:00:00+05:30,4503.669613993729,4593.66606268773,4482.561660966916,4530.91796875,317650,0.0,0.0
2022-10-19 00:00:00+05:30,4548.477443655254,4548.477443655254,4478.72504740476,4504.24658203125,151545,0.0,0.0
2022-10-20 00:00:00+05:30,4503.67015209818,4573.710186419264,4471.0965514831805,4565.65087890625,213951,0.0,0.0
2022-10-21 00:00:00+05:30,4552.793927597203,4586.23047050605,4530.342365607016,4572.03076171875,163643,0.0,0.0
2022-10-24 00:00:00+05:30,4604.365000041172,4604.365000041172,4525.977539350114,4546.173828125,27128,0.0,0.0
2022-10-25 00:00:00+05:30,4555.481270455031,4624.561862593356,4523.819332391633,4614.6796875,223452,0.0,0.0
2022-10-27 00:00:00+05:30,4577.691096675998,4605.227567179755,4464.379677705068,4486.63916015625,327850,0.0,0.0
2022-10-28 00:00:00+05:30,4486.6400896367295,4503.622587553535,4370.498543193824,4398.2744140625,279801,0.0,0.0
2022-10-31 00:00:00+05:30,4442.265656476272,4557.399971546931,4437.61221754562,4547.66162109375,284185,0.0,0.0
2022-11-01 00:00:00+05:30,4543.055358571718,4658.141872981072,4543.055358571718,4649.1708984375,271134,0.0,0.0
2022-11-02 00:00:00+05:30,4648.547446577018,4670.614854476145,4596.2572843812595,4662.79541015625,172526,0.0,0.0
2022-11-03 00:00:00+05:30,4603.356936917765,4649.458909439238,4581.913080401203,4642.79052734375,123015,0.0,0.0
2022-11-04 00:00:00+05:30,4619.763357441812,4636.745852503962,4557.926462180201,4611.99169921875,210847,0.0,0.0
2022-11-07 00:00:00+05:30,4635.068215618773,4676.516291233148,4598.320896062345,4663.3720703125,161003,0.0,0.0
2022-11-09 00:00:00+05:30,4653.536608498951,4698.198934074937,4606.954909479233,4640.91943359375,222628,0.0,0.0
2022-11-10 00:00:00+05:30,4594.290618727422,4706.018583882192,4594.290618727422,4665.337890625,307460,0.0,0.0
2022-11-11 00:00:00+05:30,4770.398211218614,4869.2218266159425,4730.197241952552,4852.9111328125,771362,0.0,0.0
2022-11-14 00:00:00+05:30,4889.37087799324,4977.640524927184,4870.181824311948,4946.650390625,664125,0.0,0.0
2022-11-15 00:00:00+05:30,4998.747702141651,5142.665582241698,4889.370113265614,4927.220703125,1013747,0.0,0.0
2022-11-16 00:00:00+05:30,4931.58561000603,5007.0464517622195,4800.1406239027565,4843.36376953125,426335,0.0,0.0
2022-11-17 00:00:00+05:30,4824.126926185345,4824.126926185345,4661.595774596313,4730.1005859375,451474,0.0,0.0
2022-11-18 00:00:00+05:30,4734.850201196066,4820.289257104184,4654.351763378285,4697.38330078125,460492,0.0,0.0
2022-11-21 00:00:00+05:30,4700.357964945282,4700.357964945282,4563.971880908205,4573.56640625,304871,0.0,0.0
2022-11-22 00:00:00+05:30,4562.196528035505,4604.4124370225845,4533.412953726133,4563.2998046875,535654,0.0,0.0
2022-11-23 00:00:00+05:30,4587.62207242838,4622.066323058979,4502.710527220827,4549.771484375,309325,0.0,0.0
2022-11-24 00:00:00+05:30,4574.621163321725,4782.870115039898,4553.081269994351,4745.01953125,549567,0.0,0.0
2022-11-25 00:00:00+05:30,4763.681533291977,4770.349915379173,4706.114384853403,4738.06396484375,259072,0.0,0.0
2022-11-28 00:00:00+05:30,4730.100269946527,4811.126211456606,4708.032865036025,4740.94189453125,288290,0.0,0.0
2022-11-29 00:00:00+05:30,4734.658330055528,4760.611333366748,4703.236259979168,4712.974609375,156295,0.0,0.0
2022-11-30 00:00:00+05:30,4712.830862972849,4737.776628941353,4624.561229545833,4642.35888671875,647389,0.0,0.0
2022-12-01 00:00:00+05:30,4642.35888671875,4642.35888671875,4642.35888671875,4642.35888671875,0,0.0,0.0
2022-12-02 00:00:00+05:30,4642.35888671875,4642.35888671875,4642.35888671875,4642.35888671875,0,0.0,0.0
2022-12-05 00:00:00+05:30,4874.018987363512,4900.643795808263,4768.4792061410735,4773.66015625,286244,0.0,0.0
2022-12-06 00:00:00+05:30,4750.249036172896,4750.249036172896,4605.37171755805,4620.291015625,529007,0.0,0.0
2022-12-07 00:00:00+05:30,4620.148133013196,4620.148133013196,4483.138483887173,4497.5302734375,622933,0.0,0.0
2022-12-08 00:00:00+05:30,4499.833014188947,4508.3242639996915,4366.373054335962,4373.95263671875,705770,0.0,0.0
2022-12-09 00:00:00+05:30,4403.886442537059,4419.285465907135,4215.018147051122,4223.26953125,720644,0.0,0.0
2022-12-12 00:00:00+05:30,4202.4022699082025,4211.996795638587,4107.416465177401,4155.34130859375,671381,0.0,0.0
2022-12-13 00:00:00+05:30,4190.888827521069,4203.313925700871,4135.864128911907,4142.72412109375,640427,0.0,0.0
2022-12-14 00:00:00+05:30,4178.368261519876,4283.955832093623,4173.61878378662,4262.99169921875,881860,0.0,0.0
2022-12-15 00:00:00+05:30,4265.725654534546,4269.563464390178,4140.996834226518,4155.67626953125,476697,0.0,0.0
2022-12-16 00:00:00+05:30,4111.254475221671,4210.989762427898,4057.572913758884,4160.5224609375,728348,0.0,0.0
2022-12-19 00:00:00+05:30,4088.2267737268826,4202.401612045001,4088.2267737268826,4195.3017578125,435967,0.0,0.0
2022-12-20 00:00:00+05:30,4173.619196833235,4192.808250611779,4120.84929894224,4185.32470703125,217063,0.0,0.0
2022-12-21 00:00:00+05:30,4206.288214408321,4275.704707523291,4197.605355295036,4244.8583984375,644975,0.0,0.0
2022-12-22 00:00:00+05:30,4263.807031160785,4292.590606978702,4173.618493597979,4200.962890625,334180,0.0,0.0
2022-12-23 00:00:00+05:30,4125.646368564325,4167.190480650029,4053.687420275412,4093.552490234375,429859,0.0,0.0
2022-12-26 00:00:00+05:30,4088.2277679037575,4177.888806015138,4070.573932726936,4172.61181640625,248624,0.0,0.0
2022-12-27 00:00:00+05:30,4193.4795227358345,4236.558849305359,4178.943441557006,4212.4287109375,245105,0.0,0.0
2022-12-28 00:00:00+05:30,4189.929473566987,4216.794146170577,4131.5949433065625,4156.3486328125,312640,0.0,0.0
2022-12-29 00:00:00+05:30,4132.458471284346,4274.361420016637,4106.457211598475,4240.97265625,1092863,0.0,0.0
2022-12-30 00:00:00+05:30,4250.374771023783,4288.705087559612,4177.600201845947,4188.39404296875,317547,0.0,0.0
2023-01-02 00:00:00+05:30,4188.39420705673,4208.015199748388,4120.561190610445,4146.85009765625,268574,0.0,0.0
2023-01-03 00:00:00+05:30,4158.266636159028,4187.722011768519,4143.538948354283,4172.80224609375,191007,0.0,0.0
2023-01-04 00:00:00+05:30,4136.200445895684,4146.754425228752,4092.2577011565586,4104.49072265625,428917,0.0,0.0
2023-01-05 00:00:00+05:30,4116.051705522935,4124.686779031025,4077.721386280047,4087.460205078125,218691,0.0,0.0
2023-01-06 00:00:00+05:30,4077.673414228857,4105.929479751123,4010.5117344650876,4027.398193359375,264197,0.0,0.0
2023-01-09 00:00:00+05:30,4058.627927031078,4151.550995990302,4058.627927031078,4121.08837890625,388187,0.0,0.0
2023-01-10 00:00:00+05:30,4121.807934327812,4124.638506591983,4044.1400671666274,4060.019287109375,225477,0.0,0.0
2023-01-11 00:00:00+05:30,4080.3591238201166,4124.686013662862,4040.254199472973,4054.166259765625,243019,0.0,0.0
2023-01-12 00:00:00+05:30,4082.4703687273445,4120.848468550868,4069.038033789111,4102.7626953125,252469,0.0,0.0
2023-01-13 00:00:00+05:30,4100.603630722649,4119.361206744817,3978.369485318821,4113.6044921875,437340,0.0,0.0
2023-01-16 00:00:00+05:30,4124.206843392437,4134.713036353772,4040.926548290119,4103.57861328125,347903,0.0,0.0
2023-01-17 00:00:00+05:30,4107.416245928562,4130.395321219317,4075.322371680478,4100.93994140625,225154,0.0,0.0
2023-01-18 00:00:00+05:30,4121.184718569722,4126.845395075086,4083.4301659842063,4100.46044921875,205896,0.0,0.0
2023-01-19 00:00:00+05:30,4079.591650693011,4105.8327678247315,4051.767530780006,4066.87890625,233112,0.0,0.0
2023-01-20 00:00:00+05:30,4034.5452200653467,4170.739678772346,4034.5452200653467,4094.99072265625,449630,0.0,0.0
2023-01-23 00:00:00+05:30,3972.0855204589084,4222.550405396872,3953.903708393663,4191.7041015625,1266347,0.0,0.0
2023-01-24 00:00:00+05:30,4213.627026104361,4360.663097109327,4197.411906783323,4326.6025390625,1009385,0.0,0.0
2023-01-25 00:00:00+05:30,4307.941645394282,4322.333432628338,4233.871726369941,4250.998046875,312847,0.0,0.0
2023-01-27 00:00:00+05:30,4221.590866457977,4286.785849163724,4188.969482489893,4220.67919921875,449822,0.0,0.0
2023-01-30 00:00:00+05:30,4220.631712852118,4282.996127795374,4164.024013134392,4268.50830078125,745273,0.0,0.0
2023-01-31 00:00:00+05:30,4287.205621576286,4296.5545264838,4187.550323583235,4210.34375,486171,20.0,0.0
2023-02-01 00:00:00+05:30,4233.908488633755,4269.375596634317,4174.201805773269,4229.18603515625,363833,0.0,0.0
2023-02-02 00:00:00+05:30,4235.835874918261,4428.592911319546,4235.835874918261,4421.60546875,902731,0.0,0.0
2023-02-03 00:00:00+05:30,4471.963217636863,4471.963217636863,4250.292627107449,4339.15380859375,646511,0.0,0.0
2023-02-06 00:00:00+05:30,4327.3957436274995,4445.411434941902,4279.447427759912,4429.60498046875,528238,0.0,0.0
2023-02-07 00:00:00+05:30,4416.064235567897,4460.012939277668,4396.451110633354,4427.87060546875,312037,0.0,0.0
2023-02-08 00:00:00+05:30,4462.325217855639,4556.72816097375,4450.084958284438,4543.9580078125,610010,0.0,0.0
2023-02-09 00:00:00+05:30,4510.514999390123,4569.787792651339,4492.684972148944,4525.59814453125,553507,0.0,0.0
2023-02-10 00:00:00+05:30,4514.370449930409,4529.791015088156,4482.083641631377,4521.6953125,252444,0.0,0.0
2023-02-13 00:00:00+05:30,4520.15304093236,4523.0443968220825,4387.15067000514,4453.65185546875,253166,0.0,0.0
2023-02-14 00:00:00+05:30,4462.325785376552,4544.247533056251,4457.603331688789,4468.73486328125,318114,0.0,0.0
2023-02-15 00:00:00+05:30,4486.226816204186,4577.015563311427,4420.882372901562,4571.08837890625,488248,0.0,0.0
2023-02-16 00:00:00+05:30,4600.243147766243,4794.879282973231,4582.943015504626,4768.80908203125,994748,0.0,0.0
2023-02-17 00:00:00+05:30,4683.995556492705,4730.257241001274,4658.696197777081,4682.35693359375,396974,0.0,0.0
2023-02-20 00:00:00+05:30,4682.35718687723,4776.037291313813,4665.683892089631,4709.87353515625,693618,0.0,0.0
2023-02-21 00:00:00+05:30,4733.438463051967,4745.485779066289,4691.7067486176675,4702.2119140625,410733,0.0,0.0
2023-02-22 00:00:00+05:30,4640.626249459672,4640.626249459672,4585.690487005009,4631.27734375,411601,0.0,0.0
2023-02-23 00:00:00+05:30,4654.456332979881,4692.766796188117,4592.436658798594,4677.828125,422276,0.0,0.0
2023-02-24 00:00:00+05:30,4698.452676892617,4768.134156046011,4647.853955756851,4677.779296875,344150,0.0,0.0
2023-02-27 00:00:00+05:30,4629.590097305538,4662.503737568481,4509.213422855158,4602.07421875,479625,0.0,0.0
2023-02-28 00:00:00+05:30,4607.856827044995,4679.176928530318,4527.862659162808,4551.04150390625,500908,0.0,0.0
2023-03-01 00:00:00+05:30,4551.042550864404,4597.256247927239,4538.850759965982,4572.0048828125,290531,0.0,0.0
2023-03-02 00:00:00+05:30,4534.609754771367,4558.559913164364,4481.601564226749,4535.1396484375,292898,0.0,0.0
2023-03-03 00:00:00+05:30,4557.836597157909,4584.726109609231,4516.34536272441,4539.765625,297149,0.0,0.0
2023-03-06 00:00:00+05:30,4588.533502100264,4669.539462850135,4582.798791713601,4646.6015625,385377,0.0,0.0
2023-03-08 00:00:00+05:30,4604.001983168597,4624.385946395401,4553.88515186762,4608.291015625,191475,0.0,0.0
2023-03-09 00:00:00+05:30,4606.893531602865,4644.481156651507,4549.066416143414,4566.41455078125,225194,0.0,0.0
2023-03-10 00:00:00+05:30,4510.514996172231,4510.514996172231,4433.508648370055,4472.06005859375,331578,0.0,0.0
2023-03-13 00:00:00+05:30,4474.806719122665,4545.355513979854,4436.158838167399,4448.83251953125,248598,0.0,0.0
2023-03-14 00:00:00+05:30,4423.774143028728,4483.817773767792,4320.745597520977,4401.55908203125,410671,0.0,0.0
2023-03-15 00:00:00+05:30,4415.100137798603,4510.514875550636,4400.546886708693,4425.99072265625,320108,0.0,0.0
2023-03-16 00:00:00+05:30,4414.136309303323,4438.086466149216,4317.757787266133,4388.162109375,416508,0.0,0.0
2023-03-17 00:00:00+05:30,4471.962901094309,4611.711741753506,4453.988402949852,4504.68359375,1180000,0.0,0.0
2023-03-20 00:00:00+05:30,4395.824309971677,4536.536949580505,4395.824309971677,4508.828125,317984,0.0,0.0
2023-03-21 00:00:00+05:30,4524.008335494895,4552.8254227197785,4478.951371352503,4504.8291015625,332833,0.0,0.0
2023-03-22 00:00:00+05:30,4544.199831622577,4621.350659078614,4465.699328225392,4481.36083984375,409812,0.0,0.0
2023-03-23 00:00:00+05:30,4444.013703791456,4479.673757367748,4377.994415413726,4435.2431640625,400901,0.0,0.0
2023-03-24 00:00:00+05:30,4479.673582865456,4542.319620491587,4422.713783765742,4434.8095703125,477503,0.0,0.0
2023-03-27 00:00:00+05:30,4452.687673354995,4494.564328998466,4385.2227086071925,4392.64404296875,249140,0.0,0.0
2023-03-28 00:00:00+05:30,4403.487267320651,4445.411930085627,4352.55111740492,4389.94580078125,313376,0.0,0.0
2023-03-29 00:00:00+05:30,4401.607261252011,4494.082644743592,4384.11465298679,4453.2177734375,333288,0.0,0.0
2023-03-31 00:00:00+05:30,4471.963940854943,4604.677369321793,4464.253658198297,4587.28076171875,328337,0.0,0.0
2023-04-03 00:00:00+05:30,4587.617442823187,4605.929361187397,4529.790332199365,4568.197265625,257102,0.0,0.0
2023-04-05 00:00:00+05:30,4567.378015408975,4672.430601118952,4540.199084811687,4658.40771484375,430407,0.0,0.0
2023-04-06 00:00:00+05:30,4664.720357264443,4664.720357264443,4579.618312539596,4600.3876953125,192083,0.0,0.0
2023-04-10 00:00:00+05:30,4610.747971287751,4634.360706508602,4581.834417956097,4623.66259765625,220328,0.0,0.0
2023-04-11 00:00:00+05:30,4626.169415917433,4626.169415917433,4555.042249387017,4599.56884765625,186260,0.0,0.0
2023-04-12 00:00:00+05:30,4602.026539313884,4661.829225467855,4577.9799092355415,4652.8662109375,327375,0.0,0.0
2023-04-13 00:00:00+05:30,4616.531496421699,4616.531496421699,4448.398965896214,4478.1318359375,912484,0.0,0.0
2023-04-17 00:00:00+05:30,4319.685213787865,4327.395495293957,4030.3567120324797,4175.69580078125,1763639,0.0,0.0
2023-04-18 00:00:00+05:30,4204.850129542816,4206.92217349259,4082.015524118734,4162.20263671875,771432,0.0,0.0
2023-04-19 00:00:00+05:30,4162.202604503863,4202.103215226046,4026.7423205623613,4042.644775390625,823131,0.0,0.0
2023-04-20 00:00:00+05:30,4042.115234301744,4088.328924087247,3986.312163884897,4002.45556640625,548732,0.0,0.0
2023-04-21 00:00:00+05:30,4011.418834848848,4061.294723409837,3982.5537478860483,4019.803955078125,480473,0.0,0.0
2023-04-24 00:00:00+05:30,4046.934426904938,4059.752583004237,3997.9743224824824,4031.94775390625,280999,0.0,0.0
2023-04-25 00:00:00+05:30,4057.5354626162866,4067.125313053443,4024.236874078045,4034.7900390625,299754,0.0,0.0
2023-04-26 00:00:00+05:30,4028.6221974282353,4064.330251393413,4002.647997652885,4009.490966796875,496132,0.0,0.0
2023-04-27 00:00:00+05:30,4033.4412941852356,4194.05601289138,4012.5754375237398,4163.69677734375,888098,0.0,0.0
2023-04-28 00:00:00+05:30,4178.00950587524,4282.532215662934,4129.290344513184,4259.4013671875,1138300,0.0,0.0
2023-05-02 00:00:00+05:30,4270.483838903985,4447.868300887532,4263.833345139157,4383.53564453125,757405,0.0,0.0
2023-05-03 00:00:00+05:30,4373.898312471559,4379.440077534459,4296.9884394900755,4335.10595703125,404872,0.0,0.0
2023-05-04 00:00:00+05:30,4318.528272764279,4359.152192947388,4304.312441930543,4338.044921875,331451,0.0,0.0
2023-05-05 00:00:00+05:30,4335.106056641429,4385.222889666185,4312.02321165322,4325.32373046875,217630,0.0,0.0
2023-05-08 00:00:00+05:30,4356.30899218737,4370.76576981631,4327.395436929489,4354.1884765625,172189,0.0,0.0
2023-05-09 00:00:00+05:30,4369.2238674435885,4497.600248315402,4356.30923948159,4455.24169921875,535062,0.0,0.0
2023-05-10 00:00:00+05:30,4469.987417677156,4470.03541869422,4405.895706736414,4428.3037109375,246174,0.0,0.0
2023-05-11 00:00:00+05:30,4496.05745663991,4516.248942567633,4461.313192293576,4489.50390625,272084,0.0,0.0
2023-05-12 00:00:00+05:30,4471.963252649701,4550.945636698185,4446.952838891816,4517.4541015625,232055,0.0,0.0
2023-05-15 00:00:00+05:30,4512.442535732761,4546.175019447123,4488.347904508216,4536.681640625,162309,0.0,0.0
2023-05-16 00:00:00+05:30,4549.066590510989,4616.531561132974,4544.24766403799,4564.53515625,254021,0.0,0.0
2023-05-17 00:00:00+05:30,4572.196730403824,4584.725937295741,4511.478266235308,4568.2451171875,185117,0.0,0.0
2023-05-18 00:00:00+05:30,4577.787007494054,4604.62852091582,4530.754475376339,4542.126953125,246516,0.0,0.0
2023-05-19 00:00:00+05:30,4579.570080262732,4667.852903113126,4558.848697427459,4629.060546875,527489,0.0,0.0
2023-05-22 00:00:00+05:30,4642.554138032785,4833.769061763588,4635.807640427174,4806.83154296875,569846,0.0,0.0
2023-05-23 00:00:00+05:30,4807.360372431984,4833.382571721411,4664.093802685948,4681.923828125,447041,0.0,0.0
2023-05-24 00:00:00+05:30,4654.118878147458,4702.115194387705,4608.62802702794,4651.56494140625,501671,0.0,0.0
2023-05-25 00:00:00+05:30,4674.358807358917,4745.919867450958,4618.025367101013,4732.7158203125,289085,0.0,0.0
2023-05-26 00:00:00+05:30,4746.641698364608,4837.237499308014,4746.641698364608,4819.98583984375,443908,0.0,0.0
2023-05-29 00:00:00+05:30,4860.368902271029,4871.645377672054,4795.988237313482,4808.22802734375,303516,0.0,0.0
2023-05-30 00:00:00+05:30,4817.9624998043455,4838.346463870501,4790.350146310598,4810.4931640625,306273,0.0,0.0
2023-05-31 00:00:00+05:30,4808.37230343602,4845.670978446911,4772.134356849699,4817.3837890625,512681,0.0,0.0
2023-06-01 00:00:00+05:30,4836.997259835439,4857.477696552052,4778.013413852284,4789.337890625,320472,0.0,0.0
2023-06-02 00:00:00+05:30,4838.20153834286,4838.20153834286,4799.650131662837,4813.28759765625,269222,0.0,0.0
2023-06-05 00:00:00+05:30,4828.563767462287,4847.7914701049485,4751.55742545015,4764.18310546875,156817,0.0,0.0
2023-06-06 00:00:00+05:30,4712.909688786869,4737.438210682533,4626.169019668092,4707.9462890625,920055,0.0,0.0
2023-06-07 00:00:00+05:30,4737.004570704938,4759.8944707159735,4684.285328545474,4724.71630859375,286467,0.0,0.0
2023-06-08 00:00:00+05:30,4717.728383658247,4719.655953988649,4623.373910104728,4631.1806640625,415304,0.0,0.0
2023-06-09 00:00:00+05:30,4637.734638534884,4661.106430925672,4603.13484206364,4648.38427734375,274316,0.0,0.0
2023-06-12 00:00:00+05:30,4648.38428934855,4759.171592732574,4617.350686473411,4721.92138671875,337136,0.0,0.0
2023-06-13 00:00:00+05:30,4751.557811934289,4786.976920295111,4724.475351965952,4765.8701171875,263147,0.0,0.0
2023-06-14 00:00:00+05:30,4765.8701576599115,4779.363151435761,4694.357102408597,4729.00537109375,361987,0.0,0.0
2023-06-15 00:00:00+05:30,4725.776640098087,4838.2020987308115,4704.283946025634,4791.12109375,452221,0.0,0.0
2023-06-16 00:00:00+05:30,4819.263291804359,4908.557894109061,4772.760657131129,4829.14208984375,689468,0.0,0.0
2023-06-19 00:00:00+05:30,4829.527760078079,4957.711194939461,4825.672619179993,4867.0673828125,770658,0.0,0.0
2023-06-20 00:00:00+05:30,4884.463572943415,4886.728562366227,4777.772359146724,4840.27392578125,372934,0.0,0.0
2023-06-21 00:00:00+05:30,4862.296154661877,4894.101065088804,4788.422115926253,4819.40771484375,335601,0.0,0.0
2023-06-22 00:00:00+05:30,4842.827983269481,4855.164716948957,4790.976524552259,4844.03271484375,248629,0.0,0.0
2023-06-23 00:00:00+05:30,4818.878179173201,4829.431345148873,4733.004820522461,4777.14599609375,263039,0.0,0.0
2023-06-26 00:00:00+05:30,4775.458692437098,4837.092937751251,4747.6533982140945,4825.9609375,234908,0.0,0.0
2023-06-27 00:00:00+05:30,4833.38259554682,5006.2855597803355,4799.120221219471,4976.07080078125,771183,0.0,0.0
2023-06-28 00:00:00+05:30,5020.356642976868,5021.320428087825,4879.6920177933625,4904.60595703125,700215,0.0,0.0
2023-06-30 00:00:00+05:30,4939.398898858742,5040.596339713409,4928.797262197777,5008.984375,581634,0.0,0.0
2023-07-03 00:00:00+05:30,5036.741918954131,5040.59706010909,4950.96502825629,5022.62255859375,364676,0.0,0.0
2023-07-04 00:00:00+05:30,5021.224568327343,5084.304499778062,4958.6750011113045,5060.40234375,384232,0.0,0.0
2023-07-05 00:00:00+05:30,5228.535018421041,5233.3539447053,5016.550262937179,5052.2587890625,1432005,0.0,0.0
2023-07-06 00:00:00+05:30,5064.691368769728,5074.329221041411,4982.769624460418,4990.6728515625,415786,0.0,0.0
2023-07-07 00:00:00+05:30,5002.0454216954195,5059.872536397101,4916.461480176237,4929.32763671875,606865,0.0,0.0
2023-07-10 00:00:00+05:30,4953.078535829404,4953.078535829404,4820.047535068473,4854.72607421875,560058,40.0,0.0
2023-07-11 00:00:00+05:30,4854.725697788289,4879.495945458461,4774.343815642927,4783.3291015625,537188,0.0,0.0
2023-07-12 00:00:00+05:30,4819.028051078422,4845.498221284406,4639.516774597294,4678.3720703125,5055302,0.0,0.0
2023-07-13 00:00:00+05:30,4667.491784146011,4802.416685916695,4658.312032017047,4753.2646484375,837160,0.0,0.0
2023-07-14 00:00:00+05:30,4784.057240240295,4968.036930414594,4761.715450082828,4947.3466796875,1374038,0.0,0.0
2023-07-17 00:00:00+05:30,4978.333646184786,5144.4399980867565,4934.6214483158465,4987.90185546875,1526990,0.0,0.0
2023-07-18 00:00:00+05:30,4905.480438824859,4932.63076285789,4803.7281465541855,4858.0283203125,1983506,0.0,0.0
2023-07-19 00:00:00+05:30,4886.053196385633,4894.795637492485,4808.342608769161,4847.68359375,526765,0.0,0.0
2023-07-20 00:00:00+05:30,4861.768917060797,4874.396888273943,4813.879954414073,4842.3896484375,361901,0.0,0.0
2023-07-21 00:00:00+05:30,4754.916697844987,4876.339494010589,4716.0614030719935,4781.87255859375,859135,0.0,0.0
2023-07-24 00:00:00+05:30,4781.8714645505825,4820.58113797336,4726.745527703648,4739.421875,254263,0.0,0.0
2023-07-25 00:00:00+05:30,4750.058928923342,4758.801368669827,4713.632096646323,4729.31982421875,283808,0.0,0.0
2023-07-26 00:00:00+05:30,4749.088165180324,4796.200207727111,4716.0611662815445,4721.4521484375,384319,0.0,0.0
2023-07-27 00:00:00+05:30,4750.05924305539,4758.656070902836,4699.158907582358,4723.2978515625,406914,0.0,0.0
2023-07-28 00:00:00+05:30,4730.631877220503,4753.459361638302,4675.360318321514,4705.42431640625,217121,0.0,0.0
2023-07-31 00:00:00+05:30,4701.878766746823,4763.658775582074,4663.6063991781275,4751.662109375,343283,0.0,0.0
2023-08-01 00:00:00+05:30,4787.943175559933,4855.648709031565,4759.7730899256785,4835.0068359375,442346,0.0,0.0
2023-08-02 00:00:00+05:30,4832.626800894208,4833.598183165745,4701.490194236777,4726.69775390625,542161,0.0,0.0
2023-08-03 00:00:00+05:30,4720.917590568258,4758.753117771314,4692.795885568017,4730.5341796875,346102,0.0,0.0
2023-08-04 00:00:00+05:30,4745.202751507244,4838.407077158121,4741.511688322328,4799.5029296875,238713,0.0,0.0
2023-08-07 00:00:00+05:30,4814.170099758541,4914.513689556254,4789.73993271352,4902.6142578125,451430,0.0,0.0
2023-08-08 00:00:00+05:30,4913.251388453637,4950.163913712878,4877.795936559894,4937.0986328125,340699,0.0,0.0
2023-08-09 00:00:00+05:30,4929.764843540887,4966.191677360155,4888.966789663307,4958.12939453125,201844,0.0,0.0
2023-08-10 00:00:00+05:30,4939.478524248978,4997.664223606217,4926.413243837365,4960.41162109375,255038,0.0,0.0
2023-08-11 00:00:00+05:30,4968.620432811054,5023.940844166336,4949.241166326546,4961.189453125,353239,0.0,0.0
2023-08-14 00:00:00+05:30,4944.336082079919,5055.025288807551,4920.051523719998,5044.6796875,396400,0.0,0.0
2023-08-16 00:00:00+05:30,5050.216564607532,5088.7806315406615,5012.3326550057445,5049.14794921875,405856,0.0,0.0
2023-08-17 00:00:00+05:30,5039.531148447353,5039.531148447353,4937.3415453054695,4951.66943359375,344151,0.0,0.0
2023-08-18 00:00:00+05:30,4954.049143747011,4967.648494337688,4868.179053450271,4939.6240234375,338124,0.0,0.0
2023-08-21 00:00:00+05:30,4940.449896235902,5004.706734255996,4911.30843007643,5000.23828125,202004,0.0,0.0
2023-08-22 00:00:00+05:30,5022.046809414132,5022.046809414132,4962.792485357215,4992.80810546875,175355,0.0,0.0
2023-08-23 00:00:00+05:30,5007.523905878494,5095.7740786414015,5007.523905878494,5026.41748046875,359052,0.0,0.0
2023-08-24 00:00:00+05:30,5069.64401277352,5080.231984541447,4973.7200146395135,5022.19189453125,296417,0.0,0.0
2023-08-25 00:00:00+05:30,4984.162109873283,5041.376427070117,4958.080402723667,4980.6650390625,206278,0.0,0.0
2023-08-28 00:00:00+05:30,5002.618602573087,5009.272665867184,4949.678269788576,4983.142578125,165824,0.0,0.0
2023-08-29 00:00:00+05:30,4993.875444293874,5039.482024234722,4975.516417214706,4989.7470703125,196122,0.0,0.0
2023-08-30 00:00:00+05:30,5031.1772449392265,5063.815784141299,4988.047966922228,5025.591796875,349680,0.0,0.0
2023-08-31 00:00:00+05:30,5046.330673613585,5103.059300857724,5010.437910571914,5044.7763671875,636436,0.0,0.0
2023-09-01 00:00:00+05:30,5075.278199922437,5161.925693342605,5048.322340308162,5151.58056640625,435444,0.0,0.0
2023-09-04 00:00:00+05:30,5162.94462137541,5226.036083143127,5121.952578319019,5212.1455078125,397768,0.0,0.0
2023-09-05 00:00:00+05:30,5212.145949986865,5305.689871323538,5188.4926972405265,5270.86572265625,600824,0.0,0.0
2023-09-06 00:00:00+05:30,5293.013666755168,5323.563354890518,5203.792109434722,5252.5068359375,388092,0.0,0.0
2023-09-07 00:00:00+05:30,5245.4646023902005,5340.611691706668,5199.809632702731,5328.90625,602474,0.0,0.0
2023-09-08 00:00:00+05:30,5342.602492270923,5343.573874542245,5294.033378704824,5321.7177734375,244392,0.0,0.0
2023-09-11 00:00:00+05:30,5323.174389709366,5363.001059413396,5310.837646199912,5351.00439453125,239456,0.0,0.0
2023-09-12 00:00:00+05:30,5350.956243535951,5377.572021758978,5261.0061542353005,5347.896484375,327724,0.0,0.0
2023-09-13 00:00:00+05:30,5340.659590903693,5391.171467718352,5301.172997447628,5380.58349609375,247607,0.0,0.0
2023-09-14 00:00:00+05:30,5386.314718510118,5433.329525790297,5324.486331526191,5341.24267578125,401195,0.0,0.0
2023-09-15 00:00:00+05:30,5371.695319014195,5390.491185601302,5337.890933036359,5374.46337890625,296245,0.0,0.0
2023-09-18 00:00:00+05:30,5362.0301235547495,5365.527194583835,5314.52962547394,5355.958984375,184125,0.0,0.0
2023-09-20 00:00:00+05:30,5318.317464382844,5369.509495269941,5297.141522466924,5316.81201171875,145121,0.0,0.0
2023-09-21 00:00:00+05:30,5311.517921026098,5311.517921026098,5201.751731363342,5239.78125,313418,0.0,0.0
2023-09-22 00:00:00+05:30,5231.864882074793,5296.4618027316765,5196.895120516179,5272.17724609375,180055,0.0,0.0
2023-09-25 00:00:00+05:30,5293.062017284126,5302.775840035611,5206.608994795911,5223.2197265625,254576,0.0,0.0
2023-09-26 00:00:00+05:30,5227.007789848179,5255.663565689197,5199.809087355008,5209.5712890625,159123,0.0,0.0
2023-09-27 00:00:00+05:30,5245.464194997814,5289.176396622795,5222.2482538852055,5281.30810546875,320128,0.0,0.0
2023-09-28 00:00:00+05:30,5305.690010911183,5305.690010911183,5068.769967790084,5114.23046875,484805,0.0,0.0
2023-09-29 00:00:00+05:30,5114.3274950647965,5151.2883995842885,4981.248128146681,5060.755859375,481064,0.0,0.0
2023-10-03 00:00:00+05:30,5046.330719206363,5099.611129746152,4990.573473686303,5063.57275390625,255939,0.0,0.0
2023-10-04 00:00:00+05:30,5032.731825312404,5050.216707160624,4979.937101092476,5037.783203125,199894,0.0,0.0
2023-10-05 00:00:00+05:30,5068.380907376227,5104.613272374282,5046.6704211469305,5076.68603515625,283699,0.0,0.0
2023-10-06 00:00:00+05:30,5099.756851939285,5114.27920641219,5067.458391877003,5089.26611328125,139350,0.0,0.0
2023-10-09 00:00:00+05:30,5066.681745218329,5084.21500617567,5025.446376471118,5057.45361328125,353035,0.0,0.0
2023-10-10 00:00:00+05:30,5090.043142241633,5142.740630880298,5063.184517087348,5115.63916015625,172958,0.0,0.0
2023-10-11 00:00:00+05:30,5128.898171188032,5190.04687225133,5080.329059718449,5094.36572265625,238862,0.0,0.0
2023-10-12 00:00:00+05:30,5108.984707861984,5117.629914626065,4989.893154651952,5007.232421875,307844,0.0,0.0
2023-10-13 00:00:00+05:30,4958.906100096916,5056.044319491566,4929.76463427852,4949.337890625,272672,0.0,0.0
2023-10-16 00:00:00+05:30,4971.971584058767,5043.416557627958,4953.078009889245,5014.71240234375,244025,0.0,0.0
2023-10-17 00:00:00+05:30,5043.416868706545,5080.3293958658,5028.069218189749,5064.54443359375,313332,0.0,0.0
2023-10-18 00:00:00+05:30,5051.28488966352,5056.044567786055,4893.483654784452,5007.669921875,333664,0.0,0.0
2023-10-19 00:00:00+05:30,5051.188173748615,5323.175229258155,5051.188173748615,5301.6103515625,1808046,0.0,0.0
2023-10-20 00:00:00+05:30,5304.718910588875,5355.230791810376,5235.7991444683485,5261.201171875,548231,0.0,0.0
2023-10-23 00:00:00+05:30,5252.263905138595,5252.263905138595,5036.617042379067,5052.8876953125,268286,0.0,0.0
2023-10-25 00:00:00+05:30,5087.080437335803,5143.468986931189,5032.683031619439,5055.12158203125,293641,0.0,0.0
2023-10-26 00:00:00+05:30,5005.533036162182,5049.876543687744,4921.6056995615945,5022.5322265625,405185,0.0,0.0
2023-10-27 00:00:00+05:30,5041.547794906389,5085.4297389626345,5031.796251782779,5042.52294921875,183188,20.0,0.0
2023-10-30 00:00:00+05:30,5042.52233110004,5049.153189151449,4956.757329381245,5021.26416015625,276530,0.0,0.0
2023-10-31 00:00:00+05:30,5035.695986153206,5035.695986153206,4925.601178819838,4934.669921875,259121,0.0,0.0
2023-11-01 00:00:00+05:30,4939.156444771092,4979.13777038523,4865.093286496786,4874.50390625,323448,0.0,0.0
2023-11-02 00:00:00+05:30,4939.839417710865,4995.08181457953,4881.76869240117,4895.3232421875,312381,0.0,0.0
2023-11-03 00:00:00+05:30,4951.833425728896,5020.094225217085,4933.305494439245,5007.36865234375,324952,0.0,0.0
2023-11-06 00:00:00+05:30,5045.448226863875,5049.787853854337,4987.914124547491,5021.703125,155164,0.0,0.0
2023-11-07 00:00:00+05:30,5017.60727334528,5079.675741763974,5007.416721689441,5058.076171875,200866,0.0,0.0
2023-11-08 00:00:00+05:30,5061.050471808974,5109.905794136689,5046.471725558499,5103.3720703125,236117,0.0,0.0
2023-11-09 00:00:00+05:30,5103.371995846295,5134.186964404821,5079.090751016622,5124.14306640625,269946,0.0,0.0
2023-11-10 00:00:00+05:30,5110.783298194849,5148.765745755343,5053.492987420389,5131.40771484375,229733,0.0,0.0
2023-11-13 00:00:00+05:30,5128.336358125997,5139.014487950997,5086.794690571279,5130.38427734375,140187,0.0,0.0
2023-11-15 00:00:00+05:30,5187.820644715848,5308.983561089146,5161.199123972517,5267.44189453125,468132,0.0,0.0
2023-11-16 00:00:00+05:30,5285.336403178503,5410.59516577639,5232.970425845855,5382.3642578125,466812,0.0,0.0
2023-11-17 00:00:00+05:30,5402.354978212489,5410.156212838067,5350.184221653939,5381.38916015625,338819,0.0,0.0
2023-11-20 00:00:00+05:30,5381.38879203803,5497.5783270647735,5373.099980815357,5418.0546875,457451,0.0,0.0
2023-11-21 00:00:00+05:30,5446.236452135744,5472.565616720823,5373.099883843859,5383.09521484375,268090,0.0,0.0
2023-11-22 00:00:00+05:30,5372.368772098339,5437.557931613729,5368.224366365905,5415.66552734375,203308,0.0,0.0
2023-11-23 00:00:00+05:30,5441.165844063938,5460.864151642188,5316.63892400998,5335.41064453125,249485,0.0,0.0
2023-11-24 00:00:00+05:30,5353.59649389693,5374.416131047542,5302.644687557019,5336.62890625,152012,0.0,0.0
2023-11-28 00:00:00+05:30,5342.821901979067,5353.59716665431,5273.244546668865,5343.1142578125,263892,0.0,0.0
2023-11-29 00:00:00+05:30,5353.596722412655,5456.1831378629595,5353.596722412655,5449.6494140625,354830,0.0,0.0
2023-11-30 00:00:00+05:30,5460.8637922273265,5476.417692952503,5378.560868874379,5399.13671875,612934,0.0,0.0
2023-12-01 00:00:00+05:30,5460.863377202083,5470.614918947087,5385.386539325655,5438.4833984375,195286,0.0,0.0
2023-12-04 00:00:00+05:30,5470.615318955589,5492.068712363258,5412.106064207401,5438.8251953125,168191,0.0,0.0
2023-12-05 00:00:00+05:30,5436.484995560432,5441.360766856899,5318.491330185937,5351.30517578125,268002,0.0,0.0
2023-12-06 00:00:00+05:30,5371.637030554665,5529.026826716523,5371.637030554665,5499.7236328125,605990,0.0,0.0
2023-12-07 00:00:00+05:30,5524.0535796954255,5524.0535796954255,5404.304828802488,5428.87890625,273629,0.0,0.0
2023-12-08 00:00:00+05:30,5459.889148005827,5611.0380706600345,5446.236987249964,5566.86376953125,780096,0.0,0.0
2023-12-11 00:00:00+05:30,5593.484925358497,5655.8947990026645,5554.088787850526,5627.27392578125,497043,0.0,0.0
2023-12-12 00:00:00+05:30,5655.894465444816,5675.397549808419,5592.509441263107,5614.93798828125,362937,0.0,0.0
2023-12-13 00:00:00+05:30,5633.3197568175365,5633.3197568175365,5474.515796697676,5585.19580078125,387503,0.0,0.0
2023-12-14 00:00:00+05:30,5665.694913387534,5816.795258982189,5647.947391246002,5796.609375,958532,0.0,0.0
2023-12-15 00:00:00+05:30,5801.192576225587,6060.583604175831,5788.515571100199,5977.0126953125,1618791,0.0,0.0
2023-12-18 00:00:00+05:30,5987.447413450417,6050.734832411536,5923.135796782603,5986.66748046875,413220,0.0,0.0
2023-12-19 00:00:00+05:30,6015.726448911854,6015.726448911854,5883.007862889778,5960.8740234375,431913,0.0,0.0
2023-12-20 00:00:00+05:30,5987.447248627227,6132.7452356053145,5850.974217378258,5882.6181640625,886292,0.0,0.0
2023-12-21 00:00:00+05:30,5833.81185044673,5995.102271403641,5802.216471193037,5959.21630859375,513420,0.0,0.0
2023-12-22 00:00:00+05:30,6033.2308392653495,6084.962582297663,5956.2422199798275,6074.33349609375,540467,0.0,0.0
2023-12-26 00:00:00+05:30,6084.962610373619,6132.013803634921,6051.904976037556,6104.17333984375,271488,0.0,0.0
2023-12-27 00:00:00+05:30,6122.0181368923995,6198.080165353312,6099.589590038541,6130.98974609375,357171,0.0,0.0
2023-12-28 00:00:00+05:30,6145.275846509477,6167.850571950027,6078.477781026698,6097.78564453125,335511,0.0,0.0
2023-12-29 00:00:00+05:30,6104.806931403774,6149.322627155417,6046.2000664478865,6138.54736328125,245328,0.0,0.0
2024-01-01 00:00:00+05:30,6152.052506955145,6161.755481516404,6084.962089758633,6106.31787109375,166927,0.0,0.0
2024-01-02 00:00:00+05:30,6075.2109209696455,6127.869249979655,5971.3084270587815,5991.34765625,475149,0.0,0.0
2024-01-03 00:00:00+05:30,5958.192783065194,5961.362034545548,5807.043866309858,5812.943359375,421251,0.0,0.0
2024-01-04 00:00:00+05:30,5814.845018975999,5870.428813388481,5706.31053718829,5720.64501953125,618173,0.0,0.0
2024-01-05 00:00:00+05:30,5797.2919130758955,5860.676938197836,5755.360281072151,5799.8759765625,429330,0.0,0.0
2024-01-08 00:00:00+05:30,5839.223687286837,5839.223687286837,5690.0736533115705,5700.36181640625,193870,0.0,0.0
2024-01-09 00:00:00+05:30,5768.037619404532,5809.8716431725,5729.031447844738,5762.57666015625,351316,0.0,0.0
2024-01-10 00:00:00+05:30,5768.037466914276,5809.481523100896,5738.782839017838,5799.72998046875,259576,0.0,0.0
2024-01-11 00:00:00+05:30,5829.8133479532835,5849.852576788676,5766.135491461787,5811.87060546875,232299,0.0,0.0
2024-01-12 00:00:00+05:30,5875.889374688482,6089.838115742635,5865.552644706477,6082.08544921875,899942,0.0,0.0
2024-01-15 00:00:00+05:30,6082.08544921875,6082.08544921875,6082.08544921875,6082.08544921875,0,0.0,0.0
2024-01-16 00:00:00+05:30,6133.720296171292,6143.423271519328,6040.0078765436,6080.96435546875,255823,0.0,0.0
2024-01-17 00:00:00+05:30,6041.0802113748305,6166.875101974887,5997.198272793415,6119.677734375,472635,0.0,0.0
2024-01-18 00:00:00+05:30,5558.379021283241,5646.1429005666605,5277.290819022734,5463.7890625,2798324,0.0,0.0
2024-01-19 00:00:00+05:30,5547.651809845241,5555.648264119538,5443.31031860716,5511.71728515625,974885,0.0,0.0
2024-01-23 00:00:00+05:30,5490.118415455684,5581.782914754589,5441.36070306265,5498.4072265625,754748,0.0,0.0
2024-01-24 00:00:00+05:30,5509.962770193268,5576.809401853989,5458.96191853851,5479.927734375,729576,0.0,0.0
2024-01-25 00:00:00+05:30,5509.621157583775,5509.621157583775,5321.708755253815,5358.130859375,911916,0.0,0.0
2024-01-29 00:00:00+05:30,5360.423094236975,5377.098327708009,5265.8331287756355,5312.98193359375,772171,0.0,0.0
2024-01-30 00:00:00+05:30,5358.472793790194,5387.435066502167,5212.248218356972,5219.8056640625,830778,0.0,0.0
2024-01-31 00:00:00+05:30,5218.050646539943,5330.632400659463,5178.361676167173,5313.1767578125,536486,0.0,0.0
2024-02-01 00:00:00+05:30,5295.087755737497,5298.9883728687955,5209.274178848933,5231.361328125,495519,0.0,0.0
2024-02-02 00:00:00+05:30,5241.5033896402765,5403.330450383671,5241.5033896402765,5349.55078125,593677,0.0,0.0
2024-02-05 00:00:00+05:30,5402.354356898481,5402.354356898481,5290.8453770636415,5303.32763671875,301000,0.0,0.0
2024-02-06 00:00:00+05:30,5295.5752808534435,5370.02840484556,5257.398086285837,5334.38623046875,836565,0.0,0.0
2024-02-07 00:00:00+05:30,5363.34860256053,5381.827966841902,5303.864190786677,5312.54296875,354265,0.0,0.0
2024-02-08 00:00:00+05:30,5320.392773872871,5353.5965840848485,5266.905470512357,5286.11572265625,380430,0.0,0.0
2024-02-09 00:00:00+05:30,5334.093860529901,5334.093860529901,5228.777199298232,5317.80859375,196922,0.0,0.0
2024-02-12 00:00:00+05:30,5334.045236208579,5410.155835759766,5328.7790222837,5379.4384765625,421078,0.0,0.0
2024-02-13 00:00:00+05:30,5378.902057221931,5436.4847228852395,5333.313597886525,5419.078125,256808,0.0,0.0
2024-02-14 00:00:00+05:30,5343.796516724623,5379.925789834395,5270.367118840871,5368.3701171875,332342,0.0,0.0
2024-02-15 00:00:00+05:30,5437.021696182303,5451.112867130517,5374.124240023105,5385.0947265625,226420,0.0,0.0
2024-02-16 00:00:00+05:30,5428.684004133818,5455.939757359143,5358.814293562367,5441.7509765625,319063,0.0,0.0
2024-02-19 00:00:00+05:30,5427.708772175906,5450.137320821262,5373.002521337108,5377.04931640625,156372,0.0,0.0
2024-02-20 00:00:00+05:30,5391.530178144962,5451.112197392883,5345.259395182391,5367.59033203125,413919,0.0,0.0
2024-02-21 00:00:00+05:30,5363.348817809145,5379.048897760283,5272.75707573461,5285.43408203125,567794,0.0,0.0
2024-02-22 00:00:00+05:30,5361.398220001595,5369.491810048507,5271.732593687074,5350.427734375,536659,0.0,0.0
2024-02-23 00:00:00+05:30,5408.204849873764,5417.127415007435,5373.099300902351,5404.93798828125,310531,0.0,0.0
2024-02-26 00:00:00+05:30,5400.306673523986,5400.306673523986,5308.7883511235705,5330.33935546875,227438,0.0,0.0
2024-02-27 00:00:00+05:30,5329.217917042341,5371.247159980302,5266.808045735715,5307.47216796875,321866,0.0,0.0
2024-02-28 00:00:00+05:30,5313.615717313422,5330.193340215666,5246.330071416078,5275.5361328125,263858,0.0,0.0
2024-02-29 00:00:00+05:30,5277.534783676814,5295.038992866673,5136.137417890943,5169.146484375,513879,0.0,0.0
2024-03-01 00:00:00+05:30,5182.94523959212,5215.564342237152,5126.386288717926,5142.52490234375,565313,0.0,0.0
2024-03-04 00:00:00+05:30,5168.317376769556,5187.674283306796,5080.114486926953,5087.2333984375,456225,0.0,0.0
2024-03-05 00:00:00+05:30,5080.4075998728895,5089.769176152076,4987.914121567577,5004.052734375,549757,0.0,0.0
2024-03-06 00:00:00+05:30,5021.996140894015,5050.665582444607,4947.201614683686,5035.89208984375,608117,0.0,0.0
2024-03-07 00:00:00+05:30,5050.177173668298,5072.70332980205,4981.087406791729,4995.42236328125,461048,0.0,0.0
2024-03-11 00:00:00+05:30,4990.839560674593,5005.466874744565,4931.3551501233715,4995.71533203125,343534,0.0,0.0
2024-03-12 00:00:00+05:30,5015.218521223624,5089.574035951079,4995.715435393472,5079.77392578125,493480,0.0,0.0
2024-03-13 00:00:00+05:30,5101.76318779983,5144.133829926847,5031.942049086105,5065.92626953125,617665,0.0,0.0
2024-03-14 00:00:00+05:30,5056.125770818986,5141.158928191869,4985.768016998415,5133.40673828125,414994,0.0,0.0
2024-03-15 00:00:00+05:30,5117.658470369164,5119.511644508319,5041.547865680757,5065.29296875,571117,0.0,0.0
2024-03-18 00:00:00+05:30,5070.802115631784,5090.25663343907,5022.044402981478,5039.06103515625,189164,0.0,0.0
2024-03-19 00:00:00+05:30,5038.6219795506595,5049.44628689069,4950.078164641167,4978.84521484375,487996,0.0,0.0
2024-03-20 00:00:00+05:30,4988.011750191406,5030.479528602883,4944.861173324473,4974.310546875,229758,0.0,0.0
2024-03-21 00:00:00+05:30,5031.796341131633,5063.976434010963,5002.8340670804055,5031.69873046875,374029,0.0,0.0
2024-03-22 00:00:00+05:30,4919.605067194425,4951.833727600524,4822.186767923582,4880.6474609375,846359,0.0,0.0
2024-03-26 00:00:00+05:30,4880.646316053943,4919.99387958609,4840.664997580774,4851.5869140625,388110,0.0,0.0
2024-03-27 00:00:00+05:30,4856.268354023972,4878.599291988268,4792.883325306792,4805.07275390625,517721,0.0,0.0
2024-03-28 00:00:00+05:30,4813.3128179299065,4843.981133448449,4786.105633394678,4815.70166015625,1169945,0.0,0.0
2024-04-01 00:00:00+05:30,4831.889156178294,4856.0242231037055,4745.198041320559,4761.2880859375,626289,0.0,0.0
2024-04-02 00:00:00+05:30,4760.605065003467,4795.759658652447,4745.733963855643,4778.98681640625,454393,0.0,0.0
2024-04-03 00:00:00+05:30,4778.987150740961,4810.435875040587,4743.198799605293,4748.318359375,545022,0.0,0.0
2024-04-04 00:00:00+05:30,4780.157178505061,4844.224521843519,4745.197806248382,4812.5810546875,791246,0.0,0.0
2024-04-05 00:00:00+05:30,4822.137953945491,4822.137953945491,4771.429930971746,4805.07275390625,340663,0.0,0.0
2024-04-08 00:00:00+05:30,4817.262372661673,4832.864841884869,4761.678576054039,4775.720703125,376850,0.0,0.0
2024-04-09 00:00:00+05:30,4813.361411164926,4849.539729319108,4758.752772788663,4771.08837890625,330892,0.0,0.0
2024-04-10 00:00:00+05:30,4796.539868805844,4804.633458455022,4754.218270453808,4796.14990234375,271550,0.0,0.0
2024-04-12 00:00:00+05:30,4793.858416711885,4829.939124892996,4758.801430059879,4767.431640625,218620,0.0,0.0
2024-04-15 00:00:00+05:30,4734.374154470747,4769.918719375569,4681.033023485783,4695.51416015625,335329,0.0,0.0
2024-04-16 00:00:00+05:30,4668.014783386345,4668.014783386345,4534.515786903231,4546.998046875,1337626,0.0,0.0
2024-04-18 00:00:00+05:30,4605.556023325194,4638.662701372077,4560.796537399102,4580.44580078125,638832,0.0,0.0
2024-04-19 00:00:00+05:30,4534.467196085494,4556.505777042611,4482.150266569166,4544.7548828125,375613,0.0,0.0
2024-04-22 00:00:00+05:30,4582.24943786365,4583.2245920321675,4517.889262741496,4560.01611328125,270101,0.0,0.0
2024-04-23 00:00:00+05:30,4563.819468761142,4623.4986227543595,4563.819468761142,4606.04345703125,298146,0.0,0.0
2024-04-24 00:00:00+05:30,4622.280170092313,4636.127552273719,4592.587005928409,4609.359375,489912,0.0,0.0
2024-04-25 00:00:00+05:30,4544.170497784012,4571.279597025496,4477.4209950920085,4519.5478515625,1495381,0.0,0.0
2024-04-26 00:00:00+05:30,4525.203574399807,4703.705380339913,4524.423641411832,4669.08740234375,757962,0.0,0.0
2024-04-29 00:00:00+05:30,4681.812975718107,4690.443185711777,4598.04732425789,4626.0830078125,338991,0.0,0.0
2024-04-30 00:00:00+05:30,4631.982640410171,4659.872146906548,4583.176361153662,4589.4658203125,362707,0.0,0.0
2024-05-02 00:00:00+05:30,4597.803626928728,4630.471293631813,4559.382169349359,4576.1064453125,423233,0.0,0.0
2024-05-03 00:00:00+05:30,4588.148958088031,4606.3845316102515,4525.251513835295,4536.36865234375,399976,0.0,0.0
2024-05-06 00:00:00+05:30,4558.846241678941,4621.256115361819,4544.218927534516,4587.0771484375,232694,0.0,0.0
2024-05-07 00:00:00+05:30,4593.02494565558,4611.5043085932575,4536.41743361722,4582.6396484375,283096,0.0,0.0
2024-05-08 00:00:00+05:30,4607.603558037188,4611.3579969069715,4559.479603423342,4596.681640625,249942,0.0,0.0
2024-05-09 00:00:00+05:30,4599.8031506405305,4610.2374928306745,4512.575402024069,4542.26904296875,576158,0.0,0.0
2024-05-10 00:00:00+05:30,4534.41874450658,4534.41874450658,4452.164387395609,4493.16943359375,315816,0.0,0.0
2024-05-13 00:00:00+05:30,4493.314891298666,4513.890738129128,4452.0660631468845,4479.4189453125,242264,0.0,0.0
2024-05-14 00:00:00+05:30,4485.563448326192,4554.018992149897,4475.909516317027,4519.69384765625,156781,0.0,0.0
2024-05-15 00:00:00+05:30,4533.443744885546,4559.772910819681,4517.8898434387065,4533.78466796875,246664,0.0,0.0
2024-05-16 00:00:00+05:30,4550.021262938757,4666.990732099348,4550.021262938757,4652.65625,612681,0.0,0.0
2024-05-17 00:00:00+05:30,4666.113129716604,4670.988901012023,4607.603874171568,4645.92724609375,383213,0.0,0.0
2024-05-21 00:00:00+05:30,4631.982166419503,4661.724367698617,4593.951154947848,4613.21044921875,380590,0.0,0.0
2024-05-22 00:00:00+05:30,4622.231494644166,4685.616525688864,4605.1662939782855,4657.09326171875,276807,0.0,0.0
2024-05-23 00:00:00+05:30,4661.237471072319,4728.474549320934,4661.237471072319,4711.2626953125,491869,0.0,0.0
2024-05-24 00:00:00+05:30,4722.672181099553,4739.249803870292,4701.706364065971,4719.5029296875,233454,0.0,0.0
2024-05-27 00:00:00+05:30,4729.449802728335,4793.078621004919,4706.777465181506,4770.50341796875,429985,0.0,0.0
2024-05-28 00:00:00+05:30,4792.88321674492,4810.875003410016,4734.569182105786,4764.55517578125,321798,0.0,0.0
2024-05-29 00:00:00+05:30,4763.628064488182,4771.331687110783,4710.043153016384,4759.5322265625,209717,0.0,0.0
2024-05-30 00:00:00+05:30,4729.449256422349,4749.683705874142,4630.032096246388,4654.55712890625,393085,0.0,0.0
2024-05-31 00:00:00+05:30,4651.388620539173,4656.995758029617,4563.722340048918,4585.078125,965092,0.0,0.0
2024-06-03 00:00:00+05:30,4705.119008448986,4705.119008448986,4524.520260400632,4533.8818359375,448138,0.0,0.0
2024-06-04 00:00:00+05:30,4533.979407967737,4559.77242676193,4401.40700533174,4515.59765625,683878,0.0,0.0
2024-06-05 00:00:00+05:30,4519.791815174172,4655.386836187286,4515.598365807087,4572.3525390625,457063,0.0,0.0
2024-06-06 00:00:00+05:30,4622.2313290974425,4699.268517915733,4586.150620410395,4680.984375,622901,0.0,0.0
2024-06-07 00:00:00+05:30,4705.119887012123,4883.524571426134,4700.244115108484,4853.53857421875,1002806,0.0,0.0
2024-06-10 00:00:00+05:30,4853.586803292205,4855.098102017189,4744.12573168247,4781.62060546875,428520,0.0,0.0
2024-06-11 00:00:00+05:30,4802.390745080643,4823.454171463141,4768.796491740885,4781.71728515625,268670,0.0,0.0
2024-06-12 00:00:00+05:30,4837.398958646907,4899.175077192934,4813.41006825399,4828.08642578125,705428,0.0,0.0
2024-06-13 00:00:00+05:30,4871.918822900021,4965.631234296468,4847.539968538276,4921.79833984375,739500,0.0,0.0
2024-06-14 00:00:00+05:30,4921.798107651603,4944.226652606313,4871.138660218022,4907.51171875,278048,0.0,0.0
2024-06-18 00:00:00+05:30,4930.379257410729,5004.490970931935,4920.676283404413,4963.14453125,697624,0.0,0.0
2024-06-19 00:00:00+05:30,4990.102763316689,4993.890693709727,4890.241676866246,4938.794921875,351127,45.0,0.0
2024-06-20 00:00:00+05:30,4948.7809586894045,4989.118934694627,4919.265366490462,4970.86865234375,333475,0.0,0.0
2024-06-21 00:00:00+05:30,5116.035996075801,5188.693641830242,5028.079627145747,5042.68994140625,1417846,0.0,0.0
2024-06-24 00:00:00+05:30,5017.650088299879,5066.793735735244,4978.2959699602725,5028.66943359375,258477,0.0,0.0
2024-06-25 00:00:00+05:30,5028.7190777132255,5052.085588468069,4988.578064027923,5041.11572265625,179424,0.0,0.0
2024-06-26 00:00:00+05:30,5071.7622332018045,5106.197088325386,5053.167507514466,5093.89892578125,401368,0.0,0.0
2024-06-27 00:00:00+05:30,5097.3428451795,5302.919139924729,5042.247072292016,5290.22705078125,1326532,0.0,0.0
2024-06-28 00:00:00+05:30,5290.17831893529,5361.999597953753,5229.179424426458,5298.09814453125,413940,0.0,0.0
2024-07-01 00:00:00+05:30,5285.701570698448,5460.384489552261,5265.729065318281,5359.53955078125,1092209,0.0,0.0
2024-07-02 00:00:00+05:30,5362.047856589413,5453.497185202205,5317.725471047794,5385.611328125,502427,0.0,0.0
2024-07-03 00:00:00+05:30,5401.254824280572,5414.536840605981,5347.536351062853,5378.13427734375,251028,0.0,0.0
2024-07-04 00:00:00+05:30,5391.318217891184,5430.869306083433,5357.080320946429,5371.34619140625,255625,0.0,0.0
2024-07-05 00:00:00+05:30,5370.853776445602,5404.501742767148,5311.576630442516,5334.15625,213468,0.0,0.0
2024-07-08 00:00:00+05:30,5334.156639605502,5371.493577178488,5260.908582844738,5302.67333984375,198972,0.0,0.0
2024-07-09 00:00:00+05:30,5318.217524640172,5341.043106970393,5248.708404529424,5290.3251953125,241090,0.0,0.0
2024-07-10 00:00:00+05:30,5312.805960823064,5339.320990138175,5234.442168980315,5289.439453125,300436,0.0,0.0
2024-07-11 00:00:00+05:30,5305.919341223042,5337.05819325225,5251.807425078546,5320.28369140625,266246,0.0,0.0
2024-07-12 00:00:00+05:30,5432.098507687036,5568.313150991724,5381.7745215987725,5482.66845703125,1174862,0.0,0.0
2024-07-15 00:00:00+05:30,5521.383159000543,5550.898749658065,5372.378426672357,5389.6943359375,322248,0.0,0.0
2024-07-16 00:00:00+05:30,5401.451772770477,5487.735397766244,5350.4878960998985,5472.53515625,339480,0.0,0.0
2024-07-18 00:00:00+05:30,5514.496656992191,5684.703244264207,5514.496656992191,5663.94384765625,2592299,0.0,0.0
2024-07-19 00:00:00+05:30,5687.654537086243,5784.21961879875,5639.740700928809,5669.69921875,961356,0.0,0.0
2024-07-22 00:00:00+05:30,5640.429464201775,5686.7195574591115,5569.6410459921635,5626.01611328125,271458,0.0,0.0
2024-07-23 00:00:00+05:30,5654.203504335915,5666.993594044696,5457.973820452772,5596.74658203125,319279,0.0,0.0
2024-07-24 00:00:00+05:30,5602.059550981032,5622.720466079487,5560.540758005328,5573.67529296875,144400,0.0,0.0
2024-07-25 00:00:00+05:30,5519.4154598469595,5547.898197025818,5471.206661712823,5507.5107421875,273149,0.0,0.0
2024-07-26 00:00:00+05:30,5509.430066206984,5718.055931025687,5494.868751591646,5694.98486328125,497275,0.0,0.0
2024-07-29 00:00:00+05:30,5718.104832990755,5764.0999623292555,5657.154945376985,5693.1640625,199536,0.0,0.0
2024-07-30 00:00:00+05:30,5693.1639755417145,5703.39595085941,5560.097854728581,5580.90625,368957,0.0,0.0
2024-07-31 00:00:00+05:30,5573.5275754664935,5617.210555177157,5545.487763303952,5566.7880859375,410606,0.0,0.0
2024-08-01 00:00:00+05:30,5597.140626274947,5674.225617427066,5535.157877205634,5587.20361328125,472017,0.0,0.0
2024-08-02 00:00:00+05:30,5494.819098258417,5576.42989815231,5391.514531505126,5420.931640625,425166,0.0,0.0
2024-08-05 00:00:00+05:30,5173.099322624259,5317.725720575147,5172.16447007054,5303.06640625,733853,0.0,0.0
2024-08-06 00:00:00+05:30,5284.274870042033,5438.739802940301,5284.274870042033,5372.57568359375,393965,0.0,0.0
2024-08-07 00:00:00+05:30,5434.804441583408,5496.787185938903,5414.733934728651,5477.60205078125,260682,0.0,0.0
2024-08-08 00:00:00+05:30,5457.432862537614,5457.432862537614,5234.934591596482,5252.1025390625,496812,0.0,0.0
2024-08-09 00:00:00+05:30,5352.160922778039,5394.4666065426445,5279.060828804054,5286.78369140625,325943,0.0,0.0
2024-08-12 00:00:00+05:30,5286.782993930844,5347.732878263007,5233.950377088951,5313.2490234375,204264,0.0,0.0
2024-08-13 00:00:00+05:30,5260.269300447272,5318.611599557489,5217.176244627535,5297.95068359375,223672,0.0,0.0
2024-08-14 00:00:00+05:30,5307.887395325246,5352.111783669384,5280.339508936162,5339.91162109375,241696,0.0,0.0
2024-08-16 00:00:00+05:30,5440.3136256233165,5509.5767804987645,5398.352391401234,5473.912109375,445477,0.0,0.0
2024-08-19 00:00:00+05:30,5478.045112764182,5618.293181353456,5478.045112764182,5584.44873046875,281113,0.0,0.0
2024-08-20 00:00:00+05:30,5588.285307916268,5659.1227273123895,5574.019438732327,5615.63623046875,326477,0.0,0.0
2024-08-21 00:00:00+05:30,5593.303468749057,5638.462230878924,5567.034398285505,5621.19580078125,247285,0.0,0.0
2024-08-22 00:00:00+05:30,5642.34850422278,5675.848509977778,5566.099889294149,5612.29150390625,223201,0.0,0.0
2024-08-23 00:00:00+05:30,5599.107614879941,5610.9138512845375,5529.254049486078,5550.50537109375,252213,0.0,0.0
2024-08-26 00:00:00+05:30,5568.608333621144,5661.779410796539,5558.523839730752,5647.267578125,333622,0.0,0.0
2024-08-27 00:00:00+05:30,5622.720536686189,5705.364198117797,5613.9148591724625,5658.68017578125,269054,0.0,0.0
2024-08-28 00:00:00+05:30,5681.7512073656835,6098.806407702272,5676.831942251081,6028.6083984375,3580339,0.0,0.0
2024-08-29 00:00:00+05:30,6015.277612741798,6050.696322924773,5957.279282658377,6033.08544921875,613085,0.0,0.0
2024-08-30 00:00:00+05:30,6052.762018183459,6073.373449889378,5971.003739414115,6056.64794921875,1700749,0.0,0.0
2024-09-02 00:00:00+05:30,6003.471217155378,6100.872667581203,6003.471217155378,6054.1396484375,343399,0.0,0.0
2024-09-03 00:00:00+05:30,5998.551985103914,6079.227934386926,5986.745748623473,6046.4658203125,406722,0.0,0.0
2024-09-04 00:00:00+05:30,5908.037679978909,5989.844966595636,5893.03392067505,5973.1689453125,482013,0.0,0.0
2024-09-05 00:00:00+05:30,5991.468068169368,6099.8888656498775,5979.858794422574,6050.00732421875,636255,0.0,0.0
2024-09-06 00:00:00+05:30,6104.808334123324,6215.934731171608,6047.695855243311,6065.84765625,1157210,0.0,0.0
2024-09-09 00:00:00+05:30,6035.938770456896,6098.856368381103,6006.423177447326,6047.3515625,361840,0.0,0.0
2024-09-10 00:00:00+05:30,6105.448037473656,6296.659988033421,6077.555705353508,6240.9248046875,929755,0.0,0.0
2024-09-11 00:00:00+05:30,6229.757636753712,6262.224788050755,6173.6780117860935,6197.58544921875,331331,0.0,0.0
2024-09-12 00:00:00+05:30,6199.258226290229,6306.498211477601,6176.9740502183095,6289.13330078125,426550,0.0,0.0
2024-09-13 00:00:00+05:30,6267.14345660376,6343.146098993499,6237.627867326191,6312.59765625,278354,0.0,0.0
2024-09-16 00:00:00+05:30,6341.916650766775,6348.8036219978285,6287.903215334058,6319.73095703125,161324,0.0,0.0
2024-09-17 00:00:00+05:30,6306.2030369080885,6409.261643081152,6293.264985085236,6351.50927734375,367663,0.0,0.0
2024-09-18 00:00:00+05:30,6295.67560454364,6295.67560454364,6131.37214682231,6263.50341796875,757933,0.0,0.0
2024-09-19 00:00:00+05:30,6336.013974453927,6468.785142676798,6241.711558583932,6274.1787109375,753347,0.0,0.0
2024-09-20 00:00:00+05:30,6234.037248768668,6346.835902688217,6234.037248768668,6270.19384765625,393050,0.0,0.0
2024-09-23 00:00:00+05:30,6296.659772228042,6306.498303122149,6185.139928463945,6223.953125,278381,0.0,0.0
2024-09-24 00:00:00+05:30,6223.854760324572,6252.386500452522,6105.005497053852,6241.66259765625,627620,0.0,0.0
2024-09-25 00:00:00+05:30,6241.662198266449,6241.662198266449,5992.20597049238,6004.01220703125,617659,0.0,0.0
2024-09-26 00:00:00+05:30,6035.889790252088,6095.953830069675,6004.55397282218,6064.51953125,535600,0.0,0.0
2024-09-27 00:00:00+05:30,6119.565678685145,6256.321246102707,6006.47158383104,6037.0205078125,5261322,0.0,0.0
2024-09-30 00:00:00+05:30,6001.503663976239,6172.005207057944,5925.746978381785,6143.52294921875,685928,0.0,0.0
2024-10-01 00:00:00+05:30,6143.522613480122,6184.450994605018,6089.066253524082,6172.15283203125,526014,0.0,0.0
2024-10-03 00:00:00+05:30,6099.839641206426,6203.193207404147,6053.1556238785115,6083.99951171875,297603,0.0,0.0
2024-10-04 00:00:00+05:30,6100.823709288332,6163.494859787935,6001.503552599224,6015.3759765625,330589,0.0,0.0
2024-10-07 00:00:00+05:30,6070.274672287658,6194.338634603312,6050.69609320368,6153.95166015625,608166,0.0,0.0
2024-10-08 00:00:00+05:30,6187.943804621336,6284.853330776866,6085.180160615379,6273.833984375,386713,0.0,0.0
2024-10-09 00:00:00+05:30,6290.756519324961,6382.254854685803,6262.470743608572,6336.5546875,485153,0.0,0.0
2024-10-10 00:00:00+05:30,6381.270995351901,6383.238701486761,6218.000386653066,6243.58056640625,200473,0.0,0.0
2024-10-11 00:00:00+05:30,6237.628537172346,6354.362609221572,6237.628537172346,6307.43310546875,383832,0.0,0.0
2024-10-14 00:00:00+05:30,6308.465656719391,6381.123299390916,6266.553421373578,6344.42529296875,208260,0.0,0.0
2024-10-15 00:00:00+05:30,6385.895129324175,6445.910164862266,6336.062588449133,6356.4775390625,597153,0.0,0.0
2024-10-16 00:00:00+05:30,6355.690233430736,6365.528763203848,6237.627876153385,6256.66552734375,155322,0.0,0.0
2024-10-17 00:00:00+05:30,6285.739034036325,6321.256227362076,6210.769715344581,6291.19970703125,310484,0.0,0.0
2024-10-18 00:00:00+05:30,6276.982591967632,6276.982591967632,5863.764302214277,5894.95263671875,1019092,0.0,0.0
2024-10-21 00:00:00+05:30,5931.649593323534,5970.560786372237,5826.623288117482,5847.13671875,307418,0.0,0.0
2024-10-22 00:00:00+05:30,5872.57018374362,5899.97010840256,5765.379195786024,5781.76025390625,201412,0.0,0.0
2024-10-23 00:00:00+05:30,5781.120466982181,5931.40401894466,5766.756116508987,5839.216796875,379455,0.0,0.0
2024-10-24 00:00:00+05:30,5846.497861083781,5897.5102583855005,5821.458608323014,5873.947265625,179275,0.0,0.0
2024-10-25 00:00:00+05:30,5893.640385489983,5905.782741111231,5752.674148704763,5827.40234375,191734,20.0,0.0
2024-10-28 00:00:00+05:30,5833.91751484834,5885.496620778298,5750.798938614152,5814.17431640625,132878,0.0,0.0
2024-10-29 00:00:00+05:30,5848.72519660217,5870.591175543859,5730.908039809139,5777.10693359375,114850,0.0,0.0
2024-10-30 00:00:00+05:30,5766.988285007659,5804.302737388418,5706.031159605533,5720.73974609375,130223,0.0,0.0
2024-10-31 00:00:00+05:30,5721.579033742052,5783.7209450032615,5549.023668386254,5637.5224609375,492437,0.0,0.0
2024-11-01 00:00:00+05:30,5628.786315278417,5686.683152827508,5627.848320474516,5658.00634765625,23678,0.0,0.0
2024-11-04 00:00:00+05:30,5626.811965905804,5677.897495596264,5501.097044265197,5663.48486328125,198497,0.0,0.0
2024-11-05 00:00:00+05:30,5661.362114596637,5710.81892275857,5612.004118828576,5646.40673828125,163042,0.0,0.0
2024-11-06 00:00:00+05:30,5714.66872030393,5922.91029617098,5687.57098796353,5913.23583984375,517708,0.0,0.0
2024-11-07 00:00:00+05:30,5922.9595717061675,5925.476636719469,5745.319949746739,5810.42333984375,206546,0.0,0.0
2024-11-08 00:00:00+05:30,5823.2568297750095,5916.049869612076,5813.582854596683,5850.84814453125,169926,0.0,0.0
2024-11-11 00:00:00+05:30,5814.371916726579,5947.638505649854,5783.671146875992,5897.8857421875,146972,0.0,0.0
2024-11-12 00:00:00+05:30,5929.869978977654,5959.484778273364,5888.211635163672,5927.94482421875,289914,0.0,0.0
2024-11-13 00:00:00+05:30,5927.944803924538,5932.535483409023,5838.2120587680765,5871.18310546875,181293,0.0,0.0
2024-11-14 00:00:00+05:30,5870.689797635189,5933.818873648972,5844.036477124704,5917.6787109375,143974,0.0,0.0
2024-11-18 00:00:00+05:30,5878.537278975728,5908.102911159966,5638.163840280416,5766.49462890625,276072,0.0,0.0
2024-11-19 00:00:00+05:30,5766.4950575415205,5888.409315798197,5757.610617668564,5810.37451171875,218021,0.0,0.0
2024-11-21 00:00:00+05:30,5804.549376357226,5870.195509697804,5773.256696738719,5854.89453125,132376,0.0,0.0
2024-11-22 00:00:00+05:30,5903.117389275297,6069.305854833274,5854.894531760678,6054.94287109375,301184,0.0,0.0
2024-11-25 00:00:00+05:30,6071.033789278085,6117.232682869862,6010.965008960693,6036.72998046875,532812,0.0,0.0
2024-11-26 00:00:00+05:30,6069.99725365676,6183.964578542459,6045.12063057806,6147.19287109375,241508,0.0,0.0
2024-11-27 00:00:00+05:30,6147.983155550517,6220.637744059136,6110.569406910288,6181.2998046875,234693,0.0,0.0
2024-11-28 00:00:00+05:30,6189.394266883189,6193.342906806177,6007.41122803014,6080.65869140625,304005,0.0,0.0
2024-11-29 00:00:00+05:30,6051.290025571401,6169.749210411298,6051.290025571401,6093.1455078125,148132,0.0,0.0
2024-12-02 00:00:00+05:30,6093.14592013322,6155.336996382612,6051.488059852547,6133.5703125,114428,0.0,0.0
2024-12-03 00:00:00+05:30,6143.0963870512915,6205.386276483188,6047.095081629351,6087.8154296875,295648,0.0,0.0
2024-12-04 00:00:00+05:30,6120.391783407337,6168.762621695557,6073.452519873144,6141.61572265625,160443,0.0,0.0
2024-12-05 00:00:00+05:30,6174.685167193721,6278.336956571075,6160.0753934956765,6265.65185546875,259179,0.0,0.0
2024-12-06 00:00:00+05:30,6264.517162333367,6316.688663089524,6249.6605976068295,6296.99462890625,205466,0.0,0.0
2024-12-09 00:00:00+05:30,6296.994582947873,6355.335833083552,6248.722557225673,6307.01416015625,159761,0.0,0.0
2024-12-10 00:00:00+05:30,6318.169304596006,6538.947531787301,6318.119657391316,6494.8212890625,738557,0.0,0.0
2024-12-11 00:00:00+05:30,6549.411292225195,6557.357736765107,6456.815402655215,6513.87353515625,381763,0.0,0.0
2024-12-12 00:00:00+05:30,6534.949382997345,6647.929544521474,6516.291675248923,6582.03662109375,495471,0.0,0.0
2024-12-13 00:00:00+05:30,6564.613192861652,6651.4832621807245,6554.988384045051,6628.23583984375,338031,0.0,0.0
2024-12-16 00:00:00+05:30,6613.971729404466,6681.049441464822,6611.503829505435,6651.92822265625,269421,0.0,0.0
2024-12-17 00:00:00+05:30,6651.928566221081,6673.102859241381,6564.910025677458,6610.96142578125,228608,0.0,0.0
2024-12-18 00:00:00+05:30,6613.774035499169,6649.41060607115,6471.869792787644,6489.638671875,179125,0.0,0.0
2024-12-19 00:00:00+05:30,6288.208645370813,6288.208645370813,6125.870004884631,6140.72705078125,734279,0.0,0.0
2024-12-20 00:00:00+05:30,6207.261896254629,6207.261896254629,5726.514990485545,5749.515625,1118998,0.0,0.0
2024-12-23 00:00:00+05:30,5802.427543428122,5819.308075469229,5633.721999440693,5656.87109375,373162,0.0,0.0
2024-12-24 00:00:00+05:30,5689.9901635938695,5713.682003275731,5628.786244415726,5652.18212890625,196609,0.0,0.0
2024-12-26 00:00:00+05:30,5656.426624376433,5699.812497834054,5578.145031611646,5678.48974609375,380345,0.0,0.0
2024-12-27 00:00:00+05:30,5694.925794407279,5745.22178704296,5598.381743375412,5605.09423828125,341033,0.0,0.0
2024-12-30 00:00:00+05:30,5607.512861884009,5634.659760175462,5530.069971953354,5571.037109375,908239,0.0,0.0
2024-12-31 00:00:00+05:30,5547.839009056267,5547.839009056267,5439.2514127936,5514.1767578125,299147,0.0,0.0
2025-01-01 00:00:00+05:30,5553.3173722122065,5609.931090812145,5530.810318528558,5600.50390625,150254,0.0,0.0
2025-01-02 00:00:00+05:30,5587.325138178238,5697.245491495088,5572.566904593396,5679.18017578125,371309,0.0,0.0
2025-01-03 00:00:00+05:30,5705.784464541526,5705.784464541526,5626.81166918455,5659.78271484375,285435,0.0,0.0
2025-01-06 00:00:00+05:30,5768.913584145733,5813.384947100416,5635.1037636805295,5657.75927734375,394865,0.0,0.0
2025-01-07 00:00:00+05:30,5710.522781175309,5765.0142041286035,5664.373052743287,5683.03076171875,152237,0.0,0.0
2025-01-08 00:00:00+05:30,5676.169528564144,5824.243516265817,5588.805875820156,5806.32666015625,254792,0.0,0.0
2025-01-09 00:00:00+05:30,5822.170335760039,5826.513742960938,5736.485048391818,5765.705078125,211300,0.0,0.0
2025-01-10 00:00:00+05:30,5806.47473528776,6073.7974527714105,5806.47473528776,6045.76220703125,1095351,0.0,0.0
2025-01-13 00:00:00+05:30,6015.752809008778,6078.881881389452,5927.8955723822955,5953.31494140625,453385,0.0,0.0
2025-01-14 00:00:00+05:30,5953.314555881714,5965.308452242132,5650.256467143881,5678.044921875,469510,0.0,0.0
2025-01-15 00:00:00+05:30,5691.964115168316,5829.623759214789,5617.927120954369,5762.59521484375,315806,0.0,0.0
2025-01-16 00:00:00+05:30,5801.983462584733,5954.104425838082,5780.364273989697,5902.03173828125,507014,0.0,0.0
2025-01-17 00:00:00+05:30,5779.821415870604,5903.21640766972,5695.912821447205,5814.66796875,766633,0.0,0.0
2025-01-20 00:00:00+05:30,5809.436574230772,5823.010024170563,5716.347579448379,5750.5029296875,173144,0.0,0.0
2025-01-21 00:00:00+05:30,5746.258225013171,5806.376171198581,5667.236261674183,5684.4619140625,157604,0.0,0.0
2025-01-22 00:00:00+05:30,5671.282808845082,5797.688923651732,5618.91416878711,5774.78662109375,203767,0.0,0.0
2025-01-23 00:00:00+05:30,5746.258275859208,5981.893557213556,5746.258275859208,5924.9833984375,283420,0.0,0.0
2025-01-24 00:00:00+05:30,5946.256714071963,5970.294155025775,5885.052797760203,5921.13330078125,219285,0.0,0.0
2025-01-27 00:00:00+05:30,5780.364541051683,5851.983288207374,5547.839196023055,5612.69580078125,418147,0.0,0.0
2025-01-28 00:00:00+05:30,5577.453595224369,5654.945649600495,5537.967198090037,5592.65576171875,262239,0.0,0.0
2025-01-29 00:00:00+05:30,5602.08368241596,5863.730240493923,5602.08368241596,5807.21533203125,248653,0.0,0.0
2025-01-30 00:00:00+05:30,5837.125791800746,5847.836573371138,5741.766528817084,5765.2607421875,178832,0.0,0.0
2025-01-31 00:00:00+05:30,5789.693098987392,5878.537494368272,5748.47917113015,5838.2119140625,225354,0.0,0.0
2025-02-01 00:00:00+05:30,5838.212192994687,5872.466837655021,5787.867033206848,5830.462890625,104183,0.0,0.0
2025-02-03 00:00:00+05:30,5774.885399592267,5794.430972755451,5659.832106358905,5716.29736328125,315896,0.0,0.0
2025-02-04 00:00:00+05:30,5757.363646907694,5841.667010652967,5745.221772267225,5826.46484375,251536,0.0,0.0
2025-02-05 00:00:00+05:30,5824.243734249613,6018.665080183184,5794.776913191791,5947.3427734375,372380,0.0,0.0
2025-02-06 00:00:00+05:30,5973.008549055764,6006.818775343896,5830.5119222974645,5868.517578125,82706,0.0,0.0
2025-02-07 00:00:00+05:30,5898.182022188702,5919.9983539792265,5807.610094728706,5880.1171875,96121,0.0,0.0
2025-02-10 00:00:00+05:30,5889.396274193099,5922.959712564297,5700.848723343135,5723.45458984375,107380,0.0,0.0
2025-02-11 00:00:00+05:30,5690.97721219512,5742.260365307439,5578.440975908868,5604.79833984375,173609,0.0,0.0
2025-02-12 00:00:00+05:30,5605.094311752367,5639.743723114641,5535.055119050039,5632.2412109375,181440,0.0,0.0
2025-02-13 00:00:00+05:30,5602.181931104708,5671.184797830756,5508.352569830113,5529.52734375,240957,0.0,0.0
2025-02-14 00:00:00+05:30,5559.685020150593,5584.4131849017995,5405.737228110738,5440.8310546875,325701,0.0,0.0
2025-02-17 00:00:00+05:30,5414.621884313337,5453.664352379276,5342.658015132524,5402.33203125,334769,0.0,0.0
2025-02-18 00:00:00+05:30,5430.613628775672,5612.0042680462975,5405.687840250048,5595.81494140625,368623,0.0,0.0
2025-02-19 00:00:00+05:30,5584.363363865974,5584.363363865974,5389.89287019767,5399.86328125,300572,0.0,0.0
2025-02-20 00:00:00+05:30,5369.162856288518,5379.922803117206,5286.290587406363,5325.974609375,319665,0.0,0.0
2025-02-21 00:00:00+05:30,5315.955437969754,5352.776313342159,5199.371745006694,5230.46728515625,186213,0.0,0.0
2025-02-24 00:00:00+05:30,5167.782278683795,5215.16595573763,4876.5700967904395,4982.640625,1199262,0.0,0.0
2025-02-25 00:00:00+05:30,4969.807805552966,4996.954705283935,4863.737271799457,4899.47265625,486917,0.0,0.0
2025-02-27 00:00:00+05:30,4887.429273634364,4916.056914299967,4799.572031591654,4815.958984375,243046,0.0,0.0
2025-02-28 00:00:00+05:30,4763.046656367931,4786.7384946586735,4590.738083603896,4606.0390625,562521,0.0,0.0
2025-03-03 00:00:00+05:30,4607.963914497375,4791.328878405047,4571.586973303661,4772.12890625,460970,0.0,0.0
2025-03-04 00:00:00+05:30,4653.4723673459175,4719.612089155883,4580.422525346851,4624.8447265625,456566,0.0,0.0
2025-03-05 00:00:00+05:30,4609.049793333312,4752.8295432361765,4609.049793333312,4712.2080078125,437483,0.0,0.0
2025-03-06 00:00:00+05:30,4742.365699929148,4784.764413792713,4722.030589989901,4761.17138671875,331678,0.0,0.0
2025-03-07 00:00:00+05:30,4752.23736206549,4752.23736206549,4637.036080318052,4661.3203125,324150,0.0,0.0
2025-03-10 00:00:00+05:30,4672.178521604281,4718.6242009026455,4602.830540409007,4610.974609375,253711,0.0,0.0
2025-03-11 00:00:00+05:30,4540.935474849024,4617.93394594429,4463.937003753758,4594.6865234375,241860,0.0,0.0
2025-03-12 00:00:00+05:30,4561.666188642516,4609.148679261196,4408.656394390278,4428.30078125,582088,0.0,0.0
2025-03-13 00:00:00+05:30,4453.078252674368,4519.217965139272,4380.472835750769,4409.6923828125,483273,0.0,0.0
2025-03-17 00:00:00+05:30,4371.341951459472,4387.926046073019,4184.571093206643,4303.81982421875,1122866,0.0,0.0
2025-03-18 00:00:00+05:30,4303.81982421875,4303.81982421875,4303.81982421875,4303.81982421875,0,0.0,0.0
2025-03-19 00:00:00+05:30,4401.746078549584,4401.746078549584,4270.45380933068,4309.3974609375,596998,0.0,0.0
2025-03-20 00:00:00+05:30,4376.672169329486,4457.026887690838,4329.387307166948,4364.3818359375,867249,0.0,0.0
2025-03-21 00:00:00+05:30,4294.145502141405,4474.499806036009,4205.1034876601525,4462.20947265625,748890,0.0,0.0
2025-03-24 00:00:00+05:30,4500.462206022269,4583.77840928834,4446.168408844988,4561.07373046875,465723,0.0,0.0
2025-03-25 00:00:00+05:30,4616.996170817524,4616.996170817524,4501.794895868773,4547.25341796875,646427,0.0,0.0
2025-03-26 00:00:00+05:30,4565.614718586808,4599.128991325759,4522.377306056543,4560.43212890625,359284,0.0,0.0
2025-03-27 00:00:00+05:30,4528.152101416679,4618.921656546533,4501.00520131943,4596.1181640625,390826,0.0,0.0
2025-03-28 00:00:00+05:30,4481.755555027653,4566.996917236612,4417.5409899780225,4433.68115234375,447846,0.0,0.0
2025-04-01 00:00:00+05:30,4417.146376862152,4425.882839550215,4318.825141244278,4369.7626953125,230709,0.0,0.0
2025-04-02 00:00:00+05:30,4392.615117198245,4451.055180768283,4340.147660709056,4442.12109375,269265,0.0,0.0
2025-04-03 00:00:00+05:30,4334.619713946224,4392.862156014734,4248.243210878518,4286.19970703125,505177,0.0,0.0
2025-04-04 00:00:00+05:30,4254.659678150499,4290.197438803264,4048.3432343608342,4083.140625,661108,0.0,0.0
2025-04-07 00:00:00+05:30,3849.9238179414883,4047.355808605155,3753.182142516292,4005.055908203125,433019,0.0,0.0
2025-04-08 00:00:00+05:30,4116.901366317835,4183.041082325792,4010.63345412841,4122.23193359375,390791,0.0,0.0
2025-04-09 00:00:00+05:30,4061.916287525659,4118.036425472641,3973.071894578989,4055.10498046875,564545,0.0,0.0
2025-04-11 00:00:00+05:30,4181.955083749718,4198.637990235757,4113.544611101023,4186.34765625,473127,0.0,0.0
2025-04-15 00:00:00+05:30,4270.453667735564,4272.42798750798,4186.3474526259815,4262.16162109375,344488,0.0,0.0
2025-04-16 00:00:00+05:30,4252.784066862257,4273.909194333046,4200.365774774711,4221.39208984375,254885,0.0,0.0
2025-04-17 00:00:00+05:30,4096.713778235113,4177.167313879971,3988.224996510213,4138.07568359375,783069,0.0,0.0
2025-04-21 00:00:00+05:30,4155.943505764921,4294.145902631213,4146.071905988757,4242.22119140625,556193,0.0,0.0
2025-04-22 00:00:00+05:30,4244.787814532233,4304.017411944311,4193.554309173125,4264.92578125,551413,0.0,0.0
2025-04-23 00:00:00+05:30,4343.503772725091,4501.449364460549,4343.404960327917,4478.44873046875,1156118,0.0,0.0
2025-04-24 00:00:00+05:30,4526.128723685874,4530.866899010667,4389.209435139583,4475.5859375,1019766,0.0,0.0
2025-04-25 00:00:00+05:30,4466.997680331077,4540.738240943832,4389.209185423942,4440.54150390625,589535,0.0,0.0
2025-04-28 00:00:00+05:30,4452.091454757452,4471.735841714241,4355.547402711739,4429.0908203125,246396,0.0,0.0
2025-04-29 00:00:00+05:30,4437.283775918404,4585.357761766626,4437.283775918404,4539.06005859375,446566,0.0,0.0
2025-04-30 00:00:00+05:30,4538.9617150877575,4584.765843039496,4498.58696717799,4527.609375,299487,0.0,0.0
2025-05-02 00:00:00+05:30,4540.935724529457,4654.459117642693,4478.843460698555,4514.18359375,417574,0.0,0.0
2025-05-05 00:00:00+05:30,4540.836973316469,4613.985622266942,4531.162998577669,4561.86376953125,269019,0.0,0.0
2025-05-06 00:00:00+05:30,4547.845568545845,4638.66427753352,4462.949818839975,4478.349609375,386507,0.0,0.0
2025-05-07 00:00:00+05:30,4442.219785570091,4532.446108812442,4421.291801775616,4500.56103515625,203025,0.0,0.0
2025-05-08 00:00:00+05:30,4506.385078455952,4612.80072605819,4490.09693961816,4541.13330078125,551222,0.0,0.0
2025-05-09 00:00:00+05:30,4453.177608185975,4600.560404565586,4442.515990893272,4562.2587890625,223407,0.0,0.0
2025-05-12 00:00:00+05:30,4689.0096886332285,4913.094993753174,4641.724824175454,4876.96484375,719620,0.0,0.0
2025-05-13 00:00:00+05:30,4905.1974216526705,4974.496237721575,4842.216814396669,4856.3330078125,526485,0.0,0.0
2025-05-14 00:00:00+05:30,4906.08635832791,4997.299845381385,4876.5703709063455,4969.56103515625,347597,0.0,0.0
2025-05-15 00:00:00+05:30,4975.285931992147,4990.093330599267,4891.377339885136,4969.26416015625,348072,0.0,0.0
2025-05-16 00:00:00+05:30,4975.286184981196,5023.459398094589,4958.010885727789,4982.98583984375,191664,0.0,0.0
2025-05-19 00:00:00+05:30,4982.492553056309,5014.180485953837,4917.833572045888,4955.64208984375,215837,0.0,0.0
2025-05-20 00:00:00+05:30,4985.157784047746,5064.13058062672,4928.790854087164,4951.001953125,456026,0.0,0.0
2025-05-21 00:00:00+05:30,4994.042150707396,5009.244317424428,4919.017995053361,4969.16552734375,236378,0.0,0.0
2025-05-22 00:00:00+05:30,4936.293424339447,5033.331056474784,4906.382670087337,4958.7021484375,342893,0.0,0.0
2025-05-23 00:00:00+05:30,4980.416687068975,5065.083770749147,4963.3835647254355,5026.037109375,263133,45.0,0.0
2025-05-26 00:00:00+05:30,5034.703135064365,5115.784219943979,5021.455421471349,5091.57958984375,232194,0.0,0.0
2025-05-27 00:00:00+05:30,5080.0247883241545,5096.958204285235,5036.197123483711,5087.69482421875,147941,0.0,0.0
2025-05-28 00:00:00+05:30,5114.987712502418,5136.801840613457,5052.134755786592,5079.32763671875,194327,0.0,0.0
2025-05-29 00:00:00+05:30,5129.729462612337,5256.132340376836,5094.966251542243,5108.11474609375,539696,0.0,0.0
2025-05-30 00:00:00+05:30,5110.206296378724,5139.491536424656,5027.133040955134,5049.046875,349175,0.0,0.0
2025-06-02 00:00:00+05:30,5036.197437161163,5101.9389385165105,4981.412852698373,5052.6328125,225717,0.0,0.0
2025-06-03 00:00:00+05:30,5077.534775928979,5095.464275873407,5000.338317834914,5041.177734375,229510,0.0,0.0
2025-06-04 00:00:00+05:30,5065.08371659258,5150.248841030862,5023.746258531893,5132.8173828125,220305,0.0,0.0
2025-06-05 00:00:00+05:30,5164.691857920758,5186.107648652734,5103.432735594407,5161.20556640625,217932,0.0,0.0
2025-06-06 00:00:00+05:30,5179.63334244091,5198.5589258075215,5138.295884034892,5183.61767578125,154159,0.0,0.0
2025-06-09 00:00:00+05:30,5190.092290913845,5266.292667126284,5190.092290913845,5237.40625,132596,0.0,0.0
2025-06-10 00:00:00+05:30,5259.319942548746,5423.673690753395,5238.900234438473,5363.90869140625,428695,0.0,0.0
2025-06-11 00:00:00+05:30,5388.810868593866,5397.775618652525,5312.11245142534,5372.87353515625,196348,0.0,0.0
2025-06-12 00:00:00+05:30,5388.810599174746,5477.462011989266,5335.520143157029,5393.791015625,339679,0.0,0.0
2025-06-13 00:00:00+05:30,5290.198496716131,5466.505243829434,5286.214163448034,5407.736328125,209830,0.0,0.0
2025-06-16 00:00:00+05:30,5398.771790989999,5476.96433445729,5344.983289751353,5428.15625,176060,0.0,0.0
2025-06-17 00:00:00+05:30,5438.614827245217,5532.74469925523,5428.653994228284,5492.9013671875,349300,0.0,0.0
2025-06-18 00:00:00+05:30,5492.901678673401,5521.788096060568,5408.732634907347,5429.15234375,181165,0.0,0.0
2025-06-19 00:00:00+05:30,5433.634343836596,5433.634343836596,5239.39810239789,5346.97509765625,377075,0.0,0.0
2025-06-20 00:00:00+05:30,5346.975186430531,5412.716684624349,5223.9588981436145,5355.44189453125,442064,0.0,0.0
2025-06-23 00:00:00+05:30,5304.143580808599,5370.3831203623595,5284.221914777393,5306.6337890625,123073,0.0,0.0
2025-06-24 00:00:00+05:30,5373.869506984623,5378.84992358053,5303.1475913227305,5315.5986328125,171186,0.0,0.0
2025-06-25 00:00:00+05:30,5339.006651260118,5443.097359293081,5320.081067981398,5414.708984375,345355,0.0,0.0
2025-06-26 00:00:00+05:30,5438.614813433486,5438.614813433486,5329.543692175068,5351.95556640625,275607,0.0,0.0
2025-06-27 00:00:00+05:30,5373.371500528041,5403.752041962114,5259.319959734555,5272.26904296875,275493,0.0,0.0
2025-06-30 00:00:00+05:30,5298.665012889816,5304.143470934914,5220.472475337067,5296.1748046875,137935,0.0,0.0
2025-07-01 00:00:00+05:30,5296.175157733992,5366.89707539416,5264.798532293214,5283.22607421875,242101,0.0,0.0
2025-07-02 00:00:00+05:30,5299.163412992506,5361.418622261685,5254.837703992851,5283.72412109375,201256,0.0,0.0
2025-07-03 00:00:00+05:30,5306.135716051684,5318.5867572476,5276.751258829321,5303.6455078125,149303,0.0,0.0
2025-07-04 00:00:00+05:30,5303.645418808638,5329.54358406153,5270.774670603044,5295.1787109375,154919,0.0,0.0
2025-07-07 00:00:00+05:30,5296.175148035923,5353.9479820750585,5284.720189562646,5329.0458984375,218259,0.0,0.0
2025-07-08 00:00:00+05:30,5330.041692161454,5393.292981163931,5314.602401145101,5347.97119140625,199345,0.0,0.0
2025-07-09 00:00:00+05:30,5353.449725309158,5367.892933238636,5270.774810954212,5308.6259765625,248609,0.0,0.0
2025-07-10 00:00:00+05:30,5319.084751674108,5327.551459612166,5256.331504603795,5299.1630859375,164263,0.0,0.0
2025-07-11 00:00:00+05:30,5219.476696810171,5256.33178035635,5150.2489047437,5185.60986328125,372811,0.0,0.0
2025-07-14 00:00:00+05:30,5180.629435047802,5185.60985173214,5081.519143029487,5137.7978515625,181796,0.0,0.0
2025-07-15 00:00:00+05:30,5142.778255121536,5252.845463564482,5138.295880117073,5229.935546875,152240,0.0,0.0
2025-07-16 00:00:00+05:30,5238.900119398377,5317.092658493875,5220.970619987945,5306.1357421875,210384,0.0,0.0
2025-07-17 00:00:00+05:30,5306.135824531205,5314.104491059504,5133.813410856736,5174.15478515625,501952,0.0,0.0
2025-07-18 00:00:00+05:30,5218.480739096195,5218.480739096195,5050.640692419786,5103.93115234375,1230478,0.0,0.0
2025-07-21 00:00:00+05:30,5104.927060027709,5146.762559836717,5096.958393397422,5133.8134765625,182552,0.0,0.0
2025-07-22 00:00:00+05:30,5141.781879656857,5184.115418960502,5122.358255741067,5155.22900390625,179391,0.0,0.0
2025-07-23 00:00:00+05:30,5179.633344835315,5289.202511745293,5138.295886410187,5277.24951171875,312770,0.0,0.0
2025-07-24 00:00:00+05:30,5281.233863833498,5282.727988842126,5169.672529855876,5185.60986328125,282828,0.0,0.0
2025-07-25 00:00:00+05:30,5169.672358107155,5203.53919051094,5050.640403040911,5076.04052734375,364335,0.0,0.0
2025-07-28 00:00:00+05:30,5070.064003832723,5114.88775239313,5008.306839149495,5027.232421875,172801,0.0,0.0
2025-07-29 00:00:00+05:30,5025.24035430881,5069.068020431622,4986.393104790863,5036.6953125,198271,0.0,0.0
2025-07-30 00:00:00+05:30,5037.193244988265,5128.8329085316545,5025.738287045341,5119.3701171875,152345,0.0,0.0
2025-07-31 00:00:00+05:30,5050.142465091621,5129.829131207464,5047.154215112276,5086.00146484375,152446,0.0,0.0
2025-08-01 00:00:00+05:30,5072.056353154584,5079.526978183779,4987.88731115899,4997.84814453125,277363,0.0,0.0
2025-08-04 00:00:00+05:30,4994.8596658674805,5082.514995530725,4920.153418995398,5069.06787109375,226983,0.0,0.0
2025-08-05 00:00:00+05:30,5080.024743770096,5129.330866283159,5025.2401632000265,5111.4013671875,183181,0.0,0.0
2025-08-06 00:00:00+05:30,5104.92679708445,5111.89938002681,5002.330219504021,5015.77734375,231816,0.0,0.0
2025-08-07 00:00:00+05:30,4991.3733242866,5069.565861895161,4939.576993641439,5017.76953125,236366,0.0,0.0
2025-08-08 00:00:00+05:30,5011.295212096437,5034.703170252721,4972.4479623902635,4992.36962890625,130871,0.0,0.0
2025-08-11 00:00:00+05:30,4992.369707885127,5055.122958403237,4967.467624346195,5046.65625,79531,0.0,0.0
2025-08-12 00:00:00+05:30,5046.656183789943,5119.86830843389,5026.2364755559165,5086.99755859375,156885,0.0,0.0
2025-08-13 00:00:00+05:30,5109.907553547207,5111.899720234749,5035.699344436239,5094.46826171875,237765,0.0,0.0
2025-08-14 00:00:00+05:30,5129.8291522259815,5251.351318550558,5080.024985699515,5087.99365234375,493674,0.0,0.0
2025-08-18 00:00:00+05:30,5128.832873881735,5128.832873881735,5004.820503946161,5069.56591796875,285502,0.0,0.0
2025-08-19 00:00:00+05:30,5071.558308529168,5102.43689196517,5023.746308370197,5090.98193359375,89784,0.0,0.0
2025-08-20 00:00:00+05:30,5060.103102228309,5219.476428282743,5059.605060584388,5160.20947265625,330652,0.0,0.0
2025-08-21 00:00:00+05:30,5185.609677948902,5232.923634864494,5122.358388177531,5214.49609375,192476,0.0,0.0
2025-08-22 00:00:00+05:30,5214.495983841157,5236.907857697208,5182.621318801441,5204.037109375,94919,0.0,0.0
2025-08-25 00:00:00+05:30,5232.425709940458,5329.045792534066,5228.441376637628,5272.26904296875,230351,0.0,0.0
2025-08-26 00:00:00+05:30,5229.4375979303795,5284.22218228965,5125.844929323758,5145.2685546875,239811,0.0,0.0
2025-08-28 00:00:00+05:30,5145.268601437832,5168.676560422207,5047.652432056184,5102.93505859375,318813,0.0,0.0
2025-08-29 00:00:00+05:30,5090.981680726174,5129.330887282221,5053.130515813712,5113.3935546875,204015,0.0,0.0
2025-09-01 00:00:00+05:30,5100.942687130947,5194.574519310269,5094.468145544079,5176.64501953125,137689,0.0,0.0
2025-09-02 00:00:00+05:30,5169.672432982502,5248.861056955933,5147.7585999332505,5222.962890625,251752,0.0,0.0
2025-09-03 00:00:00+05:30,5209.515706082342,5214.4961226273535,5117.876041654125,5170.66845703125,257165,0.0,0.0
2025-09-04 00:00:00+05:30,5214.496321958223,5215.492405305303,5151.245029418711,5189.59423828125,107889,0.0,0.0
2025-09-05 00:00:00+05:30,5177.1430455423415,5244.378669510424,5049.146339173473,5175.15087890625,245302,0.0,0.0
2025-09-08 00:00:00+05:30,5181.625283047689,5221.4686147127995,5052.632496781892,5069.06787109375,153438,0.0,0.0
2025-09-09 00:00:00+05:30,5084.507194274072,5187.6018156096325,5084.507194274072,5165.18994140625,177812,0.0,0.0
2025-09-10 00:00:00+05:30,5189.594270207685,5377.8540239637805,5158.715686258273,5286.21435546875,589857,0.0,0.0
2025-09-11 00:00:00+05:30,5314.104526883474,5314.104526883474,5194.5745281532,5270.77490234375,172477,0.0,0.0
2025-09-12 00:00:00+05:30,5285.716091717212,5331.535924039646,5270.276800391175,5311.6142578125,119090,0.0,0.0
2025-09-15 00:00:00+05:30,5319.084976569082,5333.030143174319,5274.261226766533,5320.5791015625,93202,0.0,0.0
2025-09-16 00:00:00+05:30,5334.0260930487575,5367.892925385575,5304.641635580048,5354.44580078125,203709,0.0,0.0
2025-09-17 00:00:00+05:30,5354.445808614639,5422.677515040107,5352.453642003677,5401.759765625,233186,0.0,0.0
2025-09-18 00:00:00+05:30,5433.634513905387,5596.992178484761,5429.6501806229635,5502.8623046875,603028,0.0,0.0
2025-09-19 00:00:00+05:30,5502.862147820668,5543.20352115522,5456.046233086742,5487.9208984375,130106,0.0,0.0
2025-09-22 00:00:00+05:30,5334.026356048003,5358.928439876426,5171.166727810123,5239.3984375,488338,0.0,0.0
2025-09-23 00:00:00+05:30,5259.818172320368,5278.245714444774,5196.0688374035035,5241.888671875,263293,0.0,0.0
2025-09-24 00:00:00+05:30,5243.382707473113,5254.339624225052,5174.1549152676835,5186.60595703125,262080,0.0,0.0
2025-09-25 00:00:00+05:30,5164.692195984519,5217.484613802682,5164.692195984519,5193.57861328125,246653,0.0,0.0
2025-09-26 00:00:00+05:30,5169.672633158867,5178.637383389778,5022.252296028325,5055.123046875,284891,0.0,0.0
2025-09-29 00:00:00+05:30,5080.025018024186,5167.182310000091,4990.377517706112,5137.7978515625,212172,0.0,0.0
2025-09-30 00:00:00+05:30,5105.425137940045,5161.7038464160205,5064.0876795019385,5137.2998046875,319322,0.0,0.0
2025-10-01 00:00:00+05:30,5100.942891871676,5124.848892536569,5000.338472406915,5102.93505859375,308270,0.0,0.0
2025-10-03 00:00:00+05:30,5102.9350274086,5134.809694766998,5074.546651792526,5099.94677734375,119918,0.0,0.0
2025-10-06 00:00:00+05:30,5105.424893428035,5260.315844735821,5101.440560275422,5253.34326171875,220778,0.0,0.0
2025-10-07 00:00:00+05:30,5353.947620460624,5479.454113517004,5234.915668712709,5248.36279296875,448771,0.0,0.0
2025-10-08 00:00:00+05:30,5274.261237094935,5372.375445188201,5245.374820498947,5321.5751953125,278405,0.0,0.0
2025-10-09 00:00:00+05:30,5346.975297317814,5428.654130100985,5303.147630946356,5412.716796875,214355,0.0,0.0
2025-10-10 00:00:00+05:30,5429.152074733491,5483.936656718693,5359.426243115961,5450.06982421875,347012,0.0,0.0
2025-10-13 00:00:00+05:30,5428.654307354663,5492.403642340112,5392.795306425348,5476.46630859375,184814,0.0,0.0
2025-10-14 00:00:00+05:30,5538.223170512205,5593.007752234897,5436.124631847187,5447.57958984375,445186,0.0,0.0
2025-10-15 00:00:00+05:30,5477.46209172219,5607.949004618282,5477.46209172219,5587.529296875,339385,0.0,0.0
2025-10-16 00:00:00+05:30,5607.949140590263,5645.8003070809245,5568.105807442196,5600.478515625,226385,0.0,0.0
2025-10-17 00:00:00+05:30,5727.4789529438,5729.471119536129,5563.6232507248,5583.046875,956634,0.0,0.0
2025-10-20 00:00:00+05:30,5591.5134938898755,5676.678614354396,5565.117286962275,5574.580078125,207857,0.0,0.0
2025-10-21 00:00:00+05:30,5589.023403344019,5649.784484720599,5511.8269474967265,5539.21923828125,34204,0.0,0.0
2025-10-23 00:00:00+05:30,5589.023500089016,5653.768915791348,5578.066583585544,5595.0,463480,0.0,0.0
2025-10-24 00:00:00+05:30,5618.0,5662.0,5520.5,5546.0,182417,22.0,0.0
2025-10-27 00:00:00+05:30,5574.0,5658.5,5557.5,5640.0,159713,0.0,0.0
2025-10-28 00:00:00+05:30,5658.0,5658.0,5570.0,5596.0,179145,0.0,0.0
2025-10-29 00:00:00+05:30,5599.0,5676.0,5571.0,5674.0,189897,0.0,0.0
2025-10-30 00:00:00+05:30,5674.0,5710.0,5626.0,5699.0,217590,0.0,0.0
2025-10-31 00:00:00+05:30,5728.0,5750.0,5652.5,5684.5,219226,0.0,0.0
2025-11-03 00:00:00+05:30,5684.5,5728.0,5665.0,5704.5,251579,0.0,0.0
2025-11-04 00:00:00+05:30,5675.5,5719.0,5587.0,5620.0,165665,0.0,0.0
2025-11-05 00:00:00+05:30,5620.0,5620.0,5620.0,5620.0,0,0.0,0.0
2025-11-06 00:00:00+05:30,5620.0,5681.5,5601.0,5652.0,315445,0.0,0.0
2025-11-07 00:00:00+05:30,5635.0,5638.0,5508.5,5567.5,129338,0.0,0.0
2025-11-10 00:00:00+05:30,5575.0,5695.0,5575.0,5643.0,139341,0.0,0.0
2025-11-11 00:00:00+05:30,5665.0,5725.0,5612.0,5710.5,159819,0.0,0.0
2025-11-12 00:00:00+05:30,5750.0,5910.0,5729.5,5893.5,513138,0.0,0.0
2025-11-13 00:00:00+05:30,5900.0,5906.5,5833.5,5847.0,126590,0.0,0.0
2025-11-14 00:00:00+05:30,5825.0,5844.5,5765.0,5809.0,145287,0.0,0.0
2025-11-17 00:00:00+05:30,5826.0,5875.0,5796.5,5848.5,108410,0.0,0.0
2025-11-18 00:00:00+05:30,5848.0,5862.5,5749.0,5756.0,160191,0.0,0.0
2025-11-19 00:00:00+05:30,5791.0,6039.0,5789.0,5972.0,868072,0.0,0.0
2025-11-20 00:00:00+05:30,6000.0,6091.0,5959.0,6027.0,398886,0.0,0.0
2025-11-21 00:00:00+05:30,5999.5,6014.0,5909.5,5926.0,198141,0.0,0.0
2025-11-24 00:00:00+05:30,5930.0,6025.0,5905.5,5922.0,416887,0.0,0.0
2025-11-25 00:00:00+05:30,5850.0,5918.0,5805.0,5833.0,356220,0.0,0.0
2025-11-26 00:00:00+05:30,5833.0,5902.0,5832.0,5890.0,287745,0.0,0.0
2025-11-27 00:00:00+05:30,5917.0,6049.0,5862.5,6025.5,258165,0.0,0.0
2025-11-28 00:00:00+05:30,6031.0,6124.0,6010.0,6096.5,399436,0.0,0.0
2025-12-01 00:00:00+05:30,6122.0,6172.0,6100.5,6152.5,372204,0.0,0.0
2025-12-02 00:00:00+05:30,6140.0,6176.0,6091.5,6164.0,277406,0.0,0.0
2025-12-03 00:00:00+05:30,6164.0,6216.5,6120.0,6159.0,349340,0.0,0.0
2025-12-04 00:00:00+05:30,6185.0,6289.5,6159.0,6266.0,502306,0.0,0.0
2025-12-05 00:00:00+05:30,6266.0,6380.0,6240.5,6292.0,319657,0.0,0.0
2025-12-08 00:00:00+05:30,6335.0,6346.5,6205.0,6256.0,253030,0.0,0.0
2025-12-09 00:00:00+05:30,6225.0,6255.5,6160.0,6245.5,282890,0.0,0.0
2025-12-10 00:00:00+05:30,6231.0,6298.0,6195.0,6220.5,208454,0.0,0.0
2025-12-11 00:00:00+05:30,6224.5,6312.0,6215.0,6294.5,166721,0.0,0.0
2025-12-12 00:00:00+05:30,6314.5,6318.0,6250.0,6284.5,170630,0.0,0.0
2025-12-15 00:00:00+05:30,6271.0,6303.5,6233.0,6269.5,107413,0.0,0.0
2025-12-16 00:00:00+05:30,6240.0,6259.0,6181.0,6216.0,198232,0.0,0.0
2025-12-17 00:00:00+05:30,6217.0,6292.5,6212.0,6252.5,405919,0.0,0.0
2025-12-18 00:00:00+05:30,6280.0,6308.0,6182.5,6245.0,318467,0.0,0.0
2025-12-19 00:00:00+05:30,6288.0,6290.0,6027.0,6197.5,635441,0.0,0.0
2025-12-22 00:00:00+05:30,6205.0,6249.5,6183.0,6191.5,236460,0.0,0.0
2025-12-23 00:00:00+05:30,6197.0,6217.0,6126.0,6202.5,160279,0.0,0.0
2025-12-24 00:00:00+05:30,6202.5,6243.5,6134.5,6163.0,174322,0.0,0.0
2025-12-25 00:00:00+05:30,6163.0,6163.0,6163.0,6163.0,0,0.0,0.0
2025-12-26 00:00:00+05:30,6160.0,6174.5,6020.0,6035.5,113668,0.0,0.0
2025-12-29 00:00:00+05:30,6020.0,6117.0,6019.0,6033.5,128969,0.0,0.0
2025-12-30 00:00:00+05:30,6015.0,6093.5,6003.0,6074.0,239568,0.0,0.0
2025-12-31 00:00:00+05:30,6052.0,6105.5,6036.5,6063.5,93136,0.0,0.0
2026-01-01 00:00:00+05:30,6063.5,6120.0,6040.0,6112.0,54661,0.0,0.0
2026-01-02 00:00:00+05:30,6130.0,6145.0,6052.0,6067.0,134408,0.0,0.0
2026-01-05 00:00:00+05:30,6067.5,6150.5,6012.5,6059.0,334004,0.0,0.0
2026-01-06 00:00:00+05:30,6050.0,6083.0,5970.0,5982.5,361933,0.0,0.0
2026-01-07 00:00:00+05:30,5985.0,6124.0,5977.5,6102.0,292945,0.0,0.0
2026-01-08 00:00:00+05:30,6107.0,6134.0,6000.5,6018.0,146676,0.0,0.0
2026-01-09 00:00:00+05:30,6001.0,6100.0,5999.5,6037.0,174207,0.0,0.0
2026-01-12 00:00:00+05:30,6000.0,6021.0,5901.0,6000.5,327804,0.0,0.0
2026-01-13 00:00:00+05:30,6039.0,6108.5,6003.5,6100.5,197592,0.0,0.0
