Date,Open,High,Low,Close,Volume,Dividends,Stock Splits
2020-01-01 00:00:00+05:30,90.91001685650261,91.01592712957265,89.56843106430819,89.9920883178711,2574894,0.0,0.0
2020-01-02 00:00:00+05:30,90.13331624439272,90.8394081167339,89.74496059686523,90.41575622558594,4759843,0.0,0.0
2020-01-03 00:00:00+05:30,92.49872334597158,94.19335213576493,90.4157389827127,90.69817352294922,31381588,0.0,0.0
2020-01-06 00:00:00+05:30,91.5807930063438,91.65140702701405,88.33274737796886,89.14476013183594,14611204,0.0,0.0
2020-01-07 00:00:00+05:30,88.68580187828452,90.16860483117608,88.5445846016639,88.79171752929688,7193304,0.0,0.0
2020-01-08 00:00:00+05:30,88.26216231816917,88.57990394767664,86.99118502594959,87.16770935058594,6236192,0.0,0.0
2020-01-09 00:00:00+05:30,88.22683683150521,88.33275248153662,86.70873226706546,87.3442153930664,10135017,0.0,0.0
2020-01-10 00:00:00+05:30,87.87379033448299,88.4033632100715,87.34421745889448,87.6619644165039,6550218,0.0,0.0
2020-01-13 00:00:00+05:30,87.7325653886868,88.75640403717817,87.7325653886868,88.57987976074219,5737187,0.0,0.0
2020-01-14 00:00:00+05:30,88.57988939733325,88.72111206610167,87.41483335578418,88.29745483398438,12432511,0.0,0.0
2020-01-15 00:00:00+05:30,88.29744694424868,88.61518849317166,87.73256709383728,88.01500701904297,5714614,0.0,0.0
2020-01-16 00:00:00+05:30,88.2621366814916,88.40335394534466,87.59134659754957,87.90908813476562,7322878,0.0,0.0
2020-01-17 00:00:00+05:30,87.9444046646528,88.65050183454292,87.55604906637568,88.54458618164062,8561603,0.0,0.0
2020-01-20 00:00:00+05:30,88.96825060717005,89.49782352745083,84.73166724492386,86.77935028076172,16106541,0.0,0.0
2020-01-21 00:00:00+05:30,86.88525506351692,87.909093759696,86.42629084598734,86.67342376708984,6497799,0.0,0.0
2020-01-22 00:00:00+05:30,86.14386363676584,86.14386363676584,81.90728017921998,82.1897201538086,23639592,0.0,0.0
2020-01-23 00:00:00+05:30,82.78988236743344,83.99024524478924,82.18970092875554,83.17823791503906,21105999,0.0,0.0
2020-01-24 00:00:00+05:30,83.31946405871803,84.59044108902751,82.82519820642754,83.56659698486328,11172364,0.0,0.0
2020-01-27 00:00:00+05:30,83.56659222125951,83.67250786559669,82.47214492869132,82.78988647460938,12078165,0.0,0.0
2020-01-28 00:00:00+05:30,83.00173588242201,83.10764616278576,81.62484297965236,82.33094024658203,11611352,0.0,0.0
2020-01-29 00:00:00+05:30,82.86051820063084,83.42539820312489,82.22502954459877,83.07234954833984,15562740,0.0,0.0
2020-01-30 00:00:00+05:30,83.00173263155679,83.00173263155679,81.20118251656902,81.62483978271484,21142714,0.0,0.0
2020-01-31 00:00:00+05:30,81.76605297984155,81.90727025648071,75.37587155068377,76.92928314208984,83360147,0.0,0.0
2020-02-03 00:00:00+05:30,73.68125743051766,74.10491476330236,71.70418808182396,73.04576873779297,18445537,0.0,0.0
2020-02-04 00:00:00+05:30,73.50470823906016,75.48178230634846,73.29288233783934,74.95220947265625,16896688,0.0,0.0
2020-02-05 00:00:00+05:30,75.12874624921955,75.83484347827782,74.21081769660604,75.41118621826172,11348275,0.0,0.0
2020-02-06 00:00:00+05:30,75.41117841753966,76.11727557355746,75.05812983953075,75.72891998291016,10750236,0.0,0.0
2020-02-07 00:00:00+05:30,75.76423349316408,77.49416951893123,75.23466058073403,77.14112091064453,21415595,0.0,0.0
2020-02-10 00:00:00+05:30,77.07050038107478,77.07050038107478,74.66976913753213,74.98751068115234,32081049,0.0,0.0
2020-02-11 00:00:00+05:30,75.65831917101325,76.01136778554239,75.05813760373258,75.41118621826172,20946852,0.0,0.0
2020-02-12 00:00:00+05:30,75.55239985579229,76.11727976656108,75.19935125833531,75.34056854248047,13053367,0.0,0.0
2020-02-13 00:00:00+05:30,75.55239815373719,76.39971261370788,73.61063091146825,74.38733673095703,17702073,0.0,0.0
2020-02-14 00:00:00+05:30,74.5285531135044,75.058125953097,72.72800330405211,72.93983459472656,26644685,0.0,0.0
2020-02-17 00:00:00+05:30,71.66886999312858,72.65740720838373,69.762409596425,70.57441711425781,36666416,0.0,0.0
2020-02-18 00:00:00+05:30,70.57441450766726,70.78624582707475,68.17368828555158,70.1154556274414,35575369,0.0,0.0
2020-02-19 00:00:00+05:30,70.8215422093099,72.1631224071476,69.76239654548428,71.81007385253906,21806183,0.0,0.0
2020-02-20 00:00:00+05:30,72.02190452540344,73.50470736468425,71.81007323960901,72.58678436279297,28378025,0.0,0.0
2020-02-24 00:00:00+05:30,72.3749643040833,72.3749643040833,68.63264692181497,69.23283386230469,20167769,0.0,0.0
2020-02-25 00:00:00+05:30,69.69179109616341,70.78624390489215,68.66795231671583,68.8797836303711,18255196,0.0,0.0
2020-02-26 00:00:00+05:30,68.77387379459343,69.55057969858,67.43228793111055,67.64411926269531,16192058,0.0,0.0
2020-02-27 00:00:00+05:30,67.57350439422314,67.92655301778146,64.99625375192304,65.91417694091797,29616674,0.0,0.0
2020-02-28 00:00:00+05:30,63.76058020491538,65.45520919889658,63.195700282192185,64.9256362915039,30416954,0.0,0.0
2020-03-02 00:00:00+05:30,66.37313083041808,67.07922796691189,62.31307229557867,62.91325378417969,24442896,0.0,0.0
2020-03-03 00:00:00+05:30,64.18424084032003,66.37314122896267,63.30161928142425,65.91417694091797,24098468,0.0,0.0
2020-03-04 00:00:00+05:30,66.51434957437951,67.00862081311614,64.04300954197761,65.52581787109375,22998427,0.0,0.0
2020-03-05 00:00:00+05:30,65.914170663221,66.65557485691956,64.96094054781855,65.38459777832031,16357817,0.0,0.0
2020-03-06 00:00:00+05:30,63.19570218102407,64.60789664316985,61.88942338095808,62.48960494995117,17823038,0.0,0.0
2020-03-09 00:00:00+05:30,58.00589118722693,58.25302415166355,52.2511974208861,52.63955307006836,86655504,0.0,0.0
2020-03-11 00:00:00+05:30,54.19295973914067,54.651923993503345,50.168207880778276,50.627166748046875,63562895,0.0,0.0
2020-03-12 00:00:00+05:30,47.026070309299975,48.29704736648127,43.7780244140625,44.131072998046875,76137223,0.0,0.0
2020-03-13 00:00:00+05:30,41.942171669055696,47.30850891649286,35.30485740036781,46.531803131103516,73051747,0.0,0.0
2020-03-16 00:00:00+05:30,44.83717696047213,46.03754017307996,42.365836498083894,42.47175216674805,49829392,0.0,0.0
2020-03-17 00:00:00+05:30,43.142539148563806,44.484124946594235,42.11870033240848,42.3658332824707,46722476,0.0,0.0
2020-03-18 00:00:00+05:30,43.495583087339455,61.28923438699676,40.600585868077864,48.120521545410156,178094829,0.0,0.0
2020-03-19 00:00:00+05:30,43.88394351679189,45.19022230281374,41.02424760685424,43.107234954833984,61258526,0.0,0.0
2020-03-20 00:00:00+05:30,44.51942521304436,52.53362956164521,44.30759660463992,51.08612823486328,128780492,0.0,0.0
2020-03-23 00:00:00+05:30,46.004067157224206,49.68287424547627,45.51102984318437,45.81443786621094,36058875,5.0,0.0
2020-03-24 00:00:00+05:30,48.16583908081055,49.07605734705459,45.58687961041694,47.40732192993164,38808651,0.0,0.0
2020-03-25 00:00:00+05:30,46.42124579630862,47.78657595930031,45.51102472314315,46.68672561645508,28639475,0.0,0.0
2020-03-26 00:00:00+05:30,46.91428965296233,49.75872927363944,45.24555405697598,49.113990783691406,46474588,0.0,0.0
2020-03-27 00:00:00+05:30,50.06213665672695,50.06213665672695,47.63488096739505,48.88643264770508,33298637,0.0,0.0
2020-03-30 00:00:00+05:30,46.307470348004465,49.79665089267674,45.586878493620056,48.052059173583984,32929981,0.0,0.0
2020-03-31 00:00:00+05:30,49.303615595598764,52.83072156099694,48.20376513053274,51.806724548339844,45891607,0.0,0.0
2020-04-01 00:00:00+05:30,50.82065167445194,51.01028097174467,49.379467857621805,49.87250518798828,21883386,0.0,0.0
2020-04-03 00:00:00+05:30,52.337690990181834,53.85472551163638,50.441397838363656,52.98242950439453,39757833,0.0,0.0
2020-04-07 00:00:00+05:30,54.00642333067099,56.43368188807744,53.24790611654905,55.29590606689453,30982061,0.0,0.0
2020-04-08 00:00:00+05:30,54.91665031079371,57.91279114730712,53.854724998488464,56.47160720825195,30555738,0.0,0.0
2020-04-09 00:00:00+05:30,57.64730248110269,58.89885691605824,57.64730248110269,58.63337707519531,19209747,0.0,0.0
2020-04-13 00:00:00+05:30,59.771147224098364,59.771147224098364,55.10626610232615,56.92670822143555,22311833,0.0,0.0
2020-04-15 00:00:00+05:30,56.96463984596828,57.9886368956808,55.75101349864133,56.395751953125,22311032,0.0,0.0
2020-04-16 00:00:00+05:30,56.13027396454096,58.026567003883564,55.675164792504155,57.23012161254883,24473640,0.0,0.0
2020-04-17 00:00:00+05:30,59.01264232119436,59.01264232119436,57.002570520897976,57.8748664855957,14561017,0.0,0.0
2020-04-20 00:00:00+05:30,57.154265073719166,57.381822529463236,55.97856698444544,56.13026809692383,15698459,0.0,0.0
2020-04-21 00:00:00+05:30,52.86864069145481,53.665085978382685,50.97234790069923,52.6031608581543,27607022,0.0,0.0
2020-04-22 00:00:00+05:30,49.986278520635075,50.32760890405603,46.11783953790395,49.569091796875,73840707,0.0,0.0
2020-04-23 00:00:00+05:30,51.19990696329814,52.37561084541411,50.47931799492159,51.08612823486328,38207377,0.0,0.0
2020-04-24 00:00:00+05:30,50.93443402082,52.71694838432331,50.51724722239213,51.27576446533203,31588097,0.0,0.0
2020-04-27 00:00:00+05:30,51.57916748310666,52.716943236410486,51.31368763140778,51.92049789428711,16723889,0.0,0.0
2020-04-28 00:00:00+05:30,51.42746433266207,52.86864226696295,50.896498863211704,52.489383697509766,20422626,0.0,0.0
2020-04-29 00:00:00+05:30,52.64109232964395,53.816790461418854,52.11012684272236,53.475460052490234,18023637,0.0,0.0
2020-04-30 00:00:00+05:30,55.0683515131165,61.47782578513887,54.23398369066558,60.60552978515625,54290691,0.0,0.0
2020-05-04 00:00:00+05:30,57.64731209115965,59.05056787281528,56.16820574047377,58.06449890136719,28640967,0.0,0.0
2020-05-05 00:00:00+05:30,59.84700099635646,62.122552321031414,59.278113165187726,59.50566482543945,61865481,0.0,0.0
2020-05-06 00:00:00+05:30,61.705364915866205,61.705364915866205,58.74714706902324,60.11248016357422,38948167,0.0,0.0
2020-05-07 00:00:00+05:30,59.391894720565645,59.391894720565645,56.96463638630098,57.343894958496094,20794229,0.0,0.0
2020-05-08 00:00:00+05:30,57.95070488874128,58.557515068162736,56.69915057483472,57.64729690551758,18523649,0.0,0.0
2020-05-11 00:00:00+05:30,57.64730691790495,59.27812004733002,56.50953112347261,58.44375228881836,15701754,0.0,0.0
2020-05-12 00:00:00+05:30,58.36789805140006,58.671306098298466,56.50953316806646,57.8748664855957,14186736,0.0,0.0
2020-05-13 00:00:00+05:30,59.92285994011608,59.96078811564851,57.8369376004285,59.316043853759766,20493531,0.0,0.0
2020-05-14 00:00:00+05:30,58.405820110803056,58.671299953901396,57.04048693625938,57.76108169555664,13344652,0.0,0.0
2020-05-15 00:00:00+05:30,58.59544939687709,59.54359582724727,57.57145240948261,57.76108169555664,16835999,0.0,0.0
2020-05-18 00:00:00+05:30,58.36789731187212,58.36789731187212,54.91664745983356,55.29590606689453,13014456,0.0,0.0
2020-05-19 00:00:00+05:30,56.433685086874874,59.69530582025948,56.20612759492895,58.51960754394531,42315983,0.0,0.0
2020-05-20 00:00:00+05:30,58.557521128949396,59.543595729730065,57.874860329822134,59.164337158203125,12969847,0.0,0.0
2020-05-21 00:00:00+05:30,59.733220013705164,59.92284928358994,57.95070603419346,58.40581512451172,17999828,0.0,0.0
2020-05-22 00:00:00+05:30,58.367891938777625,58.367891938777625,57.192193837334536,57.76108169555664,12443419,0.0,0.0
2020-05-26 00:00:00+05:30,58.40581512451171,59.316033305148224,58.10240713529086,58.40581512451172,11837966,0.0,0.0
2020-05-27 00:00:00+05:30,58.55751977911429,59.316036904683266,57.57145098809047,59.126407623291016,11655865,0.0,0.0
2020-05-28 00:00:00+05:30,58.78507743617893,61.40195921368858,58.70922688076334,59.80907440185547,18645811,0.0,0.0
2020-05-29 00:00:00+05:30,59.20226487740695,63.52581024493842,58.70922758078719,63.10862350463867,40559441,0.0,0.0
2020-06-01 00:00:00+05:30,64.47395845356029,65.61173419097607,63.44996144729143,63.677513122558594,25047349,0.0,0.0
2020-06-02 00:00:00+05:30,64.05676991971498,64.39810610366015,62.653514373344414,63.942996978759766,15367928,0.0,0.0
2020-06-03 00:00:00+05:30,65.2703927152465,66.33231192712056,64.70150494301726,65.46002197265625,23936651,0.0,0.0
2020-06-04 00:00:00+05:30,64.47395235789175,65.2703976135938,63.71543527132832,64.39810180664062,15120972,0.0,0.0
2020-06-05 00:00:00+05:30,64.54980839289473,67.35632532381939,64.47395783519981,65.95306396484375,18202925,0.0,0.0
2020-06-08 00:00:00+05:30,68.26653271814995,70.61793435436998,67.65971677917834,68.98712158203125,32511374,0.0,0.0
2020-06-09 00:00:00+05:30,69.74565438532348,70.08699059832337,67.77351081820089,68.26654815673828,16702413,0.0,0.0
2020-06-10 00:00:00+05:30,68.72165451371163,69.40432112480357,66.52195356109392,66.93914031982422,17382514,0.0,0.0
2020-06-11 00:00:00+05:30,66.97707111201876,67.9252176125455,65.61173783644949,65.91514587402344,14275999,0.0,0.0
2020-06-12 00:00:00+05:30,61.85706591549704,63.86713140901348,61.85706591549704,63.63957977294922,20601082,0.0,0.0
2020-06-15 00:00:00+05:30,63.71544353680956,65.15662734564278,62.95692635184754,63.79129409790039,17274210,0.0,0.0
2020-06-16 00:00:00+05:30,64.85320585970226,65.04283511660198,62.46387606536073,63.63957977294922,13467530,0.0,0.0
2020-06-17 00:00:00+05:30,63.412032590977965,64.2843284709986,63.10862457353254,63.86714172363281,15440371,0.0,0.0
2020-06-18 00:00:00+05:30,62.956920157563424,63.67750909756839,62.046701939975435,63.41202926635742,18460298,0.0,0.0
2020-06-19 00:00:00+05:30,64.85321738907616,65.46003343384311,63.94299910895244,65.0428466796875,21920473,0.0,0.0
2020-06-22 00:00:00+05:30,65.30833022249718,65.38418078562592,63.79129581181419,64.36018371582031,19227535,0.0,0.0
2020-06-23 00:00:00+05:30,64.85322412506257,65.61174136629137,64.01885631711635,64.96700286865234,23440997,0.0,0.0
2020-06-24 00:00:00+05:30,65.4221061297458,65.72551415615867,62.61559490623698,63.03277587890625,33080229,0.0,0.0
2020-06-25 00:00:00+05:30,62.38803008982771,63.715434985355955,60.68136665271996,61.89499282836914,121277435,0.0,0.0
2020-06-26 00:00:00+05:30,63.032782023909654,64.32226481511806,62.577672833435585,63.829227447509766,23684852,0.0,0.0
2020-06-29 00:00:00+05:30,63.677510047539755,63.791288773192235,61.89499596907221,62.50181198120117,14299071,0.0,0.0
2020-06-30 00:00:00+05:30,63.33618104670793,63.37410921843273,61.17440836000404,61.70536804199219,25762293,0.0,0.0
2020-07-01 00:00:00+05:30,59.92285373127194,61.40195983134718,59.39189405099532,61.022701263427734,35344784,0.0,0.0
2020-07-02 00:00:00+05:30,61.70537805753213,63.82922870426475,61.515748742181984,62.08463668823242,35154027,0.0,0.0
2020-07-03 00:00:00+05:30,62.539734365067744,63.22240093195623,61.89499596907221,62.50181198120117,16786174,0.0,0.0
2020-07-06 00:00:00+05:30,62.994842994833064,64.39809837274449,62.805213733303795,63.52580261230469,17510294,0.0,0.0
2020-07-07 00:00:00+05:30,63.52582153314062,63.563749711553506,62.04671516747851,62.16048812866211,20123433,0.0,0.0
2020-07-08 00:00:00+05:30,62.198409670130516,62.881076299525134,61.439892479031364,61.667449951171875,18626174,0.0,0.0
2020-07-09 00:00:00+05:30,61.89499005927782,62.38802729867863,60.60551339040726,60.833065032958984,17348038,0.0,0.0
2020-07-10 00:00:00+05:30,60.68136755264768,60.795146274214126,58.936775920698594,59.581520080566406,17773167,0.0,0.0
2020-07-13 00:00:00+05:30,60.074559437401,60.340045084866915,59.467749154544315,59.847007751464844,9360631,0.0,0.0
2020-07-14 00:00:00+05:30,59.543587096765286,59.884917446840916,58.51959025951268,58.67129135131836,9303879,0.0,0.0
2020-07-15 00:00:00+05:30,59.16433035428407,59.31603145063855,57.53351752685696,57.8369255065918,14377090,0.0,0.0
2020-07-16 00:00:00+05:30,57.95071098163068,58.178262652703594,56.88878582221077,57.76108169555664,10604062,0.0,0.0
2020-07-17 00:00:00+05:30,57.874858939636624,61.17440727525878,57.874858939636624,60.94684982299805,24934060,0.0,0.0
2020-07-20 00:00:00+05:30,61.439895290126955,61.629524596577966,60.07456196886882,60.908935546875,15570346,0.0,0.0
2020-07-21 00:00:00+05:30,61.13647837980832,62.881070061065394,60.94684910084674,62.53973388671875,20976092,0.0,0.0
2020-07-22 00:00:00+05:30,62.767293590929775,63.33618144824938,61.97084827587171,62.65351486206055,17882873,0.0,0.0
2020-07-23 00:00:00+05:30,62.57766947340378,63.60166654374498,62.23633904563239,62.69144821166992,14673501,0.0,0.0
2020-07-24 00:00:00+05:30,62.27425955897406,62.50181702865586,60.87100392800791,61.43989181518555,10000280,0.0,0.0
2020-07-27 00:00:00+05:30,61.74329807360041,62.19840721287464,60.75722344931733,61.28818893432617,8510736,0.0,0.0
2020-07-28 00:00:00+05:30,61.439897607607165,61.62952692121089,60.150420589912784,60.60552978515625,10616766,0.0,0.0
2020-07-29 00:00:00+05:30,60.52967003596516,61.21233083177051,60.15041146628374,60.3021125793457,9905015,0.0,0.0
2020-07-30 00:00:00+05:30,60.68137074597415,60.98477875710931,58.78507791016246,58.9367790222168,9668266,0.0,0.0
2020-07-31 00:00:00+05:30,59.12640586382217,59.80907241392491,58.519595653640145,59.39189147949219,10963756,0.0,0.0
2020-08-03 00:00:00+05:30,59.429817805308645,59.54359653571215,57.305973248225335,57.57145309448242,11874183,0.0,0.0
2020-08-04 00:00:00+05:30,57.87486288286076,58.9367823003595,57.571454854849634,57.7231559753418,13360346,0.0,0.0
2020-08-05 00:00:00+05:30,58.0265628113849,58.78507997231804,57.87486169400894,58.36789321899414,9077292,0.0,0.0
2020-08-06 00:00:00+05:30,59.05055978879595,60.64344466847504,58.443749532598844,59.202266693115234,26386380,0.0,0.0
2020-08-07 00:00:00+05:30,59.278109177698106,60.226255499199915,59.240181010027676,59.65736770629883,11786462,0.0,0.0
2020-08-10 00:00:00+05:30,60.302122998381854,60.49175231598683,59.847013793535424,59.960792541503906,7067852,0.0,0.0
2020-08-11 00:00:00+05:30,60.34003827410796,60.68136865799869,59.31603554838321,59.50566482543945,10835360,0.0,0.0
2020-08-12 00:00:00+05:30,59.50567227704833,59.99870961654052,58.9367843746405,59.24019241333008,10481019,0.0,0.0
2020-08-13 00:00:00+05:30,59.58152722842435,60.26418806566794,59.46774849320813,59.619449615478516,7316635,0.0,0.0
2020-08-14 00:00:00+05:30,59.695300540987446,59.88492983849634,58.367895458425224,58.48167419433594,11635634,0.0,0.0
2020-08-17 00:00:00+05:30,58.78507657294923,60.52966825702149,58.70922601864747,60.15040969848633,13610411,0.0,0.0
2020-08-18 00:00:00+05:30,60.491745153726384,62.122558249445376,60.03663600276516,61.17441177368164,28329507,0.0,0.0
2020-08-19 00:00:00+05:30,61.32611094548974,61.970849371108045,59.99870592161755,60.34004211425781,12081197,0.0,0.0
2020-08-20 00:00:00+05:30,59.922856931906146,63.14655493140742,59.088489195322936,62.31218719482422,37457277,0.0,0.0
2020-08-21 00:00:00+05:30,62.91899939989674,63.29825799974429,61.174413312814224,61.477821350097656,17027574,0.0,0.0
2020-08-24 00:00:00+05:30,61.66743713865343,62.08461803486499,61.136471742985485,61.62950897216797,9797861,0.0,0.0
2020-08-25 00:00:00+05:30,61.74329739324214,62.57766510388866,60.833073337696874,61.060630798339844,22479622,0.0,0.0
2020-08-26 00:00:00+05:30,61.59158306303351,62.27424957561184,61.250252700257306,61.743289947509766,15967425,0.0,0.0
2020-08-27 00:00:00+05:30,62.04670521229566,62.16047815522479,60.68137202688022,60.79515075683594,16308382,0.0,0.0
2020-08-28 00:00:00+05:30,60.94684982299805,62.046703126223036,60.681369986711466,60.94684982299805,14666431,0.0,0.0
2020-08-31 00:00:00+05:30,61.4398990350375,64.85322675920625,61.36404846523925,62.16048812866211,93192019,0.0,0.0
2020-09-01 00:00:00+05:30,62.7672949171117,62.805223089878325,59.16433841129562,60.18833541870117,38005204,0.0,0.0
2020-09-02 00:00:00+05:30,61.55367403140299,62.00878320947998,60.3021194514209,60.908935546875,31151170,0.0,0.0
2020-09-03 00:00:00+05:30,61.060640268801755,61.66745639994868,59.77116322389894,59.960792541503906,19975929,0.0,0.0
2020-09-04 00:00:00+05:30,59.58151531773698,59.99869621409711,58.67129140499307,59.088478088378906,12855650,0.0,0.0
2020-09-07 00:00:00+05:30,59.31604888406678,59.429827633286,57.60938500686122,57.988643646240234,16573385,0.0,0.0
2020-09-08 00:00:00+05:30,58.06449807022352,58.14034863816803,56.13027675898798,56.47160720825195,17905003,0.0,0.0
2020-09-09 00:00:00+05:30,56.09234201247714,56.09234201247714,53.77886813245208,55.144195556640625,28166106,0.0,0.0
2020-09-10 00:00:00+05:30,55.75100932795757,56.4336759057052,55.10627092170621,55.86478805541992,18646363,0.0,0.0
2020-09-11 00:00:00+05:30,55.713084776441605,55.90271407219127,55.068346328298105,55.59931182861328,11510019,0.0,0.0
2020-09-14 00:00:00+05:30,56.01648916735208,56.6991557450997,55.561380044529145,55.86478805541992,11989916,0.0,0.0
2020-09-15 00:00:00+05:30,55.940644669855025,56.39575384196707,55.561386061923805,55.978572845458984,8883202,0.0,0.0
2020-09-16 00:00:00+05:30,56.31989378901513,56.47159489181819,55.030417054110764,55.40967559814453,10284798,0.0,0.0
2020-09-17 00:00:00+05:30,55.40967267647491,56.35781898656499,55.257965794645,55.48552322387695,16070680,0.0,0.0
2020-09-18 00:00:00+05:30,55.97857902718909,56.73709632681481,55.33383469288504,56.35783767700195,25690567,0.0,0.0
2020-09-21 00:00:00+05:30,56.13026705668259,56.20611761151608,53.7788651346863,53.9684944152832,13686080,0.0,0.0
2020-09-22 00:00:00+05:30,53.85472535057891,54.08228284292753,52.14806151904648,52.716949462890625,18042069,0.0,0.0
2020-09-23 00:00:00+05:30,52.86864305661681,53.209979246438834,51.124057083290694,51.31368637084961,17014238,0.0,0.0
2020-09-24 00:00:00+05:30,50.10005902874058,51.086127830985085,49.682872290119825,50.55516815185547,32950752,0.0,0.0
2020-09-25 00:00:00+05:30,51.579174123043195,52.527320706187375,50.17591833739531,52.2618408203125,20235576,0.0,0.0
2020-09-28 00:00:00+05:30,52.67900854611342,55.902706114996455,52.52730744591757,54.49945068359375,28336496,0.0,0.0
2020-09-29 00:00:00+05:30,54.99249707264055,55.144198198030146,52.26183630643897,52.45146560668945,20797874,0.0,0.0
2020-09-30 00:00:00+05:30,52.64108814065562,53.437527627120176,51.27575503953603,52.52730941772461,20069170,0.0,0.0
2020-10-01 00:00:00+05:30,51.19991106763086,52.64109490693994,50.555172604184605,52.45146560668945,20869186,0.0,0.0
2020-10-05 00:00:00+05:30,52.337682584539095,52.86864226696295,51.88257345860058,52.489383697509766,12608039,0.0,0.0
2020-10-06 00:00:00+05:30,53.09619814115601,53.24789924960592,52.33768102485378,52.6031608581543,10028285,0.0,0.0
2020-10-07 00:00:00+05:30,52.56524177066278,55.63723281210046,52.41353486567374,53.475460052490234,50074263,0.0,0.0
2020-10-08 00:00:00+05:30,53.778868430232734,53.85471898971431,51.76879677532396,51.92049789428711,21348017,0.0,0.0
2020-10-09 00:00:00+05:30,52.337682576395416,53.55130884105146,51.768794722304165,53.32375717163086,25747313,0.0,0.0
2020-10-12 00:00:00+05:30,53.32376154524708,53.55131323333147,52.185985743744176,52.45146560668945,10564850,0.0,0.0
2020-10-13 00:00:00+05:30,52.41353225708008,52.90656954645954,52.18598059146169,52.41353225708008,9070661,0.0,0.0
2020-10-14 00:00:00+05:30,51.95842389918085,52.18598135515575,50.55516835273966,50.820648193359375,24825690,0.0,0.0
2020-10-15 00:00:00+05:30,50.82064460930455,51.958420234886,49.834570085656864,50.10005569458008,17333956,0.0,0.0
2020-10-16 00:00:00+05:30,50.555171456268894,51.23783807907527,50.06213412940724,51.01028060913086,18590744,0.0,0.0
2020-10-19 00:00:00+05:30,51.08613079753607,53.43753289269669,51.08613079753607,52.565242767333984,25987617,0.0,0.0
2020-10-20 00:00:00+05:30,52.71693871570126,52.90656799165702,51.010275232099424,51.124053955078125,18530340,0.0,0.0
2020-10-21 00:00:00+05:30,51.57916081615163,52.034269901241885,50.82064374532587,51.427459716796875,19589424,0.0,0.0
2020-10-22 00:00:00+05:30,51.124056123620434,52.413532940005176,51.04820556742601,52.22390365600586,26354156,0.0,0.0
2020-10-23 00:00:00+05:30,52.48939722751358,52.792805318689844,52.03428798426319,52.33769607543945,13177360,0.0,0.0
2020-10-26 00:00:00+05:30,52.71693616590466,52.71693616590466,51.313680749109515,51.73086166381836,14224945,0.0,0.0
2020-10-27 00:00:00+05:30,51.65502136956651,51.920501238364324,50.4413949786143,50.70687484741211,17088331,0.0,0.0
2020-10-28 00:00:00+05:30,51.01027658481846,51.12405531081441,50.137980734884685,50.32761001586914,15025477,0.0,0.0
2020-10-29 00:00:00+05:30,50.10006532839558,50.32761702505247,48.620953258503405,48.8485107421875,29901005,0.0,0.0
2020-10-30 00:00:00+05:30,49.30361468713664,49.98628127867154,48.696798653099705,49.22776412963867,25849220,0.0,0.0
2020-11-02 00:00:00+05:30,49.607023974753915,50.1000612916589,48.69679990038469,49.83457565307617,12847852,0.0,0.0
2020-11-03 00:00:00+05:30,50.06213065619464,50.631018504560494,49.834573202037724,50.28968811035156,10809489,0.0,0.0
2020-11-04 00:00:00+05:30,50.28968470924405,50.744793799752266,49.758719281129416,50.40345764160156,12479581,0.0,0.0
2020-11-05 00:00:00+05:30,50.74480471008502,51.65502308680198,50.213839167810704,51.27576446533203,17947631,0.0,0.0
2020-11-06 00:00:00+05:30,51.35161274947356,51.73087135408423,50.9723541448629,51.57917022705078,10496588,0.0,0.0
2020-11-09 00:00:00+05:30,52.072204800277,52.072204800277,51.42746636414351,51.92049789428711,8473527,0.0,0.0
2020-11-10 00:00:00+05:30,52.37561180638133,53.854717942092954,51.95842505680799,53.66508865356445,33795453,0.0,0.0
2020-11-11 00:00:00+05:30,54.19605267915261,55.14419919759144,53.51339181549832,54.878719329833984,23531793,0.0,0.0
2020-11-12 00:00:00+05:30,54.99249296400312,55.29590097914086,53.66508796142374,54.27190399169922,16446681,0.0,0.0
2020-11-13 00:00:00+05:30,54.006410352416474,54.99248480862275,53.1341203954175,54.72700500488281,16264536,0.0,0.0
2020-11-14 00:00:00+05:30,56.130270674949884,56.130270674949884,54.99249491802523,55.10627365112305,5387569,0.0,0.0
2020-11-17 00:00:00+05:30,55.14419088691776,55.59930577680059,53.85471413098632,54.082271575927734,18852045,0.0,0.0
2020-11-18 00:00:00+05:30,54.347750470017424,54.689080844539504,53.77886265446322,54.57530212402344,14032869,0.0,0.0
2020-11-19 00:00:00+05:30,54.23396777677968,56.2819614479457,54.19603961037725,54.72700500488281,27903903,0.0,0.0
2020-11-20 00:00:00+05:30,54.9545695425309,55.1441988450062,53.6271644252038,54.34775924682617,14790440,0.0,0.0
2020-11-23 00:00:00+05:30,54.61322380514706,59.012624704260745,54.461522720498486,58.02655029296875,44111534,0.0,0.0
2020-11-24 00:00:00+05:30,58.216193297481524,59.20226794176099,57.192196266592426,57.7231559753418,31379070,0.0,0.0
2020-11-25 00:00:00+05:30,58.5575225246274,62.04670609545879,58.519600138786785,61.28818893432617,87040163,0.0,0.0
2020-11-26 00:00:00+05:30,61.553659701937335,61.81913951176059,60.26417724604094,60.833065032958984,30469713,0.0,0.0
2020-11-27 00:00:00+05:30,61.28818606406415,61.55366590062222,59.16433579754678,59.54359436035156,44245938,0.0,0.0
2020-12-01 00:00:00+05:30,59.5435914865877,62.19840129809162,58.443744022346536,61.85707092285156,42923229,0.0,0.0
2020-12-02 00:00:00+05:30,61.81915223533171,64.51189062910481,61.40196545758308,64.36018371582031,52652362,0.0,0.0
2020-12-03 00:00:00+05:30,64.7773832617527,67.50804458181369,64.47397516240633,67.28048706054688,53618786,0.0,0.0
2020-12-04 00:00:00+05:30,68.07692043156985,69.02506695568641,66.1806273833367,68.15277099609375,44126894,0.0,0.0
2020-12-07 00:00:00+05:30,69.13883747435541,71.30061013486902,68.83542946531239,69.44224548339844,46638129,0.0,0.0
2020-12-08 00:00:00+05:30,70.5420976118608,70.88342802743004,68.30447424973615,68.83543395996094,34326971,0.0,0.0
2020-12-09 00:00:00+05:30,69.40432291379972,70.42831996331925,68.94921375701625,69.17676544189453,25763702,0.0,0.0
2020-12-10 00:00:00+05:30,69.02505962623543,69.93527787792463,67.2804678923002,69.51809692382812,25329334,0.0,0.0
2020-12-11 00:00:00+05:30,70.2386859089586,79.18919046332746,70.2386859089586,73.4244613647461,146821189,0.0,0.0
2020-12-14 00:00:00+05:30,74.52432085610376,77.78594739158899,73.91750473279524,76.989501953125,75021883,0.0,0.0
2020-12-15 00:00:00+05:30,77.74800128085728,77.74800128085728,75.24489258334606,76.19303894042969,33553433,0.0,0.0
2020-12-16 00:00:00+05:30,77.29289735337738,78.58237417039359,76.34475093291648,78.0514144897461,34618175,0.0,0.0
2020-12-17 00:00:00+05:30,79.72016293395842,80.09942156426939,76.38268582981648,76.989501953125,41881430,0.0,0.0
2020-12-18 00:00:00+05:30,76.98950145220516,77.59631757156552,74.44846980306002,75.09320831298828,36480527,0.0,0.0
2020-12-21 00:00:00+05:30,75.01735414550858,75.05527653425696,67.47010434132439,68.15277099609375,58724337,0.0,0.0
2020-12-22 00:00:00+05:30,67.54595534032259,70.01113610767703,65.68758482810092,68.68373107910156,58602960,0.0,0.0
2020-12-23 00:00:00+05:30,68.64580221988486,69.25261825597626,66.97706680117344,68.87335968017578,29216106,0.0,0.0
2020-12-24 00:00:00+05:30,70.1628464136154,72.43839818919211,69.89736653053693,70.6558837890625,46351620,0.0,0.0
2020-12-28 00:00:00+05:30,71.30060399100284,72.17289977170222,70.76964436119937,71.1489028930664,17759262,0.0,0.0
2020-12-29 00:00:00+05:30,71.4523234382979,71.79365967685087,69.7835877843526,70.6558837890625,17678810,0.0,0.0
2020-12-30 00:00:00+05:30,70.921349246764,71.67986635100746,70.3524614185814,70.73171997070312,15960705,0.0,0.0
2020-12-31 00:00:00+05:30,70.76966931081407,72.47633330589451,70.20078131245391,70.58003997802734,43701316,0.0,0.0
2021-01-01 00:00:00+05:30,71.11098866150782,71.64194839536958,70.54210075221576,70.69380187988281,15130377,0.0,0.0
2021-01-04 00:00:00+05:30,71.33852852349288,73.80370885499973,71.07304293509472,73.53822326660156,39545073,0.0,0.0
2021-01-05 00:00:00+05:30,73.19689824725603,73.19689824725603,71.56608536724356,72.02119445800781,26998014,0.0,0.0
2021-01-06 00:00:00+05:30,75.01733493772105,75.32074290515779,73.00726366385649,73.53822326660156,50306161,0.0,0.0
2021-01-07 00:00:00+05:30,74.33467776407153,75.13112305492571,73.65201119862887,74.25882720947266,25285200,0.0,0.0
2021-01-08 00:00:00+05:30,75.05526687167618,76.83778673715625,74.75186465264044,76.3447494506836,36022114,0.0,0.0
2021-01-11 00:00:00+05:30,76.98950424485959,78.05142959874594,74.3726219326286,77.78594970703125,36301647,0.0,0.0
2021-01-12 00:00:00+05:30,77.3687423291211,79.26503503326623,76.42059597704854,78.46858978271484,28353142,0.0,0.0
2021-01-13 00:00:00+05:30,79.60638111441965,81.84401041909172,78.96164262518529,79.83393859863281,42401579,0.0,0.0
2021-01-14 00:00:00+05:30,81.1613497426196,81.50268020709993,79.03749902332878,79.68224334716797,24455634,0.0,0.0
2021-01-15 00:00:00+05:30,79.83394077558438,80.47867928239978,76.3447625736769,76.91365051269531,28185982,0.0,0.0
2021-01-18 00:00:00+05:30,76.9136486954871,77.25497913602273,72.85558265043952,73.3106918334961,33623461,0.0,0.0
2021-01-19 00:00:00+05:30,74.14505024940188,75.0931966720285,73.95542096487655,74.41053009033203,26085121,0.0,0.0
2021-01-20 00:00:00+05:30,75.09319461856384,75.70001062726178,74.22089877619547,74.97941589355469,18486566,0.0,0.0
2021-01-21 00:00:00+05:30,75.13113577620854,76.00342598233232,71.22477078915948,71.83158111572266,26939349,0.0,0.0
2021-01-22 00:00:00+05:30,71.75572606249753,72.40046452598978,70.1628410976852,70.35247039794922,27311961,0.0,0.0
2021-01-25 00:00:00+05:30,70.58001749759813,71.11097714547388,68.26653805965493,69.29053497314453,28522112,0.0,0.0
2021-01-27 00:00:00+05:30,69.32847661040184,69.59395648591267,67.43218351814264,68.03899383544922,34022621,0.0,0.0
2021-01-28 00:00:00+05:30,67.5080280334165,69.32847039621734,67.35632691444422,68.75958251953125,26810222,0.0,0.0
2021-01-29 00:00:00+05:30,68.83543072553206,70.50416612527981,66.55987929658886,66.97706604003906,33858273,0.0,0.0
2021-02-01 00:00:00+05:30,67.50801481135493,69.17674994131974,67.09082813535092,68.91127014160156,24228098,0.0,0.0
2021-02-02 00:00:00+05:30,70.16283437147058,71.26268189275333,69.17675978981772,70.42831420898438,22141489,0.0,0.0
2021-02-03 00:00:00+05:30,71.75571007176431,72.2866754663943,70.54208397793613,70.80756378173828,25912911,0.0,0.0
2021-02-04 00:00:00+05:30,71.49023921921254,74.78978756423245,71.30060993746396,74.06919860839844,49670027,0.0,0.0
2021-02-05 00:00:00+05:30,75.05526740127517,75.81378452826947,73.42446020785857,74.06919860839844,30514219,0.0,0.0
2021-02-08 00:00:00+05:30,75.47245631664475,76.4585309250397,75.16904829967503,75.58623504638672,29096831,0.0,0.0
2021-02-09 00:00:00+05:30,75.70001879732452,78.39275138235206,75.70001879732452,76.61023712158203,39638657,0.0,0.0
2021-02-10 00:00:00+05:30,77.36874160766602,77.7480001449585,74.78978239667195,75.8517074584961,21467230,0.0,0.0
2021-02-11 00:00:00+05:30,75.85171126288924,76.11719109490409,75.01734359640271,75.43452453613281,11287104,0.0,0.0
2021-02-12 00:00:00+05:30,75.01734022279966,75.39659876205847,73.23482624568842,73.57615661621094,18187705,0.0,0.0
2021-02-15 00:00:00+05:30,73.57616259344555,75.28282615875743,72.51423743984618,74.67601013183594,26118576,0.0,0.0
2021-02-16 00:00:00+05:30,75.28281737178204,79.53051170336408,75.28281737178204,78.6961441040039,76236798,0.0,0.0
2021-02-17 00:00:00+05:30,78.6961629629718,79.85345947713316,77.7703281061685,78.88904571533203,21014091,1.75,0.0
2021-02-18 00:00:00+05:30,80.00776088199173,89.11182886998809,79.73772621419401,85.40847778320312,110000964,0.0,0.0
2021-02-19 00:00:00+05:30,85.40847825116836,86.56577473634037,80.12349214614572,81.08790588378906,48225988,0.0,0.0
2021-02-22 00:00:00+05:30,81.7051345897467,83.74969292983378,81.242217164106,82.01374816894531,36592043,0.0,0.0
2021-02-23 00:00:00+05:30,84.67550955109104,88.26312912846824,84.44404794494548,86.56575775146484,90860972,0.0,0.0
2021-02-24 00:00:00+05:30,87.95452571861543,88.99609129328364,85.6399329365466,87.64591217041016,26071364,0.0,0.0
2021-02-25 00:00:00+05:30,89.49758967534348,92.96947892999042,88.99609338352056,91.85076141357422,62038881,0.0,0.0
2021-02-26 00:00:00+05:30,89.11182774724188,91.34926875538784,84.9069862816596,85.63993835449219,55154985,0.0,0.0
2021-03-01 00:00:00+05:30,88.18598352331605,90.7706108405017,87.56875645369847,90.30769348144531,41672980,0.0,0.0
2021-03-02 00:00:00+05:30,89.42043141865004,89.99907958673494,86.99010793543071,87.56875610351562,36303917,0.0,0.0
2021-03-03 00:00:00+05:30,87.99310007810148,89.34327913129094,87.33729411464434,87.95452117919922,19434630,0.0,0.0
2021-03-04 00:00:00+05:30,87.91594408576955,90.26911569560787,86.6429228042414,86.95153045654297,38272786,0.0,0.0
2021-03-05 00:00:00+05:30,89.69047738042093,91.23353935685829,87.56876716281958,88.68748474121094,57756103,0.0,0.0
2021-03-08 00:00:00+05:30,91.7736050825759,94.39681151655284,90.42342590632599,91.23353576660156,63866178,0.0,0.0
2021-03-09 00:00:00+05:30,92.12079098002638,92.23652179271971,88.10882675331047,90.07623291015625,26817643,0.0,0.0
2021-03-10 00:00:00+05:30,90.19195730797792,90.26910921551486,87.6459031550663,88.26313018798828,23841269,0.0,0.0
2021-03-12 00:00:00+05:30,90.07623336569885,90.57772963236377,87.95452337207425,88.76463317871094,20691698,0.0,0.0
2021-03-15 00:00:00+05:30,89.49758311319734,90.15338319150547,87.02868662322076,88.22455596923828,19679802,0.0,0.0
2021-03-16 00:00:00+05:30,87.80022828005713,89.7290557388781,87.53018772677076,88.80321502685547,20680669,0.0,0.0
2021-03-17 00:00:00+05:30,88.57175227252785,88.61032528687109,83.9039878360867,84.36690521240234,31017863,0.0,0.0
2021-03-18 00:00:00+05:30,84.86840124856222,86.56576691900796,82.93957394745854,85.022705078125,26710696,0.0,0.0
2021-03-19 00:00:00+05:30,81.97515194232648,87.3758678349974,80.58639407254296,85.25415802001953,50386785,0.0,0.0
2021-03-22 00:00:00+05:30,85.25416291026878,85.83281107481811,83.74968003696591,84.55978393554688,15825065,0.0,0.0
2021-03-23 00:00:00+05:30,84.55978883104305,85.09986401434428,82.2451960388449,82.66954040527344,15815643,0.0,0.0
2021-03-24 00:00:00+05:30,81.01074150287128,81.7822723743272,79.35194895197839,80.85643768310547,31083656,0.0,0.0
2021-03-25 00:00:00+05:30,81.78225947361366,83.0938593936655,78.15606730430862,78.69613647460938,37295495,0.0,0.0
2021-03-26 00:00:00+05:30,79.46769342619638,80.2392244303342,77.34598316481735,79.00477600097656,26637085,0.0,0.0
2021-03-30 00:00:00+05:30,80.27779130365336,82.01373580279356,79.15906798353043,79.85344696044922,31843017,0.0,0.0
2021-03-31 00:00:00+05:30,79.31337827753092,80.39351682034977,78.6189992954948,78.81188201904297,19587582,0.0,0.0
2021-04-01 00:00:00+05:30,79.46768130669633,81.20362580126009,78.04035034398439,80.50924682617188,22299747,0.0,0.0
2021-04-05 00:00:00+05:30,78.81188605961522,80.62498257666012,76.69017599180837,79.81487274169922,24878516,0.0,0.0
2021-04-06 00:00:00+05:30,79.19765867417259,80.54783793008679,78.1560929968731,80.20064544677734,15156974,0.0,0.0
2021-04-07 00:00:00+05:30,80.16205924012554,81.2807766564486,79.81486681393623,80.74070739746094,10330347,0.0,0.0
2021-04-08 00:00:00+05:30,80.08489745660837,81.55080123208573,79.69913206594325,79.93058776855469,26105970,0.0,0.0
2021-04-09 00:00:00+05:30,79.46768804509193,80.93359803095352,79.46768804509193,80.08491516113281,17645822,0.0,0.0
2021-04-12 00:00:00+05:30,77.80888828483582,78.88903269707063,75.18568210835512,75.64860534667969,27005598,0.0,0.0
2021-04-13 00:00:00+05:30,75.64860253822887,79.08191248168909,75.64860253822887,78.73472595214844,25505623,0.0,0.0
2021-04-15 00:00:00+05:30,80.43210571945446,82.36093319474114,80.08491912842858,81.08790588378906,28659714,0.0,0.0
2021-04-16 00:00:00+05:30,80.70213365951868,83.20960916830968,80.39352011194318,82.78527069091797,21627285,0.0,0.0
2021-04-19 00:00:00+05:30,80.20064454851764,81.74370653799419,78.61900954109281,79.50627136230469,19166492,0.0,0.0
2021-04-20 00:00:00+05:30,79.69915169742227,81.01075199423178,78.85046291985994,79.35195922851562,23082015,0.0,0.0
2021-04-22 00:00:00+05:30,79.00475349832642,80.58638807452881,78.42610541003738,79.5448226928711,14844968,0.0,0.0
2021-04-23 00:00:00+05:30,78.69616242205855,79.96918975614885,78.38754884314054,79.00477600097656,12790334,0.0,0.0
2021-04-26 00:00:00+05:30,81.20361788401271,81.55080439454983,79.08190815307653,79.31336975097656,11797791,0.0,0.0
2021-04-27 00:00:00+05:30,79.31338633856308,80.23922115116625,79.31338633856308,79.62199401855469,8886250,0.0,0.0
2021-04-28 00:00:00+05:30,80.04631754685083,80.5478137256117,79.69913105418473,80.16204833984375,6887787,0.0,0.0
2021-04-29 00:00:00+05:30,80.93358629160677,81.70511713159098,79.89202083489072,80.27778625488281,14990087,0.0,0.0
2021-04-30 00:00:00+05:30,80.35493951531883,86.95152477652539,79.69913946754694,83.4410629272461,81358264,0.0,0.0
2021-05-03 00:00:00+05:30,83.44106449245501,85.40846467267568,81.7822719501654,83.0938720703125,33975507,0.0,0.0
2021-05-04 00:00:00+05:30,83.32533860003917,85.09986205438031,83.09387697162468,84.5983657836914,30811922,0.0,0.0
2021-05-05 00:00:00+05:30,86.72008709344847,87.9545355377683,85.2541769905561,85.71709442138672,47588366,0.0,0.0
2021-05-06 00:00:00+05:30,86.64292772250808,87.06726621166706,84.4440598140023,85.06128692626953,26083818,0.0,0.0
2021-05-07 00:00:00+05:30,85.52420419166789,86.68150061073327,84.59836941094119,85.98712158203125,28016564,0.0,0.0
2021-05-10 00:00:00+05:30,87.83878621522669,88.68746897412336,86.79722074356654,87.87736511230469,33477142,0.0,0.0
2021-05-11 00:00:00+05:30,86.83581217148284,91.58072288112801,85.44705408465579,91.11780548095703,48355326,0.0,0.0
2021-05-12 00:00:00+05:30,91.58072539029484,93.47097983172797,87.72307047265286,88.80321502685547,49718697,0.0,0.0
2021-05-14 00:00:00+05:30,89.49758068144038,89.49758068144038,86.06427067361739,87.1444091796875,23626454,0.0,0.0
2021-05-17 00:00:00+05:30,87.91593829205736,89.03466156002386,86.6043381972699,88.14739990234375,19960145,0.0,0.0
2021-05-18 00:00:00+05:30,88.72606228148865,90.65488972239058,88.18599295256179,89.57474517822266,29395737,0.0,0.0
2021-05-19 00:00:00+05:30,88.34028174842348,89.34327420140248,87.49159899622528,88.64889526367188,25295575,0.0,0.0
2021-05-20 00:00:00+05:30,87.53017763912811,88.49459125739224,85.79423312625265,86.25715637207031,21131045,0.0,0.0
2021-05-21 00:00:00+05:30,85.67851207900932,87.99310486760412,85.67851207900932,86.9901123046875,20562816,0.0,0.0
2021-05-24 00:00:00+05:30,87.37588434837009,87.91595368518088,85.52420880081064,87.2215805053711,24785960,0.0,0.0
2021-05-25 00:00:00+05:30,88.26313087610595,90.34626182740999,87.72305574651038,88.41743469238281,25820379,0.0,0.0
2021-05-26 00:00:00+05:30,89.03467427537119,89.03467427537119,87.18299878757578,87.45303344726562,12045621,0.0,0.0
2021-05-27 00:00:00+05:30,87.18299230928372,87.68448857505118,85.87139212464297,86.29573059082031,22821449,0.0,0.0
2021-05-28 00:00:00+05:30,87.33728806885624,89.15039023810945,86.29572262004497,86.68148803710938,19331994,0.0,0.0
2021-05-31 00:00:00+05:30,86.79723224500957,88.22456333133137,85.9485493736545,87.68449401855469,16430926,0.0,0.0
2021-06-01 00:00:00+05:30,88.22454992920395,91.38782517989509,88.10881912652837,90.73202514648438,51620011,0.0,0.0
2021-06-02 00:00:00+05:30,91.04063049445993,92.12077474538553,89.49756896065553,90.84774780273438,27162991,0.0,0.0
2021-06-03 00:00:00+05:30,91.65787312441545,95.51552761809768,91.38783260080679,94.51253509521484,64241347,0.0,0.0
2021-06-04 00:00:00+05:30,96.13275122738014,97.75296497828553,95.16833757966101,96.7885513305664,72354379,0.0,0.0
2021-06-07 00:00:00+05:30,97.94585054989619,98.3701949217312,96.36421565353123,96.55709838867188,28709907,0.0,0.0
2021-06-08 00:00:00+05:30,97.02000794911977,97.13573875813091,94.6282634035811,96.28705596923828,15261479,0.0,0.0
2021-06-09 00:00:00+05:30,97.98442601061953,98.75595692408898,94.93688125694072,95.70841217041016,29718157,0.0,0.0
2021-06-10 00:00:00+05:30,95.47695988963446,96.28706978261768,94.47396724939944,95.63126373291016,12245640,0.0,0.0
2021-06-11 00:00:00+05:30,95.63125475229701,97.67581285842688,94.51253727781975,95.32264709472656,18360366,0.0,0.0
2021-06-14 00:00:00+05:30,95.97844244064639,97.0585868475613,93.54811899666618,96.28705596923828,19547491,0.0,0.0
2021-06-15 00:00:00+05:30,96.90428562954493,99.14172654995853,96.32563742010937,96.7114028930664,32779493,0.0,0.0
2021-06-16 00:00:00+05:30,97.98442182375412,98.94883542438161,97.29004285403963,97.75296020507812,31654780,0.0,0.0
2021-06-17 00:00:00+05:30,96.90428965891942,97.98443420537538,95.28407578239259,96.51852416992188,18124616,0.0,0.0
2021-06-18 00:00:00+05:30,96.09418148496876,96.09418148496876,91.73503047159994,92.77659606933594,87912730,0.0,0.0
2021-06-21 00:00:00+05:30,92.12078115056508,94.12676010672448,91.77358874953116,93.316650390625,15669821,0.0,0.0
2021-06-22 00:00:00+05:30,94.66684226049729,95.824138649434,93.74100750387346,94.16535186767578,23629008,0.0,0.0
2021-06-23 00:00:00+05:30,95.28406577274201,95.97844475725549,93.93388670308777,95.1683349609375,21978870,0.0,0.0
2021-06-24 00:00:00+05:30,96.017026157022,96.017026157022,93.62528134484491,94.12677764892578,24358397,0.0,0.0
2021-06-25 00:00:00+05:30,94.85971856045926,96.40278030775467,92.85373946623793,93.27808380126953,34557609,0.0,0.0
2021-06-28 00:00:00+05:30,94.55110688010008,96.05558966490464,93.97245874958861,94.39679718017578,23728169,0.0,0.0
2021-06-29 00:00:00+05:30,93.97247165276252,94.47396205901391,91.88933456510189,92.12079620361328,20857415,0.0,0.0
2021-06-30 00:00:00+05:30,92.8537470011139,93.31666438560455,90.30769844325835,90.80918884277344,19094044,0.0,0.0
2021-07-01 00:00:00+05:30,90.84776643935542,92.39082828970541,90.50057987755221,91.69644927978516,16012542,0.0,0.0
2021-07-02 00:00:00+05:30,92.58370016047171,93.23950019267909,91.04063849113051,91.38782501220703,20014124,0.0,0.0
2021-07-05 00:00:00+05:30,91.92789844542835,93.70241580089845,91.73501574029162,93.316650390625,12050022,0.0,0.0
2021-07-06 00:00:00+05:30,94.89829357759452,96.44135526178304,93.39381079003597,93.74099731445312,30193164,0.0,0.0
2021-07-07 00:00:00+05:30,92.50655364990234,92.89231908973821,90.88633997985443,92.50655364990234,18479814,0.0,0.0
2021-07-08 00:00:00+05:30,92.12078990476579,92.12078990476579,90.15338377088413,90.30769348144531,17151883,0.0,0.0
2021-07-09 00:00:00+05:30,90.34626627902148,91.54214151618773,89.96050083300831,90.96349334716797,11240925,0.0,0.0
2021-07-12 00:00:00+05:30,91.81219056869139,92.08222524604228,91.04065955550911,91.46500396728516,8420962,0.0,0.0
2021-07-13 00:00:00+05:30,91.81218186169771,93.20093990824897,91.50356830842922,92.89232635498047,8580799,0.0,0.0
2021-07-14 00:00:00+05:30,92.81516991257233,93.93388736651876,92.66086020030527,93.20093536376953,12709481,0.0,0.0
2021-07-15 00:00:00+05:30,91.9664807302456,92.1207904417062,89.65188803515909,90.19196319580078,28589465,0.0,0.0
2021-07-16 00:00:00+05:30,90.42342242049551,90.57773213790672,89.30470492925501,90.11481475830078,19691248,0.0,0.0
2021-07-19 00:00:00+05:30,88.57174439497295,89.92192338949197,88.1088211735158,88.41743469238281,14395883,0.0,0.0
2021-07-20 00:00:00+05:30,86.4500359448663,87.37587063013041,86.10284352315722,86.87437438964844,18634406,0.0,0.0
2021-07-22 00:00:00+05:30,88.26314117447262,89.34328567337958,87.91594871787004,89.11182403564453,11710140,0.0,0.0
2021-07-23 00:00:00+05:30,89.11182336436836,90.0762370371429,88.53317516070364,88.95751953125,7841690,0.0,0.0
2021-07-26 00:00:00+05:30,88.61033149363526,89.18897972614003,88.03168326113048,88.37887573242188,8149770,0.0,0.0
2021-07-27 00:00:00+05:30,88.9961011537783,89.42044556536584,87.95453546370781,88.4560317993164,9704729,0.0,0.0
2021-07-28 00:00:00+05:30,88.64890031266249,88.88035604754643,87.5301769919594,88.22455596923828,11020097,0.0,0.0
2021-07-29 00:00:00+05:30,88.18598604976141,89.34328242371463,87.41445513379259,88.53317260742188,14142749,0.0,0.0
2021-07-30 00:00:00+05:30,88.18598859303036,90.0762370371429,87.80022312392055,88.95751953125,12236156,0.0,0.0
2021-08-02 00:00:00+05:30,88.68747507898267,90.65488123912314,88.57175015240918,90.34626770019531,10895726,0.0,0.0
2021-08-03 00:00:00+05:30,89.61331428612188,91.19494908298773,88.84178339409554,90.96349334716797,15163353,0.0,0.0
2021-08-04 00:00:00+05:30,90.8091887027447,91.42641580532307,89.96050585143487,90.53915405273438,14304543,0.0,0.0
2021-08-05 00:00:00+05:30,89.65188510286086,90.46199487416985,88.49458879316998,90.15338134765625,11033147,0.0,0.0
2021-08-06 00:00:00+05:30,89.61330381293874,91.19493842495761,89.61330381293874,89.99906921386719,6606584,0.0,0.0
2021-08-09 00:00:00+05:30,89.49758221170177,90.26911309283713,88.18598206829705,88.7260513305664,8294214,0.0,0.0
2021-08-10 00:00:00+05:30,88.80321141234771,89.26612880636003,87.87737662432308,88.6103286743164,14300982,0.0,0.0
2021-08-11 00:00:00+05:30,89.11182286189153,90.50058089738162,88.61032657761378,90.26911926269531,11308648,0.0,0.0
2021-08-12 00:00:00+05:30,89.57475226039458,90.96351048217096,88.95753096229427,89.69048309326172,13519139,0.0,0.0
2021-08-13 00:00:00+05:30,90.11482039346372,90.23054533086646,88.99609694595208,89.57474517822266,10342014,0.0,0.0
2021-08-16 00:00:00+05:30,90.1919685345515,91.31068604887167,88.4945969258937,89.11182403564453,14771886,0.0,0.0
2021-08-17 00:00:00+05:30,89.49759126240313,89.49759126240313,86.95153674265396,87.83879852294922,16025745,0.0,0.0
2021-08-18 00:00:00+05:30,87.87737837062957,88.91894399943386,87.10584740317245,87.3373031616211,10074307,0.0,0.0
2021-08-20 00:00:00+05:30,85.36989752411193,86.21858035933481,83.7111048679,85.022705078125,23878081,0.0,0.0
2021-08-23 00:00:00+05:30,85.13843766496448,86.41146488744407,83.71110660971145,86.21858215332031,16886027,0.0,0.0
2021-08-24 00:00:00+05:30,87.29873014503673,88.88036509653534,86.48862027468108,87.3373031616211,17368602,0.0,0.0
2021-08-25 00:00:00+05:30,87.56876162427136,90.42342374560309,87.41445779091275,89.22755432128906,18637317,0.0,0.0
2021-08-26 00:00:00+05:30,89.18897126778154,89.69046753232176,88.26313653810239,89.15039825439453,8779246,0.0,0.0
2021-08-27 00:00:00+05:30,89.1118076144692,90.26910381725452,88.68746331892277,89.99906921386719,9706825,0.0,0.0
2021-08-30 00:00:00+05:30,90.07624114499717,92.89233037518711,90.07624114499717,92.69944763183594,15933414,0.0,0.0
2021-08-31 00:00:00+05:30,92.58371227152163,93.35524320711765,91.85076023723099,93.008056640625,13376290,0.0,0.0
2021-09-01 00:00:00+05:30,93.97247655639988,94.31966314596977,92.12080101062719,92.35225677490234,10964080,0.0,0.0
2021-09-02 00:00:00+05:30,91.73501985979453,92.69943342878666,91.04064091285753,91.5421371459961,13031666,0.0,0.0
2021-09-03 00:00:00+05:30,92.54512519860259,95.28406213264945,91.65786941006183,94.97544860839844,21326802,0.0,0.0
2021-09-06 00:00:00+05:30,95.5155278429431,95.93986630645888,93.47096977921586,93.85673522949219,12505630,0.0,0.0
2021-09-07 00:00:00+05:30,94.51254178357757,94.70542452191141,92.23652782576397,92.54513549804688,8530847,0.0,0.0
2021-09-08 00:00:00+05:30,93.25038775540834,93.64219610732182,92.07496269966789,93.2112045288086,7801721,1.85,0.0
2021-09-09 00:00:00+05:30,93.3287546446237,97.01175699285781,92.62349836700258,95.71878814697266,27242637,0.0,0.0
2021-09-13 00:00:00+05:30,95.75796273968626,96.69830640991941,94.89598552586347,96.42404174804688,9921031,0.0,0.0
2021-09-14 00:00:00+05:30,96.61994923616298,98.26554324219417,96.2281408547974,97.1292953491211,16593684,0.0,0.0
2021-09-15 00:00:00+05:30,97.36437558527169,102.41870094054339,97.36437558527169,100.65556335449219,42437332,0.0,0.0
2021-09-16 00:00:00+05:30,101.59590445074247,102.84969600389259,99.83277278348265,100.85147094726562,22431820,0.0,0.0
2021-09-17 00:00:00+05:30,100.85147393077298,101.63509068541309,97.75619014135312,100.10704040527344,25968166,0.0,0.0
2021-09-20 00:00:00+05:30,97.99128749731074,101.40001355147838,97.99128749731074,100.69476318359375,29857432,0.0,0.0
2021-09-21 00:00:00+05:30,101.55673771799994,106.57188024062388,101.16492933476235,105.94498443603516,51537119,0.0,0.0
2021-09-22 00:00:00+05:30,105.39645623884134,105.98416882009882,103.79003945866228,104.73037719726562,16424387,0.0,0.0
2021-09-23 00:00:00+05:30,105.63153977726945,108.41338161763797,105.31808590456951,107.94320678710938,18688982,0.0,0.0
2021-09-24 00:00:00+05:30,108.8443552393819,109.62797194220549,105.39644652977482,106.65023803710938,33667173,0.0,0.0
2021-09-27 00:00:00+05:30,108.17829433890958,110.2940571648734,107.74730273655483,109.70634460449219,34196564,0.0,0.0
2021-09-28 00:00:00+05:30,111.11684833096615,112.52736075545774,110.48995259152082,111.43029022216797,46109879,0.0,0.0
2021-09-29 00:00:00+05:30,110.37240493024936,116.60215462384012,109.19698000855145,113.42850494384766,68003697,0.0,0.0
2021-09-30 00:00:00+05:30,113.42853206911714,114.44723630294278,110.76423972561331,113.23262786865234,26714630,0.0,0.0
2021-10-01 00:00:00+05:30,113.78115051574288,117.26824268657141,112.91917925885377,114.60395050048828,42893182,0.0,0.0
2021-10-04 00:00:00+05:30,115.8185633119147,116.36709267046785,115.19166749197828,115.6618423461914,16099471,0.0,0.0
2021-10-05 00:00:00+05:30,117.54249850302556,128.98330647346987,116.75888184633871,128.23886108398438,131238378,0.0,0.0
2021-10-06 00:00:00+05:30,130.08038268061242,135.3697958317819,129.92366171939375,131.72598266601562,101221817,0.0,0.0
2021-10-07 00:00:00+05:30,133.33237063021244,133.33237063021244,124.98685793933662,125.69210815429688,59769140,0.0,0.0
2021-10-08 00:00:00+05:30,128.4347825976379,130.55055742213267,125.77049038781595,126.12311553955078,30561341,0.0,0.0
2021-10-11 00:00:00+05:30,128.31723207415956,130.23709055958597,127.49443216410775,129.2967529296875,18143592,0.0,0.0
2021-10-12 00:00:00+05:30,129.37511541719869,129.96282791250934,127.53361148240883,128.16050720214844,11619888,0.0,0.0
2021-10-13 00:00:00+05:30,128.23888146624813,128.35643115765924,125.14359757177954,125.3786849975586,16690451,0.0,0.0
2021-10-14 00:00:00+05:30,126.16230482445388,126.7500174245678,124.32080056127957,124.6342544555664,14821875,0.0,0.0
2021-10-18 00:00:00+05:30,128.31722414115424,129.68855325411315,126.31899932800593,127.02426147460938,22899876,0.0,0.0
2021-10-19 00:00:00+05:30,128.1213490750923,128.1213490750923,123.81145659856013,124.28163146972656,10331930,0.0,0.0
2021-10-20 00:00:00+05:30,124.79095470474094,124.86932115456207,120.40269656966971,121.38221740722656,17118996,0.0,0.0
2021-10-21 00:00:00+05:30,123.49800247529431,125.61376527277979,121.10796903717227,121.4605941772461,31555789,0.0,0.0
2021-10-22 00:00:00+05:30,123.02783337150055,124.08572079795806,121.06879143883334,123.0670166015625,27317028,0.0,0.0
2021-10-25 00:00:00+05:30,124.59505559436955,127.69033917527412,124.51668914136764,126.4757308959961,34568006,0.0,0.0
2021-10-26 00:00:00+05:30,128.1605169783799,128.47395888363874,125.61376263776444,127.80789184570312,33022684,0.0,0.0
2021-10-27 00:00:00+05:30,127.80791036270281,128.19971877956328,123.0278428941875,123.73309326171875,21652522,0.0,0.0
2021-10-28 00:00:00+05:30,117.5425054302293,122.91028462769322,116.52380132509225,117.69922637939453,24815027,0.0,0.0
2021-10-29 00:00:00+05:30,117.46414751596726,118.99220976327351,114.40804693544044,116.79808044433594,18736450,0.0,0.0
2021-11-01 00:00:00+05:30,117.54249196808796,120.36351655813831,116.28870060427877,120.01087951660156,11444653,0.0,0.0
2021-11-02 00:00:00+05:30,120.63778845214078,121.303867429287,118.60039220841708,119.85417175292969,20609479,0.0,0.0
2021-11-03 00:00:00+05:30,118.48285303397432,120.83370334003351,117.38579434063057,119.10974884033203,11591857,0.0,0.0
2021-11-04 00:00:00+05:30,119.10972729970419,119.7758062154465,118.52201482947538,119.14891052246094,1114216,0.0,0.0
2021-11-08 00:00:00+05:30,119.85416729204618,121.891575416981,118.87464645448935,121.38221740722656,16568525,0.0,0.0
2021-11-09 00:00:00+05:30,122.6360023276351,123.9289649814999,121.4605773851977,122.7535400390625,13601954,0.0,0.0
2021-11-10 00:00:00+05:30,122.79273067547192,124.35996402667652,122.59682650657135,123.57634735107422,13900618,0.0,0.0
2021-11-11 00:00:00+05:30,122.71439600783076,122.91030020838154,119.93255396860087,120.2851791381836,14158749,0.0,0.0
2021-11-12 00:00:00+05:30,120.67699416544929,121.93078590063524,120.12846476519698,121.18634033203125,10552485,0.0,0.0
2021-11-15 00:00:00+05:30,122.59685943029896,127.14183976076771,122.24423422298776,123.65474700927734,45750584,0.0,0.0
2021-11-16 00:00:00+05:30,124.90849273664698,125.1435801296603,122.87109656362844,123.14535522460938,12956283,0.0,0.0
2021-11-17 00:00:00+05:30,123.02783614270206,124.79097392181721,122.71439420923225,123.34127807617188,11420415,0.0,0.0
2021-11-18 00:00:00+05:30,123.02784189996149,123.02784189996149,120.44190397817135,120.91207885742188,18351511,0.0,0.0
2021-11-22 00:00:00+05:30,122.90286820456794,124.89368904444498,118.63681823383087,119.083740234375,21558590,5.5,0.0
2021-11-23 00:00:00+05:30,118.47431710064352,120.01821610386554,116.52411518188653,119.20563507080078,21216047,0.0,0.0
2021-11-24 00:00:00+05:30,121.07458361006152,126.64076909133357,121.07458361006152,124.69056701660156,36294271,0.0,0.0
2021-11-25 00:00:00+05:30,125.13748217594456,126.76264428212565,123.95924212876383,126.03132629394531,11554142,0.0,0.0
2021-11-26 00:00:00+05:30,123.7154652566412,123.7154652566412,118.83997894110854,119.53067779541016,23135841,0.0,0.0
2021-11-29 00:00:00+05:30,117.82425163637535,118.67746421423242,115.30524543489311,117.09293365478516,18736522,0.0,0.0
2021-11-30 00:00:00+05:30,116.48351515421207,120.0588673264992,114.65520752995066,115.46778869628906,22980651,0.0,0.0
2021-12-01 00:00:00+05:30,115.7115275741756,116.72725380779373,113.47692986021573,115.58964538574219,14278744,0.0,0.0
2021-12-02 00:00:00+05:30,114.16763925552368,117.53984570453758,114.08637618969078,117.01167297363281,8561767,0.0,0.0
2021-12-03 00:00:00+05:30,117.01167344474865,119.3275344412772,116.32097457939716,118.55557250976562,10690334,0.0,0.0
2021-12-06 00:00:00+05:30,118.47431093788465,118.51494246722486,115.99593643615589,116.48348999023438,7749262,0.0,0.0
2021-12-07 00:00:00+05:30,117.82425451033718,118.83998084232284,117.41796397754291,118.55557250976562,10253663,0.0,0.0
2021-12-08 00:00:00+05:30,119.44940482494447,122.17155608497761,119.2868911077041,120.5870132446289,12266948,0.0,0.0
2021-12-09 00:00:00+05:30,121.48087002536055,121.8058974939208,118.92124461319,119.73382568359375,7989291,0.0,0.0
2021-12-10 00:00:00+05:30,118.83998154519048,120.2619984183808,118.27117727571498,119.8963394165039,10324085,0.0,0.0
2021-12-13 00:00:00+05:30,121.03393434327057,122.29343734053154,118.10865025824695,118.59619140625,13595587,0.0,0.0
2021-12-14 00:00:00+05:30,117.21480653381582,119.81506319376042,116.97102975966438,119.3681411743164,12331999,0.0,0.0
2021-12-15 00:00:00+05:30,118.88060923159489,120.01821773373345,116.6866428923261,116.97103881835938,10361033,0.0,0.0
2021-12-16 00:00:00+05:30,118.06803393232606,118.83998348198098,117.45859811959795,118.1086654663086,12156709,0.0,0.0
2021-12-17 00:00:00+05:30,117.17417190912022,117.90550221225222,112.54246291862337,113.2737808227539,17667617,0.0,0.0
2021-12-20 00:00:00+05:30,111.72989019707067,111.85177239041198,106.97628627272162,108.88585662841797,17238729,0.0,0.0
2021-12-21 00:00:00+05:30,109.73908512209591,111.20173364970223,108.72335870000877,110.55166625976562,8615570,0.0,0.0
2021-12-22 00:00:00+05:30,111.64862821320645,112.09555025810917,109.94221549494496,111.16108703613281,4968143,0.0,0.0
2021-12-23 00:00:00+05:30,112.54247854103822,114.5739312222844,111.44548913356401,114.16764068603516,6324169,0.0,0.0
2021-12-24 00:00:00+05:30,115.02084746471579,115.06147899608285,111.48611501882455,112.54247283935547,5657495,0.0,0.0
2021-12-27 00:00:00+05:30,110.95794962006931,112.17682124738828,110.51102754358503,111.60801696777344,4404298,0.0,0.0
2021-12-28 00:00:00+05:30,113.0706560451247,114.16764549884317,112.5424832853365,113.35506439208984,8738089,0.0,0.0
2021-12-29 00:00:00+05:30,113.92387352742757,114.45205870866106,111.68927538891204,112.86751556396484,6571286,0.0,0.0
2021-12-30 00:00:00+05:30,112.74562380916284,114.73644495698345,112.54247854103822,114.16764068603516,11556524,0.0,0.0
2021-12-31 00:00:00+05:30,114.12700207940587,116.15845463474952,113.3144210572684,115.71153259277344,6393760,0.0,0.0
2022-01-03 00:00:00+05:30,115.670911350852,116.56474301949689,114.73643575303875,116.23971557617188,3765911,0.0,0.0
2022-01-04 00:00:00+05:30,116.28034389673628,120.74953931360733,116.28034389673628,120.09947204589844,16351836,0.0,0.0
2022-01-05 00:00:00+05:30,120.66829740845185,122.78101329911053,119.77445320878763,122.17157745361328,12977680,0.0,0.0
2022-01-06 00:00:00+05:30,122.37469484849767,123.02474968302259,120.54638772864362,122.5372085571289,9012777,0.0,0.0
2022-01-07 00:00:00+05:30,123.10603255072249,127.98151898837486,122.98415034938245,127.61585998535156,30889365,0.0,0.0
2022-01-10 00:00:00+05:30,128.59093238183763,129.52539549325846,127.08765269928999,128.6721954345703,16418985,0.0,0.0
2022-01-11 00:00:00+05:30,129.03785282876143,131.35370101590084,128.06275820265006,130.78489685058594,14457548,0.0,0.0
2022-01-12 00:00:00+05:30,132.20692530657988,134.6446682897338,131.15056753407947,134.0352325439453,21220614,0.0,0.0
2022-01-13 00:00:00+05:30,134.0352372730546,134.4821593155351,132.49133828885184,133.22265625,7445346,0.0,0.0
2022-01-14 00:00:00+05:30,132.41007945340507,132.6944877801533,130.17548156867775,130.86618041992188,11646259,0.0,0.0
2022-01-17 00:00:00+05:30,132.0444195891747,136.6761290580406,131.88190586025013,134.76657104492188,32577835,0.0,0.0
2022-01-18 00:00:00+05:30,136.75738620615584,136.83863686760202,132.77573182522664,133.1414031982422,11175409,0.0,0.0
2022-01-19 00:00:00+05:30,134.3196601828139,138.9513700375998,133.99462029887923,138.34193420410156,36648534,0.0,0.0
2022-01-20 00:00:00+05:30,138.87012178939716,138.87012178939716,135.29476947752116,135.5791778564453,14474454,0.0,0.0
2022-01-21 00:00:00+05:30,134.31964798730144,135.21347968920807,131.88190487464263,132.9788818359375,8625926,0.0,0.0
2022-01-24 00:00:00+05:30,134.23837808103607,136.7573841286429,133.06013811644658,134.64466857910156,28783449,0.0,0.0
2022-01-25 00:00:00+05:30,132.45070962842098,135.45725699908155,132.45070962842098,134.19775390625,14249846,0.0,0.0
2022-01-27 00:00:00+05:30,134.1571274208242,137.12304309710143,133.6695738635448,134.64466857910156,25936832,0.0,0.0
2022-01-28 00:00:00+05:30,136.1479395918955,141.95788837954348,135.0915818853228,137.16366577148438,32790065,0.0,0.0
2022-01-31 00:00:00+05:30,139.4388991341559,142.07978728140125,137.77310566917004,140.25148010253906,24031034,0.0,0.0
2022-02-01 00:00:00+05:30,141.38909537917087,142.12041332670364,136.9198998355764,138.9107208251953,14220953,0.0,0.0
2022-02-02 00:00:00+05:30,138.58567844547974,141.4297116667045,138.54504691966207,139.1951141357422,12478192,0.0,0.0
2022-02-03 00:00:00+05:30,138.13876752711053,139.15449375892752,134.88844358529616,136.10731506347656,12529302,0.0,0.0
2022-02-04 00:00:00+05:30,138.13876338675288,140.33272950191866,137.36681395350956,137.81373596191406,17434362,0.0,0.0
2022-02-07 00:00:00+05:30,138.70756357408555,140.82027897153077,137.48869216763666,139.84518432617188,11723574,0.0,0.0
2022-02-08 00:00:00+05:30,139.76395278960737,140.5765339104772,135.29475662482344,135.66041564941406,13231599,0.0,0.0
2022-02-09 00:00:00+05:30,136.43234881126517,137.81374646965992,132.53196981980506,133.22265625,17938632,0.0,0.0
2022-02-10 00:00:00+05:30,134.76658209480772,138.4638162272489,134.1977653984287,137.407470703125,26763203,0.0,0.0
2022-02-11 00:00:00+05:30,136.47298431733094,138.5450684662752,135.78229786701806,136.635498046875,12884995,0.0,0.0
2022-02-14 00:00:00+05:30,137.2449461576457,143.29868541861018,134.2383984945583,135.0509796142578,44604164,0.0,0.0
2022-02-15 00:00:00+05:30,138.13875022379247,138.13875022379247,127.08764524628896,133.38514709472656,31146458,0.0,0.0
2022-02-16 00:00:00+05:30,133.66957009143414,137.24492141391437,133.66957009143414,136.9605255126953,15960268,0.0,0.0
2022-02-17 00:00:00+05:30,136.96054919044118,140.08897903870408,136.91991765495646,139.56080627441406,24640791,0.0,0.0
2022-02-18 00:00:00+05:30,139.11387782040217,139.56079989228877,135.45726297606274,136.43235778808594,11829998,0.0,0.0
2022-02-21 00:00:00+05:30,137.45878372414856,137.58196219955593,133.8868334700939,134.17422485351562,14222260,1.75,0.0
2022-02-22 00:00:00+05:30,136.7197446051461,136.7197446051461,134.05104088162224,135.4469757080078,29399172,0.0,0.0
2022-02-23 00:00:00+05:30,136.5144675627096,136.63763349904775,131.0949408310881,131.99819946289062,21301826,0.0,0.0
2022-02-24 00:00:00+05:30,131.99820858984629,133.3530841016355,128.0977949612194,128.63153076171875,28766189,0.0,0.0
2022-02-25 00:00:00+05:30,130.88963701601395,131.71077655194776,128.75468174034296,130.9717559814453,20225258,0.0,0.0
2022-02-28 00:00:00+05:30,131.7929259719322,132.90146961344178,127.9335717671472,131.9160919189453,20210070,0.0,0.0
2022-03-02 00:00:00+05:30,136.02177729622483,138.23886436325725,132.9425036248983,133.80470275878906,41103406,0.0,0.0
2022-03-03 00:00:00+05:30,138.1978236351041,141.07181278514656,133.76366142870816,139.84010314941406,42345653,0.0,0.0
2022-03-04 00:00:00+05:30,139.6758455148787,140.4148661141677,134.54372321538426,135.6933135986328,32658756,0.0,0.0
2022-03-07 00:00:00+05:30,137.21245361289917,155.85232293967894,137.21245361289917,153.51206970214844,132538155,0.0,0.0
2022-03-08 00:00:00+05:30,156.01654969398078,160.08118887745698,145.99864743007635,147.06613159179688,73127816,0.0,0.0
2022-03-09 00:00:00+05:30,150.26854364857667,150.9254578207191,142.7551214779861,144.0278778076172,51977091,0.0,0.0
2022-03-10 00:00:00+05:30,138.15673858645243,145.25959116018797,135.48803486932928,143.1656951904297,62112814,0.0,0.0
2022-03-11 00:00:00+05:30,141.64660161923806,144.84904151357304,140.98968733769306,144.2742462158203,26187452,0.0,0.0
2022-03-14 00:00:00+05:30,142.87829730391059,144.11000676342707,140.0864275408452,141.07179260253906,20214021,0.0,0.0
2022-03-15 00:00:00+05:30,138.19779655559714,139.18316156518367,132.73721072274537,134.46160888671875,42333127,0.0,0.0
2022-03-16 00:00:00+05:30,136.309194318623,137.82830782136247,132.9014694724966,137.37667846679688,25545119,0.0,0.0
2022-03-17 00:00:00+05:30,136.8018885538603,140.82546835208038,135.1596090395503,139.84010314941406,66314748,0.0,0.0
2022-03-21 00:00:00+05:30,140.9896788564362,143.6994422738045,139.84008833008457,141.68765258789062,20614652,0.0,0.0
2022-03-22 00:00:00+05:30,144.6848245522927,148.83158288479567,142.71409412179548,144.0689697265625,39742745,0.0,0.0
2022-03-23 00:00:00+05:30,144.9311440650351,145.9165091108328,143.57626869326285,144.19212341308594,10994784,0.0,0.0
2022-03-24 00:00:00+05:30,146.90187739565005,148.13358686245405,144.93114726060233,145.7112274169922,20332589,0.0,0.0
2022-03-25 00:00:00+05:30,146.57342832088486,147.1892830617289,143.78155850756386,144.35635375976562,13608989,0.0,0.0
2022-03-28 00:00:00+05:30,144.11000967875296,146.0807398420083,143.41203595906845,144.8079833984375,15253027,0.0,0.0
2022-03-29 00:00:00+05:30,143.6583857322847,143.86367065403118,140.04537612138512,140.41488647460938,14210783,0.0,0.0
2022-03-30 00:00:00+05:30,133.84578271559727,135.36489630427016,132.32666912692437,133.02464294433594,95239532,0.0,0.0
2022-03-31 00:00:00+05:30,132.90146671358045,135.6933367081419,132.32665889446696,134.5847930908203,33523683,0.0,0.0
2022-04-01 00:00:00+05:30,134.58478233405964,138.15674478918476,134.2973909770704,137.910400390625,28335224,0.0,0.0
2022-04-04 00:00:00+05:30,137.08926455012408,138.8136628582653,135.7754486040328,137.99252319335938,17745513,0.0,0.0
2022-04-05 00:00:00+05:30,139.79904066749054,141.8518900164992,139.01896042078687,141.1128692626953,20054934,0.0,0.0
2022-04-06 00:00:00+05:30,140.08640935155051,142.46770898558106,139.8400649857141,141.89291381835938,12969222,0.0,0.0
2022-04-07 00:00:00+05:30,140.0864544846907,142.71409933113387,138.11571145265907,138.6494598388672,24550313,0.0,0.0
2022-04-08 00:00:00+05:30,138.77260332093405,140.66122705548153,138.52625891562838,140.332763671875,9529874,0.0,0.0
2022-04-11 00:00:00+05:30,140.41489138406934,141.8518858865379,139.22424130222925,140.57911682128906,9724979,0.0,0.0
2022-04-12 00:00:00+05:30,140.41487366101637,141.4002386895604,138.1156802413495,138.6904754638672,13184429,0.0,0.0
2022-04-13 00:00:00+05:30,140.74334958192748,143.5762917721668,140.16855425695078,143.08360290527344,23458303,0.0,0.0
2022-04-18 00:00:00+05:30,144.520579184738,146.98399814811424,143.78155850756386,144.35635375976562,23916912,0.0,0.0
2022-04-19 00:00:00+05:30,145.58806799631702,147.64091719950932,144.5205839047376,145.4648895263672,17880666,0.0,0.0
2022-04-20 00:00:00+05:30,145.25960642548856,145.62912931036936,143.53522059096665,144.11001586914062,10076403,0.0,0.0
2022-04-21 00:00:00+05:30,144.27423380546125,145.09537345435928,142.7961799315255,143.00146484375,12246720,0.0,0.0
2022-04-22 00:00:00+05:30,143.00147710328162,144.76693501752325,142.6319667355187,142.87831115722656,10267952,0.0,0.0
2022-04-25 00:00:00+05:30,140.4148943595275,142.0571738257208,138.19781958608613,139.3063507080078,12583497,0.0,0.0
2022-04-26 00:00:00+05:30,140.49701666545977,140.98969299920387,136.06285448417333,137.0892791748047,20086229,0.0,0.0
2022-04-27 00:00:00+05:30,137.9103934080392,138.69047352265147,134.13315876322335,135.3648681640625,13981957,0.0,0.0
2022-04-28 00:00:00+05:30,136.30920250329316,136.30920250329316,133.39415379926086,135.32383728027344,13030499,0.0,0.0
2022-04-29 00:00:00+05:30,136.71977506766126,137.49985536242784,130.9717965362881,131.7518768310547,15964743,0.0,0.0
2022-05-02 00:00:00+05:30,129.8632496931082,130.76650845250023,128.0156852094779,128.3852081298828,23405519,0.0,0.0
2022-05-04 00:00:00+05:30,130.56120039318304,133.68153347453685,129.6990012808937,133.2299041748047,23661920,0.0,0.0
2022-05-05 00:00:00+05:30,134.8311199059413,138.27990372237176,134.17420571957456,135.3648681640625,26878516,0.0,0.0
2022-05-06 00:00:00+05:30,134.58480042374453,137.45878955751232,132.2856191404089,137.0892791748047,16768573,0.0,0.0
2022-05-09 00:00:00+05:30,135.6933304550796,137.37666928434493,133.64048128026752,135.2827606201172,9952775,0.0,0.0
2022-05-10 00:00:00+05:30,131.75185786850133,132.73722296899706,125.55225083888685,126.82501983642578,22602956,0.0,0.0
2022-05-11 00:00:00+05:30,126.45551004857606,131.38234810241667,126.25022512966603,130.23275756835938,15084514,0.0,0.0
2022-05-12 00:00:00+05:30,130.5612110467003,132.20349043093552,126.45551258611222,128.50836181640625,21459069,0.0,0.0
2022-05-13 00:00:00+05:30,131.38236278791337,131.6287072240604,125.59332492165125,126.08601379394531,12934346,0.0,0.0
2022-05-16 00:00:00+05:30,126.61971705841319,128.30305565451954,124.64898713539789,126.044921875,13205775,0.0,0.0
2022-05-17 00:00:00+05:30,128.09778943487578,134.4205624331137,127.72827908665614,133.96893310546875,17843200,0.0,0.0
2022-05-18 00:00:00+05:30,133.02461424106923,135.0774632262709,131.54656046580484,134.00997924804688,12616832,0.0,0.0
2022-05-19 00:00:00+05:30,130.19170465244972,133.06569366230687,129.57584986462317,131.38235473632812,8932407,0.0,0.0
2022-05-20 00:00:00+05:30,132.7372352046753,134.50269318,131.4644786194111,132.94252014160156,7235654,0.0,0.0
2022-05-23 00:00:00+05:30,132.81934626224614,134.8311360181041,126.98924938974596,127.35877227783203,18029557,0.0,0.0
2022-05-24 00:00:00+05:30,129.24738192169434,129.5347858244274,123.29411918174442,123.7046890258789,19141394,0.0,0.0
2022-05-25 00:00:00+05:30,125.55227063747384,125.83967457983837,121.20023971320433,125.30593872070312,19366472,0.0,0.0
2022-05-26 00:00:00+05:30,125.47015818173742,125.88072806287556,121.61080380495852,124.73112487792969,12824105,0.0,0.0
2022-05-27 00:00:00+05:30,127.2766574381767,127.6872273008805,115.86282026685032,118.07989501953125,52469252,0.0,0.0
2022-05-30 00:00:00+05:30,119.59897974377887,120.95386762437055,115.90385148150439,118.28516387939453,40261336,0.0,0.0
2022-05-31 00:00:00+05:30,119.39369312341148,125.63435911068247,119.39369312341148,124.1973648071289,57675204,0.0,0.0
2022-06-01 00:00:00+05:30,124.15632546419987,125.55226050820886,122.1445356187518,122.9656753540039,22780094,0.0,0.0
2022-06-02 00:00:00+05:30,121.36444483244986,125.55224960065453,119.88639093148477,125.1827392578125,25429955,0.0,0.0
2022-06-03 00:00:00+05:30,126.41444232279078,126.6197272283262,124.11524887487484,124.48477172851562,16747177,0.0,0.0
2022-06-06 00:00:00+05:30,125.71649797411285,128.09779818494246,125.47015354860683,126.41445922851562,30327268,0.0,0.0
2022-06-07 00:00:00+05:30,127.11242164188258,133.80470484682743,126.6197328349432,132.90145874023438,61411715,0.0,0.0
2022-06-08 00:00:00+05:30,134.25634383712054,136.63764400649032,133.10675324423812,134.17422485351562,45994327,0.0,0.0
2022-06-09 00:00:00+05:30,136.30917707153841,137.41772057160932,135.0774676401691,135.93966674804688,31122996,0.0,0.0
2022-06-10 00:00:00+05:30,134.6669020588662,136.84291711078362,134.13316630034961,135.2006378173828,17812698,0.0,0.0
2022-06-13 00:00:00+05:30,133.02462226249153,134.62584206158368,130.10957402180773,131.01283264160156,12237777,0.0,0.0
2022-06-14 00:00:00+05:30,131.01285568525168,131.83399547327633,127.52301158614695,128.05674743652344,12844437,0.0,0.0
2022-06-15 00:00:00+05:30,128.8778690692936,129.1242134769178,123.82786509618462,124.32054138183594,16223385,0.0,0.0
2022-06-16 00:00:00+05:30,122.47297002306111,124.4437126402742,117.09451550447471,117.87459564208984,25130676,0.0,0.0
2022-06-17 00:00:00+05:30,116.97133953238526,119.188414060537,115.49328567041857,116.15019989013672,22922034,0.0,0.0
2022-06-20 00:00:00+05:30,113.80996458512863,114.0562964652892,106.74815832992546,110.36116790771484,28656582,0.0,0.0
2022-06-21 00:00:00+05:30,111.75713115123008,115.12379679417243,110.8538723645681,114.22055053710938,20581784,0.0,0.0
2022-06-22 00:00:00+05:30,112.45507579933104,112.45507579933104,107.56929724708148,110.7306900024414,31824106,0.0,0.0
2022-06-23 00:00:00+05:30,110.03271436758716,112.00344453845148,108.5546604746405,110.68962860107422,26829020,0.0,0.0
2022-06-24 00:00:00+05:30,112.49614253163685,115.78070143767003,111.01808851800233,112.7835464477539,25461812,0.0,0.0
2022-06-27 00:00:00+05:30,114.95955935636594,117.09452761339465,112.70142515472304,116.19126892089844,24188349,0.0,0.0
2022-06-28 00:00:00+05:30,117.25875461390049,124.60795260774584,116.72500627772314,122.63722229003906,54387675,0.0,0.0
2022-06-29 00:00:00+05:30,122.63722873271924,129.24739380748764,120.05063095904606,126.57868957519531,165860322,0.0,0.0
2022-06-30 00:00:00+05:30,125.63438336219129,126.82503350905054,122.55510926017679,124.44373321533203,38725546,0.0,0.0
2022-07-01 00:00:00+05:30,122.30876334508588,124.11526829047345,106.74816757724551,107.61036682128906,125788305,0.0,0.0
2022-07-04 00:00:00+05:30,106.70710727234837,106.70710727234837,101.90344102086132,103.46360778808594,85993413,0.0,0.0
2022-07-05 00:00:00+05:30,104.28474019905772,105.59856870946744,103.46360051245097,104.61319732666016,44595740,0.0,0.0
2022-07-06 00:00:00+05:30,101.00016444673042,101.41073422090412,98.41357361647658,99.31682586669922,59092334,0.0,0.0
2022-07-07 00:00:00+05:30,99.56319453745235,101.9445010618234,99.56319453745235,101.41075897216797,36229792,0.0,0.0
2022-07-08 00:00:00+05:30,103.75099694499613,103.75099694499613,99.35790092562452,99.76847076416016,42778692,0.0,0.0
2022-07-11 00:00:00+05:30,99.76846574882111,103.38148139926894,99.39895541863368,103.05302429199219,31521678,0.0,0.0
2022-07-12 00:00:00+05:30,102.56034901441483,104.07945619507151,101.41075219006967,101.90343475341797,25216226,0.0,0.0
2022-07-13 00:00:00+05:30,100.5485546311662,102.56035067249431,99.6863616975674,102.19083404541016,27166975,0.0,0.0
2022-07-14 00:00:00+05:30,102.14977158808597,108.88312033690089,101.6570890612942,104.40790557861328,38464081,0.0,0.0
2022-07-15 00:00:00+05:30,104.77742270901761,105.43433069911636,102.31400365035044,103.91522979736328,18088858,0.0,0.0
2022-07-18 00:00:00+05:30,104.32579796284088,107.3229527575173,104.24367898370026,106.6660385131836,21010247,0.0,0.0
2022-07-19 00:00:00+05:30,107.15872746353534,109.37580207755114,102.19082992961295,105.02376556396484,33778758,0.0,0.0
2022-07-20 00:00:00+05:30,110.85385355499847,112.16768201637791,108.55466001238284,108.8420639038086,60317150,0.0,0.0
2022-07-21 00:00:00+05:30,109.21156694114143,109.62213674167204,108.22620192578717,109.29368591308594,20853780,0.0,0.0
2022-07-22 00:00:00+05:30,109.8684769023156,109.8684769023156,108.02091287098607,108.75993347167969,11630255,0.0,0.0
2022-07-25 00:00:00+05:30,108.39043572540905,108.75994606855356,105.43432792105912,106.58393096923828,21705935,0.0,0.0
2022-07-26 00:00:00+05:30,107.44613889045802,108.0619936891509,104.90060071068824,105.27011108398438,22172845,0.0,0.0
2022-07-27 00:00:00+05:30,106.0091339735173,106.91238007200904,104.94164992112094,105.59856414794922,20187969,0.0,0.0
2022-07-28 00:00:00+05:30,107.07660373898612,107.15872271459071,105.31115852985639,106.95343780517578,25736737,0.0,0.0
2022-07-29 00:00:00+05:30,107.11767687784594,110.44329534010323,106.66604751365823,110.15589141845703,19738642,0.0,0.0
2022-08-01 00:00:00+05:30,110.11483099879237,114.13841023256204,109.37579780326963,113.64572143554688,20592826,0.0,0.0
2022-08-02 00:00:00+05:30,112.24978637695312,112.53719026303466,110.52540064925363,112.24978637695312,15037928,0.0,0.0
2022-08-03 00:00:00+05:30,111.67500003937026,113.68678981357176,109.86849519171173,111.3875961303711,15853543,0.0,0.0
2022-08-04 00:00:00+05:30,110.32012670978116,112.61930790868749,110.03272279511897,111.88028717041016,14311959,0.0,0.0
2022-08-05 00:00:00+05:30,110.93598824908152,113.7278584630498,109.70427859063693,112.08557891845703,66480753,0.0,0.0
2022-08-08 00:00:00+05:30,111.92135346991746,112.90671869075341,110.89492875454698,112.08557891845703,12451233,0.0,0.0
2022-08-10 00:00:00+05:30,112.00344778518946,112.29085168617029,109.58108822548402,109.86849212646484,15829467,0.0,0.0
2022-08-11 00:00:00+05:30,110.44329064855712,111.67500020969344,108.4315008712873,109.04735565185547,19479706,0.0,0.0
2022-08-12 00:00:00+05:30,109.95061461887795,114.71322798258836,109.62216370949064,114.30265808105469,40876891,0.0,0.0
2022-08-16 00:00:00+05:30,114.54899243471512,116.51972277659148,111.75712236212397,114.91850280761719,31230003,0.0,0.0
2022-08-17 00:00:00+05:30,114.91849406459522,115.61646779444001,113.8920694792923,114.67214965820312,15694770,0.0,0.0
2022-08-18 00:00:00+05:30,116.22746624182957,116.26950405745467,113.24296092641133,113.95756530761719,42597708,3.25,0.0
2022-08-19 00:00:00+05:30,115.59693675288902,116.43764174745549,112.69650708726276,113.15889739990234,35382493,0.0,0.0
2022-08-22 00:00:00+05:30,113.07480725800126,113.07480725800126,109.12349685624899,110.88896942138672,31231393,0.0,0.0
2022-08-23 00:00:00+05:30,110.88897330565116,112.82259717836679,109.37571471913708,112.44428253173828,24268146,0.0,0.0
2022-08-24 00:00:00+05:30,113.24295743300772,115.51285829719649,113.07481900383445,114.33587646484375,22730039,0.0,0.0
2022-08-25 00:00:00+05:30,115.17657821188004,116.14338377364368,114.46197387274032,114.79826354980469,14620592,0.0,0.0
2022-08-26 00:00:00+05:30,114.75622360977518,116.22745724579794,114.41994676708283,114.88232421875,12105053,0.0,0.0
2022-08-29 00:00:00+05:30,112.82259711671092,114.84029661119202,112.44428247028915,114.25179290771484,9198908,0.0,0.0
2022-08-30 00:00:00+05:30,115.93319433721932,117.57257906647033,115.63895533494357,116.52169799804688,21720398,0.0,0.0
2022-09-01 00:00:00+05:30,113.49516448170696,114.54604563431536,112.78056016667762,113.24295043945312,20349294,0.0,0.0
2022-09-02 00:00:00+05:30,113.24294866693755,114.12569138693944,111.22526201676654,111.60357666015625,17495310,0.0,0.0
2022-09-05 00:00:00+05:30,111.72968718108204,112.57039216462108,111.51951093519729,112.15003967285156,14865879,0.0,0.0
2022-09-06 00:00:00+05:30,112.73853880443312,112.7805637893761,110.72083922972969,111.05712890625,10870488,0.0,0.0
2022-09-07 00:00:00+05:30,110.13234471734965,111.77171674865949,109.3336776075463,111.39340209960938,12042788,0.0,0.0
2022-09-08 00:00:00+05:30,110.6787954730087,112.78055773286941,110.55269486867259,110.8469467163086,14629497,0.0,0.0
2022-09-09 00:00:00+05:30,111.3933997367745,112.82259550739215,110.93100947412617,112.65445709228516,12327341,0.0,0.0
2022-09-12 00:00:00+05:30,113.49516199595892,113.83143882617291,112.31818026207117,112.65445709228516,13500202,0.0,0.0
2022-09-13 00:00:00+05:30,112.82260284708302,113.62126999190275,112.23411194185478,112.57038879394531,10846178,0.0,0.0
2022-09-14 00:00:00+05:30,111.35136674175254,112.73853758969072,110.97305208436552,111.98189544677734,8597956,0.0,0.0
2022-09-15 00:00:00+05:30,112.3181983250082,112.99075209359583,110.97306513155124,111.47749328613281,10810473,0.0,0.0
2022-09-16 00:00:00+05:30,110.21642105968758,110.97305036272321,109.29164050874256,110.34252166748047,20909579,0.0,0.0
2022-09-19 00:00:00+05:30,111.05713121349908,112.9487173882534,109.03943159687728,109.75403594970703,19411428,0.0,0.0
2022-09-20 00:00:00+05:30,110.46862398908995,112.31818511967418,110.38456119197025,111.98189544677734,13080582,0.0,0.0
2022-09-21 00:00:00+05:30,111.1411901634947,111.98189510093133,109.33367967926166,110.04827117919922,11156865,0.0,0.0
2022-09-22 00:00:00+05:30,109.62791851335693,110.00624599703458,107.69430742324099,108.15668487548828,11366882,0.0,0.0
2022-09-23 00:00:00+05:30,107.8204026967476,108.53500698817645,107.1898740260064,108.11465454101562,10407849,0.0,0.0
2022-09-26 00:00:00+05:30,107.0217379664766,108.28279533569321,103.11245883909126,103.78501892089844,12848954,0.0,0.0
2022-09-27 00:00:00+05:30,104.54166320650698,107.5261684575961,104.12131071559698,104.625732421875,14465123,0.0,0.0
2022-09-28 00:00:00+05:30,104.20537071626437,104.20537071626437,102.14564625857116,103.02838897705078,15267018,0.0,0.0
2022-09-29 00:00:00+05:30,103.82706638669531,107.7783772786986,103.82706638669531,106.47528839111328,20597761,0.0,0.0
2022-09-30 00:00:00+05:30,105.50847560729798,111.30933487198106,105.50847560729798,106.60139465332031,33530494,0.0,0.0
2022-10-03 00:00:00+05:30,110.72083529405725,113.49516409307124,109.79606757981193,111.309326171875,50966493,0.0,0.0
2022-10-04 00:00:00+05:30,113.41109375231126,113.4951693794037,110.80491607826058,112.57038879394531,14137567,0.0,0.0
2022-10-06 00:00:00+05:30,114.75621975417992,114.7982575651389,111.30932450576587,111.51950073242188,14570735,0.0,0.0
2022-10-07 00:00:00+05:30,111.0150927620867,112.86464111226496,110.30048841336024,112.69650268554688,13532236,0.0,0.0
2022-10-10 00:00:00+05:30,111.81375717535252,112.65446211652058,111.1411906567902,112.02393341064453,10183057,0.0,0.0
2022-10-11 00:00:00+05:30,112.02392577431658,112.23410199528152,109.50181112273722,110.21641540527344,13176461,0.0,0.0
2022-10-12 00:00:00+05:30,110.21642897776249,110.97305833515524,108.53501900298741,110.42660522460938,9401804,0.0,0.0
2022-10-13 00:00:00+05:30,110.30048658517971,110.84695249813065,107.3159878689465,109.16554260253906,13320136,0.0,0.0
2022-10-14 00:00:00+05:30,110.97306745969321,111.6456340705317,106.81157999558293,107.27396392822266,13205955,0.0,0.0
2022-10-17 00:00:00+05:30,106.76953396578902,107.77837739038893,105.92882897393243,107.44210052490234,9320940,0.0,0.0
2022-10-18 00:00:00+05:30,107.98855421965446,108.53502016418696,107.2739562555437,108.19873046875,6490293,0.0,0.0
2022-10-19 00:00:00+05:30,108.19872988631724,108.19872988631724,107.10581724534569,107.44210052490234,7381712,0.0,0.0
2022-10-20 00:00:00+05:30,106.76953001283574,110.1323498557597,105.76068662558649,108.95536804199219,18748363,0.0,0.0
2022-10-21 00:00:00+05:30,108.74518594355207,112.15003058857704,108.24075786303187,110.59473419189453,11945173,0.0,0.0
2022-10-24 00:00:00+05:30,111.81376068129573,112.65446564882427,111.3093325695227,111.64562225341797,2154912,0.0,0.0
2022-10-25 00:00:00+05:30,111.35136840009997,111.7296830631212,109.16554322034426,109.92217254638672,10232002,0.0,0.0
2022-10-27 00:00:00+05:30,109.92217360750529,111.14119323484778,109.54385894083205,110.80491638183594,13865026,0.0,0.0
2022-10-28 00:00:00+05:30,111.05713947696522,113.99960707885758,110.80492540260344,112.40225982666016,22918037,0.0,0.0
2022-10-31 00:00:00+05:30,112.9907417252686,113.66330826028062,111.64562148338426,112.69650268554688,8753855,0.0,0.0
2022-11-01 00:00:00+05:30,112.73853928825143,114.08365951568682,112.73853928825143,113.62126922607422,11630848,0.0,0.0
2022-11-02 00:00:00+05:30,114.20977994585542,117.02613401289399,113.78942744377738,114.71419525146484,21117499,0.0,0.0
2022-11-03 00:00:00+05:30,114.67214965820311,114.92436370797205,113.70534410025158,114.67214965820312,7561534,0.0,0.0
2022-11-04 00:00:00+05:30,114.6721419623577,116.35355174378897,114.37790294749038,115.89117431640625,7498344,0.0,0.0
2022-11-07 00:00:00+05:30,116.47966766357422,116.85798230685353,114.96639626231813,116.47966766357422,9987481,0.0,0.0
2022-11-09 00:00:00+05:30,116.81596530386173,116.8580031224117,115.17659300554246,116.56375122070312,12033732,0.0,0.0
2022-11-10 00:00:00+05:30,115.59693940455266,118.41330633221067,115.51286377191134,117.57260131835938,15908521,0.0,0.0
2022-11-11 00:00:00+05:30,118.20310927637685,118.79160011687713,117.0261147672381,118.07699584960938,18492513,0.0,0.0
2022-11-14 00:00:00+05:30,118.20312549609062,118.53940235733772,116.52171553357519,117.06816864013672,12743505,0.0,0.0
2022-11-15 00:00:00+05:30,117.69868528949893,120.51505181875311,117.69868528949893,119.67434692382812,24636519,0.0,0.0
2022-11-16 00:00:00+05:30,120.05267883347976,120.47303134142042,118.70754567681347,120.1367416381836,11460200,0.0,0.0
2022-11-17 00:00:00+05:30,119.33806534344377,120.89337463554342,119.1278891054919,120.38894653320312,13368536,0.0,0.0
2022-11-18 00:00:00+05:30,120.34688821696795,120.4309638290809,117.86681159728451,119.16990661621094,19958908,0.0,0.0
2022-11-21 00:00:00+05:30,120.05265606012763,120.36162048927694,118.64026648336684,119.56714630126953,16348881,6.75,0.0
2022-11-22 00:00:00+05:30,119.12579625664243,119.96439681581202,117.31617601661488,119.34648132324219,11198874,0.0,0.0
2022-11-23 00:00:00+05:30,119.65544091794733,120.62644708960492,118.77270068759663,120.4940414428711,9010911,0.0,0.0
2022-11-24 00:00:00+05:30,120.4940406740566,123.58363146057088,119.61130044933824,123.0981216430664,11803087,0.0,0.0
2022-11-25 00:00:00+05:30,122.70089511713331,124.73120039211764,121.59746980133175,124.06914520263672,9789098,0.0,0.0
2022-11-28 00:00:00+05:30,123.14226563058473,124.6429213708831,122.74503520955683,123.23054504394531,8925344,0.0,0.0
2022-11-29 00:00:00+05:30,123.62776069419289,124.55464054554794,123.14225091781208,123.80430603027344,13558920,0.0,0.0
2022-11-30 00:00:00+05:30,123.23053148618617,125.17255714053208,123.23053148618617,124.55464172363281,17720938,0.0,0.0
2022-12-01 00:00:00+05:30,124.8636003800529,125.34911019089883,123.40708441706185,123.62776947021484,27727625,0.0,0.0
2022-12-02 00:00:00+05:30,125.21671155875944,127.82079263787973,124.06914652419276,124.37809753417969,24518337,0.0,0.0
2022-12-05 00:00:00+05:30,124.90773265009341,127.07044334835899,124.11327189384757,126.8938980102539,18440387,0.0,0.0
2022-12-06 00:00:00+05:30,126.0994420498103,126.36425333226626,124.598772944979,125.746337890625,10977472,0.0,0.0
2022-12-07 00:00:00+05:30,124.28982114848516,125.12842163306912,123.67190571087309,124.15740203857422,9731670,0.0,0.0
2022-12-08 00:00:00+05:30,124.68704365361637,126.23183888472313,123.89258292257966,125.9228744506836,10150945,0.0,0.0
2022-12-09 00:00:00+05:30,125.79048079827218,126.18771120162053,123.84845501669943,124.20154571533203,9438307,0.0,0.0
2022-12-12 00:00:00+05:30,123.58362105466259,125.7904714306387,122.87742624044108,125.65806579589844,8946335,0.0,0.0
2022-12-13 00:00:00+05:30,126.27599607169043,127.68837239684389,125.83462594453985,127.4235610961914,12593054,0.0,0.0
2022-12-14 00:00:00+05:30,127.42354449838801,131.17519009049,127.20285946355848,130.29244995117188,17692988,0.0,0.0
2022-12-15 00:00:00+05:30,130.33656423867464,131.39586308442043,129.45382418024934,130.16001892089844,11426194,0.0,0.0
2022-12-16 00:00:00+05:30,130.95450555932413,132.8523914783393,129.76280097884305,129.93934631347656,20540447,0.0,0.0
2022-12-19 00:00:00+05:30,129.8069469602938,130.24831705300508,127.99732688626834,128.70352172851562,10635055,0.0,0.0
2022-12-20 00:00:00+05:30,128.43868572084986,129.05660110257378,126.32011484935491,128.74765014648438,6714207,0.0,0.0
2022-12-21 00:00:00+05:30,129.32146172074906,129.58628652057163,125.9670456852772,126.6732406616211,10011408,0.0,0.0
2022-12-22 00:00:00+05:30,127.99732925602757,128.1297348984738,124.95187825384518,125.56979370117188,9123323,0.0,0.0
2022-12-23 00:00:00+05:30,124.11328412495875,126.67322545362426,122.96571910986665,123.40708923339844,8007752,0.0,0.0
2022-12-26 00:00:00+05:30,124.02497592664204,126.09942041358858,123.14223588445954,124.73117065429688,7150680,0.0,0.0
2022-12-27 00:00:00+05:30,125.43740461579627,128.35043689049064,125.43740461579627,127.82080078125,8765357,0.0,0.0
2022-12-28 00:00:00+05:30,126.6290757663845,127.68836128545786,125.9670206332704,127.02630615234375,9534858,0.0,0.0
2022-12-29 00:00:00+05:30,126.01116116119547,128.88006675680938,125.79047611537902,127.68836212158203,36752195,0.0,0.0
2022-12-30 00:00:00+05:30,128.3945493933061,131.3075945202699,127.60008866301844,129.5421142578125,9644998,0.0,0.0
2023-01-02 00:00:00+05:30,130.02764680275416,133.11723780330377,129.98350709455104,132.8082733154297,9631496,0.0,0.0
2023-01-03 00:00:00+05:30,132.14621485591164,132.9406891754146,130.64555910069157,132.01380920410156,14991139,0.0,0.0
2023-01-04 00:00:00+05:30,131.35172845512693,131.39586815365996,127.997313409789,129.10073852539062,13535874,0.0,0.0
2023-01-05 00:00:00+05:30,128.74765070669238,129.76279644754558,127.24698174084654,129.32142639160156,16320559,0.0,0.0
2023-01-06 00:00:00+05:30,129.49795773368942,130.7338018385829,129.1448671148877,130.07174682617188,16804116,0.0,0.0
2023-01-09 00:00:00+05:30,131.79311340443638,132.58757418968867,130.469003115985,130.7779541015625,18660445,0.0,0.0
2023-01-10 00:00:00+05:30,131.1752098106302,132.675865579162,131.1752098106302,131.83726501464844,18490715,0.0,0.0
2023-01-11 00:00:00+05:30,131.969653668112,132.41102374726955,129.10074815358783,129.5862579345703,12538238,0.0,0.0
2023-01-12 00:00:00+05:30,130.38071634536448,130.8662261176189,128.65937576150392,129.01246643066406,13270422,0.0,0.0
2023-01-13 00:00:00+05:30,129.2331334837797,130.20415289317341,128.79176347397234,129.71864318847656,8854484,0.0,0.0
2023-01-16 00:00:00+05:30,130.38071588337635,130.4689952851264,128.88006034044466,130.29244995117188,9696320,0.0,0.0
2023-01-17 00:00:00+05:30,130.91038350001523,131.52829898927683,129.4538539865263,130.51315307617188,18484595,0.0,0.0
2023-01-18 00:00:00+05:30,130.86625259885037,132.19036308045762,130.82211288888712,131.74899291992188,12139643,0.0,0.0
2023-01-19 00:00:00+05:30,130.6897046352097,134.26480555851657,130.6897046352097,133.95584106445312,18437610,0.0,0.0
2023-01-20 00:00:00+05:30,134.17650070083735,134.61787076893222,132.89653019727137,133.8234100341797,17512691,0.0,0.0
2023-01-23 00:00:00+05:30,134.66201897729508,135.14752877678194,133.60273344085323,134.4854736328125,16742252,0.0,0.0
2023-01-24 00:00:00+05:30,134.48548827661338,135.2358094397516,133.82343306055435,134.30892944335938,8276792,0.0,0.0
2023-01-25 00:00:00+05:30,133.5144601426309,135.41234625436024,133.4261807315773,134.57374572753906,9827342,0.0,0.0
2023-01-27 00:00:00+05:30,134.57371804802074,136.07437344044368,129.40969683266437,130.33656311035156,13052535,0.0,0.0
2023-01-30 00:00:00+05:30,130.2041876690024,131.3958924015885,126.45254158362438,127.9090576171875,12688399,0.0,0.0
2023-01-31 00:00:00+05:30,128.12974268103326,130.5572783833367,127.33528183900745,127.9090576171875,19050398,0.0,0.0
2023-02-01 00:00:00+05:30,128.70351603405754,128.88006136942158,125.65806522300431,127.33526611328125,11526089,0.0,0.0
2023-02-02 00:00:00+05:30,126.23183611049683,127.99731633581847,124.15739145792584,126.62906646728516,11886667,0.0,0.0
2023-02-03 00:00:00+05:30,126.67321495699676,128.30628966656045,123.6719037534996,127.37940979003906,9250428,0.0,0.0
2023-02-06 00:00:00+05:30,125.08430533223455,127.2911562148412,124.99603937865959,126.6732406616211,6436143,0.0,0.0
2023-02-07 00:00:00+05:30,127.02630698413267,127.95318687047103,125.52565136649002,127.68836212158203,8681511,0.0,0.0
2023-02-08 00:00:00+05:30,128.35041641857197,128.79178650731473,126.36425101922963,127.02630615234375,10325869,0.0,0.0
2023-02-09 00:00:00+05:30,127.6883752475874,129.23317072710321,126.40840454418384,129.05662536621094,8078404,0.0,0.0
2023-02-10 00:00:00+05:30,129.01247603145887,129.76281059619427,127.82078483220138,129.49798583984375,6396208,0.0,0.0
2023-02-13 00:00:00+05:30,130.16003866086115,131.35174330828593,129.4097175791332,130.7779541015625,6563018,0.0,0.0
2023-02-14 00:00:00+05:30,131.21933099823173,131.70484082306834,129.76281499326896,131.04278564453125,6991500,0.0,0.0
2023-02-15 00:00:00+05:30,131.5282881397312,131.88137882745556,128.4386974787308,130.2041778564453,12631259,0.0,0.0
2023-02-16 00:00:00+05:30,132.41102481319973,138.1046961862581,130.9986351607072,137.6191864013672,30949761,0.0,0.0
2023-02-17 00:00:00+05:30,137.26608681646522,140.179131867251,136.29506730968828,138.2371063232422,19874561,0.0,0.0
2023-02-20 00:00:00+05:30,138.76676860163403,139.29641815470325,136.29509313655706,136.6923370361328,8348393,0.0,0.0
2023-02-21 00:00:00+05:30,136.73645483862921,137.61919505958755,135.45648421214898,136.0302734375,7599927,0.0,0.0
2023-02-22 00:00:00+05:30,136.16265811373162,136.38334313498564,133.91166820303164,135.58888244628906,9599697,0.0,0.0
2023-02-23 00:00:00+05:30,135.6771921890035,137.88404311422983,135.27996171637258,136.5157928466797,18675946,0.0,0.0
2023-02-24 00:00:00+05:30,137.51256201959424,140.77480954895577,135.70020535376764,140.4576416015625,14648507,4.0,0.0
2023-02-27 00:00:00+05:30,139.55146590523097,141.40913428823748,138.645287555197,140.68418884277344,11904749,0.0,0.0
2023-02-28 00:00:00+05:30,139.68739010749096,140.8654247531087,137.0141666832868,137.784423828125,17607584,0.0,0.0
2023-03-01 00:00:00+05:30,137.73909580636635,140.5482539490799,137.60317459795695,140.27639770507812,7707977,0.0,0.0
2023-03-02 00:00:00+05:30,140.00456401713143,140.5029649069013,138.3281284316833,139.59678649902344,8219892,0.0,0.0
2023-03-03 00:00:00+05:30,139.5514553076251,141.09195562025963,139.05305448751835,139.7779998779297,8260104,0.0,0.0
2023-03-06 00:00:00+05:30,140.18578251484703,144.71667408822404,139.14368298384383,143.35740661621094,14491522,0.0,0.0
2023-03-08 00:00:00+05:30,141.862224775852,143.9464377656514,141.72628972577857,143.40272521972656,7339476,0.0,0.0
2023-03-09 00:00:00+05:30,144.1276871822503,144.21829673216115,141.40915179557666,141.6356964111328,5314022,0.0,0.0
2023-03-10 00:00:00+05:30,141.0013537692425,141.99814163657098,139.73269581011903,141.18258666992188,4689681,0.0,0.0
2023-03-13 00:00:00+05:30,141.5450524712806,143.17617623176278,140.6388741406998,141.18258666992188,8785721,0.0,0.0
2023-03-14 00:00:00+05:30,141.18259066596391,142.13408070544156,138.69060018633328,138.91714477539062,7177342,0.0,0.0
2023-03-15 00:00:00+05:30,139.5514588272268,139.9592362986229,137.55786932370313,138.2375030517578,9832270,0.0,0.0
2023-03-16 00:00:00+05:30,137.01417072499302,139.00776043097764,134.1144026229077,137.92034912109375,18551936,0.0,0.0
2023-03-17 00:00:00+05:30,139.09838746027384,140.367031717311,137.69380814393497,138.78121948242188,16593429,0.0,0.0
2023-03-20 00:00:00+05:30,138.64529317463257,139.68739278853528,137.3766489640393,138.01097106933594,8749355,0.0,0.0
2023-03-21 00:00:00+05:30,138.78120638445324,139.32491891597456,136.7876168141818,137.33132934570312,6148489,0.0,0.0
2023-03-22 00:00:00+05:30,138.1015726336436,138.46405226371917,136.69700727705094,137.33132934570312,4329409,0.0,0.0
2023-03-23 00:00:00+05:30,136.92354991182958,138.78120440918877,136.1986044891806,138.46405029296875,4484564,0.0,0.0
2023-03-24 00:00:00+05:30,138.37341713786722,138.82650626656172,134.83932746492317,135.38302612304688,8301726,0.0,0.0
2023-03-27 00:00:00+05:30,135.518967749334,138.14687929270534,135.24711149345816,136.15328979492188,7437261,0.0,0.0
2023-03-28 00:00:00+05:30,136.1533123753032,136.1533123753032,132.8910644181321,133.38946533203125,8964539,0.0,0.0
2023-03-29 00:00:00+05:30,133.43477307264695,136.6970209333108,132.75513925394077,135.33775329589844,24012834,0.0,0.0
2023-03-31 00:00:00+05:30,136.0173682444548,138.6452797813321,135.97205656405686,136.87823486328125,7998472,0.0,0.0
2023-04-03 00:00:00+05:30,140.0045558386296,143.04025885856103,138.73591167258377,139.2342987060547,20016785,0.0,0.0
2023-04-05 00:00:00+05:30,142.043480265465,142.58719289783426,138.23753332044012,138.5546875,15880397,0.0,0.0
2023-04-06 00:00:00+05:30,138.8265298157238,139.05307441849985,136.28922749919505,136.47047424316406,10670936,0.0,0.0
2023-04-10 00:00:00+05:30,136.5610670373846,142.72308224249736,135.92674499285462,142.40591430664062,17431401,0.0,0.0
2023-04-11 00:00:00+05:30,142.36061018760032,144.35419959431394,141.72627434380618,144.12765502929688,13305621,0.0,0.0
2023-04-12 00:00:00+05:30,144.082355070535,144.12766675266064,141.90753260034393,142.8590087890625,7333339,0.0,0.0
2023-04-13 00:00:00+05:30,143.31209193506226,145.44161646084524,143.17617072157972,143.85580444335938,11610851,0.0,0.0
2023-04-17 00:00:00+05:30,144.17295936195814,145.39629165441036,143.17615779579805,145.1244354248047,9358885,0.0,0.0
2023-04-18 00:00:00+05:30,145.12444519086458,145.48692479712574,144.44481148470595,145.0791473388672,8008560,0.0,0.0
2023-04-19 00:00:00+05:30,143.44802367864986,145.39630143876465,143.22147910993033,145.0791473388672,11374283,0.0,0.0
2023-04-20 00:00:00+05:30,144.62606829143078,145.07915746048016,143.62926658864853,144.21827697753906,5733670,0.0,0.0
2023-04-21 00:00:00+05:30,143.99174740945418,144.85262798217374,143.81051448837104,144.62608337402344,3512214,0.0,0.0
2023-04-24 00:00:00+05:30,144.62607746437632,145.66817708841165,144.35422118026733,145.215087890625,7028440,0.0,0.0
2023-04-25 00:00:00+05:30,145.16976767739956,146.6196585560169,144.98853477436842,145.57754516601562,10169778,0.0,0.0
2023-04-26 00:00:00+05:30,144.98852489781865,146.43841567767015,144.7619803276658,146.03062438964844,9177783,0.0,0.0
2023-04-27 00:00:00+05:30,145.1697652123099,145.80408727573965,144.62606651244892,145.03384399414062,6456825,0.0,0.0
2023-04-28 00:00:00+05:30,144.80730548090622,144.80730548090622,140.32172533995032,144.03704833984375,12656744,0.0,0.0
2023-05-02 00:00:00+05:30,144.53546551337163,149.33821415480176,144.39954427417078,148.83981323242188,16612560,0.0,0.0
2023-05-03 00:00:00+05:30,147.61643638071834,148.02422766874002,145.7587819672116,146.03062438964844,8029435,0.0,0.0
2023-05-04 00:00:00+05:30,145.71345097123015,146.0759167045511,144.26356038358352,145.89468383789062,9929482,0.0,0.0
2023-05-05 00:00:00+05:30,145.94000966282792,146.7555645554733,144.71666349667709,145.2603759765625,5488707,0.0,0.0
2023-05-08 00:00:00+05:30,145.2603890532416,149.8365923848257,144.98853278882575,149.51942443847656,9699470,0.0,0.0
2023-05-09 00:00:00+05:30,149.51942709318268,150.8786946122116,148.97571455469742,149.7459716796875,7600834,0.0,0.0
2023-05-10 00:00:00+05:30,149.74596811968667,151.9207905675559,149.51942353856762,151.28646850585938,10901429,0.0,0.0
2023-05-11 00:00:00+05:30,150.51623899134722,152.82698286833602,150.51623899134722,151.37710571289062,7877677,0.0,0.0
2023-05-12 00:00:00+05:30,152.37388604948313,153.14414318810776,149.51942973986854,149.97251892089844,16373574,0.0,0.0
2023-05-15 00:00:00+05:30,149.9725175029177,150.96931922263258,148.9757157832028,150.06314086914062,8559162,0.0,0.0
2023-05-16 00:00:00+05:30,152.50981708232263,152.69104998452323,151.10523789269584,152.2379608154297,12249266,0.0,0.0
2023-05-17 00:00:00+05:30,152.2379528096973,152.2379528096973,150.51621958855623,151.55831909179688,7360259,0.0,0.0
2023-05-18 00:00:00+05:30,151.78486685915885,152.6457334878487,150.42559939474847,150.74276733398438,7433090,0.0,0.0
2023-05-19 00:00:00+05:30,150.6068370957406,151.1052379473606,148.6132475164446,149.42880249023438,5969632,0.0,0.0
2023-05-22 00:00:00+05:30,148.7038733389027,150.7880724901867,148.7038733389027,150.06314086914062,7331865,0.0,0.0
2023-05-23 00:00:00+05:30,150.06313696730825,151.3770927802702,149.02102359157817,149.51942443847656,10119254,0.0,0.0
2023-05-24 00:00:00+05:30,149.51943763216636,150.8333935610726,149.2022696578301,150.65216064453125,6107980,0.0,0.0
2023-05-25 00:00:00+05:30,150.6521427200501,151.6942422365635,149.74596441797462,150.42559814453125,8077606,0.0,0.0
2023-05-26 00:00:00+05:30,150.4709164430892,151.69424890838565,147.07274766084774,148.38670349121094,14873707,0.0,0.0
2023-05-29 00:00:00+05:30,144.9885299970519,145.21507457517228,141.81690590336638,144.0823516845703,43253971,0.0,0.0
2023-05-30 00:00:00+05:30,144.7166696390852,146.52902621271727,142.49653560182256,143.94642639160156,16117505,0.0,0.0
2023-05-31 00:00:00+05:30,144.08235638661617,144.44482219256417,135.972062990668,140.3670196533203,83741017,0.0,0.0
2023-06-01 00:00:00+05:30,140.18578874418128,141.3638233710435,138.82652121176739,139.2342987060547,13982606,0.0,0.0
2023-06-02 00:00:00+05:30,140.45763200356978,140.45763200356978,139.0077412391113,140.18577575683594,9851058,0.0,0.0
2023-06-05 00:00:00+05:30,140.91072223563066,141.363811374652,139.95923227824926,140.82009887695312,11850547,0.0,0.0
2023-06-06 00:00:00+05:30,140.9107341935722,141.2732000046755,138.82652121176739,139.2342987060547,8118800,0.0,0.0
2023-06-07 00:00:00+05:30,139.18898278441807,140.00453766714003,138.2374928697874,139.41552734375,12180164,0.0,0.0
2023-06-08 00:00:00+05:30,140.00456155665057,141.95283956847433,139.73270527362786,141.45445251464844,13850599,0.0,0.0
2023-06-09 00:00:00+05:30,141.99813390147798,142.17936679228498,139.37022241681808,139.7779998779297,11764248,0.0,0.0
2023-06-12 00:00:00+05:30,140.32174253411134,140.684208393623,138.28284096318927,140.5029754638672,11017643,0.0,0.0
2023-06-13 00:00:00+05:30,140.63888386543206,141.5450622586722,139.77801715729092,141.04666137695312,10073644,0.0,0.0
2023-06-14 00:00:00+05:30,141.45444063283432,143.53863969750952,141.22789605387538,143.04025268554688,9695952,0.0,0.0
2023-06-15 00:00:00+05:30,142.72308756986956,143.08555337250672,141.54505297052273,142.8590087890625,7426254,0.0,0.0
2023-06-16 00:00:00+05:30,143.40272723641365,143.76519305400467,141.68099386207936,142.27000427246094,11466647,0.0,0.0
2023-06-19 00:00:00+05:30,143.0855588813761,143.58395974957892,141.81691469611852,142.9949493408203,4718221,0.0,0.0
2023-06-20 00:00:00+05:30,142.7683925076102,142.99493708035249,141.86221421664115,142.4965362548828,6059738,0.0,0.0
2023-06-21 00:00:00+05:30,142.27001627889942,145.48695253344545,141.90755043071923,145.16978454589844,8284206,0.0,0.0
2023-06-22 00:00:00+05:30,145.16977129600355,145.84940506969943,142.7230924761353,144.03704833984375,10629027,0.0,0.0
2023-06-23 00:00:00+05:30,144.08236245353558,144.08236245353558,140.82011475390237,142.17938232421875,8722650,0.0,0.0
2023-06-26 00:00:00+05:30,142.27000569311375,143.4027286683774,141.2279060867451,142.17938232421875,4273205,0.0,0.0
2023-06-27 00:00:00+05:30,143.94643100138262,143.94643100138262,142.587163527629,143.04025268554688,9730174,0.0,0.0
2023-06-28 00:00:00+05:30,143.04025374531616,145.12445282543297,141.862219160565,143.67457580566406,40243993,0.0,0.0
2023-06-30 00:00:00+05:30,145.89469798497367,145.89469798497367,144.03702981041167,145.2603759765625,7840112,0.0,0.0
2023-07-03 00:00:00+05:30,145.26038453117374,147.9336077558114,144.98852827522097,147.61643981933594,9548822,0.0,0.0
2023-07-04 00:00:00+05:30,147.25397757923471,147.61644337778696,144.98853177032342,146.07594299316406,5394282,0.0,0.0
2023-07-05 00:00:00+05:30,146.80090289289953,148.97572555303134,146.2118924553762,147.52584838867188,8795342,0.0,0.0
2023-07-06 00:00:00+05:30,147.52584150530814,150.24437661722223,147.29929691264863,149.88189697265625,9845699,0.0,0.0
2023-07-07 00:00:00+05:30,149.97251290137615,150.4256020642202,147.52583418745513,148.16015625,7597171,0.0,0.0
2023-07-10 00:00:00+05:30,148.52264474686837,149.8819124431259,147.25400042790238,147.4805450439453,5437687,0.0,0.0
2023-07-11 00:00:00+05:30,147.93359054960004,149.61002574366893,147.6164226500145,149.1569366455078,6343183,0.0,0.0
2023-07-12 00:00:00+05:30,150.3803063331339,153.14415328507678,149.74598420330733,151.92080688476562,15614026,0.0,0.0
2023-07-13 00:00:00+05:30,152.82697549048476,153.4159997231363,151.5130196286998,152.05673217773438,11350009,0.0,0.0
2023-07-14 00:00:00+05:30,153.14413718106653,153.8237709259529,152.41919175441757,153.3706817626953,9448062,0.0,0.0
2023-07-17 00:00:00+05:30,152.0567286546694,152.60042736392228,150.5615260930595,150.78807067871094,4968847,0.0,0.0
2023-07-18 00:00:00+05:30,150.7880759739189,152.37388812916763,150.47092183917994,151.2411651611328,4322257,0.0,0.0
2023-07-19 00:00:00+05:30,151.51300206027557,152.1926357541708,150.51621427220562,151.105224609375,5968174,0.0,0.0
2023-07-20 00:00:00+05:30,151.33178284442997,152.32858454972802,150.42560450404417,151.5130157470703,5217131,0.0,0.0
2023-07-21 00:00:00+05:30,151.6489533409848,154.9564988080609,150.87869620784878,154.54872131347656,7842863,0.0,0.0
2023-07-24 00:00:00+05:30,155.54552290329917,156.0892354954056,154.27687862463165,154.95651245117188,8451631,0.0,0.0
2023-07-25 00:00:00+05:30,155.8626966531566,157.08604311706455,155.22837449035424,156.7688751220703,10480578,0.0,0.0
2023-07-26 00:00:00+05:30,157.53912540090585,157.94690292848867,155.86268977650528,156.7235565185547,9103949,0.0,0.0
2023-07-27 00:00:00+05:30,157.17664685243284,157.35787977407313,154.68465615511866,154.95651245117188,7731146,0.0,0.0
2023-07-28 00:00:00+05:30,154.6846557125831,158.53591405195968,153.05353176811587,155.68145751953125,9004252,0.0,0.0
2023-07-31 00:00:00+05:30,156.58761545575038,160.8466507669599,155.31895751958805,160.43887329101562,9277749,0.0,0.0
2023-08-01 00:00:00+05:30,158.8530751403704,160.39357564382894,157.94689674690244,160.12171936035156,5584773,0.0,0.0
2023-08-02 00:00:00+05:30,160.39355231813488,161.88874091904094,157.67501753308176,159.4420623779297,8975495,0.0,0.0
2023-08-03 00:00:00+05:30,158.8077645333976,159.30616541862557,155.40959553482276,155.95330810546875,6152393,0.0,0.0
2023-08-04 00:00:00+05:30,157.08604431152344,158.08283233859626,155.95332121676824,157.08604431152344,4605271,0.0,0.0
2023-08-07 00:00:00+05:30,157.94690292848867,158.1281358488382,155.9533131502728,156.7235565185547,2240015,0.0,0.0
2023-08-08 00:00:00+05:30,156.67825293566258,157.49382186019804,156.40641045467032,157.08604431152344,3631238,0.0,0.0
2023-08-09 00:00:00+05:30,157.0860108962053,160.6201006691958,157.04069921661653,160.3029327392578,4852294,0.0,0.0
2023-08-10 00:00:00+05:30,161.39037637625958,162.8855651850537,160.30295124929853,161.88876342773438,10430692,0.0,0.0
2023-08-11 00:00:00+05:30,162.11529899176435,162.84024442695025,160.1217094153912,160.57479858398438,4112277,0.0,0.0
2023-08-14 00:00:00+05:30,163.1121003225948,163.5198778079645,160.71073326538578,161.29974365234375,12876956,0.0,0.0
2023-08-16 00:00:00+05:30,159.75923048068074,162.61368647733462,159.30614134932725,162.251220703125,8371665,0.0,0.0
2023-08-17 00:00:00+05:30,161.93407839020313,162.29655804892192,160.48420123688342,161.07321166992188,5199363,0.0,0.0
2023-08-18 00:00:00+05:30,161.43669596645964,161.43669596645964,158.2561248699481,159.30117797851562,6734650,0.5,0.0
2023-08-21 00:00:00+05:30,159.30114572195646,160.209880136952,158.39241130696092,159.98269653320312,3599820,0.0,0.0
2023-08-22 00:00:00+05:30,159.98271274986132,161.66386326830096,159.57378499489968,160.07357788085938,5348036,0.0,0.0
2023-08-23 00:00:00+05:30,160.84602734166333,161.02777149197527,159.02855810616433,159.48292541503906,6379611,0.0,0.0
2023-08-24 00:00:00+05:30,159.48291355063282,160.57339223757032,157.02933303847624,157.3019561767578,7976333,0.0,0.0
2023-08-25 00:00:00+05:30,157.30195347461222,159.25572717738862,157.07476984097826,158.75592041015625,4757915,0.0,0.0
2023-08-28 00:00:00+05:30,159.119431492009,159.75554292871902,158.61962469666923,159.21029663085938,4354221,0.0,0.0
2023-08-29 00:00:00+05:30,159.573792457526,160.02815973232967,158.98310668056791,159.66465759277344,4596468,0.0,0.0
2023-08-30 00:00:00+05:30,159.6646587655497,160.75513745985057,159.0285473493899,159.71009826660156,5937955,0.0,0.0
2023-08-31 00:00:00+05:30,159.75552372136957,159.93726784340865,157.25650391131632,158.256103515625,15823452,0.0,0.0
2023-09-01 00:00:00+05:30,158.4832869064565,167.888694269949,158.4832869064565,165.16249084472656,22460960,0.0,0.0
2023-09-04 00:00:00+05:30,167.07084484077274,167.61607722585492,165.20793632615187,166.2529754638672,10998180,0.0,0.0
2023-09-05 00:00:00+05:30,166.75280104189775,169.0246375683541,165.75318742378104,166.38931274414062,13506519,0.0,0.0
2023-09-06 00:00:00+05:30,168.0250073553495,169.7061717653639,165.70774542017875,166.34385681152344,11954407,0.0,0.0
2023-09-07 00:00:00+05:30,168.11587788871756,168.29762201049485,164.48093998842097,165.16249084472656,11137801,0.0,0.0
2023-09-08 00:00:00+05:30,165.84404412929558,168.0704408525883,165.38967688510573,167.61607360839844,9737214,0.0,0.0
2023-09-11 00:00:00+05:30,168.52481961245485,168.97918688769263,165.66231132493238,166.6619110107422,10845871,0.0,0.0
2023-09-12 00:00:00+05:30,167.97958827382942,168.02501390869202,163.75396426743933,164.39007568359375,15524470,0.0,0.0
2023-09-13 00:00:00+05:30,165.29880294036553,167.8432623588102,164.39006842422017,167.11627197265625,10578786,0.0,0.0
2023-09-14 00:00:00+05:30,167.88871234493732,171.659955276034,167.38890555659955,170.751220703125,17746404,0.0,0.0
2023-09-15 00:00:00+05:30,174.2043919134828,174.2043919134828,168.6611200684117,169.6152801513672,19924829,0.0,0.0
2023-09-18 00:00:00+05:30,168.84288171086325,170.38772766848646,168.20677030080535,169.7061767578125,5022956,0.0,0.0
2023-09-20 00:00:00+05:30,169.433548815375,172.20519188008635,169.2063651849263,171.02383422851562,12687099,0.0,0.0
2023-09-21 00:00:00+05:30,171.2055820309249,171.25102153122668,169.070064178627,169.66073608398438,7814108,0.0,0.0
2023-09-22 00:00:00+05:30,169.5698583020507,170.5694579031909,168.11587759797158,168.20675659179688,7814821,0.0,0.0
2023-09-25 00:00:00+05:30,169.02463401938385,169.6607454601974,168.3430830757573,168.5702667236328,5540062,0.0,0.0
2023-09-26 00:00:00+05:30,169.0246284576294,170.97840221859414,168.3430775364293,170.6149139404297,12446655,0.0,0.0
2023-09-27 00:00:00+05:30,172.0234616722126,172.0234616722126,169.29725788617495,170.16055297851562,5630907,0.0,0.0
2023-09-28 00:00:00+05:30,171.65996283050742,172.20520914472388,169.47900530602112,170.34230041503906,14890642,0.0,0.0
2023-09-29 00:00:00+05:30,171.29644748200957,174.70420174226177,170.97838487124434,174.34071350097656,10085766,0.0,0.0
2023-10-03 00:00:00+05:30,172.02346068915188,172.02346068915188,166.88910193507522,167.75241088867188,22118500,0.0,0.0
2023-10-04 00:00:00+05:30,167.61605848618763,167.75237696685875,165.48054095087303,166.0712127685547,9360058,0.0,0.0
2023-10-05 00:00:00+05:30,164.70813137281618,167.2071512970934,164.48094774333643,165.57142639160156,11128340,0.0,0.0
2023-10-06 00:00:00+05:30,166.75278587482646,166.75278587482646,164.11746129031005,164.88987731933594,5759904,0.0,0.0
2023-10-09 00:00:00+05:30,166.20754411954005,167.8432690874133,164.7081376542664,165.1170654296875,14622727,0.0,0.0
2023-10-10 00:00:00+05:30,165.662313655723,167.66152692165946,165.43513001490774,166.75279235839844,11819690,0.0,0.0
2023-10-11 00:00:00+05:30,167.57064342127268,167.84326655617159,166.07123697861155,166.52560424804688,8499601,0.0,0.0
2023-10-12 00:00:00+05:30,166.4801554979238,167.97957572346303,166.29841137348544,167.61607360839844,8677885,0.0,0.0
2023-10-13 00:00:00+05:30,167.66150566374247,169.25179094781592,167.25257793536105,168.02499389648438,7435899,0.0,0.0
2023-10-16 00:00:00+05:30,170.7966521166377,171.02383574910627,169.25180618908905,169.52442932128906,12376549,0.0,0.0
2023-10-17 00:00:00+05:30,169.93335141175547,169.97879090996946,168.6156891606773,169.25180053710938,4381065,0.0,0.0
2023-10-18 00:00:00+05:30,170.84211360554295,170.8875531111229,169.0700838174469,169.887939453125,10181113,0.0,0.0
2023-10-19 00:00:00+05:30,169.02461808594833,169.61528996826806,168.16132307863947,169.2972412109375,9148124,0.0,0.0
2023-10-20 00:00:00+05:30,169.93335023109034,170.20597335229226,168.25218587216855,169.20635986328125,7912216,0.0,0.0
2023-10-23 00:00:00+05:30,168.97919875503476,168.97919875503476,167.3889131800174,167.97959899902344,4723090,0.0,0.0
2023-10-25 00:00:00+05:30,167.9795900612925,168.88832462723687,166.29842556781978,167.5252227783203,6812004,0.0,0.0
2023-10-26 00:00:00+05:30,166.75279107638318,167.3434629914861,163.48134112731918,164.39007568359375,8474867,0.0,0.0
2023-10-27 00:00:00+05:30,164.48094794617938,168.84287641080743,163.8448365560893,167.88870239257812,6422123,0.0,0.0
2023-10-30 00:00:00+05:30,168.1158826615304,171.93256479195998,167.75239440765637,171.56907653808594,7352638,0.0,0.0
2023-10-31 00:00:00+05:30,171.9325776565264,172.47782394432267,167.38890481218803,169.1609344482422,9404675,0.0,0.0
2023-11-01 00:00:00+05:30,169.16092931304192,171.56908416715063,168.1613296373457,169.66073608398438,9167869,0.0,0.0
2023-11-02 00:00:00+05:30,169.93335023109034,170.52402210520452,168.79743211457236,169.20635986328125,11471209,0.0,0.0
2023-11-03 00:00:00+05:30,169.61529492718952,173.25023305681535,168.84287889435717,172.65956115722656,7464912,0.0,0.0
2023-11-06 00:00:00+05:30,172.84128864602647,176.47622642561143,172.25061680331882,175.6583709716797,8962124,0.0,0.0
2023-11-07 00:00:00+05:30,175.7492490119103,179.92943331210108,174.79508886759973,175.5675048828125,13921916,0.0,0.0
2023-11-08 00:00:00+05:30,176.02186580075036,178.61176461225315,174.74964307668554,177.5212860107422,10186886,0.0,0.0
2023-11-09 00:00:00+05:30,178.56635352231376,178.74809767378042,174.65879186792588,175.1131591796875,5303833,0.0,0.0
2023-11-10 00:00:00+05:30,175.11313994387996,178.56633390718014,175.11313994387996,178.02108764648438,6025889,0.0,0.0
2023-11-13 00:00:00+05:30,178.0210866897859,179.29332333584279,176.38537564886587,177.9302215576172,11181086,0.0,0.0
2023-11-15 00:00:00+05:30,180.38382214233093,184.4731279339707,179.61139216854525,181.2925567626953,19769385,0.0,0.0
2023-11-16 00:00:00+05:30,184.01875609869518,184.83661169043577,182.6556542016678,183.3826446533203,18629240,0.0,0.0
2023-11-17 00:00:00+05:30,182.51932841062944,182.88281666124493,177.70303282594043,178.43002319335938,13199928,0.0,0.0
2023-11-20 00:00:00+05:30,179.92944123295638,180.3838085087972,179.0207066812748,179.7931365966797,6423265,0.0,0.0
2023-11-21 00:00:00+05:30,180.6354610592425,181.52459648282073,178.7635909964524,178.95077514648438,10720353,5.75,0.0
2023-11-22 00:00:00+05:30,178.9507797358872,179.5591460906374,177.59367676180696,178.7635955810547,7538825,0.0,0.0
2023-11-23 00:00:00+05:30,178.76358760594115,179.46553886617392,177.453284299334,178.43600463867188,6541617,0.0,0.0
2023-11-24 00:00:00+05:30,178.62322832420148,179.55916347018893,176.09619200504576,176.75135803222656,5751331,0.0,0.0
2023-11-28 00:00:00+05:30,176.75133705857897,181.99256468543257,176.3301548678733,181.52459716796875,9277764,0.0,0.0
2023-11-29 00:00:00+05:30,182.97531203428906,182.97531203428906,179.41875579834718,179.6995391845703,8791333,0.0,0.0
2023-11-30 00:00:00+05:30,180.3078872338123,183.11569247045347,179.74633475522563,182.46054077148438,14965403,0.0,0.0
2023-12-01 00:00:00+05:30,182.74131805896283,185.54912320199426,181.8053830112857,182.08616638183594,9935740,0.0,0.0
2023-12-04 00:00:00+05:30,183.91123991611556,192.70902379757285,183.49007199392884,189.10568237304688,28615290,0.0,0.0
2023-12-05 00:00:00+05:30,189.24606692003053,190.88395328060662,186.39146212106508,189.10568237304688,14557746,0.0,0.0
2023-12-06 00:00:00+05:30,190.6967709470234,190.6967709470234,186.344678574101,189.0120849609375,12662213,0.0,0.0
2023-12-07 00:00:00+05:30,188.02934075255305,188.02934075255305,183.4900644514311,186.157470703125,16425880,0.0,0.0
2023-12-08 00:00:00+05:30,187.0466243585556,187.46779227233966,181.66499785260186,183.39646911621094,10414387,0.0,0.0
2023-12-11 00:00:00+05:30,184.42599369973937,187.9825495385048,181.80537285637354,185.12794494628906,10108266,0.0,0.0
2023-12-12 00:00:00+05:30,184.3324315165108,185.127982134905,182.0861927888199,182.88172912597656,10719911,0.0,0.0
2023-12-13 00:00:00+05:30,182.88170224177892,182.88170224177892,179.74632840700525,180.77584838867188,10892122,0.0,0.0
2023-12-14 00:00:00+05:30,183.34966950773816,183.7240520942849,180.86944735227104,183.39646911621094,15257294,0.0,0.0
2023-12-15 00:00:00+05:30,184.61318283459497,189.01207457567415,184.23881453880588,188.16973876953125,22863981,0.0,0.0
2023-12-18 00:00:00+05:30,188.169737753573,188.73129019422467,184.70678105189853,186.25106811523438,8061011,0.0,0.0
2023-12-19 00:00:00+05:30,189.05889077365867,190.5095930393078,186.53186885223823,187.46780395507812,16739742,0.0,0.0
2023-12-20 00:00:00+05:30,188.82488866603114,198.4182225387787,188.07613780020387,190.18199157714844,57762576,0.0,0.0
2023-12-21 00:00:00+05:30,190.88395477604652,193.5045758297461,188.31013333212002,189.667236328125,22823936,0.0,0.0
2023-12-22 00:00:00+05:30,190.93075651947578,191.39872405996468,188.87170219757175,190.8839569091797,9910694,0.0,0.0
2023-12-26 00:00:00+05:30,191.39872612847702,195.1424664928482,190.60317558855368,194.06614685058594,17052969,0.0,0.0
2023-12-27 00:00:00+05:30,196.0783950990745,196.45276341063573,191.3987197983806,192.38145446777344,20361303,0.0,0.0
2023-12-28 00:00:00+05:30,193.2705905195233,195.5168289583455,192.19427090951177,194.9552764892578,22010872,0.0,0.0
2023-12-29 00:00:00+05:30,194.6744881757223,194.6744881757223,191.16473177832347,191.91348266601562,12171663,0.0,0.0
2024-01-01 00:00:00+05:30,192.80262699346952,193.83216129670575,191.6327081403538,192.19427490234375,4820168,0.0,0.0
2024-01-02 00:00:00+05:30,192.19426788833337,197.24831143685466,190.60316688117345,193.7853546142578,21141219,0.0,0.0
2024-01-03 00:00:00+05:30,192.3346563478907,196.9675320752059,191.3987212805044,194.90847778320312,11650902,0.0,0.0
2024-01-04 00:00:00+05:30,197.0143280140001,201.60040404624985,195.89120881030993,200.89845275878906,31054419,0.0,0.0
2024-01-05 00:00:00+05:30,201.64719487362302,203.5658644987084,199.40095656406226,202.5831298828125,20743811,0.0,0.0
2024-01-08 00:00:00+05:30,204.03382963546022,206.654450487025,203.19149384945908,203.98703002929688,19310595,0.0,0.0
2024-01-09 00:00:00+05:30,206.84164792391016,207.2628158439787,202.11517302234293,202.77032470703125,11951525,0.0,0.0
2024-01-10 00:00:00+05:30,201.22604690325727,201.22604690325727,196.26558800706925,198.5118408203125,16500666,0.0,0.0
2024-01-11 00:00:00+05:30,200.2901019475789,200.2901019475789,197.34191223420925,198.27784729003906,12586419,0.0,0.0
2024-01-12 00:00:00+05:30,200.10293705179566,210.35142404326228,198.74583394647362,209.08790588378906,39228118,0.0,0.0
2024-01-15 00:00:00+05:30,213.86115730498025,220.36590299695905,210.25780167728183,218.54083251953125,57884916,0.0,0.0
2024-01-16 00:00:00+05:30,219.89793125564148,223.64167135543954,216.29458997832694,220.038330078125,34505065,0.0,0.0
2024-01-17 00:00:00+05:30,217.32411562402356,222.05059047994925,215.92021304986162,217.18373107910156,26010955,0.0,0.0
2024-01-18 00:00:00+05:30,215.31185858892277,219.47676665643317,210.2578008093298,218.58763122558594,19232183,0.0,0.0
2024-01-19 00:00:00+05:30,220.88068068382321,227.01105836413416,219.9447455961799,226.5430908203125,26391844,0.0,0.0
2024-01-23 00:00:00+05:30,229.30408802814893,229.9124401002192,213.39319212415492,215.1714630126953,20282617,0.0,0.0
2024-01-24 00:00:00+05:30,216.20100698238522,219.9447473630326,213.48680091891038,219.33639526367188,14458601,0.0,0.0
2024-01-25 00:00:00+05:30,219.94473847557236,222.28457611892952,217.88568420566517,219.05560302734375,18291957,0.0,0.0
2024-01-29 00:00:00+05:30,225.56035494662746,238.6166464949672,223.78208400186628,236.3236083984375,54127939,0.0,0.0
2024-01-30 00:00:00+05:30,240.06734471533693,246.43169174673932,232.7202487259795,233.23501586914062,51491099,0.0,0.0
2024-01-31 00:00:00+05:30,234.40492893258022,238.05508417321778,230.5208042121591,236.08961486816406,33293192,0.0,0.0
2024-02-01 00:00:00+05:30,238.33586258132465,238.33586258132465,229.72526269536434,231.78431701660156,29758133,0.0,0.0
2024-02-02 00:00:00+05:30,233.9837581237852,243.34310844873661,233.04782309129007,240.769287109375,30482663,0.0,0.0
2024-02-05 00:00:00+05:30,243.3899217380938,250.87740285828093,238.75705993246223,246.10415649414062,34001868,0.0,0.0
2024-02-06 00:00:00+05:30,248.35040082156806,255.88466744680645,243.53034045223995,254.85513305664062,36708949,0.0,0.0
2024-02-07 00:00:00+05:30,257.38213244584307,257.9904845009483,250.4094050691403,254.48072814941406,23756939,0.0,0.0
2024-02-08 00:00:00+05:30,255.55705080808067,257.9904876203953,251.86012454391275,255.65065002441406,25252940,0.0,0.0
2024-02-09 00:00:00+05:30,257.3821360435028,257.99048810711145,242.54755994450127,250.40940856933594,26743792,0.0,0.0
2024-02-12 00:00:00+05:30,245.16819379905706,249.52028599852866,240.34810551969923,241.3776397705078,30906374,0.0,0.0
2024-02-13 00:00:00+05:30,241.47126514236362,245.58937402919602,238.3826763366209,242.8751678466797,20711842,0.0,0.0
2024-02-14 00:00:00+05:30,241.47125802682663,252.3748963298845,239.5993878095644,251.62615966796875,36168962,0.0,0.0
2024-02-15 00:00:00+05:30,254.2467325767565,261.92141086709233,251.7665105827658,259.5347595214844,32831246,0.0,0.0
2024-02-16 00:00:00+05:30,261.2916059418891,263.99806673872973,256.73337753284864,260.8642883300781,27044984,4.0,0.0
2024-02-19 00:00:00+05:30,260.86430203599656,264.9951840697548,258.6801278656706,260.8168029785156,15322964,0.0,0.0
2024-02-20 00:00:00+05:30,260.95925207580274,266.9894300854854,260.2470270112067,262.6686096191406,18968785,0.0,0.0
2024-02-21 00:00:00+05:30,262.09879309384837,266.94192876233643,257.9204123333815,259.2024230957031,16340579,0.0,0.0
2024-02-22 00:00:00+05:30,260.05709420042257,262.09880007154464,254.9765500696005,260.8642883300781,16791453,0.0,0.0
2024-02-23 00:00:00+05:30,261.05419645852146,262.0987989169736,257.44560139896976,258.4902038574219,9464646,0.0,0.0
2024-02-26 00:00:00+05:30,258.20528154241174,258.20528154241174,254.31177932083062,256.258544921875,8661999,0.0,0.0
2024-02-27 00:00:00+05:30,254.54919649450702,256.59093129012984,251.60535642553285,255.7837371826172,19582774,0.0,0.0
2024-02-28 00:00:00+05:30,256.40102382885993,256.6859022631316,251.27300914838517,252.36508178710938,9118196,0.0,0.0
2024-02-29 00:00:00+05:30,251.65281198254337,252.9348226698766,248.32909559786827,251.27296447753906,17179832,0.0,0.0
2024-03-01 00:00:00+05:30,253.07727551954332,259.2024219226325,253.07727551954332,256.92327880859375,12930057,0.0,0.0
2024-03-04 00:00:00+05:30,259.01251758968857,266.4196467388203,258.77510923259445,265.1376647949219,22280353,0.0,0.0
2024-03-05 00:00:00+05:30,265.89731036618946,270.5980065523659,262.7160331782068,269.45843505859375,18544484,0.0,0.0
2024-03-06 00:00:00+05:30,269.9807384204282,269.9807384204282,259.7721803386984,266.1347351074219,16807149,0.0,0.0
2024-03-07 00:00:00+05:30,266.1347233078464,270.0282255020288,263.2858235043726,264.093017578125,11386963,0.0,0.0
2024-03-11 00:00:00+05:30,264.0930572220084,266.37217161081134,259.43985930726234,260.1995544433594,10684598,0.0,0.0
2024-03-12 00:00:00+05:30,260.19950822005205,261.71892720283984,255.49881208153823,256.78082275390625,13780189,0.0,0.0
2024-03-13 00:00:00+05:30,257.16069388670235,257.3506321446955,240.0198238914088,242.48887634277344,20079496,0.0,0.0
2024-03-14 00:00:00+05:30,239.78243806989332,251.03559987046398,238.54791172831395,249.99099731445312,21404057,0.0,0.0
2024-03-15 00:00:00+05:30,250.65572569173747,252.9823099308004,236.3637268781698,245.71762084960938,34961065,0.0,0.0
2024-03-18 00:00:00+05:30,245.9075649696749,249.80103847902132,244.57805510935114,248.42408752441406,9246173,0.0,0.0
2024-03-19 00:00:00+05:30,248.80393553745782,250.65573214606644,243.72339136301466,246.19244384765625,8758348,0.0,0.0
2024-03-20 00:00:00+05:30,246.3823796324525,251.27298549719964,244.24570463499418,250.56076049804688,10484778,0.0,0.0
2024-03-21 00:00:00+05:30,251.36797418330767,253.50464934700233,249.136329882902,249.70611572265625,12163200,0.0,0.0
2024-03-22 00:00:00+05:30,249.70611888122835,251.8902641506503,245.43276849978471,249.99099731445312,13025089,0.0,0.0
2024-03-26 00:00:00+05:30,248.47157586445388,254.4067846753787,246.2399315554438,252.12767028808594,10830926,0.0,0.0
2024-03-27 00:00:00+05:30,251.65282124662355,254.69165935954072,246.5722773612033,248.56651306152344,28563001,0.0,0.0
2024-03-28 00:00:00+05:30,249.23128598321298,257.35063958835366,248.75646930500568,254.54920959472656,18888942,0.0,0.0
2024-04-01 00:00:00+05:30,254.5492028147619,257.82544939933285,254.31179448198168,256.3060302734375,6440401,0.0,0.0
2024-04-02 00:00:00+05:30,256.49597122668536,260.2470055357168,255.87871535107357,258.77508544921875,14439120,0.0,0.0
2024-04-03 00:00:00+05:30,261.1966294848437,264.9476926395061,260.0570869048069,261.4815368652344,22600929,0.0,0.0
2024-04-04 00:00:00+05:30,264.6153262379842,264.6153262379842,251.98521432021744,255.4513702392578,24624383,0.0,0.0
2024-04-05 00:00:00+05:30,254.35928502435493,258.2052882944791,253.0772742741441,254.45425415039062,13029904,0.0,0.0
2024-04-08 00:00:00+05:30,254.0743622190197,258.30024173669403,253.1722280277286,256.78082275390625,13011300,0.0,0.0
2024-04-09 00:00:00+05:30,256.40100356815657,258.91752614040877,254.50173687505912,255.40390014648438,13173933,0.0,0.0
2024-04-10 00:00:00+05:30,256.3535257418133,259.43983402477767,255.59380169923978,258.3002624511719,11137195,0.0,0.0
2024-04-12 00:00:00+05:30,258.2053059047067,258.7750917192732,251.65284148846752,252.31759643554688,21894584,0.0,0.0
2024-04-15 00:00:00+05:30,255.546324913889,268.6987518165732,253.64705832810094,265.7548828125,75063828,0.0,0.0
2024-04-16 00:00:00+05:30,263.0484326854855,277.81521939024674,261.3865743562451,268.888671875,79082544,0.0,0.0
2024-04-18 00:00:00+05:30,271.5951092616149,273.2094973774006,259.58225445576016,260.3419494628906,34136482,0.0,0.0
2024-04-19 00:00:00+05:30,262.8110161139465,266.6570193917033,260.2944936618026,261.3865661621094,32658724,0.0,0.0
2024-04-22 00:00:00+05:30,263.3333066477171,263.9980615603965,259.9621199717933,262.8584899902344,14184019,0.0,0.0
2024-04-23 00:00:00+05:30,262.90598904428794,264.7102865466205,261.67144834652754,262.8584899902344,8799147,0.0,0.0
2024-04-24 00:00:00+05:30,263.61823191807787,266.27719378819893,262.38369113654886,265.28009033203125,9253985,0.0,0.0
2024-04-25 00:00:00+05:30,265.28009290135174,268.3664014142999,263.9980820306403,267.7491455078125,17050557,0.0,0.0
2024-04-26 00:00:00+05:30,268.7462447682417,271.7375840994186,267.9865496614545,268.6512756347656,11070290,0.0,0.0
2024-04-29 00:00:00+05:30,269.64838218851787,270.8828938637041,267.9390248915202,268.9361572265625,8952420,0.0,0.0
2024-04-30 00:00:00+05:30,270.17067946466443,271.9275069022763,267.27430943167565,268.6037902832031,10658906,0.0,0.0
2024-05-02 00:00:00+05:30,266.84694613776725,270.265631670865,264.9951496880247,268.5562744140625,15677336,0.0,0.0
2024-05-03 00:00:00+05:30,269.69585826019943,278.19508792081405,269.69585826019943,271.6900939941406,28913016,0.0,0.0
2024-05-06 00:00:00+05:30,274.15914129121,274.20661136331216,261.38656200087155,267.93902587890625,15491865,0.0,0.0
2024-05-07 00:00:00+05:30,269.6009145051696,270.64551703368255,258.30028292337425,259.8197021484375,13179001,0.0,0.0
2024-05-08 00:00:00+05:30,259.72472825466906,266.1347535406618,258.6326556687132,262.906005859375,12797721,0.0,0.0
2024-05-09 00:00:00+05:30,263.2858117163799,264.52032331707665,249.9434764930183,251.8902130126953,14869187,0.0,0.0
2024-05-10 00:00:00+05:30,253.5520890171499,257.54056043658926,251.13053571424558,256.6383972167969,9530738,0.0,0.0
2024-05-13 00:00:00+05:30,258.2053048629027,258.2053048629027,248.8514104680835,253.45713806152344,7163239,0.0,0.0
2024-05-14 00:00:00+05:30,254.4542400437336,260.8167654082762,253.0297901736933,259.1549072265625,9123849,0.0,0.0
2024-05-15 00:00:00+05:30,260.6743801343912,262.09883029905995,258.7751132481661,259.6772766113281,6368662,0.0,0.0
2024-05-16 00:00:00+05:30,262.09879078284484,265.2800681337383,260.00958593077826,263.6656799316406,23757779,0.0,0.0
2024-05-17 00:00:00+05:30,264.7577508056104,269.12606975461716,262.6685749468738,263.47576904296875,11529157,0.0,0.0
2024-05-21 00:00:00+05:30,266.94194292902085,269.695873873173,264.33045119257287,265.9923095703125,17559555,0.0,0.0
2024-05-22 00:00:00+05:30,269.69584644784175,269.69584644784175,262.9534444905442,263.998046875,17935064,0.0,0.0
2024-05-23 00:00:00+05:30,265.84983712683896,270.2181268463784,265.0426430767478,269.1735534667969,17719819,0.0,0.0
2024-05-24 00:00:00+05:30,269.6958675805384,271.54766417901703,267.65416170305525,268.983642578125,11041667,0.0,0.0
2024-05-27 00:00:00+05:30,269.6958571823476,269.8857954345386,261.8139123850669,263.6656799316406,13719808,0.0,0.0
2024-05-28 00:00:00+05:30,265.23257207080053,265.23257207080053,259.2973638792725,260.4844055175781,6927361,0.0,0.0
2024-05-29 00:00:00+05:30,260.00960459355105,260.00960459355105,256.63841772900054,258.1578369140625,8327205,0.0,0.0
2024-05-30 00:00:00+05:30,259.2498900932417,261.2441258131375,251.65282371688292,253.2672119140625,15390964,0.0,0.0
2024-05-31 00:00:00+05:30,254.92907055698848,254.92907055698848,249.7535574883162,251.0355682373047,24167379,0.0,0.0
2024-06-03 00:00:00+05:30,263.9506232435174,272.11744755038757,259.439864454729,269.7908630371094,30195397,0.0,0.0
2024-06-04 00:00:00+05:30,270.64550197960665,270.64550197960665,211.76823488228874,224.3983612060547,72779900,0.0,0.0
2024-06-05 00:00:00+05:30,234.55943930269493,237.1709310358221,218.84300433800584,235.0342559814453,37078551,0.0,0.0
2024-06-06 00:00:00+05:30,241.20687258754043,246.42985604908165,236.6961141434821,239.59249877929688,30881233,0.0,0.0
2024-06-07 00:00:00+05:30,240.73205114577453,247.6643629198987,239.11767736947513,247.28451538085938,22010688,0.0,0.0
2024-06-10 00:00:00+05:30,250.70320061866545,250.70320061866545,245.0528706791849,246.09747314453125,14138524,0.0,0.0
2024-06-11 00:00:00+05:30,253.40966034558076,261.14916620238597,251.89024121884682,259.7721862792969,47270206,0.0,0.0
2024-06-12 00:00:00+05:30,263.9980455457407,265.0426479249368,260.76929826682226,261.62396240234375,20560662,0.0,0.0
2024-06-13 00:00:00+05:30,263.99807371228616,263.99807371228616,258.7750902395611,262.62109375,16013386,0.0,0.0
2024-06-14 00:00:00+05:30,263.04844139278504,264.1880130199038,260.76932711905795,261.5290222167969,10642648,0.0,0.0
2024-06-18 00:00:00+05:30,264.9002119758525,264.94768204709885,260.19951570216875,261.9088439941406,17044769,0.0,0.0
2024-06-19 00:00:00+05:30,262.00383567656365,262.66859061429454,257.44560718515476,257.8729248046875,13361607,0.0,0.0
2024-06-20 00:00:00+05:30,258.1103378573512,260.1995428593752,255.54634515178776,258.1578369140625,12826509,0.0,0.0
2024-06-21 00:00:00+05:30,257.77799149824887,260.91177004673324,255.3564090012284,256.0686340332031,17406416,0.0,0.0
2024-06-24 00:00:00+05:30,256.0686219406573,257.58804106655265,253.17225187294218,256.3060302734375,7282347,0.0,0.0
2024-06-25 00:00:00+05:30,256.49596255989434,257.1606884878966,251.65282688783796,253.55209350585938,14425434,0.0,0.0
2024-06-26 00:00:00+05:30,253.45710344326508,255.59377821204953,250.79814198986915,254.26429748535156,10650910,0.0,0.0
2024-06-27 00:00:00+05:30,253.93193212144737,254.59668700662834,250.22836814238647,254.0269012451172,22830930,0.0,0.0
2024-06-28 00:00:00+05:30,255.45136052521394,261.5765069701596,254.83410466948897,260.38946533203125,19532912,0.0,0.0
2024-07-01 00:00:00+05:30,261.14915978553734,261.90885483998267,257.9204123333815,259.2024230957031,11750972,0.0,0.0
2024-07-02 00:00:00+05:30,259.43982474490707,265.70738123402873,257.82543657012855,261.0067138671875,24470518,0.0,0.0
2024-07-03 00:00:00+05:30,262.09880007154464,263.71318833085576,260.19953340435956,260.8642883300781,9125400,0.0,0.0
2024-07-04 00:00:00+05:30,261.1491496164401,264.8527135785354,259.2973531451387,263.09588623046875,13444669,0.0,0.0
2024-07-05 00:00:00+05:30,263.28583003891043,274.72889960800154,262.57360507036515,273.684326171875,39781962,0.0,0.0
2024-07-08 00:00:00+05:30,275.3936849269889,287.7389190788884,272.8771622228963,284.08282470703125,53136198,0.0,0.0
2024-07-09 00:00:00+05:30,285.64972414784296,286.6468566376366,278.57497248274825,282.4684753417969,18686252,0.0,0.0
2024-07-10 00:00:00+05:30,284.60512779800564,284.70006794900155,274.3016001105691,283.1331787109375,19278800,0.0,0.0
2024-07-11 00:00:00+05:30,284.8899985259434,291.72737008276977,280.28427108700544,289.4007568359375,36020507,0.0,0.0
2024-07-12 00:00:00+05:30,291.3475083701769,296.04820517689814,288.8784847752433,291.6324157714844,31788101,0.0,0.0
2024-07-15 00:00:00+05:30,296.0956563121993,307.34881690197386,293.1043171631476,306.2567443847656,51435537,0.0,0.0
2024-07-16 00:00:00+05:30,307.3013637314056,311.0998972040299,303.64526946790266,306.3992004394531,37468292,0.0,0.0
2024-07-18 00:00:00+05:30,308.72579209982786,316.5127677834716,305.4495456175972,314.9933776855469,48189915,0.0,0.0
2024-07-19 00:00:00+05:30,316.22790392208884,316.4178421833151,302.0308738204698,303.55029296875,26579496,0.0,0.0
2024-07-22 00:00:00+05:30,303.88263897912987,307.063916152044,298.6596561216761,304.642333984375,22234557,0.0,0.0
2024-07-23 00:00:00+05:30,303.9301318049591,305.2121425802397,282.42094295039465,298.3273010253906,37871058,0.0,0.0
2024-07-24 00:00:00+05:30,297.28270555438763,309.34306056700905,296.3805712695126,303.455322265625,28259305,0.0,0.0
2024-07-25 00:00:00+05:30,302.0308791639502,320.54872972123684,300.17911149652775,318.8868713378906,42054664,0.0,0.0
2024-07-26 00:00:00+05:30,319.5516043401591,321.4508709335627,313.4739570373692,314.8984069824219,25703985,0.0,0.0
2024-07-29 00:00:00+05:30,316.9875987842129,322.44799051478327,314.09122867585336,316.1329345703125,26721790,0.0,0.0
2024-07-30 00:00:00+05:30,315.2782271741798,321.2134347640552,314.3285939597997,315.1832580566406,19792253,0.0,0.0
2024-07-31 00:00:00+05:30,315.3257273678211,320.4537703997935,313.14158235828364,317.3674621582031,21393361,0.0,0.0
2024-08-01 00:00:00+05:30,320.7861073969726,327.3386001522055,320.1688515668368,324.53717041015625,36044960,0.0,0.0
2024-08-02 00:00:00+05:30,320.97606602816734,320.97606602816734,312.09698858306143,313.4739685058594,22939377,0.0,0.0
2024-08-05 00:00:00+05:30,304.21505147361296,307.01645248627034,290.5878070151969,294.6237487792969,37986023,0.0,0.0
2024-08-06 00:00:00+05:30,298.94459379039375,306.2093127536376,289.78063693737914,290.68280029296875,28386636,0.0,0.0
2024-08-07 00:00:00+05:30,296.66543492510357,314.28114989784626,296.2855874040206,312.5243225097656,66110716,0.0,0.0
2024-08-08 00:00:00+05:30,312.4293641506326,312.4293641506326,305.49705246532983,306.4466857910156,23478224,0.0,0.0
2024-08-09 00:00:00+05:30,317.1300775378895,318.93437515636083,311.66968562536465,315.8005676269531,29814474,0.0,0.0
2024-08-12 00:00:00+05:30,315.9905094173512,327.33863998036657,313.28404846921455,324.10986328125,34754596,0.0,0.0
2024-08-13 00:00:00+05:30,326.7688472392465,327.62351147307413,316.18044099788546,318.9818420410156,28943385,0.0,0.0
2024-08-14 00:00:00+05:30,318.93434987368727,319.55160572311314,310.340151113037,311.6221618652344,17812763,0.0,0.0
2024-08-16 00:00:00+05:30,315.8005771813082,318.8394156689428,312.0970126986052,312.9991760253906,16584396,0.0,0.0
2024-08-19 00:00:00+05:30,318.12720041940054,321.68832579722965,316.7502203477683,318.4120788574219,19636518,0.0,0.0
2024-08-20 00:00:00+05:30,318.934360161664,319.07679936527876,311.527202788093,313.4739685058594,14972714,0.0,0.0
2024-08-21 00:00:00+05:30,313.9962864719523,314.8034806800549,310.0553135506423,311.19488525390625,11835143,0.0,0.0
2024-08-22 00:00:00+05:30,312.00202297098735,313.8538195803826,307.30135531565355,308.0135803222656,13387819,0.0,0.0
2024-08-23 00:00:00+05:30,310.45395272138234,310.8367507749102,303.89843018434857,305.1903991699219,13229612,2.5,0.0
2024-08-26 00:00:00+05:30,309.5926475862537,314.9519079141875,308.92272909315477,313.7556457519531,21346682,0.0,0.0
2024-08-27 00:00:00+05:30,315.2389901384627,318.2535648599854,311.98516299133325,314.712646484375,20165503,0.0,0.0
2024-08-28 00:00:00+05:30,314.52122774683323,316.10028788903577,310.693188999376,313.707763671875,12446738,0.0,0.0
2024-08-29 00:00:00+05:30,312.0808857917699,315.95676360292924,310.9803304187165,315.430419921875,13799961,0.0,0.0
2024-08-30 00:00:00+05:30,316.2438536086658,320.0240242396589,315.38252155077294,316.53094482421875,19666466,0.0,0.0
2024-09-02 00:00:00+05:30,315.8131998717925,317.6793804623731,311.79374746390425,312.17657470703125,8975511,0.0,0.0
2024-09-03 00:00:00+05:30,312.9421762006469,313.8991859137987,307.8221683941609,308.3485412597656,10321111,0.0,0.0
2024-09-04 00:00:00+05:30,301.45806177072427,302.6064851168603,295.14179177821387,300.88385009765625,25397204,0.0,0.0
2024-09-05 00:00:00+05:30,303.3242387883058,303.3242387883058,296.8165552471994,298.0128173828125,15571640,0.0,0.0
2024-09-06 00:00:00+05:30,298.10853515816865,299.6875953941265,290.6438708396662,295.52459716796875,27946491,0.0,0.0
2024-09-09 00:00:00+05:30,295.4289142592933,295.4289142592933,281.9829100783012,286.0502014160156,30369085,0.0,0.0
2024-09-10 00:00:00+05:30,287.1986337477142,288.53844156560126,282.31787814876407,282.89208984375,15618589,0.0,0.0
2024-09-11 00:00:00+05:30,279.82962566953404,279.82962566953404,271.07299290490346,273.03485107421875,44826300,0.0,0.0
2024-09-12 00:00:00+05:30,275.61879438696565,282.0786098804101,274.18327983286684,281.40869140625,21964895,0.0,0.0
2024-09-13 00:00:00+05:30,282.98776216040244,284.4711154197897,278.5376439710076,278.92047119140625,13672371,0.0,0.0
2024-09-16 00:00:00+05:30,282.12646476339836,282.70067645888935,278.82479862416017,279.92535400390625,10971110,0.0,0.0
2024-09-17 00:00:00+05:30,281.0737380199888,283.8490600861842,279.5903555806387,281.9828796386719,11873436,0.0,0.0
2024-09-18 00:00:00+05:30,284.8061006135487,284.99748503558885,275.5230945788397,277.9156188964844,13421760,0.0,0.0
2024-09-19 00:00:00+05:30,275.04459514194326,276.76723020800654,270.3552532279627,272.9870300292969,17067311,0.0,0.0
2024-09-20 00:00:00+05:30,274.6617574500205,276.62361546384585,272.93915183815506,273.9440002441406,16585530,0.0,0.0
2024-09-23 00:00:00+05:30,276.00159906631325,283.6576768723448,275.1881349582986,282.74853515625,14621229,0.0,0.0
2024-09-24 00:00:00+05:30,283.5619646602865,289.0169316754817,282.03077249272576,286.5765686035156,16986759,0.0,0.0
2024-09-25 00:00:00+05:30,286.57655240609876,288.251319299626,283.94477585912733,285.8587951660156,10609614,0.0,0.0
2024-09-26 00:00:00+05:30,284.2797219381772,285.85881132008893,278.96832974365856,282.50927734375,27812412,0.0,0.0
2024-09-27 00:00:00+05:30,280.1167353965192,285.61954086750336,277.24570645513614,284.42327880859375,35706130,0.0,0.0
2024-09-30 00:00:00+05:30,284.2318796499954,288.825514507546,281.12159813867385,284.80609130859375,16294341,0.0,0.0
2024-10-01 00:00:00+05:30,284.2318740018677,286.28943896580824,278.20272472043877,279.39898681640625,10919818,0.0,0.0
2024-10-03 00:00:00+05:30,282.3178804279337,285.1889097204211,278.0591752951625,279.49468994140625,28124665,0.0,0.0
2024-10-04 00:00:00+05:30,284.2318959700466,286.81583397929495,280.5952705994791,282.55712890625,23104209,0.0,0.0
2024-10-07 00:00:00+05:30,283.27487158789876,283.56196281604457,269.39823091889696,277.0064697265625,20917962,0.0,0.0
2024-10-08 00:00:00+05:30,275.7623343302824,281.26514000783084,268.48905489796437,280.8345031738281,10572360,0.0,0.0
2024-10-09 00:00:00+05:30,278.7290666338889,279.3511170788153,274.5182299232901,276.0972900390625,13147475,0.0,0.0
2024-10-10 00:00:00+05:30,276.28870904933325,279.5903749548383,275.18812454188026,276.3365478515625,7237212,0.0,0.0
2024-10-11 00:00:00+05:30,278.77691292811767,281.025891556177,277.0543071565419,279.9731750488281,7011704,0.0,0.0
2024-10-14 00:00:00+05:30,280.11672942458046,280.3081138265558,272.891289219439,274.1832580566406,12690951,0.0,0.0
2024-10-15 00:00:00+05:30,274.08757076208184,274.08757076208184,268.7761786379471,271.503662109375,15087155,0.0,0.0
2024-10-16 00:00:00+05:30,270.8337368304725,274.90102793128347,268.5847582630182,273.13055419921875,18188885,0.0,0.0
2024-10-17 00:00:00+05:30,272.747784901797,275.23601614904277,268.8719070091249,269.49395751953125,13343303,0.0,0.0
2024-10-18 00:00:00+05:30,269.8767182431354,272.2692423410355,267.1971029357338,271.1208190917969,14028398,0.0,0.0
2024-10-21 00:00:00+05:30,269.0632753401779,271.79075886711604,262.7470053845367,264.7088928222656,10299773,0.0,0.0
2024-10-22 00:00:00+05:30,266.0487156584258,266.19226128258504,258.3926375099819,259.1582336425781,10028511,0.0,0.0
2024-10-23 00:00:00+05:30,258.3926211123046,262.6034579856036,253.65541137633159,259.2060852050781,18823321,0.0,0.0
2024-10-24 00:00:00+05:30,260.21092646009345,260.7372993080896,256.81355377430333,257.53131103515625,7488521,0.0,0.0
2024-10-25 00:00:00+05:30,258.3926140638598,258.6797052861281,250.35373857855217,252.69839477539062,12961181,0.0,0.0
2024-10-28 00:00:00+05:30,249.44458071899763,253.65541769722745,244.324587416242,252.0285186767578,13835091,0.0,0.0
2024-10-29 00:00:00+05:30,252.0284991105579,254.13390283341045,248.24829928168393,253.60755920410156,9122757,0.0,0.0
2024-10-30 00:00:00+05:30,253.60756912934335,254.75599244538384,249.82736915252661,250.40158081054688,11166643,0.0,0.0
2024-10-31 00:00:00+05:30,252.07635316577014,256.76569492955826,249.92308130637184,254.7081298828125,16173656,0.0,0.0
2024-11-01 00:00:00+05:30,258.201202237946,262.2206546113155,257.1006469374528,260.0673828125,2955757,0.0,0.0
2024-11-04 00:00:00+05:30,262.22063335768144,262.5555925625826,248.96604440705508,253.89463806152344,14355959,0.0,0.0
2024-11-05 00:00:00+05:30,253.79896947383304,257.05279642490956,252.26774820108625,255.9043731689453,11676017,0.0,0.0
2024-11-06 00:00:00+05:30,256.19151968510164,258.9668420965301,253.03337001227374,257.48345947265625,19244545,0.0,0.0
2024-11-07 00:00:00+05:30,258.8711048087738,258.8711048087738,253.41613823776572,253.79896545410156,6766663,0.0,0.0
2024-11-08 00:00:00+05:30,254.51671922015237,255.04306282704255,248.48754111212864,251.2628631591797,7836093,0.0,0.0
2024-11-11 00:00:00+05:30,251.07150379749132,251.07150379749132,244.99448628484888,245.8557891845703,8450657,0.0,0.0
2024-11-12 00:00:00+05:30,249.63598831832667,251.8849669745603,244.42027372444133,245.13803100585938,22445400,0.0,0.0
2024-11-13 00:00:00+05:30,245.13802084613877,245.90364610462458,238.29540755466834,241.6927947998047,17483332,0.0,0.0
2024-11-14 00:00:00+05:30,241.692802865124,243.3675698415761,238.29541550661642,240.01803588867188,12454540,0.0,0.0
2024-11-18 00:00:00+05:30,240.3051472587198,241.2621569816095,236.47710836716115,239.87448120117188,14636541,0.0,0.0
2024-11-19 00:00:00+05:30,245.12004852294922,250.41463558666874,242.2766619444592,243.15908813476562,17397559,6.0,0.0
2024-11-21 00:00:00+05:30,243.15909406837326,243.15909406837326,236.09963949083445,237.42327880859375,16189440,0.0,0.0
2024-11-22 00:00:00+05:30,240.02155158279413,242.12957799004303,238.74692435380956,240.80593872070312,9637581,0.0,0.0
2024-11-25 00:00:00+05:30,243.64932186839528,255.41508389020913,243.1100547835408,252.86582946777344,31973671,0.0,0.0
2024-11-26 00:00:00+05:30,251.93440265964895,253.20901496759674,247.62028074656013,249.28709411621094,9242451,0.0,0.0
2024-11-27 00:00:00+05:30,250.02245376085943,250.51269386627288,245.65931981486787,249.33612060546875,11689970,0.0,0.0
2024-11-28 00:00:00+05:30,250.02244711894758,252.37559357804392,246.2966194245948,247.277099609375,14202863,0.0,0.0
2024-11-29 00:00:00+05:30,248.84588365431617,253.60120376053854,247.32613631608268,251.6892852783203,11476347,0.0,0.0
2024-12-02 00:00:00+05:30,250.51268689425478,253.25801943941218,247.76733938815707,252.5226593017578,13677959,0.0,0.0
2024-12-03 00:00:00+05:30,255.31702512703504,259.53310772601174,253.79729286298087,257.2289733886719,15345326,0.0,0.0
2024-12-04 00:00:00+05:30,258.699712772155,259.14091091928935,254.92485792996948,255.6112060546875,10713838,0.0,0.0
2024-12-05 00:00:00+05:30,255.61119871134588,258.111411238925,251.88535601858612,256.199462890625,12896743,0.0,0.0
2024-12-06 00:00:00+05:30,255.7092218375673,257.86629022646497,254.48362159884834,254.97386169433594,8783386,0.0,0.0
2024-12-09 00:00:00+05:30,254.9738597030017,256.248501894443,252.66975520970968,253.8463134765625,6800856,0.0,0.0
2024-12-10 00:00:00+05:30,252.6207208774722,253.69925509607333,249.5322141911137,251.88536071777344,11318782,0.0,0.0
2024-12-11 00:00:00+05:30,252.47364320765666,253.65023137776478,250.65974891285668,251.59121704101562,5353032,0.0,0.0
2024-12-12 00:00:00+05:30,252.9638973030954,253.55219142073477,248.64979031020968,249.09100341796875,7123877,0.0,0.0
2024-12-13 00:00:00+05:30,248.06149385015286,251.7873066902168,244.6298131051903,249.28709411621094,11143128,0.0,0.0
2024-12-16 00:00:00+05:30,249.04197166822254,251.2970641673319,246.29662410646347,246.88491821289062,7283872,0.0,0.0
2024-12-17 00:00:00+05:30,246.83589572856278,247.5222288913299,241.68837456639812,242.57080078125,10066884,0.0,0.0
2024-12-18 00:00:00+05:30,242.57079217374456,242.66884617677798,238.6488714274532,239.3842315673828,8430930,0.0,0.0
2024-12-19 00:00:00+05:30,235.3152408327078,239.18813451255807,233.8935475781982,237.12913513183594,9518542,0.0,0.0
2024-12-20 00:00:00+05:30,236.78596971436139,239.38423627550503,230.7069954302388,232.47186279296875,15556528,0.0,0.0
2024-12-23 00:00:00+05:30,233.59941183182374,237.57035970509853,232.22674551162692,236.14866638183594,7722901,0.0,0.0
2024-12-24 00:00:00+05:30,236.29572344573157,238.50180385134524,233.94257699745307,234.28573608398438,3577400,0.0,0.0
2024-12-26 00:00:00+05:30,235.31524372398542,237.27620408835196,234.33476354180215,235.56036376953125,6330006,0.0,0.0
2024-12-27 00:00:00+05:30,235.31525148533268,236.2957316998549,231.68747768378864,232.2757568359375,6487888,0.0,0.0
2024-12-30 00:00:00+05:30,231.44234513930596,232.37379830064376,226.63798337087212,228.10870361328125,19401112,0.0,0.0
2024-12-31 00:00:00+05:30,228.10870467951813,235.2171858843891,227.8145725984134,234.5798797607422,12004845,0.0,0.0
2025-01-01 00:00:00+05:30,233.16799690625777,234.5700913896138,231.7365041743471,232.3247833251953,9418453,0.0,0.0
2025-01-02 00:00:00+05:30,232.42283383759954,241.962901971362,232.3738068355305,241.2667694091797,19745810,0.0,0.0
2025-01-03 00:00:00+05:30,243.60030198023537,257.62117179112204,243.14928946769064,253.83653259277344,49760410,0.0,0.0
2025-01-06 00:00:00+05:30,254.05220920707114,254.43461084598997,246.5417422764985,249.3949432373047,19265884,0.0,0.0
2025-01-07 00:00:00+05:30,254.09142986141575,262.1803912572397,253.01289569092984,258.3467102050781,52956766,0.0,0.0
2025-01-08 00:00:00+05:30,261.24897295049834,268.1613467010972,260.5626248110296,266.03369140625,42237794,0.0,0.0
2025-01-09 00:00:00+05:30,266.7200103188204,267.26907680147633,256.6014481295116,258.0427551269531,14706472,0.0,0.0
2025-01-10 00:00:00+05:30,258.8467761557248,261.2979766875025,253.42472177630782,257.8858947753906,13053552,0.0,0.0
2025-01-13 00:00:00+05:30,260.8371384409462,263.3569796592203,249.6400566943129,250.73818969726562,20416370,0.0,0.0
2025-01-14 00:00:00+05:30,252.49325358346886,256.8858157079089,251.8069353877598,255.28762817382812,8470150,0.0,0.0
2025-01-15 00:00:00+05:30,255.80727288610703,259.3075943087061,252.65993988755957,253.14036560058594,9344731,0.0,0.0
2025-01-16 00:00:00+05:30,254.92483547432585,260.4449434299821,254.92483547432585,258.0427551269531,14195450,0.0,0.0
2025-01-17 00:00:00+05:30,256.88580608098533,261.78820696039344,256.19945798911607,261.3666076660156,12148143,0.0,0.0
2025-01-20 00:00:00+05:30,262.8667575819722,265.1904909566728,259.8370772396008,264.1021423339844,9676264,0.0,0.0
2025-01-21 00:00:00+05:30,262.81771381942855,264.09235607222064,259.6409674475787,260.61163330078125,8989218,0.0,0.0
2025-01-22 00:00:00+05:30,260.80773081194906,261.1901324489506,256.6014624143365,258.8957824707031,7919682,0.0,0.0
2025-01-23 00:00:00+05:30,257.8663016777302,258.68008710675036,256.0720360141939,257.9153137207031,5026675,0.0,0.0
2025-01-24 00:00:00+05:30,257.8564833961161,260.4547799157481,250.7578161807046,251.50299072265625,6306281,0.0,0.0
2025-01-27 00:00:00+05:30,250.02245435657963,251.43434825728494,244.63961260037576,245.88482666015625,6944911,0.0,0.0
2025-01-28 00:00:00+05:30,245.12004669184682,247.4731931557124,241.89427346019585,243.8258056640625,8029472,0.0,0.0
2025-01-29 00:00:00+05:30,244.0415210052903,247.081015674552,242.1786145698982,246.4927215576172,5651586,0.0,0.0
2025-01-30 00:00:00+05:30,247.08100983321725,254.33655731219744,246.04170321735182,251.70887756347656,12588155,0.0,0.0
2025-01-31 00:00:00+05:30,251.99322162668585,258.3467140680402,250.22835430356503,257.48388671875,8850307,0.0,0.0
2025-02-01 00:00:00+05:30,254.48361966883613,257.3760481790289,248.79684657306126,252.5226593017578,10921673,0.0,0.0
2025-02-03 00:00:00+05:30,250.61074751004926,251.34610766710819,240.07058525887172,244.1395721435547,25719512,0.0,0.0
2025-02-04 00:00:00+05:30,247.47320156433437,252.4736566711292,247.0810154606779,249.14002990722656,8402532,0.0,0.0
2025-02-05 00:00:00+05:30,253.94436656458373,257.86628728372784,252.71876633985116,256.5426330566406,11590755,0.0,0.0
2025-02-06 00:00:00+05:30,257.5231151114974,257.81727712070335,249.33611452723719,251.14999389648438,12327998,0.0,0.0
2025-02-07 00:00:00+05:30,252.9499969482422,253.85000610351562,247.5,248.89999389648438,10098454,5.0,0.0
2025-02-10 00:00:00+05:30,248.9499969482422,249.60000610351562,241.8000030517578,242.4499969482422,7582536,0.0,0.0
2025-02-11 00:00:00+05:30,242.4499969482422,242.4499969482422,236.8000030517578,238.9499969482422,6711630,0.0,0.0
2025-02-12 00:00:00+05:30,239.0,241.25,234.14999389648438,237.39999389648438,5985956,0.0,0.0
2025-02-13 00:00:00+05:30,238.5,239.4499969482422,234.1999969482422,234.9499969482422,10079210,0.0,0.0
2025-02-14 00:00:00+05:30,235.0,237.9499969482422,226.75,230.5,8065352,0.0,0.0
2025-02-17 00:00:00+05:30,230.1999969482422,234.3000030517578,225.0500030517578,233.64999389648438,6692422,0.0,0.0
2025-02-18 00:00:00+05:30,232.1999969482422,237.14999389648438,229.5500030517578,236.60000610351562,6170974,0.0,0.0
2025-02-19 00:00:00+05:30,236.0,238.8000030517578,234.5,238.3000030517578,6168581,0.0,0.0
2025-02-20 00:00:00+05:30,236.8000030517578,242.64999389648438,236.5,241.89999389648438,8929816,0.0,0.0
2025-02-21 00:00:00+05:30,241.89999389648438,243.0500030517578,238.10000610351562,239.89999389648438,5697387,0.0,0.0
2025-02-24 00:00:00+05:30,236.3000030517578,237.9499969482422,234.0,234.35000610351562,6883143,0.0,0.0
2025-02-25 00:00:00+05:30,235.0,236.6999969482422,232.5500030517578,233.0,5519036,0.0,0.0
2025-02-27 00:00:00+05:30,233.5,233.85000610351562,228.5,231.0,9664032,0.0,0.0
2025-02-28 00:00:00+05:30,230.0,230.5,223.14999389648438,225.25,17237276,0.0,0.0
2025-03-03 00:00:00+05:30,224.75,226.0,218.36000061035156,225.1300048828125,11928529,0.0,0.0
2025-03-04 00:00:00+05:30,220.10000610351562,227.75,215.47999572753906,226.75999450683594,12428265,0.0,0.0
2025-03-05 00:00:00+05:30,227.1199951171875,231.25,226.75999450683594,228.94000244140625,7466729,0.0,0.0
2025-03-06 00:00:00+05:30,231.49000549316406,233.57000732421875,226.7100067138672,232.60000610351562,10439208,0.0,0.0
2025-03-07 00:00:00+05:30,232.60000610351562,236.47000122070312,231.1699981689453,232.88999938964844,9079049,0.0,0.0
2025-03-10 00:00:00+05:30,232.88999938964844,235.0,222.47999572753906,223.19000244140625,16489167,0.0,0.0
2025-03-11 00:00:00+05:30,220.89999389648438,227.25999450683594,220.10000610351562,226.72000122070312,10941588,0.0,0.0
2025-03-12 00:00:00+05:30,227.10000610351562,228.83999633789062,222.36000061035156,224.39999389648438,6994310,0.0,0.0
2025-03-13 00:00:00+05:30,228.14999389648438,230.39999389648438,224.8699951171875,225.42999267578125,16105085,0.0,0.0
2025-03-17 00:00:00+05:30,226.52000427246094,230.4499969482422,226.24000549316406,229.74000549316406,8788971,0.0,0.0
2025-03-18 00:00:00+05:30,229.74000549316406,229.74000549316406,229.74000549316406,229.74000549316406,0,0.0,0.0
2025-03-19 00:00:00+05:30,232.5,235.13999938964844,231.60000610351562,232.57000732421875,8626593,0.0,0.0
2025-03-20 00:00:00+05:30,233.47999572753906,237.0399932861328,232.00999450683594,235.58999633789062,18955995,0.0,0.0
2025-03-21 00:00:00+05:30,235.8000030517578,248.0,235.8000030517578,242.4199981689453,29285333,0.0,0.0
2025-03-24 00:00:00+05:30,244.19000244140625,246.39999389648438,242.75,243.8300018310547,10566066,0.0,0.0
2025-03-25 00:00:00+05:30,244.00999450683594,245.3699951171875,240.5500030517578,242.25,8915800,0.0,0.0
2025-03-26 00:00:00+05:30,243.35000610351562,244.5,239.3699951171875,239.72000122070312,7543985,0.0,0.0
2025-03-27 00:00:00+05:30,238.8699951171875,243.39999389648438,238.64999389648438,242.1699981689453,9935664,0.0,0.0
2025-03-28 00:00:00+05:30,243.44000244140625,254.89999389648438,243.25999450683594,246.3800048828125,32905564,0.0,0.0
2025-04-01 00:00:00+05:30,247.0,252.1999969482422,246.6999969482422,248.07000732421875,11258957,0.0,0.0
2025-04-02 00:00:00+05:30,250.0500030517578,251.5,248.0,250.63999938964844,15337906,0.0,0.0
2025-04-03 00:00:00+05:30,248.0,249.6199951171875,242.50999450683594,243.30999755859375,11141370,0.0,0.0
2025-04-04 00:00:00+05:30,240.55999755859375,241.2100067138672,224.1999969482422,226.00999450683594,38336194,0.0,0.0
2025-04-07 00:00:00+05:30,208.0,220.8000030517578,205.0,219.83999633789062,27024128,0.0,0.0
2025-04-08 00:00:00+05:30,223.0,227.24000549316406,219.17999267578125,226.66000366210938,11309092,0.0,0.0
2025-04-09 00:00:00+05:30,222.0,224.05999755859375,220.25999450683594,221.94000244140625,16889575,0.0,0.0
2025-04-11 00:00:00+05:30,228.3000030517578,231.39999389648438,225.25,230.3699951171875,13886447,0.0,0.0
2025-04-15 00:00:00+05:30,234.0,234.0,230.10000610351562,232.69000244140625,12102239,0.0,0.0
2025-04-16 00:00:00+05:30,232.69000244140625,242.0,231.72000122070312,241.22000122070312,18748952,0.0,0.0
2025-04-17 00:00:00+05:30,241.0,244.61000061035156,239.25999450683594,243.49000549316406,12891813,0.0,0.0
2025-04-21 00:00:00+05:30,244.00999450683594,250.5500030517578,241.75,249.77999877929688,11698653,0.0,0.0
2025-04-22 00:00:00+05:30,248.97000122070312,250.60000610351562,247.25999450683594,247.77999877929688,9896443,0.0,0.0
2025-04-23 00:00:00+05:30,248.74000549316406,252.75,244.9199981689453,252.1699981689453,16555874,0.0,0.0
2025-04-24 00:00:00+05:30,250.0,251.3699951171875,248.0,249.3699951171875,6538518,0.0,0.0
2025-04-25 00:00:00+05:30,249.0,250.67999267578125,244.39999389648438,246.3300018310547,15616265,0.0,0.0
2025-04-28 00:00:00+05:30,246.0,251.9499969482422,244.3800048828125,250.60000610351562,7669983,0.0,0.0
2025-04-29 00:00:00+05:30,251.24000549316406,252.10000610351562,245.10000610351562,245.67999267578125,8030552,0.0,0.0
2025-04-30 00:00:00+05:30,245.5,247.44000244140625,242.22000122070312,244.4499969482422,9822483,0.0,0.0
2025-05-02 00:00:00+05:30,241.0,246.27000427246094,239.0,242.74000549316406,10203190,0.0,0.0
2025-05-05 00:00:00+05:30,240.0,241.14999389648438,234.5,239.1999969482422,20086323,0.0,0.0
2025-05-06 00:00:00+05:30,241.1300048828125,242.99000549316406,236.0,237.0,11350559,0.0,0.0
2025-05-07 00:00:00+05:30,232.3000030517578,240.08999633789062,232.07000732421875,238.6699981689453,16689539,0.0,0.0
2025-05-08 00:00:00+05:30,237.66000366210938,239.33999633789062,231.39999389648438,233.22000122070312,15026122,0.0,0.0
2025-05-09 00:00:00+05:30,229.10000610351562,235.3000030517578,228.4499969482422,234.9600067138672,11184507,0.0,0.0
2025-05-12 00:00:00+05:30,239.0,244.60000610351562,238.11000061035156,244.02000427246094,11374237,0.0,0.0
2025-05-13 00:00:00+05:30,244.14999389648438,245.2899932861328,240.2899932861328,241.16000366210938,9336026,0.0,0.0
2025-05-14 00:00:00+05:30,241.16000366210938,246.89999389648438,241.16000366210938,246.00999450683594,8234859,0.0,0.0
2025-05-15 00:00:00+05:30,244.9499969482422,248.9199981689453,242.3000030517578,247.61000061035156,16812750,0.0,0.0
2025-05-16 00:00:00+05:30,247.05999755859375,249.38999938964844,246.1999969482422,247.27000427246094,8030229,0.0,0.0
2025-05-19 00:00:00+05:30,248.0,249.4499969482422,244.91000366210938,246.5800018310547,8043270,0.0,0.0
2025-05-20 00:00:00+05:30,246.7899932861328,252.6999969482422,246.7899932861328,249.25999450683594,13183059,0.0,0.0
2025-05-21 00:00:00+05:30,251.5,251.9499969482422,247.75999450683594,248.67999267578125,7158307,0.0,0.0
2025-05-22 00:00:00+05:30,248.67999267578125,250.47999572753906,239.61000061035156,241.6699981689453,18502235,0.0,0.0
2025-05-23 00:00:00+05:30,242.5,244.67999267578125,240.14999389648438,244.24000549316406,8725218,0.0,0.0
2025-05-26 00:00:00+05:30,245.3000030517578,247.1300048828125,244.80999755859375,245.94000244140625,7159571,0.0,0.0
2025-05-27 00:00:00+05:30,246.85000610351562,246.85000610351562,242.9199981689453,244.5399932861328,9712093,0.0,0.0
2025-05-28 00:00:00+05:30,244.63999938964844,245.33999633789062,241.3000030517578,242.6699981689453,7385958,0.0,0.0
2025-05-29 00:00:00+05:30,243.60000610351562,244.60000610351562,241.35000610351562,243.0399932861328,12938112,0.0,0.0
2025-05-30 00:00:00+05:30,243.0399932861328,245.19000244140625,238.88999938964844,239.39999389648438,10108840,0.0,0.0
2025-06-02 00:00:00+05:30,239.0,240.08999633789062,237.66000366210938,238.30999755859375,6278145,0.0,0.0
2025-06-03 00:00:00+05:30,240.5,241.0500030517578,236.60000610351562,237.27000427246094,9515918,0.0,0.0
2025-06-04 00:00:00+05:30,238.0,238.5,235.5,238.0500030517578,6733580,0.0,0.0
2025-06-05 00:00:00+05:30,238.0500030517578,239.6199951171875,236.22000122070312,237.77000427246094,8941808,0.0,0.0
2025-06-06 00:00:00+05:30,237.7899932861328,240.47000122070312,237.50999450683594,240.05999755859375,5985346,0.0,0.0
2025-06-09 00:00:00+05:30,241.77999877929688,244.1199951171875,240.5,242.8000030517578,7719525,0.0,0.0
2025-06-10 00:00:00+05:30,244.25,245.0,242.58999633789062,244.67999267578125,7659657,0.0,0.0
2025-06-11 00:00:00+05:30,244.5,250.39999389648438,243.5500030517578,247.32000732421875,20842417,0.0,0.0
2025-06-12 00:00:00+05:30,251.5,255.1999969482422,246.75,247.8800048828125,35613271,0.0,0.0
2025-06-13 00:00:00+05:30,255.5500030517578,255.9499969482422,249.1199951171875,251.50999450683594,39320377,0.0,0.0
2025-06-16 00:00:00+05:30,253.99000549316406,257.5,252.19000244140625,256.7900085449219,41444122,0.0,0.0
2025-06-17 00:00:00+05:30,256.94000244140625,257.0899963378906,251.5500030517578,252.30999755859375,18781097,0.0,0.0
2025-06-18 00:00:00+05:30,254.02999877929688,255.88999938964844,249.77000427246094,250.36000061035156,12691905,0.0,0.0
2025-06-19 00:00:00+05:30,250.5,253.0,248.1999969482422,251.55999755859375,10790997,0.0,0.0
2025-06-20 00:00:00+05:30,252.25999450683594,253.25,249.35000610351562,251.88999938964844,15907673,0.0,0.0
2025-06-23 00:00:00+05:30,253.00999450683594,255.49000549316406,250.3300018310547,251.3800048828125,16776881,0.0,0.0
2025-06-24 00:00:00+05:30,247.5,248.0,243.49000549316406,243.9199981689453,22215004,0.0,0.0
2025-06-25 00:00:00+05:30,244.0,245.3000030517578,241.5,241.91000366210938,13056178,0.0,0.0
2025-06-26 00:00:00+05:30,242.0,245.3699951171875,241.5399932861328,244.72999572753906,15769123,0.0,0.0
2025-06-27 00:00:00+05:30,245.00999450683594,246.22000122070312,242.0,242.8300018310547,21691960,0.0,0.0
2025-06-30 00:00:00+05:30,244.0,245.6999969482422,243.0,244.2100067138672,8783448,0.0,0.0
2025-07-01 00:00:00+05:30,245.3000030517578,245.3000030517578,241.3000030517578,243.3699951171875,8470489,0.0,0.0
2025-07-02 00:00:00+05:30,242.89999389648438,243.75,240.1999969482422,241.07000732421875,10419419,0.0,0.0
2025-07-03 00:00:00+05:30,242.0,246.1999969482422,241.8000030517578,244.0500030517578,13891239,0.0,0.0
2025-07-04 00:00:00+05:30,245.1999969482422,245.4499969482422,242.50999450683594,245.24000549316406,7717259,0.0,0.0
2025-07-07 00:00:00+05:30,245.5,245.5,240.8300018310547,241.52000427246094,9222263,0.0,0.0
2025-07-08 00:00:00+05:30,242.41000366210938,243.6999969482422,240.64999389648438,243.24000549316406,7537067,0.0,0.0
2025-07-09 00:00:00+05:30,243.35000610351562,244.58999633789062,242.27000427246094,243.35000610351562,9590680,0.0,0.0
2025-07-10 00:00:00+05:30,243.50999450683594,244.69000244140625,242.3300018310547,243.08999633789062,8012201,0.0,0.0
2025-07-11 00:00:00+05:30,243.0500030517578,243.08999633789062,240.8000030517578,241.75999450683594,5608382,0.0,0.0
2025-07-14 00:00:00+05:30,242.89999389648438,244.88999938964844,241.13999938964844,244.22000122070312,7568906,0.0,0.0
2025-07-15 00:00:00+05:30,244.47999572753906,245.3699951171875,242.6999969482422,243.6699981689453,7843083,0.0,0.0
2025-07-16 00:00:00+05:30,244.0,244.14999389648438,242.3000030517578,242.85000610351562,5656962,0.0,0.0
2025-07-17 00:00:00+05:30,243.0,244.55999755859375,242.82000732421875,243.8699951171875,7006298,0.0,0.0
2025-07-18 00:00:00+05:30,244.74000549316406,247.35000610351562,243.4600067138672,246.30999755859375,10293817,0.0,0.0
2025-07-21 00:00:00+05:30,246.0,246.3000030517578,244.42999267578125,245.0399932861328,5424455,0.0,0.0
2025-07-22 00:00:00+05:30,245.0399932861328,246.8699951171875,244.07000732421875,246.41000366210938,5869862,0.0,0.0
2025-07-23 00:00:00+05:30,246.0,247.1999969482422,244.25999450683594,245.5500030517578,7357753,0.0,0.0
2025-07-24 00:00:00+05:30,245.55999755859375,246.1999969482422,243.75999450683594,244.8300018310547,4590999,0.0,0.0
2025-07-25 00:00:00+05:30,244.0,244.8000030517578,239.25,240.2899932861328,7427827,0.0,0.0
2025-07-28 00:00:00+05:30,240.2899932861328,241.55999755859375,237.8000030517578,240.02000427246094,6865890,0.0,0.0
2025-07-29 00:00:00+05:30,240.02000427246094,242.50999450683594,239.82000732421875,241.44000244140625,6157824,0.0,0.0
2025-07-30 00:00:00+05:30,242.5399932861328,243.7100067138672,240.10000610351562,241.80999755859375,8767763,0.0,0.0
2025-07-31 00:00:00+05:30,240.1999969482422,242.80999755859375,239.66000366210938,241.0,10254214,0.0,0.0
2025-08-01 00:00:00+05:30,240.10000610351562,240.7100067138672,234.0500030517578,236.7899932861328,12629251,0.0,0.0
2025-08-04 00:00:00+05:30,236.5,238.38999938964844,234.0,234.8300018310547,16174972,0.0,0.0
2025-08-05 00:00:00+05:30,235.5,236.0,233.0500030517578,234.47999572753906,9562689,0.0,0.0
2025-08-06 00:00:00+05:30,234.5500030517578,235.3699951171875,232.91000366210938,233.77000427246094,7568954,0.0,0.0
2025-08-07 00:00:00+05:30,233.14999389648438,234.1999969482422,231.30999755859375,233.92999267578125,5560413,0.0,0.0
2025-08-08 00:00:00+05:30,233.89999389648438,235.1199951171875,232.67999267578125,233.44000244140625,5249568,0.0,0.0
2025-08-11 00:00:00+05:30,233.44000244140625,235.0,231.5800018310547,233.7899932861328,4699743,0.0,0.0
2025-08-12 00:00:00+05:30,233.8000030517578,236.36000061035156,233.61000061035156,235.52000427246094,7036778,0.0,0.0
2025-08-13 00:00:00+05:30,237.74000549316406,239.9499969482422,236.3000030517578,238.6699981689453,8501906,0.0,0.0
2025-08-14 00:00:00+05:30,238.50999450683594,238.6699981689453,234.42999267578125,236.94000244140625,7258450,0.0,0.0
2025-08-18 00:00:00+05:30,237.25,238.58999633789062,235.5,238.16000366210938,8501972,0.0,0.0
2025-08-19 00:00:00+05:30,237.5,238.5399932861328,236.67999267578125,237.94000244140625,5538059,0.0,0.0
2025-08-20 00:00:00+05:30,237.0,239.08999633789062,237.0,237.92999267578125,7438061,0.0,0.0
2025-08-21 00:00:00+05:30,238.0,240.99000549316406,237.22999572753906,238.2899932861328,8111371,0.0,0.0
2025-08-22 00:00:00+05:30,238.0,238.6300048828125,235.88999938964844,236.2899932861328,5423818,0.0,0.0
2025-08-25 00:00:00+05:30,236.3000030517578,237.49000549316406,235.64999389648438,236.75999450683594,8854258,0.0,0.0
2025-08-26 00:00:00+05:30,236.66000366210938,237.3000030517578,233.8000030517578,234.19000244140625,14671897,0.0,0.0
2025-08-27 00:00:00+05:30,234.19000244140625,234.19000244140625,234.19000244140625,234.19000244140625,0,0.0,0.0
2025-08-28 00:00:00+05:30,234.3000030517578,235.27999877929688,232.3800048828125,233.38999938964844,13870643,0.0,0.0
2025-08-29 00:00:00+05:30,233.38999938964844,235.3699951171875,231.3300018310547,233.7100067138672,9928988,0.0,0.0
2025-09-01 00:00:00+05:30,234.0,239.19000244140625,233.07000732421875,238.72000122070312,4366396,0.0,0.0
