Date,Open,High,Low,Close,Volume,Dividends,Stock Splits
2020-01-01 00:00:00+05:30,407.4413241842928,410.7351100589612,405.84147384306897,408.7117614746094,2321850,0.0,0.0
2020-01-02 00:00:00+05:30,408.4294776993304,416.52278645755604,406.5473142076284,409.3235168457031,4555670,0.0,0.0
2020-01-03 00:00:00+05:30,409.04116315825576,423.86320022304136,407.5354266649103,418.4049377441406,9457180,0.0,0.0
2020-01-06 00:00:00+05:30,414.92287993493926,418.4990073176668,409.46461803437074,414.02886962890625,4794923,0.0,0.0
2020-01-07 00:00:00+05:30,415.39340796924705,421.6045522054659,411.7702381048251,420.09881591796875,4504083,0.0,0.0
2020-01-08 00:00:00+05:30,416.85213241785806,420.1929608201039,413.13484837631717,414.1700439453125,3881918,0.0,0.0
2020-01-09 00:00:00+05:30,416.61687247551174,418.64019234968396,413.1348587612368,413.9347839355469,3934566,0.0,0.0
2020-01-10 00:00:00+05:30,414.17008108503705,422.54570285882147,414.0759671667738,417.4638671875,4334013,0.0,0.0
2020-01-13 00:00:00+05:30,420.66352812439146,426.92171580783844,416.4757029897016,418.4049377441406,4823348,0.0,0.0
2020-01-14 00:00:00+05:30,420.66352433687905,423.0162286116938,418.21670614716476,419.7224426269531,2708589,0.0,0.0
2020-01-15 00:00:00+05:30,421.2281612126391,424.14552013338465,417.5108771285311,422.59271240234375,3054107,0.0,0.0
2020-01-16 00:00:00+05:30,425.60418523399073,429.46262582468427,421.03993339083615,422.59271240234375,4416809,0.0,0.0
2020-01-17 00:00:00+05:30,421.79278780397044,429.36848325356317,419.7223967804694,427.8157043457031,3216737,0.0,0.0
2020-01-20 00:00:00+05:30,427.4393152755783,429.3214786564139,419.86359043599464,422.96917724609375,2824739,0.0,0.0
2020-01-21 00:00:00+05:30,421.60460227457594,425.1336586552225,419.72243887156446,421.0399475097656,2573651,0.0,0.0
2020-01-22 00:00:00+05:30,421.9810074397149,427.1099139361158,419.1107198860248,420.0047302246094,3412716,0.0,0.0
2020-01-23 00:00:00+05:30,420.8517811308129,425.55719000428115,418.78138973867226,423.34564208984375,1875787,0.0,0.0
2020-01-24 00:00:00+05:30,423.4867424358589,426.1688308818592,420.47526966850194,421.4163513183594,2153164,0.0,0.0
2020-01-27 00:00:00+05:30,420.6635398852977,425.1336781726695,416.14635899850475,421.9810485839844,3530914,0.0,0.0
2020-01-28 00:00:00+05:30,421.83991774741054,435.25033342593946,421.65168989919516,426.2159423828125,9487290,0.0,0.0
2020-01-29 00:00:00+05:30,428.05094790038333,429.83899709788074,422.96911328451137,423.580810546875,3103817,0.0,0.0
2020-01-30 00:00:00+05:30,424.8984399381144,427.01587402418477,414.3583121107492,416.0522766113281,3486193,0.0,0.0
2020-01-31 00:00:00+05:30,416.52275663768603,419.1577738496073,407.1589824490296,408.7117614746094,3757229,0.0,0.0
2020-02-03 00:00:00+05:30,398.8303993399743,403.6299215898312,389.60781048302044,392.9486389160156,4032780,0.0,0.0
2020-02-04 00:00:00+05:30,392.38401775293295,401.7477632321803,388.5255771230998,400.5714111328125,4848610,0.0,0.0
2020-02-05 00:00:00+05:30,404.1946241809476,405.98267381758455,397.0423969148628,401.1361083984375,3826307,0.0,0.0
2020-02-06 00:00:00+05:30,402.97116169332895,412.1937500934519,399.0186073964009,405.27679443359375,7745520,0.0,0.0
2020-02-07 00:00:00+05:30,406.54730883549087,415.7228557362919,398.26580106924865,405.4179992675781,7402556,0.0,0.0
2020-02-10 00:00:00+05:30,403.3005450023817,407.25309957095317,393.6544577219605,395.53662109375,3638523,0.0,0.0
2020-02-11 00:00:00+05:30,397.1364526229077,399.6773845421943,392.24281660040486,393.88970947265625,4683072,0.0,0.0
2020-02-12 00:00:00+05:30,394.1250113286022,396.4777156195312,389.6078305778326,390.1724853515625,4439987,0.0,0.0
2020-02-13 00:00:00+05:30,390.1724935379688,395.3484430866117,387.7256752801578,394.2662048339844,3924569,0.0,0.0
2020-02-14 00:00:00+05:30,395.2542893403347,399.7244271364456,391.9605035958319,393.88970947265625,2862205,0.0,0.0
2020-02-17 00:00:00+05:30,394.50584340977287,396.6859457583667,386.06972727604546,387.1123962402344,2625157,3.0,0.0
2020-02-18 00:00:00+05:30,385.78537625116286,389.4347031632367,378.24975352268405,387.349365234375,4187206,0.0,0.0
2020-02-19 00:00:00+05:30,389.0081515850584,392.61009632423907,379.7189820100206,382.51519775390625,5910512,0.0,0.0
2020-02-20 00:00:00+05:30,382.79961607678,390.05085956398034,382.51523600408564,383.84228515625,4000525,0.0,0.0
2020-02-24 00:00:00+05:30,385.31142265606246,393.0366028353801,375.1691423954759,377.1123046875,12668574,0.0,0.0
2020-02-25 00:00:00+05:30,381.42519843874805,381.42519843874805,365.2165172253604,368.6288757324219,10050971,0.0,0.0
2020-02-26 00:00:00+05:30,365.02693837386255,366.78051420672745,353.0836987515241,355.1690368652344,12146582,0.0,0.0
2020-02-27 00:00:00+05:30,355.4534028395723,370.3350635425378,350.1927040482954,368.2497253417969,15164166,0.0,0.0
2020-02-28 00:00:00+05:30,359.86099032672416,365.50086210257405,351.75666496409013,353.46282958984375,8439591,0.0,0.0
2020-03-02 00:00:00+05:30,358.2969942621998,363.65248587783503,344.4106218307979,350.24005126953125,6915567,0.0,0.0
2020-03-03 00:00:00+05:30,354.5054812224029,375.7378892856438,353.79457450872167,373.03643798828125,14474553,0.0,0.0
2020-03-04 00:00:00+05:30,377.254567400077,391.377910997268,367.1596959422085,384.3162536621094,26369149,0.0,0.0
2020-03-05 00:00:00+05:30,388.5816195290745,393.1787931154685,380.80902792354675,383.7948303222656,9874059,0.0,0.0
2020-03-06 00:00:00+05:30,369.7188702580178,382.1834576760107,369.7188702580178,380.0033264160156,6500912,0.0,0.0
2020-03-09 00:00:00+05:30,375.40617094058075,382.84700119941533,365.45347578499695,372.846923828125,13151861,0.0,0.0
2020-03-11 00:00:00+05:30,373.84220517533396,374.6479053808826,360.24018182584626,365.8326721191406,9127352,0.0,0.0
2020-03-12 00:00:00+05:30,346.4485556016014,353.2732719612181,328.3441246124229,336.3062744140625,11662910,0.0,0.0
2020-03-13 00:00:00+05:30,323.2256435658192,381.94656017733837,308.05963096449045,364.17388916015625,15802632,0.0,0.0
2020-03-16 00:00:00+05:30,356.40122331978597,375.73787965069874,343.889253909089,349.33953857421875,14480298,0.0,0.0
2020-03-17 00:00:00+05:30,356.40124906474733,374.9796178332836,345.2163278191015,350.8561706542969,12903597,0.0,0.0
2020-03-18 00:00:00+05:30,363.41554686419926,366.2591740367311,336.5906754407305,343.8419189453125,12342300,0.0,0.0
2020-03-19 00:00:00+05:30,333.3678790499407,354.9320501763315,329.5289652954946,341.6143798828125,8728092,0.0,0.0
2020-03-20 00:00:00+05:30,346.16419615777056,359.71880627265944,343.320569230714,346.2115783691406,10630619,0.0,0.0
2020-03-23 00:00:00+05:30,327.0171470230643,336.2115537419984,298.62825558755907,307.585693359375,8018903,0.0,0.0
2020-03-24 00:00:00+05:30,312.79898781618795,329.86075078798,312.79898781618795,317.6805419921875,6408582,0.0,0.0
2020-03-25 00:00:00+05:30,314.6947131685568,332.5147636687998,312.372406274728,329.5289611816406,6174391,0.0,0.0
2020-03-26 00:00:00+05:30,345.9746451508261,348.8182723712439,318.5810420461762,320.6663513183594,11670467,0.0,0.0
2020-03-27 00:00:00+05:30,328.91286994612665,334.12618632855805,315.642610063574,320.61895751953125,7745135,0.0,0.0
2020-03-30 00:00:00+05:30,304.88420237752297,326.0692293114769,295.73720798017666,315.3582458496094,11648241,0.0,0.0
2020-03-31 00:00:00+05:30,322.37248928049985,336.49582958179917,311.1401579161284,333.9365539550781,9954142,0.0,0.0
2020-04-01 00:00:00+05:30,334.60013754451944,336.7328579679618,320.7611459003632,325.6427001953125,6702159,0.0,0.0
2020-04-03 00:00:00+05:30,326.02185936357137,369.48193717076185,322.27773876889034,356.3538818359375,28550430,0.0,0.0
2020-04-07 00:00:00+05:30,377.25451674408487,400.80923293420886,368.06011117228763,395.5959167480469,29675052,0.0,0.0
2020-04-08 00:00:00+05:30,397.15993523592874,425.3592385134201,391.61485636909805,413.9373474121094,27810872,0.0,0.0
2020-04-09 00:00:00+05:30,430.7146738240497,449.19824832313367,420.28804205533567,430.7620849609375,31862948,0.0,0.0
2020-04-13 00:00:00+05:30,438.8190363415686,452.9897597140872,420.00369922084377,438.25030517578125,30510226,0.0,0.0
2020-04-15 00:00:00+05:30,450.14615419711436,463.03726921761546,420.9515948530158,425.7857666015625,32508955,0.0,0.0
2020-04-16 00:00:00+05:30,426.54405976048474,443.22667766093554,425.7857707805476,439.52996826171875,16932965,0.0,0.0
2020-04-17 00:00:00+05:30,452.08935702712506,452.08935702712506,425.0748977640855,433.2740173339844,19774082,0.0,0.0
2020-04-20 00:00:00+05:30,433.51094184086156,450.24094156850686,427.06536995281164,448.7243347167969,17893064,0.0,0.0
2020-04-21 00:00:00+05:30,443.46366643777003,465.12263267180793,440.05130802153406,448.4873962402344,30021752,0.0,0.0
2020-04-22 00:00:00+05:30,450.19357862169784,457.2552352829025,444.5537065941579,449.6248474121094,13336137,0.0,0.0
2020-04-23 00:00:00+05:30,452.08932509112486,462.4211643993079,449.6248424944435,452.5632629394531,13748820,0.0,0.0
2020-04-24 00:00:00+05:30,452.0892900957116,471.0941847717941,448.8664898350537,460.2409973144531,23394027,0.0,0.0
2020-04-27 00:00:00+05:30,465.40698794614826,478.4876615763299,461.61548498935684,464.36431884765625,19310626,0.0,0.0
2020-04-28 00:00:00+05:30,469.19846882184703,469.57761331430873,445.78592759473594,449.2456970214844,12847910,0.0,0.0
2020-04-29 00:00:00+05:30,451.18878813619153,459.67228637462546,448.48733687563276,452.7527770996094,10166496,0.0,0.0
2020-04-30 00:00:00+05:30,458.77180158771563,459.71967721083075,434.506179850595,440.2408447265625,18471206,0.0,0.0
2020-05-04 00:00:00+05:30,440.24087553126293,449.76701463938906,434.12706576362524,441.1887512207031,16097066,0.0,0.0
2020-05-05 00:00:00+05:30,445.31197702906707,447.87125290211276,430.3355530530353,432.5156555175781,7850482,0.0,0.0
2020-05-06 00:00:00+05:30,435.6436561310237,438.86642756752804,424.6482927651243,430.7146911621094,10829910,0.0,0.0
2020-05-07 00:00:00+05:30,437.91856463456855,441.42571622511724,426.7336431691956,428.62939453125,11216033,0.0,0.0
2020-05-08 00:00:00+05:30,436.0227995589852,446.8285761974645,430.3829278635072,444.5536804199219,13693803,0.0,0.0
2020-05-11 00:00:00+05:30,449.00873109766235,450.7622780028721,437.2550492647287,439.6721496582031,10294818,0.0,0.0
2020-05-12 00:00:00+05:30,440.7621513610057,444.36406704869273,431.5677465253087,439.719482421875,9507971,0.0,0.0
2020-05-13 00:00:00+05:30,444.55366880517965,444.98022440782967,426.73361859866185,428.77154541015625,10010310,0.0,0.0
2020-05-14 00:00:00+05:30,429.38771492653893,438.8190902136655,425.4066252041533,432.1839599609375,11764703,0.0,0.0
2020-05-15 00:00:00+05:30,432.1839641514946,434.98018028613365,422.326033110359,425.2170715332031,7863358,0.0,0.0
2020-05-18 00:00:00+05:30,423.7004259719194,430.90428687448934,411.61501113714985,417.72882080078125,9067298,0.0,0.0
2020-05-19 00:00:00+05:30,420.6672432139195,432.2313388504028,415.7383067059592,418.6767272949219,10126393,0.0,0.0
2020-05-20 00:00:00+05:30,416.9704890232564,434.55359953395856,414.4586243579758,431.99432373046875,7967084,0.0,0.0
2020-05-21 00:00:00+05:30,431.75740662157824,444.5537293205712,429.38771723287584,442.13665771484375,8987658,0.0,0.0
2020-05-22 00:00:00+05:30,442.65793500275885,447.30251997009054,434.17443624084467,444.9328308105469,10194204,0.0,0.0
2020-05-26 00:00:00+05:30,446.449403064466,450.7148432211329,433.1791447992802,435.2170715332031,9801056,0.0,0.0
2020-05-27 00:00:00+05:30,440.66738435794235,440.66738435794235,420.28805786174684,427.3971252441406,13253937,0.0,0.0
2020-05-28 00:00:00+05:30,430.2407735688165,437.5868102288627,421.5203345026905,435.16973876953125,12632972,0.0,0.0
2020-05-29 00:00:00+05:30,436.0228308163383,456.49695213569714,434.1270793780064,449.5300598144531,12662824,0.0,0.0
2020-06-01 00:00:00+05:30,458.2978821561148,458.4874688590885,434.4114039249035,441.1413269042969,18563612,0.0,0.0
2020-06-02 00:00:00+05:30,445.501521331245,455.9281526815507,443.74794572786567,448.43994140625,10978049,0.0,0.0
2020-06-03 00:00:00+05:30,450.1935602065644,456.4969276150597,448.34519108272707,451.33099365234375,7767457,0.0,0.0
2020-06-04 00:00:00+05:30,448.34515636365654,472.04204623488573,447.4920741136658,469.0562438964844,19100026,0.0,0.0
2020-06-05 00:00:00+05:30,474.8856786516621,484.3644347125735,466.54438488880714,468.4875183105469,22798341,0.0,0.0
2020-06-08 00:00:00+05:30,472.75304993237455,472.75304993237455,459.76714004769326,463.5112609863281,9176155,0.0,0.0
2020-06-09 00:00:00+05:30,466.354830547148,485.9758685250626,466.354830547148,474.64874267578125,25883378,0.0,0.0
2020-06-10 00:00:00+05:30,476.3075918796768,480.5730330009873,467.82409185654296,473.1322021484375,10636465,0.0,0.0
2020-06-11 00:00:00+05:30,464.4590766456088,468.0609926080309,444.64848099854754,448.9613037109375,18547382,0.0,0.0
2020-06-12 00:00:00+05:30,431.28344816464516,456.78129898504886,431.28344816464516,455.07513427734375,11498488,0.0,0.0
2020-06-15 00:00:00+05:30,455.9281748867087,463.89032433844176,448.0608187826958,460.47796630859375,10727187,0.0,0.0
2020-06-16 00:00:00+05:30,463.89034851967216,467.77664456383377,451.6627581249581,458.2030944824219,11247556,0.0,0.0
2020-06-17 00:00:00+05:30,458.9140019182645,464.2221114796178,454.12724133388826,460.3358154296875,8222223,0.0,0.0
2020-06-18 00:00:00+05:30,460.3358092031715,463.03726062370936,457.82394448567374,459.0087890625,4077225,0.0,0.0
2020-06-19 00:00:00+05:30,461.42585586842233,466.30743861819985,459.90927796656797,462.6581115722656,8114839,0.0,0.0
2020-06-22 00:00:00+05:30,466.54443386471723,475.0753152150743,460.6675929192785,467.4923095703125,9203804,0.0,0.0
2020-06-23 00:00:00+05:30,467.4923115063654,476.78148188892004,463.98515981039037,474.3644104003906,10732649,0.0,0.0
2020-06-24 00:00:00+05:30,475.8336197243854,477.1606399701149,455.92822925782747,459.1510009765625,8567595,0.0,0.0
2020-06-25 00:00:00+05:30,455.2647054399617,466.82880101556293,452.13672707497165,462.2315979003906,6954147,0.0,0.0
2020-06-26 00:00:00+05:30,464.69606100069166,465.40696777427763,447.58691622047104,454.9329528808594,7489306,0.0,0.0
2020-06-29 00:00:00+05:30,450.71487632529863,461.94720868155537,450.24093849530357,456.8760681152344,5727377,0.0,0.0
2020-06-30 00:00:00+05:30,458.20313588290423,458.72448490621343,445.31201978166587,448.2978515625,8339357,0.0,0.0
2020-07-01 00:00:00+05:30,448.8191264221736,450.9992288762853,441.85223451387895,443.74798583984375,5983810,0.0,0.0
2020-07-02 00:00:00+05:30,443.60583625132136,450.1935840655457,443.5584540361456,448.34521484375,3731827,0.0,0.0
2020-07-03 00:00:00+05:30,452.13671292440694,454.36422662460785,447.39733438222237,451.9945373535156,4666364,0.0,0.0
2020-07-06 00:00:00+05:30,453.0845837680807,456.1651797874243,446.8285983741933,455.169921875,5995257,0.0,0.0
2020-07-07 00:00:00+05:30,454.98025479264476,460.6675079775528,451.3309282136223,454.26934814453125,6793452,0.0,0.0
2020-07-08 00:00:00+05:30,457.3973577950439,462.5632913698186,454.9329043841578,457.3499755859375,6279449,0.0,0.0
2020-07-09 00:00:00+05:30,459.2931585105901,461.8050522551525,455.312097929778,456.8287048339844,3184268,0.0,0.0
2020-07-10 00:00:00+05:30,459.3879422025141,472.8951706329844,457.8713353302101,468.1557922363281,14898919,0.0,0.0
2020-07-13 00:00:00+05:30,469.19847601435674,475.54925483620855,466.6392000289846,473.65350341796875,7504299,0.0,0.0
2020-07-14 00:00:00+05:30,473.9378273655169,477.6345366335941,464.55386416905355,466.4496154785156,6996801,0.0,0.0
2020-07-15 00:00:00+05:30,468.440161102564,473.36909716118424,466.5444097892017,469.2932434082031,4710170,0.0,0.0
2020-07-16 00:00:00+05:30,470.14635172347664,479.5777265999682,465.0278286796033,473.65350341796875,11263548,0.0,0.0
2020-07-17 00:00:00+05:30,473.55871683584616,482.99006292038024,471.42599645981824,477.3502197265625,9592466,0.0,0.0
2020-07-20 00:00:00+05:30,475.738832217754,475.738832217754,456.49696610078917,458.582275390625,16111398,0.0,0.0
2020-07-21 00:00:00+05:30,462.56328933260215,462.75287602192805,450.24090662497133,452.3736267089844,8470749,0.0,0.0
2020-07-22 00:00:00+05:30,454.64856376504406,462.5633314721235,447.01817611786055,449.5774230957031,9848007,0.0,0.0
2020-07-23 00:00:00+05:30,453.0371813558066,456.73389062883155,449.3404431559122,451.1888122558594,5416291,0.0,0.0
2020-07-24 00:00:00+05:30,464.4590379132513,471.85245592561324,456.1651265219432,460.28839111328125,19812185,0.0,0.0
2020-07-27 00:00:00+05:30,459.57754855105884,462.18420678062597,444.5537126061793,450.71490478515625,6112617,0.0,0.0
2020-07-28 00:00:00+05:30,450.7148708121881,458.5348449114532,448.58215060329763,457.4447937011719,5917155,0.0,0.0
2020-07-29 00:00:00+05:30,460.38325312437445,470.43071270980414,458.91402838837064,467.302734375,8531803,0.0,0.0
2020-07-30 00:00:00+05:30,467.49228444474767,486.44979753777284,461.8997949408098,483.36920166015625,17534819,0.0,0.0
2020-07-31 00:00:00+05:30,487.4450031441657,512.8006741876395,481.046843161233,503.9854431152344,41253676,0.0,0.0
2020-08-03 00:00:00+05:30,506.26038661895757,512.0424630828196,489.8621486318405,492.32666015625,25348229,0.0,0.0
2020-08-04 00:00:00+05:30,494.79109776390595,504.64902783403124,490.28868834938766,501.37884521484375,11950138,0.0,0.0
2020-08-05 00:00:00+05:30,509.86228615345965,509.95705056783413,499.5778016295824,501.2839660644531,10928555,0.0,0.0
2020-08-06 00:00:00+05:30,506.0708233551094,513.2272728100461,498.724787202917,504.5068054199219,10919796,0.0,0.0
2020-08-07 00:00:00+05:30,504.55420461288094,507.5400360973758,495.35979909702473,498.53521728515625,7275403,0.0,0.0
2020-08-10 00:00:00+05:30,498.5825794422227,522.0898834041125,498.5825794422227,515.5021362304688,16271180,0.0,0.0
2020-08-11 00:00:00+05:30,519.4358923276872,520.9524703316725,507.2082724507392,512.84814453125,7774058,0.0,0.0
2020-08-12 00:00:00+05:30,512.5637247460816,512.5637247460816,502.1370932671969,504.4120178222656,7405695,0.0,0.0
2020-08-13 00:00:00+05:30,504.4121111615085,508.01402749544053,491.9949039357554,493.6536865234375,8729438,0.0,0.0
2020-08-14 00:00:00+05:30,496.21288606303176,508.0613312889876,494.7910726359171,503.6536865234375,11787355,0.0,0.0
2020-08-17 00:00:00+05:30,508.1561875137255,509.4832367602743,499.5305409723992,500.8101501464844,6657699,0.0,0.0
2020-08-18 00:00:00+05:30,503.98557576418506,506.07091410045194,496.82912502600016,498.5826721191406,5555588,0.0,0.0
2020-08-19 00:00:00+05:30,503.33100395276387,506.0851024429858,497.9652823288248,498.9624938964844,5414452,1.0,0.0
2020-08-20 00:00:00+05:30,498.10780394614557,503.2361057614825,494.831392117677,496.01849365234375,4886692,0.0,0.0
2020-08-21 00:00:00+05:30,500.0546049857993,511.5932543064611,497.9178223681907,505.562744140625,9833484,0.0,0.0
2020-08-24 00:00:00+05:30,511.5458370858495,511.5458370858495,501.47918088848553,506.60748291015625,5675533,0.0,0.0
2020-08-25 00:00:00+05:30,506.74981007488014,508.2218621460906,497.110581720569,498.6775207519531,4414315,0.0,0.0
2020-08-26 00:00:00+05:30,499.57977594467405,503.331028219475,495.97099903324687,498.72509765625,5205745,0.0,0.0
2020-08-27 00:00:00+05:30,502.33389800765275,509.97882031341743,498.01286000560685,505.46783447265625,8564601,0.0,0.0
2020-08-28 00:00:00+05:30,511.0234425943203,536.3324703571768,507.8420336848168,527.7853393554688,29017731,0.0,0.0
2020-08-31 00:00:00+05:30,532.4387340163137,532.7710992170606,488.18355980209725,494.07159423828125,20056792,0.0,0.0
2020-09-01 00:00:00+05:30,494.97388339637325,501.09933910492015,480.7286645225172,495.2113037109375,13860865,0.0,0.0
2020-09-02 00:00:00+05:30,497.1580924431715,499.15239971438814,483.577663306375,488.6109619140625,9636136,0.0,0.0
2020-09-03 00:00:00+05:30,492.45719547607234,500.3395381763539,486.7591080352987,497.11065673828125,10052098,0.0,0.0
2020-09-04 00:00:00+05:30,491.9348423966181,503.7109120024985,482.6754510580717,486.66412353515625,12380025,0.0,0.0
2020-09-07 00:00:00+05:30,490.035451169021,492.12476119702467,478.8766981627496,487.423828125,6320017,0.0,0.0
2020-09-08 00:00:00+05:30,486.2367126773329,491.60243396178686,473.5584644703099,476.6449279785156,8519561,0.0,0.0
2020-09-09 00:00:00+05:30,471.9915108640304,486.99646078362105,468.76260089193755,483.6725769042969,10532163,0.0,0.0
2020-09-10 00:00:00+05:30,486.9015803446637,490.7003052812885,478.3069477863675,482.3905944824219,8572739,0.0,0.0
2020-09-11 00:00:00+05:30,481.4883774837675,486.56914881404526,477.30978592132817,480.111328125,5189670,0.0,0.0
2020-09-14 00:00:00+05:30,480.11128931965004,483.3877008494326,469.14248373206226,470.8518981933594,8041379,0.0,0.0
2020-09-15 00:00:00+05:30,472.9412023769241,486.6166338239999,471.0418401183822,480.91851806640625,11686574,0.0,0.0
2020-09-16 00:00:00+05:30,484.47985472973966,493.83422027558464,478.0695066780854,492.4096984863281,10080107,0.0,0.0
2020-09-17 00:00:00+05:30,490.7952133599101,495.6386220687273,484.8122336268425,486.23675537109375,9959257,0.0,0.0
2020-09-18 00:00:00+05:30,491.4125407866853,508.0794339911781,489.0858102905733,497.015625,25685130,0.0,0.0
2020-09-21 00:00:00+05:30,497.4429850546716,501.6690778522726,473.8909036408595,478.3069152832031,9977984,0.0,0.0
2020-09-22 00:00:00+05:30,483.8625872968551,489.08583406846,468.7626615171551,483.24530029296875,9862141,0.0,0.0
2020-09-23 00:00:00+05:30,494.30902871267824,494.78386927820435,473.17862354676646,477.5946350097656,10846053,0.0,0.0
2020-09-24 00:00:00+05:30,472.46641511546113,476.02771975200983,458.6960371874728,461.3551330566406,8768744,0.0,0.0
2020-09-25 00:00:00+05:30,471.04180250723425,471.04180250723425,459.503183504307,465.0113220214844,9665092,0.0,0.0
2020-09-28 00:00:00+05:30,470.0921815114451,486.23676148254526,463.91925387543625,484.432373046875,12221177,0.0,0.0
2020-09-29 00:00:00+05:30,491.7923742052091,491.7923742052091,479.1141536808939,480.6811218261719,8592449,0.0,0.0
2020-09-30 00:00:00+05:30,482.43802544414064,490.22542248701075,473.2261066725969,475.2679443359375,12981899,0.0,0.0
2020-10-01 00:00:00+05:30,479.68398750535323,484.81226027009234,476.07518149907713,481.3934020996094,6733075,0.0,0.0
2020-10-05 00:00:00+05:30,481.48835454765026,498.67756058754316,478.4493632022935,496.7781982421875,8831627,0.0,0.0
2020-10-06 00:00:00+05:30,499.53232403442803,501.05179080789134,492.8845554636277,494.8313903808594,8537178,0.0,0.0
2020-10-07 00:00:00+05:30,490.130418431063,496.588296623552,483.5776532730666,485.99932861328125,8346531,0.0,0.0
2020-10-08 00:00:00+05:30,488.7059336642777,499.5323227808462,485.9993653671065,497.7279052734375,9392711,0.0,0.0
2020-10-09 00:00:00+05:30,498.5826105862016,502.66622799440574,485.33454676926635,487.09149169921875,11468529,0.0,0.0
2020-10-12 00:00:00+05:30,488.9908493668648,491.31752182295133,483.67260012624695,488.0411682128906,7092628,0.0,0.0
2020-10-13 00:00:00+05:30,488.1361079755173,493.78672237463604,476.3600675872876,477.8320617675781,8851580,0.0,0.0
2020-10-14 00:00:00+05:30,477.8321114319388,481.9632306337654,468.4777453956576,476.929931640625,7640368,0.0,0.0
2020-10-15 00:00:00+05:30,479.3041254408478,479.3041254408478,464.39411862829616,465.6286926269531,6605127,0.0,0.0
2020-10-16 00:00:00+05:30,466.2934790722681,469.8547836476673,460.83281205665605,462.3997802734375,9085611,0.0,0.0
2020-10-19 00:00:00+05:30,465.2963022352268,466.1984819602616,456.70167023166806,459.31329345703125,5158764,0.0,0.0
2020-10-20 00:00:00+05:30,460.54786313899933,463.96669192902374,456.2267967251045,461.8774108886719,5550859,0.0,0.0
2020-10-21 00:00:00+05:30,464.3940624822183,467.43305362499115,457.2714541619389,465.53369140625,7269981,0.0,0.0
2020-10-22 00:00:00+05:30,466.4834283950992,466.673347250543,457.4614567753477,461.1177062988281,6428694,0.0,0.0
2020-10-23 00:00:00+05:30,463.44442865550826,469.6173564962066,458.6010487071816,460.12054443359375,6578265,0.0,0.0
2020-10-26 00:00:00+05:30,462.8746309897581,462.8746309897581,447.39483835683006,450.6237487792969,6499259,0.0,0.0
2020-10-27 00:00:00+05:30,450.71866720573803,452.7604758257585,443.7385051485803,446.7774963378906,7693069,0.0,0.0
2020-10-28 00:00:00+05:30,449.19915867896157,451.81078169453696,438.18285216232306,440.08221435546875,7723679,0.0,0.0
2020-10-29 00:00:00+05:30,439.70236718367,440.6520483222956,429.49329494344437,433.3869934082031,8297097,0.0,0.0
2020-10-30 00:00:00+05:30,435.5712233514026,445.4004283665459,432.91212790916506,442.31396484375,8680701,0.0,0.0
2020-11-02 00:00:00+05:30,444.3558431406819,447.2998607594846,435.95115843192787,445.7803649902344,7737909,0.0,0.0
2020-11-03 00:00:00+05:30,448.2969941369878,465.91359760028763,442.31401423290555,461.1651916503906,16853462,0.0,0.0
2020-11-04 00:00:00+05:30,474.7456062849994,492.172261374639,470.2346207731238,479.256591796875,48182254,0.0,0.0
2020-11-05 00:00:00+05:30,482.4380132907774,488.13610006192835,477.21476708388906,486.7115783691406,14095319,0.0,0.0
2020-11-06 00:00:00+05:30,489.0857918869574,489.7980527489287,481.2509224052731,483.5301513671875,9251548,0.0,0.0
2020-11-09 00:00:00+05:30,486.71158435674255,491.93483062788806,479.0666627708532,484.4798278808594,9718357,0.0,0.0
2020-11-10 00:00:00+05:30,485.28708387783496,488.37354771854524,464.3940978791806,466.198486328125,12767338,0.0,0.0
2020-11-11 00:00:00+05:30,470.0921856424033,482.7704352333954,467.2431420930554,480.5861511230469,11754997,0.0,0.0
2020-11-12 00:00:00+05:30,478.5918236052253,491.6499393214094,476.9298816049836,483.6251220703125,10911897,0.0,0.0
2020-11-13 00:00:00+05:30,486.1892709510809,489.8455201525156,479.1616073333324,482.8653869628906,9501329,0.0,0.0
2020-11-14 00:00:00+05:30,485.28703462474544,489.56059950891637,484.5273013492351,488.1360778808594,1766237,0.0,0.0
2020-11-17 00:00:00+05:30,490.9852118675697,497.0631951226879,488.1836405552271,492.3147888183594,12411197,0.0,0.0
2020-11-18 00:00:00+05:30,488.13611303853713,492.267202871868,483.38770726967977,487.1864318847656,6483702,0.0,0.0
2020-11-19 00:00:00+05:30,486.2367205228079,490.1779202516816,479.58895285941014,481.8207092285156,6843207,0.0,0.0
2020-11-20 00:00:00+05:30,484.33741107605255,486.7116140715234,471.0418743014158,477.92706298828125,7594535,0.0,0.0
2020-11-23 00:00:00+05:30,478.639290480705,490.41535970191586,475.7902470849865,487.0439453125,8931512,0.0,0.0
2020-11-24 00:00:00+05:30,487.6613117213075,496.4458631009026,482.6280127938955,493.9767150878906,9096230,0.0,0.0
2020-11-25 00:00:00+05:30,494.973824352318,499.5322822553973,478.78174344136016,480.7286071777344,10673809,0.0,0.0
2020-11-26 00:00:00+05:30,480.53867943399166,487.18644772655676,477.0248474579908,485.9518737792969,7494355,0.0,0.0
2020-11-27 00:00:00+05:30,488.1360837665032,494.5939036321059,483.5776260945445,485.9043273925781,12954065,0.0,0.0
2020-12-01 00:00:00+05:30,491.9348406816564,515.4394493821795,486.85406966328014,512.2105102539062,25388623,0.0,0.0
2020-12-02 00:00:00+05:30,513.6824707013905,519.4755015550993,509.0290106645945,517.2437744140625,14234038,0.0,0.0
2020-12-03 00:00:00+05:30,522.324600602414,523.7016497786071,513.7774707743745,520.6626586914062,9345458,0.0,0.0
2020-12-04 00:00:00+05:30,522.324661346313,544.0723840679448,517.7662031673515,540.4160766601562,16177536,0.0,0.0
2020-12-07 00:00:00+05:30,541.6506271433469,561.7364068897299,538.5166909039518,552.9993286132812,21232768,0.0,0.0
2020-12-08 00:00:00+05:30,552.7143643827727,552.7143643827727,537.329519966961,540.0836181640625,10673103,0.0,0.0
2020-12-09 00:00:00+05:30,542.2678571639071,554.5662378464873,538.1842404102747,540.8908081054688,11144200,0.0,0.0
2020-12-10 00:00:00+05:30,541.3183463878948,545.829332607794,531.9164782387368,536.7598876953125,6755693,0.0,0.0
2020-12-11 00:00:00+05:30,539.3239041020137,544.1197819239621,533.7207625903145,539.5137939453125,6968494,0.0,0.0
2020-12-14 00:00:00+05:30,539.7512796144682,549.5330422147753,539.7512796144682,547.2537841796875,8582193,0.0,0.0
2020-12-15 00:00:00+05:30,546.0666011880954,550.8150064158181,540.3685149148283,542.8851928710938,5896090,0.0,0.0
2020-12-16 00:00:00+05:30,542.2680503066895,549.3906604245532,542.2680503066895,547.5862426757812,5135499,0.0,0.0
2020-12-17 00:00:00+05:30,550.3401431129458,556.7979623625554,541.0332808446326,542.6002197265625,9025916,0.0,0.0
2020-12-18 00:00:00+05:30,545.117030188519,547.8711289621566,539.4189427649457,546.0667114257812,4940687,0.0,0.0
2020-12-21 00:00:00+05:30,544.9270001013749,556.4181761162276,512.5428979841062,524.7462768554688,12715463,0.0,0.0
2020-12-22 00:00:00+05:30,525.1737454955291,542.3629534012152,513.2077846065255,539.703857421875,8012096,0.0,0.0
2020-12-23 00:00:00+05:30,541.3182574578994,547.5386574201106,537.6144777739282,545.686767578125,4958783,0.0,0.0
2020-12-24 00:00:00+05:30,545.6868359026544,565.0603570440275,543.3601631565701,560.7393188476562,7486583,0.0,0.0
2020-12-28 00:00:00+05:30,568.8591147027288,569.2864828925406,555.1362079388967,557.4154663085938,12299793,0.0,0.0
2020-12-29 00:00:00+05:30,560.1220414249162,566.0100773118901,553.8066953071042,560.8817749023438,7430043,0.0,0.0
2020-12-30 00:00:00+05:30,565.0602617655716,565.0602617655716,552.2395667507224,554.61376953125,5589703,0.0,0.0
2020-12-31 00:00:00+05:30,555.2312014511067,564.9654348851641,552.761995265075,562.543701171875,8835267,0.0,0.0
2021-01-01 00:00:00+05:30,562.6861318912146,569.5713208468455,556.3707284911624,566.2474365234375,8229768,0.0,0.0
2021-01-04 00:00:00+05:30,569.8086844823878,578.7831828557727,565.250226599316,573.9873046875,11329298,0.0,0.0
2021-01-05 00:00:00+05:30,577.8334270632178,578.0708473177458,569.808610867383,573.0850219726562,7790158,0.0,0.0
2021-01-06 00:00:00+05:30,573.7023510245757,580.2077015839996,566.1524323651494,574.8419799804688,6422080,0.0,0.0
2021-01-07 00:00:00+05:30,575.554301531037,577.4061915341737,567.9093791734142,571.6131591796875,4555702,0.0,0.0
2021-01-08 00:00:00+05:30,576.4564838892452,591.4614351390438,573.6074403115389,589.5620727539062,11451416,0.0,0.0
2021-01-11 00:00:00+05:30,592.3160423438894,596.3996589894072,583.1515976467774,589.7518920898438,7516087,0.0,0.0
2021-01-12 00:00:00+05:30,589.751940380273,592.5060386497473,576.5038779528574,578.9730834960938,6747035,0.0,0.0
2021-01-13 00:00:00+05:30,580.2552190734513,583.5791033070963,567.1971024412745,571.9929809570312,6186661,0.0,0.0
2021-01-14 00:00:00+05:30,571.9928604197919,580.8724126368302,566.38977724219,576.5038452148438,6730284,0.0,0.0
2021-01-15 00:00:00+05:30,578.3559086991613,585.7634112079377,568.0043593972924,573.8923950195312,8389544,0.0,0.0
2021-01-18 00:00:00+05:30,573.7024462267761,576.7889104306996,549.3431558264865,552.1921997070312,7414570,0.0,0.0
2021-01-19 00:00:00+05:30,557.3678991303772,572.6577427069611,553.9964846222286,566.5322875976562,5500391,0.0,0.0
2021-01-20 00:00:00+05:30,570.9483797927238,573.2275800171518,563.1135094706189,564.7754516601562,5182972,0.0,0.0
2021-01-21 00:00:00+05:30,567.909502531561,568.6217636133314,551.4325526921889,553.5693359375,4546393,0.0,0.0
2021-01-22 00:00:00+05:30,553.5690861611819,557.4152826745055,541.887963319632,546.2565307617188,5591688,0.0,0.0
2021-01-25 00:00:00+05:30,548.0609250055319,564.1105583530001,538.4691693369547,556.8930053710938,8149590,0.0,0.0
2021-01-27 00:00:00+05:30,556.4181968589836,556.4181968589836,535.3827366587889,541.1282958984375,8534047,0.0,0.0
2021-01-28 00:00:00+05:30,526.9781944993251,545.591925427549,522.7046285038091,535.95263671875,9863454,0.0,0.0
2021-01-29 00:00:00+05:30,539.4188566143439,569.8086513531802,526.2182663390885,556.7030639648438,22539938,0.0,0.0
2021-02-01 00:00:00+05:30,566.0100188043915,569.2389582046246,550.4352232892976,560.4544067382812,12621971,0.0,0.0
2021-02-02 00:00:00+05:30,566.9120688826081,585.8582159020322,561.7362959827962,578.7830810546875,15788247,0.0,0.0
2021-02-03 00:00:00+05:30,581.6796815016434,615.7732566315585,579.7803192763319,597.5393676757812,23788455,0.0,0.0
2021-02-04 00:00:00+05:30,600.6732528094536,608.745541582387,594.7377463587673,599.7235717773438,7926593,0.0,0.0
2021-02-05 00:00:00+05:30,601.6229572574094,611.8320287499384,591.7937813780824,602.81005859375,10981738,0.0,0.0
2021-02-08 00:00:00+05:30,608.6505943184302,612.4017880096592,600.7207229525245,602.715087890625,6479801,0.0,0.0
2021-02-09 00:00:00+05:30,605.3496848173526,612.3908388487806,594.9076432148498,597.3983764648438,5794015,5.5,0.0
2021-02-10 00:00:00+05:30,596.8714612114553,605.014318959144,588.2974993006396,600.7512817382812,6902162,0.0,0.0
2021-02-11 00:00:00+05:30,595.8655368011681,621.4915868163309,595.8655368011681,616.6058959960938,11433578,0.0,0.0
2021-02-12 00:00:00+05:30,626.9041731558657,626.9041731558657,596.2007675773114,600.7991333007812,15471776,0.0,0.0
2021-02-15 00:00:00+05:30,605.4454463396414,610.522746141712,597.1109799253276,601.134521484375,7310676,0.0,0.0
2021-02-16 00:00:00+05:30,604.4873826512978,607.8403237595063,596.823517261107,604.631103515625,6137454,0.0,0.0
2021-02-17 00:00:00+05:30,602.2841434082454,605.8286934948424,593.7580682110798,595.1471557617188,4700733,0.0,0.0
2021-02-18 00:00:00+05:30,595.8656622178356,600.8950749616357,588.2975701293751,590.1656494140625,5633766,0.0,0.0
2021-02-19 00:00:00+05:30,590.0218939746331,596.1529515562316,575.9395288178949,581.783203125,7301975,0.0,0.0
2021-02-22 00:00:00+05:30,582.4538134670031,585.1840423293668,565.5933317285895,570.2874145507812,5330343,0.0,0.0
2021-02-23 00:00:00+05:30,570.0000025260805,582.7890548247485,567.126052933512,578.6697387695312,7564187,0.0,0.0
2021-02-24 00:00:00+05:30,581.5916478018738,583.7471102630462,570.8143354960114,576.1790771484375,3296243,0.0,0.0
2021-02-25 00:00:00+05:30,580.9211083291175,592.8958998227861,577.3765583528592,583.938720703125,6261754,0.0,0.0
2021-02-26 00:00:00+05:30,579.5319209849625,595.2428096357226,565.2100611316489,569.6167602539062,15404415,0.0,0.0
2021-03-01 00:00:00+05:30,574.7900020084196,585.1362103504387,571.963939471079,579.0530395507812,5274758,0.0,0.0
2021-03-02 00:00:00+05:30,583.4117860653223,590.4529394054344,579.100861537746,588.393310546875,4776776,0.0,0.0
2021-03-03 00:00:00+05:30,590.596736400651,599.1228116201668,586.5253071553911,598.1168823242188,6626297,0.0,0.0
2021-03-04 00:00:00+05:30,595.8655627121796,609.9958152041485,590.1176633934126,592.9437255859375,11530735,0.0,0.0
2021-03-05 00:00:00+05:30,593.4225858887405,593.4225858887405,581.3999108347177,585.5192260742188,6127488,0.0,0.0
2021-03-08 00:00:00+05:30,585.8067456457104,595.7697946344886,585.6151373054154,588.9680786132812,4554461,0.0,0.0
2021-03-09 00:00:00+05:30,592.0337909210052,594.8119664025924,581.9749643762308,586.8606567382812,4035628,0.0,0.0
2021-03-10 00:00:00+05:30,592.0335835709739,601.5176400941091,589.4949048486309,599.6974487304688,5825924,0.0,0.0
2021-03-12 00:00:00+05:30,601.6134007584832,602.7151047373039,585.8066792417396,587.8184204101562,4264170,0.0,0.0
2021-03-15 00:00:00+05:30,588.2016952350847,588.2016952350847,571.4369889376677,580.058837890625,4030762,0.0,0.0
2021-03-16 00:00:00+05:30,580.5378971782058,584.3219430206119,574.0715097096366,576.9933471679688,4189930,0.0,0.0
2021-03-17 00:00:00+05:30,578.6218402629329,578.6218402629329,557.5462103195811,560.1806640625,7667561,0.0,0.0
2021-03-18 00:00:00+05:30,562.7193600336727,566.6949552663607,547.9663952352315,550.4092407226562,5537584,0.0,0.0
2021-03-19 00:00:00+05:30,547.0084428625753,558.168971258455,538.4823684384505,554.001708984375,6186643,0.0,0.0
2021-03-22 00:00:00+05:30,554.2891350949401,568.6588851420332,554.2891350949401,566.1681518554688,7033955,0.0,0.0
2021-03-23 00:00:00+05:30,566.3596693697964,569.7126105096219,558.504195576646,563.150390625,5341729,0.0,0.0
2021-03-24 00:00:00+05:30,560.4201362836961,571.9159339510541,558.6957783277226,560.70751953125,7299582,0.0,0.0
2021-03-25 00:00:00+05:30,559.8453541643532,563.2461825185724,547.487348628572,551.5587768554688,4710869,0.0,0.0
2021-03-26 00:00:00+05:30,556.44454233133,565.497495655917,550.4571470730921,562.5277709960938,5761818,0.0,0.0
2021-03-30 00:00:00+05:30,569.9521549093395,573.8319754364392,562.5756720785457,572.5866088867188,4637718,0.0,0.0
2021-03-31 00:00:00+05:30,573.0656508097253,580.5379092344518,570.670692438296,572.6824340820312,5269919,0.0,0.0
2021-04-01 00:00:00+05:30,574.7899371290422,586.956335825738,572.2512581851264,585.0882568359375,6033653,0.0,0.0
2021-04-05 00:00:00+05:30,585.9983284451434,586.2378242424097,567.8445353182325,583.2201538085938,5353987,0.0,0.0
2021-04-06 00:00:00+05:30,583.1723212433327,595.7698247537315,578.1429090272711,594.3807373046875,7444994,0.0,0.0
2021-04-07 00:00:00+05:30,594.9076179011435,601.9967175735753,590.261422373432,594.9555053710938,4757224,0.0,0.0
2021-04-08 00:00:00+05:30,594.4764443855971,599.6974643556675,587.5310664038421,588.441162109375,3222479,0.0,0.0
2021-04-09 00:00:00+05:30,587.2437468559825,615.025261796967,583.8908053975878,609.995849609375,16755446,0.0,0.0
2021-04-12 00:00:00+05:30,612.1512986046713,618.7134604987901,589.3513088797242,593.326904296875,15229597,0.0,0.0
2021-04-13 00:00:00+05:30,597.7815631110448,608.8462582341126,590.2134718564715,600.9907836914062,7399207,0.0,0.0
2021-04-15 00:00:00+05:30,606.9782151135116,614.5463068164294,600.1765568518987,606.6429443359375,8588761,0.0,0.0
2021-04-16 00:00:00+05:30,606.6429159632658,622.6891360065105,600.0328079004713,618.9050903320312,9804095,0.0,0.0
2021-04-19 00:00:00+05:30,616.9411537849608,624.0302525428002,608.3193053625001,613.73193359375,11340358,0.0,0.0
2021-04-20 00:00:00+05:30,616.749656172077,631.7900061475073,612.2950687698863,618.04296875,13831258,0.0,0.0
2021-04-22 00:00:00+05:30,623.3595973322364,630.3528620714222,611.2889755293319,613.061279296875,11295290,0.0,0.0
2021-04-23 00:00:00+05:30,609.7562984271309,618.665530370663,603.6731285789236,611.1453857421875,7668180,0.0,0.0
2021-04-26 00:00:00+05:30,616.9412149813562,616.9412149813562,604.4874326913599,608.031982421875,6527947,0.0,0.0
2021-04-27 00:00:00+05:30,606.1160897626091,615.4564276180978,605.4454897096207,612.390869140625,5112384,0.0,0.0
2021-04-28 00:00:00+05:30,614.0192627831144,620.1024319128604,611.4805842495468,616.3663330078125,6069155,0.0,0.0
2021-04-29 00:00:00+05:30,621.683325818833,624.6051634321664,614.163121207381,617.4202880859375,5676290,0.0,0.0
2021-04-30 00:00:00+05:30,615.0253051781071,638.5916719882554,613.2051134411839,626.9522094726562,10874266,0.0,0.0
2021-05-03 00:00:00+05:30,626.4732120158262,636.0530453413357,622.7849411031077,631.5026245117188,6567597,0.0,0.0
2021-05-04 00:00:00+05:30,634.1849644725546,636.9631395178745,615.0252978721753,618.04296875,5604638,0.0,0.0
2021-05-05 00:00:00+05:30,615.2647560121056,658.9967157366129,615.2647560121056,654.685791015625,25296369,0.0,0.0
2021-05-06 00:00:00+05:30,660.864698638565,667.4269187552175,645.0579755633419,650.8538208007812,11153908,0.0,0.0
2021-05-07 00:00:00+05:30,652.3865345730984,661.9663662114699,649.1293684277913,650.9016723632812,6466334,0.0,0.0
2021-05-10 00:00:00+05:30,659.0925714131859,673.9413139377561,654.8774211147189,668.864013671875,10924222,0.0,0.0
2021-05-11 00:00:00+05:30,669.1514052050121,691.5202942169417,666.9480550781411,678.3480224609375,14760511,0.0,0.0
2021-05-12 00:00:00+05:30,684.9100513806602,684.9100513806602,670.5881918743564,673.3184204101562,7250661,0.0,0.0
2021-05-14 00:00:00+05:30,673.4621546288075,681.1260198308423,658.1344242247379,662.3974609375,6851035,0.0,0.0
2021-05-17 00:00:00+05:30,659.0924605973958,669.1512844873268,651.4764822437452,658.2781982421875,6318234,0.0,0.0
2021-05-18 00:00:00+05:30,661.966449659646,666.6126452016996,655.9790541308865,661.7748413085938,4080423,0.0,0.0
2021-05-19 00:00:00+05:30,665.1277760999828,677.0546795671762,661.7748346376762,673.845458984375,7745431,0.0,0.0
2021-05-20 00:00:00+05:30,670.5882870434137,672.1689828225652,656.2185380353407,657.9907836914062,6226376,0.0,0.0
2021-05-21 00:00:00+05:30,662.6848554490583,665.3193091570236,659.0924185745604,661.3916015625,3434231,0.0,0.0
2021-05-24 00:00:00+05:30,661.9664665728842,669.0555664483256,660.6252665519106,661.9185791015625,3722957,0.0,0.0
2021-05-25 00:00:00+05:30,665.798414576469,668.0975979575159,661.9664812551655,666.8521728515625,2800233,0.0,0.0
2021-05-26 00:00:00+05:30,670.1093211820354,676.4799335422232,666.9479879728069,674.2286376953125,6235460,0.0,0.0
2021-05-27 00:00:00+05:30,677.5337462026448,679.9287046551108,665.319458095068,670.109375,9875654,0.0,0.0
2021-05-28 00:00:00+05:30,664.840408946027,665.3194005951235,638.3042598919454,641.6093139648438,28316552,0.0,0.0
2021-05-31 00:00:00+05:30,643.7647033036524,647.309252798711,631.3109218409329,640.2201538085938,13947126,0.0,0.0
2021-06-01 00:00:00+05:30,641.9445185242594,645.0100764564444,636.3882276619171,642.8546142578125,6443084,0.0,0.0
2021-06-02 00:00:00+05:30,642.8067750148409,649.608432852517,641.9925126225343,648.9857788085938,4978457,0.0,0.0
2021-06-03 00:00:00+05:30,649.5126338707439,652.2428627045043,645.2017093096549,647.11767578125,3604574,0.0,0.0
2021-06-04 00:00:00+05:30,650.3749641711706,650.7102349783286,644.5312302542205,645.6329345703125,3747803,0.0,0.0
2021-06-07 00:00:00+05:30,645.6327965756315,649.3210085487372,642.7109594769906,646.9739379882812,2793705,0.0,0.0
2021-06-08 00:00:00+05:30,644.7226758531883,651.3806706040493,637.1545853932479,650.2310791015625,5695920,0.0,0.0
2021-06-09 00:00:00+05:30,652.4344535087079,655.9311156136431,639.5495676394382,644.5789794921875,4492551,0.0,0.0
2021-06-10 00:00:00+05:30,644.7706424117181,652.3866212704612,644.7227549412927,647.6445922851562,3099864,0.0,0.0
2021-06-11 00:00:00+05:30,646.830396971733,657.5118766936065,645.7286926843711,652.674072265625,3822099,0.0,0.0
2021-06-14 00:00:00+05:30,653.3445316157794,654.9731147230286,643.3335956468908,648.650390625,3640962,0.0,0.0
2021-06-15 00:00:00+05:30,648.6503446767546,652.76971885348,643.5251583926647,644.9142456054688,3862284,0.0,0.0
2021-06-16 00:00:00+05:30,646.6387207111356,651.907628805819,638.8311335098409,640.459716796875,4842448,0.0,0.0
2021-06-17 00:00:00+05:30,643.5730757891057,645.2495463206563,633.8495817885037,637.106689453125,2776147,0.0,0.0
2021-06-18 00:00:00+05:30,638.9748902188902,644.7227902808293,625.2757400987348,640.411865234375,4158743,0.0,0.0
2021-06-21 00:00:00+05:30,634.1848486617176,646.4470213525873,634.1848486617176,643.1419677734375,2932177,0.0,0.0
2021-06-22 00:00:00+05:30,649.5126890060102,651.6681514695258,637.8731683147619,638.7832641601562,4577152,0.0,0.0
2021-06-23 00:00:00+05:30,638.783202147,644.0999973467175,636.3403566196331,637.29833984375,2631031,0.0,0.0
2021-06-24 00:00:00+05:30,636.2924819773637,642.8067563385258,633.7059155259834,636.8672485351562,3460776,0.0,0.0
2021-06-25 00:00:00+05:30,636.8672248337373,648.9378483340771,636.8672248337373,644.0042114257812,3010243,0.0,0.0
2021-06-28 00:00:00+05:30,646.6387885599737,651.3329305614902,641.4177673878378,647.8841552734375,3342385,0.0,0.0
2021-06-29 00:00:00+05:30,644.9622516325734,652.8656137951708,644.818530750444,649.1294555664062,2937766,0.0,0.0
2021-06-30 00:00:00+05:30,649.560557381769,654.7336905303896,645.9202325778721,647.06982421875,3768943,0.0,0.0
2021-07-01 00:00:00+05:30,646.6386660890414,656.9848730523352,645.3932996114454,655.4042358398438,4102748,0.0,0.0
2021-07-02 00:00:00+05:30,656.6974046731651,660.5293370126147,649.7999147680265,652.6259765625,5071894,0.0,0.0
2021-07-05 00:00:00+05:30,655.2605640305168,656.1706598413577,650.0874309262227,651.6202392578125,1600769,0.0,0.0
2021-07-06 00:00:00+05:30,649.5126396488001,654.3025558703989,644.1479568688723,644.9622192382812,2682423,0.0,0.0
2021-07-07 00:00:00+05:30,639.9327796583216,653.3445445014601,638.1125881842053,651.5243530273438,2576763,0.0,0.0
2021-07-08 00:00:00+05:30,648.5545734265991,652.2907309896946,637.1545508894817,638.8789672851562,2548016,0.0,0.0
2021-07-09 00:00:00+05:30,638.4957752871869,644.0520659136353,636.2924257162603,639.8369750976562,1994075,0.0,0.0
2021-07-12 00:00:00+05:30,640.5076042672401,644.5790332494955,638.4000878058947,640.459716796875,1555035,0.0,0.0
2021-07-13 00:00:00+05:30,642.1362123583303,660.3857830425351,640.8908457274318,654.3026123046875,7744032,0.0,0.0
2021-07-14 00:00:00+05:30,653.2967288756686,663.3076661428589,652.386633038531,657.128662109375,2663467,0.0,0.0
2021-07-15 00:00:00+05:30,657.176562285528,659.2841372989435,652.6740289547455,654.3026123046875,1905193,0.0,0.0
2021-07-16 00:00:00+05:30,656.122745113145,666.4210649533297,653.9672828210133,659.667236328125,3479357,0.0,0.0
2021-07-19 00:00:00+05:30,649.5605535600436,662.4454404148106,649.5605535600436,660.2899780273438,1940882,0.0,0.0
2021-07-20 00:00:00+05:30,660.0503867334322,662.5411195215245,645.5848646359527,648.0277099609375,2724983,0.0,0.0
2021-07-22 00:00:00+05:30,651.4286089800806,659.284083311913,647.1655718301236,658.421875,2047831,0.0,0.0
2021-07-23 00:00:00+05:30,657.3680748639343,669.582360502837,652.9613171196636,664.84033203125,3956261,0.0,0.0
2021-07-26 00:00:00+05:30,665.9899844356966,675.378208836023,665.9899844356966,673.845458984375,4715053,0.0,0.0
2021-07-27 00:00:00+05:30,675.3781528365387,676.0487527675285,645.5369529080527,659.3798217773438,5327355,0.0,0.0
2021-07-28 00:00:00+05:30,659.3798705394286,662.876532849895,644.2916340943049,658.90087890625,3332667,0.0,0.0
2021-07-29 00:00:00+05:30,658.9008622633222,676.2882814967838,652.0992046322509,673.4622192382812,4397443,0.0,0.0
2021-07-30 00:00:00+05:30,673.4143966341309,750.8194383622216,666.9001216541159,741.4312133789062,35893710,0.0,0.0
2021-08-02 00:00:00+05:30,752.0168441280242,768.2067842879603,731.9949710043784,742.43701171875,18661462,0.0,0.0
2021-08-03 00:00:00+05:30,741.4311625662365,770.5538188547464,733.0966964337207,761.4050903320312,14678219,0.0,0.0
2021-08-04 00:00:00+05:30,757.764702268061,764.3748096584079,746.9395039297908,752.7352905273438,5796169,0.0,0.0
2021-08-05 00:00:00+05:30,752.4958177934303,761.0218918225092,750.3882430195468,753.1185302734375,5026619,0.0,0.0
2021-08-06 00:00:00+05:30,753.4538626850479,762.9858081792005,748.7118336733175,752.20849609375,4064324,0.0,0.0
2021-08-09 00:00:00+05:30,755.9924336803915,759.6806454560726,749.142830701953,755.6571044921875,2873586,0.0,0.0
2021-08-10 00:00:00+05:30,756.7588832295679,765.2370116396321,749.3345130106937,760.0159912109375,5656020,0.0,0.0
2021-08-11 00:00:00+05:30,760.6387071805547,761.5966904389685,740.8084420372575,746.7958374023438,4275776,0.0,0.0
2021-08-12 00:00:00+05:30,747.2269698799175,748.4244489983149,740.6648076993644,745.9337158203125,2821380,0.0,0.0
2021-08-13 00:00:00+05:30,736.6890953943512,755.369768164429,735.3958414369926,745.5983276367188,4319920,0.0,0.0
2021-08-16 00:00:00+05:30,742.6285428941721,750.1007997028288,738.6528894691728,747.9932250976562,2310304,0.0,0.0
2021-08-17 00:00:00+05:30,750.1009325228212,759.8723739892813,745.5026243240932,751.20263671875,5686055,0.0,0.0
2021-08-18 00:00:00+05:30,754.8908182515147,758.1479847642137,746.5563520919158,750.005126953125,4036305,0.0,0.0
2021-08-20 00:00:00+05:30,742.4370515582067,751.4900053648871,712.1168569675979,729.1690063476562,6238261,0.0,0.0
2021-08-23 00:00:00+05:30,734.7879728546867,739.5905086249788,721.1487595421164,729.361083984375,2375417,2.0,0.0
2021-08-24 00:00:00+05:30,729.7933004485884,747.2265281837413,724.4624976400161,740.8871459960938,2732537,0.0,0.0
2021-08-25 00:00:00+05:30,739.5904719917239,745.3535146306205,729.6011746344227,738.677978515625,2254852,0.0,0.0
2021-08-26 00:00:00+05:30,734.9319783580949,740.646948293865,729.2649634242476,730.5136108398438,1735864,0.0,0.0
2021-08-27 00:00:00+05:30,730.7058048285785,746.3140458124291,728.1604374644077,741.3193969726562,2432862,0.0,0.0
2021-08-30 00:00:00+05:30,738.6299649892983,763.5551361309776,737.8135573985535,756.1112060546875,3617125,0.0,0.0
2021-08-31 00:00:00+05:30,756.3513502285126,769.3662100976078,752.749448495846,762.690673828125,7435465,0.0,0.0
2021-09-01 00:00:00+05:30,763.6512347275111,772.1517585899702,755.9191635218918,757.3599243164062,2811619,0.0,0.0
2021-09-02 00:00:00+05:30,759.0887785597492,764.2275269169362,757.1677642859679,758.7526245117188,2679549,0.0,0.0
2021-09-03 00:00:00+05:30,761.6820448864308,765.7161859789901,753.0374819558156,758.2242431640625,2860730,0.0,0.0
2021-09-06 00:00:00+05:30,758.2244065220108,761.7782362593961,748.955488599559,753.2777709960938,4613445,0.0,0.0
2021-09-07 00:00:00+05:30,751.1166203505585,752.0771275377076,736.3247862185806,739.4945068359375,3851664,0.0,0.0
2021-09-08 00:00:00+05:30,736.9970458380931,748.1869763915944,733.3951444098884,746.7462158203125,2548562,0.0,0.0
2021-09-09 00:00:00+05:30,741.703667583833,751.3567531670784,740.9832871876996,745.6417236328125,2008287,0.0,0.0
2021-09-13 00:00:00+05:30,745.6416143617822,752.077023349096,741.1752917351026,749.483642578125,1935832,0.0,0.0
2021-09-14 00:00:00+05:30,753.7098836651559,756.879545162343,746.6021081414175,750.5402221679688,1996844,0.0,0.0
2021-09-15 00:00:00+05:30,753.7099272538189,754.7184479760629,748.042911957857,749.8198852539062,1393824,0.0,0.0
2021-09-16 00:00:00+05:30,749.1955807748593,753.5658766044385,747.5627068866912,750.2041015625,1353677,0.0,0.0
2021-09-17 00:00:00+05:30,753.9981419120056,756.7836362046204,736.3728584777031,739.4945068359375,4052622,0.0,0.0
2021-09-20 00:00:00+05:30,736.4207181417224,744.1527876567147,721.9170274733709,726.62353515625,2206369,0.0,0.0
2021-09-21 00:00:00+05:30,726.6236214198032,736.0845929084358,721.3888459979192,734.3076782226562,2123997,0.0,0.0
2021-09-22 00:00:00+05:30,734.7878998532018,743.4324633808865,734.3076463238859,739.6864624023438,1817865,0.0,0.0
2021-09-23 00:00:00+05:30,740.6469228101657,746.5060506735914,735.8443878195028,739.4462890625,2109768,0.0,0.0
2021-09-24 00:00:00+05:30,738.6299580616511,745.9778608082436,731.9064083783851,740.022705078125,1777859,0.0,0.0
2021-09-27 00:00:00+05:30,740.9831382215722,743.9126728519573,730.0813485769428,732.9148559570312,2862731,0.0,0.0
2021-09-28 00:00:00+05:30,736.420729007346,759.7610373945272,725.1347717514855,744.4889526367188,4938824,0.0,0.0
2021-09-29 00:00:00+05:30,753.0375082970725,787.3756344726087,740.8870709696965,779.2593383789062,18565413,0.0,0.0
2021-09-30 00:00:00+05:30,782.621175295282,800.0544026533818,774.7450053308158,785.9349365234375,10478553,0.0,0.0
2021-10-01 00:00:00+05:30,779.9318190175393,797.8933147518743,773.4964092785373,793.9552001953125,5730355,0.0,0.0
2021-10-04 00:00:00+05:30,797.2208925393911,805.7694291743325,793.8111040613013,799.1419067382812,4007435,0.0,0.0
2021-10-05 00:00:00+05:30,795.2998725291362,801.447141370546,782.7652666979105,788.0960693359375,2987134,0.0,0.0
2021-10-06 00:00:00+05:30,788.0480340287692,791.4578223881473,765.8122720008731,768.98193359375,2910453,0.0,0.0
2021-10-07 00:00:00+05:30,776.1377079126559,793.7149751548199,772.3436933505546,790.7374267578125,4089061,0.0,0.0
2021-10-08 00:00:00+05:30,792.5144620410045,800.8708863508092,786.2711652821986,788.9606323242188,2753935,0.0,0.0
2021-10-11 00:00:00+05:30,793.3789168563409,803.176101646578,785.5027463926324,799.6702270507812,2988841,0.0,0.0
2021-10-12 00:00:00+05:30,800.5825931370944,809.4672829829469,791.1696361604816,796.9326782226562,2407031,0.0,0.0
2021-10-13 00:00:00+05:30,795.2517679879514,813.3573011605242,794.5794013751763,809.275146484375,4113083,0.0,0.0
2021-10-14 00:00:00+05:30,810.5719385137235,816.4310081813809,805.1450501271089,808.0745849609375,2300231,0.0,0.0
2021-10-18 00:00:00+05:30,816.431004573365,817.391511637569,799.2859769272039,802.8878784179688,2632795,0.0,0.0
2021-10-19 00:00:00+05:30,803.9444542069222,808.9391029233511,793.0427219157651,794.675537109375,2029762,0.0,0.0
2021-10-20 00:00:00+05:30,792.4663355738521,801.8312793786679,775.6094484501235,782.7172241210938,2089252,0.0,0.0
2021-10-21 00:00:00+05:30,790.5453020221552,796.2603305951538,778.0587105894206,786.0789794921875,3155655,0.0,0.0
2021-10-22 00:00:00+05:30,792.5143741919717,794.1952615945571,768.5497692662996,780.4600219726562,1709523,0.0,0.0
2021-10-25 00:00:00+05:30,778.0107162781704,788.8164206709229,764.131377577651,781.0843505859375,2129988,0.0,0.0
2021-10-26 00:00:00+05:30,784.7343948823803,791.3619181176839,774.4569559539608,781.3726196289062,1628608,0.0,0.0
2021-10-27 00:00:00+05:30,783.5816394244018,805.3371475500992,783.5816394244018,792.5143432617188,3569869,0.0,0.0
2021-10-28 00:00:00+05:30,791.4098315268736,796.4044801387244,771.335209819987,775.7055053710938,1647229,0.0,0.0
2021-10-29 00:00:00+05:30,768.4056849449686,784.3020658273274,748.571189752446,763.6031494140625,4321416,0.0,0.0
2021-11-01 00:00:00+05:30,767.3971917510614,781.7087129719953,755.9191196952963,779.7396850585938,1935341,0.0,0.0
2021-11-02 00:00:00+05:30,782.4771904224232,802.9839950764676,751.8369882130443,783.1975708007812,17608860,0.0,0.0
2021-11-03 00:00:00+05:30,787.6157822449705,789.5367963480071,750.4921612539107,756.83154296875,9452138,0.0,0.0
2021-11-04 00:00:00+05:30,765.5240523936301,765.5240523936301,757.3597431773868,764.0352783203125,485870,0.0,0.0
2021-11-08 00:00:00+05:30,766.484564666748,771.2870995330811,752.076960067749,768.4055786132812,4280584,0.0,0.0
2021-11-09 00:00:00+05:30,768.4056094916735,779.9316936340485,765.5240884560798,769.7022705078125,3232291,0.0,0.0
2021-11-10 00:00:00+05:30,768.1655891326265,782.8133230923296,765.5241944841555,779.0673217773438,2900645,0.0,0.0
2021-11-11 00:00:00+05:30,777.0021064667692,778.4428668872065,760.8175292357087,763.4589233398438,2107377,0.0,0.0
2021-11-12 00:00:00+05:30,772.199766244797,776.6180758638757,764.6597496370721,774.6490478515625,2076523,0.0,0.0
2021-11-15 00:00:00+05:30,776.3778041605988,787.2795938947392,774.7930027695232,778.6830444335938,2109222,0.0,0.0
2021-11-16 00:00:00+05:30,780.219869384739,785.1665041699806,764.2274620869787,766.9168701171875,1512946,0.0,0.0
2021-11-17 00:00:00+05:30,768.4056384191929,773.2081736593128,756.3032730639698,760.0972290039062,1662900,0.0,0.0
2021-11-18 00:00:00+05:30,758.8006347069363,762.9788172836061,749.291590644905,759.4249877929688,3177648,0.0,0.0
2021-11-22 00:00:00+05:30,760.5775285402734,762.6426422683364,734.835949820892,740.3108520507812,2894426,0.0,0.0
2021-11-23 00:00:00+05:30,739.5904659231913,760.4814953177749,731.4741692150681,754.190185546875,2739763,0.0,0.0
2021-11-24 00:00:00+05:30,752.5573072663843,765.4761393904729,744.9212641530999,748.18701171875,2404041,0.0,0.0
2021-11-25 00:00:00+05:30,744.9692694669393,756.159200423886,743.7686356142498,751.9810180664062,1861259,0.0,0.0
2021-11-26 00:00:00+05:30,744.3930481966152,767.3491927457216,731.9064551300912,736.9971313476562,5432649,0.0,0.0
2021-11-29 00:00:00+05:30,742.4719978207592,744.3930120453924,719.4678407558355,721.3888549804688,4664270,0.0,0.0
2021-11-30 00:00:00+05:30,721.3409005536738,731.5703255893043,716.5863782325398,723.8381958007812,5505266,0.0,0.0
2021-12-01 00:00:00+05:30,726.8636828033901,733.1069783940371,711.1113443248029,715.9138793945312,3687799,0.0,0.0
2021-12-02 00:00:00+05:30,723.261866986771,740.3108684994074,716.63434435733,735.9885864257812,4896650,0.0,0.0
2021-12-03 00:00:00+05:30,741.415481533025,741.415481533025,719.3238174108429,722.1092529296875,3135454,0.0,0.0
2021-12-06 00:00:00+05:30,721.5329550095664,722.829616162234,704.7240805320891,708.037841796875,2577704,0.0,0.0
2021-12-07 00:00:00+05:30,711.8317480690346,721.3407912706842,705.9726785405499,714.3291015625,2583462,0.0,0.0
2021-12-08 00:00:00+05:30,720.5723769426261,733.3471085626552,717.8348967653153,727.632080078125,2530785,0.0,0.0
2021-12-09 00:00:00+05:30,728.2564650388896,736.5168023097962,726.2874372896885,729.7452392578125,2604449,0.0,0.0
2021-12-10 00:00:00+05:30,724.41439253334,744.3929264472431,724.41439253334,731.281982421875,2950388,0.0,0.0
2021-12-13 00:00:00+05:30,733.6832998496558,742.8081169882898,729.0248640234959,732.482666015625,2491218,0.0,0.0
2021-12-14 00:00:00+05:30,727.3439654026201,738.3897965048059,723.8380912116124,726.1913452148438,3224172,0.0,0.0
2021-12-15 00:00:00+05:30,722.7815178753245,748.0908538885892,715.8658557467944,744.4889526367188,6231786,0.0,0.0
2021-12-16 00:00:00+05:30,755.4388127857892,755.4388127857892,729.9853753556259,734.2596435546875,6186549,0.0,0.0
2021-12-17 00:00:00+05:30,731.9063129614794,741.8475366758428,723.7420036961611,738.5818481445312,7171030,0.0,0.0
2021-12-20 00:00:00+05:30,737.6693996599864,744.1048084913344,723.3098078244783,733.7793579101562,7474026,0.0,0.0
2021-12-21 00:00:00+05:30,733.8755022760637,752.98961868926,733.8755022760637,747.8028564453125,5599344,0.0,0.0
2021-12-22 00:00:00+05:30,753.9980560589734,769.3661693034875,746.7942529756074,766.00439453125,5871235,0.0,0.0
2021-12-23 00:00:00+05:30,770.1825395121451,772.1996394524683,758.8005546423881,761.15380859375,4277384,0.0,0.0
2021-12-24 00:00:00+05:30,762.0664429244337,763.4111178419513,746.890382125376,754.3823852539062,3076272,0.0,0.0
2021-12-27 00:00:00+05:30,753.0374891607062,765.1398539294825,750.3000676563647,762.7385864257812,3598487,0.0,0.0
2021-12-28 00:00:00+05:30,764.563699483878,787.5198440614794,762.8347983205389,782.9093627929688,5477769,0.0,0.0
2021-12-29 00:00:00+05:30,790.0170859146967,810.3318344309549,784.2540433426747,805.67333984375,8748856,0.0,0.0
2021-12-30 00:00:00+05:30,803.60830561216,808.6989816245771,794.6755424940164,801.4951782226562,5179861,0.0,0.0
2021-12-31 00:00:00+05:30,801.4951979514489,817.3435658257822,801.0629580117536,812.3009033203125,3346523,0.0,0.0
2022-01-03 00:00:00+05:30,811.6285314673449,826.0841521667635,807.6904756521184,815.4225463867188,3726756,0.0,0.0
2022-01-04 00:00:00+05:30,818.8321906272821,820.2729510799987,799.5260240107565,804.61669921875,3027262,0.0,0.0
2022-01-05 00:00:00+05:30,806.8260153755099,811.196311233853,797.8452968685334,802.1195068359375,2436343,0.0,0.0
2022-01-06 00:00:00+05:30,804.7128398985611,811.5324755108692,789.5368393823325,796.836669921875,2423850,0.0,0.0
2022-01-07 00:00:00+05:30,796.8366968075097,802.9839659295791,792.6105005827022,796.21240234375,1475374,0.0,0.0
2022-01-10 00:00:00+05:30,799.2379729461871,802.0234671201987,785.2626056931651,794.05126953125,4837873,0.0,0.0
2022-01-11 00:00:00+05:30,798.0854233408633,808.2667757952352,795.588069548016,799.5261840820312,4950526,0.0,0.0
2022-01-12 00:00:00+05:30,811.628537577386,811.628537577386,794.8196625388011,803.1760864257812,3953446,0.0,0.0
2022-01-13 00:00:00+05:30,803.1759439867047,836.6015749820597,801.30294366106,831.3187866210938,7395140,0.0,0.0
2022-01-14 00:00:00+05:30,831.3188751655528,834.5846226773192,822.9624518704911,825.7959594726562,2351963,0.0,0.0
2022-01-17 00:00:00+05:30,825.7960097194122,829.301884213755,816.9113187163246,819.5046997070312,1750754,0.0,0.0
2022-01-18 00:00:00+05:30,821.2336111741262,832.9518100994463,811.6285396984055,813.2614135742188,3354708,0.0,0.0
2022-01-19 00:00:00+05:30,814.5099484757006,814.5099484757006,801.0628502697339,805.3851318359375,1677779,0.0,0.0
2022-01-20 00:00:00+05:30,806.1535580948132,809.4673191535763,783.437601459508,787.6157836914062,2886894,0.0,0.0
2022-01-21 00:00:00+05:30,784.2540496779004,787.3276841327479,769.4622168403412,776.8101196289062,3218477,0.0,0.0
2022-01-24 00:00:00+05:30,772.2476665493494,792.4183145562355,760.3373557049282,769.2220458984375,5300160,0.0,0.0
2022-01-25 00:00:00+05:30,759.7610621454298,779.6435694284102,753.8059068233961,776.1376953125,3779497,0.0,0.0
2022-01-27 00:00:00+05:30,770.3266730029193,785.1185053857728,760.0492355907834,780.0277709960938,3593525,0.0,0.0
2022-01-28 00:00:00+05:30,783.773804818218,809.611469627915,780.0278036247208,794.675537109375,5073701,0.0,0.0
2022-01-31 00:00:00+05:30,797.3168365740183,816.1908225578916,787.6637529571428,801.5430908203125,8041517,0.0,0.0
2022-02-01 00:00:00+05:30,813.9337011262136,859.6538134532915,806.681825967715,856.5321655273438,12337459,0.0,0.0
2022-02-02 00:00:00+05:30,854.851293926089,862.9675904079676,847.1672373514725,855.4756469726562,4404741,0.0,0.0
2022-02-03 00:00:00+05:30,854.226935113428,856.0039083591329,845.6784574066895,848.656005859375,2292825,0.0,0.0
2022-02-04 00:00:00+05:30,848.0317330889967,867.1938026319824,846.5429001999505,858.6453247070312,4222492,0.0,0.0
2022-02-07 00:00:00+05:30,865.8490861070519,865.8490861070519,844.9580579104676,852.0177612304688,3494623,0.0,0.0
2022-02-08 00:00:00+05:30,851.0092231967186,860.5662798097022,847.1671951010223,858.789306640625,4766558,0.0,0.0
2022-02-09 00:00:00+05:30,865.372349822433,866.0015704524149,857.0951648538555,858.1600952148438,2874380,7.0,0.0
2022-02-10 00:00:00+05:30,862.952167649226,867.6473626574174,851.9159599871992,865.7595825195312,3159839,0.0,0.0
2022-02-11 00:00:00+05:30,866.0500701890358,867.2117856870118,846.7367937703171,852.0128173828125,2682532,0.0,0.0
2022-02-14 00:00:00+05:30,842.2351189883881,858.3537802453277,834.6840573252628,837.2494506835938,5163415,0.0,0.0
2022-02-15 00:00:00+05:30,834.9744919961315,851.9160034279371,831.6345822106865,848.818115234375,3219287,0.0,0.0
2022-02-16 00:00:00+05:30,848.0436674118129,853.0293358951027,839.427675009808,841.121826171875,2136415,0.0,0.0
2022-02-17 00:00:00+05:30,844.5101845384456,844.5101845384456,833.8128411655412,835.02294921875,2275289,0.0,0.0
2022-02-18 00:00:00+05:30,835.0228286775722,840.2021258500239,829.0691333676253,835.3616943359375,1797851,0.0,0.0
2022-02-21 00:00:00+05:30,828.1978459511236,836.4265796630868,812.7084648462516,816.9196166992188,2305713,0.0,0.0
2022-02-22 00:00:00+05:30,809.32013921327,821.9052609952945,798.2839318618061,818.807373046875,3171552,0.0,0.0
2022-02-23 00:00:00+05:30,822.7281140733229,825.7776095371308,811.3047076111365,813.4345092773438,1979574,0.0,0.0
2022-02-24 00:00:00+05:30,804.0925005300035,810.2398843190656,788.9903770700857,792.1366577148438,3679222,0.0,0.0
2022-02-25 00:00:00+05:30,794.3148644884457,808.3521168163951,790.9749547033007,805.01220703125,2098988,0.0,0.0
2022-02-28 00:00:00+05:30,794.7988779917459,819.9691226053701,794.7988779917459,816.9680786132812,4123139,0.0,0.0
2022-03-02 00:00:00+05:30,817.4036644416109,817.9845516886803,789.6680266975765,794.7020874023438,3807036,0.0,0.0
2022-03-03 00:00:00+05:30,806.2222792113017,806.2222792113017,790.9265271019433,794.7020874023438,2657776,0.0,0.0
2022-03-04 00:00:00+05:30,790.2488034833142,812.8052015598988,783.5205921481037,803.1727905273438,4082674,0.0,0.0
2022-03-07 00:00:00+05:30,791.8946758707962,802.5436262798166,783.2786832685758,796.3963012695312,3065234,0.0,0.0
2022-03-08 00:00:00+05:30,799.8330498263022,834.2001193606932,799.8330498263022,827.7139282226562,4864275,0.0,0.0
2022-03-09 00:00:00+05:30,835.8457595322666,857.5308578349253,832.5542423809567,840.5409545898438,7276355,0.0,0.0
2022-03-10 00:00:00+05:30,842.1383651969398,853.7554017514223,838.9436328746144,841.7994995117188,2899758,0.0,0.0
2022-03-11 00:00:00+05:30,844.1713363748961,878.054360197283,841.3154696924055,873.2139282226562,7194497,0.0,0.0
2022-03-14 00:00:00+05:30,873.1655352928577,882.7011626432818,861.5484985594416,863.7750854492188,3861194,0.0,0.0
2022-03-15 00:00:00+05:30,865.1787178831347,879.0223398317479,853.2228169055118,863.1941528320312,4039746,0.0,0.0
2022-03-16 00:00:00+05:30,871.2777701548661,871.2777701548661,852.3516926317409,860.8224487304688,3134307,0.0,0.0
2022-03-17 00:00:00+05:30,863.7266075460432,885.7989633396703,863.7266075460432,882.5074462890625,5484100,0.0,0.0
2022-03-21 00:00:00+05:30,883.3787676669161,901.2883646004371,882.2170522645791,884.6372680664062,3878744,0.0,0.0
2022-03-22 00:00:00+05:30,884.6372592639741,892.5755788324383,873.6978957660256,884.9276733398438,2174495,0.0,0.0
2022-03-23 00:00:00+05:30,888.7032823403839,896.4479732540256,867.2117532375677,872.0521850585938,2578669,0.0,0.0
2022-03-24 00:00:00+05:30,857.7245259055412,885.5086166095582,857.2404827193642,879.8452758789062,3141478,0.0,0.0
2022-03-25 00:00:00+05:30,882.7495551220429,885.7506583971449,867.6958235061861,873.552734375,1571676,0.0,0.0
2022-03-28 00:00:00+05:30,879.8936999441848,881.8298726283289,870.6000356079127,876.9894409179688,1545077,0.0,0.0
2022-03-29 00:00:00+05:30,879.070888841985,892.5757066329054,872.3426761990369,890.01025390625,3177777,0.0,0.0
2022-03-30 00:00:00+05:30,892.5755592845242,892.5755592845242,879.4096093768517,891.22021484375,2084073,0.0,0.0
2022-03-31 00:00:00+05:30,891.2202270392529,897.4160030142926,881.7329930859036,885.5569458007812,1901705,0.0,0.0
2022-04-01 00:00:00+05:30,884.8310418338999,889.6714742290525,875.2469620565739,879.7001953125,1184766,0.0,0.0
2022-04-04 00:00:00+05:30,879.0224512227891,899.1586365258503,873.7947610277317,896.4963989257812,1876408,0.0,0.0
2022-04-05 00:00:00+05:30,898.3841642571651,910.678873150128,894.65705531408,899.4490356445312,2911697,0.0,0.0
2022-04-06 00:00:00+05:30,898.1905429310298,908.8394932460043,895.4799128501334,898.48095703125,1881754,0.0,0.0
2022-04-07 00:00:00+05:30,898.4809695607022,917.7459126704576,897.270861553489,901.2400512695312,2728625,0.0,0.0
2022-04-08 00:00:00+05:30,907.0969462221244,907.3873603212769,889.9618053244806,895.0926513671875,1453271,0.0,0.0
2022-04-11 00:00:00+05:30,890.6393758927892,903.7569331441855,889.2840314684682,895.8670654296875,1102625,0.0,0.0
2022-04-12 00:00:00+05:30,890.6393878226085,898.5293147300866,882.3138693539685,891.8978881835938,1420380,0.0,0.0
2022-04-13 00:00:00+05:30,891.8979729961715,912.9054593284003,891.8979729961715,906.8549194335938,1825531,0.0,0.0
2022-04-18 00:00:00+05:30,897.9969314905833,911.0177055400819,889.9134335911177,897.900146484375,1287320,0.0,0.0
2022-04-19 00:00:00+05:30,901.2400689124738,907.8230447831227,885.8474711244704,892.57568359375,2001066,0.0,0.0
2022-04-20 00:00:00+05:30,888.7032959116557,901.2884188385092,886.815515655167,894.0277709960938,1455897,0.0,0.0
2022-04-21 00:00:00+05:30,901.2884288434532,915.809724689481,891.2203067552857,913.9703369140625,2410164,0.0,0.0
2022-04-22 00:00:00+05:30,910.9693278536329,912.1794358874448,889.0421466460378,895.2863159179688,1745381,0.0,0.0
2022-04-25 00:00:00+05:30,886.3315028886208,892.9144786742412,867.9862535596308,871.2777709960938,1146270,0.0,0.0
2022-04-26 00:00:00+05:30,876.118133096067,895.2378382105945,875.1984392604397,888.7516479492188,3142879,0.0,0.0
2022-04-27 00:00:00+05:30,881.006936147121,892.2851653133713,874.762767619182,877.1829833984375,1586283,0.0,0.0
2022-04-28 00:00:00+05:30,890.6393966094938,897.7548072844437,880.2808613749454,891.6074829101562,3150038,0.0,0.0
2022-04-29 00:00:00+05:30,894.5118024959838,936.1879087493589,890.2038063483209,899.013427734375,4290688,0.0,0.0
2022-05-02 00:00:00+05:30,893.011275378019,895.4798837807108,873.7463331623022,893.9309692382812,2119174,0.0,0.0
2022-05-04 00:00:00+05:30,890.7362591730831,891.5107755508997,866.4373145453366,872.1490478515625,3925917,0.0,0.0
2022-05-05 00:00:00+05:30,876.1180932760896,889.864930424511,844.7520738155955,850.125,4462293,0.0,0.0
2022-05-06 00:00:00+05:30,834.4904889701739,857.4341488022442,834.0064457631147,855.1107177734375,2350532,0.0,0.0
2022-05-09 00:00:00+05:30,840.3473431558018,862.9521948499034,840.3473431558018,857.1436767578125,2522123,0.0,0.0
2022-05-10 00:00:00+05:30,856.756437957445,862.4197195903781,819.4851126903698,834.34521484375,6975331,0.0,0.0
2022-05-11 00:00:00+05:30,825.7776590189691,839.3308679594915,823.8414863131802,827.5202026367188,2768829,0.0,0.0
2022-05-12 00:00:00+05:30,825.6808871890341,828.5366947057843,808.5457466520194,822.8734130859375,2700591,0.0,0.0
2022-05-13 00:00:00+05:30,835.4101654911893,860.628804236566,832.699535405543,854.3362426757812,4870689,0.0,0.0
2022-05-16 00:00:00+05:30,853.8038004149961,866.1952943450816,847.1239807130379,857.3372802734375,2739020,0.0,0.0
2022-05-17 00:00:00+05:30,852.061177189448,867.0180631950936,850.657440242574,863.2909545898438,2317400,0.0,0.0
2022-05-18 00:00:00+05:30,862.5649673621613,879.9905222583666,859.6607082127938,870.4548950195312,2878378,0.0,0.0
2022-05-19 00:00:00+05:30,856.7563377276899,871.2776315874813,850.3185404815973,856.3690795898438,2715634,0.0,0.0
2022-05-20 00:00:00+05:30,864.5010448599887,888.4127877054905,860.6770922505955,886.42822265625,2877917,0.0,0.0
2022-05-23 00:00:00+05:30,890.6393973019025,901.5787606904336,887.3478802421716,892.6239624023438,2195036,0.0,0.0
2022-05-24 00:00:00+05:30,898.3841561619881,901.1431786963144,878.0543422833225,880.86181640625,2911410,0.0,0.0
2022-05-25 00:00:00+05:30,885.7990166320128,893.2049008977915,878.2963473654576,882.1203002929688,2405811,0.0,0.0
2022-05-26 00:00:00+05:30,889.4777751771372,893.0113141826843,864.9852010009507,871.2293701171875,4113170,0.0,0.0
2022-05-27 00:00:00+05:30,873.1654425700752,883.6691551995452,867.4053173173054,875.05322265625,2374509,0.0,0.0
2022-05-30 00:00:00+05:30,876.1182272224222,886.2831348310801,858.2086281024058,859.951171875,3541617,0.0,0.0
2022-05-31 00:00:00+05:30,839.5728070144332,854.6265365046413,824.0350343953613,833.135009765625,24360628,0.0,0.0
2022-06-01 00:00:00+05:30,847.0756433036379,847.0756433036379,806.0287542103442,812.466552734375,5999099,0.0,0.0
2022-06-02 00:00:00+05:30,810.0462942666433,835.361777232396,806.2223411735883,832.11865234375,3553217,0.0,0.0
2022-06-03 00:00:00+05:30,834.6356476927766,847.0755333185925,827.56857025925,837.491455078125,2618353,0.0,0.0
2022-06-06 00:00:00+05:30,837.3947177258859,846.0591026342677,830.618113073769,832.3606567382812,2095566,0.0,0.0
2022-06-07 00:00:00+05:30,827.7138432267491,830.037274140903,811.8372031837359,821.1792602539062,3031449,0.0,0.0
2022-06-08 00:00:00+05:30,818.1297722983832,826.745764675236,810.8691244821487,820.211181640625,3208941,0.0,0.0
2022-06-09 00:00:00+05:30,819.0010924287693,834.5872597963336,808.7877927508124,831.4409790039062,2297715,0.0,0.0
2022-06-10 00:00:00+05:30,822.8734531283277,826.697406286797,815.128761804767,818.710693359375,2124778,0.0,0.0
2022-06-13 00:00:00+05:30,813.1924940664558,823.8414433935164,793.5887464416394,803.027587890625,2191412,0.0,0.0
2022-06-14 00:00:00+05:30,799.6394205222089,808.9814785494317,795.6218380553639,798.7197265625,2461692,0.0,0.0
2022-06-15 00:00:00+05:30,798.913239522428,803.5600420638988,793.0079365762067,796.057373046875,2008725,0.0,0.0
2022-06-16 00:00:00+05:30,796.3477788970877,799.6392960022346,780.8100053624461,788.6030883789062,2327414,0.0,0.0
2022-06-17 00:00:00+05:30,779.5031187022162,784.4403353120954,764.6914097852788,768.0797119140625,5719089,0.0,0.0
2022-06-20 00:00:00+05:30,775.4372765420131,787.5383576366139,769.1447143728208,779.6000366210938,2745302,0.0,0.0
2022-06-21 00:00:00+05:30,780.8584104797782,794.121205023957,779.6483025667563,791.3621826171875,1342717,0.0,0.0
2022-06-22 00:00:00+05:30,788.0222464210946,794.7988505057968,777.6153187195875,783.4722290039062,2032073,0.0,0.0
2022-06-23 00:00:00+05:30,783.6659691907504,800.1234385869736,782.6978827556784,798.5745239257812,1778752,0.0,0.0
2022-06-24 00:00:00+05:30,801.4787901503513,807.190464714202,795.2830132774784,798.2840576171875,1404748,0.0,0.0
2022-06-27 00:00:00+05:30,801.5755000441886,820.9372270983961,801.5755000441886,808.9813842773438,2980249,0.0,0.0
2022-06-28 00:00:00+05:30,810.2883215125287,810.7723647153438,798.719677147786,802.1563720703125,2823691,0.0,0.0
2022-06-29 00:00:00+05:30,797.7032000192704,816.7745140702018,797.5579634231798,811.93408203125,2975927,0.0,0.0
2022-06-30 00:00:00+05:30,809.3201579889114,821.0824303314452,797.3643156535404,804.0924682617188,3809670,0.0,0.0
2022-07-01 00:00:00+05:30,803.4148632410801,810.2398600020313,798.6712166225835,802.7855834960938,2316527,0.0,0.0
2022-07-04 00:00:00+05:30,798.9615969232102,812.8536705258718,795.6701390159399,802.9307861328125,2097164,0.0,0.0
2022-07-05 00:00:00+05:30,802.9308089488297,819.7754752862526,800.2685715969932,809.1265258789062,2682730,0.0,0.0
2022-07-06 00:00:00+05:30,813.1924679543577,815.7579202084181,804.7217130798331,810.9658813476562,2364840,0.0,0.0
2022-07-07 00:00:00+05:30,816.1452268296732,825.6809133118576,815.2739845229878,822.3410034179688,2327906,0.0,0.0
2022-07-08 00:00:00+05:30,826.2617838874448,832.0703025790964,822.6314597051626,830.3277587890625,2927832,0.0,0.0
2022-07-11 00:00:00+05:30,829.4565001370981,835.458648245548,823.9383952779216,829.8921508789062,1768048,0.0,0.0
2022-07-12 00:00:00+05:30,825.7777078904354,832.554312761752,821.9053622496831,824.42236328125,1695338,0.0,0.0
2022-07-13 00:00:00+05:30,827.3264759608302,835.7004455605306,822.2440232076384,832.6994018554688,2663538,0.0,0.0
2022-07-14 00:00:00+05:30,839.7181343378054,854.7718654548962,836.6202461608231,851.8192138671875,4934156,0.0,0.0
2022-07-15 00:00:00+05:30,856.6596266451543,856.7080191447361,844.9941389681788,850.3670654296875,1413559,0.0,0.0
2022-07-18 00:00:00+05:30,860.2414757226139,867.0180799264208,850.5122200760369,854.6265869140625,2866600,0.0,0.0
2022-07-19 00:00:00+05:30,851.9159844403234,862.8553483321537,845.6234231916164,847.365966796875,1604458,0.0,0.0
2022-07-20 00:00:00+05:30,856.4660390936676,856.4660390936676,834.5388587753437,839.81494140625,2885666,0.0,0.0
2022-07-21 00:00:00+05:30,844.171280512138,849.8830134991472,836.136175783439,841.8963012695312,2321107,0.0,0.0
2022-07-22 00:00:00+05:30,843.2031895597707,848.1888577713072,838.8468010947662,846.5914916992188,1939758,0.0,0.0
2022-07-25 00:00:00+05:30,842.2351224562007,849.9798132374071,829.0691717630704,840.6377563476562,2419358,0.0,0.0
2022-07-26 00:00:00+05:30,841.46072721011,849.3990476633509,834.4904931758666,839.960205078125,1560211,0.0,0.0
2022-07-27 00:00:00+05:30,839.8149487796246,868.3734974701133,838.4112116875465,865.46923828125,2797789,0.0,0.0
2022-07-28 00:00:00+05:30,867.4053761685077,868.2282259373181,850.7058865045492,866.2920532226562,3183169,0.0,0.0
2022-07-29 00:00:00+05:30,868.3735167735698,921.569877249568,850.9479612530299,913.09912109375,11315800,0.0,0.0
2022-08-01 00:00:00+05:30,909.9527548583927,909.9527548583927,880.9585575480065,889.3809204101562,4219890,0.0,0.0
2022-08-02 00:00:00+05:30,889.3809098264329,897.0287562661517,882.943112193734,887.9771728515625,2043767,0.0,0.0
2022-08-03 00:00:00+05:30,885.7990910456731,888.5097212554552,865.0336251266492,868.37353515625,2863168,0.0,0.0
2022-08-04 00:00:00+05:30,872.2458655575922,890.6395075615814,867.0181752478519,889.1873779296875,3151481,0.0,0.0
2022-08-05 00:00:00+05:30,890.1555061746493,899.352327608754,882.7980726622892,886.7188110351562,3317738,0.0,0.0
2022-08-08 00:00:00+05:30,890.4458013144035,890.4458013144035,879.4096525205313,881.3458251953125,2677742,0.0,0.0
2022-08-10 00:00:00+05:30,884.0564985564002,897.4160788512888,884.0564985564002,890.3490600585938,3077870,0.0,0.0
2022-08-11 00:00:00+05:30,893.5437250749363,897.3192855763714,888.170857505435,891.6559448242188,1526395,0.0,0.0
2022-08-12 00:00:00+05:30,891.6560174061802,893.3501687021375,878.1996511363908,884.298583984375,1384417,0.0,0.0
2022-08-16 00:00:00+05:30,878.0543106130302,890.1069973666891,877.3766383573902,885.4117431640625,1635836,0.0,0.0
2022-08-17 00:00:00+05:30,889.6713967366738,896.4480014996301,885.7990511578417,891.4139404296875,1828327,0.0,0.0
2022-08-18 00:00:00+05:30,880.9586417658763,889.6714195415828,866.630974574398,887.4932250976562,2989998,0.0,0.0
2022-08-19 00:00:00+05:30,889.678453231569,894.340511872594,872.1956888667565,875.4494018554688,1708425,3.0,0.0
2022-08-22 00:00:00+05:30,874.6239366501441,877.4891796148078,852.9161924735674,855.2471923828125,2860170,0.0,0.0
2022-08-23 00:00:00+05:30,849.0310600748768,866.3681112340272,847.5255523668687,862.87158203125,2314528,0.0,0.0
2022-08-24 00:00:00+05:30,866.3681158440337,874.0896820959874,852.8189613689138,855.6842041015625,3223687,0.0,0.0
2022-08-25 00:00:00+05:30,862.4831211318631,865.0569965009129,849.8566790432209,852.090576171875,5016244,0.0,0.0
2022-08-26 00:00:00+05:30,856.9468260976427,864.9112084301813,852.8675025340212,854.858642578125,1542618,0.0,0.0
2022-08-29 00:00:00+05:30,846.9428884480736,855.6842714710468,840.1440349857611,853.9845581054688,2068888,0.0,0.0
2022-08-30 00:00:00+05:30,857.626680602589,869.7674886518895,856.655415958645,867.3878784179688,3672052,0.0,0.0
2022-09-01 00:00:00+05:30,867.3393290858063,875.9836081497931,845.3887717934629,846.7970581054688,2939235,0.0,0.0
2022-09-02 00:00:00+05:30,847.8170048296279,852.7704312301784,841.1152544935471,844.563232421875,1963435,0.0,0.0
2022-09-05 00:00:00+05:30,844.0290195749949,860.6862327992624,839.6097770709931,859.1807250976562,2808538,0.0,0.0
2022-09-06 00:00:00+05:30,861.5118468361685,865.1055383241006,857.1897067742485,862.2402954101562,2252661,0.0,0.0
2022-09-07 00:00:00+05:30,854.2273483937937,870.6417463960847,854.2273483937937,868.06787109375,1698682,0.0,0.0
2022-09-08 00:00:00+05:30,872.4385583854887,874.8667202512986,861.5118299893443,868.60205078125,1772605,0.0,0.0
2022-09-09 00:00:00+05:30,868.7962893711046,875.983671989543,861.2204364346361,864.4255981445312,1405210,0.0,0.0
2022-09-12 00:00:00+05:30,865.591137975847,869.4276455100372,859.66638756267,862.1917114257812,1571387,0.0,0.0
2022-09-13 00:00:00+05:30,864.279862229945,867.6307372726973,858.1123551499298,864.5712890625,2216354,0.0,0.0
2022-09-14 00:00:00+05:30,859.1807759360848,871.9043797564979,854.7615331705929,858.355224609375,1889322,0.0,0.0
2022-09-15 00:00:00+05:30,857.6267729812586,862.628810148877,846.0686987608389,849.1767578125,1780723,0.0,0.0
2022-09-16 00:00:00+05:30,853.4503161601637,864.9112279306104,840.9209776354004,843.1063232421875,5625488,0.0,0.0
2022-09-19 00:00:00+05:30,847.3313254382169,851.7505678493268,832.1795609527516,849.7108764648438,1920725,0.0,0.0
2022-09-20 00:00:00+05:30,852.3334017072317,888.4644636285154,851.604953117211,885.7449340820312,4408042,0.0,0.0
2022-09-21 00:00:00+05:30,892.1552074014018,895.9917149476805,876.712133736934,879.2859497070312,4153228,0.0,0.0
2022-09-22 00:00:00+05:30,874.0411655283758,885.0649966437386,869.5733121438936,881.9083862304688,2317690,0.0,0.0
2022-09-23 00:00:00+05:30,876.6634999118858,900.0710148949627,876.6634999118858,894.6318969726562,4802181,0.0,0.0
2022-09-26 00:00:00+05:30,891.572493285329,899.7310816546789,873.2155657120235,874.8181762695312,3760536,0.0,0.0
2022-09-27 00:00:00+05:30,879.237398841111,883.7051928967999,868.6992002090544,871.3701782226562,3096645,0.0,0.0
2022-09-28 00:00:00+05:30,868.3107008393506,899.391173352616,866.4167226893142,891.475341796875,5559336,0.0,0.0
2022-09-29 00:00:00+05:30,898.516936879706,928.0434070326114,898.516936879706,903.9560546875,8519098,0.0,0.0
2022-09-30 00:00:00+05:30,907.1126561926733,923.6241556880628,903.2761488654274,921.3902587890625,4182345,0.0,0.0
2022-10-03 00:00:00+05:30,925.5667571147096,940.0385663482311,915.6598447897625,917.3595581054688,4444578,0.0,0.0
2022-10-04 00:00:00+05:30,928.2377064145049,928.8204415350259,915.9511839720911,917.4080810546875,1856830,0.0,0.0
2022-10-06 00:00:00+05:30,927.2665630110654,934.3567845510867,920.3219956295839,926.4895629882812,3449485,0.0,0.0
2022-10-07 00:00:00+05:30,925.615309315288,933.9196110945437,919.0107208532429,927.7035522460938,1762328,0.0,0.0
2022-10-10 00:00:00+05:30,918.767826444735,926.8293113494941,908.3752826194544,918.8649291992188,1683827,0.0,0.0
2022-10-11 00:00:00+05:30,923.478434305921,924.5468610092962,912.9887877497354,917.602294921875,2426935,0.0,0.0
2022-10-12 00:00:00+05:30,918.8164138742547,932.4141197878272,914.0086417128401,928.0919799804688,2875040,0.0,0.0
2022-10-13 00:00:00+05:30,929.3546595664584,945.7690576818768,924.158416825988,940.5728149414062,4498223,0.0,0.0
2022-10-14 00:00:00+05:30,947.9543599813925,951.7423160749831,936.2991834242442,948.2457275390625,3307000,0.0,0.0
2022-10-17 00:00:00+05:30,948.24572521799,956.6957400574976,945.3319310858352,951.8394165039062,2647369,0.0,0.0
2022-10-18 00:00:00+05:30,955.4817309860214,956.6958119656733,944.7978183650849,950.2368774414062,2065146,0.0,0.0
2022-10-19 00:00:00+05:30,947.5658606536978,952.5193464175014,937.3190294594613,948.8285522460938,2424533,0.0,0.0
2022-10-20 00:00:00+05:30,942.1267553950447,954.6074830297714,938.775880336608,952.1793212890625,1669666,0.0,0.0
2022-10-21 00:00:00+05:30,952.8107527500623,963.3975626042487,947.7116126359564,949.6055908203125,1791608,0.0,0.0
2022-10-24 00:00:00+05:30,957.6669799433654,961.5034873075105,953.8790239572389,958.6382446289062,191840,0.0,0.0
2022-10-25 00:00:00+05:30,963.4461468267181,968.6909412683626,957.1814769024512,963.0576171875,2119595,0.0,0.0
2022-10-27 00:00:00+05:30,970.2934339048369,984.2796692772434,963.9802133639146,982.5799560546875,4379157,0.0,0.0
2022-10-28 00:00:00+05:30,973.2072395093513,974.6641365744852,959.1724525923041,961.5520629882812,3934980,0.0,0.0
2022-10-31 00:00:00+05:30,966.3598652764545,997.7803151958456,962.7176225001082,987.6791381835938,3546309,0.0,0.0
2022-11-01 00:00:00+05:30,992.5839956562114,1018.8566945605463,989.8644662877138,1006.81298828125,5264069,0.0,0.0
2022-11-02 00:00:00+05:30,1008.9500075414285,1040.1760786691452,1002.9767048004936,1021.7220458984375,5923662,0.0,0.0
2022-11-03 00:00:00+05:30,1014.9716392844309,1025.2670216737456,1009.6782939495619,1014.194580078125,2386317,0.0,0.0
2022-11-04 00:00:00+05:30,1015.2630415858735,1016.3314090467773,1001.810930597732,1010.0181884765625,1576349,0.0,0.0
2022-11-07 00:00:00+05:30,1014.9716921152441,1019.7794053370678,991.6613374637935,998.8001098632812,2853521,0.0,0.0
2022-11-09 00:00:00+05:30,990.7385747410096,1006.8616048076194,980.977376072978,984.4253540039062,2268760,0.0,0.0
2022-11-10 00:00:00+05:30,980.9774188346885,992.9239636632475,977.8208083285372,981.6087646484375,2419991,0.0,0.0
2022-11-11 00:00:00+05:30,986.5621482634924,1001.8109570803833,980.8316626511424,984.4253540039062,2390487,0.0,0.0
2022-11-14 00:00:00+05:30,989.378851479222,992.0498295152094,973.2072698397265,987.6791381835938,1764788,0.0,0.0
2022-11-15 00:00:00+05:30,992.6325526163541,992.6325526163541,975.5868684859036,986.853515625,1703050,0.0,0.0
2022-11-16 00:00:00+05:30,978.1607504527942,993.4096195768481,978.1607504527942,989.37890625,1485506,0.0,0.0
2022-11-17 00:00:00+05:30,993.8951749100589,1000.8882927418064,981.414446985767,984.2310791015625,1758031,0.0,0.0
2022-11-18 00:00:00+05:30,986.076536733601,988.60180136928,977.0923378025142,980.5888671875,1130682,0.0,0.0
2022-11-21 00:00:00+05:30,974.1785053308031,983.6968876442771,964.9514905744296,974.32421875,1108922,0.0,0.0
2022-11-22 00:00:00+05:30,977.2380754957836,983.3084803297004,967.6225305263405,981.0745239257812,1723123,0.0,0.0
2022-11-23 00:00:00+05:30,986.0279822887705,989.8158792305201,980.4432099976093,988.4075927734375,1311376,0.0,0.0
2022-11-24 00:00:00+05:30,991.3214116293619,1007.5900965336946,984.6682123832895,1005.3561401367188,1994268,0.0,0.0
2022-11-25 00:00:00+05:30,1008.1241292571219,1008.1241292571219,997.4402177551192,1004.1419677734375,1948596,0.0,0.0
2022-11-28 00:00:00+05:30,1003.3164610474488,1011.5722112109564,998.4115267605648,1005.0161743164062,1427648,0.0,0.0
2022-11-29 00:00:00+05:30,1005.2589934783047,1020.9934346468425,1004.2877287503062,1019.6822509765625,1179559,0.0,0.0
2022-11-30 00:00:00+05:30,1022.7418199882791,1027.8895707807799,1009.4840319425784,1015.9915771484375,3060171,0.0,0.0
2022-12-01 00:00:00+05:30,1024.6841817654977,1027.45226224069,1009.7266827930878,1016.3798217773438,1878374,0.0,0.0
2022-12-02 00:00:00+05:30,1018.1769014265961,1019.6822906760499,1005.0648270881234,1010.1153564453125,2284133,0.0,0.0
2022-12-05 00:00:00+05:30,1012.2035096073123,1015.8942442524236,1001.1310685468126,1009.5325317382812,2294634,0.0,0.0
2022-12-06 00:00:00+05:30,1009.5326443401392,1010.1153795004087,993.8466943017243,1003.8507690429688,1321211,0.0,0.0
2022-12-07 00:00:00+05:30,1006.7644622767478,1007.3471973784812,986.1735797023574,988.504638671875,2954262,0.0,0.0
2022-12-08 00:00:00+05:30,985.8337845524921,988.7475789895931,946.9831920578126,952.6165161132812,10021644,0.0,0.0
2022-12-09 00:00:00+05:30,952.6165222566053,968.3510241746807,951.8395222579609,964.3202514648438,4231753,0.0,0.0
2022-12-12 00:00:00+05:30,966.3113412274818,966.4084439917461,951.985185901976,959.02685546875,1875104,0.0,0.0
2022-12-13 00:00:00+05:30,951.8394295261036,967.7195840510877,951.6451647250434,966.0684814453125,1863361,0.0,0.0
2022-12-14 00:00:00+05:30,970.2934264602794,974.1784852248852,965.9712867283971,971.5075073242188,1570685,0.0,0.0
2022-12-15 00:00:00+05:30,972.2360207295412,978.0636092653826,969.4193292246994,973.4015502929688,1304660,0.0,0.0
2022-12-16 00:00:00+05:30,969.4678590059896,976.2181010718043,959.2209692603172,965.09716796875,2618988,0.0,0.0
2022-12-19 00:00:00+05:30,959.2209959066449,964.6115624273519,945.7204521186909,959.5609741210938,1547342,0.0,0.0
2022-12-20 00:00:00+05:30,959.5610535816188,962.1834803502306,951.2567515487627,959.9495239257812,1352408,0.0,0.0
2022-12-21 00:00:00+05:30,963.4944992488961,980.4916300320168,959.9979703431692,976.7036743164062,2043630,0.0,0.0
2022-12-22 00:00:00+05:30,990.6415151636262,1004.3363840052451,978.1121759036148,981.6087646484375,5163443,0.0,0.0
2022-12-23 00:00:00+05:30,982.9198695015873,998.3143911760271,969.759244765211,972.7701416015625,3612433,0.0,0.0
2022-12-26 00:00:00+05:30,980.9774511393748,982.72571592871,960.2895226894279,971.3133544921875,2307374,0.0,0.0
2022-12-27 00:00:00+05:30,971.5075031468057,986.5621057949191,964.4658341662365,971.410400390625,1870105,0.0,0.0
2022-12-28 00:00:00+05:30,970.1964035855166,981.5601539825973,964.4659177233825,966.408447265625,1686511,0.0,0.0
2022-12-29 00:00:00+05:30,969.8564815756055,975.8297839768303,960.6780171001163,971.7990112304688,2162872,0.0,0.0
2022-12-30 00:00:00+05:30,975.1497762714773,977.8693056239438,965.1943129181082,972.62451171875,1629162,0.0,0.0
2023-01-02 00:00:00+05:30,972.6245407450612,972.6245407450612,958.8325694900981,968.3509521484375,1616012,0.0,0.0
2023-01-03 00:00:00+05:30,964.4659321479694,983.6969630475304,959.609608219732,980.103271484375,1810117,0.0,0.0
2023-01-04 00:00:00+05:30,982.919902251353,996.4205056489436,971.9931740889739,975.2468872070312,2573870,0.0,0.0
2023-01-05 00:00:00+05:30,980.1031915584523,992.5354272259488,979.2776402704935,986.9992065429688,2246533,0.0,0.0
2023-01-06 00:00:00+05:30,985.8336774767328,992.4382656272148,975.246868459293,979.7147216796875,1773153,0.0,0.0
2023-01-09 00:00:00+05:30,985.8337380935374,993.9437751820838,981.4630466438616,987.6305541992188,1567316,0.0,0.0
2023-01-10 00:00:00+05:30,986.8050034533408,994.5751215907686,981.0259662323693,982.7742309570312,1607654,0.0,0.0
2023-01-11 00:00:00+05:30,982.9199083380198,1003.365078362379,979.3747683553105,998.4601440429688,3258157,0.0,0.0
2023-01-12 00:00:00+05:30,1002.2966143770182,1005.6960410123272,991.8070261827625,1003.1707763671875,1641398,0.0,0.0
2023-01-13 00:00:00+05:30,1001.5196433385277,1005.2589888114438,990.8357313801451,1001.9566650390625,1491367,0.0,0.0
2023-01-16 00:00:00+05:30,1001.9566993210171,1009.6297146116326,996.6147431590508,1005.696044921875,1437532,0.0,0.0
2023-01-17 00:00:00+05:30,1005.6959411843782,1006.2301841705046,997.2945967554125,1003.0249633789062,1245848,0.0,0.0
2023-01-18 00:00:00+05:30,1003.0250803697078,1011.5722577691753,1000.5484263442191,1010.2124633789062,1238451,0.0,0.0
2023-01-19 00:00:00+05:30,1008.2699882510856,1014.0004744148005,1006.2303558369092,1010.649658203125,824263,0.0,0.0
2023-01-20 00:00:00+05:30,1014.0490130024755,1017.3998289759754,987.6305405779069,1000.7426147460938,2963571,0.0,0.0
2023-01-23 00:00:00+05:30,1005.2589390062618,1024.5871297586089,993.1181305641572,1019.1480712890625,2106604,0.0,0.0
2023-01-24 00:00:00+05:30,1019.8279139288719,1020.7505679497743,1004.8219220489517,1010.7951049804688,2088556,0.0,0.0
2023-01-25 00:00:00+05:30,1000.6939882871574,1015.6028765344925,1000.6939882871574,1010.163818359375,1753333,0.0,0.0
2023-01-27 00:00:00+05:30,1014.9229916729142,1020.799190479873,1004.2876907290092,1013.4176025390625,3448013,0.0,0.0
2023-01-30 00:00:00+05:30,1012.0092943319246,1041.3415619482578,1010.3095809598102,1021.4791259765625,3320916,0.0,0.0
2023-01-31 00:00:00+05:30,1024.6843036930015,1029.8320542550737,996.5662368129076,1004.7733764648438,5265462,0.0,0.0
2023-02-01 00:00:00+05:30,1006.6672555091153,1013.9517407925406,976.2181307369149,985.736572265625,4717887,0.0,0.0
2023-02-02 00:00:00+05:30,980.9288700917473,986.5136425407339,964.465920320649,978.6463623046875,2117181,0.0,0.0
2023-02-03 00:00:00+05:30,978.0636224184798,1002.782263365389,972.8673796166601,998.6058959960938,2332076,0.0,0.0
2023-02-06 00:00:00+05:30,990.6900124927191,996.4689901405583,983.6483432862758,993.9437255859375,1215157,0.0,0.0
2023-02-07 00:00:00+05:30,996.7604781210439,998.945823870883,973.2073072616672,977.4808959960938,2360600,0.0,0.0
2023-02-08 00:00:00+05:30,983.254261407387,995.094839348683,976.0129739721135,991.2784423828125,1815142,7.5,0.0
2023-02-09 00:00:00+05:30,981.4929201824677,999.3026740493029,979.9272524755262,985.21142578125,1474402,0.0,0.0
2023-02-10 00:00:00+05:30,985.2114704741576,992.5995660897311,975.3280657071516,985.0157470703125,1530150,0.0,0.0
2023-02-13 00:00:00+05:30,986.6303240210809,995.535170895306,980.5143413529611,993.480224609375,1355766,0.0,0.0
2023-02-14 00:00:00+05:30,996.1712442478117,996.2201601632527,981.7375253355767,985.1624755859375,1832842,0.0,0.0
2023-02-15 00:00:00+05:30,980.5143621470688,984.8200379272944,969.3098697161772,974.055908203125,2251350,0.0,0.0
2023-02-16 00:00:00+05:30,977.4808077496269,988.3427687432787,969.9459053891771,973.8112182617188,1678410,0.0,0.0
2023-02-17 00:00:00+05:30,970.9244899753502,975.1322740949066,960.9431943413931,963.3895874023438,1847026,0.0,0.0
2023-02-20 00:00:00+05:30,968.9185134347852,970.386349352895,954.0444308526608,963.2918090820312,2157871,0.0,0.0
2023-02-21 00:00:00+05:30,968.7716511166054,969.5544849500069,948.368756900313,950.7661743164062,1771813,0.0,0.0
2023-02-22 00:00:00+05:30,950.717287972301,957.0289942045116,945.2863071590575,947.7816162109375,2605147,0.0,0.0
2023-02-23 00:00:00+05:30,952.1361902388938,956.2950584901943,943.3780910349942,951.6469116210938,2835983,0.0,0.0
2023-02-24 00:00:00+05:30,949.7876511712254,962.2642562165971,943.0356419236849,949.6898193359375,1823835,0.0,0.0
2023-02-27 00:00:00+05:30,949.6897771851526,951.6958075306825,939.4638423428263,944.3566284179688,1548675,0.0,0.0
2023-02-28 00:00:00+05:30,948.2219632265408,955.071863889684,933.5436046626623,936.0878295898438,3819644,0.0,0.0
2023-03-01 00:00:00+05:30,930.607967044451,945.3352420644915,930.607967044451,938.72998046875,1862513,0.0,0.0
2023-03-02 00:00:00+05:30,939.4149160869338,946.2648165167343,930.7057330784878,944.6012573242188,1510195,0.0,0.0
2023-03-03 00:00:00+05:30,946.3138009780894,948.9559175662445,937.6046770651882,946.1670532226562,2215832,0.0,0.0
2023-03-06 00:00:00+05:30,949.2005150159447,958.4968087197091,943.1334482324197,944.5523681640625,1989152,0.0,0.0
2023-03-08 00:00:00+05:30,939.4149600195823,944.3077462696842,926.6937157693171,936.9685668945312,4734482,0.0,0.0
2023-03-09 00:00:00+05:30,936.9686084734119,938.827891221516,926.8405643768169,932.2715454101562,2994556,0.0,0.0
2023-03-10 00:00:00+05:30,926.2044931022384,936.9686235027926,925.8130462880225,935.0604248046875,2001392,0.0,0.0
2023-03-13 00:00:00+05:30,934.6199145765888,939.3170367003261,927.2318200037774,933.641357421875,1412106,0.0,0.0
2023-03-14 00:00:00+05:30,933.0543141148898,943.0845256719717,929.9229190493514,936.6749877929688,1879695,0.0,0.0
2023-03-15 00:00:00+05:30,931.5864390330399,944.2098505953674,928.9932386052593,930.9993286132812,2189113,0.0,0.0
2023-03-16 00:00:00+05:30,934.766816513208,949.2005360039904,931.2929502081631,946.6563110351562,2228093,0.0,0.0
2023-03-17 00:00:00+05:30,947.7816290980301,947.9284365786524,932.3204362232335,937.164306640625,2218687,0.0,0.0
2023-03-20 00:00:00+05:30,929.6293803375996,942.0081533452842,927.0361797545212,940.5892333984375,1955757,0.0,0.0
2023-03-21 00:00:00+05:30,944.3077641862534,944.3077641862534,932.8097162803585,935.6964721679688,1687239,0.0,0.0
2023-03-22 00:00:00+05:30,936.4793287005512,953.5062494765746,936.0878818930851,951.2066040039062,1626129,0.0,0.0
2023-03-23 00:00:00+05:30,954.0933228233708,961.8728649393635,951.1576510608373,956.6865234375,1857923,0.0,0.0
2023-03-24 00:00:00+05:30,956.6375880710145,958.0075921751027,947.2434619259443,951.9894409179688,1534322,0.0,0.0
2023-03-27 00:00:00+05:30,958.986026365921,969.7012393200836,942.3505544799816,962.362060546875,2473222,0.0,0.0
2023-03-28 00:00:00+05:30,965.836017724629,966.6188515890558,955.3654430745337,963.0960693359375,1394675,0.0,0.0
2023-03-29 00:00:00+05:30,964.5150591492994,975.1323823216496,958.0076289943753,970.6310424804688,3045795,0.0,0.0
2023-03-31 00:00:00+05:30,973.8602324317603,973.8602324317603,960.3561536990721,962.0196533203125,1822710,0.0,0.0
2023-04-03 00:00:00+05:30,959.964717246788,966.8146183892218,955.2676541229702,958.0565185546875,1671570,0.0,0.0
2023-04-05 00:00:00+05:30,963.8788772763393,977.5786785777289,954.3868601436691,975.7683715820312,1544121,0.0,0.0
2023-04-06 00:00:00+05:30,975.7683830470919,992.2570487737307,972.0987933696742,990.3977661132812,1423990,0.0,0.0
2023-04-10 00:00:00+05:30,993.2356297786214,995.1438284018004,985.0647004586857,986.9728393554688,1110974,0.0,0.0
2023-04-11 00:00:00+05:30,986.9728616230303,1000.3301925602484,985.9453884108744,987.6089477539062,1786844,0.0,0.0
2023-04-12 00:00:00+05:30,993.7248892743517,998.3241203034213,983.6946774426805,994.899169921875,3246327,0.0,0.0
2023-04-13 00:00:00+05:30,1000.3790416649372,1001.8957934221879,980.5143418932175,981.982177734375,1445693,0.0,0.0
2023-04-17 00:00:00+05:30,978.0190742015656,988.2450096053251,973.7133983284892,977.28515625,1768817,0.0,0.0
2023-04-18 00:00:00+05:30,977.5787132722248,984.6732534836599,967.1081385321381,983.2543334960938,1217390,0.0,0.0
2023-04-19 00:00:00+05:30,981.9822671258947,987.7557791839108,971.7074153024548,974.15380859375,2174563,0.0,0.0
2023-04-20 00:00:00+05:30,977.6765474457133,980.6122192643588,962.6557171975351,966.5699462890625,1638094,0.0,0.0
2023-04-21 00:00:00+05:30,972.9794994638132,972.9794994638132,963.8300127120357,968.2335205078125,1216575,0.0,0.0
2023-04-24 00:00:00+05:30,954.0933821971958,961.4325620602511,938.6811044847796,958.1544189453125,3485350,0.0,0.0
2023-04-25 00:00:00+05:30,958.9860908880945,961.8239307618923,946.2648468252933,951.6469116210938,2377746,0.0,0.0
2023-04-26 00:00:00+05:30,954.8761908102105,955.8547480993634,942.5463928574416,950.4237670898438,2911028,0.0,0.0
2023-04-27 00:00:00+05:30,947.2434147732018,960.5517694373088,942.8888230802569,957.7139892578125,2777173,0.0,0.0
2023-04-28 00:00:00+05:30,963.8299903720881,971.2180857795908,958.1543701788063,966.4721069335938,2009995,0.0,0.0
2023-05-02 00:00:00+05:30,966.472091306666,967.6952878684745,949.4940871929276,952.1851196289062,3152556,0.0,0.0
2023-05-03 00:00:00+05:30,949.6897515978023,951.5490341468192,938.9256225225053,942.9376831054688,3087472,0.0,0.0
2023-05-04 00:00:00+05:30,946.9009315472487,954.9740287292542,944.4545384617924,953.11474609375,1197830,0.0,0.0
2023-05-05 00:00:00+05:30,953.1147965959183,956.2951077755247,947.0966453962579,949.6409301757812,1062645,0.0,0.0
2023-05-08 00:00:00+05:30,941.3721492865958,948.222050580781,940.393591958855,941.225341796875,2676958,0.0,0.0
2023-05-09 00:00:00+05:30,941.2742695666055,946.118080311423,929.1401354292615,936.919677734375,6902170,0.0,0.0
2023-05-10 00:00:00+05:30,936.4792343204182,939.3659899869558,931.1950015841666,933.3478393554688,2180917,0.0,0.0
2023-05-11 00:00:00+05:30,933.3479037045848,943.2313678776663,931.58651257986,940.4424438476562,1296607,0.0,0.0
2023-05-12 00:00:00+05:30,940.3935800336893,942.4485265053263,931.5865641957047,935.5007934570312,2014927,0.0,0.0
2023-05-15 00:00:00+05:30,932.5650634765625,935.2560959262588,927.7211931218302,932.5650634765625,1814239,0.0,0.0
2023-05-16 00:00:00+05:30,932.5651019928291,941.9103122133749,917.8867425700669,920.7734985351562,2625163,0.0,0.0
2023-05-17 00:00:00+05:30,921.066956403507,925.0301010833913,908.9328233396136,915.880615234375,2956985,0.0,0.0
2023-05-18 00:00:00+05:30,922.7795364125103,922.7795364125103,902.670195788037,909.7158203125,3014019,0.0,0.0
2023-05-19 00:00:00+05:30,912.0153432702715,914.3639045254735,904.4804406134251,905.9971923828125,1309343,0.0,0.0
2023-05-22 00:00:00+05:30,905.9972107471482,922.5348522489578,903.0615389818373,917.3485107421875,1382485,0.0,0.0
2023-05-23 00:00:00+05:30,917.3974129767454,935.6964453195337,909.1775082659161,911.6239013671875,3057684,0.0,0.0
2023-05-24 00:00:00+05:30,915.4403348109804,934.326478356724,912.6024948103718,931.7333374023438,2953574,0.0,0.0
2023-05-25 00:00:00+05:30,929.3359258191847,931.2930405161919,922.4860243796592,924.7366943359375,2331464,0.0,0.0
2023-05-26 00:00:00+05:30,923.7091490098853,955.7568996734436,916.9081640230266,949.1027221679688,4137189,0.0,0.0
2023-05-29 00:00:00+05:30,949.1516738541935,952.3809010287648,926.106661171446,947.683837890625,5344765,0.0,0.0
2023-05-30 00:00:00+05:30,944.3077928717601,946.7052701979057,935.79433243116,939.0235595703125,2624815,0.0,0.0
2023-05-31 00:00:00+05:30,944.3076869693333,958.3010428205955,940.148818917914,954.4357299804688,5595631,0.0,0.0
2023-06-01 00:00:00+05:30,958.7904305685581,969.2120897038328,954.0933674739658,966.5210571289062,3261906,0.0,0.0
2023-06-02 00:00:00+05:30,965.3956719696608,982.1779532005886,959.964691014704,978.1658325195312,3734815,0.0,0.0
2023-06-05 00:00:00+05:30,983.7925711851211,995.877789842052,977.0894774785568,987.1196899414062,3629780,0.0,0.0
2023-06-06 00:00:00+05:30,987.2664455837703,994.1652623360203,982.4714911091138,992.0613403320312,1632644,0.0,0.0
2023-06-07 00:00:00+05:30,993.2356851018991,995.6820784149579,988.3428984757813,992.84423828125,1608613,0.0,0.0
2023-06-08 00:00:00+05:30,993.2355385638298,994.2140957446808,962.1663480718084,965.8359375,3395935,0.0,0.0
2023-06-09 00:00:00+05:30,962.9002953097869,969.4566405666259,959.9646236777448,962.8513793945312,2306206,0.0,0.0
2023-06-12 00:00:00+05:30,966.7167521621948,968.6738667047024,960.0135990182686,964.3192749023438,593319,0.0,0.0
2023-06-13 00:00:00+05:30,968.7716361017307,974.642979350832,964.4170445800353,966.912353515625,2413311,0.0,0.0
2023-06-14 00:00:00+05:30,970.3373139683802,973.6644324018177,963.1449423030042,965.5424194335938,2139387,0.0,0.0
2023-06-15 00:00:00+05:30,967.3038865264834,973.4687855423742,964.5639380445762,967.2060546875,2731724,0.0,0.0
2023-06-16 00:00:00+05:30,968.7717062427151,973.3220214807774,966.0317578067019,970.7288208007812,3611214,0.0,0.0
2023-06-19 00:00:00+05:30,973.8112338884788,985.1135577473264,972.4412299004521,980.318603515625,1327862,0.0,0.0
2023-06-20 00:00:00+05:30,986.0432312890559,986.141063122946,968.3802252451082,970.6798706054688,1445688,0.0,0.0
2023-06-21 00:00:00+05:30,970.6799584018382,972.5391814986739,962.5089688355561,970.6310424804688,1396686,0.0,0.0
2023-06-22 00:00:00+05:30,965.9338513919906,974.8387583301186,965.9338513919906,969.0652465820312,5384143,0.0,0.0
2023-06-23 00:00:00+05:30,972.6859218746315,974.5941204875721,956.3440035960463,970.1906127929688,1218237,0.0,0.0
2023-06-26 00:00:00+05:30,972.6858982259103,982.2757472490558,970.1905892049153,973.6155395507812,2066932,0.0,0.0
2023-06-27 00:00:00+05:30,978.5082965630968,981.8353552496882,964.8574115037441,980.318603515625,4647465,0.0,0.0
2023-06-28 00:00:00+05:30,973.6644485621705,1003.5594198644657,973.6644485621705,999.8897705078125,5296330,0.0,0.0
2023-06-30 00:00:00+05:30,999.8408711985213,1032.3778997939223,998.1773119265603,1029.05078125,4765060,0.0,0.0
2023-07-03 00:00:00+05:30,1030.4207281121548,1031.0568141805584,1007.9139125883376,1010.5559692382812,2338356,0.0,0.0
2023-07-04 00:00:00+05:30,1017.6994402783129,1031.3014086110497,1007.8160369123193,1026.310791015625,1549174,0.0,0.0
2023-07-05 00:00:00+05:30,1032.3778318222257,1035.019888444829,1020.2926744587494,1022.2986450195312,1840716,0.0,0.0
2023-07-06 00:00:00+05:30,1017.6994810401679,1033.9435065585217,1017.6994810401679,1020.1458740234375,2551103,0.0,0.0
2023-07-07 00:00:00+05:30,1011.338921043122,1028.6593366412642,1006.6907740910611,1013.49169921875,1721224,0.0,0.0
2023-07-10 00:00:00+05:30,1013.7852702601675,1028.463628420305,1008.990316037299,1022.59228515625,1221769,0.0,0.0
2023-07-11 00:00:00+05:30,1029.4422714720797,1051.7044498713096,1026.5555752409896,1049.258056640625,4369937,0.0,0.0
2023-07-12 00:00:00+05:30,1051.9490625905273,1060.5114386813805,1047.0562762528969,1055.61865234375,5088473,0.0,0.0
2023-07-13 00:00:00+05:30,1058.701065548121,1058.701065548121,1048.7197103706671,1052.5850830078125,1541690,0.0,0.0
2023-07-14 00:00:00+05:30,1056.7928941721395,1056.8418698176004,1042.1635105145783,1049.9429931640625,2641580,0.0,0.0
2023-07-17 00:00:00+05:30,1050.6768889041964,1057.8693803727692,1047.545553433573,1054.4932861328125,1254025,0.0,0.0
2023-07-18 00:00:00+05:30,1055.3250819732777,1055.7655044339485,1041.5274478087238,1044.2674560546875,2238739,0.0,0.0
2023-07-19 00:00:00+05:30,1044.267356323845,1062.7131359439168,1041.0380697318515,1058.652099609375,2311282,0.0,0.0
2023-07-20 00:00:00+05:30,1062.7621629632642,1080.8164966794184,1059.0925732280466,1074.1134033203125,5218991,0.0,0.0
2023-07-21 00:00:00+05:30,1079.740128518438,1080.5229026721222,1066.9699082111347,1073.6241455078125,1879610,0.0,0.0
2023-07-24 00:00:00+05:30,1070.5417743037117,1083.6054914432736,1069.0739382329114,1076.8045654296875,2130036,0.0,0.0
2023-07-25 00:00:00+05:30,1086.1984739121467,1086.1984739121467,1067.4102237661302,1071.569091796875,1702900,0.0,0.0
2023-07-26 00:00:00+05:30,1073.526377271727,1090.5043232245305,1070.639561448005,1088.15576171875,1321572,0.0,0.0
2023-07-27 00:00:00+05:30,1103.8124788249759,1130.5759933172774,1092.3634078097643,1110.6134033203125,6366612,0.0,0.0
2023-07-28 00:00:00+05:30,1109.631451614274,1123.330677855047,1101.4807722262074,1118.076904296875,2677679,4.0,0.0
2023-07-31 00:00:00+05:30,1119.5008355634777,1124.410926947528,1106.7345979649467,1122.8397216796875,1718336,0.0,0.0
2023-08-01 00:00:00+05:30,1122.8396428897668,1131.9233113128566,1115.5726841762407,1122.888671875,1448567,0.0,0.0
2023-08-02 00:00:00+05:30,1123.3796921844814,1123.723494460892,1106.1943733747823,1114.836181640625,1731918,0.0,0.0
2023-08-03 00:00:00+05:30,1109.9260922297378,1148.6666630263344,1102.1681243231508,1120.4827880859375,8460399,0.0,0.0
2023-08-04 00:00:00+05:30,1108.6986921504374,1124.410985396148,1100.8916943940887,1118.4697265625,3527805,0.0,0.0
2023-08-07 00:00:00+05:30,1118.4696843291347,1145.7698407628175,1113.1177325945177,1139.9268798828125,3353219,0.0,0.0
2023-08-08 00:00:00+05:30,1141.3015140588784,1143.6583817345188,1119.451608918025,1127.9952392578125,3073468,0.0,0.0
2023-08-09 00:00:00+05:30,1130.450324634603,1138.4537972917367,1119.795450670939,1132.0706787109375,1306791,0.0,0.0
2023-08-10 00:00:00+05:30,1129.9101341252547,1137.0789150443636,1123.0360066207336,1129.6156005859375,1443067,0.0,0.0
2023-08-11 00:00:00+05:30,1129.370075259749,1130.3029445966677,1110.1715715608452,1111.98828125,1756630,0.0,0.0
2023-08-14 00:00:00+05:30,1110.662688596884,1121.4648898122382,1100.3514965276822,1113.854248046875,1824622,0.0,0.0
2023-08-16 00:00:00+05:30,1114.541453164074,1124.901792613148,1101.6770393536772,1123.0850830078125,1224080,0.0,0.0
2023-08-17 00:00:00+05:30,1123.0852545874914,1128.2898796607453,1117.0458180576618,1124.214599609375,1964341,0.0,0.0
2023-08-18 00:00:00+05:30,1120.4828411566143,1128.6336407119834,1108.6986219682888,1114.4925537109375,1473774,0.0,0.0
2023-08-21 00:00:00+05:30,1109.631402347991,1123.3306279805352,1106.8818233498052,1116.947509765625,941384,0.0,0.0
2023-08-22 00:00:00+05:30,1114.590776075486,1126.374995734434,1109.6806845509243,1117.094970703125,1438879,0.0,0.0
2023-08-23 00:00:00+05:30,1107.716623050726,1110.122519893588,1090.629480954143,1103.493896484375,3050418,0.0,0.0
2023-08-24 00:00:00+05:30,1103.3957874077068,1112.724961676251,1093.1827726544539,1098.191162109375,1575291,0.0,0.0
2023-08-25 00:00:00+05:30,1097.896426163629,1103.1011709461793,1080.4656018663086,1086.4068603515625,1515282,0.0,0.0
2023-08-28 00:00:00+05:30,1090.0894495531343,1103.93588345169,1085.277535962426,1096.9144287109375,1959645,0.0,0.0
2023-08-29 00:00:00+05:30,1104.8197909787038,1104.8197909787038,1086.5541537955698,1091.611572265625,1749707,0.0,0.0
2023-08-30 00:00:00+05:30,1097.4053963310585,1099.0257504215017,1090.531268568806,1094.8521728515625,1543173,0.0,0.0
2023-08-31 00:00:00+05:30,1098.7312052925636,1098.7312052925636,1081.8895666399894,1091.611572265625,4782404,0.0,0.0
2023-09-01 00:00:00+05:30,1092.0042822573828,1097.4053825743033,1085.8666682608823,1089.0582275390625,2715249,0.0,0.0
2023-09-04 00:00:00+05:30,1093.9684748388643,1093.9684748388643,1082.184254284047,1088.960205078125,1205294,0.0,0.0
2023-09-05 00:00:00+05:30,1090.0401648957538,1115.5726372266454,1087.2904660792444,1111.54638671875,1698118,0.0,0.0
2023-09-06 00:00:00+05:30,1116.5546982618644,1128.338916713177,1108.7477014879776,1121.8084716796875,2960249,0.0,0.0
2023-09-07 00:00:00+05:30,1119.5007598622099,1120.9246383171899,1108.3057282885338,1112.67578125,1863837,0.0,0.0
2023-09-08 00:00:00+05:30,1112.6266309067423,1117.5858708127894,1108.2075489658066,1110.1224365234375,1789037,0.0,0.0
2023-09-11 00:00:00+05:30,1110.1224534980604,1119.500775488445,1105.457866933525,1116.45654296875,2032253,0.0,0.0
2023-09-12 00:00:00+05:30,1121.5138399714963,1133.052552861695,1116.652778360683,1124.65625,3989578,0.0,0.0
2023-09-13 00:00:00+05:30,1128.338888333957,1135.9003803665933,1121.7594144808975,1128.0933837890625,2115524,0.0,0.0
2023-09-14 00:00:00+05:30,1128.0933638277868,1130.2047268515705,1118.273182205782,1123.232421875,2065163,0.0,0.0
2023-09-15 00:00:00+05:30,1123.4288799789197,1133.0527067959817,1123.4288799789197,1129.1246337890625,2404169,0.0,0.0
2023-09-18 00:00:00+05:30,1128.3388841562173,1136.1950295637453,1122.004914871504,1127.01318359375,962842,0.0,0.0
2023-09-20 00:00:00+05:30,1127.3568889564028,1135.2130345240435,1118.5187251928073,1132.414306640625,2303191,0.0,0.0
2023-09-21 00:00:00+05:30,1128.3390113449823,1136.1460087736284,1120.630191769944,1125.540283203125,2088934,0.0,0.0
2023-09-22 00:00:00+05:30,1121.955789923278,1127.3568900060595,1108.0111794778397,1111.98828125,1585418,0.0,0.0
2023-09-25 00:00:00+05:30,1105.9488897922422,1116.3583789974412,1101.480778742155,1103.837646484375,1009279,0.0,0.0
2023-09-26 00:00:00+05:30,1104.7705330705544,1109.6806243286458,1098.3874144350357,1105.605224609375,1966198,0.0,0.0
2023-09-27 00:00:00+05:30,1105.8998801827636,1125.2947406898916,1103.0028544096983,1119.45166015625,2332018,0.0,0.0
2023-09-28 00:00:00+05:30,1122.3977296921892,1131.2850429536982,1108.551296110259,1111.9393310546875,2685663,0.0,0.0
2023-09-29 00:00:00+05:30,1113.9033101083332,1146.4080890755672,1113.9033101083332,1137.8154296875,2288577,0.0,0.0
2023-10-03 00:00:00+05:30,1138.6993088282118,1141.05605672611,1118.7642904190227,1120.9246826171875,1946966,0.0,0.0
2023-10-04 00:00:00+05:30,1117.6349522093951,1118.5187926140838,1092.9863179802242,1103.5921630859375,1803871,0.0,0.0
2023-10-05 00:00:00+05:30,1104.426811553617,1108.3548844210104,1091.807901442169,1098.9765625,2348562,0.0,0.0
2023-10-06 00:00:00+05:30,1107.7165396007858,1111.7919391426333,1102.9046264022886,1107.0291748046875,1056281,0.0,0.0
2023-10-09 00:00:00+05:30,1091.022344284679,1113.4124097412644,1089.0583076613043,1102.855712890625,1080276,0.0,0.0
2023-10-10 00:00:00+05:30,1101.8243266790114,1110.0733028324084,1099.6639347728812,1106.243408203125,1092093,0.0,0.0
2023-10-11 00:00:00+05:30,1107.7164893064785,1114.050458515971,1102.1680627032504,1108.4530029296875,1456045,0.0,0.0
2023-10-12 00:00:00+05:30,1108.6986367627524,1112.184849602596,1101.038846238018,1110.073486328125,1221965,0.0,0.0
2023-10-13 00:00:00+05:30,1105.8507438006004,1126.571305208785,1101.824492890761,1124.70556640625,1934884,0.0,0.0
2023-10-16 00:00:00+05:30,1120.973841224518,1126.620446206595,1112.6758348966193,1114.8853759765625,1144308,0.0,0.0
2023-10-17 00:00:00+05:30,1118.1751082312712,1123.428881912011,1113.6086993778151,1116.3583984375,798807,0.0,0.0
2023-10-18 00:00:00+05:30,1116.5546679510826,1140.9087667061026,1113.6577622772174,1132.6597900390625,2178517,0.0,0.0
2023-10-19 00:00:00+05:30,1126.7676861323366,1129.320909430779,1114.5906366990732,1120.9737548828125,1765065,0.0,0.0
2023-10-20 00:00:00+05:30,1117.5367043493668,1124.4108317047671,1112.7247912255332,1121.6611328125,957910,0.0,0.0
2023-10-23 00:00:00+05:30,1114.5907346404774,1128.5353461017276,1097.8964240775804,1102.266357421875,702730,0.0,0.0
2023-10-25 00:00:00+05:30,1104.7704668527304,1109.385904408586,1092.7898928511902,1100.155029296875,1800673,0.0,0.0
2023-10-26 00:00:00+05:30,1095.8831159959611,1097.8471523129037,1077.7649289222707,1083.8533935546875,2223975,0.0,0.0
2023-10-27 00:00:00+05:30,1092.0042593343196,1099.6640493912696,1087.7325040574815,1091.31689453125,1250965,0.0,0.0
2023-10-30 00:00:00+05:30,1095.6376155263722,1099.811192715379,1084.0007242803115,1095.1466064453125,1078813,0.0,0.0
2023-10-31 00:00:00+05:30,1099.3202629255084,1099.4675896355054,1049.1391551968297,1069.0250244140625,6475786,0.0,0.0
2023-11-01 00:00:00+05:30,1072.3639891468747,1112.1848793679633,1063.1329931040707,1096.1287841796875,3973264,0.0,0.0
2023-11-02 00:00:00+05:30,1107.5691572492324,1117.0948053218174,1090.6293439973647,1112.479248046875,3454692,0.0,0.0
2023-11-03 00:00:00+05:30,1118.0277092982792,1125.0981923160666,1111.153581968382,1120.5809326171875,1741756,0.0,0.0
2023-11-06 00:00:00+05:30,1119.5990397774915,1130.3030632218072,1119.5008619225543,1129.321044921875,1428537,0.0,0.0
2023-11-07 00:00:00+05:30,1128.3389134673182,1152.4475082630504,1125.9330168238705,1149.8941650390625,1811831,0.0,0.0
2023-11-08 00:00:00+05:30,1153.871388489434,1161.6293562679487,1149.9433156775551,1155.540771484375,1702301,0.0,0.0
2023-11-09 00:00:00+05:30,1159.7636627529855,1161.9732040241067,1145.8680792284324,1155.0499267578125,1849169,0.0,0.0
2023-11-10 00:00:00+05:30,1152.938563724749,1160.2545516696364,1149.0595197478751,1158.1431884765625,957539,0.0,0.0
2023-11-13 00:00:00+05:30,1158.8797860127365,1166.1958943622844,1152.6439937066114,1156.6212158203125,816825,0.0,0.0
2023-11-15 00:00:00+05:30,1158.290433787375,1163.102346804868,1149.9432793259991,1159.665283203125,2246320,0.0,0.0
2023-11-16 00:00:00+05:30,1160.7455047279605,1173.4135633992837,1158.3886370884845,1168.1597900390625,2205723,0.0,0.0
2023-11-17 00:00:00+05:30,1168.4052811349616,1176.8506135268522,1166.5884515976734,1173.118896484375,891965,0.0,0.0
2023-11-20 00:00:00+05:30,1174.4938414088804,1176.7033824984876,1163.9371450918693,1166.6376953125,1054810,0.0,0.0
2023-11-21 00:00:00+05:30,1167.6197026194923,1183.3319946648346,1164.9191524241992,1179.7967529296875,999135,0.0,0.0
2023-11-22 00:00:00+05:30,1183.3320826558265,1192.9559101993236,1177.439972700694,1182.4482421875,1401782,0.0,0.0
2023-11-23 00:00:00+05:30,1181.9081169776716,1188.1439089124874,1173.2663083965595,1177.2435302734375,1177434,0.0,0.0
2023-11-24 00:00:00+05:30,1178.4218440567395,1187.8491948341396,1171.3513609425065,1173.95361328125,1376695,0.0,0.0
2023-11-28 00:00:00+05:30,1175.623121720757,1178.765532036352,1168.356163006265,1169.9273681640625,886708,0.0,0.0
2023-11-29 00:00:00+05:30,1170.5165884714413,1187.7510564636648,1163.200600563217,1180.582275390625,1813462,0.0,0.0
2023-11-30 00:00:00+05:30,1170.9092778456816,1209.0116287358985,1170.9092778456816,1203.806884765625,4672807,0.0,0.0
2023-12-01 00:00:00+05:30,1210.877666173659,1219.5193549559806,1202.972371212722,1209.1099853515625,1749751,0.0,0.0
2023-12-04 00:00:00+05:30,1215.0021284098555,1217.7026787053715,1198.5533220644402,1209.0118408203125,1615837,0.0,0.0
2023-12-05 00:00:00+05:30,1203.8561694033292,1221.237844084822,1198.602395859792,1217.2607421875,930042,0.0,0.0
2023-12-06 00:00:00+05:30,1226.0987630304987,1235.378786248959,1211.1229868060977,1218.046142578125,1704590,0.0,0.0
2023-12-07 00:00:00+05:30,1208.8644594067225,1219.56848225061,1206.8022450675985,1217.0152587890625,1478355,0.0,0.0
2023-12-08 00:00:00+05:30,1213.8237516420718,1225.1659909321804,1208.5208289170166,1213.5782470703125,1612113,0.0,0.0
2023-12-11 00:00:00+05:30,1213.7744704312847,1223.9383346188235,1193.2502664950553,1219.077392578125,1172972,0.0,0.0
2023-12-12 00:00:00+05:30,1226.5407081441144,1227.5227263251745,1190.8443712376315,1196.09814453125,2832873,0.0,0.0
2023-12-13 00:00:00+05:30,1196.3928380997434,1217.309754133366,1190.8444112154343,1210.9266357421875,2448178,0.0,0.0
2023-12-14 00:00:00+05:30,1216.720672640805,1217.6045130850919,1202.2359027284147,1209.1591796875,2341190,0.0,0.0
2023-12-15 00:00:00+05:30,1218.6846485481362,1224.0857489244574,1210.8285025462144,1213.529052734375,3474624,0.0,0.0
2023-12-18 00:00:00+05:30,1213.5289576554626,1245.1008659021104,1211.8104258521876,1230.2232666015625,2135393,0.0,0.0
2023-12-19 00:00:00+05:30,1242.0566331973403,1245.1498945421697,1214.26547095051,1222.5634765625,2187458,0.0,0.0
2023-12-20 00:00:00+05:30,1232.4329911124412,1232.4329911124412,1206.3603567766424,1209.993896484375,1837031,0.0,0.0
2023-12-21 00:00:00+05:30,1202.0884628894482,1215.6893910776762,1186.8181516998782,1211.3194580078125,1916222,0.0,0.0
2023-12-22 00:00:00+05:30,1217.7025968148155,1228.5047972704306,1213.8236727831347,1221.2869873046875,2058127,0.0,0.0
2023-12-26 00:00:00+05:30,1221.2870027910851,1227.522794612663,1217.0152474408876,1225.0677490234375,1796483,0.0,0.0
2023-12-27 00:00:00+05:30,1227.5228141718333,1232.8257367041106,1218.9301544726304,1229.9287109375,2005268,0.0,0.0
2023-12-28 00:00:00+05:30,1232.3837424493215,1241.9093913033469,1227.0809398530607,1239.454345703125,2043365,0.0,0.0
2023-12-29 00:00:00+05:30,1239.4051064965943,1249.077961481327,1230.026904912519,1236.802734375,1840160,0.0,0.0
2024-01-01 00:00:00+05:30,1238.325014664904,1241.2219205556041,1229.9778595303667,1237.5885009765625,733452,0.0,0.0
2024-01-02 00:00:00+05:30,1238.3249744078007,1275.6416667372985,1234.5442282389454,1272.8919677734375,3174447,0.0,0.0
2024-01-03 00:00:00+05:30,1272.8919116995728,1281.1900372114007,1267.9327918362499,1275.248779296875,1699057,0.0,0.0
2024-01-04 00:00:00+05:30,1280.5518048779036,1304.6112521321281,1273.7268259538562,1289.3408203125,2851729,0.0,0.0
2024-01-05 00:00:00+05:30,1294.3000409905403,1294.3000409905403,1263.8574755347688,1276.820068359375,2960339,0.0,0.0
2024-01-08 00:00:00+05:30,1281.926669062532,1286.3947802499354,1275.9363816119449,1281.8284912109375,1678133,0.0,0.0
2024-01-09 00:00:00+05:30,1291.3049469614723,1309.4722859522053,1283.3506225135593,1300.1922607421875,1712486,0.0,0.0
2024-01-10 00:00:00+05:30,1306.1334222975702,1309.5213373123854,1289.5372898856353,1301.02685546875,1278475,0.0,0.0
2024-01-11 00:00:00+05:30,1304.120134437322,1307.9500292891112,1286.6401629985228,1292.5814208984375,1320281,0.0,0.0
2024-01-12 00:00:00+05:30,1295.2819553198426,1306.0841550988557,1282.0738589947005,1302.10693359375,1538242,0.0,0.0
2024-01-15 00:00:00+05:30,1305.2985961405661,1315.9044410784722,1297.8352814945788,1305.4459228515625,1475983,0.0,0.0
2024-01-16 00:00:00+05:30,1306.133385512152,1307.6064128467208,1284.037975493622,1289.831787109375,824502,0.0,0.0
2024-01-17 00:00:00+05:30,1288.4079610517706,1296.7059674239829,1271.0753147348223,1275.6417236328125,2544642,0.0,0.0
2024-01-18 00:00:00+05:30,1275.5925165810613,1319.2432983052233,1266.8035014782777,1311.7308349609375,2842572,0.0,0.0
2024-01-19 00:00:00+05:30,1315.90452266129,1320.2254271585175,1305.2496480759917,1311.5836181640625,1605745,0.0,0.0
2024-01-23 00:00:00+05:30,1292.3359646246747,1369.522571971429,1292.3359646246747,1353.5157470703125,4129729,0.0,0.0
2024-01-24 00:00:00+05:30,1355.185100232173,1365.0052821179133,1335.8884188516397,1357.247314453125,1719845,0.0,0.0
2024-01-25 00:00:00+05:30,1358.6713342533783,1365.10348156517,1324.251548249041,1343.695556640625,1870910,0.0,0.0
2024-01-29 00:00:00+05:30,1340.4548281451962,1395.3005200323473,1330.8310019417393,1375.66015625,3413149,0.0,0.0
2024-01-30 00:00:00+05:30,1376.6914942168637,1383.8601559622596,1344.5303945304245,1347.0836181640625,1935332,0.0,0.0
2024-01-31 00:00:00+05:30,1347.0343728327136,1413.0260705336348,1342.3207572024667,1392.9437255859375,5796356,0.0,0.0
2024-02-01 00:00:00+05:30,1401.3400642591257,1404.7279793235168,1373.7453749856304,1382.632568359375,2442481,0.0,0.0
2024-02-02 00:00:00+05:30,1383.6638054485416,1408.0669365944193,1379.883058911904,1391.17626953125,1775449,0.0,0.0
2024-02-05 00:00:00+05:30,1401.1437175146757,1439.6387858015503,1398.0011871211839,1437.4783935546875,3481964,0.0,0.0
2024-02-06 00:00:00+05:30,1423.9265595328839,1451.4230724066224,1420.5386442896256,1448.5751953125,1893995,0.0,0.0
2024-02-07 00:00:00+05:30,1456.3330613770072,1473.4692318497086,1453.7798379079757,1469.295654296875,2259235,0.0,0.0
2024-02-08 00:00:00+05:30,1474.0585198505337,1480.3924895172647,1458.6407616332167,1472.634521484375,2213750,0.0,0.0
2024-02-09 00:00:00+05:30,1482.3132423027776,1519.941397025805,1473.7703376944492,1515.79345703125,6343881,8.5,0.0
2024-02-12 00:00:00+05:30,1520.7807834345917,1535.8419305041643,1502.2629796605272,1515.4476318359375,4059288,0.0,0.0
2024-02-13 00:00:00+05:30,1518.459936564912,1531.792755520116,1506.5591129036704,1523.1016845703125,4687838,0.0,0.0
2024-02-14 00:00:00+05:30,1526.6572543179411,1526.6572543179411,1489.3747407132917,1501.57177734375,2105672,0.0,0.0
2024-02-15 00:00:00+05:30,1510.1146573005358,1510.1146573005358,1486.905675701954,1491.2017822265625,2161691,0.0,0.0
2024-02-16 00:00:00+05:30,1496.238486407303,1503.1517995458187,1486.2141582447327,1491.2509765625,3480879,0.0,0.0
2024-02-19 00:00:00+05:30,1496.0903425491754,1513.7686962402167,1488.7326502493859,1511.1514892578125,777823,0.0,0.0
2024-02-20 00:00:00+05:30,1513.0279175852813,1522.904078927222,1493.522498934949,1519.6448974609375,2230669,0.0,0.0
2024-02-21 00:00:00+05:30,1520.9783750803472,1530.3112999349155,1514.0156326558408,1524.286865234375,1993748,0.0,0.0
2024-02-22 00:00:00+05:30,1530.4100638058499,1541.6689127770605,1515.9908911677053,1538.7554931640625,1981678,0.0,0.0
2024-02-23 00:00:00+05:30,1538.706018877602,1549.0265598051637,1531.2001599704101,1541.915771484375,1340283,0.0,0.0
2024-02-26 00:00:00+05:30,1542.6565776530917,1547.4959213746117,1529.5212333459124,1537.6690673828125,974892,0.0,0.0
2024-02-27 00:00:00+05:30,1537.4715150053742,1565.8160516418302,1529.8669185103106,1563.1495361328125,2140963,0.0,0.0
2024-02-28 00:00:00+05:30,1566.8531103246194,1567.7912974965757,1543.2984879306753,1554.3597412109375,578316,0.0,0.0
2024-02-29 00:00:00+05:30,1555.4955159784895,1568.137051569889,1537.2246162669962,1558.408935546875,2350244,0.0,0.0
2024-03-01 00:00:00+05:30,1560.4335878001243,1562.310082681987,1528.8792985993853,1539.9405517578125,4069161,0.0,0.0
2024-03-04 00:00:00+05:30,1531.3482955969992,1549.6685031552745,1529.7187048101182,1532.8790283203125,2298105,0.0,0.0
2024-03-05 00:00:00+05:30,1534.5580489005629,1556.8781501687492,1516.3858873113918,1554.705322265625,1408172,0.0,0.0
2024-03-06 00:00:00+05:30,1555.4954833223337,1586.8522970337524,1547.0020082870271,1584.1363525390625,1761032,0.0,0.0
2024-03-07 00:00:00+05:30,1590.802817724546,1599.8888386757471,1580.58101401479,1585.8153076171875,2440999,0.0,0.0
2024-03-11 00:00:00+05:30,1595.1484128195775,1606.851641288844,1566.7544455872146,1573.865234375,2994345,0.0,0.0
2024-03-12 00:00:00+05:30,1572.4824915848176,1583.938936142363,1560.5817885119445,1564.680419921875,1294598,0.0,0.0
2024-03-13 00:00:00+05:30,1561.6186859749046,1572.4824641662667,1524.8794115875633,1539.298583984375,2881503,0.0,0.0
2024-03-14 00:00:00+05:30,1547.8415851361547,1554.8043280000325,1527.1016436540306,1550.7550048828125,3062556,0.0,0.0
2024-03-15 00:00:00+05:30,1549.322904765757,1554.0140816885537,1522.114030390089,1529.02734375,3421374,0.0,0.0
2024-03-18 00:00:00+05:30,1529.076698748726,1556.7299508494618,1524.336093022298,1551.7918701171875,2281873,0.0,0.0
2024-03-19 00:00:00+05:30,1554.5079347085218,1560.1867279896999,1521.324053733711,1529.2742919921875,3692624,0.0,0.0
2024-03-20 00:00:00+05:30,1540.631793207661,1540.631793207661,1501.6703835994729,1530.1630859375,3412218,0.0,0.0
2024-03-21 00:00:00+05:30,1545.4218224420263,1551.3968279021176,1523.4473627817736,1545.8167724609375,2567975,0.0,0.0
2024-03-22 00:00:00+05:30,1549.4710605121052,1600.9258397635408,1546.7056869639591,1588.9757080078125,4941447,0.0,0.0
2024-03-26 00:00:00+05:30,1575.297291123208,1594.7038532907632,1573.371367169808,1578.3094482421875,3649049,0.0,0.0
2024-03-27 00:00:00+05:30,1582.1611469640095,1606.012102223786,1572.3837225058792,1584.2845458984375,2530169,0.0,0.0
2024-03-28 00:00:00+05:30,1590.0126173799122,1613.7648346817525,1588.0373850241206,1600.4814453125,4427587,0.0,0.0
2024-04-01 00:00:00+05:30,1611.3944822334615,1613.5178810624197,1598.456734812258,1609.0736083984375,1148498,0.0,0.0
2024-04-02 00:00:00+05:30,1609.0737138766688,1612.7772746727635,1589.9633642805434,1602.160400390625,1921533,0.0,0.0
2024-04-03 00:00:00+05:30,1589.0745489140727,1608.7774449111548,1574.457780166118,1599.7901611328125,2098379,0.0,0.0
2024-04-04 00:00:00+05:30,1600.8271179773765,1607.8391688650029,1567.4950713255375,1599.2962646484375,2439461,0.0,0.0
2024-04-05 00:00:00+05:30,1591.0498175090554,1618.5549066298731,1586.2104736544409,1589.0745849609375,1548980,0.0,0.0
2024-04-08 00:00:00+05:30,1591.0497601555223,1598.8519525510637,1577.223132817113,1579.8896484375,1170390,0.0,0.0
2024-04-09 00:00:00+05:30,1581.1734924120722,1588.9262552556488,1572.235517826147,1582.704345703125,1389391,0.0,0.0
2024-04-10 00:00:00+05:30,1583.1982968240613,1588.5807572278363,1564.1372547464007,1584.1859130859375,1928878,0.0,0.0
2024-04-12 00:00:00+05:30,1575.247846330915,1575.247846330915,1515.003257850548,1520.928955078125,8258068,0.0,0.0
2024-04-15 00:00:00+05:30,1498.8063372886784,1524.9781668729631,1485.1773059158072,1520.9783935546875,2474028,0.0,0.0
2024-04-16 00:00:00+05:30,1515.9908079084698,1524.1880702723975,1506.262812829379,1518.50927734375,2058697,0.0,0.0
2024-04-18 00:00:00+05:30,1526.4103763103528,1526.4103763103528,1487.7944836561478,1497.621337890625,3266796,0.0,0.0
2024-04-19 00:00:00+05:30,1486.3625204392415,1509.3740282814535,1485.0785710353439,1503.942138671875,2536516,0.0,0.0
2024-04-22 00:00:00+05:30,1509.5219569342428,1528.8299021780924,1503.10245153104,1521.0277099609375,1680307,0.0,0.0
2024-04-23 00:00:00+05:30,1542.6564926745068,1543.100871737682,1459.4003994238763,1466.264404296875,9160422,0.0,0.0
2024-04-24 00:00:00+05:30,1466.2643543448028,1484.3870867479334,1461.0299404794653,1467.3507080078125,4652803,0.0,0.0
2024-04-25 00:00:00+05:30,1471.548175795059,1508.3863092246522,1470.2149180025394,1501.3248291015625,3846327,0.0,0.0
2024-04-26 00:00:00+05:30,1512.0403555988992,1513.027971768461,1481.4736833744116,1487.8931884765625,1794350,0.0,0.0
2024-04-29 00:00:00+05:30,1497.2262091447321,1508.8801289169328,1491.3499407821578,1502.7568359375,1091667,0.0,0.0
2024-04-30 00:00:00+05:30,1508.089958857241,1510.2133578291766,1478.4614724356843,1483.498291015625,1991646,0.0,0.0
2024-05-02 00:00:00+05:30,1484.3872268807345,1511.0528656869753,1483.3996106286515,1500.1890869140625,2494925,0.0,0.0
2024-05-03 00:00:00+05:30,1508.0899723175894,1517.9661345462573,1482.9057586344863,1492.436279296875,3183226,0.0,0.0
2024-05-06 00:00:00+05:30,1499.2014338541608,1515.0032934995274,1490.0659837466833,1510.21337890625,1240626,0.0,0.0
2024-05-07 00:00:00+05:30,1516.9290987214665,1524.0400079054973,1491.3992433133326,1496.584228515625,1532550,0.0,0.0
2024-05-08 00:00:00+05:30,1491.3005383527395,1506.904923335112,1483.646512410863,1502.905029296875,1026357,0.0,0.0
2024-05-09 00:00:00+05:30,1502.3616393809364,1511.0032806947272,1471.3505887131946,1476.1405029296875,1477007,0.0,0.0
2024-05-10 00:00:00+05:30,1476.140531947056,1507.546653803948,1472.5357088164328,1487.8931884765625,1528487,0.0,0.0
2024-05-13 00:00:00+05:30,1494.2633607375528,1511.052836700896,1483.3995821730364,1506.1641845703125,1628326,0.0,0.0
2024-05-14 00:00:00+05:30,1506.1146640947309,1528.7804070456941,1497.2755475682438,1526.1138916015625,2206236,0.0,0.0
2024-05-15 00:00:00+05:30,1526.1139101452543,1531.051991071141,1501.5222430226158,1508.4849853515625,1207536,0.0,0.0
2024-05-16 00:00:00+05:30,1510.0651339610993,1522.0646946180332,1489.6215273297419,1517.2747802734375,2684392,0.0,0.0
2024-05-17 00:00:00+05:30,1516.978435068822,1518.2623843115316,1501.3247429072107,1512.4354248046875,1341676,0.0,0.0
2024-05-21 00:00:00+05:30,1511.052837961567,1539.0024256061351,1505.127140557796,1521.8671875,1791791,0.0,0.0
2024-05-22 00:00:00+05:30,1527.8422674450785,1544.6317429115081,1486.7574574742457,1520.2376708984375,3948239,0.0,0.0
2024-05-23 00:00:00+05:30,1491.3004664733648,1491.3004664733648,1448.8329697459776,1476.5849609375,11618479,0.0,0.0
2024-05-24 00:00:00+05:30,1485.3747487282667,1487.0536480266537,1458.8078491239964,1468.2889404296875,5307322,0.0,0.0
2024-05-27 00:00:00+05:30,1468.2889534336882,1482.4119132894061,1442.4628863012902,1447.894775390625,3474806,0.0,0.0
2024-05-28 00:00:00+05:30,1450.7588065822129,1460.7831353852318,1437.9197956475496,1446.759033203125,2616438,0.0,0.0
2024-05-29 00:00:00+05:30,1449.9192763530184,1476.4861754613366,1447.4996649578152,1460.6348876953125,2843365,0.0,0.0
2024-05-30 00:00:00+05:30,1457.7216229604298,1459.104309858161,1431.549791653891,1441.0308837890625,3133423,0.0,0.0
2024-05-31 00:00:00+05:30,1446.8578464583304,1461.0795449652778,1422.1674395221814,1441.7222900390625,5503924,0.0,0.0
2024-06-03 00:00:00+05:30,1477.967662352544,1479.4490866716412,1433.0311246732651,1435.0557861328125,1855318,0.0,0.0
2024-06-04 00:00:00+05:30,1443.499882242838,1458.0179134062912,1360.145046899364,1412.14306640625,5055952,0.0,0.0
2024-06-05 00:00:00+05:30,1431.7472459900412,1471.5482295496327,1414.2664863859557,1468.8817138671875,2487724,0.0,0.0
2024-06-06 00:00:00+05:30,1475.4986766805162,1475.4986766805162,1437.0310719878305,1454.46240234375,3004955,0.0,0.0
2024-06-07 00:00:00+05:30,1461.5731247592773,1491.3990834549204,1453.919099804876,1488.1893310546875,3404664,0.0,0.0
2024-06-10 00:00:00+05:30,1500.1890202871004,1502.8555358258484,1486.4611308811102,1494.362060546875,1433942,0.0,0.0
2024-06-11 00:00:00+05:30,1505.1271846088932,1506.1148008717598,1478.8071870917697,1481.177490234375,1441589,0.0,0.0
2024-06-12 00:00:00+05:30,1481.4241847228416,1495.7940475380967,1477.3255537000532,1488.1893310546875,994784,0.0,0.0
2024-06-13 00:00:00+05:30,1495.8434453287653,1495.8434453287653,1479.4490408172796,1492.090576171875,1412477,0.0,0.0
2024-06-14 00:00:00+05:30,1495.1026753975486,1499.2013065066376,1486.9055337379823,1497.22607421875,937490,0.0,0.0
2024-06-18 00:00:00+05:30,1503.7443368648785,1503.9912409041824,1491.4978724036814,1502.11474609375,1478241,0.0,0.0
2024-06-19 00:00:00+05:30,1506.0652669013894,1510.9046103639846,1481.4242910831533,1485.374755859375,1537367,0.0,0.0
2024-06-20 00:00:00+05:30,1469.5234938288204,1469.5234938288204,1448.8329824192194,1452.783447265625,4168375,0.0,0.0
2024-06-21 00:00:00+05:30,1461.7706777320482,1469.5728696328165,1442.808495379587,1449.079833984375,4426556,0.0,0.0
2024-06-24 00:00:00+05:30,1456.7833445041465,1484.288431948924,1456.7833445041465,1475.992431640625,3726155,0.0,0.0
2024-06-25 00:00:00+05:30,1479.4985767579135,1489.3253102566478,1473.8197833003699,1486.5599365234375,1833311,0.0,0.0
2024-06-26 00:00:00+05:30,1483.3995039506835,1509.966403332895,1476.733094728535,1502.3123779296875,2563493,0.0,0.0
2024-06-27 00:00:00+05:30,1506.1147867503091,1509.1270645472596,1486.362461678174,1497.47314453125,3881458,0.0,0.0
2024-06-28 00:00:00+05:30,1501.176663600829,1519.8919428610882,1496.8311280944708,1502.01611328125,2634599,0.0,0.0
2024-07-01 00:00:00+05:30,1502.0159806588254,1511.052692441028,1485.2265062983695,1501.2752685546875,1451094,0.0,0.0
2024-07-02 00:00:00+05:30,1495.2509226658703,1515.8921253005244,1489.5721295315714,1505.176513671875,1336816,0.0,0.0
2024-07-03 00:00:00+05:30,1500.534684674235,1517.2254229587847,1479.7454355101188,1514.953857421875,1061099,0.0,0.0
2024-07-04 00:00:00+05:30,1515.9908647465816,1551.5450478937328,1507.1023189597938,1538.6072998046875,2630823,0.0,0.0
2024-07-05 00:00:00+05:30,1542.6565270373985,1555.2486337721787,1537.7184459649357,1548.977294921875,2481046,0.0,0.0
2024-07-08 00:00:00+05:30,1551.1498329121332,1555.2978928950117,1531.7431523057483,1537.125732421875,1120204,0.0,0.0
2024-07-09 00:00:00+05:30,1545.4218543358475,1570.2109964648075,1530.6076115625308,1565.7667236328125,1492840,0.0,0.0
2024-07-10 00:00:00+05:30,1573.0752347977095,1581.3218064970686,1548.1872325895608,1578.7540283203125,1899956,0.0,0.0
2024-07-11 00:00:00+05:30,1581.173476364934,1582.6549006088737,1552.8289407210007,1562.161865234375,1707500,0.0,0.0
2024-07-12 00:00:00+05:30,1567.3633765237118,1572.6638542725705,1535.659439704016,1562.7069091796875,1426598,5.0,0.0
2024-07-15 00:00:00+05:30,1565.3322391222384,1579.9457719812558,1562.706853700301,1571.5244140625,832804,0.0,0.0
2024-07-16 00:00:00+05:30,1574.2986844727154,1580.243172897408,1560.3786257018567,1564.6884765625,688481,0.0,0.0
2024-07-18 00:00:00+05:30,1560.4281009879253,1581.8282336132904,1555.722047984946,1579.5,1665636,0.0,0.0
2024-07-19 00:00:00+05:30,1570.038396631603,1575.0417226928914,1550.6693446931567,1554.136962890625,1649335,0.0,0.0
2024-07-22 00:00:00+05:30,1540.662850013706,1574.7940729896427,1540.662850013706,1572.6639404296875,826636,0.0,0.0
2024-07-23 00:00:00+05:30,1572.3172066781667,1590.7946826020473,1559.7347544087834,1586.7821044921875,1502677,0.0,0.0
2024-07-24 00:00:00+05:30,1587.1784134424258,1609.9160333485167,1577.270932709327,1604.4669189453125,2923358,0.0,0.0
2024-07-25 00:00:00+05:30,1599.9094968562288,1665.7447786807168,1587.3765095809383,1650.38818359375,5329712,0.0,0.0
2024-07-26 00:00:00+05:30,1654.9950783887618,1707.851585098653,1649.5955497404568,1698.389892578125,4591049,0.0,0.0
2024-07-29 00:00:00+05:30,1699.3805344267678,1712.7556326426322,1677.0887040669938,1707.3065185546875,3187339,0.0,0.0
2024-07-30 00:00:00+05:30,1700.2226578550187,1709.4861276806473,1681.2993948064304,1685.8568115234375,1525840,0.0,0.0
2024-07-31 00:00:00+05:30,1686.3522231771703,1714.9352800867416,1679.5160374786037,1703.442626953125,1594881,0.0,0.0
2024-08-01 00:00:00+05:30,1709.535685461975,1730.291807824772,1665.744671944735,1699.3309326171875,5258291,0.0,0.0
2024-08-02 00:00:00+05:30,1684.271705890385,1725.685023270413,1668.2711004962414,1715.62890625,2992406,0.0,0.0
2024-08-05 00:00:00+05:30,1709.0403521381054,1741.73503713553,1699.1328718358557,1704.433349609375,5165558,0.0,0.0
2024-08-06 00:00:00+05:30,1709.0403356388397,1717.9570678247815,1688.1850414275743,1691.7518310546875,1710278,0.0,0.0
2024-08-07 00:00:00+05:30,1704.0866927625736,1720.7807736749983,1693.584787332571,1718.4029541015625,1922313,0.0,0.0
2024-08-08 00:00:00+05:30,1718.9478000358963,1732.4715345817112,1712.3593015709178,1720.9788818359375,2480113,0.0,0.0
2024-08-09 00:00:00+05:30,1733.6109637257132,1733.6109637257132,1714.0436899926297,1719.2451171875,751683,0.0,0.0
2024-08-12 00:00:00+05:30,1718.9478561183253,1732.3229547106005,1714.043701677527,1717.8084716796875,1526788,0.0,0.0
2024-08-13 00:00:00+05:30,1723.9015597374628,1735.6418996199045,1709.634764020417,1724.0006103515625,2076963,0.0,0.0
2024-08-14 00:00:00+05:30,1731.3321064156776,1736.7812203414494,1716.569937228585,1725.5362548828125,2207250,0.0,0.0
2024-08-16 00:00:00+05:30,1733.4128208797747,1734.9485287839552,1712.6566969286573,1726.626220703125,2180718,0.0,0.0
2024-08-19 00:00:00+05:30,1736.6327217658875,1736.6327217658875,1724.5456437477346,1731.6295166015625,1363446,0.0,0.0
2024-08-20 00:00:00+05:30,1735.592379719298,1754.416591555989,1729.0038813882725,1750.0076904296875,1766597,0.0,0.0
2024-08-21 00:00:00+05:30,1753.6239639518863,1755.5558741798727,1741.0415126998982,1748.323486328125,1184193,0.0,0.0
2024-08-22 00:00:00+05:30,1753.128578461195,1753.128578461195,1732.2238199392734,1734.4530029296875,1369554,0.0,0.0
2024-08-23 00:00:00+05:30,1737.5244648463622,1764.96813859472,1735.691605065929,1759.3209228515625,3515492,0.0,0.0
2024-08-26 00:00:00+05:30,1763.5314654154192,1763.5314654154192,1748.1748711941052,1756.05126953125,933372,0.0,0.0
2024-08-27 00:00:00+05:30,1761.550052408917,1776.0149499109289,1750.8004601355517,1772.8446044921875,1231023,0.0,0.0
2024-08-28 00:00:00+05:30,1780.2751573363532,1806.133656702717,1769.8227172549855,1795.0867919921875,1768949,0.0,0.0
2024-08-29 00:00:00+05:30,1793.1547868505697,1809.9479166758322,1773.6865649242154,1782.5537109375,3205924,0.0,0.0
2024-08-30 00:00:00+05:30,1781.5135642660653,1811.2360046644394,1774.726964563287,1804.796142578125,3036374,0.0,0.0
2024-09-02 00:00:00+05:30,1813.0192758765932,1820.0040977363803,1788.4982625837376,1799.1488037109375,1617946,0.0,0.0
2024-09-03 00:00:00+05:30,1803.161470822264,1822.5306437890602,1788.3993005267978,1794.7401123046875,2148689,0.0,0.0
2024-09-04 00:00:00+05:30,1794.7401309928991,1818.0227106662821,1784.6345490429505,1815.892578125,2473477,0.0,0.0
2024-09-05 00:00:00+05:30,1816.2392819364725,1826.8403586655195,1803.161456016459,1809.601318359375,1902919,0.0,0.0
2024-09-06 00:00:00+05:30,1802.7156932599214,1832.883923516567,1788.3002605121098,1807.66943359375,1701134,0.0,0.0
2024-09-09 00:00:00+05:30,1807.669477174942,1818.4190697703273,1796.0776519497597,1804.994384765625,1544883,0.0,0.0
2024-09-10 00:00:00+05:30,1813.0688816654822,1825.2055449443906,1808.8086167912115,1819.360107421875,1460472,0.0,0.0
2024-09-11 00:00:00+05:30,1819.4097727763772,1840.3145327829268,1814.1587596496706,1828.6236572265625,1701900,0.0,0.0
2024-09-12 00:00:00+05:30,1837.9861903447627,1854.1848960795824,1823.3726572337962,1848.141357421875,2744070,0.0,0.0
2024-09-13 00:00:00+05:30,1847.7450361914193,1847.7450361914193,1834.2708874615316,1836.59912109375,1322430,0.0,0.0
2024-09-16 00:00:00+05:30,1844.7728270081564,1856.0177929308973,1833.7755480922642,1845.7139892578125,1284085,0.0,0.0
2024-09-17 00:00:00+05:30,1845.763544221723,1852.3520426820883,1842.0482391810187,1848.8348388671875,738265,0.0,0.0
2024-09-18 00:00:00+05:30,1850.7172412747652,1850.7172412747652,1812.6724943537388,1819.0133056640625,1202676,0.0,0.0
2024-09-19 00:00:00+05:30,1828.1282264016124,1838.8283535594696,1818.022644817687,1828.970458984375,1675819,0.0,0.0
2024-09-20 00:00:00+05:30,1833.9736761776305,1853.689586399676,1824.8588425684964,1848.4881591796875,4229991,0.0,0.0
2024-09-23 00:00:00+05:30,1849.7265735025562,1857.6525577489517,1840.3144672099615,1845.46630859375,812520,0.0,0.0
2024-09-24 00:00:00+05:30,1838.8282577649848,1863.2502197516092,1838.8282577649848,1850.8162841796875,2528953,0.0,0.0
2024-09-25 00:00:00+05:30,1856.6618067384663,1858.643302796885,1841.3547980635492,1853.2437744140625,956893,0.0,0.0
2024-09-26 00:00:00+05:30,1853.2437514863766,1887.374972294013,1849.7761334270438,1880.8360595703125,2452807,0.0,0.0
2024-09-27 00:00:00+05:30,1900.2051521122378,1941.1726802579758,1897.53018078459,1930.670654296875,3809008,0.0,0.0
2024-09-30 00:00:00+05:30,1930.9678745421018,1942.2128402851918,1903.2765159952003,1908.8741455078125,2608461,0.0,0.0
2024-10-01 00:00:00+05:30,1907.041335077925,1916.8497648336781,1884.7495042425417,1902.1866455078125,1275678,0.0,0.0
2024-10-03 00:00:00+05:30,1883.213831611916,1918.3853853286994,1878.5077786498111,1893.1707763671875,2492195,0.0,0.0
2024-10-04 00:00:00+05:30,1893.1708217465018,1934.1878137875765,1886.0374844093237,1892.3782958984375,2798189,0.0,0.0
2024-10-07 00:00:00+05:30,1892.3783195756298,1900.2051322454074,1870.5818629559687,1887.6226806640625,1691999,0.0,0.0
2024-10-08 00:00:00+05:30,1886.384236957566,1903.6727415932298,1883.9569526760845,1899.41259765625,2309881,0.0,0.0
2024-10-09 00:00:00+05:30,1877.021758349543,1928.9864449699237,1876.9721725708887,1912.98583984375,1597182,0.0,0.0
2024-10-10 00:00:00+05:30,1911.7473257075255,1920.020047358702,1866.4701902684733,1870.2845458984375,2383012,0.0,0.0
2024-10-11 00:00:00+05:30,1881.4306130106245,1891.6848314999847,1873.0092542899345,1884.353271484375,1019117,0.0,0.0
2024-10-14 00:00:00+05:30,1885.393505469466,1898.0255428813082,1877.566571826101,1892.0810546875,676879,0.0,0.0
2024-10-15 00:00:00+05:30,1900.25479321059,1902.6326127604568,1877.1208500257474,1880.8856201171875,1383203,0.0,0.0
2024-10-16 00:00:00+05:30,1891.2883267105647,1896.9851276517888,1869.5414567113016,1880.93505859375,1401914,0.0,0.0
2024-10-17 00:00:00+05:30,1905.7534262686545,1905.8524768837187,1862.259563454247,1872.0679931640625,1447059,0.0,0.0
2024-10-18 00:00:00+05:30,1882.4213188501396,1900.1557333580183,1855.3738483660807,1892.675537109375,1203693,0.0,0.0
2024-10-21 00:00:00+05:30,1901.0474530727251,1902.7812622025035,1873.0588199777326,1879.4490966796875,660583,0.0,0.0
2024-10-22 00:00:00+05:30,1874.4953283394157,1888.3658011706798,1863.5970996862795,1870.0865478515625,1192915,0.0,0.0
2024-10-23 00:00:00+05:30,1862.6559155693628,1872.068022023092,1815.0504234980792,1822.3323974609375,1673366,0.0,0.0
2024-10-24 00:00:00+05:30,1813.0687844975394,1842.3454353776767,1812.5238247378547,1831.7939453125,1739776,0.0,0.0
2024-10-25 00:00:00+05:30,1839.620953422345,1858.2469434465831,1832.9828691905122,1843.1876220703125,2148004,0.0,0.0
2024-10-28 00:00:00+05:30,1845.9616645903932,1898.2732084823504,1818.0226187709357,1885.29443359375,2445724,0.0,0.0
2024-10-29 00:00:00+05:30,1904.2176590140964,1904.911134238827,1844.772778920004,1854.283935546875,2295542,0.0,0.0
2024-10-30 00:00:00+05:30,1851.2126469353602,1863.4979463828422,1803.1613687034283,1834.96435546875,1900203,0.0,0.0
2024-10-31 00:00:00+05:30,1842.791223587663,1855.1755732085478,1825.056810742373,1831.7939453125,2572932,0.0,0.0
2024-11-01 00:00:00+05:30,1842.7913494293523,1847.6955038377548,1814.6046161437507,1841.2061767578125,107596,0.0,0.0
2024-11-04 00:00:00+05:30,1827.9301652413208,1827.9301652413208,1743.8156310103238,1792.1641845703125,5031861,0.0,0.0
2024-11-05 00:00:00+05:30,1788.3001573391325,1816.0411016081052,1782.8014575094505,1786.9130859375,1658010,0.0,0.0
2024-11-06 00:00:00+05:30,1798.75267539476,1822.9764169060825,1785.5260921389247,1810.54248046875,2060619,0.0,0.0
2024-11-07 00:00:00+05:30,1827.9301060794078,1827.9301060794078,1762.342635202412,1774.380126953125,1909269,0.0,0.0
2024-11-08 00:00:00+05:30,1783.148407587697,1798.2573155096732,1774.3801904999084,1792.857666015625,1644075,0.0,0.0
2024-11-11 00:00:00+05:30,1800.585440683239,1800.8331276834174,1775.3708315005529,1777.996337890625,1069649,0.0,0.0
2024-11-12 00:00:00+05:30,1785.2289324599203,1808.115188187978,1778.49179735496,1784.1885986328125,2471888,0.0,0.0
2024-11-13 00:00:00+05:30,1774.429748020526,1780.6715090783746,1754.069827325998,1762.540771484375,1810332,0.0,0.0
2024-11-14 00:00:00+05:30,1763.2343011073121,1779.3835431099033,1746.8374930268412,1751.8406982421875,1473358,0.0,0.0
2024-11-18 00:00:00+05:30,1782.355669482415,1782.355669482415,1727.071882163791,1731.579833984375,1533025,0.0,0.0
2024-11-19 00:00:00+05:30,1714.043627495101,1790.033950794932,1713.994041718684,1760.806884765625,1933316,0.0,0.0
2024-11-21 00:00:00+05:30,1755.6055098972963,1774.8755107125205,1741.7846232493607,1763.531494140625,2014349,0.0,0.0
2024-11-22 00:00:00+05:30,1768.4851885803712,1798.1580429479714,1751.6920582752612,1778.68994140625,1420813,0.0,0.0
2024-11-25 00:00:00+05:30,1789.290878370836,1813.0688302428737,1767.6430588755186,1782.256591796875,3137448,0.0,0.0
2024-11-26 00:00:00+05:30,1790.03405689699,1790.03405689699,1736.9794499226766,1745.3017578125,1589883,0.0,0.0
2024-11-27 00:00:00+05:30,1743.8156512745404,1762.1444905427982,1724.1493263019195,1733.26416015625,1982546,0.0,0.0
2024-11-28 00:00:00+05:30,1733.26403307559,1744.4099480296238,1707.4551203465778,1718.2047119140625,3071758,0.0,0.0
2024-11-29 00:00:00+05:30,1726.774792058215,1779.18538783417,1723.1089517266525,1764.4232177734375,2427677,0.0,0.0
2024-12-02 00:00:00+05:30,1783.3464388515868,1797.2169111537657,1775.5690910703347,1791.8173828125,1948045,0.0,0.0
2024-12-03 00:00:00+05:30,1814.3074096823482,1815.050470737508,1771.8042931390103,1783.3961181640625,1543970,0.0,0.0
2024-12-04 00:00:00+05:30,1793.749308751917,1798.0590384952823,1768.485233980763,1783.5445556640625,2320116,0.0,0.0
2024-12-05 00:00:00+05:30,1791.9658220975004,1809.0562247434198,1758.9739869455796,1796.671875,2742263,0.0,0.0
2024-12-06 00:00:00+05:30,1799.0497171703294,1807.0747517177265,1784.3371336766152,1788.1514892578125,1590478,0.0,0.0
2024-12-09 00:00:00+05:30,1798.009557083654,1803.1118126396252,1780.0769211488578,1789.9349365234375,1528215,0.0,0.0
2024-12-10 00:00:00+05:30,1804.152159793783,1806.1336558506682,1779.3834590827207,1793.204345703125,2043634,0.0,0.0
2024-12-11 00:00:00+05:30,1807.4217947516775,1809.4527557781244,1788.3498939580993,1797.217041015625,1745911,0.0,0.0
2024-12-12 00:00:00+05:30,1802.170655782196,1803.1614038062653,1781.4145330543108,1788.7459716796875,1082394,0.0,0.0
2024-12-13 00:00:00+05:30,1788.0524159549461,1799.990977483969,1757.6365013614732,1796.671875,1391111,0.0,0.0
2024-12-16 00:00:00+05:30,1801.8733466162544,1805.6382374080679,1775.767160897331,1793.0557861328125,1483330,0.0,0.0
2024-12-17 00:00:00+05:30,1793.2539254844705,1798.9507266289654,1766.6027794203017,1772.497802734375,1608164,0.0,0.0
2024-12-18 00:00:00+05:30,1781.3650108626682,1805.588752539464,1776.2131693299805,1784.3868408203125,1732860,0.0,0.0
2024-12-19 00:00:00+05:30,1784.3372996197095,1812.4745693987888,1774.2317175373794,1806.4310302734375,1924091,0.0,0.0
2024-12-20 00:00:00+05:30,1806.4308831683336,1809.0562686248888,1777.5009689014157,1792.114501953125,2513418,0.0,0.0
2024-12-23 00:00:00+05:30,1794.2446107194096,1811.0873265571954,1780.027401244521,1797.811279296875,1299181,0.0,0.0
2024-12-24 00:00:00+05:30,1798.1086115897226,1814.8026915933485,1786.467322316502,1802.170654296875,1121058,0.0,0.0
2024-12-26 00:00:00+05:30,1803.1613967307417,1827.9796830126622,1797.6132320059082,1824.3138427734375,1402706,0.0,0.0
2024-12-27 00:00:00+05:30,1828.425503562584,1848.735838335292,1819.7564582327695,1844.02978515625,1668898,0.0,0.0
2024-12-30 00:00:00+05:30,1844.822394843907,1878.2105546660064,1837.8375729423403,1866.47021484375,6021550,0.0,0.0
2024-12-31 00:00:00+05:30,1859.4360115780287,1892.328798867843,1851.510027080153,1868.8975830078125,1844944,0.0,0.0
2025-01-01 00:00:00+05:30,1872.4147685603684,1885.3439580806103,1861.2688529700265,1872.4642333984375,1338092,0.0,0.0
2025-01-02 00:00:00+05:30,1874.4952279477834,1878.458219973043,1847.695446000598,1860.624755859375,2507223,0.0,0.0
2025-01-03 00:00:00+05:30,1860.6247917069934,1866.5692798594118,1826.9393588432883,1832.537109375,1515825,0.0,0.0
2025-01-06 00:00:00+05:30,1833.3792781847853,1839.3237665225906,1808.7592131738934,1830.3079833984375,1397724,0.0,0.0
2025-01-07 00:00:00+05:30,1831.4473376007431,1847.7450944813272,1828.574144096743,1836.25244140625,1615649,0.0,0.0
2025-01-08 00:00:00+05:30,1845.3672567435128,1845.3672567435128,1812.2762483487793,1820.7471923828125,1298188,0.0,0.0
2025-01-09 00:00:00+05:30,1823.9671195168867,1823.9671195168867,1797.216922761343,1809.45263671875,1199181,0.0,0.0
2025-01-10 00:00:00+05:30,1808.560919519168,1817.6262880642198,1756.3485473920466,1768.287109375,857827,0.0,0.0
2025-01-13 00:00:00+05:30,1768.0889460824642,1769.0302292946467,1726.3288915810956,1730.73779296875,1645287,0.0,0.0
2025-01-14 00:00:00+05:30,1738.7627329053823,1767.5440105643142,1725.9820595693475,1754.466064453125,1962645,0.0,0.0
2025-01-15 00:00:00+05:30,1756.3982072293254,1758.577804582579,1731.5303341976992,1740.595703125,857867,0.0,0.0
2025-01-16 00:00:00+05:30,1758.6272506817527,1759.1720895063293,1724.6941323589112,1746.9859619140625,2180496,0.0,0.0
2025-01-17 00:00:00+05:30,1762.540678305191,1775.3708164291345,1751.2461270047652,1770.0208740234375,1163986,0.0,0.0
2025-01-20 00:00:00+05:30,1772.794885886515,1783.7921643511547,1751.9397133301702,1761.797607421875,1341246,0.0,0.0
2025-01-21 00:00:00+05:30,1755.70453503112,1789.0432299589518,1743.221134217237,1746.3914794921875,2489267,0.0,0.0
2025-01-22 00:00:00+05:30,1760.5592810693195,1786.9131549545416,1757.4384005303366,1782.30615234375,2262270,0.0,0.0
2025-01-23 00:00:00+05:30,1771.5565833502292,1822.728744879368,1769.5256223901195,1816.6356201171875,1974760,0.0,0.0
2025-01-24 00:00:00+05:30,1812.078077103797,1826.047599600777,1791.4704704968349,1805.3409423828125,1277935,0.0,0.0
2025-01-27 00:00:00+05:30,1801.2789915569285,1807.3721162053919,1757.8842998677912,1770.318115234375,1452975,0.0,0.0
2025-01-28 00:00:00+05:30,1763.3334548158998,1763.531556052569,1677.4355249986713,1689.7208251953125,5972497,0.0,0.0
2025-01-29 00:00:00+05:30,1689.72087136827,1727.8646729207053,1680.3087644916952,1719.294677734375,1433336,0.0,0.0
2025-01-30 00:00:00+05:30,1724.34737335765,1744.0138186532477,1709.3376373434194,1723.0098876953125,2017991,0.0,0.0
2025-01-31 00:00:00+05:30,1725.8830311656411,1753.4753390199162,1690.2656886290324,1727.81494140625,4275269,0.0,0.0
2025-02-01 00:00:00+05:30,1723.9015794590034,1772.4482331334236,1717.2636160064208,1726.0811767578125,1477972,0.0,0.0
2025-02-03 00:00:00+05:30,1764.9680039267573,1769.3769051605107,1694.7240663769353,1724.4959716796875,2210231,0.0,0.0
2025-02-04 00:00:00+05:30,1733.1155859684238,1759.8161971347897,1724.545591277655,1748.91796875,2796294,0.0,0.0
2025-02-05 00:00:00+05:30,1757.3889867967994,1757.3889867967994,1719.146014284091,1736.53369140625,1787905,0.0,0.0
2025-02-06 00:00:00+05:30,1747.2483323597605,1762.5479440222205,1730.6031744387406,1736.284423828125,3421791,10.5,0.0
2025-02-07 00:00:00+05:30,1745.653563849704,1747.2482898087826,1721.6326618947908,1744.058837890625,1371545,0.0,0.0
2025-02-10 00:00:00+05:30,1735.5368728497538,1744.258163668094,1718.044406597622,1726.4168701171875,1237839,0.0,0.0
2025-02-11 00:00:00+05:30,1719.5394213196284,1728.5098915433057,1689.4884434061412,1694.1729736328125,2779274,0.0,0.0
2025-02-12 00:00:00+05:30,1700.8509927546984,1709.323103775878,1682.5114615270377,1688.2923583984375,1757284,0.0,0.0
2025-02-13 00:00:00+05:30,1694.4222181043203,1746.9991428131457,1694.3723334888116,1740.6201171875,2750390,0.0,0.0
2025-02-14 00:00:00+05:30,1741.6167895361295,1743.2115154824198,1679.4713888866556,1694.9205322265625,2123774,0.0,0.0
2025-02-17 00:00:00+05:30,1694.9205606874334,1729.656191478413,1690.485210063931,1708.5755615234375,2277889,0.0,0.0
2025-02-18 00:00:00+05:30,1708.5756024078335,1724.0746309930473,1692.8275157509797,1696.0169677734375,2163972,0.0,0.0
2025-02-19 00:00:00+05:30,1659.636730880404,1693.4255282620882,1641.6957894391342,1671.0989990234375,2576319,0.0,0.0
2025-02-20 00:00:00+05:30,1661.680027962503,1672.4445196603765,1657.5436199707697,1663.822998046875,1670915,0.0,0.0
2025-02-21 00:00:00+05:30,1672.5443209580505,1678.8734621013073,1626.645363593156,1638.3568115234375,2244190,0.0,0.0
2025-02-24 00:00:00+05:30,1624.4027177229564,1664.4210081201622,1621.7116252110295,1634.1207275390625,2357441,0.0,0.0
2025-02-25 00:00:00+05:30,1634.1207090518058,1642.3935249567648,1600.9798041564277,1608.3056640625,2836717,0.0,0.0
2025-02-27 00:00:00+05:30,1623.6052970930007,1647.6760842497142,1599.7838113454477,1642.094482421875,2744489,0.0,0.0
2025-02-28 00:00:00+05:30,1665.5173589998824,1665.5173589998824,1581.1949604903998,1588.0224609375,3549979,0.0,0.0
2025-03-03 00:00:00+05:30,1580.0985867120612,1602.1260509864264,1577.0086606574123,1579.899169921875,1425492,0.0,0.0
2025-03-04 00:00:00+05:30,1579.7995300000748,1584.7831247319364,1550.8946805552785,1561.3602294921875,1717135,0.0,0.0
2025-03-05 00:00:00+05:30,1559.4664040418654,1581.0952776929505,1547.9543734723854,1577.2578125,2428171,0.0,0.0
2025-03-06 00:00:00+05:30,1593.0060226270257,1612.591573846403,1567.39039491045,1608.704345703125,2458676,0.0,0.0
2025-03-07 00:00:00+05:30,1618.6716177467608,1623.4060328848748,1600.3818488629536,1604.0198974609375,980890,0.0,0.0
2025-03-10 00:00:00+05:30,1616.6281883618012,1636.0642071182854,1597.4912339464095,1606.2125244140625,1600589,0.0,0.0
2025-03-11 00:00:00+05:30,1610.7974413557527,1658.1415906164798,1600.0827128388512,1649.868896484375,3325416,0.0,0.0
2025-03-12 00:00:00+05:30,1656.5468924793374,1674.7370132902568,1652.6099013005078,1671.34814453125,2389362,0.0,0.0
2025-03-13 00:00:00+05:30,1666.514130049681,1681.6144468897724,1657.9921341258262,1677.926513671875,1666929,0.0,0.0
2025-03-17 00:00:00+05:30,1688.4917607972918,1714.506100671342,1682.8103898649322,1698.7081298828125,2588408,0.0,0.0
2025-03-18 00:00:00+05:30,1698.7081298828125,1698.7081298828125,1698.7081298828125,1698.7081298828125,0,0.0,0.0
2025-03-19 00:00:00+05:30,1742.0653961094079,1742.264691227673,1720.6359390948799,1726.666015625,2167448,0.0,0.0
2025-03-20 00:00:00+05:30,1729.9552520330149,1751.3847092366732,1717.2470855517756,1744.50732421875,1602232,0.0,0.0
2025-03-21 00:00:00+05:30,1753.228565219271,1786.9177130937878,1744.5072747441893,1778.6448974609375,2483162,0.0,0.0
2025-03-24 00:00:00+05:30,1788.6120945426612,1814.0284268975443,1771.767520530369,1778.9439697265625,1182084,0.0,0.0
2025-03-25 00:00:00+05:30,1778.943979841772,1790.0572984811688,1752.7302235372174,1758.959716796875,1471028,0.0,0.0
2025-03-26 00:00:00+05:30,1762.1491812956392,1764.989927578216,1740.370897037893,1753.1787109375,1762361,0.0,0.0
2025-03-27 00:00:00+05:30,1745.2548244019088,1746.5506076624702,1714.3565379618976,1725.7689208984375,3279881,0.0,0.0
2025-03-28 00:00:00+05:30,1725.768964218323,1735.636506082429,1699.6050919792956,1729.00830078125,1956781,0.0,0.0
2025-04-01 00:00:00+05:30,1725.3204856247264,1728.2607578306356,1676.0825456409345,1692.777587890625,4142445,0.0,0.0
2025-04-02 00:00:00+05:30,1689.4386329293434,1712.8116438143418,1680.3685147502304,1708.0274658203125,3369489,0.0,0.0
2025-04-03 00:00:00+05:30,1749.2417209431276,1806.7523544965322,1744.258126296566,1764.1925048828125,5715573,0.0,0.0
2025-04-04 00:00:00+05:30,1773.0134197542532,1773.0134197542532,1652.6098476787704,1703.741455078125,5345276,0.0,0.0
2025-04-07 00:00:00+05:30,1614.7843177445181,1686.4484333045998,1614.7843177445181,1660.882568359375,5715334,0.0,0.0
2025-04-08 00:00:00+05:30,1639.6026824017968,1704.2398823558356,1639.6026824017968,1682.8104248046875,2807382,0.0,0.0
2025-04-09 00:00:00+05:30,1644.5861977349978,1674.2385852396137,1634.619008657816,1646.7789306640625,3481864,0.0,0.0
2025-04-11 00:00:00+05:30,1704.3893526016661,1731.300763432219,1676.5808704094704,1682.0130615234375,3801939,0.0,0.0
2025-04-15 00:00:00+05:30,1714.3565455461876,1718.841780694419,1691.2327152276669,1699.40576171875,1993085,0.0,0.0
2025-04-16 00:00:00+05:30,1685.5513619402511,1697.113277220024,1676.5808915502873,1687.5447998046875,2205374,0.0,0.0
2025-04-17 00:00:00+05:30,1689.4385553175402,1752.2318467541215,1681.8635159226408,1745.753173828125,2683908,0.0,0.0
2025-04-21 00:00:00+05:30,1755.2220775794638,1755.2220775794638,1725.6195733205727,1739.1749267578125,1539511,0.0,0.0
2025-04-22 00:00:00+05:30,1745.2549119957168,1749.2417878654958,1728.8090490328789,1741.666748046875,961907,0.0,0.0
2025-04-23 00:00:00+05:30,1748.4443351629527,1785.422705580606,1736.3840601899035,1782.930908203125,1471029,0.0,0.0
2025-04-24 00:00:00+05:30,1784.1269056187869,1801.9681990089332,1768.0797549915933,1797.9813232421875,2101177,0.0,0.0
2025-04-25 00:00:00+05:30,1800.0744710849963,1809.5433013592528,1758.4115692103483,1781.5355224609375,2036801,0.0,0.0
2025-04-28 00:00:00+05:30,1781.5354980825775,1839.9432049568925,1775.3557675125894,1835.5576171875,3216482,0.0,0.0
2025-04-29 00:00:00+05:30,1838.9464480142058,1839.9431669562189,1791.103938797576,1799.5760498046875,2886160,0.0,0.0
2025-04-30 00:00:00+05:30,1804.0613264231888,1832.8665288420264,1797.3833580264466,1826.2882080078125,2667314,0.0,0.0
2025-05-02 00:00:00+05:30,1826.288212370057,1845.126103515348,1807.8489114758313,1818.6134033203125,1885257,0.0,0.0
2025-05-05 00:00:00+05:30,1821.802920969248,1837.252064486411,1815.423895441106,1830.573974609375,1219830,0.0,0.0
2025-05-06 00:00:00+05:30,1814.0284190105976,1821.9025227457553,1793.0973218681677,1813.13134765625,1414772,0.0,0.0
2025-05-07 00:00:00+05:30,1811.9353321343829,1820.4074428755148,1772.8638778322309,1775.4554443359375,2015237,0.0,0.0
2025-05-08 00:00:00+05:30,1775.4554453128608,1783.0304847045536,1749.2416892785486,1761.401611328125,2647871,0.0,0.0
2025-05-09 00:00:00+05:30,1746.1519977759713,1760.504775359297,1726.0182014659542,1739.0753173828125,1148956,0.0,0.0
2025-05-12 00:00:00+05:30,1690.1363106945823,1706.781590514502,1618.2728972093305,1680.66748046875,9221075,0.0,0.0
2025-05-13 00:00:00+05:30,1705.3861498305375,1742.76311103372,1685.7508348797173,1694.4222412109375,6988329,0.0,0.0
2025-05-14 00:00:00+05:30,1696.4156061918136,1705.7847883978063,1686.5480645245423,1702.59521484375,1639324,0.0,0.0
2025-05-15 00:00:00+05:30,1695.5185858505117,1738.6765651638868,1678.574363657145,1734.390625,3880385,0.0,0.0
2025-05-16 00:00:00+05:30,1734.291006079874,1735.8857320963332,1713.3599077306342,1729.207763671875,1448249,0.0,0.0
2025-05-19 00:00:00+05:30,1739.2745603542535,1759.2089392694886,1720.9349074182787,1724.5230712890625,2074023,0.0,0.0
2025-05-20 00:00:00+05:30,1738.0785371318511,1742.2647080140823,1697.7114200411359,1702.1966552734375,2706777,0.0,0.0
2025-05-21 00:00:00+05:30,1710.7684238144375,1752.9295622423122,1702.1966652099597,1726.117919921875,2754306,0.0,0.0
2025-05-22 00:00:00+05:30,1728.5099345631288,1734.2909530746279,1701.5985232223156,1713.060791015625,2670554,0.0,0.0
2025-05-23 00:00:00+05:30,1652.5599480454357,1683.9565936204847,1631.2301390985876,1678.075927734375,8339783,0.0,0.0
2025-05-26 00:00:00+05:30,1687.5448078661527,1696.8143426479796,1661.5304679449443,1670.6005859375,2282131,0.0,0.0
2025-05-27 00:00:00+05:30,1670.6006119631556,1686.448467641977,1655.6498276755494,1677.876708984375,2800622,0.0,0.0
2025-05-28 00:00:00+05:30,1677.8767173947408,1681.3652337460019,1657.543626327718,1660.9324951171875,2657712,0.0,0.0
2025-05-29 00:00:00+05:30,1669.5042220470268,1697.7114166754995,1664.919339263722,1694.222900390625,2377583,0.0,0.0
2025-05-30 00:00:00+05:30,1696.415670085329,1707.977585688497,1663.6235919641742,1672.095703125,3640641,0.0,0.0
2025-06-02 00:00:00+05:30,1673.4910563047686,1677.9762914169612,1655.0517563990877,1669.10546875,1819538,0.0,0.0
2025-06-03 00:00:00+05:30,1689.4385790503186,1689.4385790503186,1652.1612668954272,1662.02880859375,2556920,0.0,0.0
2025-06-04 00:00:00+05:30,1650.5665550811025,1663.5239012260627,1643.5895225415084,1659.4373779296875,1700482,0.0,0.0
2025-06-05 00:00:00+05:30,1656.5468912539968,1688.7409619360562,1656.5468912539968,1677.57763671875,2037073,0.0,0.0
2025-06-06 00:00:00+05:30,1679.4714483259168,1683.4583241676398,1663.5239449590238,1673.6904296875,2500047,0.0,0.0
2025-06-09 00:00:00+05:30,1674.3881517138664,1693.2261637896427,1667.8098311221104,1688.840576171875,2589656,0.0,0.0
2025-06-10 00:00:00+05:30,1696.2163797207456,1701.2996220975456,1672.1953553791666,1683.259033203125,2369135,0.0,0.0
2025-06-11 00:00:00+05:30,1689.2392709732947,1689.438566088988,1673.7901277435724,1685.052978515625,1999978,0.0,0.0
2025-06-12 00:00:00+05:30,1689.3389172703955,1721.8319296405075,1675.5841475437016,1681.863525390625,3588365,0.0,0.0
2025-06-13 00:00:00+05:30,1661.3312306958826,1694.4222518883723,1655.6498595553203,1682.2623291015625,2404272,0.0,0.0
2025-06-16 00:00:00+05:30,1659.537064306491,1684.2557431214364,1650.2675293334378,1679.7705078125,2249326,0.0,0.0
2025-06-17 00:00:00+05:30,1674.487795113607,1676.1821686193177,1635.7154045713637,1644.7855224609375,5408285,0.0,0.0
2025-06-18 00:00:00+05:30,1639.6026166897375,1655.8491836871626,1633.1239437362522,1642.5927734375,1455885,0.0,0.0
2025-06-19 00:00:00+05:30,1642.6924512640182,1649.8689005927579,1630.6321764931072,1642.194091796875,1696525,0.0,0.0
2025-06-20 00:00:00+05:30,1642.1941369206988,1664.5206659961632,1640.2006989973502,1659.63671875,2567882,0.0,0.0
2025-06-23 00:00:00+05:30,1657.742942697213,1661.5305234521852,1641.795439172777,1657.0452880859375,840643,0.0,0.0
2025-06-24 00:00:00+05:30,1665.0189780150017,1680.8668333878338,1653.3574151637472,1656.247802734375,2066326,0.0,0.0
2025-06-25 00:00:00+05:30,1656.2478441386122,1673.2918356593138,1652.6596802231256,1664.1219482421875,1372945,0.0,0.0
2025-06-26 00:00:00+05:30,1669.3048836259045,1673.3914068339384,1644.9849178225325,1664.3212890625,2102627,0.0,0.0
2025-06-27 00:00:00+05:30,1664.719932244672,1690.1362653265012,1662.7264943559012,1682.0628662109375,5313904,0.0,0.0
2025-06-30 00:00:00+05:30,1690.4353477521563,1698.907458870018,1666.1153809151594,1670.201904296875,2160184,0.0,0.0
2025-07-01 00:00:00+05:30,1670.2018471561398,1678.7737272120812,1652.0616114628947,1661.729736328125,3298070,0.0,0.0
2025-07-02 00:00:00+05:30,1650.566515112705,1676.4812067751025,1650.566515112705,1671.9959716796875,1611046,0.0,0.0
2025-07-03 00:00:00+05:30,1671.9959877477652,1687.2458358866445,1669.005830988753,1674.188720703125,1553777,0.0,0.0
2025-07-04 00:00:00+05:30,1681.1658287228954,1681.1658287228954,1666.1153966931852,1670.800048828125,1264399,0.0,0.0
2025-07-07 00:00:00+05:30,1674.699951171875,1682.4000244140625,1663.0,1679.9000244140625,1550620,5.5,0.0
2025-07-08 00:00:00+05:30,1680.0,1682.0,1649.0999755859375,1672.5,1860328,0.0,0.0
2025-07-09 00:00:00+05:30,1660.0,1680.800048828125,1647.0,1669.4000244140625,2178705,0.0,0.0
2025-07-10 00:00:00+05:30,1662.0,1670.5999755859375,1647.199951171875,1662.5,1741718,0.0,0.0
2025-07-11 00:00:00+05:30,1665.800048828125,1679.9000244140625,1662.199951171875,1672.0,1298302,0.0,0.0
2025-07-14 00:00:00+05:30,1680.4000244140625,1696.9000244140625,1675.5,1682.5999755859375,1309704,0.0,0.0
2025-07-15 00:00:00+05:30,1705.0,1730.9000244140625,1687.9000244140625,1727.5,3332578,0.0,0.0
2025-07-16 00:00:00+05:30,1730.0,1731.300048828125,1698.0,1701.0,2285143,0.0,0.0
2025-07-17 00:00:00+05:30,1704.0,1717.0,1696.0,1703.4000244140625,1461039,0.0,0.0
2025-07-18 00:00:00+05:30,1709.0,1709.4000244140625,1686.699951171875,1693.5999755859375,1253929,0.0,0.0
2025-07-21 00:00:00+05:30,1681.0999755859375,1701.4000244140625,1677.5,1692.300048828125,2390289,0.0,0.0
2025-07-22 00:00:00+05:30,1686.0999755859375,1693.0999755859375,1672.800048828125,1678.0,1244491,0.0,0.0
2025-07-23 00:00:00+05:30,1678.5,1689.5999755859375,1671.4000244140625,1682.5,1229173,0.0,0.0
2025-07-24 00:00:00+05:30,1682.5,1696.0,1680.0999755859375,1692.0,1079045,0.0,0.0
2025-07-25 00:00:00+05:30,1690.0,1702.0,1682.199951171875,1699.0,1088592,0.0,0.0
2025-07-28 00:00:00+05:30,1702.0999755859375,1710.0999755859375,1693.9000244140625,1702.199951171875,2168507,0.0,0.0
2025-07-29 00:00:00+05:30,1698.0,1718.0,1697.0999755859375,1710.5,1325544,0.0,0.0
2025-07-30 00:00:00+05:30,1720.0,1740.5,1712.0999755859375,1733.800048828125,2318723,0.0,0.0
2025-07-31 00:00:00+05:30,1715.5,1748.0,1694.0,1706.699951171875,3233087,0.0,0.0
2025-08-01 00:00:00+05:30,1690.0,1695.0,1608.0,1629.699951171875,8774548,0.0,0.0
2025-08-04 00:00:00+05:30,1629.800048828125,1647.4000244140625,1613.5999755859375,1641.5999755859375,1898762,0.0,0.0
2025-08-05 00:00:00+05:30,1640.9000244140625,1644.5999755859375,1620.0999755859375,1632.0999755859375,1622897,0.0,0.0
2025-08-06 00:00:00+05:30,1629.699951171875,1629.699951171875,1591.0,1595.199951171875,2376257,0.0,0.0
2025-08-07 00:00:00+05:30,1581.0,1605.4000244140625,1571.0,1598.4000244140625,3435674,0.0,0.0
2025-08-08 00:00:00+05:30,1590.0,1602.0,1580.9000244140625,1586.9000244140625,1654424,0.0,0.0
2025-08-11 00:00:00+05:30,1586.9000244140625,1660.0,1584.199951171875,1608.4000244140625,1140902,0.0,0.0
2025-08-12 00:00:00+05:30,1611.699951171875,1636.699951171875,1610.0999755859375,1622.199951171875,1679088,0.0,0.0
2025-08-13 00:00:00+05:30,1624.199951171875,1643.5,1617.300048828125,1639.800048828125,1313668,0.0,0.0
2025-08-14 00:00:00+05:30,1639.800048828125,1651.0999755859375,1632.199951171875,1641.4000244140625,1738094,0.0,0.0
2025-08-18 00:00:00+05:30,1649.5999755859375,1649.5999755859375,1625.4000244140625,1632.699951171875,3080173,0.0,0.0
2025-08-19 00:00:00+05:30,1632.800048828125,1638.0,1619.0999755859375,1626.5999755859375,2656391,0.0,0.0
2025-08-20 00:00:00+05:30,1634.0,1636.5,1616.0,1633.0999755859375,1831706,0.0,0.0
2025-08-21 00:00:00+05:30,1630.800048828125,1652.5,1623.9000244140625,1640.199951171875,1727099,0.0,0.0
2025-08-22 00:00:00+05:30,1642.0,1651.4000244140625,1635.0999755859375,1641.800048828125,2098310,0.0,0.0
2025-08-25 00:00:00+05:30,1649.199951171875,1660.5,1634.0,1656.699951171875,1904984,0.0,0.0
2025-08-26 00:00:00+05:30,1645.0,1647.4000244140625,1596.199951171875,1600.300048828125,4502371,0.0,0.0
2025-08-27 00:00:00+05:30,1600.300048828125,1600.300048828125,1600.300048828125,1600.300048828125,0,0.0,0.0
2025-08-28 00:00:00+05:30,1593.0999755859375,1600.0,1567.5999755859375,1585.699951171875,4993739,0.0,0.0
2025-08-29 00:00:00+05:30,1581.0,1601.699951171875,1575.800048828125,1594.5,3176534,0.0,0.0
2025-09-01 00:00:00+05:30,1599.0,1600.199951171875,1556.199951171875,1563.300048828125,9366820,0.0,0.0
