Date,Open,High,Low,Close,Volume,Dividends,Stock Splits,SMA_20,EMA_50,RSI_14,MACD_12_26_9,MACDh_12_26_9,MACDs_12_26_9,ATRr_14,OBV,Daily_Return
2020-03-12 00:00:00+05:30,589.5384459129084,591.5301298518034,525.9539604762349,540.9911499023438,29369378,0.0,0.0,696.5391906738281,717.3557739257812,12.313347701664783,-33.6743532969399,-15.722227153915163,-17.952126143024735,27.634887541204364,-98694354.0,-0.08234797297297294
2020-03-13 00:00:00+05:30,514.8005513967412,583.214911257475,449.2243474097447,566.4349365234375,25599305,0.0,0.0,687.2554565429688,711.4373097139246,22.401268470514246,-38.13249971567711,-16.1442988581219,-21.988200857555213,35.42324037977434,-73095049.0,0.10029978597847938
2020-03-16 00:00:00+05:30,540.0948654212513,542.7338709411276,500.2612172107525,506.4852294921875,21542970,0.0,0.0,675.3451873779297,703.3999732346408,17.339567930954335,-45.97310388423841,-19.187922421346556,-26.785181462891856,37.67102906729062,-94638019.0,-0.062229134325966336
2020-03-17 00:00:00+05:30,513.0080102661508,529.0908214594675,475.4647561988784,486.3194274902344,20590414,0.0,0.0,662.989274597168,694.8870106564289,16.027649620018426,-53.20078532831849,-21.132483092341303,-32.068302235977185,38.835361808540014,-115228433.0,-0.052023715501187326
2020-03-18 00:00:00+05:30,487.9625564248057,503.945807596324,390.46963541317024,471.48138427734375,36240904,0.0,0.0,649.7968551635743,686.1260057003863,15.121087900865044,-59.44088352139454,-21.898065028333882,-37.54281849306066,44.27392521016187,-151469337.0,-0.03377548529177297
2020-03-19 00:00:00+05:30,439.2161265081887,463.0167759518594,421.9880711009331,426.4693603515625,33243997,0.0,0.0,634.5903457641601,675.9433921572952,12.762739177926415,-67.24316311949201,-23.760275701145076,-43.482887418346934,44.65368139310575,-184713334.0,-0.029021625999856297
2020-03-20 00:00:00+05:30,429.6062375126545,447.83016455029184,412.4777731560565,426.3697509765625,30764236,0.0,0.0,619.0103988647461,666.1561905423646,12.757997152876294,-72.59770243430353,-23.291852012765276,-49.30585042153825,43.9778300982654,-215477570.0,-0.007533611604036983
2020-03-23 00:00:00+05:30,383.7476963626311,390.3700391631549,300.7442648654918,307.3666076660156,37622635,0.0,0.0,597.3184692382813,652.0860108217234,8.631708430599987,-85.45865831615896,-28.922246315696555,-56.536412000462406,49.903211367994274,-253100205.0,-0.1990398624424247
2020-03-24 00:00:00+05:30,330.56973023183053,336.0966406100335,289.7899923482066,301.88946533203125,50681510,0.0,0.0,576.2912658691406,638.3528129593826,8.495517796004645,-94.99794099307394,-30.76922319408922,-64.22871779898472,49.64249775378904,-303781715.0,-0.08676010619510033
2020-03-25 00:00:00+05:30,292.27960737472057,362.2375031773581,284.8107928762184,325.4411315917969,51993973,0.0,0.0,556.2773300170899,626.0817666312421,14.725969941748048,-99.51037494437281,-28.22532571631048,-71.28504922806233,51.65443087403266,-251787742.0,0.11345822075968912
2020-03-26 00:00:00+05:30,334.5531177981375,397.3409410659431,330.6195299095065,339.9804382324219,62971564,0.0,0.0,536.9579925537109,614.8621066940334,18.418919623443802,-100.75190557369535,-23.573485076506415,-77.17842049718894,53.11901427454815,-188816178.0,0.016222597087136064
2020-03-27 00:00:00+05:30,368.4615306310806,407.7475086884253,352.5778389786829,358.254150390625,71042591,0.0,0.0,518.2311859130859,604.7990495840959,22.93617781550675,-99.11871286810913,-17.55223389673614,-81.56647897137299,54.177711689395615,-117773587.0,-0.027702702702702725
2020-03-30 00:00:00+05:30,343.5654955813547,380.4116501799348,338.9348362842651,366.6192321777344,61772544,0.0,0.0,501.84211883544924,595.458664587768,24.983886246763653,-96.04228798050872,-11.580647207308573,-84.46164077320014,53.26052327158293,-56001043.0,0.06710143158401267
2020-03-31 00:00:00+05:30,382.8016742406497,388.1792151805181,371.1005302662851,377.4241333007813,34637148,0.0,0.0,486.645573425293,586.9082908118078,27.657783250579808,-91.67555513874959,-5.771131492439551,-85.90442364631004,50.97308368102726,-21363895.0,-0.014047851150430855
2020-04-01 00:00:00+05:30,374.6855469419753,378.22077383325984,352.52806277065577,357.1587219238281,27744593,0.0,0.0,470.2888671875,577.8985037965929,25.800263001950984,-88.8262040462024,-2.337424319913893,-86.48877972628851,49.1502381047303,-49108488.0,-0.046777424859842334
2020-04-03 00:00:00+05:30,358.70234617657127,360.79359032999,322.6528490354683,324.0968322753906,41317365,0.0,0.0,452.5255355834961,567.9454970702712,23.07720816828853,-88.21895773144729,-1.3841424041270187,-86.83481532732027,48.356933210136056,-90425853.0,-0.09647417774107916
2020-04-07 00:00:00+05:30,345.9555199421687,404.0629092767393,340.9265297771928,387.2331848144531,48093237,0.0,0.0,438.1331298828125,560.8587397269059,36.79593386233429,-81.70133255031567,4.106786221603684,-85.80811877191935,50.633145750142795,-42332616.0,0.11931494800020705
2020-04-08 00:00:00+05:30,382.1543729345464,425.9216416132271,371.9469922893892,389.7227783203125,64930598,0.0,0.0,424.8734954833984,554.1475255540984,37.27100723106116,-75.46526168656487,8.274285668283596,-83.73954735484847,50.87363133466724,22597982.0,0.019804576165513
2020-04-09 00:00:00+05:30,403.3159853204745,421.2411402236068,396.9923829292883,418.4029846191406,44090546,0.0,0.0,414.7457809448242,548.8242102233157,42.62160804887903,-67.43156849384434,13.04638308880331,-80.47795158264765,49.481399438352085,66688528.0,0.03740739233699849
2020-04-13 00:00:00+05:30,416.212135392216,426.1207440897301,400.3284448877832,417.2079772949219,33431643,0.0,0.0,404.76744384765624,543.6627893241631,42.45909883506699,-60.46424172206258,16.01096788846806,-76.47520961053064,47.77828807974249,33256885.0,0.0023926306275703583
2020-04-15 00:00:00+05:30,432.19539148722623,449.7719952241807,410.7350103565187,415.5648193359375,48315019,0.0,0.0,398.4961273193359,538.6393395207033,42.22072025575125,-54.447536860875516,17.622138199724105,-72.06967506059962,47.15013072782653,-15058134.0,-0.03847929079961108
2020-04-16 00:00:00+05:30,406.9010519597338,425.2245388924173,399.0339061473557,420.79302978515625,42344330,0.0,0.0,391.2140319824219,534.0179156095054,43.31128510628729,-48.6960443342428,18.698904581085458,-67.39494891532826,45.644614472295956,27286196.0,0.034140923840121094
2020-04-17 00:00:00+05:30,448.1288766025394,483.87959645780506,430.6020522395032,476.8091125488281,47831797,0.0,0.0,389.73022613525393,531.7744331365377,53.44924289720172,-39.166429121867395,22.582815834768695,-61.74924495663609,46.89696370609634,75117993.0,0.06399997287326391
2020-04-20 00:00:00+05:30,479.9958404532089,481.43982349881344,449.3736991794824,454.0541687011719,42163627,0.0,0.0,388.1169631958008,528.7265796292685,49.57104755880239,-33.069074500339354,22.944136365037394,-56.01321086537675,45.83249134408117,32954366.0,-0.05404561782773596
2020-04-21 00:00:00+05:30,434.1871210377297,438.1207091758829,411.23297461620695,418.9009399414063,33572119,0.0,0.0,385.4879409790039,524.4196917983719,44.23161555849353,-30.719335430116757,20.235100348207993,-50.95443577832475,45.61643243094909,-617753.0,-0.03520643601723751
2020-04-22 00:00:00+05:30,416.8096837204648,432.74315674406495,410.2869303577037,429.3572998046875,36619611,0.0,0.0,385.63233795166013,520.6917548574431,46.09165828463642,-27.694168301331672,18.608213981594467,-46.30238228292614,43.95523349273203,36001858.0,0.03010394569584375
2020-04-23 00:00:00+05:30,432.7929401639986,438.0211106746999,424.2784728121592,428.2618408203125,29418000,0.0,0.0,385.72694244384763,517.0670523461831,45.91886522796259,-25.09580709888519,16.96526014723277,-42.06106724611796,41.78883709774605,6583858.0,-0.010469439131722252
2020-04-24 00:00:00+05:30,414.27026961688296,417.9050868178362,399.58160020138047,402.2703857421875,35773252,0.0,0.0,390.4721313476563,512.5652222832813,41.904779286633136,-24.847454344238997,13.770890321503167,-38.618344665742164,40.84914404893338,-29189394.0,-0.028966316810021018
2020-04-27 00:00:00+05:30,413.2744105279292,427.7141188475797,407.3989490828979,425.5232543945313,35986805,0.0,0.0,396.65382080078126,509.1518117778401,46.41760220466208,-22.514784409280878,12.882848205169033,-35.39763261444991,39.74508666587505,6797411.0,0.02963852480233426
2020-04-28 00:00:00+05:30,436.1787597661943,456.4939288004557,433.44019449368966,453.5562133789063,43938246,0.0,0.0,403.05957489013673,506.9715922327839,51.32643386887931,-18.194367824343317,13.762611832085277,-31.956979656428594,39.116401923716175,50735657.0,0.03984021051833634
2020-04-29 00:00:00+05:30,428.95894412795167,446.98369051651474,424.178914654942,437.2742309570313,61499689,0.0,0.0,407.9242645263672,504.23836237883285,48.54466812439031,-15.900930433053531,12.844839378700051,-28.745769811753583,38.41875161314318,-10764032.0,0.019384808133524594
2020-04-30 00:00:00+05:30,449.124752280467,459.9794242507933,438.5688207607045,443.0501098632813,40382553,0.0,0.0,412.1640625,501.83882306449755,49.5884388031716,-13.46211671877461,12.22692247438318,-25.68903919315779,37.293358675134016,29618521.0,-0.013525512424646446
2020-05-04 00:00:00+05:30,422.2369833964066,422.2369833964066,398.0380363627447,401.1251220703125,37853978,0.0,0.0,413.8893569946289,497.88926616276484,42.801509255646565,-14.74239426835095,8.757315939845476,-23.499710208196426,37.84606170566877,-8235457.0,-0.050000028790168134
2020-05-05 00:00:00+05:30,412.2786203104917,417.0088701812038,384.89296316426334,387.382568359375,50981056,0.0,0.0,414.3872787475586,493.555670170475,40.82890563314236,-16.673728322386125,5.4607855086482395,-22.134513831034365,37.43582328615365,-59216513.0,-0.06038647342995183
2020-05-06 00:00:00+05:30,383.3991868676392,392.80990633793806,366.5196520687501,387.2331848144531,67511628,0.0,0.0,415.89100189208983,489.38616094082715,40.80688984485333,-18.008784421611097,3.300583527538617,-21.309367949149713,36.638010731092535,-126728141.0,0.010000015853287561
2020-05-07 00:00:00+05:30,385.3908444194921,400.5774345419656,381.1087360822163,395.6978149414063,41339309,0.0,0.0,419.47105102539064,485.71210815653615,42.69256710321409,-18.17429908270998,2.508055093151789,-20.682354175861768,35.40919923670851,-85388832.0,0.026744201817869896
2020-05-08 00:00:00+05:30,401.82224894069134,407.7475210255832,378.0714110478441,380.46142578125,33505509,0.0,0.0,419.1324630737305,481.5846304163289,40.2095259839448,-19.312299743552558,1.096043545847369,-20.408343289399927,34.99893887821603,-118894341.0,-0.0531598815539808
2020-05-11 00:00:00+05:30,389.3742042956337,391.8638091824344,375.2830467144785,377.9718017578125,30141935,0.0,0.0,418.54491424560547,477.521382233642,39.80216936444848,-20.18241500114152,0.18074263060672635,-20.363157631748248,33.681105910314564,-149036276.0,-0.02928391868805953
2020-05-12 00:00:00+05:30,374.7353342117236,390.1708852845484,368.4615417383983,385.2414855957031,38411107,0.0,0.0,416.88683929443357,473.90256275764443,41.66071557324803,-20.05421240390922,0.2471561822712225,-20.30136858618044,32.82462280373111,-110625169.0,0.028036190945483607
2020-05-13 00:00:00+05:30,409.2910689201908,414.7184200682295,397.9384760063812,412.2785949707031,48206058,0.0,0.0,416.64037017822267,471.48593656992125,48.08092094463629,-17.56842429463717,2.1863554332346204,-19.75477972787179,32.58514983423413,-62419111.0,0.0072992700729926354
2020-05-14 00:00:00+05:30,403.3657722756694,409.2910440724076,395.9965478765903,400.2786865234375,31604212,0.0,0.0,415.87606353759764,468.6934953916278,45.67822192592865,-16.377917198611726,2.701490023408052,-19.07940722201978,31.41904918956671,-94023323.0,-0.007653316082858273
2020-05-15 00:00:00+05:30,401.0753554074668,402.2205676005119,385.19166375088463,386.9343872070313,25435025,0.0,0.0,414.1831314086914,465.487255854977,43.09895741018602,-16.32304329735223,2.2050911397340407,-18.52813443708627,30.389875894326828,-119458348.0,-0.03525763428188998
2020-05-18 00:00:00+05:30,387.3825467004866,387.3825467004866,350.8351323233691,357.30810546875,47864748,0.0,0.0,408.2080810546875,461.2449362319877,37.9724522900164,-18.457383447312623,0.056600791818919305,-18.513984239131542,30.830218853634193,-167323096.0,-0.07763499282013171
2020-05-19 00:00:00+05:30,367.2665299034043,370.9511575846813,348.64430210604866,353.0260009765625,42889678,0.0,0.0,403.156672668457,457.0010564180495,37.282179553816505,-20.260839097543737,-1.3974838867297557,-18.86335521081398,30.220740427169932,-210212774.0,-0.03877437165479592
2020-05-20 00:00:00+05:30,351.53223750673493,364.776924384,348.54471140894395,360.9927368164063,30720803,0.0,0.0,400.26126251220705,453.23602427680856,39.486193739506795,-20.807387085884898,-1.555225500056732,-19.252161585828166,29.220543857212093,-179491971.0,0.02691218130311626
2020-05-21 00:00:00+05:30,361.4905922648365,367.465643376652,354.22095890173364,355.7147216796875,24794914,0.0,0.0,396.57913360595705,449.41165946907836,38.520389742893144,-21.41951122343022,-1.7338797100816414,-19.68563151334858,28.07833362226234,-204286885.0,-0.015977927804321543
2020-05-22 00:00:00+05:30,350.6359812340491,358.2541666070414,331.4660223537557,335.5489807128906,48367892,0.0,0.0,391.94349060058596,444.94645638060047,34.998163723971956,-23.263661764745166,-2.8624242011172676,-20.401237563627898,27.986096448120232,-252654777.0,-0.04302753091128979
2020-05-26 00:00:00+05:30,340.5779609249804,346.2542724300044,334.9514597539183,339.880859375,30692834,0.0,0.0,388.8240142822266,440.82623689018476,36.344669158053165,-24.097833130168453,-2.957276453232442,-21.14055667693601,26.79346330918445,-221961943.0,-0.0020468193188048186
2020-05-27 00:00:00+05:30,344.6609085262934,390.818189462772,340.0800294309316,385.3908386230469,72430787,0.0,0.0,386.8173934936524,438.65229970323816,48.43081409416112,-20.84634131827505,0.23537228692876866,-21.08171360520382,28.519328666682465,-149531156.0,0.11817391844902625
2020-05-28 00:00:00+05:30,388.37840078372295,405.9550069461821,385.39087462384816,389.324462890625,72693713,0.0,0.0,383.6058059692383,436.7178747301945,49.326396853838695,-17.74751769139192,2.6673567310495194,-20.41487442244144,27.9507041540665,-76837443.0,0.0024359287359774755
2020-05-29 00:00:00+05:30,380.4116193683199,387.6314734008338,373.78927657525423,383.349365234375,51056390,0.0,0.0,380.9095626831055,434.62499200486826,47.96380467620251,-15.594059475484698,3.8566519575653935,-19.450711433050092,27.06330357344394,-127893833.0,0.00772254504458423
2020-06-01 00:00:00+05:30,392.6605241765934,407.797336110347,390.9178005180022,395.2995300292969,44252980,0.0,0.0,378.5220336914063,433.0828170254341,50.885975442531276,-12.775877533791743,5.33986711940668,-18.115744653198423,26.876381065174016,-83640853.0,0.006720833112107311
2020-06-02 00:00:00+05:30,396.3451117590009,413.2744255778527,389.9219187714564,408.3948059082031,37508638,0.0,0.0,378.88551788330085,432.1146597267192,53.93852905663761,-9.37766879102793,6.990460689736395,-16.368129480764324,26.624534349950572,-46132215.0,0.030402025385717672
2020-06-03 00:00:00+05:30,420.2453213954496,430.2037413337303,403.5649679988292,407.8470764160156,49055899,0.0,0.0,379.90874328613285,431.16298979296613,53.78794503661307,-6.652080034210599,7.77283955724298,-14.424919591453579,26.625551950870634,-95188114.0,-0.029502398594860875
2020-06-04 00:00:00+05:30,405.90517151575534,412.1789634376394,389.9218905108011,392.7102661132813,45553578,0.0,0.0,380.18259735107426,429.6550398447432,49.66170630590682,-5.648334906617833,7.021267747868597,-12.66960265448643,26.31336659113502,-140741692.0,-0.032507359670242264
2020-06-05 00:00:00+05:30,397.3409537176405,408.1956253225166,388.8762968088687,403.61474609375,39002875,0.0,0.0,380.57844390869144,428.63385185450824,52.48929445765163,-3.9276833705276886,6.993535427166995,-10.921218797694683,25.813567750451362,-101738817.0,0.015789443090147202
2020-06-08 00:00:00+05:30,413.2744088136894,442.9007067949117,412.2785668647407,428.46099853515625,60387580,0.0,0.0,382.97842254638675,428.627073292965,58.24462962751388,-0.5527974039571291,8.294737114990044,-8.847534518947173,26.776283421800464,-41351237.0,0.03674698795180717
2020-06-09 00:00:00+05:30,433.1415069713015,440.660102208643,414.7682091975137,418.3034362792969,46273705,0.0,0.0,384.99500427246096,428.2222247826251,55.29557509982098,1.2873538417940722,8.107910688592996,-6.820556846798924,26.71308818146142,-87624942.0,-0.0342568662970177
2020-06-10 00:00:00+05:30,420.4444980380841,430.9008388759784,413.57316403206215,425.6726684570313,36163051,0.0,0.0,387.0165634155274,428.12224218162146,56.99673740593406,3.3022560588623264,8.098250324529001,-4.795994265666674,26.042460123758005,-51461891.0,0.012434864633366327
2020-06-11 00:00:00+05:30,424.7265907411686,433.7389482125796,407.00061622641584,411.7308654785156,45562670,0.0,0.0,386.989176940918,427.4794430952252,52.89567141457704,3.7310839849588433,6.821662600500414,-3.090578615541571,26.092181875623588,-97024561.0,-0.030597861179293705
2020-06-12 00:00:00+05:30,388.3783721923828,410.78481674194336,387.53190043126233,406.3035278320313,47813512,0.0,0.0,387.2904190063477,426.6490150456882,51.34680913098541,3.5915907930361755,5.345735526862197,-1.7541447338260217,25.95691011886176,-144838073.0,0.0461538461538463
2020-06-15 00:00:00+05:30,404.262095754072,404.262095754072,382.0547996178712,387.9800720214844,39577100,0.0,0.0,387.3427032470703,425.13258590748416,46.406267768182225,1.9796712669786984,2.9870528006437764,-1.0073815336650778,25.834861952127984,-184415173.0,-0.04027590987034459
2020-06-16 00:00:00+05:30,403.21641763431376,403.31600791193534,358.9014488637431,379.9635009765625,96186227,0.0,0.0,388.47547302246096,423.36124924352646,44.3937095171031,0.05471245218797094,0.849675188682439,-0.794962736494468,27.16233841745909,-280601400.0,-0.057668576081740454
2020-06-17 00:00:00+05:30,375.8805970903517,396.0961787191124,373.7395123522928,387.9800720214844,56949066,0.0,0.0,390.22317657470705,421.97375209756405,46.874879013133985,-0.8145711222233558,-0.015686708583110165,-0.7988844136402456,26.818990808394265,-223652334.0,0.0321896767877706
2020-06-18 00:00:00+05:30,384.3949969839991,406.35330006994576,382.4033130618022,403.7143249511719,43773580,0.0,0.0,392.3592559814453,421.25769613103887,51.45347980634756,-0.23119681009507076,0.4541500828361399,-0.6853468929312106,26.61401466846535,-179878754.0,0.050259051545296224
2020-06-19 00:00:00+05:30,405.8056086561187,420.5440578694409,405.8056086561187,415.3158874511719,52085319,0.0,0.0,395.33931427001954,421.02468402594604,54.56302784302025,1.1539783268726183,1.4714601758430632,-0.31748184897044485,25.91498762533728,-127793435.0,0.023435552866180886
2020-06-22 00:00:00+05:30,418.2536297046751,434.08751103678645,416.36153602938623,428.3614196777344,40454004,0.0,0.0,399.97993621826174,421.31239914954557,57.83368355396853,3.266747989842372,2.8673838710502535,0.3993641187921186,25.404645800195482,-87339431.0,0.0241666521344866
2020-06-23 00:00:00+05:30,428.7099816110351,443.1496906316159,428.610391332756,441.8052978515625,30757220,0.0,0.0,405.07615814208987,422.11604223589916,60.95300754390111,5.957270081649995,4.446324770286301,1.510945311363694,24.64619318954346,-56582211.0,0.030545862709603643
2020-06-24 00:00:00+05:30,446.1371929188869,446.63511389312674,420.4444828043855,422.88427734375,33577082,0.0,0.0,406.950830078125,422.1461691028737,54.807732467210904,6.487970710429977,3.981620319253026,2.5063503911769507,24.75652911052822,-90159293.0,-0.052120549338204515
2020-06-25 00:00:00+05:30,417.2578086136133,426.91748841559695,408.6437811726391,419.9465942382813,49853200,0.0,0.0,408.4819366455078,422.0599112650466,53.89913184295838,6.595479722166772,3.2713034647918566,3.324176257374915,24.293396630126914,-140012493.0,0.006443943214871907
2020-06-26 00:00:00+05:30,424.2287083597763,426.9672739653852,416.2619720525505,423.08349609375,32610915,0.0,0.0,410.46864318847656,422.1000518465644,54.7615532931913,6.854785452343663,2.8244873559749974,4.030298096368665,23.32267484826366,-107401578.0,-0.0026995161889305326
2020-06-29 00:00:00+05:30,413.2743903533088,414.0710517206082,400.67699633995306,403.1167907714844,36319455,0.0,0.0,410.85950622558596,421.3556102357769,48.53744020259207,5.3870423895683075,1.0853954345597137,4.301646955008594,23.257224780327473,-143721033.0,-0.024578342667545054
2020-06-30 00:00:00+05:30,408.29524445844976,413.0752741885174,402.3699720472288,404.9591674804688,26951915,0.0,0.0,410.6877243041992,420.7126124806668,49.11218131158269,4.322680668856208,0.016826971078090835,4.305853697778117,22.360544513120868,-116769118.0,-0.008170746593940426
2020-07-01 00:00:00+05:30,408.295220816954,435.531505649588,404.9591440321416,431.4485473632813,53380512,0.0,0.0,411.8677978515625,421.133629534887,56.61461805482154,5.552630642780684,0.9974215560020543,4.55520908677863,22.947172353154354,-63388606.0,0.05670731707317086
2020-07-02 00:00:00+05:30,439.16631322427867,439.66423421432887,419.5482140600265,421.4403381347656,50362770,0.0,0.0,413.3043014526367,421.1456573231175,53.41066767129613,5.654613155201389,0.8795232547382064,4.775089900463183,22.74492495444926,-113751376.0,-0.04036278411104025
2020-07-03 00:00:00+05:30,428.2120610137861,429.8054142956956,421.8884582206779,426.6685180664063,31044457,0.0,0.0,414.45699005126954,421.3622400973641,54.84817908896595,6.08713673463393,1.0496374673365976,5.037499267297332,21.71768799911983,-82706919.0,-0.0036046227743457364
2020-07-06 00:00:00+05:30,432.344804794446,435.78047190295007,429.3074988045468,432.1954345703125,18424079,0.0,0.0,414.64371185302736,421.787071253166,56.380407399962046,6.797533029547935,1.408027009800482,5.389506019747453,20.817193028269624,-64282840.0,-0.00034548865275375873
2020-07-07 00:00:00+05:30,431.6975408569549,447.1330930675265,424.42790584309006,445.4899597167969,37991679,0.0,0.0,416.00303802490237,422.71659629095547,59.905030699861,8.337178479931652,2.358137968147359,5.979040511784293,20.95206163176242,-26291161.0,0.03194926436797137
2020-07-08 00:00:00+05:30,448.1289044927936,459.4814973284738,439.1663264029377,442.30322265625,45877067,0.0,0.0,416.8345657348633,423.4846992856729,58.68101550716266,9.19423018147154,2.572151735749797,6.622078445721742,20.906565718677605,-72168228.0,-0.013000013563368077
2020-07-09 00:00:00+05:30,445.9878198694592,455.0997675619834,444.1952861391808,451.86328125,29162679,0.0,0.0,418.8411865234375,424.59758485290143,61.23966082900917,10.523557639655508,3.1211833551470116,7.402374284508496,20.327234534491094,-43005549.0,0.013174040004636333
2020-07-10 00:00:00+05:30,448.029316357357,449.5728897146296,435.1829604452345,437.7721557617188,25676354,0.0,0.0,420.41461791992185,425.1142346924629,55.758858543906996,10.321048542134406,2.3349394061007285,7.986109136033678,20.066722331104465,-68681903.0,-0.02289394961703105
2020-07-13 00:00:00+05:30,442.10405334463775,444.5438479290385,430.9506111595099,438.2202453613281,21326370,0.0,0.0,422.92662658691404,425.62819589516346,55.89403856719057,10.080513820773263,1.6755237477916687,8.404990072981594,19.60430023407043,-47355533.0,-0.00878482781129817
2020-07-14 00:00:00+05:30,433.0916591528812,433.987910832178,413.672741075151,415.9631958007813,25685579,0.0,0.0,424.726611328125,425.2491762836191,48.041809467977686,8.001691908087423,-0.3226385319153362,8.32433044000276,19.957407701926826,-73041112.0,-0.039549280135301734
2020-07-15 00:00:00+05:30,422.2370013819996,442.60198211908016,420.9921989015102,424.8759765625,43250557,0.0,0.0,426.57140655517577,425.23454100043796,51.00982891629308,6.99278896708222,-1.065233178336431,8.05802214541865,20.434675970846705,-29790555.0,0.006249985604915968
2020-07-16 00:00:00+05:30,430.1539705955522,434.336488824724,416.7101033911761,432.1954345703125,30183647,0.0,0.0,427.99546203613284,425.5075172188644,53.36578803262004,6.706536430255937,-1.0811885721301708,7.787725002386108,20.234073275468166,393092.0,0.004745891272220188
2020-07-17 00:00:00+05:30,432.1953849333359,438.0708460697308,422.8344771442528,431.2991333007813,33464985,0.0,0.0,428.7946243286133,425.73463941815527,53.02948100566909,6.33433691773422,-1.1627104677215119,7.497047385455732,19.877077018674974,-33071893.0,-0.002073718655493828
2020-07-20 00:00:00+05:30,435.8800621826013,440.9588321472608,427.5149649428847,432.1954345703125,30400586,0.0,0.0,428.9863250732422,425.9880039339261,53.346106290756396,6.042041253724165,-1.1640049053852541,7.206046159109419,19.41754126430386,-2671307.0,-0.008453306154538499
2020-07-21 00:00:00+05:30,438.1704938116071,449.12475615689726,436.67673076452206,444.3447265625,43147019,0.0,0.0,429.11329650878906,426.7078754095565,57.52564778041021,6.713353798349829,-0.394153888607673,7.107507686957502,19.239803828643982,40475712.0,0.014090936834161901
2020-07-22 00:00:00+05:30,476.0124645777551,482.5850276981792,458.186899283629,476.9585266113281,89611937,0.0,0.0,431.81700897216797,428.678489182175,66.26303964248646,9.764476122981819,2.125574748819454,7.638901374162365,20.597035095119978,130087649.0,0.001987473236467063
2020-07-23 00:00:00+05:30,470.9834707417986,472.77597412723935,457.290643687034,458.9337768554688,40249567,0.0,0.0,433.76636810302733,429.86497105171594,59.03505019938844,10.605808720183575,2.3735258768169665,8.232282843366608,20.530664681387005,89838082.0,-0.025584112043999224
2020-07-24 00:00:00+05:30,454.7014541632242,454.7014541632242,439.7140141292497,443.7471923828125,30566635,0.0,0.0,434.79955291748047,430.40937188822954,53.71832551783754,9.932643090882607,1.3602881980127997,8.572354892869807,20.437025681250407,59271447.0,-0.02409110786894346
2020-07-27 00:00:00+05:30,445.1414183408139,446.1372604400104,428.1125123664168,429.7556457519531,21924237,0.0,0.0,436.1314956665039,430.3837355691599,49.31199467578896,8.175906834229181,-0.31715844691250084,8.493065281141682,20.264714761872746,37347210.0,-0.03456378569805645
2020-07-28 00:00:00+05:30,432.1954514597674,438.170503784096,422.63536166270416,435.2327575683594,33057573,0.0,0.0,437.6451751708984,430.5738932946187,51.00620107426675,7.143294392470693,-1.0798167109367913,8.223111103407485,19.926878357323634,70404783.0,0.007027621642785156
2020-07-29 00:00:00+05:30,433.938161602103,445.1413843629146,432.49417851221256,439.0667419433594,24404819,0.0,0.0,438.02608489990234,430.90694618280463,52.21034507368296,6.55870739374285,-1.3315229677317086,7.890230361474559,19.406887761230234,94809602.0,0.011818689378047871
2020-07-30 00:00:00+05:30,440.0625668808024,444.0459348188783,422.9838829244389,424.0793151855469,26861618,0.0,0.0,438.1580337524414,430.6391959476181,47.31485430522326,4.830376329800174,-2.447883225339508,7.278259555139682,19.525116724090005,67947984.0,-0.036320407365130085
2020-07-31 00:00:00+05:30,427.2162188645933,432.6435699318515,419.54822329280057,429.8551940917969,27499638,0.0,0.0,438.31736755371094,430.60845077680153,49.28829278772235,3.881977644534004,-2.717025528484543,6.599003173018547,19.065836779028007,95447622.0,0.006177141949847147
2020-08-03 00:00:00+05:30,429.80543425104975,430.1041747093528,413.9715517565522,415.61468505859375,23824107,0.0,0.0,437.488330078125,430.0204599643228,44.829741567800134,1.9586961574797215,-3.7122456124310608,5.670941769910782,18.85631699292744,71623515.0,-0.03301668164615892
2020-08-04 00:00:00+05:30,420.09596593189474,429.4070949794114,415.614676802247,427.3656005859375,24746211,0.0,0.0,436.58211212158204,429.91634783183713,48.93468234998553,1.3669253346757273,-3.443213148188044,4.810138482863771,18.494602700268985,96369726.0,0.017304699981863913
2020-08-05 00:00:00+05:30,437.1746273375468,444.99199292502266,431.3489457014948,433.1414794921875,36932321,0.0,0.0,436.12402496337893,430.0428235832234,50.86968894853404,1.34846360181308,-2.769339904840553,4.117803506653633,18.432586522724602,133302047.0,-0.009225484722024474
2020-08-06 00:00:00+05:30,434.1870802247221,436.47750450082674,425.3240931514827,431.1995544433594,33465135,0.0,0.0,435.09083862304686,430.08818557773856,50.18120070488631,1.1637207747142497,-2.363266185551507,3.5269869602657566,17.91263647229747,99836912.0,-0.006880733944953988
2020-08-07 00:00:00+05:30,429.6560077794342,435.18291826937366,425.3738692966069,431.498291015625,15569399,0.0,0.0,434.7771453857422,430.1434838302047,50.29265546534818,1.0295483059746857,-1.9979509234328567,3.0274992294075425,17.333799524641318,115406311.0,0.004287809789305972
2020-08-10 00:00:00+05:30,432.1954308581485,435.18295687790527,427.5149612709217,429.3074951171875,14888044,0.0,0.0,434.33150787353514,430.110699959106,49.4194795600708,0.7379303365058831,-1.8316551143213275,2.5695854508272107,16.64337469279561,100518267.0,-0.006682013586369537
2020-08-11 00:00:00+05:30,433.4899720767654,448.0292700680709,433.4899720767654,446.1371765136719,30469633,0.0,0.0,435.8402069091797,430.7391892357557,55.77209035582623,1.8435839437754566,-0.5808012056414036,2.4243851494168602,16.791833903927575,130987900.0,0.02917531027607441
2020-08-12 00:00:00+05:30,442.9505118483272,450.86746794757954,437.1248604292508,449.2243347167969,23184137,0.0,0.0,437.05762481689453,431.4640969016789,56.84284372510437,2.935096296799827,0.4085689179063734,2.5265273788934537,16.574029226728136,154172037.0,0.014163710619252912
2020-08-13 00:00:00+05:30,452.2118685418641,454.8508438236229,443.4982508440936,446.23681640625,21885850,0.0,0.0,437.7596939086914,432.0434192351915,55.443953611546746,3.518500852922898,0.7935787792235551,2.724922073699343,16.2010650545033,132286187.0,-0.01321294851212188
2020-08-14 00:00:00+05:30,449.6226401566231,449.6226401566231,423.8303397451552,434.0377197265625,36725538,0.0,0.0,437.8966232299805,432.1216270975982,50.02971250016412,2.9623400053185946,0.1899343452954012,2.7724056600231934,16.886160868020948,95560649.0,-0.034662223469511456
2020-08-17 00:00:00+05:30,437.27421755064313,439.1663112260879,423.58139038656446,436.3281555175781,30198343,0.0,0.0,438.10325927734374,432.28658899642096,50.99727442310967,2.6755554156774792,-0.07748019547657137,2.7530356111540506,16.793214197568897,125758992.0,-0.002163544053350083
2020-08-18 00:00:00+05:30,437.67255767295313,445.3903331495524,433.4900091293604,443.94635009765625,21768516,0.0,0.0,438.0833404541016,432.7438345298027,54.17549014803945,3.0280952003731727,0.22004767137529768,2.808047528997875,16.44371871060988,147527508.0,0.014334443214945983
2020-08-19 00:00:00+05:30,444.1455307825622,450.070802822595,440.6103038485269,442.35302734375,18127671,0.0,0.0,436.35306549072266,433.12066562054576,53.39547334734008,3.1426907071550545,0.2677145425257432,2.8749761646293113,15.94491288580079,129399837.0,-0.004035847069436716
2020-08-20 00:00:00+05:30,436.07919508612656,439.46505172541015,431.4485359772031,433.1414794921875,16688938,0.0,0.0,435.0634506225586,433.1214818508062,49.00273843376847,2.4618350424617574,-0.33051289773404324,2.7923479401958007,15.584879818163738,112710899.0,-0.006736656155675704
2020-08-21 00:00:00+05:30,438.1704502827128,443.000289733284,434.4360430359852,438.61859130859375,25087973,0.0,0.0,434.80702056884763,433.3370547707195,51.554765608808395,2.337266617672185,-0.36406505801889244,2.7013316756910775,15.175871726845157,137798872.0,0.0010227550159801907
2020-08-24 00:00:00+05:30,442.1538466593656,447.581197699184,440.46090310822433,443.94635009765625,18196776,0.0,0.0,435.5165557861328,433.7531055678542,53.96787543762267,2.6380411555808223,-0.050632416088204124,2.6886735716690264,14.732063914789098,155995648.0,0.004054026560740439
2020-08-25 00:00:00+05:30,449.0749453627637,454.5022658266017,445.24094772714807,449.92138671875,26273592,0.0,0.0,436.25098724365233,434.38715580906586,56.58001511293391,3.3202686732251436,0.5052760812448938,2.81499259198025,14.433765652816534,182269240.0,0.0018848554450138775
2020-08-26 00:00:00+05:30,450.1205880003185,462.86735355732736,447.1330619737677,461.4234008789063,25914508,0.0,0.0,437.3688201904297,435.4474007137655,61.1502791230415,4.73447918360597,1.5355892733005758,3.198889910305394,14.52666092979786,208183748.0,0.025110632972379875
2020-08-27 00:00:00+05:30,462.07068053201033,472.52702136301485,462.07068053201033,471.0830383300781,19544214,0.0,0.0,439.71900634765626,436.8448766987189,64.52718450886549,6.559094061820019,2.6881633212117,3.870930740608319,14.282156653479534,227727962.0,0.019504284036570587
2020-08-28 00:00:00+05:30,474.46890928806505,510.8669204084561,474.0705481954719,507.0827331542969,59179945,0.0,0.0,443.58038330078125,439.59930244207493,73.70167185327708,10.785658649682432,5.53178232725929,5.253876322423142,16.103718066991206,286907907.0,0.06873753628065636
2020-08-31 00:00:00+05:30,522.2693445981524,531.6302228494242,484.2779483099004,494.68450927734375,55830536,0.0,0.0,447.53387451171875,441.7595066316933,67.25065735215203,12.98512405853927,6.184998188892902,6.800125869646368,18.335768735246855,231077371.0,-0.05281725915204379
2020-09-01 00:00:00+05:30,492.9915795254518,501.306866465204,477.6556185055211,483.6804809570313,33276725,0.0,0.0,450.34961853027346,443.40346640915755,62.05870943726378,13.682559096239402,5.505946581274426,8.176612514964976,18.71544754758672,197800646.0,-0.018886932262379134
2020-09-02 00:00:00+05:30,484.9750595656638,485.9211216327954,470.1370196735169,482.3858642578125,20750575,0.0,0.0,452.8118377685547,444.93218789341853,61.45755883378052,13.969781692833237,4.634535342294608,9.335246350538629,18.506064836569813,177050071.0,-0.005338821567793903
2020-09-03 00:00:00+05:30,486.3691836533588,487.91275685108536,471.13281455882975,472.9751281738281,14045705,0.0,0.0,454.90061645507814,446.0319110416699,57.125654942036086,13.284899860754592,3.15972280817277,10.125177052581822,18.38276988615066,163004366.0,-0.02753886539217248
2020-09-04 00:00:00+05:30,467.0498886631357,470.9834766407732,450.7180862677644,453.3072814941406,29405304,0.0,0.0,455.9910659790039,446.31721968686486,49.303923641566705,11.027971626293379,0.7222356589692449,10.305735967324134,18.659504608447698,133599062.0,-0.02942428100846212
2020-09-07 00:00:00+05:30,455.09978110108375,465.207571036461,448.7761785021768,456.792724609375,25967554,0.0,0.0,457.3653274536133,446.7280238014731,50.59493204656908,9.412089165451619,-0.7149174414980131,10.127006606949632,18.500353208463114,159566616.0,0.0037199391838758653
2020-09-08 00:00:00+05:30,457.888120396672,460.47731556710494,439.4152642213732,442.50238037109375,21052285,0.0,0.0,457.1835876464844,446.5623122943995,45.48100901384847,6.898853632502437,-2.582522379557755,9.481376012060192,18.68333222071856,138514331.0,-0.03360152696743791
2020-09-09 00:00:00+05:30,438.0709062081511,441.5065733937228,423.23286592787593,429.4568786621094,31657672,0.0,0.0,456.19521484375,445.89151097548614,41.370111578858854,3.8105082366545844,-4.536694220324486,8.34720245697907,18.725202501406862,106856659.0,-0.01966354629802492
2020-09-10 00:00:00+05:30,434.6352536583225,446.8343181752204,428.9589420941854,444.9920043945313,34434841,0.0,0.0,456.1329742431641,445.85623620760555,47.460326133838514,2.5867091019054556,-4.608394684058893,7.195103785964348,18.664500450082812,141291500.0,0.02382860260191991
2020-09-11 00:00:00+05:30,444.1455535575975,447.9795515218264,437.42361973133336,445.340576171875,18620781,0.0,0.0,456.6981170654297,445.8360142454201,47.5918711235399,1.6262202452159045,-4.455106832598755,6.0813270778146595,18.08531552000292,159912281.0,0.00269061032966644
2020-09-14 00:00:00+05:30,450.1205416314363,453.108067350229,436.178754943737,438.7181396484375,17622727,0.0,0.0,456.81761627197267,445.5568819082835,45.27269590314176,0.3268825266212616,-4.603555640954719,4.93043816757598,18.00274367650166,142289554.0,-0.025331885413785945
2020-09-15 00:00:00+05:30,439.2160687376109,450.0209596988644,434.0874889034848,447.68072509765625,17328721,0.0,0.0,457.0043350219727,445.6401698764942,48.90185576093677,0.02012181396634105,-3.9282530828877116,3.9483748968540526,17.854938150680386,159618275.0,0.01927219189492397
2020-09-16 00:00:00+05:30,447.6807345637024,448.72638684116936,438.1704561378924,444.1455078125,20016188,0.0,0.0,457.09395904541014,445.58155567790624,47.56208524377146,-0.5024587194250216,-3.5606668930232597,3.058208173598238,17.33357942765733,139602087.0,-0.007896758735101117
2020-09-17 00:00:00+05:30,439.1165370012971,444.593667938246,436.6767119731092,441.0584106445313,14306232,0.0,0.0,457.4898056030273,445.4041774413033,46.36744507596949,-1.1524260485077775,-3.3685073776848125,2.216081329177035,16.660962210324303,125295855.0,0.004422228451005631
2020-09-18 00:00:00+05:30,442.7015534570682,447.4318030052931,434.236896370771,441.5065612792969,20809690,0.0,0.0,457.6342041015625,445.25132974867563,46.577223626618135,-1.6127767423262185,-3.063086457202603,1.4503097148763844,16.413386382862402,146105545.0,-0.002699317787433995
2020-09-21 00:00:00+05:30,441.1580111290581,442.1538531406361,418.8013458128572,421.5897216796875,19013877,0.0,0.0,456.51637268066406,444.3234235498918,39.23272488901786,-3.54387885805221,-3.9953508583428756,0.4514720002906655,16.909038676801497,127091668.0,-0.0443566453645245
2020-09-22 00:00:00+05:30,422.2369995117188,424.8759746805299,404.6105843097903,410.2868957519531,27558176,0.0,0.0,454.5346481323242,442.98865775389424,35.784215879824465,-5.918114448847064,-5.095669159310184,-0.8224452895368803,17.14877844186547,99533492.0,-0.028301886792452963
2020-09-23 00:00:00+05:30,416.36153600812,421.1415653339409,404.4114323028825,418.0046691894531,18612700,0.0,0.0,452.36371154785155,442.0088934964652,39.68285754667662,-7.095164800480177,-5.018175608754637,-2.0769891917255396,17.118875156730812,118146192.0,0.003946409644576423
2020-09-24 00:00:00+05:30,412.27860527127166,412.5773457275121,399.48202895705725,400.7766418457031,21177182,0.0,0.0,448.8483917236328,440.3919424513373,34.6288304654435,-9.310814239574768,-5.787060038279382,-3.5237542012953855,17.219144219938837,96969010.0,-0.027898521239054973
2020-09-25 00:00:00+05:30,405.80559368363686,414.9673517586578,398.4861492899792,413.3241882324219,20460096,0.0,0.0,444.16046447753905,439.3304618937328,40.56597610150202,-9.939671903291469,-5.132734161596867,-4.806937741694602,17.166434031765746,117429106.0,0.01852757740605828
2020-09-28 00:00:00+05:30,418.25362612051794,438.7679767178994,416.3117221286844,437.423583984375,19387091,0.0,0.0,441.29741821289065,439.2556823678756,49.965266456431515,-8.3966351194004,-2.8717579021646387,-5.524877217235762,17.757674292651025,136816197.0,0.045833333333333316
2020-09-29 00:00:00+05:30,440.5604957756885,441.4567474996952,423.033670455627,425.0751647949219,19996904,0.0,0.0,438.36715240478514,438.69958363952446,45.95492045815101,-8.077074097340699,-2.0417575040839493,-6.035316593256749,17.805203109655658,116819293.0,-0.03514915914896502
2020-09-30 00:00:00+05:30,425.22451200081406,426.3199442222786,417.0088159258569,422.88427734375,18485278,0.0,0.0,435.392073059082,438.0793755494941,45.26080880830464,-7.909430995280957,-1.4992915216193659,-6.410139473661591,17.198482898768876,98334015.0,-0.0055035271745095884
2020-10-01 00:00:00+05:30,428.411235691716,443.4484254084217,425.6228598889661,441.8551025390625,21083211,0.0,0.0,433.83607177734376,438.22744327457525,52.01882232382632,-6.174608537969618,0.1884247485535786,-6.363033286523197,17.43888776738213,119417226.0,0.03138075224763872
2020-10-05 00:00:00+05:30,442.20363237711433,454.5520976134648,437.2244223271944,442.30322265625,24252318,0.0,0.0,433.2858688354492,438.38727776013116,52.169040565511516,-4.70930377103582,1.3229836123899021,-6.0322873834257225,17.430944012168016,143669544.0,0.00022521361618019713
2020-10-06 00:00:00+05:30,447.6309642557135,450.8176707070226,440.8592510350379,447.78033447265625,19387351,0.0,0.0,432.83524932861326,438.7556329253282,54.06210213245353,-3.070685090550569,2.369281834300123,-5.439966924850692,16.897191864087368,163056895.0,0.0003336905372288801
2020-10-07 00:00:00+05:30,445.1413613129657,454.05415911521527,441.6559144123049,451.2160034179688,19873734,0.0,0.0,433.270930480957,439.2442749054318,55.258325456237905,-1.4778030165779228,3.169731126618215,-4.647534143196138,16.57583826649874,182930629.0,0.013646546092876275
2020-10-08 00:00:00+05:30,453.6558133347705,459.7304556449248,445.3903368474808,450.02099609375,20909290,0.0,0.0,434.29913635253905,439.6668914226208,54.72453942515219,-0.30830564526553417,3.471382798344483,-3.7796884436100173,16.416143913068638,162021339.0,-0.008012279649413978
2020-10-09 00:00:00+05:30,451.4151813338473,467.8465748758438,448.2782850085127,466.1038513183594,28048230,0.0,0.0,435.35472869873047,440.7036349479439,60.28489391537939,1.8944434885836472,4.539305545754932,-2.6448620571712844,16.641297333819935,190069569.0,0.03253915816723273
2020-10-12 00:00:00+05:30,471.531177520752,478.004150390625,460.3777351886965,466.0540466308594,21261504,0.0,0.0,436.39040222167966,441.6977687394308,60.260212957231296,3.5946819689374365,4.991635220886977,-1.3969532519495402,16.711662935963485,168808065.0,-0.011615628299894522
2020-10-13 00:00:00+05:30,463.9628013127853,471.0332858894751,457.8383788323175,459.4317321777344,15582492,0.0,0.0,437.4260818481445,442.39321828603096,56.923133289890735,4.3575368109147234,4.603592050291411,-0.2460552393766875,16.46046595443155,153225573.0,-0.009766018142467978
2020-10-14 00:00:00+05:30,456.09564531696645,472.6764088775354,452.1122772355956,469.34033203125,13984621,0.0,0.0,438.5090621948242,443.449967844667,60.452092191830786,5.695986184699734,4.7536331392611375,0.9423530454385968,16.753585076271186,167210194.0,0.029039274657137036
2020-10-15 00:00:00+05:30,471.4315950781003,479.94606238282415,458.0873184027656,460.676513671875,28971494,0.0,0.0,439.33561248779296,444.12551866142024,56.122738384145784,5.988586523701372,4.03698678261022,1.9515997410911519,17.11823945021699,138238700.0,-0.02281366272119195
2020-10-16 00:00:00+05:30,463.215875860179,473.5228460962468,461.0748217509196,470.4357299804688,16288157,0.0,0.0,440.80447845458986,445.15729165432407,59.629945158783485,6.928098785158056,3.9811992352535235,2.9468995499045327,16.813103104687467,154526857.0,0.015586370192694186
2020-10-19 00:00:00+05:30,475.0664173633202,493.8380452765782,474.26975591386014,490.90032958984375,28131936,0.0,0.0,443.2741668701172,446.95113627924644,65.80279194925446,9.217734870122229,5.016668256174157,4.201066613948072,17.28376130369384,182658793.0,0.03332989166947176
2020-10-20 00:00:00+05:30,483.8298527383548,496.57661847083335,483.0829712214356,491.8961791992188,21376064,0.0,0.0,446.78948974609375,448.7136869819905,66.07463974465604,10.986004878518713,5.427950611656513,5.5580542668622,17.013038772254937,204034857.0,0.016671824640853844
2020-10-21 00:00:00+05:30,494.8338605941612,505.38979137893193,484.576700629838,499.3649597167969,27029535,0.0,0.0,451.24339294433594,450.7000114029633,68.12143566428256,12.842005127200025,5.82716068827026,7.0148444389297655,17.284471148474402,231064392.0,0.009156808948350989
2020-10-22 00:00:00+05:30,493.9376331443751,510.8669471835976,493.5890823654304,508.17816162109375,30022336,0.0,0.0,455.75206756591797,452.95405650955666,70.39148553569602,14.85283618474665,6.270393396653507,8.582442788093143,17.2839992675894,261086728.0,0.028830620550340205
2020-10-23 00:00:00+05:30,511.76324879664816,513.3565717484971,502.4023093057552,505.0910949707031,18810262,0.0,0.0,460.967790222168,454.9986462531311,68.55011247365331,16.01274880547436,5.944244813904973,10.068503991569386,16.8318750763086,242276466.0,-0.013037579079064051
2020-10-26 00:00:00+05:30,506.1366843862645,507.7300376262669,488.8588200216509,491.2986450195313,17446937,0.0,0.0,464.86651306152345,456.4221756165194,60.88666891054714,15.638778369136503,4.456219502053694,11.18255886708281,16.977542439358366,224829529.0,-0.02931626934871483
2020-10-27 00:00:00+05:30,491.9459566792143,510.1200734998532,480.64314370166585,505.9873352050781,24239860,0.0,0.0,468.2947006225586,458.3659073650903,65.33169884196396,16.33930925724428,4.125400312129177,12.213908945115104,17.870356047504256,249069389.0,0.028542522476752163
2020-10-28 00:00:00+05:30,508.67611373795273,515.3482677178209,491.4480582004728,502.60150146484375,30343575,0.0,0.0,472.1710174560547,460.1006365454728,63.53920005919777,16.431860289934036,3.3743610758551448,13.057499214078891,18.30105996773526,218725814.0,-0.011942004173284913
2020-10-29 00:00:00+05:30,503.8960438503945,514.2029840711496,487.3152808966954,491.7965698242188,50934336,0.0,0.0,475.61663208007815,461.34361432110995,58.064196370742515,15.455182246892605,1.9181464262509706,13.537035820641634,18.91439175885335,167791478.0,-0.024011845645225988
2020-10-30 00:00:00+05:30,492.9417839243932,499.46453678772457,479.59750736700136,490.4521789550781,23140833,0.0,0.0,478.0464859008789,462.48512665969696,57.40144035674243,14.40660636324617,0.6956564340836273,13.710949929162542,18.982437319882393,144650645.0,-0.005050505050504921
2020-11-02 00:00:00+05:30,494.7840667300176,529.4891639095291,493.04134336050817,520.476806640625,37597227,0.0,0.0,481.95516510009764,464.7593101883608,66.57691519370523,15.816021695837492,1.6840574133399588,14.131964282497533,20.414905276901038,182247872.0,0.051927177203599795
2020-11-03 00:00:00+05:30,522.8170377148457,534.7671414340422,521.8211957382459,531.9290161132812,25991938,0.0,0.0,486.16259918212893,467.3934163030636,69.29371274916352,17.653591481916237,2.8173017595349634,14.836289722381274,19.977435880415477,208239810.0,0.017428617931547593
2020-11-04 00:00:00+05:30,522.9165899408661,531.6302071084863,508.8752425890202,522.9664306640625,28905623,0.0,0.0,489.75012054443357,469.57275019957336,64.85092437037265,18.17713829862811,2.6726788609974665,15.504459437630642,20.197174319105343,179334187.0,9.531295077495154e-05
2020-11-05 00:00:00+05:30,532.6758880030347,540.2442625763491,525.3564131380173,537.0575561523438,23728389,0.0,0.0,494.1019485473633,472.2192131781134,68.29295421890227,19.50425606236928,3.199837299790911,16.30441876257837,19.988649830142272,203062576.0,0.008225767766090521
2020-11-06 00:00:00+05:30,536.5099103405665,543.7297652825046,528.9913149366166,539.4974365234375,22256961,0.0,0.0,497.77162780761716,474.85757487793006,68.86155207720043,20.516384299320748,3.3695724293939016,17.146811869926847,19.61363552894184,225319537.0,0.005568445475638165
2020-11-09 00:00:00+05:30,547.7130907963995,565.6382464951907,545.9703673256836,562.7005004882812,26041462,0.0,0.0,502.6039505004883,478.3023954901007,73.69304651829435,22.926513983024392,4.623761690478034,18.30275229254636,20.079862335262234,251360999.0,0.02736361416903406
2020-11-10 00:00:00+05:30,569.6216573158209,585.5551302477321,565.8872495974043,581.1734008789062,34935409,0.0,0.0,508.6910339355469,482.33655256417154,76.78182672170409,26.02714309420361,6.1795126413258,19.84763045287781,20.278060032263255,286296408.0,0.020279677597792912
2020-11-11 00:00:00+05:30,577.4389642297091,608.6088677161897,574.0033579259966,606.1192626953125,50289937,0.0,0.0,515.52998046875,487.19077649088297,80.16814579376951,30.149788575847083,8.24172649837542,21.908062077471662,21.30144941501394,336586345.0,0.04966810389018743
2020-11-12 00:00:00+05:30,599.4470652533981,607.9117217054715,586.3517194885255,597.2064208984375,34244439,0.0,0.0,522.3564758300781,491.5051154872577,75.90832243044167,32.32519821355663,8.333708908867976,23.991489304688656,21.319917474210577,302341906.0,-0.003737851905261179
2020-11-13 00:00:00+05:30,592.5259835675573,609.8038177674408,581.8704621269588,607.8121337890625,28813262,0.0,0.0,529.2252960205078,496.0661750285049,77.4441991424874,34.507240431372566,8.412600901347126,26.09463953002544,21.792305960161354,331155168.0,0.025798278295693203
2020-11-14 00:00:00+05:30,611.3972474325335,615.4303956360088,603.0321497812413,610.6005859375,3211214,0.0,0.0,535.2103088378906,500.55772055434784,77.84413110406496,36.04601338957809,7.961099087642118,28.084914301935974,21.12130160690119,334366382.0,-0.0013030177979684384
2020-11-17 00:00:00+05:30,610.600534288079,628.2767294312995,606.4677657589467,626.1854248046875,25960060,0.0,0.0,541.924771118164,505.4842971916161,79.9806273282164,38.08405896857937,7.999315733314713,30.084743235264657,21.17042032994161,360326442.0,0.02552387304210194
2020-11-18 00:00:00+05:30,622.4012336909848,637.3388632995684,619.4634877116893,633.6542358398438,24928180,0.0,0.0,548.6392349243164,510.5105692954682,80.92971090521718,39.8426145450336,7.80629704781515,32.03631749721845,20.93505997307112,385254622.0,0.018079980468750093
2020-11-19 00:00:00+05:30,616.4262744220474,630.3680641504944,606.5176331373397,608.9574584960938,26525371,0.0,0.0,553.6781997680664,514.3712316170613,69.24044259349401,38.79624007130076,5.407938059265845,33.38830201203491,21.378027342610597,358729251.0,-0.012116316639741418
2020-11-20 00:00:00+05:30,612.4428658298904,613.9366289172804,589.5384984899108,605.3225708007812,29556191,0.0,0.0,558.6897735595703,517.9379508007366,67.69075522797777,37.244346065515856,3.084835242784756,34.1595108227311,21.59374900586724,329173060.0,-0.011626055957825166
2020-11-23 00:00:00+05:30,608.4096227650774,610.0527254361293,590.2355080361951,593.1234130859375,23728765,0.0,0.0,563.7810119628906,520.8864003021171,62.62487776753975,34.63088551888188,0.3770997569206216,34.25378576196126,21.46685388332207,305444295.0,-0.02512486506979906
2020-11-24 00:00:00+05:30,600.492753005069,620.0112327702957,598.0529278390719,617.0735473632812,30742369,0.0,0.0,569.3353225708008,524.6584452849079,67.73082145508354,34.09920052562188,-0.1236681890715019,34.222868714693384,21.854065748455366,336186664.0,0.027611980786173346
2020-11-25 00:00:00+05:30,622.4012870649827,627.3804973615025,593.5218673451675,597.3558349609375,35115637,0.0,0.0,574.0730392456055,527.5093233114188,60.41337195304093,31.721120404497583,-2.001398648156645,33.72251905265423,22.7115346703866,301071027.0,-0.040240039062500094
2020-11-26 00:00:00+05:30,599.745830518057,615.6295222040332,591.5799141521555,610.0029907226562,35476456,0.0,0.0,579.9833602905273,530.7443690922516,63.16243870613978,30.505347887121502,-2.5737369324261863,33.07908481954769,22.807111345218395,336547483.0,0.01710251190198216
2020-11-27 00:00:00+05:30,609.4552916447777,611.0984552240154,596.2603854122724,599.0985107421875,29921076,0.0,0.0,585.4156768798828,533.4249236667589,59.33635543274024,28.335307222506003,-3.795022077633348,32.13032930013935,22.237894066695443,306626407.0,-0.016993503944546438
2020-12-01 00:00:00+05:30,608.4594286345213,612.4427964160893,593.7209799989932,601.1400146484375,21285697,0.0,0.0,589.4488372802734,536.0804174307463,59.82699189450101,26.475078441069286,-4.524200687256055,30.99927912832534,21.98674565244637,327912104.0,-0.012029419944251133
2020-12-02 00:00:00+05:30,604.4760093986717,610.9489814927267,598.7499187000847,605.5714111328125,19070722,0.0,0.0,593.13095703125,538.8055544386704,60.92899588881467,25.069425657317538,-4.743882776806242,29.81330843412378,21.287625420500458,346982826.0,0.0018121508829282542
2020-12-03 00:00:00+05:30,607.6130045871648,608.4594459522917,597.8537046194622,600.1939697265625,17746316,0.0,0.0,596.992333984375,541.2129432734896,58.82038502032742,23.25346959596152,-5.247871070529808,28.501340666491327,20.524633671907374,329236510.0,-0.012210131785515511
2020-12-04 00:00:00+05:30,604.0777696971247,613.8868504636675,600.6919431596316,611.9449462890625,20019707,0.0,0.0,600.736703491211,543.986747313316,61.92161449240787,22.503115033264066,-4.798580506581811,27.301695539845877,20.036651302765996,349256217.0,0.013023449937385146
2020-12-07 00:00:00+05:30,614.3847464086623,621.8037816140986,609.9034573185646,616.6751708984375,24658169,0.0,0.0,604.595590209961,546.8372737284188,63.12545989860097,22.03612450388414,-4.212456828769394,26.248581332653533,19.45548506954458,373914386.0,0.0037279969972622224
2020-12-08 00:00:00+05:30,616.5257322765248,621.2559815800267,609.0569175867847,618.0693359375,16005349,0.0,0.0,607.3640319824219,549.6306879326964,63.491812745665555,21.530340251743723,-3.7745928647278504,25.304933116471574,18.937169263126297,389919735.0,0.002503713276127942
2020-12-09 00:00:00+05:30,616.5756384054156,634.0526544770815,616.4262377832247,631.5630493164062,22000284,0.0,0.0,609.8835144042969,552.8437217124498,66.91768258937977,21.96513211574313,-2.671840800582757,24.636972916325888,18.843544077048513,411920019.0,0.02430749769768883
2020-12-10 00:00:00+05:30,621.9033639370554,629.8203204380856,617.7705950923373,624.4427490234375,16126862,0.0,0.0,610.7996887207031,555.6515267050376,63.52993893837348,21.487464953161293,-2.519606370531676,24.00707132369297,18.482751935537546,395793157.0,0.004083247066403002
2020-12-11 00:00:00+05:30,623.7456407581623,629.0236522233272,605.8204839428469,610.7001342773438,17950692,0.0,0.0,611.4743743896485,557.8102956294417,57.481371660418716,19.77207594343679,-3.387996304204947,23.160072247641736,18.819924539549675,377842465.0,-0.020914785817118843
2020-12-14 00:00:00+05:30,613.4386101703851,621.2061648312044,609.8536036442734,613.3390502929688,14567480,0.0,0.0,611.7507202148438,559.9878938515408,58.3023404318221,18.413299211213143,-3.7974184291428763,22.21071764035602,18.286541431263682,392409945.0,-0.0001622980291193523
2020-12-15 00:00:00+05:30,613.1896797247657,613.1896797247657,599.7955933625673,604.5756225585938,22311290,0.0,0.0,611.4494720458985,561.7364322322095,54.536452430103964,16.439815522413028,-4.616721694354396,21.056537216767424,17.947749674318846,370098655.0,-0.014047948703308962
2020-12-16 00:00:00+05:30,610.9988693122586,612.3432925303009,602.285251493255,603.579833984375,14860853,0.0,0.0,610.3191925048828,563.3773499479807,54.108764649688034,14.626854392533232,-5.143746259387356,19.77060065192059,17.384199046738924,355237802.0,-0.012142469815426217
2020-12-17 00:00:00+05:30,604.7250960139226,608.4595037702869,600.6919477933244,602.8828125,14598759,0.0,0.0,608.7806213378906,564.9265837735502,53.79077610305343,12.984152598090077,-5.429158443064409,18.413311041154486,16.697295958292965,340639043.0,-0.003046480997838624
2020-12-18 00:00:00+05:30,601.8869283610774,608.4594612403225,594.0197522583509,606.9656982421875,17301814,0.0,0.0,608.6810333251954,566.5751764978105,55.44262090737823,11.874868258822175,-5.2307542258658515,17.105622484688027,16.536039743075435,357940857.0,0.008438079715303826
2020-12-21 00:00:00+05:30,602.7333464921288,604.7250304127967,571.0158043680401,580.0779418945312,18580262,0.0,0.0,607.4188018798828,567.1046967094466,44.22953887033044,8.725552463755662,-6.704056016745893,15.429608480501555,17.922743630526796,339360595.0,-0.03758777364725319
2020-12-22 00:00:00+05:30,582.5675412606971,591.4803388772841,566.0365891887532,587.2977905273438,19896386,0.0,0.0,607.1275207519532,567.896582741521,47.3110182426701,6.734645649568961,-6.955970264746076,13.690615914315037,18.4599583564907,359256981.0,0.008119658119658037
2020-12-23 00:00:00+05:30,586.5509054003003,592.0280360958888,581.8704361041599,589.986572265625,12247401,0.0,0.0,605.7731719970703,568.7628568405055,48.453286610042035,5.312559986242036,-6.702444742458402,12.015004728700438,17.866932751283997,371504382.0,0.005857406123991912
2020-12-24 00:00:00+05:30,592.5259706985245,611.4469680821749,591.679529338646,607.6627807617188,15488083,0.0,0.0,606.2885192871094,570.288344053102,55.31220341372237,5.547916227070459,-5.173670801303983,10.721587028374442,18.1236086876215,386992465.0,0.025546239003413813
2020-12-28 00:00:00+05:30,611.4470004579242,618.2187140396201,611.4470004579242,615.0818481445312,8444506,0.0,0.0,606.5424621582031,572.0449520566875,57.84746698211657,6.260922460797701,-3.568531654061392,9.829454114859093,17.583060437999652,395436971.0,0.005944665169482923
2020-12-29 00:00:00+05:30,618.1191517232969,629.7705154712168,616.0278470200752,627.5796508789062,13765454,0.0,0.0,607.966519165039,574.2227833830491,61.78099775874988,7.7451717513797576,-1.667425890783468,9.412597642163226,17.37631807074989,409202425.0,0.01530530016621191
2020-12-30 00:00:00+05:30,629.6210878816455,631.3638113356477,615.6295203072164,622.5007934570312,10262221,0.0,0.0,609.0345581054687,576.1160386800681,59.35691611237492,8.414630042240333,-0.7983740799383146,9.213004122178647,17.259030423734288,398940204.0,-0.011308856329082663
2020-12-31 00:00:00+05:30,619.8121434970085,623.347370773742,613.4387297841031,617.8702392578125,12306502,0.0,0.0,609.6494995117188,577.7534583105679,57.15501259881316,8.473852242353132,-0.5913215038604118,9.065173746213544,16.734002602292435,386633702.0,-0.0031330529089663834
2021-01-01 00:00:00+05:30,617.6710107903466,622.8494014328926,614.9822251892772,621.2062377929688,6047062,0.0,0.0,610.7001129150391,579.4574888785052,58.35363293220313,8.689802826529672,-0.30029673574709825,8.99009956227677,16.100657857099016,392680764.0,0.005723478908454225
2021-01-04 00:00:00+05:30,625.1895637583376,630.3679540521647,618.716591086396,622.1024780273438,14068156,0.0,0.0,611.2079895019531,581.1298413941458,58.68801345245161,8.831460735090786,-0.1269110617487872,8.958371796839574,15.782851076682954,406748920.0,-0.0049378395129243595
2021-01-05 00:00:00+05:30,615.4303241610204,665.1228617027507,615.4303241610204,661.6871948242188,37973963,0.0,0.0,613.4585906982422,584.2889532933643,70.10497534463595,11.999558034881261,2.4329489904333492,9.566609044447912,18.20497155590901,444722883.0,0.07516183205021235
2021-01-06 00:00:00+05:30,659.2473772374738,664.3759876418237,646.4508323695056,651.5296020507812,20829645,0.0,0.0,615.1316040039062,586.9258414799297,65.13093052704211,13.53464614783445,3.1744296827092313,10.36021646512522,18.18498467837605,423893238.0,-0.011706948640483423
2021-01-07 00:00:00+05:30,656.2599059125433,673.6871416537717,656.2599059125433,668.3095703125,17887570,0.0,0.0,616.9689300537109,590.1173602576774,69.03898863718284,15.921682494839843,4.449172823771697,11.472509671068146,18.468738603324155,441780808.0,0.018361116215383225
2021-01-08 00:00:00+05:30,675.1809047701872,676.0273461937062,665.7204053670652,669.9029541015625,12272794,0.0,0.0,619.2419403076171,593.2462070750847,69.3898216537065,17.737531530568845,5.012017487600559,12.725514042968285,17.885753044486485,454053602.0,-0.00781709114007185
2021-01-11 00:00:00+05:30,673.1891765850129,673.836498182739,657.4051055589924,664.1768188476562,7928365,0.0,0.0,621.9157745361329,596.027799693617,66.47462982838886,18.501282446790583,4.620614723057837,13.880667723732746,17.78187015673477,446125237.0,-0.013387555906758586
2021-01-12 00:00:00+05:30,658.5502929878865,682.1517602052776,656.5088290734733,672.8904418945312,13301893,0.0,0.0,624.893344116211,599.042020956398,68.6341174909156,19.583925801452438,4.5626064621757525,15.021319339276685,18.343374514887522,459427130.0,0.021775328413540886
2021-01-13 00:00:00+05:30,673.1892009124215,688.3260116690936,666.2680867645176,684.9401245117188,15645903,0.0,0.0,628.9115692138672,602.4105740369988,71.37957511709168,21.170200253325675,4.919104731239191,16.251095522086484,18.608699543946877,475073033.0,0.017455603244036593
2021-01-14 00:00:00+05:30,675.6788140471871,684.9401327245731,671.844846563006,673.189208984375,9337503,0.0,0.0,632.3920379638672,605.1862067800331,65.3703455657555,21.23435705812949,3.9866092288344035,17.247747829295086,18.214884300660707,465735530.0,-0.003684598378776768
2021-01-15 00:00:00+05:30,674.7824495120213,680.1102401646685,666.8157142838683,672.0438842773438,12339771,0.0,0.0,635.8500915527344,607.80807648581,64.7977521044228,20.9512704521228,2.9628180982621686,17.98845235386063,17.86343012641502,453395759.0,-0.004058441704667967
2021-01-18 00:00:00+05:30,671.6456433861337,672.1933443252354,648.4425371382924,654.2681884765625,13460603,0.0,0.0,638.2152160644531,609.630041661918,56.52269286670737,19.07271381143289,0.8674091660578078,18.205304645375083,18.28395706086372,439935156.0,-0.025872951132329073
2021-01-19 00:00:00+05:30,660.7909090570367,669.1560056899697,657.0067218302789,665.9692993164062,9010539,0.0,0.0,642.5097839355469,611.8394243150352,60.13197674321212,18.31697925895469,0.08933969086368165,18.227639568091007,18.04137564235594,448945695.0,0.00783665481530184
2021-01-20 00:00:00+05:30,661.2391028197835,678.1186372543644,661.2391028197835,672.9402465820312,9980614,0.0,0.0,646.7919067382812,614.2355349921723,62.148004783212556,18.072225995336908,-0.1243308582032796,18.196556853540187,17.958386984393325,458926309.0,0.017695783132530216
2021-01-21 00:00:00+05:30,677.9193835823777,692.11013087,666.9651225182482,673.0397338867188,15849438,0.0,0.0,650.9445648193359,616.5415820076448,62.17740048213983,17.68245275617744,-0.4112832778901989,18.09373603406764,18.47171708358043,474775747.0,-0.0071979793082078
2021-01-22 00:00:00+05:30,667.2140988275189,671.0979067004055,636.1438181885309,641.8201293945312,21392223,0.0,0.0,652.6524322509765,617.5328975914442,49.25154518957755,14.685112649126609,-2.7268987079528273,17.412011357079436,19.787731273953327,453383524.0,-0.03805970149253731
2021-01-25 00:00:00+05:30,651.2806853216944,665.2224736924952,636.6915753211284,655.6624145507812,21325345,0.0,0.0,654.6814605712891,619.0281727663203,53.83415226685488,13.273645425022778,-3.3106927456453263,16.584338170668104,20.41224321107591,474708869.0,0.006727866076548193
2021-01-27 00:00:00+05:30,657.2059785144218,661.0399461262277,624.7913316738674,629.4717407226562,24462588,0.0,0.0,654.7760650634766,619.4377244508825,45.46810659198478,9.927243899335622,-5.3256754170659875,15.25291931640161,21.543412588132743,450246281.0,-0.0422002213894299
2021-01-28 00:00:00+05:30,619.4137363588885,671.8946229622909,613.438684239671,667.9112548828125,64303975,0.0,0.0,657.0465881347657,621.338647212919,56.22137271396735,10.258688347549537,-3.995384775081659,14.254073122631196,24.180021603538133,514550256.0,0.07829583956114353
2021-01-29 00:00:00+05:30,668.2099725309582,673.0397818499673,650.2848167849712,660.1436767578125,31273252,0.0,0.0,659.1602600097656,622.8604130774246,53.908051835806454,9.781823055152586,-3.577800053982889,13.359623109135475,24.078231850577236,483277004.0,-0.012071498637760922
2021-02-01 00:00:00+05:30,662.2349434133054,714.0187284621653,651.6292015859414,706.4005126953125,30648270,0.0,0.0,663.4199737548828,626.136495415381,63.5314403477291,12.986740885979316,-0.298305778524929,13.285046664504245,26.814752929027502,513925274.0,0.06669169261043223
2021-02-02 00:00:00+05:30,716.2593364687275,741.8524872377875,701.2719269859965,711.2303466796875,28703320,0.0,0.0,667.8763671875,629.4735091904519,64.36797591616028,15.735005249215646,1.9599668677691202,13.775038381446526,27.798024882385032,542628594.0,-0.007021185669751569
2021-02-03 00:00:00+05:30,717.0061731347326,733.7363050182697,712.5746644917239,730.748779296875,23541361,0.0,0.0,671.3294464111328,633.4450884103115,67.60225846068471,19.265913489028776,4.392700086065799,14.873213402962977,27.42002012863813,566169955.0,0.01916664971245649
2021-02-04 00:00:00+05:30,726.964596820921,742.4001464794474,717.6036585219131,740.8068237304688,20490289,0.0,0.0,675.7933074951172,637.6553525405138,69.15594099087194,22.61509114182968,6.193502191093362,16.421588950736318,27.232624973274735,586660244.0,0.019041129334332142
2021-02-05 00:00:00+05:30,745.885690546319,763.1137457417814,714.018745155822,716.60791015625,31121503,0.0,0.0,678.2082244873047,640.7515312705426,61.512672055912496,23.050971226943034,5.30350582096537,17.747465405977664,28.794223233525454,555538741.0,-0.039252369044142234
2021-02-08 00:00:00+05:30,722.9812907332857,744.690634138975,722.9812907332857,733.089111328125,15662890,0.0,0.0,681.3675323486328,644.3726128414282,64.39865479564916,24.444523281959846,5.3576463007857456,19.0868769811741,28.743401858401743,571201631.0,0.013980749881628864
2021-02-09 00:00:00+05:30,732.6907859108665,746.8815350773359,723.1805065204901,739.4127197265625,22307807,0.0,0.0,685.1293273925781,648.0996758565316,65.46857469237464,25.762214897794706,5.340270333296484,20.421944564498222,28.38323233642416,593509438.0,0.009174311926605538
2021-02-10 00:00:00+05:30,738.466623445978,743.2964936180862,723.0808523792393,731.7446899414062,15140744,0.0,0.0,688.0720397949219,651.379872487311,62.996263397958145,25.889313190612484,4.373894900891408,21.515418289721076,27.79983297165289,578368694.0,-0.009102555608003748
2021-02-11 00:00:00+05:30,727.960506104423,741.0558527908066,727.960506104423,737.0226440429688,11897710,0.0,0.0,690.6761657714844,654.7384125483172,64.0038735555326,26.114890092624478,3.6795774423227208,22.435312650301757,26.74951252160407,590266404.0,0.012448667012226432
2021-02-12 00:00:00+05:30,732.4417763751333,751.5619545496297,731.4957143377491,747.2798461914062,15668442,0.0,0.0,694.3806976318359,658.367488377458,65.94467021118837,26.812256895584596,3.5015553962262693,23.310701499358327,26.272135927587723,605934846.0,0.020258360862083605
2021-02-15 00:00:00+05:30,756.7403010893004,795.6776959397631,750.7652495553347,790.698486328125,20648115,0.0,0.0,700.313427734375,663.5569392774842,72.66356858468862,30.51666933735055,5.764774270393779,24.75189506695677,27.852544059071136,626582961.0,0.044874291999438966
2021-02-16 00:00:00+05:30,795.6777596486618,795.6777596486618,763.8108155826327,771.8273315429688,23968943,0.0,0.0,706.1913848876953,667.8028370133856,66.52062863948404,31.56582720103097,5.451145707259357,26.114681493771613,28.13928691695165,602614018.0,-0.029974983988775034
2021-02-17 00:00:00+05:30,770.781705791948,781.7359677605673,761.1220262633456,774.51611328125,16956357,0.0,0.0,711.6187255859375,671.9876713768313,66.94935602854015,32.24258216507633,4.902320537043771,27.340261628032557,27.60176224369488,619570375.0,0.004844961240310038
2021-02-18 00:00:00+05:30,771.7775420946198,778.7484360232163,760.8232802068251,773.7692260742188,19685663,0.0,0.0,716.6601745605469,675.9791048943758,66.69386598447036,32.345785711102735,4.004419266456139,28.341366444646596,26.910576069815846,599884712.0,0.0025806451612902653
2021-02-19 00:00:00+05:30,769.6863477727325,773.9684564482322,738.2674823470516,746.5330200195312,15634787,0.0,0.0,720.3348388671875,678.7459250953623,58.00141170466353,29.88534144552318,1.2351800007012663,28.650161444821915,27.5384616439067,584249925.0,-0.03008151024141299
2021-02-22 00:00:00+05:30,746.532998443807,746.7321182237321,712.0270479608472,716.4585571289062,18123202,0.0,0.0,724.0667602539063,680.2248518417758,50.21828110269654,25.217966802349565,-2.745755713977882,27.963722516327447,28.050362259867423,566126723.0,-0.04028548152270922
2021-02-23 00:00:00+05:30,729.3049180644488,731.8941439238396,709.6370371168885,712.97314453125,16804763,0.0,0.0,726.9322967529297,681.5090986139121,49.391090917596685,20.995768948171303,-5.574362854524914,26.570131802696217,27.636558298705065,549321960.0,-0.022393614973203198
2021-02-24 00:00:00+05:30,718.9979610968085,751.7611888997809,714.0685307861993,746.2840576171875,11207286,0.0,0.0,732.7729125976563,684.0492930846287,56.727341121554566,20.10579197015022,-5.1714718660368,25.27726383618702,28.433093018406904,560529246.0,0.037950172318646024
2021-02-25 00:00:00+05:30,761.8191469730317,780.2422243834907,758.9810215223482,767.4456787109375,26635119,0.0,0.0,737.7496337890625,687.3197395797781,60.6316277821967,20.867497251599048,-3.527813267670382,24.39531051926943,28.827741143453803,587164365.0,0.007385652828839929
2021-02-26 00:00:00+05:30,742.898054192786,755.5452584244592,715.6618026579159,721.7861938476562,31306177,0.0,0.0,740.8317596435547,688.671365237342,50.12328164255709,17.58411658840862,-5.44895514468865,23.03307173309727,30.467465066326483,555858188.0,-0.028418246926315352
2021-03-01 00:00:00+05:30,734.9314101555029,740.4085412609978,719.2468983534037,725.5206909179688,14301187,0.0,0.0,741.7877685546875,690.1164368326607,50.873243255903496,15.109187156037706,-6.3391076616476525,21.44829481768536,29.802763483273544,570159375.0,-0.012804894589473299
2021-03-02 00:00:00+05:30,727.4128112014135,737.4210112847222,718.9979340277778,728.20947265625,14503453,0.0,0.0,742.6367248535156,691.6102813747623,51.43939566074533,13.21244512226474,-6.5886797563364965,19.801124878601236,28.989928752496326,584662828.0,0.001095198548291536
2021-03-03 00:00:00+05:30,737.4209768587752,757.6365566406959,732.043405922274,750.8150634765625,13603791,0.0,0.0,743.6400390625,693.9320375356172,56.02757777745863,13.379119490333437,-5.13760431061424,18.516723800947677,29.021154126218605,598266619.0,0.01816341959085926
2021-03-04 00:00:00+05:30,728.0601380452746,748.3255613339371,728.0601380452746,733.7364501953125,16896947,0.0,0.0,743.2865203857422,695.492994894821,52.02799165631637,11.994839722192523,-5.217507263004123,17.212346985196646,28.573566362140607,581369672.0,0.007796488028142715
2021-03-05 00:00:00+05:30,728.9562892228661,741.0059522048501,717.5041070834358,727.7114868164062,16358252,0.0,0.0,743.84169921875,696.7564651662557,50.654217609597936,10.292972856845381,-5.535499302681012,15.828472159526394,28.211300559115568,565011420.0,-0.001707650273224062
2021-03-08 00:00:00+05:30,731.9438740959583,749.3711091934812,728.9563480792401,740.2093505859375,13898556,0.0,0.0,744.1977111816407,698.4604998885961,53.402772299972625,9.83928313077422,-4.79135122300174,14.63063435377596,27.743323545973492,578909976.0,0.011292500398596894
2021-03-09 00:00:00+05:30,755.5453709503851,755.5453709503851,736.9231125710313,742.3504638671875,18951683,0.0,0.0,744.3445983886719,700.1816749465801,53.876755270024155,9.542500693971647,-4.070506927843452,13.613007621815099,27.091818891035025,597861659.0,-0.01746408301939559
2021-03-10 00:00:00+05:30,747.3794116202914,762.516221986597,746.0350492497122,757.5867919921875,13377990,0.0,0.0,745.6367034912109,702.4328560071922,57.2121588358629,10.416665977742127,-2.5570733152583767,12.973739293000504,26.597100264363483,611239649.0,0.01365756162558298
2021-03-12 00:00:00+05:30,769.3875285809283,773.3708967035972,741.9023128470633,747.47900390625,16343307,0.0,0.0,746.159521484375,704.1993716110768,54.40155062837199,10.176525586630078,-2.2377709650963418,12.41429655172642,26.945063378172794,594896342.0,-0.028475279180943846
2021-03-15 00:00:00+05:30,750.8648684636671,750.8648684636671,713.6701940532478,741.3048095703125,22466579,0.0,0.0,745.8607696533203,705.6544868251644,52.69853221425672,9.379881280907512,-2.427532216655127,11.807413497562639,27.677178452066563,572429763.0,-0.01273206311132294
2021-03-16 00:00:00+05:30,747.8773405565645,748.8731825546424,732.8899306417652,734.6824340820312,11358574,0.0,0.0,743.0599670410156,706.7928376979827,50.85946320023372,8.12055585962787,-2.9494861103478165,11.070041969975687,26.841897984810117,561071189.0,-0.01764314247669771
2021-03-17 00:00:00+05:30,735.927234927235,738.9147609147609,721.6867065429688,724.8734130859375,12380976,0.0,0.0,740.712271118164,707.5018798700594,48.17757312483727,6.258876936035108,-3.8489320271524647,10.107808963187573,26.15519486946363,548690213.0,-0.01502026466297366
2021-03-18 00:00:00+05:30,732.93975,740.010204254026,704.309291015625,715.761474609375,12261544,0.0,0.0,737.7745391845704,707.825785546111,45.76345876328485,4.0020920668728195,-4.884573517051802,8.886665583924621,26.837031895937002,536428669.0,-0.023437500000000003
2021-03-19 00:00:00+05:30,706.0519507718374,726.3173103777759,700.5748199830572,723.230224609375,20377672,0.0,0.0,735.2475891113281,708.4298811956508,48.06082277375464,2.784145607365531,-4.882015981247273,7.666161588612804,26.758850360122846,556806341.0,0.02433004231311704
2021-03-22 00:00:00+05:30,716.0104525899077,726.9647154250802,706.3507722971622,713.2221069335938,14802230,0.0,0.0,733.5820434570312,708.6178116167465,45.292280378446954,0.9998175341009983,-5.333075243609445,6.332892777710443,26.31992841489836,542004111.0,-0.0038942806578145736
2021-03-23 00:00:00+05:30,715.0145846914919,736.4251885506383,711.130776423097,727.5123901367188,15949688,0.0,0.0,734.1347351074219,709.3587754802749,49.74393604558849,0.7304113785550044,-4.481985119324351,5.2123964978793556,26.246677251505325,557953799.0,0.01747909163366127
2021-03-24 00:00:00+05:30,720.2427433703328,721.9854669111529,700.3756828487099,703.4628295898438,14379147,0.0,0.0,733.6592193603516,709.1275619159442,43.350708724120565,-1.4074690590572345,-5.295892445549272,3.888423386492038,26.31025082554966,543574652.0,-0.023297581176546803
2021-03-25 00:00:00+05:30,706.549923657723,707.9441268189278,677.1725836324899,691.7118530273438,21179280,0.0,0.0,730.9306091308594,708.4445929399207,40.604665103165594,-4.003806916200006,-6.313784242153635,2.3099773259536294,26.628914565652046,522395372.0,-0.021000739131870994
2021-03-26 00:00:00+05:30,704.0602721720342,704.0602721720342,690.267885212188,695.296875,13143312,0.0,0.0,727.3231689453125,707.9289961579631,41.815598744002166,-5.7063626649609205,-6.4130719927316395,0.7067093277707193,25.712019736561857,535538684.0,-0.012446941715655932
2021-03-30 00:00:00+05:30,702.0686402611376,710.3341170611286,688.1268516602072,692.458740234375,25965218,0.0,0.0,725.8567962646484,707.3223194550773,41.10118754411961,-7.2016480031002175,-6.326685864696749,-0.8749621384034683,25.46168014113259,509573466.0,-0.013687977892287222
2021-03-31 00:00:00+05:30,693.1060657016383,700.6246610109486,689.2222574002428,694.550048828125,14924620,0.0,0.0,724.3082641601562,706.8214460971576,41.889027262862065,-8.1242697562368,-5.799446094266665,-2.3248236619701346,24.45744610314669,524498086.0,0.002083350872171302
2021-04-01 00:00:00+05:30,703.3631858616326,714.0187073181922,692.6578844618131,710.0353393554688,13090326,0.0,0.0,723.3995574951172,706.9474811268952,47.48995119520875,-7.519243455159767,-4.155535834551706,-3.363707620608061,24.236258728357484,537588412.0,0.009486071531683385
2021-04-05 00:00:00+05:30,704.2594387455661,705.5042411822694,674.6331407520261,682.4006958007812,16239521,0.0,0.0,719.9788391113282,705.9848620944986,40.0679957777177,-9.164003605913194,-4.640236788244106,-4.523766817669088,25.033825862359432,521348891.0,-0.03103791265292776
2021-04-06 00:00:00+05:30,687.230522291965,690.6164093178235,672.6912537767696,675.081298828125,12062011,0.0,0.0,717.0460815429688,704.77295765268,38.35806161679661,-10.93208378331451,-5.126653572516338,-5.805430210798173,24.526063696512114,509286880.0,-0.017678527175017583
2021-04-07 00:00:00+05:30,677.67046926258,689.0230921784986,665.6208055838321,685.3882446289062,14433515,0.0,0.0,714.9299194335938,704.0127728282183,42.10488371964229,-11.370543131548857,-4.452090336600547,-6.91845279494831,24.445793903517306,523720395.0,0.01138868479059517
2021-04-08 00:00:00+05:30,688.6247290535056,692.6080969728316,676.5252246860041,678.765869140625,9026398,0.0,0.0,711.8577453613282,703.0226981738028,40.40548381139559,-12.112767239554955,-4.155451555685316,-7.9573156838696395,23.848442359427686,514693997.0,-0.014316738125903913
2021-04-09 00:00:00+05:30,676.4754526521907,683.9442675882476,664.2266083133316,665.421630859375,12509114,0.0,0.0,708.0113037109375,701.5481465144135,37.1515774783506,-13.62074226125992,-4.530741261912224,-9.090000999347696,23.553386424801207,502184883.0,-0.016340314714270977
2021-04-12 00:00:00+05:30,648.2931444918074,652.2765125071181,624.0444160111529,632.9571533203125,14649541,0.0,0.0,701.7798217773437,698.8583036440566,30.678655508959388,-17.236740930825704,-6.517391945182407,-10.719348985643297,24.826517026548284,487535342.0,-0.02365595148089481
2021-04-13 00:00:00+05:30,632.9571748441494,662.0855544466249,627.3804837456269,658.2515869140625,12737650,0.0,0.0,697.3184509277344,697.2658833801353,39.520316281646,-17.855568651003182,-5.708975732287907,-12.146592918715275,25.532128003332858,500272992.0,0.039962280348810636
2021-04-15 00:00:00+05:30,663.6789243196687,668.5585137336577,649.5877354679762,666.0689086914062,15195951,0.0,0.0,693.5566558837891,696.0424726080283,41.983169794798634,-17.513318903650315,-4.293380787948031,-13.219938115702284,25.06346016490565,515468943.0,0.003601115364914624
2021-04-16 00:00:00+05:30,665.8697795234526,672.4423124297656,659.5959262803503,666.41748046875,12242522,0.0,0.0,690.143408203125,694.8807082104096,42.09639772493076,-17.017786237262158,-3.038278497247898,-13.97950774001426,24.190812020901355,527711465.0,0.0008225346188399714
2021-04-19 00:00:00+05:30,647.2973004786572,652.5752509262857,628.3763024646657,645.4550170898438,17292072,0.0,0.0,686.1724884033204,692.9424458135247,37.37263504748113,-18.107832808212606,-3.3026600545586753,-14.805172753653931,25.180123876885833,510419393.0,-0.0028461162860576902
2021-04-20 00:00:00+05:30,653.2724290971423,659.2474818022991,640.3264815693026,649.0401000976562,12296248,0.0,0.0,682.8364196777344,691.2207851972162,38.64076755910267,-18.469511302684737,-2.9314708392246427,-15.538040463460094,24.733043616590052,522715641.0,-0.006478658536585385
2021-04-22 00:00:00+05:30,638.3347055046817,658.2017650475678,631.7621727870724,655.9611206054688,19385102,0.0,0.0,679.4729644775391,689.8380532524417,41.11948871831862,-17.99029468317019,-1.9618033757680777,-16.028491307402113,24.854939948302135,542100743.0,0.027613123567911364
2021-04-23 00:00:00+05:30,653.2723219943491,674.6829240109322,648.1935523401725,668.5584716796875,19167768,0.0,0.0,677.2397827148437,689.0035598574317,45.439822587282706,-16.40490556870475,-0.30113140904210667,-16.103774159662642,24.97168507133887,561268511.0,0.023399353027343802
2021-04-26 00:00:00+05:30,691.1143436056602,700.8735829873332,681.6538446658133,697.5375366210938,21646184,0.0,0.0,675.7410400390625,689.3382256128695,53.83203206244839,-12.664120819097434,2.7517226724521677,-15.415843491549602,25.496215516806245,582914695.0,0.009293965716183293
2021-04-27 00:00:00+05:30,688.2264188781625,700.973245788375,681.2555245034916,696.6412963867188,46559967,0.0,0.0,675.3999633789062,689.6246205451773,53.557655600406925,-9.66048103888113,4.604289962134779,-14.264771001015909,25.083465928799416,536354728.0,0.012226902771725744
2021-04-28 00:00:00+05:30,705.0561657873892,709.5374549767158,685.2887255647983,705.20556640625,54060587,0.0,0.0,676.0746490478516,690.2356380299253,55.87221740003163,-6.513921425599392,6.200679660333215,-12.714601085932607,25.023841891877627,590415315.0,0.00021189888991885998
2021-04-29 00:00:00+05:30,709.0394369901542,723.8775057003879,704.0602274607289,716.40869140625,25939327,0.0,0.0,677.130239868164,691.2620322799772,58.7671067563101,-3.0807388633348864,7.707089778078178,-10.787828641413064,24.65194448813814,616354642.0,0.010393292716379834
2021-04-30 00:00:00+05:30,702.0685696532428,726.8152176185437,702.0685696532428,711.9274291992188,23011654,0.0,0.0,678.1036743164062,692.0724400023004,57.152014751404806,-0.7132949366133516,8.05962696383977,-8.772921900453122,24.658709022221355,593342988.0,0.014042587821365289
2021-05-03 00:00:00+05:30,703.0644282853633,705.056112218183,689.2222006397182,699.8279418945312,13752878,0.0,0.0,678.3675689697266,692.3765773314075,52.92282409445255,0.18446749946531327,7.165911519934748,-6.981444020469435,24.519174703452485,579590110.0,-0.0046033994334277635
2021-05-04 00:00:00+05:30,701.0727135411338,715.6618220204102,695.1972218849893,697.4378662109375,11980155,0.0,0.0,677.7376953125,692.5750592482518,52.10263354078189,0.6950791256280127,6.1412185168779585,-5.446139391249946,24.229562234301397,567609955.0,-0.005184693769975156
2021-05-05 00:00:00+05:30,706.0519789406587,716.0601788977181,697.0894009287181,714.2178955078125,11155033,0.0,0.0,679.3285552978516,693.4237979250973,57.12637935672784,2.4257876754990093,6.297541653399164,-3.8717539779001546,23.85393478677267,578764988.0,0.011565602548704264
2021-05-06 00:00:00+05:30,715.0145090991202,719.8443181697634,707.2967341053622,712.7738647460938,9484934,0.0,0.0,681.21318359375,694.1826240749403,56.57643341465074,3.638918271466082,6.00853779949299,-2.3696195280269072,23.0463383065889,569280054.0,-0.0031337047353760324
2021-05-07 00:00:00+05:30,718.0020426233596,723.8775344136849,711.0311490056571,713.7697143554688,7131970,0.0,0.0,682.6322570800781,694.950745262412,56.88469313458482,4.627348555988988,5.597574467212716,-0.9702259112237281,22.317770242393927,576412024.0,-0.005894590846047145
2021-05-10 00:00:00+05:30,720.4916358582418,721.9853987522118,711.0311375297645,712.2759399414062,7980462,0.0,0.0,684.3077606201172,695.6301646615883,56.23976587387428,5.229864938969399,4.960072680154502,0.2697922588148973,21.506091026671005,568431562.0,-0.011402902557014571
2021-05-11 00:00:00+05:30,701.8694285361206,710.7324466372085,700.076925094713,704.4088134765625,12736700,0.0,0.0,686.2571197509766,695.9744253994304,52.84187569126709,5.014745293807323,3.79596242799394,1.2187828658133826,20.841299870948834,555694862.0,0.0036180304159111926
2021-05-12 00:00:00+05:30,701.0728043566723,702.8155279470476,686.1849535283345,688.4255981445312,10856584,0.0,0.0,689.0305419921875,695.6783929580617,46.67226934003496,3.5140418382754888,1.836207177969685,1.6778346603058039,20.654339876466302,544838278.0,-0.01803979006680568
2021-05-14 00:00:00+05:30,692.1102147902885,695.695221806149,678.5667874177333,682.1517944335938,9377968,0.0,0.0,690.225552368164,695.147938113965,44.47710422013849,1.7977565917495895,0.09593754515502839,1.701819046594561,20.402489484459593,535460310.0,-0.014388489208633056
2021-05-17 00:00:00+05:30,688.6247087007347,707.3465252119573,681.5542551654512,706.3009033203125,12099197,0.0,0.0,692.2371520996094,695.5853092985276,53.53607808049733,2.359026049488989,0.5257656023155421,1.8332604471734468,20.787473810324453,547559507.0,0.025668835864063665
2021-05-18 00:00:00+05:30,717.006235337283,722.981287298427,705.554052411757,708.6909790039062,19519055,0.0,0.0,694.3508270263671,696.0992571301111,54.33027917614088,2.9625448979817293,0.9034275606466258,2.0591173373351035,20.547456744346594,567078562.0,-0.011597188313802045
2021-05-19 00:00:00+05:30,701.0728138016431,720.6909146395835,699.2803102408118,713.819580078125,20244016,0.0,0.0,697.7690551757812,696.7941717555234,56.06564415655544,3.810745279240109,1.4013023535240046,2.4094429257161045,20.60911014823471,587322578.0,0.018181800842285153
2021-05-20 00:00:00+05:30,705.6536296085293,711.4295619377517,701.6204815920967,702.9649047851562,18840413,0.0,0.0,700.4652954101563,697.0361612860972,51.596869778048635,3.565962417490823,0.9252155934197748,2.6407468240710483,20.008395029500193,568482165.0,-0.003810261452016681
2021-05-21 00:00:00+05:30,704.0603131540151,730.3505669817924,704.0603131540151,727.8609619140625,15883692,0.0,0.0,704.0602874755859,698.2449769969979,59.55873409773754,5.319553480050217,2.143045324783335,3.176508155266882,20.53534268430009,584365857.0,0.033804843584246874
2021-05-24 00:00:00+05:30,727.3629971919069,744.3918705193329,723.7281496988966,738.0682983398438,15716900,0.0,0.0,707.5357788085937,699.806675873188,62.29704793202866,7.447088375222506,3.4164641759644994,4.030624199258007,20.544512551167035,600082757.0,0.014717962268174628
2021-05-25 00:00:00+05:30,741.3047844540998,741.9022653216767,722.8318673434775,728.5081787109375,11344261,0.0,0.0,709.0843109130859,700.9322250040802,58.31441755119925,8.266462714430872,3.388670812138292,4.87779190229258,20.43921865309714,588738496.0,-0.01726227323972529
2021-05-26 00:00:00+05:30,734.9313619749387,738.3172489307314,726.4667053668262,732.0433959960938,9081086,0.0,0.0,710.8544158935547,702.1522709253358,59.349339529205935,9.09622959878675,3.3747501571953347,5.7214794415914145,19.82574186100783,597819582.0,-0.003929572376778516
2021-05-27 00:00:00+05:30,734.1346953371527,750.7154272825496,727.9604631107197,747.22998046875,23040846,0.0,0.0,712.9556365966797,703.9200242407638,63.53727117809732,10.85413655045943,4.106125687094412,6.7480108633650175,20.03497202606787,620860428.0,0.017837714543082923
2021-05-28 00:00:00+05:30,749.4706671794544,756.5411818699005,735.4293192490626,736.773681640625,17149692,0.0,0.0,713.9738861083985,705.208402962327,59.028132600309426,11.273599508637972,3.6204709162183626,7.653128592419609,20.111892782837607,603710736.0,-0.01694127081265636
2021-05-31 00:00:00+05:30,734.8318476376049,749.8690377608984,730.9480394641428,747.57861328125,9275086,0.0,0.0,715.7564453125,706.869979837579,62.02707289824233,12.335696378729267,3.7460542290477257,8.589642149681541,20.026828890974148,612985822.0,0.017346506802371677
2021-06-01 00:00:00+05:30,750.4167331780153,750.8648742380127,738.0683287442508,742.0516967773438,6660243,0.0,0.0,717.8676330566407,708.2496550116874,59.62303290134532,12.586352195398376,3.197368036573467,9.38898415882491,19.51038007688495,606325579.0,-0.01114718799678896
2021-06-02 00:00:00+05:30,741.7031022433187,742.2010232384849,731.1472014583435,733.935546875,9973043,0.0,0.0,719.6925170898437,709.2569448886801,56.179605533950706,11.991858587240927,2.0822995427328124,9.909559044508114,18.906340198543298,596352536.0,-0.010472593878635923
2021-06-03 00:00:00+05:30,739.9105931138783,749.1221314534522,735.9272251832518,747.52880859375,8170508,0.0,0.0,721.3580627441406,710.7578022888789,60.31366017097912,12.473790642889753,2.051385278705311,10.422405364184442,18.640643368535635,604523044.0,0.0102961297632066
2021-06-04 00:00:00+05:30,747.8773365657305,756.7403546138784,737.0226345320547,738.9645385742188,10336011,0.0,0.0,722.6675964355469,711.8639488098727,56.68521092533714,12.026031646265778,1.282901025665069,10.74313062060071,18.717577419485096,594187033.0,-0.01191745966315749
2021-06-07 00:00:00+05:30,740.0101320401712,750.8150537147889,738.416809225597,747.9768676757812,6986728,0.0,0.0,724.3779541015625,713.280141706575,59.44979496598273,12.257106757909924,1.2111809098473714,11.045925848062552,18.266196495891027,601173761.0,0.010765711563497262
2021-06-08 00:00:00+05:30,747.8773326208817,747.9768925070842,736.4251497645033,743.2466430664062,6426815,0.0,0.0,725.9264892578125,714.4552986226469,57.37974140072646,11.921126528872946,0.7001605446483161,11.22096598422463,17.786592656367205,594746946.0,-0.00619177684961722
2021-06-09 00:00:00+05:30,742.8980610578554,748.1262310585977,727.1139911776847,733.6865234375,8004726,0.0,0.0,727.3903747558594,715.2094643016608,53.33743182778236,10.75941023625171,-0.36924459837833723,11.128654834630048,18.01699602954979,586742220.0,-0.012399463806970506
2021-06-10 00:00:00+05:30,736.375366147879,742.2507973760617,729.852613318495,741.1553955078125,7795125,0.0,0.0,730.0268646240235,716.2269517999412,55.9484423973524,10.322426750647537,-0.6449824671860078,10.967409217833545,17.61565231726408,594537345.0,0.006491294494190785
2021-06-11 00:00:00+05:30,743.1471335090813,743.1471335090813,733.9355945007611,735.3795776367188,4840759,0.0,0.0,732.6882537841797,716.9780351660894,53.45734597193685,9.401677275051043,-1.2525855542260018,10.654262829277044,17.0153585094807,589696586.0,-0.010452244948701844
2021-06-14 00:00:00+05:30,732.8401392866173,738.3172701907583,721.985437364044,733.1886596679688,5190670,0.0,0.0,734.0326416015625,717.6137459308691,52.502399559578976,8.398376653927812,-1.8047089402793866,10.203085594207199,16.966535246425835,584505916.0,0.00047557490736075693
2021-06-15 00:00:00+05:30,732.93976092817,748.8732339918258,728.956392662256,747.77783203125,9686490,0.0,0.0,735.9869842529297,718.7966512681389,57.896059624364256,8.680415539247633,-1.2181360439676538,9.898551583215287,17.17727139522234,594192406.0,0.02024459838867188
2021-06-16 00:00:00+05:30,745.6864700216307,753.702985885565,743.1470851031806,746.6823120117188,8614096,0.0,0.0,737.6301208496094,719.8902065914166,57.36923591265753,8.715072151096933,-0.9467835456946823,9.661855696791616,16.704316351447144,585578310.0,0.0013354701072411
2021-06-17 00:00:00+05:30,738.8649767648072,742.3006437871768,732.9397047670061,735.5288696289062,6674329,0.0,0.0,739.2583190917969,720.5034874948475,52.16487102555985,7.753174410172278,-1.5269450292954705,9.280119439467748,16.49276570096567,578903981.0,-0.004515178335436145
2021-06-18 00:00:00+05:30,739.064176618933,740.1097985796451,719.2468961844447,733.2384643554688,8143792,0.0,0.0,739.5271942138672,721.0028983521267,51.138916098559754,6.728485167860981,-2.041307417285415,8.769792585146396,16.80491832198304,570760189.0,-0.007882552622311686
2021-06-21 00:00:00+05:30,721.9854260869652,737.8193376750755,717.5041372353909,736.4749145507812,6464497,0.0,0.0,739.4475250244141,721.6096440854074,52.558781749421954,6.10716643042997,-2.130100923773142,8.237267354203112,17.05565275896217,577224686.0,0.020068948679956854
2021-06-22 00:00:00+05:30,740.1097849966816,745.885656428236,733.9853323970384,736.2757568359375,6727233,0.0,0.0,739.835903930664,722.1847857618988,52.45776187991599,5.53489368247881,-2.1618989373794424,7.696792619858252,16.68741499269266,570497453.0,-0.0051803505891511396
2021-06-23 00:00:00+05:30,740.1097928664143,740.6574938148095,727.761327648583,729.3048706054688,6154147,0.0,0.0,739.6989776611329,722.4640047753721,48.91395660266204,4.467374038975549,-2.583534864706163,7.050908903681712,16.416611505087516,564343306.0,-0.014599080251456386
2021-06-24 00:00:00+05:30,732.8401127947354,739.8607863617929,728.0600228260957,736.0765991210938,5313822,0.0,0.0,739.14130859375,722.9978320046162,52.286065204096154,4.1202828717908915,-2.3445008255126574,6.464783697303549,16.086908078702017,569657128.0,0.004416360772086776
2021-06-25 00:00:00+05:30,734.4832382322553,762.765174701314,734.4832382322553,758.1842651367188,11170037,0.0,0.0,740.2118377685547,724.3776921274437,61.2734969866589,5.564965054054824,-0.7198549145989803,6.284819968653804,16.95798153515722,580827165.0,0.03226898269524403
2021-06-28 00:00:00+05:30,761.3709431359562,766.3999327771132,754.5992300996496,759.2299194335938,7672743,0.0,0.0,740.7944030761719,725.7444461394496,61.64152562493561,6.716834171487335,0.34561136226682443,6.3712228092205105,16.589604473892937,588499908.0,-0.0028120638457043144
2021-06-29 00:00:00+05:30,757.8357217225494,760.3751065313118,746.9312402458263,748.8233642578125,7500655,0.0,0.0,741.1329864501953,726.6495017519344,55.94347479835289,6.712598062330926,0.27310020248833133,6.439497859842595,16.364908889006433,580999253.0,-0.011892231002587073
2021-06-30 00:00:00+05:30,749.3710860481526,757.3378218466712,743.4458141417304,745.1885375976562,5459970,0.0,0.0,741.6956359863282,727.3765227654922,54.06364027337338,6.342824647083944,-0.07733857020692092,6.420163217290865,16.188273090144417,575539283.0,-0.005581411570805669
2021-07-01 00:00:00+05:30,746.881479287091,751.2632082781234,741.4043484389857,743.3462524414062,5695690,0.0,0.0,741.4865081787109,728.0027866743516,53.089907068124724,5.833870310456405,-0.4690343254675682,6.302904635923973,15.736172143643492,569843593.0,-0.004733317057291568
2021-07-02 00:00:00+05:30,744.4914419215504,749.7196123304977,740.906435096535,747.52880859375,3557647,0.0,0.0,741.9147216796875,728.768513024132,55.06849463332069,5.702285263308909,-0.4804954980920524,6.182780761400961,15.241672507237269,573401240.0,0.004079787222751788
2021-07-05 00:00:00+05:30,753.9519291336045,758.831579085944,750.2673624796743,757.1884155273438,4680089,0.0,0.0,742.3752990722656,729.88301900465,59.33446496187144,6.304775192430952,0.09759554482399313,6.207179647606959,14.960322363305366,578081329.0,0.004292695951396302
2021-07-06 00:00:00+05:30,753.8524149189935,763.8108351953342,752.0599114255269,755.19677734375,5529485,0.0,0.0,742.9728057861328,730.8757154101049,58.10942816030437,6.546085051685168,0.2711243232625664,6.274960728422601,14.731079606626752,572551844.0,0.0017833230989926976
2021-07-07 00:00:00+05:30,752.7570110976264,760.8233071885155,749.1221633934041,759.7279052734375,3573368,0.0,0.0,744.2748748779297,732.007173836118,60.12643661011141,7.022003721541068,0.5976343944947731,6.424369327046295,14.514655620089785,576125212.0,0.009260483891935463
2021-07-08 00:00:00+05:30,756.8398741433112,763.9601683244437,748.5743982003883,751.26318359375,4188267,0.0,0.0,744.7802642822265,732.7623114736723,54.81645053818053,6.639603186762997,0.1721870877733611,6.467416098989636,14.5768780846588,571936945.0,-0.007368388928865125
2021-07-09 00:00:00+05:30,748.87318227768,749.7694643881675,737.1720388045912,744.2424926757812,5782119,0.0,0.0,745.2234100341797,733.2125146580687,50.808553117242134,5.7042815186315465,-0.6105076642864722,6.314789182918019,14.542182849265917,566154826.0,-0.006183543103806505
2021-07-12 00:00:00+05:30,749.3710898339368,754.6490401708452,745.1885413623104,750.4664916992188,4475466,0.0,0.0,746.0873016357422,733.8891412087021,54.018260414660965,5.402974931297081,-0.7294514012967506,6.132426332593831,14.246780323965602,570630292.0,0.001461761575996578
2021-07-13 00:00:00+05:30,755.8440834661602,769.7858715669853,751.860715437353,767.5452270507812,9810976,0.0,0.0,747.0756713867188,735.208987712313,61.4511565192106,6.46774239170054,0.2682528472853658,6.199489544415174,14.609108862808725,580441268.0,0.015480895915678496
2021-07-14 00:00:00+05:30,767.7443655660431,770.2339704477143,760.8232518387233,766.8480834960938,5621924,0.0,0.0,748.0839599609375,736.449736566579,61.01756703293068,7.172642854700143,0.778522648227975,6.394120206472168,14.23779527325013,574819344.0,-0.0011674225303999225
2021-07-15 00:00:00+05:30,767.2963045250137,775.014080462806,763.3129362990566,770.93115234375,4239868,0.0,0.0,749.8540740966797,737.8019489499974,62.678517710168435,7.96889067133975,1.2598163718940647,6.709074299445685,14.056605908285707,579059212.0,0.004737215332981923
2021-07-16 00:00:00+05:30,772.7734130345415,772.7734130345415,763.3626937221115,767.943603515625,2913553,0.0,0.0,751.5893310546875,738.9839746192376,60.642516631452104,8.263595000978057,1.2436165612258971,7.01997843975216,13.724756865724437,576145659.0,-0.00624996853857936
2021-07-19 00:00:00+05:30,749.1719094335947,763.4622783161013,746.4831239311917,752.0598754882812,5554486,0.0,0.0,752.3685791015625,739.4967550454746,51.13255261112019,7.133238664456599,0.09060817976355029,7.042630484693048,14.277308488489581,570591173.0,0.0038548776566782665
2021-07-20 00:00:00+05:30,751.8607701945136,752.0599507667346,741.1056878897284,742.6492309570312,5815740,0.0,0.0,752.6872528076171,739.6203815518102,46.48167376512456,5.415634692729327,-1.301596633570977,6.717231326300304,14.039948087669247,564775433.0,-0.012251655629138982
2021-07-22 00:00:00+05:30,746.9810659457578,755.3461631261508,737.9189279848092,743.64501953125,7876163,0.0,0.0,753.4042602539063,739.7782104921804,47.03070142874375,4.087653066183066,-2.1036626080937912,6.191315674276857,14.281897162931644,572651596.0,-0.004466038788123766
2021-07-23 00:00:00+05:30,745.8856809298028,760.8233113890111,737.0226625447896,752.2590942382812,6604465,0.0,0.0,754.2133850097656,740.2676569135962,51.65134316942814,3.687791334650001,-2.0028194717014856,5.690610806351486,14.961807997309716,579256061.0,0.008544758897279703
2021-07-26 00:00:00+05:30,750.8648490515743,756.8399009007911,741.9022712777492,753.1552734375,7890992,0.0,0.0,753.9619354248047,740.7730536400238,52.11930393126265,3.4039733177495464,-1.829309990881553,5.2332833086310995,14.960080970576305,587147053.0,0.0030503816882875125
2021-07-27 00:00:00+05:30,747.3794099401135,752.8565408590617,726.0683671429302,728.6575927734375,15441543,0.0,0.0,752.4333190917969,740.2979375276087,40.561945216528294,1.1885861197085887,-3.2357577511380082,4.424343870846597,15.826282779433223,571705510.0,-0.025049950423675957
2021-07-28 00:00:00+05:30,731.744709733993,731.744709733993,709.1390835508959,719.8942260742188,11102486,0.0,0.0,750.9868621826172,739.497791980417,37.36960484117658,-1.259733229346125,-4.547261680154177,3.2875284508080527,16.31052159398077,560603024.0,-0.016194833392211564
2021-07-29 00:00:00+05:30,717.0061432554896,725.470799113367,713.0227757929592,714.267578125,6855673,0.0,0.0,749.4408142089844,738.5083718292242,35.44093020144585,-3.612425624362686,-5.519963260136591,1.907537635773905,16.034628860154058,553747351.0,-0.0038194444444443264
2021-07-30 00:00:00+05:30,715.0643100797221,715.6618517269321,704.2096691411597,705.952392578125,10358450,0.0,0.0,747.5711212158203,737.2316667605537,32.75082311223748,-6.077855543008127,-6.388314543025626,0.3104590000174985,15.707311269126727,543388901.0,-0.012742794421639076
2021-08-02 00:00:00+05:30,712.0269760739487,722.5330962219831,709.0394503002119,718.1514282226562,6823345,0.0,0.0,746.1022521972657,736.4834221120087,39.9519668951847,-6.967054424514345,-5.822010739625474,-1.1450436848888703,15.76969643875041,550212246.0,0.008601432746940552
2021-08-03 00:00:00+05:30,720.9896008849354,737.7695141067945,716.30913137485,735.5288696289062,9265839,0.0,0.0,745.0192749023438,736.4459886812988,48.424327376301676,-6.1980889411556745,-4.042436205013443,-2.1556527361422315,16.176174031121494,559478085.0,0.020165712135272844
2021-08-04 00:00:00+05:30,737.4209036830725,753.8522945146333,735.5786205387462,750.6655883789062,9744349,0.0,0.0,744.7927154541015,737.0036200419893,54.452685044481946,-4.317502078795997,-1.729479474123012,-2.5880226046729846,16.329549092164775,569222434.0,0.0179608207872637
2021-08-05 00:00:00+05:30,749.8689533712741,751.8606371783691,740.4084552875727,746.184326171875,7246991,0.0,0.0,744.1155364990234,737.3636477333574,52.496379171384916,-3.1523851167810335,-0.45149000968643893,-2.7008951070945946,15.981165720638405,561975443.0,-0.004913694830054854
2021-08-06 00:00:00+05:30,743.8939839444209,754.499725698748,735.728067278984,737.76953125,6522599,0.0,0.0,743.4408538818359,737.37956473401,48.940753949238584,-2.874885267183572,-0.13919212807118164,-2.7356931391123904,16.180486627718835,555452844.0,-0.008232964409722284
2021-08-09 00:00:00+05:30,737.9189333559109,754.250766719792,736.6741308367544,752.358642578125,6064688,0.0,0.0,743.8466613769531,737.9669795514263,54.672868371183135,-1.4609048771676498,1.0198306095557927,-2.4807354867234426,16.280211574527325,561517532.0,0.019568151147098412
2021-08-10 00:00:00+05:30,752.3585912263414,760.8232477788548,751.8606702526641,758.3834228515625,8309248,0.0,0.0,744.2425079345703,738.7676243867259,56.82831139251515,0.14417225792999488,2.09992619572275,-1.955753937792755,15.757523428217494,569826780.0,0.008007925602870572
2021-08-11 00:00:00+05:30,761.8191453200724,765.8025134001773,749.3711200697444,757.6365966796875,6429468,0.0,0.0,743.7470764160156,739.507584084489,56.469837240945544,1.3404924582366675,2.6369971168235384,-1.2965046585868707,15.805656992661458,563397312.0,-0.005490212035334994
2021-08-12 00:00:00+05:30,755.8440913760024,760.2258205660938,750.2175596638822,754.200927734375,3572081,0.0,0.0,743.1147186279297,740.0837936393866,54.75855540689573,1.9884336399535414,2.6279506388323295,-0.6395169988787883,15.391557271914996,559825231.0,-0.0021739452095683974
2021-08-13 00:00:00+05:30,754.3502505019597,761.3211439059382,751.0639843392147,756.7402954101562,4239376,0.0,0.0,742.40517578125,740.73698978726,55.8241425050663,2.675990293327459,2.652405833764998,0.023584459562461024,15.024814578686994,564064607.0,0.0031683490614686175
2021-08-16 00:00:00+05:30,752.8565520038755,762.6157914476513,752.8565520038755,758.8316040039062,3967629,0.0,0.0,741.949575805664,741.4465825016383,56.728074847029774,3.3510067011037563,2.661937793233036,0.6890689078707201,14.64870206905044,568032236.0,0.00793650793650786
2021-08-17 00:00:00+05:30,755.8440379359205,756.8398798831352,746.1843588916646,753.6033935546875,5576110,0.0,0.0,742.0267517089844,741.9233201899932,53.76611468412501,3.4246123784711244,2.1884347764803236,1.2361776019908008,14.5057408578498,562456126.0,-0.002964426877470378
2021-08-18 00:00:00+05:30,760.6240613577542,760.6240613577542,747.3793757165199,751.26318359375,5370460,0.0,0.0,742.4574493408203,742.2895893430817,52.44609392141463,3.2565703068354424,1.616314163875713,1.6402561429597293,14.415665485234396,557085666.0,-0.012306838870301443
2021-08-20 00:00:00+05:30,742.6989076884262,745.8856140569593,733.1388493641955,737.1719970703125,6092036,0.0,0.0,742.1337982177735,742.088899450032,45.24325970021243,1.9637182453441255,0.2587696819075167,1.7049485634366088,14.680570395542995,550993630.0,-0.00744165712497897
2021-08-23 00:00:00+05:30,746.3835522395782,746.3835522395782,731.3463628912621,733.0392456054688,3614761,0.0,0.0,741.1728057861328,741.7340110639708,43.36230208363809,0.5987432285149907,-0.8849642679372947,1.4837074964522854,14.706043177883936,547378869.0,-0.017878618297615053
2021-08-24 00:00:00+05:30,732.9397028082143,746.5827501933915,728.4584138644141,743.2466430664062,4537435,0.0,0.0,740.6773742675781,741.793329966027,49.00179941774611,0.33676039764372945,-0.9175576790468447,1.2543180766905742,14.950206974390628,551916304.0,0.014062466828719384
2021-08-25 00:00:00+05:30,745.0889680095336,748.3254543855335,732.1430225055342,735.9769897460938,6726509,0.0,0.0,741.043344116211,741.5652381926964,45.52508568730636,-0.452249895943055,-1.3652543781069033,0.9130044821638484,15.038223039076966,545189795.0,-0.012229382871930046
2021-08-26 00:00:00+05:30,731.0475787193946,746.8814906333705,729.30485524125,743.2466430664062,6492155,0.0,0.0,742.2109649658203,741.6311756387242,49.391968681330745,-0.4853511443300249,-1.1186845011950988,0.6333333568650737,15.219538207151512,551681950.0,0.016687100405121773
2021-08-27 00:00:00+05:30,743.3960532952738,756.4415591879065,737.9189222930983,749.2715454101562,5841967,0.0,0.0,743.9611633300781,741.930797982702,52.40723976934977,-0.025135113287660715,-0.5267747761221876,0.5016396628345269,15.455473827698432,557523917.0,0.007903582604236358
2021-08-30 00:00:00+05:30,752.8565607247463,786.2172681113586,750.8648767016649,780.7899169921875,12517507,0.0,0.0,747.7030395507812,743.4546850026818,64.36772737603667,2.850005494366769,1.8786926652257938,0.9713128291409754,16.990491604377365,570041424.0,0.037103158456307885
2021-08-31 00:00:00+05:30,781.6364134339034,785.7193413387039,775.1634404063983,783.229736328125,12114870,0.0,0.0,750.9569549560547,745.014490937013,65.09890950790681,5.264759302155198,3.4347571784113784,1.83000212374382,16.530877984943643,582156294.0,0.0020384450709272756
2021-09-01 00:00:00+05:30,794.7814638221533,815.5945856187454,792.0927390880676,795.5781860351562,19972195,0.0,0.0,753.9594207763672,746.9973809408617,68.6097876272534,8.081724691699606,5.001378054364628,3.0803466373349773,17.66187593534918,602128489.0,0.001002441865178161
2021-09-02 00:00:00+05:30,792.1922913442843,802.7481919698246,789.1052055334293,799.3623657226562,6799617,0.0,0.0,756.3942596435547,749.050909755834,69.61841596579201,10.49852131451405,5.934539741743258,4.563981572770793,17.374812399709604,608928106.0,0.009050926721598043
2021-09-03 00:00:00+05:30,801.1549190435195,806.5324903577286,784.4247849724095,794.6819458007812,7509746,0.0,0.0,758.819140625,750.8403621497536,66.7611007551884,11.89901484215909,5.868026615510638,6.030988226648452,17.712876184396013,601418360.0,-0.00807955251709143
2021-09-06 00:00:00+05:30,797.5199947845667,802.5490452157931,792.0428641046215,797.47021484375,4539192,0.0,0.0,761.8041748046875,752.6689838240279,67.6138625049846,13.083092317762748,5.641683272891436,7.441409044871312,17.19811225059425,605957552.0,-6.241842354081777e-05
2021-09-07 00:00:00+05:30,794.6819173088844,796.0761204237297,778.7982252264487,784.5740966796875,6926921,0.0,0.0,763.4149475097656,753.9201647203283,59.95263491032662,12.832943109575353,4.313227251763234,8.51971585781212,17.30338920535904,599030631.0,-0.012719328839677253
2021-09-08 00:00:00+05:30,786.7151604428908,794.0345746483872,779.7442666161817,791.3956298828125,5903035,0.0,0.0,765.0655578613281,755.3897908051316,62.38080861293037,13.034880787631437,3.612131943855452,9.422748843775985,17.088169121562352,604933666.0,0.0059493825405458915
2021-09-09 00:00:00+05:30,785.7193204013837,790.3997898528245,780.9392910647216,786.8645629882812,4909325,0.0,0.0,766.5269561767578,756.6240955966276,59.78769940896124,12.683095788395008,2.608277555695217,10.07481823269979,16.614466957028664,600024341.0,0.00145757213442646
2021-09-13 00:00:00+05:30,782.7318170817305,787.1633261667756,780.2422120655672,785.072021484375,4814443,0.0,0.0,768.0705108642578,757.739700533402,58.74727398732093,12.119949292517617,1.636104847854261,10.483844444663356,15.922084610184346,595209898.0,0.0029897908218034963
2021-09-14 00:00:00+05:30,787.7109758786672,797.669395295591,786.7151339369749,791.0968627929688,6301208,0.0,0.0,769.7883392333985,759.0478245435812,61.1917418871557,12.021232691675095,1.2299105976093898,10.791322094065706,15.684605267400888,601511106.0,0.00429838737555316
2021-09-15 00:00:00+05:30,792.6901624503771,794.1341453799583,783.7275852367421,788.1093139648438,4075592,0.0,0.0,771.2522247314453,760.1874907953954,59.31480832274728,11.568573537299244,0.62180115458683,10.946772382712414,15.307602044244831,597435514.0,-0.005778863801428992
2021-09-16 00:00:00+05:30,789.2047765676705,804.0926264648743,785.8188894912985,799.2627563476562,15446511,0.0,0.0,773.5351928710937,761.719854150386,63.781309275452855,11.971823751305465,0.8200410948744388,11.151782656431026,15.519468824911339,612882025.0,0.012744448688880115
2021-09-17 00:00:00+05:30,805.4868050434751,817.2875696174723,793.9350617594001,803.9930419921875,14641298,0.0,0.0,776.1716857910156,763.3776262226136,65.51064479564677,12.528674212540182,1.1015132448873235,11.427160967652858,16.078971612994266,627523323.0,-0.0018544848182919364
2021-09-20 00:00:00+05:30,796.6735397845544,805.1879760847283,788.2088834243435,792.540771484375,6306484,0.0,0.0,778.9401245117188,764.5212789779767,58.25808030999274,11.90860471331132,0.38515499652676866,11.523449716784551,16.143265973522166,621216839.0,-0.005187530517578105
2021-09-21 00:00:00+05:30,791.9433478277285,795.6777553151275,769.0887618485729,792.0429077148438,7833561,0.0,0.0,781.8903076171875,765.6005585362853,57.95768416328924,11.247369053231296,-0.22086453084260427,11.4682335840739,16.889389365881637,613383278.0,0.00012571592070103094
2021-09-22 00:00:00+05:30,789.204790123755,793.4868985952813,782.7318170817305,785.072021484375,4359142,0.0,0.0,783.981576538086,766.3641453185634,53.77655735727123,10.045049688023255,-1.1385471168405168,11.183596804863772,16.451224519286576,609024136.0,-0.005236623866324846
2021-09-23 00:00:00+05:30,791.0470357943221,811.1132755800915,789.2545324244522,808.7730712890625,9043492,0.0,0.0,787.6213806152343,768.0272404546614,63.4350890071492,10.879270116362022,-0.2434613508014003,11.122731467163423,17.13622663188872,618067628.0,0.022408320482410926
2021-09-24 00:00:00+05:30,809.1713983351955,813.5531274119585,791.7939434208432,794.731689453125,5184626,0.0,0.0,790.1956329345703,769.0744737487188,55.973092041212304,10.288771101893417,-0.6671682922160045,10.955939394109421,17.466437871833477,612883002.0,-0.017845055956969075
2021-09-27 00:00:00+05:30,799.5615635411248,805.4369948534058,789.5035229046485,793.6362915039062,7715259,0.0,0.0,792.4138702392578,770.037682288138,55.425344204832214,9.62149629857538,-1.0675544764272331,10.689050775002613,17.356940305899464,605167743.0,-0.007410651421232004
2021-09-28 00:00:00+05:30,798.6652835021868,802.2502903874033,774.7650755170839,785.9185180664062,7369680,0.0,0.0,792.6703002929687,770.6604601617955,51.59437621359341,8.373393129467786,-1.8525261164278621,10.225919245895648,18.080388489072323,597798063.0,-0.015960084529886294
2021-09-29 00:00:00+05:30,779.7442685169102,786.2172413717759,775.2629796173877,778.8978271484375,14241004,0.0,0.0,792.4537048339844,770.9834941612718,48.32232241866034,6.740056121702651,-2.7886904993543986,9.52874662105705,17.57137943659488,583557059.0,-0.001085537146791293
2021-09-30 00:00:00+05:30,776.6571980316405,784.0761722866652,761.669727346699,763.3626708984375,9178187,0.0,0.0,790.8429290771485,770.684638347043,41.97831697750123,4.144294649844369,-4.307561576970144,8.451856226814513,17.91674125826426,574378872.0,-0.01711762559710598
2021-10-01 00:00:00+05:30,760.2258051994039,768.491281622329,750.8648661104123,764.9560546875,6089895,0.0,0.0,789.1226135253906,770.459988007453,42.80767669810563,2.190457506634516,-5.0091189761439985,7.1995764827785145,17.896003704953717,580468767.0,0.006222163804154699
2021-10-04 00:00:00+05:30,767.8937491064602,777.902009925646,767.0970876552451,775.7609252929688,5845527,0.0,0.0,788.1765625,770.6678679010026,48.21340071106217,1.4966379412325068,-4.562350833236806,6.058988774469313,17.54242881446745,586314294.0,0.01024513638203594
2021-10-05 00:00:00+05:30,771.1800308606078,780.7400892738625,767.9933244623998,779.3458862304688,3945224,0.0,0.0,787.2703460693359,771.0081823452955,49.90523572335111,1.2219712004905432,-3.869614059183016,5.091585259673559,17.199881385681397,590259518.0,0.010588779588532922
2021-10-06 00:00:00+05:30,778.9973869752648,790.8977107638233,772.7733746152835,775.7111206054688,5092479,0.0,0.0,786.827197265625,771.1926112966748,48.18637174616742,0.7028980494761754,-3.510949768157908,4.2138478176340834,17.26591386874271,585167039.0,-0.004218584586729062
2021-10-07 00:00:00+05:30,786.715160203349,786.8645608121383,770.8812484892396,773.8687744140625,6622698,0.0,0.0,785.9508544921875,771.2975588699057,47.297150385869955,0.14123878427312775,-3.258087226688765,3.3993260109618926,17.174299472610993,578544341.0,-0.016329144827927283
2021-10-08 00:00:00+05:30,778.64882845827,781.7359141250703,772.7733367656746,778.6986083984375,4295686,0.0,0.0,785.5425567626953,771.5877961063188,49.9069592409057,0.08486869451417078,-2.6515658531581776,2.7364345476723484,16.58774789309561,582840027.0,6.393118225841675e-05
2021-10-11 00:00:00+05:30,778.7484644480985,789.7027267357315,775.7609383696531,783.8770751953125,4417455,0.0,0.0,785.4828094482422,772.0697286196128,52.61626234101439,0.45283399608319996,-1.8268804412713187,2.2797144373545186,16.39875078402295,587257482.0,0.006585708969389314
2021-10-12 00:00:00+05:30,784.7235312322508,796.3748953116443,782.1841461745129,793.8355102539062,5098502,0.0,0.0,785.619741821289,772.9232886837027,57.3890883995229,1.5303704735412111,-0.5994751710506461,2.129845644591857,16.241036380673556,592355984.0,0.011611706109216446
2021-10-13 00:00:00+05:30,796.6238116202156,801.1548805159583,789.9018781913993,791.2960205078125,4381414,0.0,0.0,785.7790771484375,773.6437879709226,55.84431316864035,2.1545737114789745,0.019782453509693543,2.134791257969281,15.88474823380823,587974570.0,-0.006687963672046396
2021-10-14 00:00:00+05:30,795.6777818558356,800.6569920051212,784.7235195274073,798.715087890625,7157116,0.0,0.0,785.7516937255859,774.6269762030679,59.291820418216595,3.210902720896911,0.8608891703421042,2.3500135505548068,15.888228536944345,595131686.0,0.003817256311600365
2021-10-18 00:00:00+05:30,816.5904889168995,816.5904889168995,798.7151117898214,809.9183349609375,11014585,0.0,0.0,786.0479583740234,776.0109510563177,63.8781738892348,4.895625754159482,2.03648976288374,2.859135991275742,16.030169429039358,606146271.0,-0.008170746593940565
2021-10-19 00:00:00+05:30,816.5904490509306,823.5613431281946,795.1798458136195,798.3167724609375,10633732,0.0,0.0,786.3367584228515,776.8856891506165,56.74809431763471,5.234294076468814,1.9001264681544567,3.334167608314357,16.912407135149056,595512539.0,-0.022378019007240894
2021-10-20 00:00:00+05:30,797.2710040926909,810.4161293828001,788.7067880301623,801.4535522460938,9023067,0.0,0.0,786.8072906494141,777.8491347622038,58.10956709685454,5.690209877931807,1.8848338156939595,3.805376062237847,17.255045293541112,604535606.0,0.005246080858243044
2021-10-21 00:00:00+05:30,804.5905627231618,810.1174737126837,789.0056109814751,804.441162109375,7405639,0.0,0.0,787.775747680664,778.8919593640537,59.419782273264865,6.220891023409081,1.9324119689369867,4.288479054472094,17.530532253374503,611941245.0,-0.0001856852674000888
2021-10-22 00:00:00+05:30,808.6236688308849,821.5696142678325,803.4452784998319,813.3041381835938,10646970,0.0,0.0,788.0023010253906,780.2414565726631,63.10633116545396,7.272791539052264,2.3874499876641355,4.885341551388128,17.57294679013351,622588215.0,0.0057881923731912845
2021-10-25 00:00:00+05:30,826.6484293984477,863.2954640451875,822.0178005139933,841.5860595703125,29193770,0.0,0.0,790.34501953125,782.6471272784532,71.88390735876108,10.27015699339347,4.307852353604273,5.962304639789197,19.888545295237815,651781985.0,0.018070112566154584
2021-10-26 00:00:00+05:30,844.8724486457061,848.1089354197311,820.0759564337027,838.3994750976562,16771909,0.0,0.0,792.5831787109375,784.8334938595984,69.8669543369761,12.247280944207887,5.027981043534951,7.219299900672936,20.470290558865717,635010076.0,-0.007661480213286299
2021-10-27 00:00:00+05:30,836.5072265625,837.3038879553335,782.3832416325807,784.2255249023438,39606414,0.0,0.0,792.4985290527344,784.8096519397061,46.15625285357189,9.33517085084145,1.6926967601348109,7.6424740907066395,23.009286480737853,595403662.0,-0.06250000000000003
2021-10-28 00:00:00+05:30,784.2255967618328,785.7193598032839,751.5122104666029,755.19677734375,19320926,0.0,0.0,791.3134765625,783.6483627398648,38.597440337600034,4.6315358345458435,-2.4087506049286374,7.040286439474481,23.80913382759093,576082736.0,-0.03701590401785719
2021-10-29 00:00:00+05:30,758.8315730750401,758.8315730750401,711.031159023069,738.9147338867188,21343427,0.0,0.0,790.0910797119141,781.8941027848394,35.12303589651715,-0.4052817996888507,-5.956454591330665,5.5511727916418145,25.522796700760946,554739309.0,-0.026246719160105063
2021-11-01 00:00:00+05:30,751.8607464631896,756.8399567046677,736.9231157387554,749.2217407226562,11694854,0.0,0.0,789.3043640136718,780.6128336843617,38.87410801878033,-3.524676474359808,-7.260679412801299,3.736002938441491,25.122371291128896,566434163.0,-0.0035099661113409705
2021-11-02 00:00:00+05:30,749.3711069242947,758.1842843343771,744.9395978566407,752.7071533203125,11812106,0.0,0.0,788.1516754150391,779.5184932779284,40.13461993421033,-5.6504407960197796,-7.5091549875690164,1.858714191549237,24.273965233029433,578246269.0,0.004451794798588075
2021-11-03 00:00:00+05:30,756.292242346479,759.4789490008889,745.3877599543985,747.47900390625,10529505,0.0,0.0,786.5583312988281,778.2620427143332,38.84075804599436,-7.668593527832286,-7.621846175505218,-0.046747352327067615,23.546624076848072,567716764.0,-0.011653218090516188
2021-11-04 00:00:00+05:30,753.8524230012273,753.902202946868,748.275731899237,749.8192749023438,793433,0.0,0.0,785.2637390136719,777.1466400550396,39.77667292899284,-8.975687656739638,-7.143152243530055,-1.8325354132095817,22.323522288545924,568510197.0,-0.0053500499246614186
2021-11-08 00:00:00+05:30,757.8357641072641,757.8357641072641,738.4168450532673,747.9271240234375,13872770,0.0,0.0,783.9666564941406,776.0007766812513,39.253640642002246,-10.048418025491742,-6.5727060898257275,-3.475711935666014,22.11605062893528,554637427.0,-0.013074917486243325
2021-11-09 00:00:00+05:30,746.8814561339452,750.815043959191,740.2590829103435,741.9520263671875,12120207,0.0,0.0,782.1293273925781,774.6655315708958,37.573463019499705,-11.251010372157907,-6.2202387491935145,-5.030771622964393,21.290329944643297,542517220.0,-0.006600016276041644
2021-11-10 00:00:00+05:30,739.6118789434885,750.2175599666315,728.9563571943457,746.2341918945312,10844883,0.0,0.0,780.247183227539,773.5505770737835,39.56979359398486,-11.723398460701901,-5.354101470190006,-6.369296990511895,21.288249432332044,553362103.0,0.008953767698407618
2021-11-11 00:00:00+05:30,744.8898415682625,744.8898415682625,732.0434550147628,734.981201171875,6195359,0.0,0.0,777.3044677734375,772.0380525286107,36.28589146753922,-12.857577579622557,-5.190624471288529,-7.666953108334028,20.78128425000607,547166744.0,-0.013302155356993705
2021-11-12 00:00:00+05:30,739.7113739500334,739.7113739500334,730.450056151018,732.9894409179688,9372897,0.0,0.0,774.3891387939453,770.5067344262326,35.72082224744763,-13.7585412106597,-4.873270481860537,-8.885270728799163,19.958429503506736,537793847.0,-0.009087237629144082
2021-11-15 00:00:00+05:30,734.9314215393795,740.9064737470167,724.9730011933174,730.201171875,12849161,0.0,0.0,770.9634429931641,768.9261241301058,34.901434564811346,-14.530057925462415,-4.5158297573306,-10.014228168131815,19.670932578520492,524944686.0,-0.0064363143631436266
2021-11-16 00:00:00+05:30,730.2011299971876,730.2509099397881,718.3008062098648,723.1306762695312,8978763,0.0,0.0,766.6240600585937,767.1302242140049,32.84400954579962,-15.53296602182138,-4.414990282951651,-11.11797573886973,19.11944480362069,515965923.0,-0.00968288521778052
2021-11-17 00:00:00+05:30,718.0021195869265,721.8859279027901,703.8113703440503,709.3880615234375,18083445,0.0,0.0,762.1776245117187,764.8658256771199,29.23647908481247,-17.23798333037439,-4.896006073203729,-12.341977257170662,19.133720598039286,497882478.0,-0.011997259936286446
2021-11-18 00:00:00+05:30,712.0270831579946,713.0229252323414,698.9815762966016,703.4130249023438,13458109,0.0,0.0,757.2755981445313,762.4559119212463,27.806417441198057,-18.854019945534333,-5.2096341506909365,-13.644385794843396,18.769979765017897,484424369.0,-0.0120979362434441
2021-11-22 00:00:00+05:30,710.0353952319665,710.0353952319665,674.5834418863711,683.5460205078125,16741079,0.0,0.0,751.2308410644531,759.3614063756215,23.66204754046686,-21.49011713195523,-6.276585069689467,-15.213532062265763,19.96154930648772,467683290.0,-0.03730711863385346
2021-11-23 00:00:00+05:30,678.1683827842854,689.7699660681067,674.533535274729,682.799072265625,16575348,0.0,0.0,744.7055877685547,756.3589619007197,23.520110535741818,-23.370119435428705,-6.525269898530354,-16.84484953689835,19.62404084126557,451107942.0,0.006828229682911245
2021-11-24 00:00:00+05:30,687.1309566845052,692.2097263996253,679.2140008968663,682.3011474609375,11463429,0.0,0.0,736.741342163086,753.4547338834734,23.4192608768875,-24.61645006290655,-6.21728042080656,-18.39916964209999,19.150589745657957,439644513.0,-0.007028950124547122
2021-11-25 00:00:00+05:30,683.147671498549,684.1435135852817,673.7369516226507,677.0730590820312,9760486,0.0,0.0,728.6750213623047,750.4593740873383,22.336306222267105,-25.729446065510956,-5.8642211387287695,-19.865224926782187,18.526016332584597,429884027.0,-0.008892092690870964
2021-11-26 00:00:00+05:30,666.2183289565723,672.0938213421324,657.7038916172139,658.9984741210938,10252753,0.0,0.0,722.4136688232422,746.8726721278778,19.05558408325782,-27.750085653432507,-6.307888581320256,-21.44219707211225,18.586241413458367,419631274.0,-0.010837070254110688
2021-11-29 00:00:00+05:30,662.2847082153323,662.6830693268415,646.6499766998605,648.3927001953125,12084376,0.0,0.0,717.0734649658203,743.0107124442477,17.43715921665824,-29.86301218900678,-6.736652093515623,-23.126360095491158,18.403873642995702,407546898.0,-0.020975885216276267
2021-11-30 00:00:00+05:30,645.3056125531434,674.6331714527666,645.3056125531434,652.923828125,24699809,0.0,0.0,712.7739196777344,739.4778934513361,20.542118443421014,-30.816662236002912,-6.152241712409399,-24.664420523593513,19.184136875611955,432246707.0,0.011805593231577838
2021-12-01 00:00:00+05:30,662.1353417735068,678.5667340702519,657.2556918698043,676.774169921875,16184200,0.0,0.0,709.1515411376953,737.0189239011611,34.50439931411017,-29.310045551294706,-3.716500022160954,-25.593545529133753,19.645477523443375,448430907.0,0.022108513508973332
2021-12-02 00:00:00+05:30,672.1933554279223,675.977542902205,665.2722413157603,673.2887573242188,8612601,0.0,0.0,705.1806213378907,734.5197016824575,33.575879744200286,-28.07366886250395,-1.9840986666961555,-26.089570195807795,19.0637954579199,439818306.0,0.0016295934606481708
2021-12-03 00:00:00+05:30,676.2762719907342,684.4919684190984,668.2099761736163,670.20166015625,9505985,0.0,0.0,701.3167541503906,731.9974255441748,32.73561171947868,-27.031333978844827,-0.7534110264296245,-26.277922952415203,18.865095228460053,430312321.0,-0.008982441179848867
2021-12-06 00:00:00+05:30,671.1975370550881,675.9277867598532,658.4009911136945,660.3428344726562,8022785,0.0,0.0,696.8429321289062,729.1874415805859,30.141355933686437,-26.693099478044132,-0.3321412205031429,-26.36095825754099,18.769502401152813,422289536.0,-0.016172143047570454
2021-12-07 00:00:00+05:30,669.2058627865721,688.674562858686,667.2141786711359,684.1434936523438,15123987,0.0,0.0,693.6537506103516,727.4210122500666,42.075769583456164,-24.225277988974085,1.708544214853525,-25.93382220382761,19.45251854292974,437413523.0,0.022321428571428523
2021-12-08 00:00:00+05:30,692.1102330333028,698.6329863825933,684.7908181907528,694.2014770507812,11670826,0.0,0.0,691.2662231445313,726.1182853795063,46.25436876685637,-21.213381816306082,3.7763523100172236,-24.989734126323306,19.098016699166873,449084349.0,0.0030215476056655506
2021-12-09 00:00:00+05:30,695.2471237947947,696.9898473127979,685.1393030778271,691.0645751953125,7021395,0.0,0.0,688.5077423095703,724.7436300781653,45.16015895570154,-18.86212334680249,4.902088623616656,-23.764211970419147,18.58034009458144,442062954.0,-0.006015916436522609
2021-12-10 00:00:00+05:30,687.2305508904733,689.0728950887938,680.9069784017775,685.1890869140625,5549743,0.0,0.0,686.0181365966797,723.1924715227104,43.103383300792515,-17.273716222512803,5.192396598325075,-22.46611282083788,17.978715573078127,436513211.0,-0.002970566389642582
2021-12-13 00:00:00+05:30,696.0935440063477,708.939929860644,690.2180520119146,701.07275390625,13634563,0.0,0.0,684.4223022460938,722.3250316161826,49.76431908460418,-14.565313089034134,6.320639785442996,-20.88595287447713,18.39101038547123,450147774.0,0.00715307582260372
2021-12-14 00:00:00+05:30,698.0852920131607,711.0312389406516,694.6994046580356,707.9441528320312,8612512,0.0,0.0,683.3094512939454,721.7610755854316,52.362542268434865,-11.729212564861427,7.325392247692562,-19.05460481255399,18.243926378124428,458760286.0,0.014122716710502869
2021-12-15 00:00:00+05:30,709.4378546647963,717.0062294407894,704.6079845671015,709.5374145507812,7692888,0.0,0.0,682.6297882080078,721.2817163291709,52.96993056921097,-9.246432443687809,7.846537895092943,-17.092970338780752,17.826377699236104,466453174.0,0.0001403363033566716
2021-12-16 00:00:00+05:30,716.0104397506956,718.9481859782704,702.1184308843756,706.6993408203125,7309187,0.0,0.0,682.4953521728515,720.7098584660783,51.70527024399266,-7.422260937578585,7.736567520961735,-15.15882845854032,17.75519037028316,459143987.0,-0.01300413850617188
2021-12-17 00:00:00+05:30,704.5581578458214,705.0560788054298,682.2512745428203,686.0355224609375,7844705,0.0,0.0,681.6264770507812,719.3500805835239,43.552121102157365,-7.556878333966438,6.081560099659107,-13.638438433625545,18.233252935083808,451299282.0,-0.026289718142667767
2021-12-20 00:00:00+05:30,678.1186140995156,679.0148354201765,657.3552721743207,671.5460205078125,9934646,0.0,0.0,681.0264770507813,717.475411560947,38.91798784539119,-8.73208723812104,3.9250809564036047,-12.657168194524644,18.97946703162188,441364636.0,-0.009692395187280016
2021-12-21 00:00:00+05:30,680.1600741790068,680.1600741790068,659.7453135338096,663.0813598632812,10116104,0.0,0.0,680.0405914306641,715.3423114943719,36.47619133282846,-10.228567573553732,1.9428804967767288,-12.171448070330461,19.08198800402011,431248532.0,-0.02510984540858344
2021-12-22 00:00:00+05:30,667.214155123315,674.0356486653847,661.2391029878823,666.5668334960938,7489534,0.0,0.0,679.2538757324219,713.4295476513022,38.195739859567034,-11.00641532349971,0.9320261974646016,-11.93844152096431,18.63302783784027,438738066.0,-0.0009701856926305659
2021-12-23 00:00:00+05:30,674.1850356144819,681.6538506323676,669.80330649144,675.9775390625,6884683,0.0,0.0,679.1990997314454,711.9608414321334,42.7053312029517,-10.739699409203013,0.9589936894090396,-11.698693098612052,18.379741359156956,445622749.0,0.0026587707429375934
2021-12-24 00:00:00+05:30,678.3177539418923,679.1641952686095,659.695497721802,664.7244873046875,6028893,0.0,0.0,679.485400390625,710.1084353879198,39.03731280819844,-11.306023554930334,0.3141356349453748,-11.620159189875709,18.457523943989145,439593856.0,-0.020039673970216127
2021-12-27 00:00:00+05:30,660.2930259405947,671.7949888842658,653.2225720531771,669.355224609375,6996729,0.0,0.0,680.5335266113282,708.5102702593495,41.27270594323202,-11.251477689756598,0.2949452000952899,-11.546422889851888,18.46573057878196,446590585.0,0.013724510653237773
2021-12-28 00:00:00+05:30,674.483762847966,678.0189897309139,669.2058124949792,672.6414794921875,4645547,0.0,0.0,681.5194091796875,707.1036510135784,42.87359949041363,-10.818368970666711,0.582443135348143,-11.400812106014854,17.776262482864297,451236132.0,-0.00273139763661552
2021-12-29 00:00:00+05:30,671.6954039844624,676.7741736827682,664.475549753347,667.7120361328125,3969894,0.0,0.0,681.0663024902344,705.5588818025681,41.06526640643474,-10.748984470467803,0.5214621084376407,-11.270446578905444,17.38500258618979,447266238.0,-0.005930318754633019
2021-12-30 00:00:00+05:30,665.22246728959,670.3012372632337,661.7370202304379,666.0689086914062,5119705,0.0,0.0,680.7053100585938,704.010255406052,40.452782152230306,-10.703203538623825,0.4537944322252958,-11.15699797084912,16.754946475233073,442146533.0,0.001272418541822618
2021-12-31 00:00:00+05:30,670.1518857750453,683.6455327131083,668.4091622757767,675.7285766601562,5586980,0.0,0.0,680.981655883789,702.9011699650366,45.59050434403409,-9.774789653904236,1.1057666535559072,-10.880556307460143,16.813637728552287,447733513.0,0.008321532780082148
2022-01-03 00:00:00+05:30,677.4214974662981,695.5956133483413,676.1766950086239,693.4545288085938,8550860,0.0,0.0,682.637240600586,702.5307134490978,53.51628468635025,-7.5219701750729655,2.6868689059097424,-10.208839080982708,17.031737654240345,456284373.0,0.023667733312660786
2022-01-04 00:00:00+05:30,698.085278973215,708.0934794470124,697.1392168668336,706.201416015625,9705906,0.0,0.0,683.74013671875,702.6746625693538,58.228514918127196,-4.654374507905459,4.443571658461799,-9.097946166367258,16.86082429596737,465990279.0,0.011626283044311776
2022-01-05 00:00:00+05:30,708.9399336960422,727.8609314180345,704.8071651442165,723.8775634765625,11312955,0.0,0.0,685.2239410400391,703.5061488794405,63.720783031464954,-0.9445783956293781,6.522694216590304,-7.467272612219682,17.303177294385275,477303234.0,0.021070374330083654
2022-01-06 00:00:00+05:30,716.9564869601546,730.4501344102309,716.0104248683791,727.263427734375,7955578,0.0,0.0,687.0338836669922,704.4378068737517,64.67880144481128,2.24281887980419,7.768073193619099,-5.525254313814909,17.098643883490027,485258812.0,0.014375964178692472
2022-01-07 00:00:00+05:30,730.9480208685773,737.8193549140866,722.2344034535909,727.5621337890625,10454143,0.0,0.0,689.1525360107422,705.3446432233718,64.76719535251299,4.738336671132629,8.210872787958031,-3.4725361168254016,16.990522996133294,495712955.0,-0.004632185850221399
2022-01-10 00:00:00+05:30,730.5995079459155,740.9064483380697,730.1513668894366,739.71142578125,9595787,0.0,0.0,691.0844696044921,706.6923601864258,68.24778306053636,7.608690579144081,8.864981356775587,-1.2562907776315053,16.730079535624288,505308742.0,0.012471836808311928
2022-01-11 00:00:00+05:30,739.811025520687,743.9437332368342,734.2342740070868,740.1595458984375,7252279,0.0,0.0,692.6952392578125,708.0047988417988,68.37189304447269,9.80658210526326,8.850298306315812,0.9562837989474477,16.22860665663308,512561021.0,0.0004710937870994207
2022-01-12 00:00:00+05:30,746.5329128115239,748.3254160948533,740.0599403907364,743.7445068359375,5294563,0.0,0.0,694.4055938720703,709.4063560180394,69.40227093547341,11.70280075914286,8.59721356815633,3.1055871909865305,15.659811588596206,517855584.0,-0.0037351413818916615
2022-01-13 00:00:00+05:30,745.8857163481184,745.8857163481184,733.9853913609218,737.6202392578125,5196538,0.0,0.0,695.9516387939453,710.5127828117561,65.47787922186468,12.566531342028384,7.568755320833482,4.997776021194902,15.39127683135338,512659046.0,-0.01108142562479139
2022-01-14 00:00:00+05:30,731.7446631332328,732.8899057046035,713.0726263046016,718.6991577148438,16302342,0.0,0.0,697.5848205566406,710.8338171216811,55.10968587139522,11.590660976564664,5.27430796429581,6.316353012268854,16.04530084005749,496356704.0,-0.01782794747354902
2022-01-17 00:00:00+05:30,716.0104626064722,717.6037856376907,706.54996275284,709.6868896484375,19680557,0.0,0.0,699.4918640136718,710.7888395737108,50.969748238797784,9.975075505715267,2.926977994757131,7.0480975109581365,15.767007563053653,476676147.0,-0.008831676753737864
2022-01-18 00:00:00+05:30,714.5166961700776,732.8402148513106,711.2802093930006,722.1846923828125,24055886,0.0,0.0,702.4470306396485,711.2357357623031,55.91553804814264,9.592603055732525,2.0356044358195104,7.556998619913014,16.294601680183614,500732033.0,0.010731724330357278
2022-01-19 00:00:00+05:30,722.1846159372082,728.9065493011371,715.7116430682395,726.5662841796875,7746270,0.0,0.0,705.4470031738281,711.8369337394555,57.53289945285734,9.533156429932774,1.5809262480158068,7.952230181916967,16.07319486252033,508478303.0,0.006067241181526807
2022-01-20 00:00:00+05:30,728.0102865400066,734.0849592471822,719.1473291528737,725.8692626953125,8505400,0.0,0.0,707.9415893554688,712.3872211494892,57.173551122415724,9.322338625439556,1.0960867548180708,8.226251870621486,15.992083093362341,499972903.0,-0.0029409252647647523
2022-01-21 00:00:00+05:30,718.9979134114583,722.2343998637953,705.1059055597688,709.5374145507812,10689060,0.0,0.0,710.1822357177734,712.2754640279712,49.389466372117774,7.748105010669633,-0.38251748796148277,8.130622498631116,16.332888382089585,489283843.0,-0.013157894736842039
2022-01-24 00:00:00+05:30,712.0270078410168,713.4212109101767,685.3384552278653,701.6702270507812,8812501,0.0,0.0,711.7979858398437,711.859572381807,46.1312742436265,5.79885169413285,-1.8654166435986133,7.664268337731463,17.17216461781971,480471342.0,-0.014545488690996485
2022-01-25 00:00:00+05:30,711.0312099639364,751.8607332251709,705.653638685273,749.0723876953125,38088158,0.0,0.0,715.61953125,713.3188984725326,62.27841443280199,7.986944085080722,0.25814059787940735,7.728803487201315,19.530617586146132,518559500.0,0.0535014176569065
2022-01-27 00:00:00+05:30,740.9064055012328,773.7691896162069,735.0309137257052,770.6322631835938,34927774,0.0,0.0,720.7655426025391,715.5664814023781,67.10772969838537,11.33011828691042,2.8810518397672826,8.449066447143137,20.902593179314383,553487274.0,0.040120934927335386
2022-01-28 00:00:00+05:30,774.8646320065294,781.4372256424338,758.3336792018738,761.5203857421875,17765524,0.0,0.0,725.5381164550781,717.3685952980569,63.412698112184536,13.093422742739904,3.7154850364774124,9.377937706262491,21.059804126546208,535721750.0,-0.017221390308893927
2022-01-31 00:00:00+05:30,772.2257386191312,774.56594315072,759.1801711468066,769.835693359375,12319200,0.0,0.0,730.2434722900391,719.4261285553634,65.29090747699317,14.989045670555925,4.488886371434747,10.500159299121178,20.654516117786724,548040950.0,-0.003095008545079087
2022-02-01 00:00:00+05:30,774.8646773536417,790.5990304207492,765.9020988740173,778.64892578125,15457534,0.0,0.0,734.5031921386719,721.7485911916727,67.2120913018491,17.006454873631924,5.205036459608596,11.801418414023328,20.943260076997092,563498484.0,0.004883753948537785
2022-02-02 00:00:00+05:30,786.715182823867,802.5490949932507,784.0761772018457,800.7565307617188,13478899,0.0,0.0,739.2309478759765,724.8469417630472,71.47701949397862,20.156810004128943,6.684313272084491,13.472496732044451,21.154467872354495,576977383.0,0.017848070361946137
2022-02-03 00:00:00+05:30,798.8644694960547,808.5241491120597,789.7524908271619,796.2254638671875,10802708,0.0,0.0,742.8483428955078,727.6460994926213,69.482148986065,22.033877091944646,6.849104287920156,15.18477280402449,20.984267187536165,566174675.0,-0.003303445990697157
2022-02-04 00:00:00+05:30,793.6362913757429,801.1548862940741,787.8604199515255,795.2296142578125,10776387,0.0,0.0,746.2466522216797,730.2964334049817,69.02617501690557,23.173974390289573,6.391361269012066,16.782613121277507,20.434995698608482,555398288.0,0.0020076235164443587
2022-02-07 00:00:00+05:30,799.1632198473101,800.2586217551122,780.8397023943364,786.3168334960938,10939179,0.0,0.0,749.1843872070312,732.4933118399273,64.91989317683817,23.092131080191507,5.0476143671311995,18.044516713060307,20.36241881733472,544459109.0,-0.01607479677764798
2022-02-08 00:00:00+05:30,790.6985453293908,797.6694393058464,772.9227900019778,795.2296142578125,12300670,0.0,0.0,751.9602966308594,734.9535589935698,67.0319833245997,23.47584169765696,4.345059987677324,19.130781709979637,20.675578137801427,556759779.0,0.005730463215325866
2022-02-09 00:00:00+05:30,797.6694429684779,806.1340999787552,796.8230015799991,800.507568359375,9399830,0.0,0.0,754.9776977539062,737.5243044588956,68.25102437299758,23.929972090409365,3.8393523043437803,20.090619786065584,19.977642965168663,566159609.0,0.003558021954978183
2022-02-10 00:00:00+05:30,804.1922167673199,812.5573141068749,799.7607075907864,806.432861328125,12848281,0.0,0.0,758.1121154785156,740.2266008067086,69.60962098595321,24.48573896439882,3.5160953426665884,20.96964362173223,19.46471179023436,579007890.0,0.0027862052306499617
2022-02-11 00:00:00+05:30,797.61963836871,806.5324361602936,795.179813384893,800.457763671875,9717894,0.0,0.0,761.2539916992188,742.5886071935779,66.51845159681538,24.165483124269144,2.556671602029528,21.608811522239616,18.885276860603376,569289996.0,0.0035582440133615206
2022-02-14 00:00:00+05:30,786.7151933070709,799.661139526048,766.7485730256154,770.1343994140625,8617389,0.0,0.0,763.8257537841797,743.6688343394793,53.527341395674355,21.220222475404626,-0.3108712374679925,21.531093712872618,19.944127845293107,560672607.0,-0.02107598027096517
2022-02-15 00:00:00+05:30,773.7692315115252,795.7773153281973,761.1220259959247,793.6362915039062,7426563,0.0,0.0,768.0232238769531,745.6283424635744,60.04105007089946,20.545650994425273,-0.7883541747578775,21.33400516918315,20.994925094363076,568099170.0,0.025675691386140585
2022-02-16 00:00:00+05:30,791.6943759362891,804.9390621447352,786.018064480849,793.73583984375,7457765,0.0,0.0,771.60078125,747.5149109882873,60.066581973223435,19.7909432800908,-1.2344495112738798,21.02539279136468,20.846787420757583,575556935.0,0.0025786009974449416
2022-02-17 00:00:00+05:30,793.6861356706753,798.6653460575678,777.2547413939297,779.545166015625,6516308,0.0,0.0,774.2497253417969,748.7709994207319,54.7009862908916,17.84209068251289,-2.5466416870814363,20.388732369594326,20.88706008096333,569040627.0,-0.017816828365158466
2022-02-18 00:00:00+05:30,777.9020249191803,787.2629035187838,775.7609402452351,784.1260375976562,5466662,0.0,0.0,777.162564086914,750.1574715061014,56.06532507268025,16.47730885126748,-3.129138814661477,19.606447665928957,20.21669602329085,574507289.0,0.008001023881024787
2022-02-21 00:00:00+05:30,780.2919957855303,793.4869024350471,772.8729606451878,785.5699462890625,5635224,0.0,0.0,780.9641906738282,751.5461960073941,56.509955953494746,15.335443336628828,-3.416803463440104,18.75224680006893,20.24507072090288,580142513.0,0.00676407105550127
2022-02-22 00:00:00+05:30,762.9144922700729,783.7276133018173,762.9144922700729,775.9102783203125,6923558,0.0,0.0,784.6761932373047,752.5016502157439,52.6696997529016,13.495484667121332,-4.205409706358083,17.700894373479414,20.417240956480505,573218955.0,0.01703439400078812
2022-02-23 00:00:00+05:30,780.2422375132965,782.2339215911861,769.0390145751668,773.9684448242188,6303173,0.0,0.0,785.92099609375,753.3434852984292,51.90606131835299,11.74522281335021,-4.7645372481033625,16.509760061453573,19.90135996073328,566915782.0,-0.008040826793833748
2022-02-24 00:00:00+05:30,749.2715732290566,765.9519273549889,722.2842175475296,727.263427734375,13085009,0.0,0.0,783.752554321289,752.320737942976,37.73487798650986,6.514329994102127,-7.996344053881158,14.510674047983285,22.171564769015845,553830773.0,-0.02937272182879619
2022-02-25 00:00:00+05:30,739.2135586391528,761.6697852292561,734.3339689502291,754.8980712890625,10066136,0.0,0.0,783.4214385986328,752.421809838901,46.96170920607444,4.546287755531125,-7.971509033961729,12.517796789492854,23.04547853514908,563896909.0,0.02121783680318845
2022-02-28 00:00:00+05:30,746.7818635506856,746.7818635506856,733.1388173931289,739.3130493164062,14463418,0.0,0.0,781.8953063964843,751.9077407988032,43.08410855621609,1.7093151576293621,-8.646785305490793,10.356100463120155,22.953605346633687,549433491.0,-0.010001333185527187
2022-03-02 00:00:00+05:30,725.6701092821028,753.3047259902704,721.9854815647388,747.1304931640625,11691602,0.0,0.0,780.319384765625,751.7203977543035,45.514317499303075,0.09075020800230504,-8.212280204094279,8.303030412096584,23.55115099512639,561125093.0,0.029573195323134148
2022-03-03 00:00:00+05:30,752.8565623816262,756.2922294852773,729.3547151700928,734.5828857421875,8357181,0.0,0.0,777.0107025146484,751.0483384597107,42.385983112380224,-2.1793391646243663,-8.385895661376761,6.206556496752395,23.793034089416253,552767912.0,-0.024272454478753265
2022-03-04 00:00:00+05:30,719.993774670154,729.4542737840773,707.0976084585842,712.0270385742188,11660648,0.0,0.0,772.80078125,749.5180914053777,37.408413645809105,-5.732390280057302,-9.551157421447758,3.818767141390456,24.0567657461439,541107264.0,-0.011065006915629286
2022-03-07 00:00:00+05:30,690.118482173446,702.068585760865,652.8739683467754,664.7742919921875,20147061,0.0,0.0,766.2780151367188,746.1948051538801,29.573269265755442,-12.220243271284403,-12.831208330139887,0.6109650588554842,26.563644637665288,520960203.0,-0.0367244043391505
2022-03-08 00:00:00+05:30,662.2349167877082,670.9485341138623,634.3513413440153,667.6124877929688,24828458,0.0,0.0,760.3427978515625,743.1131456495307,30.514662050833195,-16.937648163251538,-14.038890577685617,-2.8987575855659204,27.280326647106836,545788661.0,0.008120337464755557
2022-03-09 00:00:00+05:30,668.707882008598,677.6704597272538,656.3594172836797,671.3966674804688,20438651,0.0,0.0,754.1511505126953,740.30073474094,31.8231932246072,-20.138727141564686,-13.791975644799013,-6.346751496765673,26.853949203997356,566227312.0,0.004020867024618427
2022-03-10 00:00:00+05:30,704.9565911357905,717.4046164010688,685.3882711062237,692.0604248046875,23224756,0.0,0.0,748.728793334961,738.4089578806947,38.62049437545872,-20.768802940401656,-11.537641154908787,-9.23116178549287,28.222092040897547,589452068.0,-0.018293560899012754
2022-03-11 00:00:00+05:30,689.0231608385305,703.7118315478211,684.5916514174182,687.9774780273438,14224356,0.0,0.0,742.8060241699219,736.4312527884065,37.81817092669857,-21.351475711581543,-9.696251140870938,-11.655224570710605,27.571955475862215,575227712.0,-0.0015176308586117972
2022-03-14 00:00:00+05:30,691.8114449296223,709.4378603680159,682.1517654379493,707.0975952148438,10720884,0.0,0.0,738.1380157470703,735.2809132757177,43.715089740160316,-20.03941254342817,-6.707350378174052,-13.332062165254118,27.551536865448245,585948596.0,0.02209583318873321
2022-03-15 00:00:00+05:30,710.0352987151276,715.0145083835366,692.1101439088551,695.2470703125,12157425,0.0,0.0,734.3936492919922,733.7109586497091,41.112716692527435,-19.728414468925962,-5.117081842937473,-14.611332625988489,27.219595980393482,573791171.0,-0.02082745523974406
2022-03-16 00:00:00+05:30,708.043604576157,722.9812333646836,706.1514806170635,720.8401489257812,10038170,0.0,0.0,730.7538421630859,733.2062210134767,48.27437435530518,-17.218316663981,-2.085587230394008,-15.132729433586992,27.25635077123563,583829341.0,0.018073102089926227
2022-03-17 00:00:00+05:30,733.9355639656694,743.6450235975083,733.3878630145069,736.1762084960938,13657428,0.0,0.0,727.8758605957031,733.3226911108343,52.03847286368623,-13.832106319295804,1.0404984914329525,-14.872604810728756,26.9383881926993,597486769.0,0.003052917232021668
2022-03-21 00:00:00+05:30,741.9022712745644,746.2840002765195,720.69084936621,722.8817138671875,7495685,0.0,0.0,725.0426879882813,732.9132410228482,48.72809627279212,-12.08199116130072,2.23249091954243,-14.31448208084315,26.842299815385736,589991084.0,-0.025637551122063867
2022-03-22 00:00:00+05:30,725.9687806938647,732.939674335644,703.4129362404173,728.3588256835938,11117081,0.0,0.0,722.2543273925781,732.7346364997402,50.13546876256793,-10.13621120701805,3.3426166990600805,-13.47882790607813,27.03404540680295,601108165.0,0.003292214559756566
2022-03-23 00:00:00+05:30,733.0393093120388,739.8110838828626,721.6369664550012,723.7282104492188,5886245,0.0,0.0,719.162240600586,732.3814433212884,48.91303318287975,-8.865621162307775,3.6905653950162858,-12.556186557324061,26.401193408307122,595221920.0,-0.012702045776451652
2022-03-24 00:00:00+05:30,716.109960582676,727.4128037940397,716.0104006948501,719.2468872070312,7559843,0.0,0.0,716.3290710449219,731.8663626893568,47.70087443348726,-8.126596386913661,3.543672136328322,-11.670268523241983,25.32985124337016,587662077.0,0.00438050969407389
2022-03-25 00:00:00+05:30,720.292501527448,723.628608673501,712.5249461367391,718.2510375976562,5430894,0.0,0.0,713.5432006835938,731.3324283720353,47.419642037813574,-7.534418581447767,3.308679953435375,-10.843098534883142,24.31369490718386,582231183.0,-0.002834215163232557
2022-03-28 00:00:00+05:30,722.9813376716945,734.8318825328581,712.0768549265695,732.9397583007812,7077669,0.0,0.0,713.827017211914,731.3954609182606,51.922192219913775,-5.812849491657403,4.024199234580591,-9.837048726237994,24.202361528548487,589308852.0,0.013774104683195634
2022-03-29 00:00:00+05:30,738.5662670600748,738.5662670600748,727.9605251108217,734.7322387695312,6174137,0.0,0.0,712.8187255859375,731.5263149516437,52.457218058742754,-4.254808606233155,4.46579209600387,-8.720600702237025,23.231174415741677,595482989.0,-0.005191177097493501
2022-03-30 00:00:00+05:30,743.8939837774747,762.665581411653,738.2176721465928,747.3296508789062,16618114,0.0,0.0,713.2195556640625,732.146053615458,56.1504519286273,-1.980711691762508,5.391911208379614,-7.372622900142122,23.567043574768824,612101103.0,0.004618490236989632
2022-03-31 00:00:00+05:30,759.8274518586874,759.8274518586874,748.1760882125745,757.9851684570312,20449544,0.0,0.0,713.7622894287109,733.1593522366961,59.04827780214387,0.6735731812686936,6.4369568651286535,-5.76338368385996,22.77638338941256,632550647.0,-0.002424607583142108
2022-04-01 00:00:00+05:30,756.8399777245908,772.524490420857,752.0101679687674,771.3294677734375,9321859,0.0,0.0,715.5996185302735,734.6562195126468,62.3995245730526,3.809967563655732,7.658680998012555,-3.848713434356822,22.6148076081752,641872506.0,0.019144720780222006
2022-04-04 00:00:00+05:30,776.7567328995304,782.2338637084374,763.8107873512049,780.8396606445312,10959783,0.0,0.0,719.040249633789,736.467334851152,64.62156082574835,6.98248604027242,8.664959579703394,-1.682473539430974,22.315398233107864,652832289.0,0.005256378956330087
2022-04-05 00:00:00+05:30,772.7734179454744,792.6902586141722,772.7734179454744,779.8438720703125,7334134,0.0,0.0,724.7937286376953,738.1683755264132,64.19378788991327,9.309068823264965,8.793233890156753,0.5158349331082137,22.144072692792857,645498155.0,0.009149453074661735
2022-04-06 00:00:00+05:30,773.7692376506365,776.7069837207712,766.0016821702636,770.4829711914062,9954921,0.0,0.0,729.9372528076171,739.4356145720993,60.16203792272774,10.279065305944528,7.810584298269051,2.468481007675477,21.551081064739716,635543234.0,-0.004247088536639374
2022-04-07 00:00:00+05:30,766.300451672499,791.6944237552134,766.0017112160361,788.8064575195312,9820244,0.0,0.0,735.8077423095704,741.3717260602339,64.81976909563019,12.383596327883538,7.932092256166449,4.451504071717089,21.846911884342397,645363478.0,0.029369688870613996
2022-04-08 00:00:00+05:30,791.5948486328125,797.3707202116711,785.7193563827998,791.5948486328125,8104237,0.0,0.0,740.7844635009766,743.3412602787663,65.4811682855997,14.113757572594523,7.729802800701947,6.383954771892576,21.118658451808752,653467715.0,0.0
2022-04-11 00:00:00+05:30,786.1675034284531,790.9475330203655,780.7899321491929,782.7816162109375,6340427,0.0,0.0,745.5246704101562,744.8879409035574,61.54286719679904,14.605406587388416,6.5771614523966715,8.028245134991744,20.381962596938102,647127288.0,-0.004306826729354521
2022-04-12 00:00:00+05:30,776.8563285454854,797.6694508899957,774.5659040762331,795.1300659179688,7672215,0.0,0.0,749.9262939453125,746.8582203158873,64.74253895577921,15.809219819626605,6.224779747707888,9.584440071918717,20.576361469568422,654799503.0,0.023522672984716983
2022-04-13 00:00:00+05:30,802.4494261902134,802.4494261902134,787.5615769735277,789.75244140625,7640132,0.0,0.0,754.6515625,748.5403466331564,62.311136131523824,16.143231994153325,5.247033537787686,10.896198456365639,20.170039165791085,647159371.0,-0.015822785049825355
2022-04-18 00:00:00+05:30,776.7567237998838,798.3167264076463,772.7733559855255,795.5283203125,11478317,0.0,0.0,758.3859710693359,750.3830122676405,63.88014527036586,16.68170786137057,4.6284075240039435,12.053300337366625,20.55384854124321,658637688.0,0.024166635366586527
2022-04-19 00:00:00+05:30,801.6528015313107,812.8062439697597,782.2836626796526,794.4827270507812,8711816,0.0,0.0,761.3012969970703,752.1124128473715,63.36586815833527,16.830076581345224,3.821420995182878,13.008655586162346,21.265900880447777,649925872.0,-0.008944114542895952
2022-04-20 00:00:00+05:30,797.5200215617418,799.1134051909548,785.3209573650008,791.3956298828125,6676491,0.0,0.0,764.7269927978516,753.6529311624868,61.784322277284865,16.508259974406656,2.7996835105954467,13.708576463811209,20.732082805126794,643249381.0,-0.007679295206829104
2022-04-21 00:00:00+05:30,791.7939112226644,800.6569289024153,787.2628425001994,798.466064453125,6851615,0.0,0.0,768.2323547363281,755.4103089385902,64.00049414319984,16.632019407919415,2.3387543552865644,14.29326505263285,20.20794020491887,650100996.0,0.008426628616223703
2022-04-22 00:00:00+05:30,792.6901770613831,794.6818609233464,774.9642028461835,777.3541870117188,6255027,0.0,0.0,770.9136535644532,756.2708531767521,53.94158263378763,14.85530487294784,0.4496318562519921,14.405673016695848,20.443220305063342,643845969.0,-0.019346764339274507
2022-04-25 00:00:00+05:30,768.7900802666627,785.5202149348434,758.0847779831568,777.4539184570312,8023525,0.0,0.0,773.8240051269531,757.101561619116,53.97838023432712,13.301956621836098,-0.8829731158878023,14.1849297377239,20.94266435125072,651869494.0,0.011269445864030152
2022-04-26 00:00:00+05:30,787.7109983776461,793.2876890978602,765.8024750346522,771.7775268554688,11087204,0.0,0.0,776.5003295898438,757.6770896676004,51.458430129672706,11.480539070876375,-2.1635125334780216,13.644051604354397,21.40998933067624,640782290.0,-0.020227560050568805
2022-04-27 00:00:00+05:30,762.41659184877,769.7360668348151,745.8856393741215,762.7153930664062,11485697,0.0,0.0,777.989111328125,757.8746701930438,47.63509853573932,9.199764914491311,-3.555429351890469,12.75519426638178,21.730124912867023,629296593.0,0.00039191331987101523
2022-04-28 00:00:00+05:30,773.6696509077843,782.1840875961353,763.1634694977997,776.5575561523438,11037317,0.0,0.0,780.0803771972656,758.6073323875262,53.33812976614899,8.412211107489611,-3.4743865271137366,11.886597634603348,21.56859417121431,640333910.0,0.0037327368873406107
2022-04-29 00:00:00+05:30,761.8191065679225,763.6613898987086,721.9854277931292,725.5704345703125,34401710,0.0,0.0,778.9924163818359,757.3117677672434,37.246704065976196,3.6319673876824936,-6.603704197536684,10.235671585219178,23.925989470357184,605932200.0,-0.04758173126021242
2022-05-02 00:00:00+05:30,718.9979529914738,735.1306061982499,715.5125058509334,724.32568359375,16136040,0.0,0.0,777.3094421386719,756.0181958388711,36.95360112819476,-0.2539241218372581,-8.39167656564515,8.137752443807893,23.618283104425704,589796160.0,0.007409938484678012
2022-05-04 00:00:00+05:30,729.9521713782924,732.093255947953,701.0727539567774,704.2594604492188,14548684,0.0,0.0,773.955941772461,753.9884415098651,32.511961311360636,-4.8962566479839325,-10.42720727343346,5.5309506254495275,24.14701302490784,575247476.0,-0.035197800536110185
2022-05-05 00:00:00+05:30,713.0228322851003,718.7987034071137,695.9939593461461,699.4295654296875,12726146,0.0,0.0,769.8854370117188,751.848877742015,31.529620797688448,-8.862904735292318,-11.515084288593476,2.6521795533011585,24.051136670340686,562521330.0,-0.01906427990790846
2022-05-06 00:00:00+05:30,687.13098974294,689.6205947782404,665.3220253211583,670.6000366210938,15511195,0.0,0.0,764.4232452392578,748.6626486784495,26.401759265818608,-14.16946716181451,-13.457317372092534,-0.7121497897219751,24.769451201639864,547010135.0,-0.024057935631793502
2022-05-09 00:00:00+05:30,657.4549215410943,666.2183192645323,646.1022980661894,660.9403686523438,13999329,0.0,0.0,758.9461151123047,745.2225592656611,24.93825834764696,-18.93612671102062,-14.579181537038917,-4.356945173981704,24.75004315544447,533010806.0,0.005301423712943573
2022-05-10 00:00:00+05:30,660.9403016502521,669.3053374004301,654.8158494630809,657.0067138671875,9523698,0.0,0.0,752.3561279296875,741.7631143480738,24.346405539144726,-22.768688543419444,-14.72939469555019,-8.039293847869253,24.017146354151947,523487108.0,-0.00595150238719458
2022-05-11 00:00:00+05:30,658.948700892127,673.1892301427171,652.7246880394762,669.5543823242188,9352398,0.0,0.0,746.2541046142578,738.9313993667462,30.049248980446276,-24.510982084556645,-13.177350589349913,-11.333631495206731,23.7633889076583,532839506.0,0.016094851416708276
2022-05-12 00:00:00+05:30,664.2266262089357,664.2266262089357,641.3222597879379,646.9487915039062,11166084,0.0,0.0,739.4624633789062,735.3242382740858,26.21523919148173,-27.399994444793606,-12.8530903596695,-14.546904085124106,24.082584166845624,521673422.0,-0.02601195740020613
2022-05-13 00:00:00+05:30,653.6707059301649,656.6582318973386,630.7663401818328,633.3057250976562,9618627,0.0,0.0,731.3712463378906,731.323512267167,24.207743088081838,-30.43955079995328,-12.714117371863338,-17.725433428089943,24.211820420321356,512054795.0,-0.031154801106666616
2022-05-16 00:00:00+05:30,637.1894341581858,646.5005926660801,627.4301954071948,636.293212890625,6159695,0.0,0.0,723.6982849121093,727.5968338602438,25.55215346533255,-32.23576201438618,-11.608262869036992,-20.62749914534919,23.844575908790215,518214490.0,-0.0014065224869034983
2022-05-17 00:00:00+05:30,640.2268014634527,654.7660693369427,638.4840780849894,652.2266845703125,8152237,0.0,0.0,716.533203125,724.6411417312269,32.43571441590433,-32.00464471774865,-9.101716457919565,-22.902928259829082,23.460881661470747,526366727.0,0.01874317519889832
2022-05-18 00:00:00+05:30,652.0275383363619,667.6124896820742,647.5960293559613,656.7080078125,13013873,0.0,0.0,709.6444671630859,721.9770972638258,34.27633113622705,-31.101360141601845,-6.558745505418209,-24.542614636183636,23.214851566088043,539380600.0,0.007178330976756379
2022-05-19 00:00:00+05:30,640.625065679508,655.0149929216304,638.5338220557019,647.4963989257812,9216948,0.0,0.0,702.4495056152343,719.0562855642947,32.32683125745104,-30.774056294938987,-4.9851533270042765,-25.78890296793471,22.854804008281622,530163652.0,0.010725982504266925
2022-05-20 00:00:00+05:30,657.0067424535753,672.9402140401721,655.2640189987912,670.3012084960938,9708672,0.0,0.0,696.0412628173829,717.1443217576987,41.23740185823745,-28.34773307277146,-2.047064083869401,-26.30066898890206,23.03973337300371,539872324.0,0.020234900471295968
2022-05-23 00:00:00+05:30,670.2016657306767,681.9525891696802,665.7701566761832,672.5418701171875,7919353,0.0,0.0,690.8006469726563,715.3952060070905,42.044851662620346,-25.94497425858981,0.2845557842498003,-26.22953004283961,22.54992616732466,547791677.0,0.0034917913609770076
2022-05-24 00:00:00+05:30,666.9154111045085,678.6165548071242,658.4507539579354,661.2888793945312,8088546,0.0,0.0,684.9923950195313,713.2733892771862,39.13633805742434,-24.664476165427573,1.2520431019296296,-25.916519267357202,22.379631501743532,539703131.0,-0.008436649710431652
2022-05-25 00:00:00+05:30,665.2225116012688,669.8532016008644,657.3055548832717,662.2349853515625,5169619,0.0,0.0,679.515267944336,711.2718832408873,39.51518269797539,-23.30468742731307,2.0894654720353074,-25.394152899348377,21.677346874304185,544872750.0,-0.004491017964071892
2022-05-26 00:00:00+05:30,670.1518368908186,682.400680435912,665.22240719619,680.4089965820312,10114633,0.0,0.0,675.3999481201172,710.0615739601478,46.415062088372544,-20.523966723199578,3.8961489409190406,-24.42011566411862,21.56937174645028,554987383.0,0.015305724951528826
2022-05-27 00:00:00+05:30,686.1351508857724,690.9151804192679,681.4049012969372,685.4380493164062,5539060,0.0,0.0,670.8439727783203,709.0959455427462,48.1767926768189,-17.71027003634333,5.367876502220234,-23.078146538563566,20.77914403864931,560526443.0,-0.0010159828839350947
2022-05-30 00:00:00+05:30,692.209730339595,695.0976963705883,687.2305204802069,690.7658081054688,3818060,0.0,0.0,669.1037414550781,708.3771166236373,50.05037193481321,-14.878973981857257,6.559338045365049,-21.438312027222306,19.984894254044505,564344503.0,-0.0020859606140148884
2022-05-31 00:00:00+05:30,686.1352009746385,693.1060956144388,680.2099283745325,682.3510131835938,10410424,0.0,0.0,667.0050079345704,707.3564851161847,47.15088412068311,-13.162426822032216,6.62070816415207,-19.783134986184287,19.47855661017749,553934079.0,-0.005515221760477168
2022-06-01 00:00:00+05:30,680.1600210066633,689.5707391636876,677.6704162445599,683.1973266601562,6966674,0.0,0.0,665.9519012451171,706.4090671375169,47.480423709995684,-11.600042338887647,6.546474117837313,-18.14651645672496,18.93725420367393,560900753.0,0.004465575099514951
2022-06-02 00:00:00+05:30,679.1642208915783,690.2678831263274,679.1642208915783,688.6744995117188,6347433,0.0,0.0,665.4141479492188,705.7135938972896,49.66781041064454,-9.806832247537159,6.6717473673502425,-16.4785796148874,18.377711920179298,567248186.0,0.014002914652446968
2022-06-03 00:00:00+05:30,694.4005415217281,695.0976430047969,670.3509962160979,674.4837036132812,8475726,0.0,0.0,665.6083312988281,704.4888923175246,44.49687774688298,-9.422166096667183,5.645130814576175,-15.067296911243359,18.832635839359273,558772460.0,-0.028682059873974954
2022-06-06 00:00:00+05:30,674.1849974462752,681.1558910683195,667.5128442517592,669.4049682617188,6756864,0.0,0.0,666.0315612792969,703.1130521584734,42.7802706342069,-9.418555652131204,4.518993007289724,-13.937548659420928,18.461950909159345,552015596.0,-0.00709008536627576
2022-06-07 00:00:00+05:30,669.4049929222015,675.1808642655441,658.3511104454917,663.0813598632812,8312778,0.0,0.0,666.3352935791015,701.5431818723874,40.67612861473834,-9.812840382331615,3.299766621671452,-13.112607004003067,18.34536540279456,543702818.0,-0.009446647583722396
2022-06-08 00:00:00+05:30,667.2141342450982,670.7493611583315,652.7246454263483,655.8615112304688,9282494,0.0,0.0,665.6506500244141,699.7517438079984,38.35650078745132,-10.585868020492512,2.0213911868084438,-12.607259207300956,18.322461854879464,534420324.0,-0.017014961812033658
2022-06-09 00:00:00+05:30,654.2184046436244,659.994276004249,647.2972906869284,658.55029296875,5682743,0.0,0.0,666.2307250976562,698.1360006378319,39.73484323067384,-10.85639007103498,1.4006953090127805,-12.25708538004776,17.920642102196688,540103067.0,0.00662147120040956
2022-06-10 00:00:00+05:30,652.7744898363579,660.940407128649,649.4882230964321,657.952880859375,6758832,0.0,0.0,667.4630828857422,696.560192019069,39.5233837699793,-10.99227480800812,1.0118484576317144,-12.004123265639834,17.458609382912417,533344235.0,0.00793289428990282
2022-06-13 00:00:00+05:30,644.2599640420058,649.2889537514448,637.4384101909797,646.2516479492188,6135431,0.0,0.0,667.9610046386719,694.5873079378985,35.53452700762673,-11.90690080493107,0.07777796856701258,-11.984678773498082,17.67688518901834,527208804.0,0.003091428954730323
2022-06-14 00:00:00+05:30,642.3180373869993,652.9735580704679,640.4259134294365,648.0441284179688,5391833,0.0,0.0,667.7518768310547,692.7620852116268,36.59026882859297,-12.344807052250417,-0.2881026230018673,-12.05670442924855,17.31051086416213,532600637.0,0.008914728682170628
2022-06-15 00:00:00+05:30,651.2806740833373,653.6208784926474,644.5089605763601,647.7952270507812,4638336,0.0,0.0,667.3062377929688,690.9986790092406,36.50087832161285,-12.567069810327553,-0.40829230486320256,-12.15877750546435,16.724897082171072,527962301.0,-0.005351681957186515
2022-06-16 00:00:00+05:30,654.7660742888861,655.4631758018171,628.4260428703448,632.2600708007812,5960283,0.0,0.0,666.5444213867188,688.6952041775363,31.352494393424003,-13.837264551723251,-1.3427896370071206,-12.49447491471613,17.461485357121163,522002018.0,-0.03437258644249044
2022-06-17 00:00:00+05:30,627.3805079735339,638.135590239662,623.9946206020784,632.5588989257812,6849201,0.0,0.0,664.6573059082032,686.4937804421734,31.552487858895255,-14.650903606358384,-1.7251429533138012,-12.925760653044582,17.224305662868478,528851219.0,0.00825398763020831
2022-06-20 00:00:00+05:30,632.6086138743802,634.5007379372021,619.612888272196,625.6875,5305222,0.0,0.0,662.3145874023437,684.1092204248332,29.429341353165718,-15.669554020948453,-2.1950346943230965,-13.474519326625357,17.057415948735454,523545997.0,-0.010940593793044042
2022-06-21 00:00:00+05:30,629.3721048335624,642.6665703936861,625.5381376847027,633.8533935546875,10333886,0.0,0.0,660.9428131103516,682.1384036848276,35.024818086387754,-15.637661224359249,-1.730513518187113,-13.907147706172136,17.062488574467448,533879883.0,0.007120253164557061
2022-06-22 00:00:00+05:30,629.919878425449,631.0153411524986,618.6668753835999,624.1937866210938,5899024,0.0,0.0,659.0407531738281,679.8660657607596,31.811609024320674,-16.205033959918183,-1.8383090029968372,-14.366724956921345,16.928490688511747,527980859.0,-0.009090190674198535
2022-06-23 00:00:00+05:30,624.791250126632,638.1852754371442,615.6792721701594,626.7330932617188,8450777,0.0,0.0,656.3569580078125,677.7824197804051,33.537758715051176,-16.26231823485125,-1.5164746223439227,-14.745843612507327,17.32688444411697,536431636.0,0.0031079870831948616
2022-06-24 00:00:00+05:30,631.7124120241225,639.7787695055246,629.0236869783666,631.3638916015625,6918584,0.0,0.0,653.6532501220703,675.9620853420192,36.685483203877155,-15.752465098530934,-0.8052971888188836,-14.94716790971205,17.021083858380457,543350220.0,-0.0005517074161061307
2022-06-27 00:00:00+05:30,641.3222003007019,644.2101661984539,632.0608825458006,634.4508666992188,4552114,0.0,0.0,650.8375030517578,674.3341944148506,38.76741391817128,-14.92723781757195,0.015944073712081064,-14.94318189128403,16.722883196845522,547902334.0,-0.010714323624320659
2022-06-28 00:00:00+05:30,631.363820855087,642.0193422907768,629.3721368776262,639.6790771484375,10711123,0.0,0.0,648.70390625,672.9751702083247,42.23202686217841,-13.693516033776746,0.9997326860058298,-14.693248719782575,16.431763355153027,558613457.0,0.013170308495169527
2022-06-29 00:00:00+05:30,633.7039943727677,635.1479773424204,620.9074497529566,622.9489135742188,13620084,0.0,0.0,645.6914855957032,671.0133562226735,35.34101563028877,-13.905473371096832,0.6302202789485953,-14.535693650045427,16.59889650089073,544993373.0,-0.016971773720937694
2022-06-30 00:00:00+05:30,621.4053356497556,636.6417043195103,621.0568153028827,634.152099609375,10563138,0.0,0.0,642.965365600586,669.5678167476422,42.14843054606962,-13.0193684289153,1.2130601769041043,-14.232428605819404,16.526467394871936,555556511.0,0.020512800950270464
2022-07-01 00:00:00+05:30,630.3679790022765,643.9114057393818,629.172956459268,641.2724609375,6549359,0.0,0.0,641.3048034667969,668.458194951166,46.03703956372177,-11.608751762239876,2.098941474863622,-13.707693237103499,16.39875181524636,562105870.0,0.017298597483461582
2022-07-04 00:00:00+05:30,638.8823856901697,652.4258725692654,637.8367638074149,651.629150390625,3933384,0.0,0.0,640.4160125732421,667.7982324193802,51.17750783173545,-9.545099639526939,3.33007487806125,-12.875174517588189,16.269491597146658,566039254.0,0.019951660878371618
2022-07-05 00:00:00+05:30,653.3719026120401,657.1561507834157,643.3139228673742,645.8035278320312,5044787,0.0,0.0,639.5521209716796,666.9356949845821,48.38542955965773,-8.284224139061052,3.672760302821711,-11.956984441882764,16.096115619924856,560994467.0,-0.011583563281114683
2022-07-06 00:00:00+05:30,649.2889615470638,656.6582164047778,648.2931195815007,655.2142333984375,6684686,0.0,0.0,639.5197570800781,666.4760298243411,52.85954091603994,-6.4512400506173435,4.404595513012335,-10.855835563629679,15.721727973697835,567679153.0,0.009125785593606219
2022-07-07 00:00:00+05:30,661.6969945073649,662.7442079433337,649.9281855328095,656.4110107421875,11171714,1.0,0.0,639.41279296875,666.0813231936685,53.41260915187292,-4.846153582955026,4.807745584539722,-9.653899167494748,15.514177576328287,578850867.0,-0.007988526182007011
2022-07-08 00:00:00+05:30,665.2376753500799,675.0117699495607,659.6524958286312,667.3820190429688,12669533,0.0,0.0,639.8842498779297,666.1323308740333,58.24848373509851,-2.658200234348783,5.596559146516773,-8.254759380865556,15.734647692831498,591520400.0,0.003223424908639388
2022-07-11 00:00:00+05:30,664.7888038472906,680.1481377261227,663.5919623585436,678.0536499023438,14864123,0.0,0.0,641.4743499755859,666.5998335810259,62.34315895216842,-0.06240070196520264,6.553886943120283,-6.616287645085485,15.79332824102776,606384523.0,0.019953473912746874
2022-07-12 00:00:00+05:30,675.2112041120472,683.439405639262,671.2217730685492,674.413330078125,6446810,0.0,0.0,642.7928100585938,666.9062452083632,60.175165669179385,1.681660606112473,6.638358600958367,-4.956697994845894,15.537921407433833,599937713.0,-0.0011816658684914183
2022-07-13 00:00:00+05:30,678.2033491323923,683.1901384642482,675.1614198147389,678.1036376953125,9614674,0.0,0.0,644.3082305908204,667.3453586392241,61.631792645563294,3.323309696078695,6.624006152739671,-3.300696456660976,15.054984763054504,609552387.0,-0.0001470229204962828
2022-07-14 00:00:00+05:30,676.807004269972,678.6521527939327,663.841352380709,666.484375,8026311,0.0,0.0,646.0194458007812,667.3115945749408,54.83153372013238,3.644736777240155,5.556346587120905,-1.9116098098807501,15.037543023780872,601526076.0,-0.015251953961537942
2022-07-15 00:00:00+05:30,668.2297574493167,672.4186725812401,657.3585325681217,660.4503784179688,6015057,0.0,0.0,647.4140197753907,667.0425272746675,51.6447126000668,3.373687192948182,4.228237602263146,-0.8545504093149636,15.039157094447836,595511019.0,-0.011641772825326475
2022-07-18 00:00:00+05:30,666.2849180222244,686.1822198571037,661.6970961343652,682.6914672851562,12464664,0.0,0.0,650.2642181396484,667.6562111966475,60.709379492138545,4.897097745168139,4.601318523586482,0.29577922158165704,15.802920261925491,607975683.0,0.02462392411887768
2022-07-19 00:00:00+05:30,676.806969045998,701.9902531356498,676.806969045998,698.7488403320312,10171314,0.0,0.0,653.5089904785157,668.8755299862704,65.70753455114355,7.315775683037941,5.615997169165027,1.699778513872914,16.47294624962023,618146997.0,0.03241968875846784
2022-07-20 00:00:00+05:30,704.4338395811476,712.6121861526394,700.8433756589768,703.83544921875,11620331,0.0,0.0,657.4910736083984,670.2465072110735,67.133826759578,9.533149982212194,6.266697174671424,3.2664528075407704,16.28654621897651,629767328.0,-0.0008494628292607214
2022-07-21 00:00:00+05:30,706.0794678500154,716.5517247672976,702.4889432397564,713.6593627929688,8036515,0.0,0.0,661.8373870849609,671.9489721358538,69.75060746241375,11.945443179996346,6.94319229796446,5.002250882031886,16.12770588387399,637803843.0,0.010735186743262588
2022-07-22 00:00:00+05:30,715.1056039753411,733.0580459161446,713.2105996431429,728.8192749023438,9713490,0.0,0.0,666.71015625,674.1791800874809,73.28539833544889,14.90862379462078,7.9250983300711155,6.983525464549665,16.393401625954535,647517333.0,0.01917712691771266
2022-07-25 00:00:00+05:30,731.5619363572848,736.8479204506648,720.5910007063917,725.4281616210938,6230411,0.0,0.0,671.2590209960938,676.1889440691913,71.2789020216739,16.789789042393295,7.845010862274904,8.94477818011839,16.383652920120145,641286922.0,-0.008384491362048422
2022-07-26 00:00:00+05:30,720.9899831615178,721.53851778069,700.1950363574366,704.5834350585938,14135744,0.0,0.0,674.5042388916015,677.302453519756,60.342322328781165,16.40947264130466,5.971755568949014,10.437717072355646,17.015758087515646,627151178.0,-0.02275558396939421
2022-07-27 00:00:00+05:30,706.079418945668,718.6461020264596,701.74087628467,717.0503540039062,6106880,0.0,0.0,679.2093109130859,678.8611947152128,63.90902384262151,16.919013466387696,5.18503711522564,11.733976351162056,17.007862919963788,633258058.0,0.015537820199631819
2022-07-28 00:00:00+05:30,723.0844092891822,731.7614343754302,721.1395493928678,723.9820556640625,6964838,0.0,0.0,683.7008087158204,680.6306402426187,65.75329063137399,17.678373351050595,4.7555175999108314,12.922855751139764,16.843807023646658,640222896.0,0.0012414129849137921
2022-07-29 00:00:00+05:30,731.9609314477744,733.0081449882887,721.0897068156585,722.8350830078125,6624854,0.0,0.0,687.778939819336,682.2857164294891,65.15995046660542,17.980354093224605,4.045998673667871,13.934355419556734,16.491994962859767,633598042.0,-0.012467671494312634
2022-08-01 00:00:00+05:30,724.0818348831959,730.3651774739322,718.4966549967404,728.869140625,5493105,0.0,0.0,691.6409393310547,684.1125173783327,66.85449121746387,18.493393697231,3.6472306221394124,14.846163075091587,16.1617469281692,639091147.0,0.0066115534338412425
2022-08-02 00:00:00+05:30,725.0791836822685,732.4097398004751,719.1947478007639,728.5200805664062,7275626,0.0,0.0,695.7767669677735,685.8539904445316,66.65253125161549,18.65675163077003,3.0484708445427557,15.608280786227276,15.951264433279343,631815521.0,0.004745546364554749
2022-08-03 00:00:00+05:30,728.0712063454505,736.5487477891988,725.5778118031716,728.5698852539062,9458761,0.0,0.0,699.4445495605469,687.529123574311,66.66800340545333,18.576099085043893,2.374254639053291,16.201844445990602,15.595526687047052,641274282.0,0.0006849315068492746
2022-08-04 00:00:00+05:30,733.2574618897074,734.7534985798221,710.3182326412806,719.693359375,7466635,0.0,0.0,702.6086669921875,688.7904661547302,61.21652770870395,17.59311740121416,1.113018364178842,16.480099037035316,16.226936633582373,633807647.0,-0.01849841729499872
2022-08-05 00:00:00+05:30,722.0870849776938,729.2680736881621,719.2944951663708,726.5751953125,4583196,0.0,0.0,705.568325805664,690.2722202393487,63.69513344679816,17.171462055322422,0.5530904146296862,16.618371640692736,15.780268197025867,638390843.0,0.006215469613259728
2022-08-08 00:00:00+05:30,728.0712366367144,745.3753711305094,726.176232356185,743.5801391601562,8191870,0.0,0.0,708.8446502685547,692.3627268636941,68.9719377340827,18.00193886270938,1.1068537776133134,16.895085085096067,16.024473238261475,646582713.0,0.02130135314105306
2022-08-10 00:00:00+05:30,743.0315711985421,745.8740166180007,734.2049788969476,737.0474243164062,9069541,0.0,0.0,711.9763549804687,694.115067940271,65.05973277004676,17.926318779961775,0.824986955892566,17.10133182406921,15.713370701318018,637513172.0,-0.008053691275167718
2022-08-11 00:00:00+05:30,741.0867290440332,758.6402635098942,741.0867290440332,756.844970703125,12384073,0.0,0.0,715.9134216308594,696.5750641270497,70.517508709478,19.242075192932475,1.712594695090612,17.529480497841863,16.133332736473015,649897245.0,0.021263694303930134
2022-08-12 00:00:00+05:30,756.6954396058588,759.9867084519348,751.4094549895678,758.54052734375,4614341,0.0,0.0,720.5162292480469,699.0050822924105,70.93623190151766,20.1889136508604,2.1275465224148284,18.06136712844557,15.593612788322579,654511586.0,0.002438349223899402
2022-08-16 00:00:00+05:30,762.9787506028484,769.9602555103254,756.4460688999161,762.6296997070312,7051498,0.0,0.0,725.6251953125,701.5001653282781,71.97016210318162,21.026867347437587,2.3724001751936115,18.654467172243976,15.445082347043058,661563084.0,-0.00045748442606218334
2022-08-17 00:00:00+05:30,769.3618347593822,771.7056012504579,764.2254177165278,770.0599365234375,7674390,0.0,0.0,729.993618774414,704.1887838065196,73.79441515184563,22.036486800509806,2.705615702612665,19.33087109789714,14.990140861070458,669237474.0,0.0009073776895544089
2022-08-18 00:00:00+05:30,769.9602748524701,773.9497063283897,760.0864076000119,763.0286254882812,9449924,0.0,0.0,733.2076080322265,706.4962285783535,69.20437601070196,22.015468833012505,2.1476781880922893,19.867790644920216,14.909652137306697,659787550.0,-0.009002606485791747
2022-08-19 00:00:00+05:30,769.9602854914398,770.608592464792,748.2677515413894,755.4985961914062,7553270,0.0,0.0,735.7907653808594,708.4178900533751,64.5722152909953,21.147427132994494,1.0237091904594209,20.123717942535073,15.440451336313544,652234280.0,-0.01878238341968913
2022-08-22 00:00:00+05:30,751.4094243809856,752.4566379429115,737.2469308145875,739.889892578125,4994311,0.0,0.0,737.1022918701171,709.6520862308163,56.17814992739196,18.981202411601885,-0.9140124247465522,19.895214836348437,15.641252339206774,647239969.0,-0.015330566039081039
2022-08-23 00:00:00+05:30,736.0500954805387,748.8661195414492,731.8611803233507,745.076171875,6594634,0.0,0.0,737.91513671875,711.04126606,58.12595428838125,17.48142808762225,-1.9310293989809537,19.412457486603202,15.738658544841895,653834603.0,0.012262856088033626
2022-08-24 00:00:00+05:30,743.0315517940829,750.0629120221888,740.0394784311537,748.16796875,6875820,0.0,0.0,739.0521270751954,712.4972151850981,59.287723202936036,16.353811737351748,-2.4469165994011632,18.80072833675291,15.330428190998552,660710423.0,0.006912784448405942
2022-08-25 00:00:00+05:30,751.9080991938424,756.5956323381675,738.0448008817768,741.3859252929688,6320890,0.0,0.0,740.8922515869141,713.6301057775636,55.64099012443572,14.742965697264594,-3.2462101115906563,17.98917580885525,15.56045699566942,654389533.0,-0.013993962709212745
2022-08-26 00:00:00+05:30,746.0236697425413,753.005174673287,739.3413599911919,742.931884765625,4613713,0.0,0.0,742.186328125,714.7791951496445,56.30082409461256,13.436220231228504,-3.6423644621013977,17.0785846933299,15.424982544699827,659003246.0,-0.004144352387617005
2022-08-29 00:00:00+05:30,728.0712111989751,732.9582888839766,720.1422043268931,726.774658203125,5904146,0.0,0.0,742.3259582519531,715.2496054654672,48.226726343350336,10.970401918308653,-4.886546220016999,15.856948138325652,15.951032394273549,653099100.0,-0.001780805195847485
2022-08-30 00:00:00+05:30,731.0632845636851,751.558975660099,731.0632845636851,749.514404296875,9193270,0.0,0.0,743.6599243164062,716.5933230666989,57.4709144742688,10.727470997792466,-4.10358171242655,14.831052710219016,16.581981327323582,662292370.0,0.02523874488403824
2022-09-01 00:00:00+05:30,731.5619528755952,752.9054343369954,731.5619528755952,742.183837890625,9353805,0.0,0.0,744.3256591796875,717.5968726676372,54.11640740888087,9.830115594635345,-4.000749692466938,13.830865287102283,16.922088479757626,652938565.0,0.014519460687201773
2022-09-02 00:00:00+05:30,747.0209929366981,752.5563165573791,738.2941121780918,748.2178344726562,7767812,0.0,0.0,745.310546875,718.7976946992065,56.37366708489532,9.49637971443633,-3.467588458132763,12.963968172569093,16.73209675829546,660706377.0,0.001602152479347455
2022-09-05 00:00:00+05:30,748.2178591908524,756.7951122131144,747.3700685076752,754.1022338867188,5894055,0.0,0.0,746.5871643066406,720.1821864320502,58.51693617289538,9.59609566224617,-2.694298008258338,12.290393670504509,16.210164397377152,666600432.0,0.007864520505070369
2022-09-06 00:00:00+05:30,755.9972342122395,759.5378423296163,746.8215300127218,748.0183715820312,7606181,0.0,0.0,748.0034149169921,721.2738015359711,55.482050003499005,9.079541127965513,-2.568682034031198,11.648223161996711,15.96060353448553,658994251.0,-0.01055408970976243
2022-09-07 00:00:00+05:30,741.1865406465258,755.9972809703313,737.0973367712941,753.4041748046875,10156460,0.0,0.0,749.3448638916016,722.53381617396,57.57950360525472,9.000999329661681,-2.1177790658680244,11.118778395529706,16.170556439096366,669150711.0,0.016483885618732923
2022-09-08 00:00:00+05:30,759.7373772095548,780.1333583556964,755.0996386440146,777.6898193359375,13410790,0.0,0.0,751.0503479003906,724.696796690116,65.47788995199794,10.77420461462691,-0.2756590247222377,11.049863639349148,16.92474408994726,682561501.0,0.02362979980308509
2022-09-09 00:00:00+05:30,785.8681520982968,785.8681520982968,777.9391447938881,782.7763061523438,8732302,0.0,0.0,753.3367919921875,726.9744245121641,66.869272562571,12.446444688035058,1.1172648389487279,11.32917984908633,16.30000042369098,691293803.0,-0.003934306203525031
2022-09-12 00:00:00+05:30,786.9153122348285,802.8730371977655,784.7211128776468,798.8836059570312,15521649,0.0,0.0,755.4387237548829,729.7943924119629,70.87275680101332,14.89967726913585,2.856397936039615,12.043279333096235,16.57119546810032,706815452.0,0.015209125475285154
2022-09-13 00:00:00+05:30,802.8730352047573,806.812610719981,801.0279476100538,803.4215698242188,9887516,0.0,0.0,757.6827758789062,732.6817327026397,71.90288632548746,17.013931511322312,3.9765217425808608,13.037409768741451,15.953896132018134,716702968.0,0.0006832146496506929
2022-09-14 00:00:00+05:30,792.3011136338723,809.2062807748498,792.3011136338723,800.92822265625,10494713,0.0,0.0,759.5977020263672,735.3580656419971,70.42904524868617,18.277608063609705,4.192158635894602,14.085449427715103,16.021844061229515,706208255.0,0.010888674613632219
2022-09-15 00:00:00+05:30,803.3717667591723,804.3691246322438,785.5689530744016,787.9127197265625,5996899,0.0,0.0,760.4903411865234,737.4190324688428,63.15201125892993,18.021102472707526,3.148522435993936,14.87258003671359,16.220296025273278,700211356.0,-0.01924270639354437
2022-09-16 00:00:00+05:30,783.9730647789332,790.5057460130315,774.0493427692986,787.2144775390625,11467351,0.0,0.0,761.6996337890625,739.3717950206162,62.7772671429926,17.55906763328028,2.149190077253351,15.409877556026927,16.237160826591822,688744005.0,0.004134597100020633
2022-09-19 00:00:00+05:30,787.2145351089238,799.8809919188258,784.6214290607388,795.9912719726562,11427799,0.0,0.0,763.724267578125,741.5921666657943,65.5449424585657,17.697114336314485,1.8297894242300465,15.867324912084438,16.167332400270045,700171804.0,0.011149104179736821
2022-09-20 00:00:00+05:30,804.6682480720694,814.0434355925722,799.8809428829591,810.6025390625,8274079,0.0,0.0,767.2598999023437,744.2984557793907,69.59769455603727,18.76916523233956,2.321472256204096,16.447692976135464,16.301963201673324,708445883.0,0.0073748293220823775
2022-09-21 00:00:00+05:30,807.1118236272765,813.8439889772724,801.227388082909,804.4189453125,6567084,0.0,0.0,770.2270385742188,746.6561220355911,66.05649548044686,18.90191939324427,1.9633811336870437,16.938538259557227,16.03872303686547,701878799.0,-0.0033364376979070133
2022-09-22 00:00:00+05:30,802.8730485783998,806.6629961360414,782.2277294401771,787.1148071289062,7804275,0.0,0.0,772.1743804931641,748.2427371372897,57.27419677934832,17.41013548308797,0.3772777788245918,17.032857704263378,16.63847615536539,694074524.0,-0.019627314028532572
2022-09-23 00:00:00+05:30,786.9153382162519,786.9153382162519,762.2307315992022,766.5692138671875,10278805,0.0,0.0,773.433544921875,748.9614224992466,48.95235163892282,14.40398810829197,-2.10309567677713,16.5070837850691,17.227447539246725,683795719.0,-0.02585554425102987
2022-09-26 00:00:00+05:30,756.9945706982912,761.4826808012455,739.042130286474,740.6378784179688,11090327,0.0,0.0,773.3188446044921,748.6350090058631,40.87903263836062,9.815999865897993,-5.352867135336886,15.16886700123488,17.96313582792292,672705392.0,-0.02160741029520755
2022-09-27 00:00:00+05:30,744.3779839512251,752.1574236394794,728.5698868677172,735.5513916015625,11358306,0.0,0.0,773.757681274414,748.1219259704003,39.502823568914344,5.703799304697895,-7.572054157229587,13.275853461927483,18.364878752482866,661347086.0,-0.011857675186482933
2022-09-28 00:00:00+05:30,731.960912592734,731.960912592734,705.8301260999683,714.5570068359375,13170668,0.0,0.0,772.0098114013672,746.8056546317939,34.360975882854056,0.7422234500359082,-10.02690400951326,10.769127459549168,19.17604923456225,648176418.0,-0.023777097188357743
2022-09-29 00:00:00+05:30,720.3417550247468,728.8691530340611,709.121478466729,717.100341796875,12090981,0.0,0.0,770.7556365966797,745.6407404029736,35.45701289934234,-2.950622347473768,-10.975799845618349,8.025177498144581,19.216879615474387,660267399.0,-0.004499826929733458
2022-09-30 00:00:00+05:30,718.0976211190294,735.8007221952278,712.5124417487707,731.2627563476562,9536017,0.0,0.0,769.9078826904297,745.0768978910005,41.33170362787505,-4.680487012725621,-10.164531608696162,5.48404459597054,19.50769396054458,669803416.0,0.01833335028754343
2022-10-03 00:00:00+05:30,729.0685336767123,740.0394692039952,719.1448116386197,720.84033203125,6405645,0.0,0.0,768.2447875976562,744.1264443278731,38.55080278087808,-6.813873667291773,-9.838334610609852,3.0244609433180782,19.606762789461072,663397771.0,-0.011285909712722371
2022-10-04 00:00:00+05:30,731.462275033306,742.5329228716269,730.0659496870798,740.83740234375,5438934,0.0,0.0,767.8857391357421,743.99746228928,46.05092753027919,-6.812471577794781,-7.869546016890288,1.0570744390955065,19.755750507383627,668836705.0,0.012816966274873305
2022-10-06 00:00:00+05:30,748.018357914177,758.3909034934762,744.0289266719681,753.1048583984375,9376433,0.0,0.0,767.8707733154297,744.3546150778743,50.07652118391002,-5.755137587897025,-5.449769621594025,-0.30536796630299967,19.59844698183667,678213138.0,0.0067999674479166305
2022-10-07 00:00:00+05:30,751.8083648013422,755.4986011666381,740.3387490740599,753.703369140625,7500540,0.0,0.0,766.6714508056641,744.7212328842568,50.27148479791572,-4.813411951558692,-3.6064351882045536,-1.2069767633541382,19.281404489746777,685713678.0,0.0025205949122200835
2022-10-10 00:00:00+05:30,746.0236745860083,776.6425728701322,743.0316010248345,774.7974243164062,14106654,0.0,0.0,766.2725067138672,745.900691371792,56.69096732548002,-2.338022371156626,-0.9048364862419902,-1.4331858849146357,20.30494501514327,699820332.0,0.03856948607745649
2022-10-11 00:00:00+05:30,777.9391025225146,793.3981487905902,772.4536344919071,783.4744262695312,15953495,0.0,0.0,765.5020477294922,747.3741711717034,59.03366344621712,0.3202120413296825,1.4027183409954547,-1.0825062996657722,20.350628535396115,715773827.0,0.007115368965344437
2022-10-12 00:00:00+05:30,787.4140108474573,808.6577205612805,781.3800081196047,806.5632934570312,21228018,0.0,0.0,765.6591339111328,749.6953132221084,64.53156670570144,4.241072145370708,4.258862756029185,-0.01779061065847609,20.845420242987522,737001845.0,0.024319204822078812
2022-10-13 00:00:00+05:30,804.8677706064428,812.7967775474184,793.4978669695091,799.8809814453125,13024911,0.0,0.0,765.6067718505859,751.6633786426263,61.9406438147002,6.731577853922545,5.399494771664816,1.3320830822577283,20.734955266910504,723976934.0,-0.00619578686493179
2022-10-14 00:00:00+05:30,813.3951720065256,818.5315892179959,792.350945989795,798.3849487304688,8220645,0.0,0.0,766.1303833007812,753.4955970774437,61.34679867349517,8.486773986174512,5.723752723133427,2.763021263041085,21.123932978431245,715756289.0,-0.018453789489589513
2022-10-17 00:00:00+05:30,801.3770161317528,814.8413468321619,794.993901672373,811.9989013671875,9463827,0.0,0.0,767.3696044921875,755.7898443044925,64.66659061023987,10.851225593732124,6.470563464552831,4.380662129179293,21.03275527709965,725220116.0,0.013254541896779751
2022-10-18 00:00:00+05:30,817.8334346909977,820.7257967973885,809.4057487075133,814.1930541992188,8470882,0.0,0.0,768.2796936035156,758.0801662611485,65.18557223452677,12.755087613675869,6.69954038759726,6.055547226078609,20.33899047801219,733690998.0,-0.004451249285442093
2022-10-19 00:00:00+05:30,816.2875062007095,836.2346622646335,814.7416137805332,827.6573486328125,10868663,0.0,0.0,769.1324340820313,760.8086832169001,68.26588124937018,15.17543504720993,7.2959102569050565,7.879524790304874,20.46060601996951,744559661.0,0.013928722840586286
2022-10-20 00:00:00+05:30,822.7205274770317,829.7020325344839,814.7915202727181,823.66796875,11813817,0.0,0.0,770.0948852539062,763.2737532378061,66.39151657112191,16.580538087991386,6.9608106381492085,9.619727449842177,20.064170751526387,732745844.0,0.0011515955191657872
2022-10-21 00:00:00+05:30,857.827485971986,903.606236892592,853.5887149931851,898.0210571289062,58057724,0.0,0.0,775.6401977539062,768.5579612335356,78.33245395802051,23.42375079019166,11.043218672279586,12.380532117912075,24.340891993745366,790803568.0,0.04685507495878123
2022-10-24 00:00:00+05:30,913.5797394826684,916.023278253224,902.608803746523,907.0470581054688,3085307,0.0,0.0,782.6640899658203,773.9889062089055,79.29420457073648,29.238327762522317,13.486236515688194,15.752091246834123,23.888129788786255,793888875.0,-0.00715064169538053
2022-10-25 00:00:00+05:30,903.307045059604,908.1940621525088,889.2442624121846,900.4645385742188,13187308,0.0,0.0,790.6554229736328,778.9487349291138,76.62308196055716,32.93560642196928,13.746812140108126,19.188794281861156,23.53539192818182,780701567.0,-0.003146777721851675
2022-10-27 00:00:00+05:30,906.598280571366,917.5193611424662,898.8687572771659,912.7320556640624,11967044,0.0,0.0,799.5144561767578,784.1951396638177,78.10347416397589,36.4356055221848,13.797448992258914,22.638156529925887,23.186478495118855,792668611.0,0.006765703425811379
2022-10-28 00:00:00+05:30,912.5824400423612,915.5246578981508,896.5250028786047,900.6640014648438,7320207,0.0,0.0,808.8198059082031,788.762546008956,73.19299028901702,37.799855701365345,12.129359337151566,25.67049636421378,22.88741967543509,785348404.0,-0.013060122630635124
2022-10-31 00:00:00+05:30,905.6009168477513,915.5744952271316,899.71648125436,903.606201171875,9038777,0.0,0.0,818.1450988769532,793.266218760443,73.62831310215947,38.672650482750214,10.401723294829146,28.270927187921068,22.385319268101984,794387181.0,-0.002202643171806329
2022-11-01 00:00:00+05:30,901.6115073621668,901.6115073621668,866.7039821877464,869.4467163085938,29191921,0.0,0.0,825.054296875,796.2536892525274,61.20175678866396,36.19077694080704,6.335879802308774,29.854897138498266,23.4222406763896,765195260.0,-0.03567477876106211
2022-11-02 00:00:00+05:30,872.6880694591467,874.6827850464819,859.3234506744454,861.268310546875,11029140,0.0,0.0,832.0756958007812,798.8032822444626,58.64956807243488,33.18145017976508,2.6612424330134488,30.52020774675163,22.846318797507227,754166120.0,-0.013085728236607143
2022-11-03 00:00:00+05:30,855.6333146216878,878.0738660042765,853.7383103776014,861.7670288085938,10185978,0.0,0.0,838.1221771240234,801.2724487763893,58.76249890669239,30.485363146495843,-0.027875680204633824,30.513238826700476,22.952692856733506,764352098.0,0.007168624785978523
2022-11-04 00:00:00+05:30,866.7039207759291,870.5936405121658,860.021611398391,865.8062744140625,7323879,0.0,0.0,843.7572479248047,803.8031870366902,59.721966731891236,28.34785172261593,-1.7323096832676406,30.08016140588357,22.068359732236463,771675977.0,-0.0010357012820052167
2022-11-07 00:00:00+05:30,873.9348234455263,874.4833580928819,859.0243112872834,870.6435546875,9931261,0.0,0.0,849.6042572021485,806.4243779249574,60.895382162748675,26.73599075167226,-2.6753365233690474,29.41132727504131,21.596265951762323,781607238.0,-0.0037660345711483284
2022-11-09 00:00:00+05:30,872.7379492363614,878.4229009917846,866.2052676825034,871.3915405273438,10190209,0.0,0.0,854.4339630126954,808.9721097917177,61.084175465346675,25.22812144540285,-3.3465646637107724,28.57468610911362,20.926363620156526,791797447.0,-0.0015427411059593778
2022-11-10 00:00:00+05:30,841.4708251953125,854.4364771678939,838.7779468416134,841.4708251953125,18956575,0.0,0.0,857.3337829589843,810.2465692193097,50.56720274775732,21.37240470949814,-5.761825119692386,27.134229829190527,21.761165767697516,772840872.0,0.0
2022-11-11 00:00:00+05:30,844.7621561086562,852.4418242480597,841.9197103933864,848.452392578125,19329819,0.0,0.0,859.4282379150391,811.7448368020083,52.617177913353906,18.66491800154074,-6.7754494621198305,25.44036746366057,20.990439573772495,792170691.0,0.004368373325892867
2022-11-14 00:00:00+05:30,848.2528469565332,851.6438879782266,845.1111453960264,848.7515258789062,6985306,0.0,0.0,861.8717651367188,813.1960795109063,52.70767208689258,16.354824599054837,-7.2684342916845885,23.623258890739425,19.957746931517338,799155997.0,0.0005878894767784111
2022-11-15 00:00:00+05:30,849.0008751701187,857.5781283846885,844.9615880269072,856.38134765625,7124767,0.0,0.0,864.7715850830078,814.8896194381747,55.06499358244395,14.967189344598296,-6.9248556369129055,21.8920449815112,19.433375033393336,806280764.0,0.008693127064977968
2022-11-16 00:00:00+05:30,855.7329985271361,859.3234622832887,848.3525264047356,853.139892578125,6521854,0.0,0.0,866.8286346435547,816.3896301495454,53.83721236355532,13.450866853027264,-6.75294250278715,20.203809355814414,18.82891509376189,799758910.0,-0.003030274575684622
2022-11-17 00:00:00+05:30,853.1399053900328,859.124052322746,850.4470270955337,855.9324951171875,4909607,0.0,0.0,868.9156066894532,817.9403307365118,54.772830445915716,12.332350381516221,-6.297167179438556,18.629517560954778,18.10378010329406,804668517.0,0.0032733080582814608
2022-11-18 00:00:00+05:30,857.02958204018,863.5124080176003,852.7409554914342,856.9298706054688,7065304,0.0,0.0,870.3792327880859,819.4693323000004,55.12266914086283,11.395042924195081,-5.787579709407758,17.18262263360284,17.580042419213488,811733821.0,-0.00011634538270416216
2022-11-21 00:00:00+05:30,857.7277257453736,868.6488060560957,856.7303679247394,867.7511596679688,7209207,0.0,0.0,872.5833923339844,821.3627372948226,58.842493871748964,11.394063925020987,-4.630846966865484,16.02491089188647,17.175642112937975,818943028.0,0.011686032317405469
2022-11-22 00:00:00+05:30,872.6382373386323,874.6828086961542,866.0556391981127,867.7511596679688,5535233,0.0,0.0,871.0698974609375,823.1818911133774,58.84249387174896,11.263450020539608,-3.8091686970774923,15.0726187176171,16.56503692615966,818943028.0,-0.0056003478435326355
2022-11-23 00:00:00+05:30,871.590980937978,875.4806397228283,866.4545640647585,872.3888549804688,5861417,0.0,0.0,869.3369873046875,825.1115759709105,60.47105211564896,11.402717385028154,-2.935921066071158,14.338638451099312,16.02653969272467,824804445.0,0.0009154225547769315
2022-11-24 00:00:00+05:30,875.6801641054085,878.4727538207161,870.7930864482026,876.2286987304688,4928778,0.0,0.0,868.1251953125,827.1161690203049,61.81817420821729,11.688196817205267,-2.120353307115238,13.808550124320504,15.430334526995296,829733223.0,0.000626409786980429
2022-11-25 00:00:00+05:30,880.6669692241182,889.4437060065,878.5725421179889,885.4044189453125,7614047,0.0,0.0,866.7588134765625,829.4019827428543,64.89675308856773,12.510630499813715,-1.0383356996054314,13.548966199419146,15.272096866212145,837347270.0,0.005379388448471074
2022-11-28 00:00:00+05:30,885.3546235597623,897.1234346522389,882.9609402405929,889.3440551757812,7928147,0.0,0.0,866.1928161621094,831.752652250028,66.15842043481777,13.32668906155493,-0.17782171029137395,13.504510771846304,15.192839548028847,845275417.0,0.004506026748895866
2022-11-29 00:00:00+05:30,892.0369210816006,899.5171052558966,887.6485220164558,890.1917724609375,5661158,0.0,0.0,865.5220947265625,834.0443824543773,66.43794866242874,13.881804253056316,0.3018347849680083,13.579969468088308,14.955392668843986,850936575.0,-0.002068466648696333
2022-11-30 00:00:00+05:30,892.6352877676404,902.7085778387012,883.1105323466861,898.8687744140625,10452798,0.0,0.0,866.993197631836,836.5865154724042,69.2387503501628,14.850708855159382,1.016591509656859,13.834117345502523,15.287010727641924,861389373.0,0.006983240223463698
2022-12-01 00:00:00+05:30,907.0969491334744,907.0969491334744,897.1233708032547,901.4618530273438,7053100,0.0,0.0,869.0028747558594,839.1306463569117,70.04331019968586,15.6474385740471,1.4506569828356621,14.196781591211439,14.907479842111762,868442473.0,-0.006212231351360707
2022-12-02 00:00:00+05:30,895.9266066509533,904.6036327228536,889.0448735327468,902.758544921875,7988851,0.0,0.0,871.0524505615234,841.6258580653417,70.45939283849641,16.196778435713213,1.599997475601418,14.596780960111795,14.953999795539978,876431324.0,0.007625555732137507
2022-12-05 00:00:00+05:30,904.603598046848,904.9027932363624,895.228409616099,896.82421875,5098164,0.0,0.0,872.6033477783203,843.7904996608186,65.94512066170435,15.969200701818181,1.0979357933651066,14.871264908453075,14.576884354448792,871333160.0,-0.008599766034144285
2022-12-06 00:00:00+05:30,895.128632946124,904.5038206936672,893.3334010659682,902.259765625,5351099,0.0,0.0,874.1841583251953,846.0834120515708,67.96939996118635,16.04251874418742,0.937003068587476,15.105515675599943,14.33356544539523,876684259.0,0.007966601018454127
2022-12-07 00:00:00+05:30,900.4146711757867,915.5745229461886,897.4724532900154,912.2333984375,9103656,0.0,0.0,876.2262512207031,848.6775291647446,71.33621625324052,16.712758360782118,1.2857941481457402,15.426964212636378,14.602744317593654,885787915.0,0.013125871490165853
2022-12-08 00:00:00+05:30,913.2307104046128,941.4559244793386,911.3357062008498,936.8680419921876,17466047,0.0,0.0,880.9961120605469,852.1359806481737,77.59935981471594,19.01257283557311,2.868486898349385,16.144085937223725,15.71113531480045,903253962.0,0.02588319831809225
2022-12-09 00:00:00+05:30,941.5058058572178,942.5031637024056,925.1491128465822,931.2330322265624,8018981,0.0,0.0,885.1351440429687,855.2378258081105,73.63583884580406,20.148237837817533,3.2033215204750434,16.94491631734249,15.828486424873518,895234981.0,-0.010911004017975501
2022-12-12 00:00:00+05:30,927.443041138466,938.6633163711524,919.5638901810682,936.169921875,7621788,0.0,0.0,889.5060638427734,858.4116334970081,74.84794305534284,21.202220272068644,3.405843163780922,17.79637710828772,16.062124979531422,902856769.0,0.009409613689937724
2022-12-13 00:00:00+05:30,937.7158490600958,946.791781013088,934.1253243281592,942.1041870117188,8136559,0.0,0.0,893.7922058105469,861.6936944191536,76.26077574447925,22.25975791354699,3.5707046442074173,18.689053269339574,15.819577244202662,910993328.0,0.004679816338842421
2022-12-14 00:00:00+05:30,943.1514470955916,947.6395572868432,936.0203143310464,939.9100341796876,8573479,0.0,0.0,898.130712890625,864.7610018607432,74.5923904089058,22.65960845615541,3.176444149452667,19.483164306702744,15.51955336645939,902419849.0,-0.0034367894211325585
2022-12-15 00:00:00+05:30,937.2670128133814,942.4532856602846,930.1358800396532,935.6712646484376,7359261,0.0,0.0,902.1176513671875,867.5417964798686,71.34513018734641,22.376517055920885,2.314682199374513,20.061834856546373,15.290828527471673,895060588.0,-0.0017025544942137906
2022-12-16 00:00:00+05:30,929.7868270255402,942.7026229600187,926.6451255452462,932.6292724609376,6926928,0.0,0.0,905.902621459961,870.0942465183418,69.02283027925262,21.65705271250738,1.2761742847688033,20.380878427738576,15.345590590850309,888133660.0,0.0030570936829580567
2022-12-19 00:00:00+05:30,932.629303519984,945.5949556024392,929.9364860173572,943.7000122070312,4842336,0.0,0.0,909.700064086914,872.9807471335846,72.52755930346538,21.72970173701401,1.0790586474203465,20.650643089593665,15.367939090438286,892975996.0,0.01187042766645178
2022-12-20 00:00:00+05:30,941.2564535961868,950.2326740808128,937.9651849266024,947.2406005859376,9511818,0.0,0.0,913.6745361328125,875.8928982493632,73.55792575980847,21.821428658383297,0.9366284550317054,20.884800203351592,15.14647838070772,902487814.0,0.006357615894039954
2022-12-21 00:00:00+05:30,950.5817624990192,956.3664868499249,925.5481042865168,929.8367309570312,8368960,0.0,0.0,916.5469299316406,878.0083426692718,61.372906418205595,20.256274353920844,-0.5028206795446017,20.759095033465446,16.265900108043457,894118854.0,-0.021823510991259256
2022-12-22 00:00:00+05:30,933.5269094651918,933.5269094651918,910.5378241365802,917.120361328125,9202717,0.0,0.0,918.5915130615234,879.5421473225601,54.295666441596694,17.784761873145158,-2.3794665282562306,20.164228401401388,16.746127623798326,884916137.0,-0.017574799366486343
2022-12-23 00:00:00+05:30,909.5902851094548,914.8264133954466,901.6114229593718,904.2045288085938,6371695,0.0,0.0,919.5315185546875,880.5092995376988,48.2142270197103,14.615393524846695,-4.439067901243753,19.054461426090448,16.657756962723674,878544442.0,-0.005921079401384546
2022-12-26 00:00:00+05:30,905.6008968559764,930.4849865379754,902.7085348402504,926.2462158203124,4764440,0.0,0.0,921.3766265869141,882.3029040978013,57.0545053030717,13.724024198484017,-4.264349782085148,17.988373980569165,17.451949443795193,883308882.0,0.02279737027206071
2022-12-27 00:00:00+05:30,929.9863389741026,935.3221791195604,920.1623276318433,929.7369995117188,3346083,0.0,0.0,923.3538879394531,884.1630647022686,58.26949312143977,13.147725856078523,-3.872518499592516,17.02024435567104,17.288228161218186,886654965.0,-0.00026811088715447256
2022-12-28 00:00:00+05:30,928.490322634285,934.9731487989412,918.8657948248916,922.2568359375,5956496,0.0,0.0,924.523291015625,885.6569380840424,54.69839535689895,11.949670221708288,-4.056459307170201,16.00612952887849,17.20388000499186,880698469.0,-0.006713572069442302
2022-12-29 00:00:00+05:30,920.3617949883478,941.5057931967824,913.380290165914,932.0807495117188,12204113,0.0,0.0,926.0542358398437,887.4774797086573,58.31191612467809,11.658518084213938,-3.4780891557316416,15.13660723994558,17.983995935411617,892902582.0,0.012732986731070586
2022-12-30 00:00:00+05:30,938.7630818684896,941.0071370442708,927.8918568895924,931.2828979492188,3704449,0.0,0.0,927.4804534912109,889.1953392475028,57.90792001273766,11.233900551741499,-3.1221653505632663,14.356065902304765,17.636230522502103,889198133.0,-0.00796812749003988
2023-01-02 00:00:00+05:30,929.7868500899776,942.5031626012644,929.3380268853892,939.1121215820312,3498198,0.0,0.0,929.5948486328125,891.1528601233667,60.779459108430316,11.39775479129105,-2.3666488888109747,13.764403680102024,17.316866607743037,892696331.0,0.010029472336752438
2023-01-03 00:00:00+05:30,942.2538881291472,963.0487762617192,940.109544267043,959.7575073242188,6927819,0.0,0.0,932.4697357177735,893.8432384449687,67.14462542714315,13.043167034858584,-0.5769893161947515,13.620156351053335,17.789708612881963,899624150.0,0.018576330026958174
2023-01-04 00:00:00+05:30,960.9542909190052,967.4371169604932,952.4767491724444,954.9202880859376,9059392,0.0,0.0,934.6040802001953,896.2384168622617,64.50322023530175,13.797792562407722,0.1421089690835089,13.655683593324213,17.587612839679593,890564758.0,-0.006279177782011856
2023-01-05 00:00:00+05:30,957.4635394400372,959.3585437114026,935.7710061245988,947.0411376953124,6998980,0.0,0.0,935.1127349853516,898.2306804243422,60.33939022814908,13.603247374057105,-0.041948975413685474,13.64519634947079,18.01617889304561,883565778.0,-0.010885429382324263
2023-01-06 00:00:00+05:30,944.0490803274756,948.437479308072,931.831446411515,937.4166870117188,5787783,0.0,0.0,935.4219177246093,899.7673865650236,55.616613847484736,12.528040720401009,-0.893724503255827,13.421765223656836,17.915454179010712,877777995.0,-0.007025475109256184
2023-01-09 00:00:00+05:30,944.2983589138792,957.4634941329856,938.8627466942838,956.216796875,7025747,0.0,0.0,936.4242614746094,901.9810889301207,61.89127159752828,13.042596513947615,-0.3033349677673769,13.345931481714992,18.06769367488615,884803742.0,0.012621474821611774
2023-01-10 00:00:00+05:30,961.4529432194536,961.4529432194536,940.2590894399792,949.63427734375,7140150,0.0,0.0,936.8007659912109,903.8498414169297,58.75899284048272,12.772003665783814,-0.45914225274494314,13.231145918528757,18.29099082521388,877663592.0,-0.012292505794540939
2023-01-11 00:00:00+05:30,950.4820135387192,953.224747575688,940.3089514813648,947.2406005859376,7100355,0.0,0.0,937.1672943115234,905.5514398157144,57.617061133342254,12.223502249467629,-0.8061149352489032,13.029617184716532,17.907048344435967,870563237.0,-0.0034102833158447476
2023-01-12 00:00:00+05:30,946.841713099645,947.1908248945438,921.5587142814178,933.0781860351562,8661375,0.0,0.0,937.0376403808593,906.630920059614,51.26853151802337,10.52470023833746,-2.0039335571032595,12.528633795440719,18.462393913013386,861901862.0,-0.014536249168228434
2023-01-13 00:00:00+05:30,933.0282324261028,934.973092332822,920.5612597854548,931.6818237304688,9083608,0.0,0.0,936.990267944336,907.6133084388633,50.67565140298094,8.962399672681158,-2.8529872982076494,11.815386970888808,18.173068101181517,852818254.0,-0.0014430524702699235
2023-01-16 00:00:00+05:30,937.965223470109,939.2617765297222,909.2911846325942,910.7373657226562,10008273,0.0,0.0,935.3421356201172,907.7358204892082,42.69948297463347,5.965456429191363,-4.6799444333579565,10.64540086254932,19.015748372320548,842809981.0,-0.029028643137450422
2023-01-17 00:00:00+05:30,912.532534594739,917.2699841619228,904.3043327148936,915.2752685546876,6904960,0.0,0.0,933.7438690185547,908.0314851192271,44.72931712942688,3.911439510730929,-5.3871690814547115,9.29860859218564,18.5835985919426,849714941.0,0.0030056286827808143
2023-01-18 00:00:00+05:30,919.4641667501236,923.1543418571546,910.83699755648,921.55859375,5730939,0.0,0.0,933.3299621582031,908.5619599674927,47.50238571658709,2.758826105742969,-5.231825989154138,7.990652094897107,18.13600899970917,855445880.0,0.002277877785361924
2023-01-19 00:00:00+05:30,921.159654434783,935.5216313335968,918.317209008965,926.2462158203124,7721730,0.0,0.0,933.7862548828125,909.2554601970152,49.53656995026348,2.198283163218889,-4.633895145342574,6.832178308561463,18.069467094346496,863167610.0,0.005521910736147578
2023-01-20 00:00:00+05:30,928.7894712435568,932.3799350512912,922.2069339714136,928.09130859375,4511360,0.0,0.0,934.9805938720704,909.9941209184557,50.352029674208765,1.8812465700827943,-3.960745390782936,5.84199196086573,17.50543380759872,867678970.0,-0.0007516909605704806
2023-01-23 00:00:00+05:30,933.5269253901992,937.2171615221824,922.0074546715408,930.2356567382812,5236124,0.0,0.0,935.1800659179687,910.7879066368803,51.33625169659883,1.782476480778314,-3.2476123840699325,5.0300888648482465,17.341453310673213,872915094.0,-0.003525627983940802
2023-01-24 00:00:00+05:30,932.5295668790604,932.5295668790604,901.3621348309634,907.7951049804688,18527897,0.0,0.0,934.0829711914063,910.6705418660406,41.961398925153745,-0.1053500995652712,-4.108351171530814,4.003001071965543,18.329023220489194,854387197.0,-0.02652405111547471
2023-01-25 00:00:00+05:30,902.6087877221352,905.0523264493096,881.863758145951,889.9921875,11921748,0.0,0.0,932.4697387695312,909.8596260085488,36.29813340181481,-3.003391691158754,-5.605114210499438,2.601722519340684,18.872046335776947,842465449.0,-0.013977927529350774
2023-01-27 00:00:00+05:30,889.9921752526951,890.1418032666644,848.751456111968,871.4413452148438,17300736,0.0,0.0,929.4377685546875,908.3530267617368,31.523800730960097,-6.719549682349566,-7.4570177613521995,0.737468079002634,20.4804963942712,825164713.0,-0.020843812511704658
2023-01-30 00:00:00+05:30,849.6491470072265,883.1603452440041,843.914339570577,869.54638671875,21233998,0.0,0.0,926.350942993164,906.8311977404433,31.07417746208004,-9.705658191576617,-8.3545010164634,-1.3511571751132165,21.82088991421091,803930715.0,0.023418183589789792
2023-01-31 00:00:00+05:30,870.6934445467299,876.9767871264119,858.8248612165235,869.297119140625,16856151,0.0,0.0,922.8601928710938,905.35927308947,31.011518382526216,-11.954480697156782,-8.482658817634853,-3.4718218795219293,21.558821056759303,787074564.0,-0.001603693486898594
2023-02-01 00:00:00+05:30,873.9846395179304,892.8347265366547,831.0982535510395,854.9849853515625,12409819,0.0,0.0,917.6215667724609,903.3838108252382,27.573560901714266,-14.721853951685716,-9.00002565773103,-5.721828293954687,24.428653337391864,774664745.0,-0.0217391168074163
2023-02-02 00:00:00+05:30,848.7016937743082,869.696064815547,834.8383949970716,866.1554565429688,9567053,0.0,0.0,913.1833251953125,901.9238753631885,33.74709934100985,-15.831161746071302,-8.087466761693292,-7.74369498437801,25.17358308604068,784231798.0,0.020565250307255752
2023-02-03 00:00:00+05:30,870.6934548264453,882.6617497381491,856.9797835734515,880.26806640625,7365732,0.0,0.0,909.8446716308594,901.0746279531126,40.63217458851116,-15.394073199916988,-6.120302572431182,-9.273770627485806,25.2098961630876,791597530.0,0.010996535608175895
2023-02-06 00:00:00+05:30,869.5464186317218,896.774336681514,868.2997213171303,880.3179321289062,10129098,0.0,0.0,906.9897338867188,900.2606398815751,40.655641865293106,-14.872215982747548,-4.478756284209393,-10.393459698538155,25.443090391751603,801726628.0,0.012387508322021448
2023-02-07 00:00:00+05:30,884.5068062386171,886.0527596424866,869.1973872217333,876.7772827148438,5055187,0.0,0.0,903.0177581787109,899.3397239142523,39.462847801687545,-14.576314515343483,-3.3462838534442607,-11.230030661899223,24.82968196525173,796671441.0,-0.008738794850706987
2023-02-08 00:00:00+05:30,879.7693458320437,884.1078890566288,865.9559637911517,869.4467163085938,6572818,0.0,0.0,899.0083801269532,898.1674491061873,37.03984928981211,-14.763145563142643,-2.8264919209947355,-11.936653642147908,24.35269934383925,790098623.0,-0.011733336211762705
2023-02-09 00:00:00+05:30,873.8350955880709,873.8350955880709,860.2709924440431,865.4074096679688,5993312,0.0,0.0,894.9167205810547,896.8827416772376,35.73774478168137,-15.063506081176115,-2.5014819512225657,-12.56202412995355,23.582085329567,784105311.0,-0.009644480935422372
2023-02-10 00:00:00+05:30,869.7458624222388,870.3941693456012,862.8641300861638,864.9585571289062,4603464,0.0,0.0,891.5107391357421,895.6308128714207,35.58803087732817,-15.162973286954525,-2.080759325600779,-13.082213961353746,22.435510610272033,779501847.0,-0.00550425762302558
2023-02-13 00:00:00+05:30,864.9585070868561,868.1500640557272,854.2369112941968,856.8300170898438,5707194,0.0,0.0,887.7681488037109,894.1092130368492,32.90005616249567,-15.716536561983048,-2.1074580805034397,-13.609078481479608,21.826770763933343,773794653.0,-0.009397549050518941
2023-02-14 00:00:00+05:30,860.27093388171,869.5962655722684,851.99287655064,868.4492797851562,7527755,0.0,0.0,885.6537445068359,893.102941144626,39.88920655383813,-15.044241402199987,-1.148130336576303,-13.896111065623684,21.525100639482993,781322408.0,0.009506709550843439
2023-02-15 00:00:00+05:30,869.6960345142812,869.8955182566087,859.323488652169,866.0057983398438,7322266,0.0,0.0,883.1902709960938,892.0403080934581,38.96992828484479,-14.540991675475311,-0.5159044878813006,-14.02508718759401,20.74273842269419,774000142.0,-0.004243133264944047
2023-02-16 00:00:00+05:30,870.4938669607202,871.9899036457606,859.9717544507139,862.4651489257812,5843235,0.0,0.0,880.2355987548829,890.8804979300198,37.617121658717544,-14.263443362206317,-0.19068493968984335,-14.072758422516474,20.119553477862226,768156907.0,-0.009223175877126807
2023-02-17 00:00:00+05:30,858.725155250901,865.956000054117,847.7542183080905,852.6412963867188,8420479,0.0,0.0,876.5553527832031,889.38092139891,34.08192318852695,-14.667113765328509,-0.47548427424962725,-14.191629491078881,19.982569782731105,759736428.0,-0.007084756778092407
2023-02-20 00:00:00+05:30,857.4285526319146,858.9245894013524,840.2739855009157,844.5127563476562,5992322,0.0,0.0,872.3764251708984,887.6213855145471,31.448371772641465,-15.464663699490984,-1.0184273667296804,-14.446236332761304,19.887429362567214,753744106.0,-0.015063408192569233
2023-02-21 00:00:00+05:30,846.7568188104417,846.7568188104417,835.1874920431541,841.8198852539062,9677064,0.0,0.0,867.9556365966797,885.825248249424,30.604662161001837,-16.12810520297171,-1.3454950961683245,-14.782610106803386,19.2932791771901,744067042.0,-0.005830403070708134
2023-02-22 00:00:00+05:30,837.7805863154392,840.7726598379944,827.3581847037606,831.1481323242188,6984037,0.0,0.0,864.1232879638671,883.6810476249061,27.460479106296397,-17.315407410027433,-2.0262378425792367,-15.289169567448196,18.948166418115502,737083005.0,-0.007916695731026687
2023-02-23 00:00:00+05:30,830.8488877972475,846.0087382525302,828.006442469208,842.1190185546875,8437003,0.0,0.0,861.7296295166016,882.0511641319564,34.86849613206789,-17.17313294520443,-1.5071707022049843,-15.665962242999445,18.88060422991598,745520008.0,0.013564597513417247
2023-02-24 00:00:00+05:30,847.8538987685147,852.3420091720334,842.2188633417659,849.1505126953125,7763814,0.0,0.0,860.615087890625,880.76094250699,39.15720934281772,-16.305042217156938,-0.5112639793259941,-15.793778237830944,18.262203257589547,753283822.0,0.0015292893370911136
2023-02-27 00:00:00+05:30,849.5992567522266,856.1818550600585,843.714881985254,852.0926513671875,8064267,0.0,0.0,859.7424011230469,879.6366957956252,40.91047058979367,-15.204401186119412,0.4715016413692261,-15.675902827488638,17.848258244533472,761348089.0,0.0029347890727829474
2023-02-28 00:00:00+05:30,853.6884782219203,855.3340821777266,837.7806080724329,841.8697509765625,13012372,0.0,0.0,858.3710327148438,878.1556391360541,36.928526472741524,-14.984308088278112,0.5532757913684208,-15.537583879646533,17.827202234587777,748335717.0,-0.01384430919106938
2023-03-01 00:00:00+05:30,843.8146246888036,866.4546608063794,842.8172668058611,862.8641967773438,12345125,0.0,0.0,858.7649932861328,877.5559747298303,48.10068904337054,-12.966338525083415,2.056996283650495,-15.02333480873391,18.309895634247,760680842.0,0.022575541512527757
2023-03-02 00:00:00+05:30,863.7118776816358,864.5097517679955,841.2713265871361,843.2161865234375,13900508,0.0,0.0,857.6180297851563,876.2093163687953,40.814255721218885,-12.804906340269895,1.7747427747712123,-14.579649115041107,18.661933459005027,746780334.0,-0.02372977805192692
2023-03-03 00:00:00+05:30,847.5047937811358,856.3313859952318,843.3657345457999,850.3971557617188,7977804,0.0,0.0,856.1244842529297,875.1970747763609,44.144519711885266,-11.959662423299392,2.0959893533933744,-14.055651776692766,18.265738174204262,754758138.0,0.0034127971921889136
2023-03-06 00:00:00+05:30,854.6858146198489,861.4678357686325,853.3393450092184,857.2290649414062,10781567,0.0,0.0,854.9700408935547,874.492446939696,47.18910919410722,-10.61614622987679,2.751604437452782,-13.367750667329572,17.75180544796923,765539705.0,0.0029756552385142424
2023-03-08 00:00:00+05:30,856.2316930866406,860.2211243881509,850.7960807635548,858.6752319335938,8785735,0.0,0.0,854.0649383544921,873.8721639982803,47.8372722742882,-9.32718835554067,3.232449849431122,-12.559638204971792,17.157036746299724,774325440.0,0.0028538290122670303
2023-03-09 00:00:00+05:30,860.2211566155239,871.9401115027498,859.7224776841525,865.5071411132812,14746065,0.0,0.0,853.8679595947266,873.544123885143,50.90293684025233,-7.666032726207732,3.9148843830112483,-11.58091710921898,16.87902551936089,789071505.0,0.006144913383152133
2023-03-10 00:00:00+05:30,857.3287766059132,859.3234922898487,843.2660553837247,849.649169921875,11198583,0.0,0.0,853.0800476074219,872.6070668669756,44.382635706793074,-7.542218664635016,3.230958755667171,-10.773177420302186,17.26202982008915,777872922.0,-0.008957598174227895
2023-03-13 00:00:00+05:30,843.365747946297,854.7356514398607,826.2610978636376,830.1507568359375,8315798,0.0,0.0,851.3396575927734,870.9421135324251,37.94640279043488,-8.914691100006053,1.4867890562369084,-10.401480156242961,18.06292437409872,769557124.0,-0.01566934766148577
2023-03-14 00:00:00+05:30,825.8122531130239,833.4919202986354,815.2402848502629,830.6494140625,12573734,0.0,0.0,850.0306274414063,869.3620076708595,38.19325785878061,-9.848619171183486,0.44228878804758054,-10.290907959231067,18.076403736546844,782130858.0,0.0058574584371226274
2023-03-15 00:00:00+05:30,835.835689825817,841.2713019957064,817.1850868421243,821.8726806640625,6652641,0.0,0.0,847.7017974853516,867.4996811215733,35.51528676804264,-11.168232498947873,-0.7018596317734431,-10.46637286717443,18.50567598062079,775478217.0,-0.0167054474123548
2023-03-16 00:00:00+05:30,819.3294536392584,835.6861463268352,812.1484651209591,828.3555297851562,8791383,0.0,0.0,845.8192840576172,865.9646163632825,38.9218967324986,-11.55769392273362,-0.8730568444473512,-10.684637078286269,18.865104925281884,784269600.0,0.011016418494179891
2023-03-17 00:00:00+05:30,832.7938167758774,839.276642894492,820.8255224030504,835.1875,7762461,0.0,0.0,844.4554016113282,864.757670623546,42.37673885723812,-11.186115432233692,-0.4011826831579377,-10.784932749075754,18.83553460857901,792032061.0,0.002874280735404132
2023-03-20 00:00:00+05:30,833.7912045973819,838.7779940985624,823.3688023651356,835.3370971679688,10744023,0.0,0.0,843.5901916503906,863.603922644896,42.45349686494394,-10.75558190710683,0.023480673575139832,-10.77906258068197,18.59079583178243,802776084.0,0.0018540523839338226
2023-03-21 00:00:00+05:30,837.8803087329111,855.0847317131189,836.5338999796693,853.33935546875,11489951,0.0,0.0,844.0315216064453,863.2013905987726,50.9252327773907,-8.859620996963827,1.5355532669745156,-10.395174263938342,18.673427168451553,814266035.0,0.01845018503802403
2023-03-22 00:00:00+05:30,853.3393206214389,857.5282356116426,844.8119234933862,847.4050903320312,8018924,0.0,0.0,844.3107818603515,862.5819278432141,48.39600676220952,-7.746605867479275,2.1188547171672543,-9.865460584646529,18.24791895058047,806247111.0,-0.006954127327785723
2023-03-23 00:00:00+05:30,844.7620800965633,858.8747177086536,842.8670758742992,846.5573120117188,9857892,0.0,0.0,845.0812408447266,861.9535115360967,48.02901330162851,-6.853934097936872,2.4092211893677256,-9.263155287304597,18.087899156564326,796389219.0,0.00212513316761359
2023-03-24 00:00:00+05:30,844.0141063949059,850.2475931481916,835.0378854701742,837.680908203125,8078718,0.0,0.0,844.8593353271484,861.0016447387253,44.24580442265495,-6.784529065528545,1.982900977420842,-8.767430042949387,17.882314050953838,788310501.0,-0.007503663912481607
2023-03-27 00:00:00+05:30,838.8277998735553,839.9747857400914,827.0091338090191,831.1481323242188,10602508,0.0,0.0,843.9592163085938,859.8309187616858,41.645804680786846,-7.173968451383189,1.274769273252959,-8.448737724636148,17.53112389953373,777707993.0,-0.009155237285285648
2023-03-28 00:00:00+05:30,835.1874828184127,835.1874828184127,823.867434765989,830.2505493164062,11002402,0.0,0.0,842.8671112060547,858.6709042736356,41.28682141433819,-7.4689322164066425,0.7838444065836043,-8.252776622990247,17.087475624740158,766705591.0,-0.005911167975538088
2023-03-29 00:00:00+05:30,830.3004281081028,846.2082983349227,827.8070334290995,840.3737182617188,17121194,0.0,0.0,842.7923095703125,857.9533675672859,46.85127290346576,-6.807366905999515,1.1563277735925857,-7.963694679592101,17.181317716246088,783826785.0,0.012132102805930937
2023-03-31 00:00:00+05:30,852.6412256465586,858.6253725734296,845.2607534205282,856.231689453125,12946752,0.0,0.0,842.4606842041015,857.8858507784953,54.17751446007075,-4.946446332366008,2.413798677780875,-7.360245010146883,17.257770330207855,796773537.0,0.004210990154556201
2023-04-03 00:00:00+05:30,861.7171614119438,864.5097511491489,854.1871220026246,862.3155517578125,13266882,0.0,0.0,843.4156524658204,858.05956454239,56.64655604309193,-2.9467680200870063,3.5307815920479024,-6.477549612134909,16.762403102801883,810040419.0,0.0006944161874276576
2023-04-05 00:00:00+05:30,868.6986979828679,868.6986979828679,854.7356879119607,858.2264404296875,11890015,0.0,0.0,843.8071166992188,858.0661086948331,54.52017428093289,-1.6726840008004729,3.8438924890675494,-5.516576489868022,16.56244645766655,798150404.0,-0.012055109070034445
2023-04-06 00:00:00+05:30,859.5229861540353,860.9691672166958,846.756817801303,849.6990356445312,19677316,0.0,0.0,843.430615234375,857.7379881830566,50.2813331549164,-1.3356569144111745,3.3447356603654788,-4.680392574776653,16.394582383218427,778473088.0,-0.01142953785734296
2023-04-10 00:00:00+05:30,852.5414731343576,852.6911011605596,841.7201648732404,845.1111450195312,15656078,0.0,0.0,842.7524108886719,857.2428178629183,48.11392095065006,-1.4223687693549891,2.606419044337331,-4.02878781369232,16.007179090654198,762817010.0,-0.008715503408307923
2023-04-11 00:00:00+05:30,846.0087653724299,853.439093258407,841.8198503806001,851.04541015625,23930907,0.0,0.0,842.0293243408203,856.9997822665784,51.052924131615015,-1.0007074052638245,2.422464326742797,-3.4231717320066215,15.693755075450818,786747917.0,0.005953419148799048
2023-04-12 00:00:00+05:30,852.6412558734322,854.3866321223113,844.4130535572876,848.8013916015625,13480335,0.0,0.0,841.9869354248046,856.6782767503033,49.90183254832964,-0.837951891831267,2.068175872140284,-2.906127763971551,15.285171038991736,773267582.0,-0.004503493404076746
2023-04-13 00:00:00+05:30,851.3945429743361,865.4074084270142,842.76737332389,862.0662231445312,23934570,0.0,0.0,843.5827087402344,856.8895687657632,56.18997961612985,0.35727562088789,2.610722707887553,-2.253447086999663,15.810518472144055,797202152.0,0.012534353500685786
2023-04-17 00:00:00+05:30,879.6696543336656,879.6696543336656,858.7251387542925,862.2657470703125,22577380,0.0,0.0,845.163525390625,857.1003992875102,56.27887314006205,1.3055523543240497,2.84719955305897,-1.5416471987349205,16.177232551231842,819779532.0,-0.01978459433903767
2023-04-18 00:00:00+05:30,863.0636244684166,869.696078776534,854.8354218882487,861.0689086914062,17238709,0.0,0.0,847.1233367919922,857.2560271072708,55.55073846469382,1.9381518348603777,2.7838392268762386,-0.845687392015861,16.08319143244995,802540823.0,-0.002311203624459267
2023-04-19 00:00:00+05:30,862.7145161360205,872.1894154461849,860.2709772970421,871.0923461914062,23494247,0.0,0.0,849.2601776123047,857.7986278556683,60.19550894889459,3.211281463943237,3.2455750847672786,-0.034293620824041304,15.785709055070864,826035070.0,0.00971101088330922
2023-04-20 00:00:00+05:30,872.488653826795,873.2865279492286,861.8668290194934,866.4546508789062,19444753,0.0,0.0,850.82353515625,858.1380797389326,57.21637352134483,3.8021932969688805,3.0691895342343374,0.7330037627345432,15.473851188975459,806590317.0,-0.006915852626189727
2023-04-21 00:00:00+05:30,868.4991631302372,871.5410922561947,855.2343165182021,861.9166259765625,15520786,0.0,0.0,852.1525115966797,858.2862580227612,54.380302392451284,3.859820885654244,2.501453698335761,1.3583671873184833,15.533345799619537,791069531.0,-0.007579209552660919
2023-04-24 00:00:00+05:30,865.7066060820845,882.0632990258189,858.2264222737716,879.9688110351562,18201632,0.0,0.0,853.483984375,859.1365542193257,62.37073225216335,5.301044489604237,3.1541418418286034,2.146902647775634,16.126455153364375,809271163.0,0.01647464031448024
2023-04-25 00:00:00+05:30,882.6616283389361,893.43308010321,872.0896603038666,876.0291748046875,36394389,0.0,0.0,854.9151885986328,859.7990099285556,59.90474954193021,6.055524542808598,3.1268975160263714,2.9286270267822267,16.49909548522002,772876774.0,-0.007514151880296528
2023-04-26 00:00:00+05:30,875.0817699116577,887.0999193895163,872.8875705471868,885.3046875,19468723,0.0,0.0,856.8525573730469,860.7992325784162,63.55798796324559,7.317559505568511,3.511145983029027,3.8064135225394837,16.335756439299274,792345497.0,0.011682242665590347
2023-04-27 00:00:00+05:30,885.6538269401998,887.6485427666416,875.1815688513799,879.0712890625,15992383,0.0,0.0,858.9220764160157,861.5157838130863,59.62616792523346,7.725691187866801,3.135422132261853,4.5902690556049475,16.05941483043945,776353114.0,-0.007432404939118782
2023-04-28 00:00:00+05:30,882.7613790119196,887.6983123782459,851.3945243829124,857.7277221679688,23004117,0.0,0.0,860.2510559082032,861.3672323760229,48.5510384974767,6.254789691666474,1.331616508849221,4.923173182817253,17.505441485074734,753348997.0,-0.02835835078327874
2023-05-02 00:00:00+05:30,867.7013634327463,874.0844782719244,861.9665555709781,868.3496704101562,12947953,0.0,0.0,862.1560119628906,861.6410534754008,53.20900202995746,5.878429237419937,0.7642048436821467,5.11422439373779,17.42339252928051,766296950.0,0.0007471544989224292
2023-05-03 00:00:00+05:30,861.5675564094298,864.5596299665021,851.7934616311052,857.578125,15103015,0.0,0.0,863.0162322998046,861.4817229469537,48.4214271884954,4.657300709352057,-0.36553894750858706,5.022839656860644,17.361450832835548,751193935.0,-0.004630433655203672
2023-05-04 00:00:00+05:30,857.7276963008517,864.8588288231408,855.2343018348607,863.6619873046875,9756391,0.0,0.0,863.3877471923828,861.5672235100021,51.097790029812444,4.13282377623284,-0.7120127045022437,4.844836480735084,16.8088134153673,760950326.0,0.0069186188453851044
2023-05-05 00:00:00+05:30,864.8588814516036,882.6616946725612,860.4704825748612,863.0137329101562,14343308,0.0,0.0,863.42265625,861.6239493688317,50.79534229337649,3.623098492017448,-0.9773903909741088,4.600488882991557,17.193270464105353,746607018.0,-0.0021334677610645174
2023-05-08 00:00:00+05:30,863.01374805145,879.0712461956198,863.01374805145,876.1290283203125,7007882,0.0,0.0,864.3177856445312,862.1927759943801,56.416062592783376,4.228686595599015,-0.29744182991403356,4.526128425513049,17.112144951345222,753614900.0,0.015197069917454717
2023-05-09 00:00:00+05:30,879.8690735863491,887.8479360793128,877.6748742260062,885.903076171875,12117151,0.0,0.0,866.1279876708984,863.1225916876152,60.076210097693604,5.434656173793428,0.7268221986243031,4.707833975169125,16.726913723320585,765732051.0,0.006857841429670031
2023-05-10 00:00:00+05:30,889.6431942064683,890.1418731269875,875.2313612286815,887.5487670898438,11893027,0.0,0.0,868.249868774414,864.0804809190752,60.6750337954178,6.448850917415712,1.3928135537972697,5.056037363618442,16.597170735819546,777625078.0,-0.0023542327196608972
2023-05-11 00:00:00+05:30,888.6458302181073,897.622050725361,886.6511145498288,893.582763671875,13816121,0.0,0.0,870.3767364501953,865.2374331838909,62.8738484422757,7.6513012169124295,2.07621108263519,5.575090134277239,16.195296838656162,791441199.0,0.005555569255927251
2023-05-12 00:00:00+05:30,892.8347664423467,911.186114500812,891.637924838255,908.2439575195312,10533272,0.0,0.0,873.3488647460938,866.9239635499945,67.61242264671958,9.67575151670826,3.280529105944816,6.395222410763444,16.434789183220506,801974471.0,0.01725872653748144
2023-05-15 00:00:00+05:30,908.2439536374152,917.0705462913144,906.7479168571682,913.3803100585938,7339579,0.0,0.0,875.9145690917969,868.7457810601356,69.10038189275669,11.561331851382874,4.132887552495544,7.428444298887331,15.99820634400091,809314050.0,0.005655260792662621
2023-05-16 00:00:00+05:30,913.779312757632,920.0626553019888,909.5903974367628,915.3750610351562,12567615,0.0,0.0,878.570034790039,870.5743802748423,69.68291229837448,13.066010745894914,4.510053157606066,8.555957588288848,15.603495738374127,821881665.0,0.0017463169227463628
2023-05-17 00:00:00+05:30,915.275357867754,916.4721995236616,908.8423872319096,912.3829956054688,10248327,0.0,0.0,881.1357391357421,872.2139338172199,67.62356022352986,13.857306532151256,4.241079155089926,9.61622737706133,15.033946920758265,811633338.0,-0.0031601006597876276
2023-05-18 00:00:00+05:30,917.5691873556405,927.0440865728996,910.1887151947456,912.283203125,13614127,0.0,0.0,883.1952819824219,873.7852777116426,67.55185463571179,14.311388941378482,3.7561292514537215,10.55525968992476,15.164048667715106,798019211.0,-0.00576085629670524
2023-05-19 00:00:00+05:30,918.4668189387248,924.5506771464436,906.5483810984672,921.6084594726562,8393002,0.0,0.0,885.9529724121094,875.6606966042314,70.68051845595807,15.24795385450193,3.7541553316617353,11.493798522840194,15.366780623448056,806412213.0,0.00342052697947384
2023-05-22 00:00:00+05:30,920.5612837744666,925.2987335013664,911.984030723741,915.1256713867188,9383158,0.0,0.0,888.6134246826172,877.2083426741328,65.92186339363793,15.290818439358532,3.037615933214669,12.253202506143863,15.22020363446073,797029055.0,-0.005904671946946147
2023-05-23 00:00:00+05:30,915.1256956371484,920.0626292371016,909.9893391635752,913.7294311523438,8273445,0.0,0.0,890.3014556884766,878.640542222298,64.90826134007278,15.038766475015791,2.2284511750975415,12.81031529991825,14.852566951536852,788755610.0,-0.0015257625170633084
2023-05-24 00:00:00+05:30,908.7425871157698,918.4169091117494,907.7950850275552,915.2752685546876,6248545,0.0,0.0,892.2637603759765,880.0771981569015,65.54000595803556,14.79322257521892,1.5863258202405355,13.206896754978384,14.550371032440953,795004155.0,0.007188703964729688
2023-05-25 00:00:00+05:30,914.2779119411406,921.1097885552584,910.039141270248,918.6163940429688,8149350,0.0,0.0,893.929345703125,881.5885391720415,66.925925518163,14.698789671876511,1.1935143335185003,13.505275338358011,14.301819336195914,803153505.0,0.004745255294002406
2023-05-26 00:00:00+05:30,915.5744897215402,925.4483566073094,912.5824162257182,924.5008544921876,4908462,0.0,0.0,896.2008239746094,883.2713750669492,69.27006280473688,14.926711852707058,1.1371492114792368,13.789562641227821,14.199256553724144,808061967.0,0.00974946863511045
2023-05-29 00:00:00+05:30,928.5401643564268,935.2224741694308,925.597946505116,927.3433227539062,7133871,0.0,0.0,899.6816040039063,884.9996867409476,70.36277681842753,15.161927988449634,1.097892277777449,14.064035710672185,13.950853919689791,815195838.0,-0.0012889497390240034
2023-05-30 00:00:00+05:30,928.3406903665872,937.2171997318496,925.5979562325213,934.97314453125,7804403,0.0,0.0,903.0127777099609,886.9594301837045,73.12521917217565,15.782075382013886,1.3744317370733619,14.407643644940524,13.784310318235404,823000241.0,0.007144418243741708
2023-05-31 00:00:00+05:30,934.8733518090172,937.4166630132828,907.7951228373204,912.4328002929688,34757004,0.0,0.0,905.7555114746094,887.958385874264,56.400183148291376,14.290002997484635,-0.09411251796471198,14.384115515449347,14.915541022358761,788243237.0,-0.024003841239698506
2023-06-01 00:00:00+05:30,919.5639303932444,928.4902952545948,913.6296390581192,917.27001953125,11817533,0.0,0.0,908.4359130859375,889.1078617039497,58.58912487464451,13.344026418955877,-0.8320712771947765,14.176097696150654,14.997109160877853,800060770.0,-0.0024945637667773872
2023-06-02 00:00:00+05:30,920.212240304744,928.0414750407,917.8185571264956,923.653076171875,11616991,0.0,0.0,911.4678802490234,890.4625759968095,61.34685629049248,12.959997704329794,-0.9728799934566901,13.932877697786484,14.695276757204434,811677761.0,0.0037391763730414062
2023-06-05 00:00:00+05:30,925.1491370131882,951.3796977259298,925.1491370131882,948.3377075195312,14520005,0.0,0.0,915.0783142089844,892.7321889977006,69.73946221004553,14.48057260573978,0.43815592636263645,14.042416679377144,15.6260870998366,826197766.0,0.025064683712732527
2023-06-06 00:00:00+05:30,948.5869905944752,968.1850959488152,948.5869905944752,965.641845703125,14457988,0.0,0.0,919.0652526855469,895.5913912214428,74.00108702122114,16.887272539088485,2.2758846877690715,14.611387851319414,15.92760862336855,840655754.0,0.01797922096523968
2023-06-07 00:00:00+05:30,970.3793637455271,978.6574219937272,965.5421414921008,974.1693115234376,15795824,0.0,0.0,923.3962799072266,898.6728782921093,75.80911452160638,19.26066978832864,3.719425549607381,15.54124423872126,15.726728043244114,856451578.0,0.003905635176825904
2023-06-08 00:00:00+05:30,970.4790025315168,972.274234410458,957.3637838856253,959.5579223632812,10209982,0.0,0.0,926.6950378417969,901.0605270792141,67.18739574130849,19.735093343608924,3.355079283910129,16.380014059698794,15.803785157141846,846241596.0,-0.011253288468630102
2023-06-09 00:00:00+05:30,964.4450372391158,979.1062097524826,960.7548010335364,972.174560546875,12947464,0.0,0.0,929.891567993164,903.849312705397,70.3256652996084,20.88834682927336,3.6066662156596507,17.28168061361371,16.071249602288955,859189060.0,0.00801447776628751
2023-06-12 00:00:00+05:30,970.429135033108,975.316212580672,966.0407363833,971.6259765625,7465375,0.0,0.0,932.8038513183594,906.5072210919501,70.01211523002007,21.51008748362699,3.3827254960106217,18.127361987616368,15.585837216223455,851723685.0,0.0012333116207925879
2023-06-13 00:00:00+05:30,971.7257076265169,987.0850423372962,971.7257076265169,983.2451782226562,15233785,0.0,0.0,936.1973571777344,909.5165527441346,72.78029513859346,22.678964909544675,3.641282337542645,19.03768257200203,15.576782113264361,866957470.0,0.011854652507111514
2023-06-14 00:00:00+05:30,983.394818048502,985.589017444078,973.421239772148,975.1167602539062,8644423,0.0,0.0,939.3340454101562,912.0891099013807,68.0479343570315,22.687881517419896,2.920159156334293,19.767722361085603,15.333281796026187,858313047.0,-0.00841783751822398
2023-06-15 00:00:00+05:30,985.7385964089794,986.3869033542694,969.6313038239398,974.5682373046876,15978311,0.0,0.0,942.4482971191406,914.5392717603339,67.72789376683205,22.392559290975214,2.0998695439116872,20.292689747063527,15.434875919905002,842334736.0,-0.011331968886056776
2023-06-16 00:00:00+05:30,980.203240227096,982.8462627643448,974.618060859262,978.95654296875,8860900,0.0,0.0,945.3157012939453,917.0654392587032,68.98465696981964,22.256059886865728,1.5706961118417624,20.685363775023966,14.923672315601587,851195636.0,-0.0012718762876739228
2023-06-19 00:00:00+05:30,981.2504969948916,983.3948407233077,958.4608944575036,963.0986328125,11025846,0.0,0.0,947.7143493652344,918.8706625353227,59.90584338758266,20.630467123183053,-0.043917321472733306,20.674384444655786,15.63869188347319,840169790.0,-0.01849870572089615
2023-06-20 00:00:00+05:30,963.3977830250602,974.4185745853572,956.0173109253186,972.2742309570312,7596593,0.0,0.0,950.6415893554688,920.9649201204877,62.944634232793454,19.85370606774552,-0.6565427015282133,20.510248769273733,15.836018438942146,847766383.0,0.009213689390169722
2023-06-21 00:00:00+05:30,975.7151823757298,975.7151823757298,960.6052473193232,963.4476928710938,7805855,0.0,0.0,953.0502105712891,922.6309112087469,58.36224071059788,18.31476823035939,-1.7563844311314725,20.071152661490864,15.784155340189605,839960528.0,-0.012572818099198198
2023-06-22 00:00:00+05:30,959.6576827331884,970.8779579293866,956.1669304499264,964.0460205078124,10135883,0.0,0.0,955.3216918945312,924.2550331420437,58.582357107191434,16.94806223499029,-2.4984723412004612,19.44653457619075,15.707503350137504,850096411.0,0.004572815758766854
2023-06-23 00:00:00+05:30,957.4635460788032,962.9490143115464,952.0279335643066,955.8677978515624,6188008,0.0,0.0,956.8900390625,925.4947494051621,54.3528305103763,15.031747043989071,-3.5318300257613444,18.563577069750416,15.443973606806665,843908403.0,-0.0016666412353515444
2023-06-26 00:00:00+05:30,956.9648713775646,960.9543028371896,950.5817566926072,958.0120849609376,5799528,0.0,0.0,958.4234771728516,926.7699390348004,55.26480551648461,13.53011278006079,-4.026771431751701,17.55688421181249,15.081728788076363,849707931.0,0.0010943072360279614
2023-06-27 00:00:00+05:30,964.4450412674792,973.421261920434,958.2614104206652,970.6785278320312,6921886,0.0,0.0,960.2087463378906,928.4918444778291,60.30926503818498,13.209857870346013,-3.4776210731731823,16.687478943519196,15.10511794317779,856629817.0,0.006463288521199727
2023-06-28 00:00:00+05:30,976.4132915500628,981.4000805773868,964.4449978844848,975.6154174804688,10010996,0.0,0.0,963.3678771972657,930.3398277328346,62.10298148439423,13.202232168076193,-2.788197420354402,15.990429588430596,15.237258282443806,866640813.0,-0.0008171478988445846
2023-06-30 00:00:00+05:30,974.5183133320694,987.2346256905186,973.4212440663872,984.8410034179688,7096350,0.0,0.0,966.7464263916015,932.4771287400947,65.2622834563053,13.781749004126254,-1.7669444674434747,15.54869347156973,15.13555280685006,873737163.0,0.0105926075935957
2023-07-03 00:00:00+05:30,987.3842168463996,987.3842168463996,975.4159233088676,979.5050659179688,5562743,0.0,0.0,969.5390258789063,934.3213615705996,62.040736272711555,13.65307061067108,-1.5164982887189211,15.16956889939,14.909320001898767,868174420.0,-0.007979822640467142
2023-07-04 00:00:00+05:30,979.5050965987062,982.2478306203004,966.4397334272136,968.13525390625,7396806,0.0,0.0,970.5289031982422,935.6473965641546,55.72819224646844,12.489670106480276,-2.143919034327782,14.633589140808057,14.973518372697914,860777614.0,-0.01160774224854734
2023-07-05 00:00:00+05:30,966.4397446918044,972.9225706365894,959.557951262399,963.9463500976562,8200047,0.0,0.0,970.4441284179687,936.7571594478213,53.56574073215682,11.101683993320535,-2.8255241179900192,13.927208111310554,14.858597015661662,852577567.0,-0.0025799793601652046
2023-07-06 00:00:00+05:30,958.4609136389416,983.494571841244,958.4609136389416,978.3582153320312,10221727,0.0,0.0,970.6535736083985,938.3885734040649,59.402540190718526,11.037380031697467,-2.3118624636904705,13.349242495387937,15.585387100421713,862799294.0,0.020759638092644285
2023-07-07 00:00:00+05:30,974.6641831465856,987.8427533030938,970.2213995227612,975.1134643554688,6236524,1.0,0.0,971.4313507080078,939.8287652060808,57.64563415797002,10.602376792618088,-2.1974925622158814,12.79986935483397,15.730813291843917,856562770.0,0.0004609600072023488
2023-07-10 00:00:00+05:30,975.1134229796712,984.3983035132331,958.8399135165018,962.4839477539062,7138850,0.0,0.0,970.9468200683593,940.7172037373681,51.28729941221463,9.133254676489628,-2.9332917426754737,12.066546419165102,16.43278305647873,849423920.0,-0.012951801224490227
2023-07-11 00:00:00+05:30,966.3278064604592,970.1715283005713,949.055859137324,951.6516723632812,10616390,0.0,0.0,969.9481048583984,941.1460064285804,46.54521128076994,7.014037264584317,-4.042007323664629,11.056044588248946,16.76727492124791,838807530.0,-0.015187531600622
2023-07-12 00:00:00+05:30,955.1459770502267,955.9945719610035,945.4617212556536,948.4568481445312,10141257,0.0,0.0,968.2086883544922,941.4327061037158,45.21727827311976,5.018891921401064,-4.829722133478308,9.848614054879372,16.321958905826627,828666273.0,-0.007003252975376084
2023-07-13 00:00:00+05:30,954.7466102990344,964.4308661734864,950.6033879635204,958.5903930664062,13079930,0.0,0.0,967.3823699951172,942.1055565728409,50.08199435033385,4.20692246485271,-4.51335327202133,8.72027573687404,16.29710598605009,841746203.0,0.004025971630491528
2023-07-14 00:00:00+05:30,962.8833651853292,965.4292107928754,946.2104803815384,955.495361328125,5383514,0.0,0.0,966.4287261962891,942.6306469554011,48.66071078337957,3.2759248036501276,-4.35548074657913,7.631405550229258,16.505793444999156,836362689.0,-0.007672792078802033
2023-07-17 00:00:00+05:30,958.4405566209024,967.3261236556458,948.906082020886,963.2826538085938,8472444,0.0,0.0,965.6450317382812,943.4405295770949,52.32661546267587,3.130386722190906,-3.600815062430682,6.731201784621588,16.64252545855349,844835133.0,0.005052057902018214
2023-07-18 00:00:00+05:30,962.4341238989888,978.3582276590016,949.75474099237,962.084716796875,14457717,0.0,0.0,965.5943359375,944.1716741739491,51.71485861637127,2.8851253101732937,-3.0768611795586356,5.961986489731929,17.49687983055907,830377416.0,-0.00036304521362800167
2023-07-19 00:00:00+05:30,962.4340810493464,968.3245214799656,954.9462640287344,962.7335815429688,7574544,0.0,0.0,965.1173034667969,944.899592109989,52.04191520578591,2.711851302609375,-2.600108149698044,5.311959452307419,17.202692517749938,837951960.0,0.00031119065660658777
2023-07-20 00:00:00+05:30,962.3342650400326,978.3082746371382,956.0444500123637,976.3115234375,15329753,0.0,0.0,965.7604949951171,946.1314325542052,58.39290279422505,3.6283316893797064,-1.3469022103421704,4.975233899721877,17.56420195396598,853281713.0,0.014524327881940205
2023-07-21 00:00:00+05:30,970.0217295031624,983.399987206056,966.427601640063,969.7222290039062,6230317,0.0,0.0,966.0443054199219,947.0565618267425,54.613126279764124,3.77938164796592,-0.9566818014047662,4.736063449370686,17.521929354825055,847051396.0,-0.0003087564846712978
2023-07-24 00:00:00+05:30,971.868719566255,983.3500387247728,967.226248749494,969.921875,9167788,0.0,0.0,966.7470092773438,947.9532407747134,54.708785403637854,3.870581932609639,-0.692385213408838,4.562967146018477,17.422062256286043,856219184.0,-0.002003197064644552
2023-07-25 00:00:00+05:30,976.0619382847128,976.0619382847128,952.2506434540315,960.9365234375,13448045,0.0,0.0,966.8932312011718,948.4623891144305,49.63806011431451,3.1811457696369416,-1.1054571011052285,4.28660287074217,17.878436011599987,842771139.0,-0.015496367857344734
2023-07-26 00:00:00+05:30,965.2794076024824,978.408070887261,961.7351864716742,975.2132568359376,8298226,0.0,0.0,967.1199676513672,949.5114427505681,56.5319127955658,3.7436215737970997,-0.43438503755605673,4.178006611353156,17.849372542897203,851069365.0,0.010291164563562478
2023-07-27 00:00:00+05:30,987.7428718400172,988.3918403520264,954.1974761782316,958.3407592773438,17858061,0.0,0.0,966.256234741211,949.8576904575006,48.14427929334961,2.795691169831912,-1.1058523532169957,3.9015435230489075,19.016871945104175,833211304.0,-0.029766970130497325
2023-07-28 00:00:00+05:30,958.3407708775004,968.1747462458352,940.6695104216192,948.4069213867188,8504392,0.0,0.0,964.4345306396484,949.800797552764,44.0046041484259,1.2287080168197235,-2.1382684049833474,3.366976421803071,19.62318365075502,824706912.0,-0.010365675543247284
2023-07-31 00:00:00+05:30,953.1492132082984,957.0428415508312,946.7595848886384,952.3505249023438,6601991,0.0,0.0,963.0768035888672,949.9007868605908,45.99004188648494,0.30160174699608433,-2.4522997398455897,2.753901486841674,18.95604600871486,831308903.0,-0.0008379467714884709
2023-08-01 00:00:00+05:30,954.4470700773104,962.4340748478318,950.4535676920495,958.3407592773438,8409096,0.0,0.0,962.5870788574218,950.2317661710517,48.9509625075654,0.04965283335081949,-2.1633989227926835,2.213051756143503,18.457793233505388,839717999.0,0.0040795234456720165
2023-08-02 00:00:00+05:30,949.9543860919008,957.3423899272404,935.0785652353426,943.7145385742188,9324465,0.0,0.0,961.57548828125,949.9761886182348,42.78355328395208,-1.31507292811159,-2.8224997474040743,1.5074268192924845,18.800964719826514,830393534.0,-0.0065685759327378836
2023-08-03 00:00:00+05:30,942.5664341596896,945.0623733042032,925.6440155086992,934.0303344726562,17076611,0.0,0.0,959.3590942382813,949.3508610046828,39.2568160859502,-3.1418450293467686,-3.7194174789114025,0.5775724495646338,18.845064225232047,813316923.0,-0.009056231346327754
2023-08-04 00:00:00+05:30,945.4617140197354,953.2989382779124,933.1317994626262,950.7031860351562,12376086,0.0,0.0,958.1385803222656,949.403893358819,47.3097983293303,-3.2072441859628498,-3.027853308421987,-0.17939087754086286,18.93949812452163,825693009.0,0.00554382259767682
2023-08-07 00:00:00+05:30,950.7031813527489,953.4487142996852,943.0156769141248,945.861083984375,10922609,0.0,0.0,957.3074371337891,949.2649596578605,45.42625813768459,-3.6081976011977304,-2.743045378925494,-0.8651522222722364,18.3318937860244,814770400.0,-0.005093174676752497
2023-08-08 00:00:00+05:30,948.4567982683412,958.3407408562782,942.516451397248,951.3521118164062,11512735,0.0,0.0,957.2924591064453,949.3468087621172,47.95668137628798,-3.443185121106353,-2.0624263190672933,-1.3807588020390598,18.152779191239098,826283135.0,0.0030526572779605563
2023-08-09 00:00:00+05:30,950.453599403783,951.751475535094,942.7660948684616,948.4568481445312,7701831,0.0,0.0,957.2924591064453,949.3119083457412,46.72643735228193,-3.505624466698805,-1.6998925317277962,-1.8057319349710088,17.49796501091005,818581304.0,-0.0021008403361345218
2023-08-10 00:00:00+05:30,946.4600482280028,950.403643949488,935.7774173529954,938.2234497070312,13590891,0.0,0.0,956.2741119384766,948.8770668304977,42.569642505124364,-4.330933522029682,-2.0201612696469384,-2.310772252382743,17.292840838451664,804990413.0,-0.008702531645569677
2023-08-11 00:00:00+05:30,935.9771127935796,944.163804794016,931.4844226521705,935.6776123046876,9558237,0.0,0.0,955.2832244873047,948.3594411628188,41.578669171026526,-5.131274557338884,-2.2564018439649125,-2.8748727133739713,16.963308074408367,795432176.0,-0.0003199869791667373
2023-08-14 00:00:00+05:30,933.4811853346018,941.7676906214928,927.3911185533472,938.4231567382812,7172522,0.0,0.0,954.040249633789,947.9697829500919,43.11657657708137,-5.480828524119488,-2.084764648596413,-3.396063875523075,16.77854121681817,802604698.0,0.005294130702707191
2023-08-16 00:00:00+05:30,934.4296152490268,938.4730240697854,929.7871445321508,931.5343017578124,7394623,0.0,0.0,952.512728881836,947.3252542758848,40.25329888618156,-6.241774296829817,-2.2765683370453935,-3.9652059597844236,16.200493954019343,795210075.0,-0.003098482158490699
2023-08-17 00:00:00+05:30,934.4296855182832,941.468221540904,930.1366824853096,935.0286865234376,9336994,0.0,0.0,951.1274841308593,946.8430359326517,42.344836926186446,-6.488071210990711,-2.01829220096503,-4.469779010025681,15.852711461274703,804547069.0,0.0006410337925235548
2023-08-18 00:00:00+05:30,933.3314350729252,944.4134411482146,929.5376198590476,941.5181274414062,6648744,0.0,0.0,949.3878143310546,946.6342159918186,46.11727915185741,-6.08942454673786,-1.295716429369743,-4.793708117368117,15.78293359183844,811195813.0,0.00877147394895301
2023-08-21 00:00:00+05:30,942.666232975574,952.6998953477062,942.4166390810632,951.0525512695312,6822155,0.0,0.0,948.4543304443359,946.807484041925,51.17229539086433,-4.947118569404552,-0.12272836162914835,-4.824390207775403,15.454278900014259,818017968.0,0.008896381349616659
2023-08-22 00:00:00+05:30,952.3005472024148,957.5420191327796,947.1090428011483,955.495361328125,10860061,0.0,0.0,947.7330047607422,947.1481851119721,53.367667549741775,-3.6413598808434244,0.9464242615455838,-4.587784142389008,15.095614430844044,828878029.0,0.0033548380656670215
2023-08-23 00:00:00+05:30,960.4373227378256,978.8573646594484,956.843194968928,977.6593017578124,12677151,0.0,0.0,948.5691436767578,948.3446994902404,62.440376601513826,-0.8087689665730977,3.0232121406527286,-3.8319811072258263,15.686070780878286,841555180.0,0.01793139293139267
2023-08-24 00:00:00+05:30,983.2002673424388,992.6349288407245,977.5095143009324,979.755859375,11899556,0.0,0.0,948.796273803711,949.5765096817996,63.17032513696129,1.586960921096079,4.335153622657524,-2.7481927015614454,15.646023906514982,853454736.0,-0.0035032618296056053
2023-08-25 00:00:00+05:30,972.4178579521714,986.5948040027422,969.2230437675902,981.5030517578124,6228241,0.0,0.0,949.9543884277343,950.8285309396825,63.80168643888675,3.5852494172311253,5.066753695034056,-1.4815042778029313,15.769290787131911,859682977.0,0.009342890745315623
2023-08-28 00:00:00+05:30,978.5079223942116,990.8878044769428,978.5079223942116,988.591552734375,8451441,0.0,0.0,951.9636199951171,952.3094337551606,66.32399924086498,5.675466984501668,5.725577009843679,-0.05011002534201148,15.527190165389005,868134418.0,0.010305108532479504
2023-08-29 00:00:00+05:30,988.5915015078544,989.3901897765772,975.91211958285,979.10693359375,8114141,0.0,0.0,953.3014404296875,953.360316101772,60.27228466631488,6.491816349527085,5.233541099895277,1.258275249631808,15.38082445312745,860020277.0,-0.009594021291542623
2023-08-30 00:00:00+05:30,981.4032174251884,996.3788514652472,978.4080906171766,981.7526245117188,9023083,0.0,0.0,954.4720336914063,954.4737399609857,61.332176039464656,7.268477761740769,4.808162009687169,2.4603157520536003,15.5658199099091,869043360.0,0.00035602806300869514
2023-08-31 00:00:00+05:30,980.2051453744112,993.0842149031694,967.0265753548468,971.9186401367188,21558300,0.0,0.0,955.8822387695312,955.1578536933673,55.414314214173345,7.009664128725831,3.6394787013377843,3.3701854273880465,16.315235598367202,847485060.0,-0.00845384792846326
2023-09-01 00:00:00+05:30,972.6674063929544,991.3869484713408,967.4259346110064,989.5399780273438,10946742,0.0,0.0,958.6577209472656,956.5061722946997,62.41288674810349,8.132698474433823,3.8100104376366213,4.322688036797202,16.86136261707915,858431802.0,0.017346701990313133
2023-09-04 00:00:00+05:30,992.1357999293364,992.934488260316,978.4081347730817,980.6544799804688,6727188,0.0,0.0,960.1552856445312,957.4531647529652,57.510695846832846,8.211073704802743,3.1107085344044325,5.100365170398311,16.69457625066166,851704614.0,-0.011572327044024985
2023-09-05 00:00:00+05:30,983.849276444457,984.5980581667088,976.311552627659,979.8557739257812,10548660,0.0,0.0,961.8550201416016,958.3316984460168,57.07672071195205,8.115190867198635,2.411860557440259,5.703330309758376,16.093999771260815,841155954.0,-0.004059059262723583
2023-09-06 00:00:00+05:30,979.8557450584462,981.5529957660837,960.2376401390118,963.4823608398438,16351052,0.0,0.0,962.4615325927734,958.5336852065592,48.92605069441148,6.641446963448857,0.7504933229523854,5.8909536404964715,16.466953760961605,824804902.0,-0.016709994610100348
2023-09-07 00:00:00+05:30,963.4823594503812,978.2083995329205,961.5355148454876,976.6110229492188,8686550,0.0,0.0,963.8692413330078,959.2426004121537,54.532654105369,6.458418979624184,0.4539722713021703,6.004446708322014,16.48166311285241,833491452.0,0.013626262453135954
2023-09-08 00:00:00+05:30,976.6110161977904,985.6962097098066,970.9202631366768,978.7075805664062,6439351,0.0,0.0,965.8934478759766,960.0059329672225,55.37511265671068,6.408667531792162,0.32337665877611776,6.085290873016044,16.359826217157934,839930803.0,0.002146775260408553
2023-09-11 00:00:00+05:30,980.205140866197,1002.3690911240708,977.4097014048458,998.7749633789062,7130484,0.0,0.0,969.0483154296875,961.5262871010141,62.5313619814569,7.897472091533018,1.4497449748135782,6.44772711671944,16.974080753019866,847061287.0,0.0189448328094865
2023-09-12 00:00:00+05:30,1008.359363575727,1008.359363575727,996.4287628788912,999.274169921875,8958327,0.0,0.0,972.0908660888672,963.0065962312439,62.69164541705845,9.013737472631874,2.052808284729947,6.960929187901927,16.613832177578143,856019614.0,-0.009009876817759834
2023-09-13 00:00:00+05:30,1001.320865143348,1015.3480307656412,992.0858904289112,1012.8021850585938,12254423,0.0,0.0,976.1542602539063,964.9593644205518,66.83234733702571,10.864741614340687,3.1230499411510078,7.741691673189679,17.088711331803275,868274037.0,0.011466174644829866
2023-09-14 00:00:00+05:30,1012.8021036052968,1020.73920153036,1007.4108511825344,1019.2416381835938,7855558,0.0,0.0,980.3649078369141,967.0880810387104,68.61780974989688,12.704832383607254,3.9705125683340583,8.734319815273196,16.82011411866201,876129595.0,0.006358137049058237
2023-09-15 00:00:00+05:30,1019.3415327961676,1030.0740709720333,1012.9019977034455,1025.4815673828125,8986157,0.0,0.0,984.5630798339844,969.3780216796556,70.28697088108245,14.499486655949113,4.612133472540734,9.88735318340838,16.845254057942416,885115752.0,0.006023530278220001
2023-09-18 00:00:00+05:30,1019.8906349456726,1028.22710820011,1017.344789220694,1023.08544921875,6397319,0.0,0.0,988.1647247314453,971.4841953086398,68.7742659298631,15.549175173545791,4.529457592109928,11.019717581435863,16.41933012376196,878718433.0,0.003132506725338861
2023-09-20 00:00:00+05:30,1010.6555317748636,1045.7983624422236,1010.6555317748636,1025.6312255859375,13619788,0.0,0.0,991.671517944336,973.6076082606907,69.52471947869795,16.397464005244387,4.302197139046818,12.09526686619757,17.75672301973325,892338221.0,0.014817802248382653
2023-09-21 00:00:00+05:30,1024.932412581354,1031.921042094982,1010.4559657316964,1012.8021850585938,8156588,0.0,0.0,993.428662109375,975.1446504880595,61.50302289761967,15.851812831257234,3.0052367720477324,12.846576059209502,18.021605401415567,884181633.0,-0.01183514871210819
2023-09-22 00:00:00+05:30,1008.3593486258594,1025.5813275999149,1006.3625974404616,1016.595947265625,7108110,0.0,0.0,995.2706665039062,976.7701915381601,62.86742586280609,15.546297211956357,2.1597769221974836,13.386520289758874,18.10711431270397,891289743.0,0.008168316831683075
2023-09-25 00:00:00+05:30,1013.5509522256356,1024.3333968473526,1003.5172893267604,1017.2948608398438,7123890,0.0,0.0,997.0602569580078,978.3593942558732,63.126704083366384,15.185521131963583,1.4392006737637661,13.746320458199817,18.300613827553125,898413633.0,0.0036938533834801387
2023-09-26 00:00:00+05:30,1017.34472172748,1019.0419724102036,1009.3577170426714,1012.5026245117188,6387615,0.0,0.0,998.255810546875,979.6983444619849,60.03149782320437,14.347520779503839,0.4809602570432183,13.86656052246062,17.685159651837342,892026018.0,-0.004759544245277252
2023-09-27 00:00:00+05:30,1008.3093799827368,1026.2800786094012,1002.3690333845414,1023.5345458984376,5158686,0.0,0.0,1000.4771911621094,981.417411184983,64.3633263309918,14.407502599400345,0.4327536615517804,13.974748937848565,18.129865764196097,897184704.0,0.01509969679738721
2023-09-28 00:00:00+05:30,1025.3316529177218,1036.263816047641,1023.534528243648,1029.225341796875,15818489,0.0,0.0,1002.8508270263671,983.2922319932926,66.38711740051484,14.744275463303893,0.615621220364261,14.128654242939632,17.74411019561017,913003193.0,0.003797492126643252
2023-09-29 00:00:00+05:30,1029.225485543987,1039.3090552697004,1022.8358569873276,1035.0159912109375,9528626,0.0,0.0,1006.0056945800782,985.3206147077101,68.3563372631416,15.302035062489153,0.938704655639615,14.363330406849538,17.653330773236068,922531819.0,0.005626080726022908
2023-10-03 00:00:00+05:30,1033.3186660572435,1043.0028598792169,1030.9225404282156,1039.35888671875,11589322,0.0,0.0,1008.4966400146484,987.4397626297117,69.7859995839532,15.91108584238873,1.2382043484313527,14.672881493957377,17.25525853593358,934121141.0,0.005845457804951619
2023-10-04 00:00:00+05:30,1033.6681363421294,1035.31548042985,987.2436716941178,993.9328002929688,22584212,0.0,0.0,1009.1605560302735,987.6943915576826,46.248691202213394,12.583206073673523,-1.6717403362270833,14.254946409900606,19.745255427983487,911536929.0,-0.03844109598828615
2023-10-05 00:00:00+05:30,998.3755796590768,1007.5606471791422,987.2936350992647,1001.6203002929688,7950412,0.0,0.0,1010.2487823486329,988.2405056257331,49.36137420882964,10.445742368000083,-3.047363233520418,13.4931056015205,19.782523760261626,919487341.0,0.003249999999999916
2023-10-06 00:00:00+05:30,1003.3674445023388,1006.362571202346,997.776565703396,999.3240356445312,5289753,0.0,0.0,1012.0408660888672,988.6751538617644,48.45868353152544,8.46887371076798,-4.0193855126020175,12.488259223369997,18.98277245588222,914197588.0,-0.004029838599968772
2023-10-09 00:00:00+05:30,993.1840570274306,998.0761219518472,986.6447088875764,994.6317138671876,6823214,0.0,0.0,1012.9419006347656,988.9087444502125,46.583954112388504,6.449217342256475,-4.831233504890818,11.280450847147293,18.53252633453027,907374374.0,0.0014575917016728661
2023-10-10 00:00:00+05:30,998.275738170682,1013.3012780313192,994.881236921684,1010.6056518554688,5728499,0.0,0.0,1014.5368041992188,989.7596035641441,53.21901932860724,6.067644387732912,-4.170245167531506,10.237889555264418,18.542314750930363,913102873.0,0.012351210405434755
2023-10-11 00:00:00+05:30,1017.344766889538,1023.983989202918,1010.3561374800906,1017.444580078125,7396783,0.0,0.0,1015.4702850341797,990.8452889176335,55.753081274319015,6.24509980137816,-3.194231803109007,9.439331604487167,18.191281677494434,920499656.0,9.811146804452708e-05
2023-10-12 00:00:00+05:30,1020.3398755325106,1029.325256041114,1013.3013396546404,1016.795654296875,4920222,0.0,0.0,1016.3463592529297,991.8629503050548,55.44617120775141,6.26119643292202,-2.5425081372521188,8.803704570174139,18.036469870992946,915579434.0,-0.003473569269049609
2023-10-13 00:00:00+05:30,1007.3609689365712,1009.8070013159382,990.6381778268708,992.4352416992188,12173162,0.0,0.0,1015.328012084961,991.885393104826,45.353096314101506,4.2591743110089055,-3.635624207332187,7.8947985183410925,18.61654177092232,903406272.0,-0.014816662246810039
2023-10-16 00:00:00+05:30,988.3918390260908,1007.8102565355732,988.3918390260908,1003.1677856445312,4646960,0.0,0.0,1014.5243194580078,992.3278398710889,49.69762937062628,3.4982582132842026,-3.5172322440455126,7.015490457329715,18.673818609390903,908053232.0,0.014949482619160329
2023-10-17 00:00:00+05:30,1007.2112249339128,1013.0517589019272,1001.4705650900084,1006.4125366210938,6105067,0.0,0.0,1013.5708679199219,992.8801809201088,50.96683176234938,3.1210732207379124,-3.115533789273443,6.2366070100113555,18.167202552428606,914158299.0,-0.0007929700275843195
2023-10-18 00:00:00+05:30,1008.359410492035,1012.4527262988346,987.74292886351,991.2372436523438,7818946,0.0,0.0,1011.9784576416016,992.8157520076476,45.220177286957565,1.5794254459284502,-3.725745251266324,5.305170697194774,18.634530758349747,906339353.0,-0.016980222192141136
2023-10-19 00:00:00+05:30,978.108604901474,997.3772421369372,978.108604901474,989.7896118164062,4836625,0.0,0.0,1010.186376953125,992.6970798432852,44.70237522889746,0.23810199503782314,-4.053654961725561,4.291756956763384,18.679824078143564,901502728.0,0.01194244366770385
2023-10-20 00:00:00+05:30,987.3934807466092,991.2871700097012,976.1617551061652,978.7575073242188,5664400,0.0,0.0,1008.4841430664062,992.1504299405767,40.86230394713261,-1.6955597791966284,-4.789853388768011,3.0942936095713818,18.42593770852874,895838328.0,-0.008746232976807168
2023-10-23 00:00:00+05:30,978.4080906933192,983.30015552119,959.538767426972,962.7335815429688,5896695,0.0,0.0,1005.7910247802735,990.9968280426313,36.022008688223266,-4.46947621985953,-6.0510158635447295,1.5815396436851996,18.80704130750655,889941633.0,-0.01602042061941984
2023-10-25 00:00:00+05:30,958.4405458687386,972.4178038293244,949.854540353068,953.89794921875,6957048,0.0,0.0,1002.6211791992188,989.5419700495379,33.654734476596204,-7.296675141172955,-7.102571827886523,-0.19410331328643116,19.07534289098868,882984585.0,-0.004739570617675751
2023-10-26 00:00:00+05:30,954.447031775014,973.4161673437642,951.2023112172012,970.470947265625,17540495,0.0,0.0,1000.5195953369141,988.79408680311,41.42982239464184,-8.106501515771242,-6.329918561987849,-1.7765829537833935,19.299522407815413,900525080.0,0.016788690160009015
2023-10-27 00:00:00+05:30,978.40804973822,1003.1178448719148,971.718921292604,1001.12109375,13443016,0.0,0.0,999.3989227294921,989.277498840243,52.51345462115235,-6.203573155056006,-3.54159216101809,-2.6619809940379158,20.252906350563585,913968096.0,0.023214285714285573
2023-10-30 00:00:00+05:30,1001.1211784924748,1001.1211784924748,977.6094442289194,987.5932006835938,5270567,0.0,0.0,997.3173156738281,989.2114479321391,48.17981324974587,-5.721127041216846,-2.447316837743144,-3.273810203473702,20.485679772920136,908697529.0,-0.013512827517296105
2023-10-31 00:00:00+05:30,996.378856354625,996.378856354625,976.4113442032296,980.2550659179688,7816805,0.0,0.0,994.5792694091797,988.8602172649167,45.96396473392063,-5.863322437133888,-2.071609786928149,-3.7917126502057394,20.44866779995408,900880724.0,-0.016182389192447452
2023-11-01 00:00:00+05:30,976.2615959865412,977.7092528529108,966.4276202990196,970.221435546875,5703984,0.0,0.0,991.1223968505859,988.1292846485229,43.04861138655731,-6.708314159410975,-2.3332812073641875,-4.375032952046787,19.975723358453727,895176740.0,-0.006187030673435921
2023-11-02 00:00:00+05:30,976.4113609898952,986.7445243314878,972.4178584909592,981.3533325195312,5193982,0.0,0.0,990.4934234619141,987.8635610356213,47.060503855911605,-6.405882113126495,-1.624679328863766,-4.781202784262729,19.729106603179375,900370722.0,0.005061362174878631
2023-11-03 00:00:00+05:30,984.3983063600134,989.7895587814188,979.905616320845,987.24365234375,4268048,0.0,0.0,989.7745910644531,987.839250890842,49.10358918358017,-5.626049360252296,-0.675877260791653,-4.950172099460643,19.025880592993264,904638770.0,0.0028904417707277066
2023-11-06 00:00:00+05:30,993.3836824986804,1014.549256564246,991.4867445597068,1007.7603149414062,6552178,0.0,0.0,990.1964050292969,988.6204690889033,55.539804869948526,-3.3142979151930376,1.308699347414084,-4.622997262607122,19.617289423529176,911190948.0,0.014472386345791368
2023-11-07 00:00:00+05:30,1006.3625690269996,1020.5395142302564,1003.6170362245946,1019.2416381835938,6559859,0.0,0.0,991.4269012451172,989.8212992494795,58.688188073344335,-0.5494378301978031,3.258847545927455,-3.808285376125258,19.424802893681502,917750807.0,0.012797643267919089
2023-11-08 00:00:00+05:30,1022.336595889503,1025.2817551073692,1013.9502166269432,1020.0403442382812,7643314,0.0,0.0,991.8986358642578,991.0063598372756,58.90619599941768,1.686738933978063,4.396019448082657,-2.709280514104594,18.84671257844897,925394121.0,-0.0022460818290710085
2023-11-09 00:00:00+05:30,1023.0853973586272,1027.1787129492586,1014.998579363083,1020.2400512695312,4407935,0.0,0.0,992.0384094238282,992.1527791091287,58.964506767257454,3.4354382253952735,4.9157749915998945,-1.480336766204621,18.37052836471516,929802056.0,-0.0027811423136739287
2023-11-10 00:00:00+05:30,1016.2465054828,1029.3252009261782,1014.9985360345382,1027.528076171875,3294063,0.0,0.0,992.5750305175782,993.540045660609,61.13203798110244,5.347732383525681,5.462455319784242,-0.11472293625856045,18.08168097378122,933096119.0,0.011101214742888926
2023-11-13 00:00:00+05:30,1028.3767642900284,1030.1737671223318,1021.8373558142246,1023.684326171875,5985481,0.0,0.0,994.137484741211,994.7221743081097,59.351435801306835,6.478401796493699,5.274499786201808,1.2039020102918916,17.385590283375937,927110638.0,-0.004562956185997623
2023-11-15 00:00:00+05:30,1043.302420224086,1043.302420224086,1029.8743182054134,1039.6583251953125,7240388,0.0,0.0,995.96201171875,996.4843763036863,64.03924599844638,8.564705084346997,5.888642459244084,2.676062625102913,17.54505483829273,934351026.0,-0.00349284632924638
2023-11-16 00:00:00+05:30,1041.1060904652536,1042.304092397363,1020.4896106234116,1024.6827392578125,6908825,0.0,0.0,996.875521850586,997.5901944587501,57.36053217273038,8.907036074581129,4.984778759582572,3.9222573149985562,17.850013905125497,927442201.0,-0.01577490647480678
2023-11-17 00:00:00+05:30,1013.2514705826268,1018.3431620183128,990.2388631235,992.7348022460938,13268353,0.0,0.0,996.9503997802734,997.399786920999,46.273348711669804,6.5251860509001745,2.0823429887212948,4.44284306217888,19.035289778638855,914173848.0,-0.020248347949335617
2023-11-20 00:00:00+05:30,979.4064896291164,993.1341544939486,978.7575210974647,987.093994140625,8215656,0.0,0.0,996.8156188964844,996.9956381845137,44.63295938361179,4.134724148709324,-0.2464951307756449,4.381219279484969,18.702528608484926,905958192.0,0.007849145980663946
2023-11-21 00:00:00+05:30,988.3419333306164,995.8796568923234,985.0473060514076,990.1889038085938,7061614,0.0,0.0,997.3871887207031,996.7287074246738,45.76890032300108,2.4616231544239326,-1.5356769000488293,3.997300054472762,18.140373053658553,913019806.0,0.0018687565666198824
2023-11-22 00:00:00+05:30,989.3901954825056,998.275762480314,986.395068755515,996.4786376953124,6103988,0.0,0.0,999.0744415283203,996.7189007686203,48.09938330565071,1.6244815099279322,-1.8982548356358642,3.5227363455637963,17.693253101597158,919123794.0,0.007164455687121348
2023-11-23 00:00:00+05:30,997.3772174309884,1001.7700944146982,993.783089670506,997.4271240234376,3112891,0.0,0.0,1001.2509002685547,996.7466742295936,48.45907731223686,1.0257514213564036,-1.9975879393659146,3.0233393607223182,16.999949647496802,922236685.0,5.00378307996595e-05
2023-11-24 00:00:00+05:30,1000.3723748528136,1009.1081615593628,998.0761231057232,1006.86181640625,6956281,0.0,0.0,1003.070443725586,997.1433464718154,52.02106672255593,1.2975964546217256,-1.3805943248804744,2.6781907795022,16.62002735381311,929192966.0,0.006487025948103827
2023-11-28 00:00:00+05:30,1011.4043930220316,1020.28996026832,1007.6105779156204,1019.4912719726562,6173384,0.0,0.0,1003.9889526367188,998.0197357071426,56.36803777020674,2.50327096798037,-0.13993584921746427,2.6432068171978345,16.39203567583146,935366350.0,0.007995692926012894
2023-11-29 00:00:00+05:30,1025.481581791897,1061.7725125965069,1019.4913278421284,1058.427978515625,9422396,0.0,0.0,1007.5306915283203,1000.3886864055144,66.45790787294261,6.52542250788008,3.105772552545796,3.419649955334284,18.241264600689973,944788746.0,0.032127731310550085
2023-11-30 00:00:00+05:30,1060.97371777571,1079.144227099871,1053.7354945637944,1072.5050048828125,24755589,0.0,0.0,1012.1431884765625,1003.2167773261928,69.22846076010514,10.725270717914782,5.8444966100643985,4.8807741078503835,18.753226596074725,969544335.0,0.010868588838635385
2023-12-01 00:00:00+05:30,1073.6532244199786,1107.198622699033,1068.4615977908677,1102.855712890625,14428758,0.0,0.0,1018.77490234375,1007.1241865640136,74.1803338500744,16.31466387776277,9.147111815929907,7.167552061832861,20.18064076122405,983973093.0,0.027199181082348506
2023-12-04 00:00:00+05:30,1118.67979349121,1127.165985588198,1097.314532543213,1123.771484375,14043213,0.0,0.0,1025.8958099365234,1011.6985903997386,76.93496893048291,22.176390558701996,12.007070797495308,10.169319761206689,20.871413067206976,998016306.0,0.004551517702755473
2023-12-05 00:00:00+05:30,1134.953382736085,1149.9788617561794,1125.319034229928,1130.6103515625,15804808,0.0,0.0,1033.064144897461,1016.361796719847,77.77008384679233,27.06173972187412,13.513935968533943,13.547803753340176,21.252553375347865,1013821114.0,-0.0038266163523958644
2023-12-06 00:00:00+05:30,1133.2560683014217,1143.8388248118424,1116.1339031558173,1118.6798095703125,7342767,0.0,0.0,1038.6101196289062,1020.3742678120221,72.8168933550393,29.629172443251946,12.865094951929414,16.76407749132253,21.71343682396767,1006478347.0,-0.012862281649157004
2023-12-07 00:00:00+05:30,1117.4319299515028,1127.7650934037656,1106.6993918706642,1116.0341796875,6439419,0.0,0.0,1043.4497467041015,1024.1256369051782,71.72594958372065,31.091992021277974,11.462331623964353,19.62966039731362,21.667170017477222,1000038928.0,-0.0012508594273509042
2023-12-08 00:00:00+05:30,1114.037385715821,1132.5073342632686,1109.6944762425824,1129.3624267578125,7300989,0.0,0.0,1048.9158508300782,1028.2525698405757,73.85138332221925,32.94697302937152,10.65385010564632,22.2931229237252,21.749004874849295,1007339917.0,0.013756307677362524
2023-12-11 00:00:00+05:30,1127.166096859431,1137.5492278833829,1112.0406815484266,1114.6864013671875,6924589,0.0,0.0,1053.638168334961,1031.6421318612272,67.80697218437898,32.85410457971534,8.448785324792112,24.405319254923228,22.01754355057122,1000415328.0,-0.011071744906997394
2023-12-12 00:00:00+05:30,1118.1807098253755,1132.0581555092208,1107.1985778538765,1129.162841796875,9044111,0.0,0.0,1058.719906616211,1035.466473427331,70.38203918433642,33.561754408937304,7.32514812321126,26.236606285726044,22.220545986626437,1009459439.0,0.009821428571428804
2023-12-13 00:00:00+05:30,1148.1319907660816,1149.130366410226,1109.6445609355037,1113.0390625,8184523,0.0,0.0,1063.1876434326173,1038.5085357439064,64.22048812954566,32.44748336930161,4.968701666860447,27.47878170244116,23.453778807204717,1001274916.0,-0.030565238620923807
2023-12-14 00:00:00+05:30,1130.560544254832,1136.7504241736842,1116.084098177239,1118.6298828125,9421193,0.0,0.0,1067.1362213134767,1041.6505493544396,65.35311225407999,31.650698467230313,3.33753341183132,28.313165055398994,23.472177583381825,1010696109.0,-0.010552872646193047
2023-12-15 00:00:00+05:30,1117.381873033578,1126.0178459635729,1106.7991165190488,1118.530029296875,12048410,0.0,0.0,1071.8285858154297,1044.6654309208097,65.31334497914169,30.6577795487799,1.8756915947047226,28.782087954075177,23.168359859177702,998647699.0,0.0010275415155787063
2023-12-18 00:00:00+05:30,1117.8810894625565,1118.1806508857087,1105.401394698207,1109.544677734375,7922468,0.0,0.0,1077.6690795898437,1047.209715109577,61.6764139161586,28.813695034480816,0.02528566432450674,28.78840937015631,22.45123662628415,990725231.0,-0.007457333169657043
2023-12-19 00:00:00+05:30,1121.974580081625,1125.0195526254015,1112.3900765501955,1118.4302978515625,6824641,0.0,0.0,1084.2358947753905,1050.0026791386745,63.82185591599213,27.749362674683198,-0.8312373563784909,28.58060003106169,21.952925073765748,997549872.0,-0.0031589683875053436
2023-12-20 00:00:00+05:30,1120.1774467497469,1122.0244172741716,1100.908748515848,1108.446533203125,9848057,0.0,0.0,1090.1487762451172,1052.2945949843393,59.77287212902365,25.802826321978955,-2.2222189672661905,28.025045289245146,21.893121051234168,987701815.0,-0.01047237076648859
2023-12-21 00:00:00+05:30,1102.106797671874,1102.106797671874,1075.4500972753222,1093.62060546875,10914682,0.0,0.0,1095.005874633789,1053.915222846473,54.26701693333837,22.801017835243556,-4.179221963201272,26.980239798444828,22.686214970989074,976787133.0,-0.0076999726533312374
2023-12-22 00:00:00+05:30,1093.6206690285596,1104.502987566494,1084.0362875341675,1086.5322265625,10600025,0.0,0.0,1099.461129760742,1055.1943210314153,51.80980644960462,19.623878192599022,-5.885089284676646,25.508967477275668,22.527678189656037,966187108.0,-0.006481628106348929
2023-12-26 00:00:00+05:30,1089.4273180263838,1098.862039807972,1084.9346281890596,1092.472412109375,5687517,0.0,0.0,1103.7416595458985,1056.6562069560412,53.70175243414054,17.38489323765566,-6.4992593916960075,23.884152629351668,21.91337343460292,971874625.0,0.0027951328487959585
2023-12-27 00:00:00+05:30,1094.2696605556089,1108.746107224281,1087.8800321343413,1104.5528564453125,6132936,0.0,0.0,1107.9947387695313,1058.5345069360126,57.367468051492814,16.39626647368482,-5.99030892453348,22.386575398218298,21.838566409984132,978007561.0,0.009397314263910404
2023-12-28 00:00:00+05:30,1105.4512920325003,1111.1919512595823,1096.2163184932808,1106.05029296875,14097667,0.0,0.0,1110.3758544921875,1060.3978710941592,57.81334955595812,15.55430293143263,-5.4658179734285355,21.020120904861166,21.3483568640068,992105228.0,0.0005418609942988643
2023-12-29 00:00:00+05:30,1099.6606827129087,1105.0519349686435,1092.1728662110586,1100.5093994140625,8786731,0.0,0.0,1111.77607421875,1061.9708722047437,55.50027549025367,14.275379269391806,-5.395793308375488,19.671172577767294,20.814718999269985,983318497.0,0.0007717987143633641
2024-01-01 00:00:00+05:30,1093.221182919986,1102.2065625056298,1091.2244319009542,1095.916748046875,4083732,0.0,0.0,1111.4291259765625,1063.3020830220823,53.58652482031334,12.744325815203638,-5.541477410050927,18.285803225254565,20.112391256798958,979234765.0,0.002465708832762658
2024-01-02 00:00:00+05:30,1093.3210915732434,1097.564187859224,1080.5419570586787,1091.47412109375,7895577,0.0,0.0,1109.8142578125,1064.4068688288144,51.728377575637346,11.045150436713584,-5.7925222308327875,16.83767266754637,19.89166550992369,971339188.0,-0.0016893211827055123
2024-01-03 00:00:00+05:30,1089.2277993642251,1100.8089321599628,1079.543604617313,1096.8154296875,10225290,0.0,0.0,1108.12451171875,1065.677792784057,53.80250514670053,10.014104310768744,-5.458854685422104,15.472958996190847,19.989784226546988,981564478.0,0.006966063781794523
2024-01-04 00:00:00+05:30,1101.2083083004443,1128.164450026747,1098.2631489717503,1121.5751953125,11411683,0.0,0.0,1108.2692810058593,1067.8698477851724,61.96171401300792,11.067321791173754,-3.5245097640136756,14.59183155518743,20.801158234596993,992976161.0,0.018495035733510818
2024-01-05 00:00:00+05:30,1122.1741127824732,1138.0483083252402,1117.1822350565724,1135.10302734375,8025466,0.0,0.0,1109.222723388672,1070.5064430619793,65.54251031234182,12.845512152488709,-1.3970555221589773,14.242567674647686,20.80579502274491,1001001627.0,0.01152130887177484
2024-01-08 00:00:00+05:30,1143.14013040852,1144.138506068265,1116.683175425266,1120.177490234375,4735538,0.0,0.0,1108.7634765625,1072.4543272648184,58.94893337927905,12.901652499181637,-1.0727321403728407,13.974384639554478,21.280761852763067,996266089.0,-0.02008733624454154
2024-01-09 00:00:00+05:30,1126.7168353593506,1133.7054645793887,1110.543077469764,1114.736328125,6359362,0.0,0.0,1108.7659729003906,1074.1124449456097,56.70919213669741,12.364556904541587,-1.2878621880103136,13.6524190925519,21.41516365682461,989906727.0,-0.010633112826906158
2024-01-10 00:00:00+05:30,1113.4383808745924,1114.187162569868,1097.264745005451,1105.2017822265625,5934163,0.0,0.0,1107.567919921875,1075.3316346429021,52.915208613831844,11.042258325338025,-2.088128613771101,13.130386939109126,21.133479332733494,983972564.0,-0.007397444519166108
2024-01-11 00:00:00+05:30,1109.2451929528,1126.0677964347826,1109.2451929528,1123.9212646484375,4683035,0.0,0.0,1108.1120300292969,1077.2371103293938,58.75022488541937,11.373723753344166,-1.4053305486119694,12.779054301956135,21.11437468098254,988655599.0,0.013230683160834814
2024-01-12 00:00:00+05:30,1124.520282630233,1127.6152224780649,1116.233838642297,1118.530029296875,5616755,0.0,0.0,1108.1070373535156,1078.8564404849812,56.57567052625606,11.073733747203505,-1.3642564438021054,12.43799019100561,20.419161049181483,983038844.0,-0.005326941119591765
2024-01-15 00:00:00+05:30,1120.1774576314062,1128.613682961906,1114.7862048512886,1117.6815185546875,6719079,0.0,0.0,1108.0646118164063,1080.378992566146,56.22295212453912,10.64481497951465,-1.4345401691927702,12.07935514870742,19.948326553569764,976319765.0,-0.0022281639928698055
2024-01-16 00:00:00+05:30,1114.8361330321468,1125.9680452958034,1113.288602110393,1117.2821044921875,5229753,0.0,0.0,1108.451483154297,1081.8261734259909,56.04582203533887,10.155596988681282,-1.539006528020911,11.694603516702193,19.429120598701246,971090012.0,0.002194018822648063
2024-01-17 00:00:00+05:30,1080.2424307499423,1113.1888265121863,1077.4469302394873,1080.5419921875,24913719,0.0,0.0,1106.5570678710938,1081.7758133774225,42.71490672042158,6.725738071401793,-3.975092356240321,10.700830427642114,20.886695859701174,946176293.0,0.0002773094529806122
2024-01-18 00:00:00+05:30,1064.2684519148634,1106.949011313888,1064.2684519148634,1095.71728515625,11473135,0.0,0.0,1105.92060546875,1082.322537760906,48.19593284245367,5.172444762534269,-4.422708532086276,9.595153294620545,22.443400398224274,957649428.0,0.029549718574108784
2024-01-19 00:00:00+05:30,1105.3515730836875,1124.47049025291,1103.2050411631287,1114.736328125,12303696,0.0,0.0,1106.9763916015625,1083.593666794792,54.120724186456854,5.413720443834336,-3.345146280628967,8.758866724463303,22.89410073382682,969953124.0,0.008490289668771243
2024-01-23 00:00:00+05:30,1124.071079875519,1139.7455275929765,1077.0476148511282,1087.4805908203125,18924087,0.0,0.0,1107.0238098144532,1083.7460951879495,46.00117231520808,3.366812426885417,-4.313643438062309,7.680455864947726,25.737230162971215,951029037.0,-0.03255175736685492
2024-01-24 00:00:00+05:30,1033.1191433850806,1071.4566698090237,1019.2416978515686,1057.4295654296875,20884046,0.0,0.0,1105.2716674804688,1082.714074413116,39.045685152412375,-0.672491462875314,-6.682357862258432,6.009866399383118,28.77306322052641,930144991.0,0.023531092420717537
2024-01-25 00:00:00+05:30,1056.2814231061857,1061.9721154837507,1024.1337763691554,1040.5570068359375,20835434,0.0,0.0,1102.071875,1081.060856076756,35.77495935931162,-5.175483612327298,-8.948280009368334,3.7727963970410356,29.42058292724562,909309557.0,-0.01488657844990562
2024-01-29 00:00:00+05:30,1034.3171387293876,1066.2651584584803,1034.3171387293876,1059.526123046875,11188604,0.0,0.0,1099.7456665039062,1080.2163567422508,41.68885297493918,-7.131283192793717,-8.723263671867802,1.5919804790740855,29.601114127377553,920498161.0,0.02437258687258681
2024-01-30 00:00:00+05:30,1058.3281032541713,1068.7111119938595,1049.093128956568,1052.3876953125,9426983,0.0,0.0,1097.339581298828,1079.1250366861823,40.189107250335475,-9.151783843562043,-8.595011458108903,-0.5567723854531403,28.888033335228542,911071178.0,-0.0056130116203147295
2024-01-31 00:00:00+05:30,1046.4973318412135,1082.3390428815055,1041.006265638919,1066.015625,12600390,0.0,0.0,1095.8445251464843,1078.6109421102537,44.308194439873986,-9.54337504680143,-7.189282129078631,-2.3540929177227983,29.776943614325532,923671568.0,0.01865106824920986
2024-02-01 00:00:00+05:30,1070.907515911386,1085.8831485716707,1055.08328844142,1082.4886474609375,9756682,0.0,0.0,1095.3952514648438,1078.7630089867512,48.89017443306672,-8.427333598930545,-4.858592544966197,-3.568741053964348,29.850009079748755,933428250.0,0.010814315314329814
2024-02-02 00:00:00+05:30,1086.2826608428827,1094.419324788731,1063.2700536557943,1065.3167724609375,8667415,0.0,0.0,1093.8203186035157,1078.2357055935822,44.756405460698744,-8.826740343773281,-4.206399431847146,-4.620340911926135,29.942813512119326,924760835.0,-0.019300582746738383
2024-02-05 00:00:00+05:30,1065.316667756493,1077.7463944696112,1056.2813203787389,1059.775634765625,12569454,0.0,0.0,1090.7303405761718,1077.511781247388,43.478881983974986,-9.481104300825791,-3.888610711119725,-5.592493589706066,29.33726069631597,912191381.0,-0.005201301320608376
2024-02-06 00:00:00+05:30,1059.825556484786,1063.3697163722377,1046.4971461161176,1048.34423828125,8011171,0.0,0.0,1086.392401123047,1076.3679560330295,40.886052810938274,-10.79764211435463,-4.164118819718851,-6.633523294635779,28.446925664873405,904180210.0,-0.010833215082694355
2024-02-07 00:00:00+05:30,1059.326431157162,1071.955784427624,1055.7821491888565,1067.36328125,7281793,0.0,0.0,1083.751690673828,1076.0148315317342,46.59257168008928,-10.188878943807822,-2.8442845193376343,-7.344594424470188,28.101541413552017,911462003.0,0.007586754994925304
2024-02-08 00:00:00+05:30,1070.2586191313246,1073.8527468360933,1029.9741889516715,1034.21728515625,9869141,0.0,0.0,1079.7257385253906,1074.375712066029,39.44581034322344,-12.239940205771745,-3.9162766250412453,-8.3236635807305,29.228471161471283,901592862.0,-0.03367535036001632
2024-02-09 00:00:00+05:30,1038.2606648365577,1053.1864533000291,1032.869534050738,1049.692138671875,8233454,0.0,0.0,1076.9502563476562,1073.4077287956702,43.78144270093995,-12.472949287764777,-3.3194285656274207,-9.153520722137356,28.591931739172708,909826316.0,0.011010215664018106
2024-02-12 00:00:00+05:30,1049.6921945903678,1055.5326678341503,1033.6682164788338,1044.999755859375,8694379,0.0,0.0,1073.0041809082031,1072.2936906413056,42.781183356059934,-12.887685524650806,-2.987331842010759,-9.900353682640047,28.11139742604012,901131937.0,-0.004470299727077557
2024-02-13 00:00:00+05:30,1049.292822824247,1073.80299412333,1043.102942456493,1069.0107421875,8413609,0.0,0.0,1070.5282165527344,1072.1649475646857,49.17946077149402,-11.150346794900315,-0.9999944898082145,-10.1503523050921,28.296301300382755,909545546.0,0.018791627021883972
2024-02-14 00:00:00+05:30,1059.5760583399278,1099.1117071774415,1058.827276650308,1095.0682373046875,16609115,0.0,0.0,1069.3975524902344,1073.0631157897838,55.053387300287724,-7.583453914152869,2.0535187127513854,-9.636972626904255,29.152596245150665,926154661.0,0.03349658449282669
2024-02-15 00:00:00+05:30,1095.7173279169422,1095.7672954506263,1067.513214464866,1070.4583740234375,11780823,0.0,0.0,1067.0563659667969,1072.9609690538487,49.262239943058134,-6.665638569460498,2.377067245955006,-9.042705815415504,29.08841658376564,914373838.0,-0.023052436289863396
2024-02-16 00:00:00+05:30,1071.2570122898392,1074.2521390716374,1056.281378380848,1067.013916015625,8660907,0.0,0.0,1066.3799621582032,1072.7277512876437,48.49335879416828,-6.145362359063029,2.3178747650819798,-8.463237124145008,28.294298305695904,905712931.0,-0.0039608574091332584
2024-02-19 00:00:00+05:30,1067.2634875671906,1068.261863140219,1058.3779205928356,1061.2232666015625,7562645,0.0,0.0,1064.6552612304688,1072.2765950254445,47.16070778302536,-6.129638075012281,1.8668792393061828,-7.996517314318464,26.97927289438787,898150286.0,-0.005659540531454614
2024-02-20 00:00:00+05:30,1057.2797713474754,1088.7286030731084,1055.9818343052273,1086.8316650390625,8722800,0.0,0.0,1063.260028076172,1072.8473820848021,53.275960129751,-4.0046298508982545,3.1935099707361676,-7.198139821634422,27.391236885351674,906873086.0,0.027950874018826632
2024-02-21 00:00:00+05:30,1092.073192275301,1092.1730054669829,1071.3568973121146,1082.4388427734375,9177213,0.0,0.0,1063.0079406738282,1073.223517798082,52.160774109721835,-2.6445251283983,3.6428917545888986,-6.287416882987198,26.92158483317429,897695873.0,-0.0088220730716689
2024-02-22 00:00:00+05:30,1088.5289376206945,1108.8957018427773,1079.743183816331,1099.1116943359375,14633340,0.0,0.0,1065.0920471191407,1074.2387404074098,55.93126223812695,-0.21875093195649242,4.854932760824565,-5.073683692781057,27.080937204122282,912329213.0,0.00972207200882946
2024-02-23 00:00:00+05:30,1097.214810240105,1105.601189852014,1088.2294296284936,1095.0184326171875,6250943,0.0,0.0,1067.815118408203,1075.0536302979892,54.78955302611021,1.3577492948934378,5.145146390139597,-3.787397095246159,26.387424562650715,906078270.0,-0.0020017754066196177
2024-02-26 00:00:00+05:30,1091.673732347796,1093.021636882295,1077.8962224273082,1083.4371337890625,5354189,0.0,0.0,1069.0106689453125,1075.3823951407765,51.58132091377659,1.65356182485516,4.352767136081055,-2.699205311225895,25.725623536024184,900724081.0,-0.007544926945360797
2024-02-27 00:00:00+05:30,1079.8929933996226,1086.7818094222257,1070.30861200262,1077.2972412109375,6546815,0.0,0.0,1070.2561462402343,1075.457487143528,49.912664332418586,1.3766877685948202,3.2607144638565724,-1.8840266952617521,25.06473595628,894177266.0,-0.002403712409053945
2024-02-28 00:00:00+05:30,1075.6499533390715,1083.237583930446,1062.3216627406923,1072.455078125,7643191,0.0,0.0,1070.5781188964843,1075.3397456133896,48.57798383292226,0.7578054809816877,2.113465740994752,-1.3556602600130643,24.76839204438526,886534075.0,-0.0029701811487593123
2024-02-29 00:00:00+05:30,1069.2602002970518,1080.5418926157515,1053.635598766114,1073.353515625,13648997,0.0,0.0,1070.1213623046874,1075.261854241296,48.85128058384194,0.3359604638376368,1.353296579080561,-1.017336115242924,24.921099316188986,900183072.0,0.0038281751502683907
2024-03-01 00:00:00+05:30,1074.2522427400784,1099.9104492314327,1074.2522427400784,1097.4644775390625,4819390,0.0,0.0,1071.7287475585938,1076.1325453510124,55.661725784155585,1.925008076441145,2.3538753533472554,-0.4288672769061103,25.037944622634967,905002462.0,0.0216078066914499
2024-03-04 00:00:00+05:30,1097.4643317550683,1107.098680260867,1091.3242977010711,1104.9521484375,5895441,0.0,0.0,1073.9875732421874,1077.2627258642078,57.55195855669002,3.745358065946675,3.3393802742822283,0.40597779166444686,24.376261618146458,910897903.0,0.0068228337502842995
2024-03-05 00:00:00+05:30,1100.4095913012502,1109.0955325685743,1092.7221475547017,1099.011962890625,4851446,0.0,0.0,1076.5209594726562,1078.1156371201457,55.52941650552663,4.655015101666777,3.399229848001864,1.255785253664913,23.80462757498404,906046457.0,-0.0012700983539887967
2024-03-06 00:00:00+05:30,1098.4128425272306,1130.1112694478036,1093.5707449940842,1123.172607421875,13787638,0.0,0.0,1079.31142578125,1079.8825771319785,61.46171534807554,7.242005618166331,4.788976291601134,2.453029326565197,24.714334494893706,919834095.0,0.02254140149861782
2024-03-07 00:00:00+05:30,1124.1709452324976,1125.0695076625943,1105.75096383962,1109.64453125,6943879,0.0,0.0,1083.0827880859374,1081.0497125875872,56.8859142051977,8.107157289824954,4.523302370607806,3.5838549192171483,24.328920875470896,912890216.0,-0.012921890611123477
2024-03-11 00:00:00+05:30,1110.4433420755754,1118.1807535398016,1100.1101782364665,1103.304931640625,6751641,0.0,0.0,1085.763427734375,1081.9224662759418,54.82595260277192,8.186870370976976,3.682412361407862,4.504458009569114,23.881896191746907,906138575.0,-0.0064284328290065695
2024-03-12 00:00:00+05:30,1103.2050222642006,1119.5784062450598,1082.488728859692,1095.218017578125,9817138,0.0,0.0,1088.2743408203125,1082.443860444655,52.22781629213101,7.510916017936779,2.405166406694132,5.105749611242647,24.825309134148405,896321437.0,-0.0072398190045248135
2024-03-13 00:00:00+05:30,1094.219654472328,1097.7639365910056,1069.0106706443842,1078.64501953125,11503890,0.0,0.0,1088.7560546875,1082.2948862911883,47.28265423216597,5.573665144802135,0.37433242684759005,5.199332717954545,25.10587747789648,884817547.0,-0.014233554366731557
2024-03-14 00:00:00+05:30,1073.253797589254,1079.4936452496568,1053.8852860769591,1056.531005859375,10253613,0.0,0.0,1086.8291931152344,1081.2845380389601,41.619863756687195,2.2282775849623704,-2.3768441063937393,4.60512169135611,25.141769027525136,874563934.0,-0.015581395348837106
2024-03-15 00:00:00+05:30,1054.5341700624665,1054.5341700624665,1028.5764058763134,1044.7001953125,17798175,0.0,0.0,1085.5412841796874,1079.84985793204,38.933390739365166,-1.3619143939786227,-4.773628868267786,3.4117144742891634,25.342685524349168,856765759.0,-0.009325420673076885
2024-03-18 00:00:00+05:30,1042.3040632559666,1065.1668874853135,1041.904688665757,1059.6258544921875,7612407,0.0,0.0,1085.1718811035157,1079.0567597579281,43.85697465469955,-2.9685716008207237,-5.104228860087909,2.135657259267186,25.19407933114969,864378166.0,0.01661875056124291
2024-03-19 00:00:00+05:30,1053.835423795538,1059.226554591466,1044.9997021501642,1049.0931396484375,6728886,0.0,0.0,1084.5653747558595,1077.8817158320658,41.32487619839434,-5.033735307667712,-5.735514053547918,0.7017787458802067,24.439227403354945,857649280.0,-0.004500023476170931
2024-03-20 00:00:00+05:30,1048.294318808136,1055.7321678451594,1029.2752159895256,1033.069091796875,12619644,0.0,0.0,1081.87724609375,1076.1243580267642,37.75364928562412,-7.872648179451289,-6.859541540265196,-1.0131066391860926,24.583350578517724,845029636.0,-0.01452380952380954
2024-03-21 00:00:00+05:30,1037.661633028349,1048.8435126295617,1026.4798752991549,1033.917724609375,9903738,0.0,0.0,1079.451190185547,1074.4691959319646,38.05894223328584,-9.939453673105618,-7.14107762713562,-2.798376045969998,24.42479963222409,854933374.0,-0.0036080243306746643
2024-03-22 00:00:00+05:30,1038.4104631578375,1045.5488732507845,1028.2769261899778,1031.62158203125,9891194,0.0,0.0,1076.0766845703124,1072.7888973476229,37.52270041600811,-11.628643668119821,-7.064214097719859,-4.564429570399962,23.913881591408565,845042180.0,-0.006537762635733003
2024-03-26 00:00:00+05:30,1027.3284547052351,1042.5037145196154,1025.8308913601838,1038.8597412109375,9656767,0.0,0.0,1073.26875,1071.4583422050077,40.374694014210775,-12.242159955656234,-6.142184308205017,-6.099975647451217,23.396663131981636,854698947.0,0.011224537247934967
2024-03-27 00:00:00+05:30,1044.1012953535724,1055.8322091493326,1042.5537643593636,1051.1397705078125,17027308,0.0,0.0,1071.6538818359375,1070.6615354717844,44.96480086169816,-11.603719838668667,-4.40299535297396,-7.200724485694707,22.937792046725455,871726255.0,0.006741180367807739
2024-03-28 00:00:00+05:30,1051.139625270263,1056.6806580676282,1042.4038396081166,1045.498779296875,10235318,0.0,0.0,1070.0639587402343,1069.6747607198272,43.315220757273174,-11.421274945164214,-3.3764403675756043,-8.04483457758861,22.319151076210176,861490937.0,-0.005366409787793535
2024-04-01 00:00:00+05:30,1050.640500553454,1062.022006359109,1047.196153605961,1051.3892822265625,5484556,0.0,0.0,1069.0106689453125,1068.9576831318561,45.56112638272261,-10.678279140247923,-2.1067556501274503,-8.571523490120473,21.9051565037833,866975493.0,0.0007126906612813376
2024-04-02 00:00:00+05:30,1049.2926549618112,1054.1347517829988,1038.510150767158,1045.498779296875,13617893,0.0,0.0,1067.6179321289062,1068.0377261187195,43.69664595152688,-10.444367798704661,-1.4982754468673498,-8.946092351837311,21.456545397501696,853357600.0,-0.0036156506452189666
2024-04-03 00:00:00+05:30,1042.1044710178303,1068.5614236813,1042.054503490413,1061.5228271484375,11573590,0.0,0.0,1065.820849609375,1067.7822398845908,49.724023945214654,-8.86380816918063,0.0658273461253458,-8.929635515305975,21.81728645417208,864931190.0,0.018633790249111177
2024-04-04 00:00:00+05:30,1068.261863140219,1078.944433022814,1057.429512547266,1061.2232666015625,17964844,0.0,0.0,1063.6344055175782,1067.5250252460407,49.617088298347824,-7.548362484042855,1.1050184250104973,-8.653380909053352,21.795688884270362,846966346.0,-0.006588830680490782
2024-04-05 00:00:00+05:30,1059.376267693954,1061.273205606129,1046.397385593409,1057.3795166015625,9210187,0.0,0.0,1061.552783203125,1067.1271621619435,48.18514889157604,-6.738345351994212,1.5320284456473114,-8.270373797641524,21.30141253630249,837756159.0,-0.0018848365338012762
2024-04-08 00:00:00+05:30,1065.2667760030004,1077.696503600243,1061.8224288968793,1074.3021240234375,4967186,0.0,0.0,1059.1092590332032,1067.4085332153354,54.421748417079826,-4.676974695202489,2.8747192819512275,-7.551693977153716,21.231096426472345,842723345.0,0.008481770223172428
2024-04-09 00:00:00+05:30,1088.229361074942,1088.229361074942,1069.6096324949904,1078.24560546875,11385226,0.0,0.0,1057.5393127441407,1067.8335164409596,55.75811148648684,-2.6940621314781765,3.8861054765404326,-6.580167608018609,21.04457015172087,854108571.0,-0.009174311926605443
2024-04-10 00:00:00+05:30,1084.4355825167183,1091.224585687004,1078.245702234185,1086.0330810546875,9064074,0.0,0.0,1056.6757202148438,1068.5472248571841,58.354875863573,-0.4885734706340372,4.873275309907658,-5.3618487805416954,20.468456585044667,863172645.0,0.0014731151981030933
2024-04-12 00:00:00+05:30,1077.7465202937285,1094.619093248925,1069.3601404117103,1071.706298828125,18045983,0.0,0.0,1055.5001342773437,1068.6711101109465,52.27581684002295,0.10206406005272584,4.371130272475537,-4.269066212422811,20.8106348887711,845126662.0,-0.005604491735178426
2024-04-15 00:00:00+05:30,1061.373104163407,1069.2602959872042,1053.5358798697457,1056.2314453125,8889435,0.0,0.0,1054.3794555664062,1068.1832801188507,46.625819315496216,-0.6708101101435204,2.878604881823433,-3.5494149919669535,20.62204803660026,836237227.0,-0.004844346281941874
2024-04-16 00:00:00+05:30,1048.244500543211,1056.131692820286,1042.6536210878774,1050.19140625,7107881,0.0,0.0,1054.0624755859376,1067.4777164377192,44.5996454017335,-1.7505202244267366,1.4391158140321738,-3.1896360384589104,20.118889192887572,829129346.0,0.0018573011408885357
2024-04-18 00:00:00+05:30,1042.453901492634,1049.6921245535996,1012.2030722269628,1022.3366088867188,17832438,0.0,0.0,1052.9442962646485,1065.7074769259154,36.682717588140356,-4.798533121013861,-1.2871176660439603,-3.511415454969901,21.395278109326828,811296908.0,-0.019298016513833758
2024-04-19 00:00:00+05:30,1013.3512726046858,1035.2655691107254,994.082634977829,1027.4283447265625,21598007,0.0,0.0,1051.334420776367,1064.2063344867252,38.820586789377266,-6.72571491748613,-2.5714395700129824,-4.154275347473147,22.80868211101037,832894915.0,0.013891601562500036
2024-04-22 00:00:00+05:30,1037.31224856549,1056.780572768596,1030.323619364375,1052.2379150390625,9410832,0.0,0.0,1051.4916595458985,1063.7369847044638,48.028517294999844,-6.17985783945187,-1.620465993582978,-4.559391845868892,23.276078248940586,842305747.0,0.014388788423363602
2024-04-23 00:00:00+05:30,1056.2813792679226,1058.527724356158,1047.046405016289,1054.0350341796875,8300012,0.0,0.0,1052.539956665039,1063.3565160564335,48.631624981805885,-5.538406375763088,-0.7832116239153573,-4.755194751847731,22.433595469721176,850605759.0,-0.0021266540642721336
2024-04-24 00:00:00+05:30,1054.2846042499411,1067.2135191612067,1054.2846042499411,1061.5228271484375,5641163,0.0,0.0,1053.9202117919922,1063.2846066874924,51.17401631811417,-4.3754121274939735,0.30382609948300576,-4.679238226976979,21.77251614913532,856246922.0,0.006865530303030378
2024-04-25 00:00:00+05:30,1098.2131700761147,1132.1079732582912,1084.3357247343847,1125.1693115234375,46136295,0.0,0.0,1058.5975982666016,1065.7114578575297,66.3977265529268,1.6628403775887364,5.073662883652572,-3.410822506063836,25.259132574900917,902383217.0,0.024545454545454537
2024-04-26 00:00:00+05:30,1128.1644278290491,1139.495966512928,1121.175798630108,1128.4639892578125,10133766,0.0,0.0,1063.0778106689454,1068.1723414418545,66.97181319838195,6.63753853698995,8.038688834443029,-1.401150297453079,24.763492239752278,912516983.0,0.0002655299363939411
2024-04-29 00:00:00+05:30,1128.4640177624838,1162.1092275784451,1123.472139637147,1157.366943359375,15183242,0.0,0.0,1068.3891693115233,1071.670168968032,71.5619221767211,12.765101370411912,11.333001334291993,1.4321000361199194,25.754463361291272,927700225.0,0.025612624897158796
2024-04-30 00:00:00+05:30,1158.2655654461605,1180.9786120861486,1153.2736870637452,1164.0062255859375,18965164,0.0,0.0,1074.3145416259765,1075.2911907961852,72.50711867140993,17.950056572842414,13.214365229377995,4.735691343464419,25.893782051370707,946665389.0,0.00495625555229703
2024-05-02 00:00:00+05:30,1154.1222121474534,1172.0929732362545,1146.1352072190973,1147.982177734375,12302236,0.0,0.0,1079.1441864013673,1078.1418177349378,66.74140592983437,20.529512739604115,12.635057116911756,7.894455622692358,25.898352334641167,934363153.0,-0.005320090323583466
2024-05-03 00:00:00+05:30,1149.0305070050233,1161.3604213398796,1132.257748109204,1139.645751953125,9993632,0.0,0.0,1083.8515350341797,1080.5537367238865,63.89478206869153,21.651485597228202,11.005623979628675,10.645861617599527,26.127232398643635,924369521.0,-0.008167542110226392
2024-05-06 00:00:00+05:30,1142.0418302187284,1154.1221501495231,1133.8052318288203,1141.792236328125,7490104,0.0,0.0,1087.865005493164,1082.9552465122879,64.31680014508936,22.45501310707914,9.44732119158369,13.00769191549545,25.712209964505004,931859625.0,-0.00021855056793809483
2024-05-07 00:00:00+05:30,1144.1884546124293,1146.9339876311676,1122.2241904625234,1125.8681640625,7115509,0.0,0.0,1091.097250366211,1084.6381060240608,58.82361907025448,21.55836350406821,6.84053727085821,14.717826233210001,25.640609050514946,924744116.0,-0.016011602351061038
2024-05-08 00:00:00+05:30,1122.8231479726346,1133.6055313779957,1116.4335197294456,1126.816650390625,8175609,0.0,0.0,1094.569107055664,1086.2921665874555,59.04797445210308,20.685843624704376,4.774413913195499,15.911429711508877,25.035709236088888,932919725.0,0.00355666199543627
2024-05-09 00:00:00+05:30,1120.177429274663,1132.7070918714192,1110.3932995927955,1113.8377685546875,5226693,0.0,0.0,1096.5458892822267,1087.372386272445,54.65920734864331,18.731156921769525,2.255781768208518,16.475375153561007,24.841286596269942,927693032.0,-0.005659514782475561
2024-05-10 00:00:00+05:30,1121.8746454678296,1138.1482169680246,1111.5414820829196,1118.280517578125,7242718,0.0,0.0,1098.5476348876953,1088.58446985306,55.86837531068334,17.340654077501995,0.6922231391527909,16.648430938349204,24.967390045472445,934935750.0,-0.0032036804684233205
2024-05-13 00:00:00+05:30,1118.280560072801,1133.5557565245344,1103.255079409812,1130.1612548828125,5513160,0.0,0.0,1100.7540435791016,1090.2149320110896,59.01603513262757,17.001365604703324,0.2823477330832951,16.71901787162003,25.34833912184745,940448910.0,0.01062407345186967
2024-05-14 00:00:00+05:30,1128.114566096159,1134.2546009854527,1116.2838385028565,1121.026123046875,5471143,0.0,0.0,1103.220034790039,1091.423214012493,55.72491740875969,15.813065080929164,-0.7247622325526919,16.537827313481856,24.82136936190093,934977767.0,-0.006283442535285741
2024-05-15 00:00:00+05:30,1123.721712351589,1129.362437029224,1116.7829287650115,1126.2176513671875,5436338,0.0,0.0,1106.7193450927734,1092.7877017518927,57.18616110413314,15.115993538499424,-1.137467019985948,16.253460558485372,23.946950712066045,940414105.0,0.002221136236991652
2024-05-16 00:00:00+05:30,1132.3078037555497,1142.0918123128274,1109.494943803492,1137.449462890625,10750526,0.0,0.0,1111.0822479248047,1094.5391433651764,60.243284909871925,15.293577795861438,-0.7679062100991487,16.061484005960587,24.564801983299564,951164631.0,0.004540866995724893
2024-05-17 00:00:00+05:30,1130.16118415318,1144.1384426144384,1124.2707437129595,1139.4959716796875,9909986,0.0,0.0,1116.9402160644531,1096.3021562402553,60.79262976375781,15.42167923655893,-0.5118438155213259,15.933523052080256,24.229294620312373,961074617.0,0.008259695747294554
2024-05-21 00:00:00+05:30,1134.1546578731836,1143.8888197695424,1127.3656551864028,1135.802001953125,8162017,0.0,0.0,1122.3588989257812,1097.8511697976228,59.202477008801516,15.05162233314536,-0.7055205751479168,15.757142908293277,23.678856760514314,952912600.0,0.0014524862799845553
2024-05-22 00:00:00+05:30,1140.1450314564138,1140.1450314564138,1116.1340475004847,1124.1710205078125,9094033,0.0,0.0,1125.9555541992188,1098.8833208058654,54.37934037514413,13.662335671492883,-1.6758457894403165,15.3381814609332,23.70258013161537,943818567.0,-0.014010507880910723
2024-05-23 00:00:00+05:30,1124.1709351031163,1167.7500547859142,1123.9213412010065,1163.357177734375,12818081,0.0,0.0,1131.4216613769531,1101.4117073520815,64.78775158020397,15.544128343012517,0.16475750566345226,15.379370837349065,25.140161092564824,956636648.0,0.034857904085257505
2024-05-24 00:00:00+05:30,1163.606703334204,1175.0880221573211,1158.714638765603,1172.0928955078125,8814997,0.0,0.0,1136.9501647949219,1104.1835186523062,66.61630593441984,17.53819264202116,1.7270574437376744,15.811135198283484,24.513962685361488,965451645.0,0.007293007293007286
2024-05-27 00:00:00+05:30,1176.9849597666075,1194.0571572899114,1166.1026419018533,1185.07177734375,10450046,0.0,0.0,1139.9452880859376,1107.3556072284414,69.17729777615824,19.935980684942933,3.299876389327558,16.636104295615375,24.759716449839818,975901691.0,0.0068707909222103175
2024-05-28 00:00:00+05:30,1186.0701643307336,1190.463041165621,1177.0847842979251,1181.4776611328125,4018776,0.0,0.0,1142.5959716796874,1110.2623544403775,67.63007380678353,21.30068876231462,3.7316675733593954,17.569021188955226,23.94675505111525,971882915.0,-0.0038720333214962493
2024-05-29 00:00:00+05:30,1170.0961898274145,1183.9736348832184,1154.122180409975,1157.8660888671875,9418064,0.0,0.0,1142.6209289550782,1112.1291675551545,58.390549195731666,20.24361737425329,2.1396769482384492,18.10394042601484,24.368519295552975,962464851.0,-0.01045221843003428
2024-05-30 00:00:00+05:30,1153.3234454629503,1177.8835827438163,1153.12381909157,1166.052734375,7232217,0.0,0.0,1142.7232543945313,1114.243817234364,60.410122780206365,19.83779678452356,1.3870850868069766,18.450711697716585,24.396465321031062,969697068.0,0.011037050328011055
2024-05-31 00:00:00+05:30,1171.094557721878,1176.086435632031,1151.5264206884824,1160.26220703125,10057642,0.0,0.0,1143.337255859375,1116.0484599714969,58.25631222023977,18.83185201261813,0.30491225192123395,18.526939760696894,24.408147436925173,959639426.0,-0.009249766057917636
2024-06-03 00:00:00+05:30,1195.105505976872,1240.1820647541408,1191.461410829416,1221.911865234375,22197339,0.0,0.0,1147.4505615234375,1120.1999660602373,70.36901601431026,22.747032096273642,3.376073868461397,19.370958227812245,28.373269600208435,981836765.0,0.022430119452584676
2024-06-04 00:00:00+05:30,1222.0116868093924,1222.0116868093924,1099.7606480992038,1129.412353515625,24135989,0.0,0.0,1146.8315673828124,1120.561236156527,47.907212073706695,18.17637701506328,-0.9556649701991731,19.132041985262454,35.078824536635594,957700776.0,-0.07577614379084974
2024-06-05 00:00:00+05:30,1136.151461174942,1191.0621205463144,1108.8957578654326,1182.575927734375,21039499,0.0,0.0,1149.6669555664062,1122.9931848458543,56.50128435854072,18.629210128259274,-0.4022654856025447,19.03147561386182,38.442220118367466,978740275.0,0.04086115992970127
2024-06-06 00:00:00+05:30,1190.163519723218,1193.9573957244136,1161.3604082472602,1169.0478515625,12006879,0.0,0.0,1151.778515625,1124.7992502072914,54.05738678056217,17.692532443938717,-1.0711545359384829,18.7636869798772,38.024703501137886,966733396.0,-0.01774182102777667
2024-06-07 00:00:00+05:30,1176.0865596559486,1193.2585727289377,1164.8548331736656,1184.872314453125,8583998,0.0,0.0,1155.3302429199218,1127.1550566483045,56.43136254381798,18.01939417605695,-0.5954342430562036,18.614828419113152,37.3374917907189,975317394.0,0.0074703300748089506
2024-06-10 00:00:00+05:30,1183.0750259399415,1210.430540365614,1183.0750259399415,1198.0506591796875,9995057,0.0,0.0,1159.31875,1129.9352763554177,58.36100732866529,19.121397173128344,0.4052550032121509,18.716142169916193,36.6244934075013,985312451.0,0.012658227848101188
2024-06-11 00:00:00+05:30,1202.4933987545712,1207.3854633903109,1188.5161408650388,1192.659423828125,9390212,0.0,0.0,1162.4436584472655,1132.3950468445435,57.24402660748917,19.336812118024227,0.49653595848642595,18.8402761595378,35.356266915913494,975922239.0,-0.00817798662065947
2024-06-12 00:00:00+05:30,1190.1635879654757,1204.1908145964906,1182.176582765644,1185.970458984375,7199718,0.0,0.0,1165.6908752441407,1134.4960433990466,55.816639116671,18.751629342380966,-0.07091745372546754,18.822546796106433,34.40326440983728,968722521.0,-0.0035231534752870742
2024-06-13 00:00:00+05:30,1199.8478657463295,1200.0474921210014,1171.5438194952746,1172.741943359375,5321148,0.0,0.0,1168.01708984375,1135.9958826131772,53.001888393383275,17.02419282337405,-1.438683178185908,18.46287600155996,33.981864996686525,963401373.0,-0.0225911327267262
2024-06-14 00:00:00+05:30,1179.031656735811,1182.7257197064316,1168.099492287571,1179.131591796875,4451031,0.0,0.0,1170.1011962890625,1137.6874790517536,54.203216844176566,15.986495792689084,-1.981104167096703,17.967599959785787,32.59931945541325,967852404.0,8.476028653934711e-05
2024-06-18 00:00:00+05:30,1192.060431511735,1192.060431511735,1179.2313298016113,1189.9638671875,6837181,0.0,0.0,1172.6245910644532,1139.7375334884496,56.245120553998476,15.855416146901234,-1.6897470503076413,17.545163197208876,31.19428518823088,974689585.0,-0.0017587735225606247
2024-06-19 00:00:00+05:30,1191.0621069336512,1241.3302947001598,1183.5742898322244,1224.657470703125,17987437,0.0,0.0,1177.067364501953,1143.0677271047114,62.07710282330582,18.339610822850545,0.6355581005133359,17.70405272233721,33.09155087963835,992677022.0,0.02820622331438612
2024-06-20 00:00:00+05:30,1228.1018171293836,1239.4833234915477,1218.4176224324674,1237.486572265625,8206858,0.0,0.0,1182.7331420898438,1146.7704269149433,63.98854802265981,21.100322892208624,2.717016135897129,18.383306756311494,32.23256160674135,1000883880.0,0.007641675148871416
2024-06-21 00:00:00+05:30,1243.9761022531884,1243.9761022531884,1221.7622432843816,1235.43994140625,29311314,0.0,0.0,1186.3372802734375,1150.2476627773474,63.439201964820285,22.859550423382643,3.5809949336569176,19.278555489725726,31.516939989746025,971572566.0,-0.006861997454353848
2024-06-24 00:00:00+05:30,1229.000416277566,1233.7427005808306,1223.0601299517614,1226.1051025390625,6676530,0.0,0.0,1189.037890625,1153.2224643366303,60.87226496928575,23.232695383776218,3.163311915240392,20.069383468535825,30.150002237227636,964896036.0,-0.0023558281186534993
2024-06-25 00:00:00+05:30,1232.4447453162752,1276.6728343883735,1224.0085200079343,1269.3846435546875,17607952,0.0,0.0,1193.2535339355468,1157.777843913809,67.44864716134899,26.7127843610142,5.314720713982698,21.398063647031503,31.75816739031418,982503988.0,0.029972863593923333
2024-06-26 00:00:00+05:30,1279.0189479197,1290.8496743232877,1257.1544980568556,1283.31201171875,13956370,0.0,0.0,1198.3452514648438,1162.7007524551793,69.24030648082444,30.24594572822275,7.078305664952996,23.167640063269754,31.89652516717975,996460358.0,0.003356528694146906
2024-06-27 00:00:00+05:30,1307.8720566322172,1307.8720566322172,1277.9207881597238,1286.856201171875,22311393,0.0,0.0,1204.7947570800782,1167.5695935813244,69.69739354638332,32.952136320123145,7.827597005482712,25.124539314640433,31.75757826041644,1018771751.0,-0.016068739563454115
2024-06-28 00:00:00+05:30,1281.0156818707335,1287.8046845611411,1259.550606908322,1263.1947021484375,7167069,0.0,0.0,1209.65185546875,1171.3195978388583,62.96980691186112,32.80932120569514,6.147825512843767,26.661495692851375,31.50732821701664,1011604682.0,-0.01391160153189623
2024-07-01 00:00:00+05:30,1270.9321647383283,1270.9321647383283,1254.4089994723,1259.8502197265625,5797015,0.0,0.0,1214.6312561035156,1174.7913869324939,62.05798137145699,32.05673730511694,4.31619328981245,27.74054401530449,30.43703086337462,1005807667.0,-0.008719540915897323
2024-07-02 00:00:00+05:30,1262.9451463709113,1265.790492484378,1236.2385988093129,1251.364013671875,9945447,0.0,0.0,1216.1038635253906,1177.7942350399205,59.695908480272564,30.424824793975176,2.1474246229365477,28.27740017103863,30.37380677849538,995862220.0,-0.009169941174654195
2024-07-03 00:00:00+05:30,1257.9532642364502,1286.506782209,1241.579879914841,1277.9207763671875,15171347,0.0,0.0,1223.5292846679688,1181.7207660723625,64.2781299927315,30.918027402889265,2.1125017854805073,28.805525617408758,31.413313601042777,1011033567.0,0.015873015873015872
2024-07-04 00:00:00+05:30,1285.90777835371,1290.8996563752694,1266.4394540696285,1278.8193359375,4817380,0.0,0.0,1228.341455078125,1185.5285531258974,64.42550441617932,31.02377747641799,1.7746014872073843,29.249175989210606,30.91666279422836,1015850947.0,-0.005512403405230984
2024-07-05 00:00:00+05:30,1269.9337492225077,1293.2957623797786,1268.835560448999,1284.9593505859375,8593502,0.0,0.0,1234.137030029297,1189.4278000851148,65.47370670889937,31.24288451479697,1.5949668204690894,29.64791769432788,30.455487018267725,1024444449.0,0.011831799393180114
2024-07-08 00:00:00+05:30,1282.9125886119964,1295.2924698726165,1277.521336238757,1285.7579345703125,4216951,0.0,0.0,1239.1813110351563,1193.2054524178675,65.61561360641178,31.122210010687468,1.1794338530876693,29.9427761575998,29.549461776524286,1028661400.0,0.002217879833414471
2024-07-09 00:00:00+05:30,1281.9141677392236,1292.896298459731,1277.1219164941974,1287.305419921875,6930340,0.0,0.0,1243.6440490722657,1196.8956472219463,65.90802637151118,30.796441523994645,0.6829322931158757,30.11350923087877,28.56552750431067,1035591740.0,0.004205626490702902
2024-07-10 00:00:00+05:30,1282.1139084717208,1291.898038189819,1273.0786823324786,1289.5518798828125,9020489,0.0,0.0,1248.488671875,1200.529224973353,66.35533581403864,30.369457988296062,0.204759005933834,30.16469898236223,27.869372386669944,1044612229.0,0.005801334313546075
2024-07-11 00:00:00+05:30,1298.9366185010135,1299.2860255853643,1274.8756691291196,1294.6435546875,7848846,0.0,0.0,1253.9223266601562,1204.2199830013587,67.39940227345694,30.095009527501134,-0.05575156388887592,30.15076109139001,27.622299820211,1052461075.0,-0.0033050602718920708
2024-07-12 00:00:00+05:30,1292.7951283943742,1338.5060612393029,1292.7951283943742,1316.1751708984375,11278987,1.0,0.0,1261.0939880371093,1208.6103825267344,71.43613156212241,31.25464453911809,0.8831067581824641,30.371537780935626,28.91434503626227,1063740062.0,0.018084878253757722
2024-07-15 00:00:00+05:30,1315.575597352033,1323.2690953628965,1303.8856369793373,1306.33349609375,11537127,0.0,0.0,1267.454083251953,1212.4426614901467,67.33216596071225,31.021921335434172,0.520306843598835,30.501614491835337,28.233567418212047,1052202935.0,-0.007025138864604388
2024-07-16 00:00:00+05:30,1306.3334797626717,1317.3240865270143,1298.5900977241572,1302.886474609375,5433264,0.0,0.0,1273.1002136230468,1215.9894776909007,65.90406906149074,30.211086099202475,-0.232422714106292,30.443508813308767,27.555026088543837,1046769671.0,-0.0026386869866666216
2024-07-18 00:00:00+05:30,1298.8899842960564,1317.4740781396913,1293.3946805163423,1308.281982421875,6787511,0.0,0.0,1277.2814392089845,1219.6087916019194,67.08100984894433,29.661941325383395,-0.6252539903402976,30.287195315723693,27.30676691245849,1053557182.0,0.0072307880108173385
2024-07-19 00:00:00+05:30,1304.5351521039754,1307.882267202837,1287.0999791820136,1291.2464599609375,4496066,0.0,0.0,1279.96943359375,1222.418111929724,60.03469296690941,27.534712815388957,-2.201986000267791,29.736698815656748,26.869283792987268,1049061116.0,-0.010186534354099764
2024-07-22 00:00:00+05:30,1282.254157040865,1291.2464721792971,1277.108530096213,1281.4049072265625,6695557,0.0,0.0,1282.2676818847656,1224.7313195884235,56.35200597074542,24.769213761051333,-3.973988043684333,28.743201804735666,25.95990224227991,1042365559.0,-0.0006623100495633436
2024-07-23 00:00:00+05:30,1287.3997027504545,1289.9974581222002,1249.931725371221,1262.1712646484375,8789327,0.0,0.0,1284.0709899902345,1226.1995527280321,49.908534202092085,20.78593431041145,-6.365813995459376,27.151748305870825,26.967461564329856,1033576232.0,-0.01959642995731465
2024-07-24 00:00:00+05:30,1261.821601509146,1266.2677527529374,1225.602556319145,1238.1917724609375,10344860,0.0,0.0,1282.5113464355468,1226.6698358548128,43.266177402239165,15.515360614065003,-9.30911015344466,24.824470767509663,27.945871197862903,1023231372.0,-0.018726759012484023
2024-07-25 00:00:00+05:30,1198.9752696285975,1198.9752696285975,1154.513270046537,1174.8958740234375,32979871,0.0,0.0,1277.0905395507812,1224.6394844104452,31.390351257062445,6.15993507218036,-14.931628556263444,21.091563628443804,31.926773427615593,990251501.0,-0.02008331298828124
2024-07-26 00:00:00+05:30,1164.0051748855426,1182.139700501223,1154.263500675127,1176.3446044921875,18554648,0.0,0.0,1271.564959716797,1222.7455675509057,31.85142331419821,-1.1244447317569666,-17.772806688160617,16.64836195640365,31.637446741792758,1008806149.0,0.010600837412821848
2024-07-29 00:00:00+05:30,1181.3403267525805,1193.579866061191,1162.65634410464,1169.0509033203125,19598573,0.0,0.0,1266.8577697753906,1220.6398944438238,30.731688739710066,-7.400599432521176,-19.239169111139862,11.838569678618686,31.586452114275488,989207576.0,-0.010402949221288954
2024-07-30 00:00:00+05:30,1163.1059899797806,1178.992437900641,1159.2092956646895,1169.0009765625,18090045,0.0,0.0,1262.3153076171875,1218.6148388406345,30.723726592227276,-12.237460099754344,-19.260823822698423,7.02336372294408,30.743358551538066,971117531.0,0.0050683141807410775
2024-07-31 00:00:00+05:30,1156.0120428892758,1170.0000883520677,1153.0146045758206,1165.104248046875,17347076,0.0,0.0,1258.0023193359375,1216.5163842997028,30.068919930451322,-16.198415203821696,-18.57742314141262,2.379007937590925,29.76065321044585,953770455.0,0.007865147438148335
2024-08-01 00:00:00+05:30,1167.0026950641443,1174.6461874515735,1164.454823612974,1171.299072265625,11190500,0.0,0.0,1252.6712341308594,1214.7431563767977,32.53075289432692,-18.622956271281055,-16.801571367097583,-1.8213849041834709,28.362846826742537,964960955.0,0.00368154865421674
2024-08-02 00:00:00+05:30,1163.0060993620923,1166.8029034557203,1155.1128205144428,1159.8587646484375,10581445,0.0,0.0,1246.7232055664062,1212.590827289411,30.40218942050833,-21.2229151936383,-15.521224231563863,-5.701690962074437,27.493090035631084,954379510.0,-0.0027062065412908065
2024-08-05 00:00:00+05:30,1141.0248463432538,1150.4667282030086,1123.3400091574642,1132.5321044921875,12013362,0.0,0.0,1239.1018432617188,1209.4512695326573,26.022226100588874,-25.1979679778226,-15.59702161259853,-9.60094636522407,28.13778042529838,942366148.0,-0.007443082311733831
2024-08-06 00:00:00+05:30,1139.026583274535,1150.0171906570083,1122.1409893573368,1125.138427734375,8571122,0.0,0.0,1231.070867919922,1206.1448835797837,24.97386717295153,-28.614978214170378,-15.211225479157047,-13.403752735013331,28.11909620203932,933795026.0,-0.012193003871984706
2024-08-07 00:00:00+05:30,1137.8276379214865,1143.8225145765712,1126.0376650467224,1135.829345703125,8370312,0.0,0.0,1223.4970642089843,1203.3874115061892,29.402734323151464,-30.11318960737276,-13.367549497887541,-16.74564010948522,27.44516696205052,942165338.0,-0.0017562345576451648
2024-08-08 00:00:00+05:30,1132.1324857784152,1141.8242766781827,1125.038572458969,1137.17822265625,7903428,0.0,0.0,1215.8783813476562,1200.7909727277602,29.964480937889768,-30.836228980631176,-11.272471096916764,-19.563757883714413,26.683776766133615,950068766.0,0.004456843117937293
2024-08-09 00:00:00+05:30,1151.0162710566617,1154.713062724147,1138.9765121432945,1141.774169921875,6262086,0.0,0.0,1208.234912109375,1198.4765883040002,31.951306596367722,-30.68467453130347,-8.896733318071245,-21.787941213232227,26.03028128768814,956330852.0,-0.008029513888889015
2024-08-12 00:00:00+05:30,1145.0214849192898,1168.1017365309908,1134.880127129973,1163.305908203125,9078384,0.0,0.0,1200.5914489746094,1197.0973459471031,40.47159667852236,-28.498620845932237,-5.368543706160004,-23.130077139772233,26.5439475814974,965409236.0,0.0159686289948734
2024-08-13 00:00:00+05:30,1160.3582468075288,1178.592662314838,1154.413376565547,1158.6097412109375,6180463,0.0,0.0,1193.2052612304688,1195.5880281143125,39.31536199749383,-26.83575312205903,-2.9645407858294384,-23.871212336229593,26.375043164911226,959228773.0,-0.0015068670399007269
2024-08-14 00:00:00+05:30,1158.0103428946786,1158.0103428946786,1147.6692050368504,1152.1153564453125,5021841,0.0,0.0,1185.6667053222657,1193.8832174606264,37.710856474675666,-25.745186560475076,-1.499179379396388,-24.24600718107869,25.272578379852362,954206932.0,-0.005090616405575806
2024-08-16 00:00:00+05:30,1165.4040707231295,1169.000972398833,1148.618366948407,1165.8536376953125,6107134,0.0,0.0,1178.5452880859375,1192.7840182541433,43.00945281806289,-23.501430361963912,0.5956614552918218,-24.097091817255734,24.92329459917906,960314066.0,0.00038576059881448483
2024-08-19 00:00:00+05:30,1168.0018101230555,1170.2998949773084,1149.2178143474769,1152.2652587890625,6691823,0.0,0.0,1171.5962280273438,1191.1950472947285,39.43620210865741,-22.559652394261548,1.2299515383953512,-23.7896039326569,24.648922172797096,953622243.0,-0.013473053892215361
2024-08-20 00:00:00+05:30,1157.0112241980148,1175.9950007608493,1153.6641090393628,1167.002685546875,6721749,0.0,0.0,1165.8761169433594,1190.2463272261853,44.79330529949122,-20.389066924421513,2.7204296065883113,-23.109496531009825,24.5832664441535,960343992.0,0.008635578583765072
2024-08-21 00:00:00+05:30,1165.603828347,1176.994118402172,1160.508207575656,1173.397216796875,9480630,0.0,0.0,1161.4374145507813,1189.5855777975848,46.98455107359014,-17.946006676832667,4.130791883341729,-22.076798560174396,24.00488390003655,969824622.0,0.006686138343357363
2024-08-22 00:00:00+05:30,1178.6926021829222,1179.9915408958257,1167.951781637088,1168.950927734375,5841326,0.0,0.0,1157.9753723144531,1188.7763758343217,45.62839946511244,-16.182104964455675,4.715754876574977,-20.89785984103065,23.150232139943768,963983296.0,-0.008264813430156222
2024-08-23 00:00:00+05:30,1169.0009361917578,1172.9475144975986,1162.506486546248,1164.954345703125,5121962,0.0,0.0,1157.4782958984374,1187.8421785742746,44.38818645033165,-14.934534896402965,4.7706599557021505,-19.705194852105116,22.24243184075854,958861334.0,-0.003461580194978551
2024-08-26 00:00:00+05:30,1170.6994882789022,1174.2465058769608,1165.104294265047,1169.30078125,3392612,0.0,0.0,1157.1261047363282,1187.1150649537149,46.103910737053646,-13.440175626851442,5.012015380202939,-18.45219100705438,21.317412435978344,962253946.0,-0.0011947618008772776
2024-08-27 00:00:00+05:30,1169.000939360119,1183.838234581859,1163.2558492735202,1180.2413330078125,8702113,0.0,0.0,1157.6856262207032,1186.8455068381893,50.263463560838446,-11.243466365162476,5.766979713513525,-17.010446078676,21.26491049828981,970956059.0,0.009615384615384664
2024-08-28 00:00:00+05:30,1175.994955914158,1180.69089378261,1168.351463880549,1169.9500732421875,5483503,0.0,0.0,1157.7330810546875,1186.1829408148167,46.61874524402167,-10.215222379442821,5.436178959386545,-15.651401338829366,20.62737616998774,965472556.0,-0.005140228401125705
2024-08-29 00:00:00+05:30,1168.0018028062875,1178.8925198005202,1162.406608982467,1174.3963623046875,7290114,0.0,0.0,1158.197686767578,1185.7207220497137,48.360967242520196,-8.938515600694473,5.370308590507916,-14.308824191202389,20.331557216278124,972762670.0,0.005474785640772268
2024-08-30 00:00:00+05:30,1175.9949656447764,1181.9398361833976,1170.8493388105494,1174.2464599609375,10190506,0.0,0.0,1158.3450561523437,1185.2707509874087,48.303728408035006,-7.84834135302026,5.168386270545703,-13.016727623565963,19.671481513175987,962572164.0,-0.0014868309260832454
2024-09-02 00:00:00+05:30,1174.9957934621327,1192.9804229539002,1173.0973915114537,1187.784912109375,6432362,0.0,0.0,1159.7413635253906,1185.3693455412113,53.64051328455434,-5.824785957924405,5.753553332513247,-11.578339290437652,19.686592222409597,969004526.0,0.010884395262011156
2024-09-03 00:00:00+05:30,1186.985617809891,1192.5309276896276,1175.695217608263,1190.58251953125,7920246,0.0,0.0,1162.6438842773437,1185.573783736899,54.6816247901012,-3.9498290197605,6.102808216541723,-10.052637236302223,19.482957783763524,976924772.0,0.003030282479745346
2024-09-04 00:00:00+05:30,1181.6900665341032,1188.634205243029,1172.2981905853524,1176.6943359375,6527941,0.0,0.0,1165.2216796875,1185.2255700977068,48.820219936569394,-3.543722656657337,5.207131663715909,-8.750854320373247,19.397341438201675,970396831.0,-0.004227614954279535
2024-09-05 00:00:00+05:30,1180.990705264549,1181.8399550671666,1172.447957214148,1179.5419921875,4234766,0.0,0.0,1167.4073120117187,1185.0026846894636,50.00360423779228,-2.9580003903326997,4.6342831440324375,-7.592283534365137,18.682674039260032,974631597.0,-0.0012266930388113919
2024-09-06 00:00:00+05:30,1174.9957675970877,1180.341174629591,1149.817335649293,1157.760498046875,9874576,0.0,0.0,1168.43642578125,1183.9343636446563,42.00346888532639,-4.202946860808197,2.7114693388455526,-6.91441619965375,19.52847153504846,964757021.0,-0.01466836734693905
2024-09-09 00:00:00+05:30,1157.0112163733215,1174.596163835175,1144.0223167076451,1169.8502197265625,7700940,0.0,0.0,1169.8402282714844,1183.3820442753195,47.065748404365706,-4.16601319957249,2.1987224000650087,-6.364735599637498,20.31742693451142,972457961.0,0.01109669739718265
2024-09-10 00:00:00+05:30,1177.8933180831702,1189.8330647497864,1172.3480086470006,1186.1861572265625,8723854,0.0,0.0,1170.9842407226563,1183.4920094890938,53.03147649202414,-2.7864489270994,2.8626293380304793,-5.649078265129879,20.293528226562312,981181815.0,0.007040399173744787
2024-09-11 00:00:00+05:30,1186.1861945137762,1193.8296865293353,1179.9915375147775,1185.087158203125,6000329,0.0,0.0,1172.3081115722657,1183.5545643406244,52.60197305976621,-1.7615087619076348,3.1100556025777957,-4.8715643644854305,19.83242971141913,975181486.0,-0.0009265293389303632
2024-09-12 00:00:00+05:30,1189.083702391641,1204.6703565446362,1175.7451268751188,1202.3223876953125,7592871,0.0,0.0,1174.8184631347656,1184.2905574133574,58.30518393218384,0.43647131289753816,4.246428541906376,-3.809957229008837,20.481915422711868,982774357.0,0.011133518420144912
2024-09-13 00:00:00+05:30,1208.8669203308898,1218.5087048247742,1199.974495430322,1216.410400390625,6762566,0.0,0.0,1177.3463012695313,1185.5501590987406,62.29851211539085,3.2773915145742194,5.669878994866446,-2.392487480292226,20.34279356355047,989536923.0,0.006240124477614466
2024-09-16 00:00:00+05:30,1220.9565800362964,1232.9463336864071,1213.9625570737317,1229.9989013671875,4039284,0.0,0.0,1181.2329833984375,1187.2932470308367,65.70987920151694,6.549817488211147,7.153843974802698,-0.6040264865915514,20.245720924202256,993576207.0,0.007405931937909142
2024-09-17 00:00:00+05:30,1234.1451799941071,1239.5405931789464,1226.5516942361462,1231.0478515625,8030427,0.0,0.0,1184.4352416992188,1189.0091138752157,65.96588653670301,9.122719135692705,7.781396497827405,1.3413226378652998,19.727376496959252,1001606634.0,-0.0025096953598456933
2024-09-18 00:00:00+05:30,1230.8481209839067,1249.3323240741963,1223.9539884110695,1239.3907470703125,8210034,0.0,0.0,1187.7349182128905,1190.984864196592,68.01150139761252,11.700092784505841,8.287016117312433,3.4130766671934083,20.13101643739979,1009816668.0,0.006940438824878771
2024-09-19 00:00:00+05:30,1247.3838839474913,1260.622569604686,1237.9420022086017,1241.6387939453125,8449864,0.0,0.0,1191.3693115234375,1192.9712928141892,68.55986307754566,13.765399607256995,8.281858352050868,5.483541255206126,20.313127220162976,1018266532.0,-0.00460571126187538
2024-09-20 00:00:00+05:30,1242.9377435523345,1248.9326201289532,1228.849807990495,1243.9368896484375,15009629,0.0,0.0,1195.3184387207032,1194.969943670434,69.1422148792606,15.409970711288224,7.941143564865678,7.468827146422546,20.296676142898345,1033276161.0,0.000803858520900194
2024-09-23 00:00:00+05:30,1250.4312892398568,1251.3804292067466,1239.4906887117218,1245.7353515625,5462814,0.0,0.0,1199.1401672363281,1196.960743979927,69.61651840187312,16.66630719093837,7.357984035612658,9.308323155325711,19.696180739478812,1038738975.0,-0.003755454392229346
2024-09-24 00:00:00+05:30,1240.0401803989173,1246.035056902626,1234.295090416197,1238.4915771484375,9225946,0.0,0.0,1202.0526794433595,1198.5894041041824,65.26519281742314,16.882836021554795,6.059610292983265,10.82322572857153,19.127879721403826,1029513029.0,-0.0012488331224731922
2024-09-25 00:00:00+05:30,1236.942817936568,1269.9146378007897,1230.0486857535618,1267.01708984375,6853324,0.0,0.0,1206.9060302734374,1201.272842760636,72.54319928287025,19.13562359933826,6.649918296613382,12.485705302724877,20.609170601819827,1036366353.0,0.02431338900318049
2024-09-26 00:00:00+05:30,1266.4677489486294,1280.5556852451584,1261.1722255766892,1276.009521484375,7270078,0.0,0.0,1211.9866882324218,1204.203692906665,74.36660002967996,21.399903301419727,7.131358398955879,14.268544902463848,20.521619820866206,1043636431.0,0.007534161484701697
2024-09-27 00:00:00+05:30,1271.9129699045366,1280.4557177425645,1256.1764190200147,1272.0628662109375,13372027,0.0,0.0,1216.877508544922,1206.8648369578132,72.10339124375778,22.615205173814047,6.677328217080159,15.937876956733888,20.79002545670075,1030264404.0,0.0001178510715337572
2024-09-30 00:00:00+05:30,1262.421150173437,1273.9113308042197,1228.3002850375033,1231.1478271484375,8466919,0.0,0.0,1219.045654296875,1207.8171110829358,53.81773442357906,20.045763864592573,3.2863095262869457,16.759454338305627,22.562955478844728,1021797485.0,-0.024772496104570916
2024-10-01 00:00:00+05:30,1227.0512520632726,1241.8885466631198,1223.6042469422223,1225.6025390625,11164280,0.0,0.0,1220.7966552734374,1208.51457884684,51.89676271982983,17.361867904761993,0.48193085316509254,16.8799370515969,22.257337210419927,1010633205.0,-0.001180645876312517
2024-10-03 00:00:00+05:30,1206.4689403357831,1218.1090170312034,1172.0982894021524,1174.696044921875,17300892,0.0,0.0,1220.6967407226562,1207.188361830175,38.36015903032357,11.000327458864604,-4.70368767418584,15.704015133050444,24.4892595282719,993332313.0,-0.026335444164078643
2024-10-04 00:00:00+05:30,1174.4962507198202,1201.7729882724368,1172.997531556843,1177.393798828125,13064515,0.0,0.0,1220.5893310546876,1206.0199475948004,39.264281873378394,6.106060156636204,-7.678363981131392,13.784424137767596,24.795416470223472,1006396828.0,0.0024670560732135
2024-10-07 00:00:00+05:30,1181.9398732684149,1183.8382753207918,1129.934390048423,1144.7216796875,20047013,0.0,0.0,1219.9373901367187,1203.6160939513768,32.959059593144225,-0.40438737805584424,-11.351049212658753,10.946661834602908,26.874592813233857,986349815.0,-0.03148907522511744
2024-10-08 00:00:00+05:30,1152.0155149847044,1167.352384047702,1141.5244803729618,1152.3153076171875,8464570,0.0,0.0,1219.06064453125,1201.6042984088597,35.549569505665104,-4.894797464941348,-12.673167439635407,7.7783699746940576,26.799829303341447,994814385.0,0.0002602331553556244
2024-10-09 00:00:00+05:30,1153.0146443687056,1183.988174676704,1153.0146443687056,1169.15087890625,9807734,0.0,0.0,1218.2088806152344,1200.3316152911102,40.99345032682502,-7.014135322320271,-11.834004237611463,4.819868915291192,27.147903428782516,1004622119.0,0.0139948218492743
2024-10-10 00:00:00+05:30,1175.9949603025386,1189.9830057097056,1174.046674192971,1183.23876953125,6806243,0.0,0.0,1218.1164611816407,1199.661307614253,45.16719650138431,-7.470831709755885,-9.832560500037662,2.3617287902817767,26.696776526973448,1011428362.0,0.006159728122344856
2024-10-11 00:00:00+05:30,1181.4903201137774,1187.1854043714447,1165.0044086703294,1171.4488525390625,4754158,0.0,0.0,1216.5727844238281,1198.5549368269908,42.46037804201161,-8.684010785217652,-8.836591660399543,0.15258087518189112,26.374220753697866,1006674204.0,-0.00849898420983081
2024-10-14 00:00:00+05:30,1170.5496378403072,1173.9966430270208,1155.6123307770424,1163.355712890625,9765296,0.0,0.0,1213.9200500488282,1197.174575103996,40.65908422846358,-10.18115070763156,-8.26698526625076,-1.914165441380799,25.803513003432187,996908908.0,-0.006145766669882713
2024-10-15 00:00:00+05:30,1165.104286275286,1170.999272878385,1148.5184847898497,1152.86474609375,8741516,0.0,0.0,1210.0633422851563,1195.4369347506529,38.38579644289905,-12.074985312035551,-8.128655896523801,-3.9463294155117494,25.56617550951098,988167392.0,-0.010505102698286852
2024-10-16 00:00:00+05:30,1150.017137372719,1161.956884234946,1147.119589349286,1152.2152099609375,7739854,0.0,0.0,1206.1217102050782,1193.7419651510563,38.24322785340834,-13.472967040473577,-7.621310099969461,-5.851656940504116,24.799826893521637,980427538.0,0.001911338985121726
2024-10-17 00:00:00+05:30,1150.017218078076,1150.3668948371856,1123.040272041492,1130.883544921875,6595231,0.0,0.0,1200.6963500976562,1191.2769290636375,33.80291496890436,-16.116385069682337,-8.211782503342576,-7.9046025663397605,25.11233482394477,973832307.0,-0.016637727553486054
2024-10-18 00:00:00+05:30,1157.0112007686191,1202.8220257322612,1155.0629146314764,1195.8280029296875,20829666,0.0,0.0,1198.405810546875,1191.4554025485804,52.05475334377596,-12.823022088300604,-3.9347356175686734,-8.88828647073193,28.457059537262015,994661973.0,0.03354920171497201
2024-10-21 00:00:00+05:30,1195.8280254005576,1213.7627716752456,1184.5377472724651,1189.28369140625,7456038,0.0,0.0,1195.6731506347655,1191.370237405744,50.54247813900766,-10.618673981243546,-1.384310008409292,-9.234363972834254,28.511914170513336,987205935.0,-0.0054726380844900575
2024-10-22 00:00:00+05:30,1193.2301736580623,1196.9769713563817,1172.347996759549,1174.7459716796875,7256246,0.0,0.0,1192.123681640625,1190.718305416487,47.258025374688096,-9.930314229044598,-0.556760204968274,-9.373554024076324,28.23456134382186,979949689.0,-0.015490893866443351
2024-10-23 00:00:00+05:30,1174.0965788352514,1182.1397538713547,1157.6606739810495,1159.4091796875,6501834,0.0,0.0,1188.1695617675782,1189.49049656437,44.00887595596548,-10.501282853005478,-0.9021830631433225,-9.599099789862155,27.96631266857067,973447855.0,-0.012509532360891367
2024-10-24 00:00:00+05:30,1164.005180524674,1174.196421730821,1153.6640430136567,1166.3531494140625,5046700,0.0,0.0,1183.1363647460937,1188.5831496172991,45.825022250356525,-10.275015296975425,-0.5407324056906155,-9.73428289128481,27.43531738632735,978494555.0,0.0020171464256973455
2024-10-25 00:00:00+05:30,1185.986381721321,1200.7237862119612,1169.0008985795669,1188.3343505859375,12798716,0.0,0.0,1178.7526062011718,1188.57339279254,51.21901651354423,-8.227159821452233,1.2056984558660613,-9.432858277318294,27.930697344296732,991293271.0,0.0019797603925338515
2024-10-28 00:00:00+05:30,1192.9805076128805,1192.9805076128805,1166.0535675549525,1170.599609375,8572243,0.0,0.0,1173.679443359375,1187.868538540872,47.14083002366498,-7.943695031855668,1.1913305963701006,-9.135025628225769,27.859000395270396,982721028.0,-0.018760489459013905
2024-10-29 00:00:00+05:30,1175.3955196864351,1190.1828090793306,1156.6115238483949,1185.8365478515625,9908946,0.0,0.0,1171.4138793945312,1187.7888526314873,50.76778966211027,-6.4155985229945145,2.175541684185003,-8.591140207179517,28.267020740675058,992629974.0,0.008882991291231702
2024-10-30 00:00:00+05:30,1177.7434804139418,1186.635905210707,1163.3058678710145,1169.400634765625,9686560,0.0,0.0,1168.6037841796874,1187.0677460485124,47.019915240736424,-6.456386649425895,1.707802846202899,-8.164189495628793,27.91437906917631,982943414.0,-0.007083754473753964
2024-10-31 00:00:00+05:30,1164.504807173024,1176.9941337192813,1152.8647304386966,1158.5599365234375,8682294,0.0,0.0,1167.7969787597656,1185.9497927338036,44.6771419641152,-7.279551147865277,0.7077106782108142,-7.987261826076091,27.64402365570548,974261120.0,-0.005105063210531766
2024-11-01 00:00:00+05:30,1163.0560879501725,1171.4988238645128,1163.0060818578193,1168.5513916015625,460781,0.0,0.0,1167.3548583984375,1185.2675024933237,47.284169625655196,-7.044483598839406,0.7542225817893486,-7.798706180628755,26.59365677608904,974721901.0,0.004724882753569715
2024-11-04 00:00:00+05:30,1170.9992572381775,1175.9449817651664,1134.480417622347,1138.2772216796875,9288653,0.0,0.0,1167.0326354980468,1183.424746382985,40.982348639828636,-9.195068349366466,-1.1170897349901683,-8.077978614376297,27.655864445141212,965433248.0,-0.02794368600682592
2024-11-05 00:00:00+05:30,1137.9774273803207,1173.896803662119,1132.4821237068345,1170.699462890625,11701049,0.0,0.0,1167.9518432617188,1182.9257156577944,48.84538976493337,-8.188822705751818,-0.08867527310041545,-8.100147432651402,28.638636981580024,977134297.0,0.028754555866395356
2024-11-06 00:00:00+05:30,1170.799429278286,1182.5393957578722,1160.4581697425565,1165.50390625,10353506,0.0,0.0,1167.7694946289062,1182.242507445724,47.747563605356255,-7.721594053673243,0.3028427031825274,-8.02443675685577,28.17025048398971,966780791.0,-0.004522997616722688
2024-11-07 00:00:00+05:30,1167.6020678828468,1171.8984447514144,1150.0671276109715,1158.9095458984375,6252889,0.0,0.0,1166.5530334472655,1181.3274893458304,46.324431013523935,-7.793582185603327,0.18468365700195477,-7.978265842605282,27.717469530879228,960527902.0,-0.00744476412256701
2024-11-08 00:00:00+05:30,1155.0128937463028,1166.7528604431186,1150.1170534539897,1159.9586181640625,3786168,0.0,0.0,1165.9785217285157,1180.489494397526,46.59712539965821,-7.677480715805132,0.24062810144012037,-7.918108817245252,26.925922206468492,964314070.0,0.004281964681552761
2024-11-11 00:00:00+05:30,1151.0163455380018,1175.795218429766,1141.9740242453895,1170.0001220703125,6620678,0.0,0.0,1166.3107421875,1180.0781464631254,49.25462987286433,-6.697993717421241,0.9760920798592094,-7.67408579728045,27.418441633461924,970934748.0,0.016493055555555462
2024-11-12 00:00:00+05:30,1170.6496057768486,1185.9864747171694,1152.8148714727597,1157.1611328125,9606088,0.0,0.0,1166.5255615234375,1179.179440045454,46.096063784430974,-6.878451836491195,0.6365071686314057,-7.5149590051226,27.82938174852962,961328660.0,-0.011522212024662656
2024-11-13 00:00:00+05:30,1150.916481654892,1164.5048449852266,1134.130777445248,1138.1773681640625,8079113,0.0,0.0,1165.8236694335938,1177.5715156579483,41.82518747640969,-8.455823875107853,-0.7526918959882014,-7.703131979119652,28.011145019347403,953249547.0,-0.011068668920712772
2024-11-14 00:00:00+05:30,1136.5787393829623,1149.7674196333846,1130.6337466753373,1139.7259521484375,5975873,0.0,0.0,1166.2657897949218,1176.0873759124775,42.29487030087175,-9.47176023851739,-1.41490260751819,-8.0568576309992,27.377039872111684,959225420.0,0.0027690230834194135
2024-11-18 00:00:00+05:30,1130.234011715443,1134.0308156556105,1120.5923494899985,1125.23828125,9474971,0.0,0.0,1162.7363037109376,1174.0932937688508,39.11329245525571,-11.31549312780453,-2.606908397444263,-8.708584730360267,26.788222928277925,949750449.0,-0.00442008505642181
2024-11-19 00:00:00+05:30,1129.0351110813515,1138.0274261253624,1121.0919482455736,1132.981689453125,19225966,0.0,0.0,1159.9212036132812,1172.4810739917634,41.64018641858751,-12.013353932235532,-2.643815361500211,-9.36953857073532,26.084455424814415,968976415.0,0.0034955320105090563
2024-11-21 00:00:00+05:30,1137.0283256912808,1151.0163718772894,1114.7973237170884,1138.1773681640625,8126248,0.0,0.0,1158.0927734375,1171.1358306259713,43.339371672821535,-12.008736557828797,-2.1113583896747805,-9.897378168154017,26.808354905913458,977102663.0,0.001010566268947737
2024-11-22 00:00:00+05:30,1135.6794703132584,1146.919864248595,1126.5872649454466,1141.424560546875,16687505,0.0,0.0,1157.1935424804688,1169.9706827797324,44.42837780327319,-11.60923196833619,-1.369483040145738,-10.239748928190451,26.345800934287393,993790168.0,0.005058725092593139
2024-11-25 00:00:00+05:30,1159.0094383509029,1163.5055956548504,1141.024809135113,1154.9129638671875,12385823,0.0,0.0,1156.621533203125,1169.3801839988482,48.82802940666592,-10.087932871605517,0.12145284526794775,-10.209385716873465,26.06972847610525,1006175991.0,-0.0035344617120150923
2024-11-26 00:00:00+05:30,1156.1119336772122,1158.609798939658,1141.674321246706,1143.822509765625,5127437,0.0,0.0,1154.3959411621095,1168.3779222642122,45.6292656898096,-9.66577826122466,0.4348859645190437,-10.100664225743703,25.4172819915943,1001048554.0,-0.01062996026042093
2024-11-27 00:00:00+05:30,1144.2220616490547,1154.463309144657,1132.5821071903288,1148.6683349609375,5989943,0.0,0.0,1153.2993774414062,1167.604997271927,47.25517354668225,-8.838317473850339,1.0098774015146912,-9.84819487536503,25.16470484607529,1007038497.0,0.0038858482639941667
2024-11-28 00:00:00+05:30,1147.5192965947504,1153.464167107178,1128.43563046558,1131.532958984375,10731275,0.0,0.0,1150.5841979980469,1166.1904075351601,42.42399715955822,-9.456224997840081,0.31357590201995933,-9.76980089986004,25.154978545755473,996307222.0,-0.01393121462777543
2024-11-29 00:00:00+05:30,1132.582060260801,1139.925759377213,1126.736958261915,1135.3297119140625,6406277,0.0,0.0,1148.8806518554688,1164.9801841774702,43.795134093999074,-9.529702453892924,0.1920787567736948,-9.721781210666618,24.300251586437067,1002713499.0,0.002426006688317863
2024-12-02 00:00:00+05:30,1131.7327610004063,1140.425405421464,1125.637994063438,1136.1290283203125,4785858,0.0,0.0,1147.7591064453125,1163.848766300719,44.09696643194288,-9.41490653145388,0.24549974337019087,-9.660406274824071,23.620762998693404,1007499357.0,0.0038845454257417423
2024-12-03 00:00:00+05:30,1143.422805606189,1163.9053003762572,1137.0282462603673,1159.509033203125,8382042,0.0,0.0,1147.3069885253906,1163.6785806890487,52.18537625800237,-7.3526027094731035,1.8462428522807741,-9.198845561753878,23.917585074211352,1015881399.0,0.01406848588122027
2024-12-04 00:00:00+05:30,1156.5116747211634,1167.0027093514634,1152.9147729554202,1158.4599609375,18379798,0.0,0.0,1148.3161254882812,1163.473928934086,51.82305296194296,-5.736733938974339,2.7696892982236303,-8.50642323719797,23.21546731148506,997501601.0,0.0016846230426565212
2024-12-05 00:00:00+05:30,1163.00607766556,1175.895086940121,1149.1179222761664,1165.404052734375,10640451,0.0,0.0,1148.0513549804687,1163.5496200635089,54.09501973376014,-3.8514193579042058,3.7240031034350114,-7.575422461339217,23.46987426523289,1008142052.0,0.002061876644383738
2024-12-06 00:00:00+05:30,1166.503084244846,1192.8305598686338,1159.0094884145792,1183.53857421875,7542210,0.0,0.0,1148.9530883789062,1164.3335006186164,59.47041262540544,-0.8838017260284232,5.353296588248635,-6.237098314277058,24.20924549300587,1015684262.0,0.01460389621252675
2024-12-09 00:00:00+05:30,1183.2387822026365,1184.9872878972571,1160.008635116961,1162.2567138671875,6308112,0.0,0.0,1149.1204467773437,1164.2520580009134,51.80385108677053,-0.24637162395970336,4.792581352253884,-5.038952976213587,24.26420315638375,1009376150.0,-0.017732742241925312
2024-12-10 00:00:00+05:30,1156.0120320175192,1164.0552068694128,1150.2669419707595,1152.6649169921875,4714389,0.0,0.0,1148.75576171875,1163.7976603142968,48.75329698070825,-0.5093105069659032,3.6237139753981475,-4.133024482364051,23.51592185226015,1004661761.0,-0.002895398086376498
2024-12-11 00:00:00+05:30,1149.018037571162,1157.3608832768325,1143.572740005626,1146.2703857421875,7788242,0.0,0.0,1147.5692749023438,1163.1103162134298,46.77573226230797,-1.2196177029741193,2.3307254235119452,-3.5503431264860645,22.821080525042035,996873519.0,-0.002391304347826106
2024-12-12 00:00:00+05:30,1144.022283571999,1153.5641776056896,1142.6234546399185,1144.6717529296875,4825283,0.0,0.0,1146.944805908203,1162.387235300342,46.27042574196353,-1.8897536768783993,1.3284715596861325,-3.218225236564532,21.972483556522683,992048236.0,0.0005677069118450058
2024-12-13 00:00:00+05:30,1140.0257583610694,1151.7157195420548,1112.6991355227565,1147.169677734375,8731618,0.0,0.0,1147.3944213867187,1161.7904683369707,47.22969219303291,-2.193988672846899,0.8193892509741065,-3.0133779238210057,23.1899193038638,1000779854.0,0.006266454350624402
2024-12-16 00:00:00+05:30,1145.5209692270178,1154.0137108218105,1140.7750253946338,1149.917236328125,3975202,0.0,0.0,1147.903985595703,1161.3248513954475,48.322588341488654,-2.188168241436415,0.6601677459076725,-2.8483359873440874,22.47911688410044,1004755056.0,0.003837788411742287
2024-12-17 00:00:00+05:30,1144.2721002862004,1150.8664403216148,1129.035121871562,1135.27978515625,7292817,0.0,0.0,1148.4060607910155,1160.3034762488123,43.19064199305819,-3.3263316067038886,-0.3823964954878405,-2.943935111216048,22.432845567382746,997462239.0,-0.007858546168958647
2024-12-18 00:00:00+05:30,1135.229787819368,1138.9267016920649,1114.997078620928,1121.291748046875,7222127,0.0,0.0,1147.8215637207031,1158.7736045546187,38.93515006163863,-5.296002940277049,-1.8816542632488003,-3.4143486770282485,22.539758246222323,990240112.0,-0.012277725551287977
2024-12-19 00:00:00+05:30,1103.956540634929,1118.0944822195825,1100.1098525767634,1107.953125,11677610,0.0,0.0,1146.3103515625,1156.7806445720846,35.357629342378026,-7.8428891234225375,-3.542832357115431,-4.300056766307106,22.4427680479287,978562502.0,0.0036202370455383475
2024-12-20 00:00:00+05:30,1103.0072568859084,1104.9056588150418,1064.0905661860045,1070.9346923828125,12623056,0.0,0.0,1142.7858581542969,1153.4141366430936,27.73974355571454,-12.701972477133495,-6.721532568661111,-5.980439908472384,23.972753102647758,965939446.0,-0.02907738303884378
2024-12-23 00:00:00+05:30,1074.181925218324,1082.6247827661366,1071.4842795912562,1078.228515625,3886921,0.0,0.0,1138.9516357421876,1150.4656809168937,30.898809830686265,-15.782351342035781,-7.841529146850717,-7.940822195185064,23.095420051267496,969826367.0,0.0037671369361884166
2024-12-24 00:00:00+05:30,1076.3801503868544,1083.823740101234,1075.0812116606846,1077.978759765625,4343694,0.0,0.0,1135.6594482421874,1147.6230565580206,30.849076614840143,-18.035821275205308,-8.075999264016195,-9.959822011189113,22.070213507644777,965482673.0,0.0014851717380667193
2024-12-26 00:00:00+05:30,1082.075186563399,1091.666964377949,1071.833939414484,1075.780517578125,4775460,0.0,0.0,1132.0150573730468,1144.8057020882206,30.385506103967916,-19.771182322985624,-7.849088249437209,-11.922094073548415,21.910414325917653,960707213.0,-0.00581721960122336
2024-12-27 00:00:00+05:30,1077.1793765790876,1085.3224416159574,1075.081194180686,1076.5299072265625,3801667,0.0,0.0,1129.2649047851562,1142.1282199367831,30.767451068116475,-20.845702689627615,-7.1388868928633595,-13.706815796764255,21.076902405157202,964508880.0,-0.0006029351904115458
2024-12-30 00:00:00+05:30,1073.1828578787208,1095.5637560852615,1063.0415000388418,1069.036376953125,9452155,0.0,0.0,1125.9502380371093,1139.2618731531104,29.051021505696834,-22.04778000508145,-6.672771366653755,-15.375008638427694,21.894427665247377,955056725.0,-0.0038637226593349235
2024-12-31 00:00:00+05:30,1061.093125882966,1069.5358613844005,1057.5961146394725,1063.790771484375,5292136,0.0,0.0,1122.3333251953125,1136.3022221072777,27.87855986363111,-23.156774577316355,-6.22541275111093,-16.931361826205425,21.183379028081706,949764589.0,0.002542326903837242
2025-01-01 00:00:00+05:30,1063.2413952878649,1076.03039277255,1053.050031422574,1070.8848876953125,2985355,0.0,0.0,1117.902117919922,1133.7368364440636,31.882462720612097,-23.195837697399384,-5.011580696955164,-18.18425700044422,21.31173490821701,952749944.0,0.0071888589376998616
2025-01-02 00:00:00+05:30,1071.0846105910884,1087.7703015405457,1066.5884531772265,1085.672119140625,6557076,0.0,0.0,1114.2627258300781,1131.851945569419,39.43069084821029,-21.782494468807954,-2.878589974690989,-18.903904494116965,21.302457297867164,959307020.0,0.01361938021076252
2025-01-03 00:00:00+05:30,1085.0726691338768,1092.5662649151882,1078.878012074424,1083.9736328125,7357220,0.0,0.0,1110.1912048339843,1129.974364676991,38.89751822638113,-20.562432507126232,-1.3268224104074129,-19.23561009671882,20.758585550931233,951949800.0,-0.0010128688636624793
2025-01-06 00:00:00+05:30,1086.8211254988164,1089.0692041311972,1058.994932153449,1062.491943359375,5283413,0.0,0.0,1104.1388732910157,1127.3279952135551,32.84785109218292,-21.085852835321248,-1.4801941908819423,-19.605658644439306,21.4239917242753,946666387.0,-0.022385636024764496
2025-01-07 00:00:00+05:30,1063.6410686595937,1069.585939386801,1055.0983204039812,1066.5885009765625,4619462,0.0,0.0,1099.3554626464843,1124.9460542630848,34.92635125168475,-20.92885444680587,-1.0585566418932544,-19.870297804912617,20.928536528457055,951285849.0,0.0027710779545991144
2025-01-08 00:00:00+05:30,1062.8417164055377,1081.425810390834,1058.1956624176928,1074.0321044921875,8780098,0.0,0.0,1095.4238220214843,1122.949428781873,38.64260942200724,-19.973552814137747,-0.08260400738010532,-19.890948806757642,21.09293734593449,960065947.0,0.010528743757344217
2025-01-09 00:00:00+05:30,1078.6781174845069,1079.227696632213,1053.3497879534912,1060.8433837890625,9054190,0.0,0.0,1091.1524719238282,1120.5138976056842,34.845512387612374,-20.04956996356009,-0.12689692544195807,-19.92267303811813,21.434721012562168,951011757.0,-0.016533879204887567
2025-01-10 00:00:00+05:30,1055.3480496665616,1063.940681583058,1036.114487577964,1039.811279296875,5612886,0.0,0.0,1085.9094482421874,1117.3490890445544,29.814280580027987,-21.558417148796934,-1.3085952885430423,-20.249821860253892,21.891254797743017,945398871.0,-0.014721939718934833
2025-01-13 00:00:00+05:30,1025.7233630583803,1062.0923055338462,1022.3762480127076,1048.404052734375,7180930,0.0,0.0,1080.9711669921876,1114.6453621304297,34.00668100955138,-21.809419003768426,-1.2476777148116263,-20.5617412889568,23.164454992271274,952579801.0,0.022111897313490166
2025-01-14 00:00:00+05:30,1052.050892013326,1060.094067323752,1044.607301966996,1050.7520751953125,6892897,0.0,0.0,1076.0129089355469,1112.139743034935,35.14666792001779,-21.57022585617824,-0.8067876537771532,-20.763438202401087,22.61604858973447,959472698.0,-0.0012345570236890603
2025-01-15 00:00:00+05:30,1042.1093350734811,1052.0009054084285,1013.7835688153692,1025.9232177734375,11418721,0.0,0.0,1070.5450805664063,1108.7587028286018,29.36927071151909,-23.117658872703714,-1.8833765362420998,-21.234282336461614,23.730426304257666,948053977.0,-0.015532072072746877
2025-01-16 00:00:00+05:30,1033.0171728612916,1045.556383184184,1026.1730464981413,1037.1136474609375,10261727,0.0,0.0,1066.3361755371093,1105.9490928141836,34.58817182550003,-23.17390221402502,-1.5516959020507244,-21.622206311974296,23.437764811864007,958315704.0,0.00396554356235857
2025-01-17 00:00:00+05:30,999.1461051896172,1010.8361268169436,973.7677697245856,990.2037353515624,33831617,0.0,0.0,1060.4487060546876,1101.4100591881986,25.936511207140256,-26.695978707101176,-4.059017916101503,-22.636960790999673,26.288344306470286,924484087.0,-0.008950012207031234
2025-01-20 00:00:00+05:30,991.2028832561386,993.3510717794117,975.6661734888432,987.206298828125,33440507,0.0,0.0,1056.2622863769532,1096.9314803505488,25.497635209686692,-29.39032441486097,-5.402690899089038,-23.987633515771932,25.67381244819158,891043580.0,-0.004032054885559572
2025-01-21 00:00:00+05:30,992.7515647509814,993.6008755464944,962.1777177393942,969.37158203125,11894500,0.0,0.0,1050.8194396972656,1091.9291313968508,23.003473555523993,-32.58905900827153,-6.881140393999679,-25.707918614271854,26.084479973827914,879149080.0,-0.02355068835937414
2025-01-22 00:00:00+05:30,974.9168003898412,974.9168003898412,953.185372863857,958.4808349609376,17303146,0.0,0.0,1044.8445434570312,1086.6958648699522,21.613140918689638,-35.592582356201774,-7.907730993543936,-27.684851362657838,25.773547656124794,861845934.0,-0.01685883905409297
2025-01-23 00:00:00+05:30,953.1854083200984,962.877137980758,947.1905315382112,950.2379150390624,24649522,0.0,0.0,1038.5674133300781,1081.3445727197213,20.59837393728037,-38.19771155582714,-8.41028815453544,-29.7874234012917,25.05305185515494,837196412.0,-0.0030922559822130695
2025-01-24 00:00:00+05:30,947.1904904330852,960.978694236453,945.292088474656,947.6900634765624,14421921,0.0,0.0,1032.125421142578,1076.103219416068,20.281399609309126,-40.00671305845856,-8.175431725733485,-31.831281332725073,24.384019991343653,822774491.0,0.0005274261603373764
2025-01-27 00:00:00+05:30,942.2946747087996,948.9390207529837,932.7028964179104,947.2904052734376,12713296,0.0,0.0,1026.0381225585938,1071.0517365085138,20.2288147300585,-40.99998653617183,-7.334964162757402,-33.66502237341443,23.802027444467193,810061195.0,0.005301664859967397
2025-01-28 00:00:00+05:30,959.180235428942,993.0013057953832,957.38178468412,982.9598999023438,21781371,0.0,0.0,1021.9965789794921,1067.597154680821,36.14241242537475,-38.46552616755946,-3.8404030353160223,-34.62512313224344,25.36694695000137,831842566.0,0.02479165395100913
2025-01-29 00:00:00+05:30,987.1563504180044,987.8058197786002,976.7652065467048,982.560302734375,11175206,0.0,0.0,1017.5803497314453,1064.2623761731172,36.055635229977646,-36.07336096717347,-1.158590267944021,-34.91477069922945,24.343637398708083,820667360.0,-0.004655845734754437
2025-01-30 00:00:00+05:30,983.809246785376,990.5534830633908,973.9676209602276,983.8591918945312,10473118,0.0,0.0,1012.4897033691407,1061.1093101229767,36.58858988218299,-33.684449940224,0.9842566072043653,-34.668706547428364,23.789510591883445,831140478.0,5.0767066195461266e-05
2025-01-31 00:00:00+05:30,981.1614599961304,989.154628713003,977.2148207455668,985.2579345703124,9036312,0.0,0.0,1007.5539184570313,1058.1347463758134,37.19564504363228,-31.3173470140307,2.6810876267181314,-33.99843464074883,22.943103261565785,840176790.0,0.0041751278879198755
2025-02-01 00:00:00+05:30,988.6550911139932,1004.0919109485104,981.1614951732604,997.2977294921876,4830391,0.0,0.0,1004.2942077636719,1055.7489810078282,42.314722259435285,-28.145446869951684,4.682390216637721,-32.827837086589405,22.94219701254323,845007181.0,0.008741813455343764
2025-02-03 00:00:00+05:30,986.2570909647076,999.6456730985736,982.5102930895256,988.55517578125,7124605,0.0,0.0,1000.3925415039063,1053.1139298224723,39.77923050890169,-26.03700577822724,5.432665046689735,-31.469670824916975,22.52742436943643,837882576.0,0.002330107268779741
2025-02-04 00:00:00+05:30,993.1512442533444,1016.2314952547484,986.9565261066653,1014.4330444335938,16058171,0.0,0.0,997.4125885009765,1051.5970323562417,49.43702956920438,-22.024043824943078,7.556501599979118,-29.580545424922196,23.009391853625484,853940747.0,0.021428559147855745
2025-02-05 00:00:00+05:30,1019.7285079133438,1021.1772819871264,1009.637156472446,1012.4347534179688,7858373,0.0,0.0,994.9921569824219,1050.0612567116036,48.786382620890116,-18.78840689042613,8.633710827596854,-27.422117718022985,22.19015854370084,846082374.0,-0.0071526435112618265
2025-02-06 00:00:00+05:30,1011.135846962794,1020.9774115938708,1009.1874998832046,1019.8284301757812,5815563,0.0,0.0,993.9930145263672,1048.8756556709832,51.33830057962255,-15.449441836942924,9.578140704864051,-25.027582541806975,21.447283769912648,851897937.0,0.008596850006947836
2025-02-07 00:00:00+05:30,1018.629477108508,1026.4727498171085,1006.789619889428,1023.2255249023438,8638651,0.0,0.0,992.7340881347657,1047.86976818986,52.509207974879395,-12.38638824891052,10.112955434317165,-22.499343683227686,21.321272781181783,860536588.0,0.0045119917468735785
2025-02-10 00:00:00+05:30,1020.1281486117224,1025.8732385769697,1005.340798810824,1010.8860473632812,3960565,0.0,0.0,990.7407867431641,1046.4194261966609,47.99192548878352,-10.829750304150366,9.335674703261859,-20.165425007412225,21.26492756582206,856576023.0,-0.009059745347698312
2025-02-11 00:00:00+05:30,1008.1384042718064,1015.4821036361708,1001.743844906005,1006.539794921875,4808215,0.0,0.0,989.771615600586,1044.8555190878458,46.47533891503802,-9.833455809374527,8.265575358430159,-18.099031167804686,20.727308363275178,851767808.0,-0.0015857042477080254
2025-02-12 00:00:00+05:30,999.1460897554412,1009.7870200045516,983.159752319354,1006.0402221679688,7669283,0.0,0.0,988.2179443359375,1043.333350581184,46.29424887927362,-8.980672982618216,7.294686548149176,-16.275359530767393,21.14873402912678,844098525.0,0.006900024414062471
2025-02-13 00:00:00+05:30,1002.1435394057844,1016.5812127633228,1000.195192312027,1007.339111328125,6348246,0.0,0.0,989.0747131347656,1041.9218117869466,46.873862077047704,-8.106579347937782,6.535024146263689,-14.64160349420147,20.808540202138854,850446771.0,0.005184458830539676
2025-02-14 00:00:00+05:30,1009.6870990599268,1015.132457608866,986.8066895087636,996.6482543945312,5375755,0.0,0.0,989.5468109130859,1040.1463781637146,42.78128897941848,-8.182197374181897,5.16752489601566,-13.349722270197557,21.345485051993396,845071016.0,-0.012913747910154979
2025-02-17 00:00:00+05:30,991.6025387766662,998.7964027455306,977.2148108389374,992.1021118164062,7166803,0.0,0.0,990.6833374023438,1038.2622892873496,41.136507007946385,-8.510853100415375,3.8710953358257463,-12.381948436241121,21.362349827321953,837904213.0,0.0005038037118747245
2025-02-18 00:00:00+05:30,992.1021599108304,996.4983662838368,985.7076002989515,993.3011474609376,3090004,0.0,0.0,992.4243530273437,1036.4991072549415,41.77236096400632,-8.575707557012834,3.044992703382631,-11.620700260395465,20.607236695719337,840994217.0,0.001208532345313048
2025-02-19 00:00:00+05:30,990.8032596729912,1012.5846325710228,987.3062483045856,1010.4863891601562,6401381,0.0,0.0,995.4367767333985,1035.4790006629892,50.09340010096112,-7.157888120426264,3.570249711975361,-10.728137832401625,20.940890093627758,847395598.0,0.019865830370462596
2025-02-20 00:00:00+05:30,1007.5389474515372,1018.7793410298854,1005.6405454762012,1016.3314208984376,5011212,0.0,0.0,998.8688446044922,1034.7281151820264,52.57575961443507,-5.499219213830997,4.183134894856503,-9.6823541086875,20.383597626488932,852406810.0,0.008726683439027404
2025-02-21 00:00:00+05:30,1011.1358844792248,1021.0274555684332,999.7956002866314,1008.0885009765624,5019937,0.0,0.0,1001.9087493896484,1033.683424428871,48.883060076437864,-4.7945779934422035,3.9102208921962376,-8.704798885638441,20.44418745901128,847386873.0,-0.0030138219298111247
2025-02-24 00:00:00+05:30,1000.4949167860066,1012.134993173767,997.6973199195476,1009.1875,4265454,0.0,0.0,1003.2201293945312,1032.7227999414642,49.39340807511288,-4.100200158009329,3.68367898210329,-7.783879140112619,20.01515073009758,851652327.0,0.008688283236777969
2025-02-25 00:00:00+05:30,1003.1426606538377,1012.8343897910248,996.2485283338186,1008.23828125,5708975,0.0,0.0,1004.5040283203125,1031.7626227378776,48.93893333158852,-3.5851671654847905,3.358969579702263,-6.944136745187054,19.770201496319626,845943352.0,0.005079656958105119
2025-02-27 00:00:00+05:30,1006.7895881710506,1022.675974509891,1004.2917229306948,1015.8318481445312,9777690,0.0,0.0,1006.1026611328125,1031.137886479315,52.689224806396695,-2.5350400582112798,3.5272773495806193,-6.062317407791899,19.671205073667952,855721042.0,0.008981280775764652
2025-02-28 00:00:00+05:30,1013.9334407248851,1034.615777000597,1009.0876065778272,1014.6828002929688,15026849,0.0,0.0,1007.5739044189453,1030.4925889818112,52.06605445432395,-1.7750634915751107,3.429803132973431,-5.204866624548542,20.089559741460953,840694193.0,0.0007390618930053931
2025-03-03 00:00:00+05:30,1016.1815119995524,1018.5295418855362,991.1529148051624,1006.389892578125,6763184,0.0,0.0,1008.0285125732422,1029.5473852012744,47.682768185090566,-1.8209541075989364,2.7071300135596843,-4.528084121158621,20.6100645513833,833931009.0,-0.009635699238574344
2025-03-04 00:00:00+05:30,1000.2451655910476,1010.2366268834684,997.7473002679424,1000.944580078125,5786420,0.0,0.0,1008.647982788086,1028.425706568994,45.00364014681784,-2.270540583314414,1.8060348302753653,-4.076575413589779,20.030011841679208,828144589.0,0.0006992430567401419
2025-03-05 00:00:00+05:30,1002.1435659127036,1016.5312945423532,1001.6939379587068,1013.5838012695312,5133873,0.0,0.0,1008.6055206298828,1027.8436710670542,51.776511448118015,-1.588648632115337,1.9903414251795541,-3.578990057294891,19.712633457575564,833278462.0,0.011415764912294225
2025-03-06 00:00:00+05:30,1021.7267392253694,1038.612332076587,1014.2831498454004,1033.2169189453125,7861120,0.0,0.0,1009.64462890625,1028.0543866701232,60.01408893287221,0.5298760859191134,3.2870929145712036,-2.75721682865209,20.09234041110987,841139582.0,0.011245844195733228
2025-03-07 00:00:00+05:30,1032.817337571361,1049.4531455409124,1029.8198990891383,1036.7640380859375,7597321,0.0,0.0,1010.4914093017578,1028.3959416276061,61.30032130821099,2.4666114963273458,4.179062659983549,-1.7124511636562032,20.05954798544303,848736903.0,0.003821295761607908
2025-03-10 00:00:00+05:30,1035.1153504084468,1049.6029687298003,1031.468442782615,1034.9654541015625,5995655,0.0,0.0,1011.0784057617187,1028.6535695677612,60.24215825597933,3.8124104715820977,4.4198893081906405,-0.6074788366085432,19.922046411281755,842741248.0,-0.00014481121048507477
2025-03-11 00:00:00+05:30,1029.520113656347,1035.914672765481,1020.2280066108474,1024.774169921875,4771085,0.0,0.0,1011.7728118896484,1028.5014362483148,54.50126707551005,4.010385170378299,3.694291205589474,0.31609396478882534,19.61951925009261,837970163.0,-0.004609860139222191
2025-03-12 00:00:00+05:30,1024.3245322593168,1028.9207018891527,998.3467946594548,1010.3365478515624,7504702,0.0,0.0,1011.9626495361329,1027.7890876837364,47.58321238245297,2.968072018010048,2.121582442576978,0.8464895754330699,20.401975534350136,830465461.0,-0.01365581314049134
2025-03-13 00:00:00+05:30,1014.1332914267962,1015.132437526724,1004.2417206442948,1009.33740234375,4004140,0.0,0.0,1012.1275085449219,1027.0654921802075,47.13728950646188,2.0379168066366447,0.9531417849628596,1.084775021673785,19.722599916355783,826461321.0,-0.004729052012777121
2025-03-17 00:00:00+05:30,1010.2366012913976,1038.1128019842872,1010.2366012913976,1033.2669677734375,5938668,0.0,0.0,1013.4239013671875,1027.3086873015106,57.42753138159554,3.194849802867566,1.6880598249550247,1.506789977912541,20.36922846808303,832399989.0,0.022797002655219466
2025-03-18 00:00:00+05:30,1033.2669677734375,1033.2669677734375,1033.2669677734375,1033.2669677734375,0,0.0,0.0,1015.2548370361328,1027.5423453592334,57.42753138159554,4.064870243756559,2.046464212675214,2.0184060310813448,18.91428357750567,832399989.0,0.0
2025-03-19 00:00:00+05:30,1046.9053623518132,1057.646183234451,1042.6089852123262,1051.1517333984375,4822365,0.0,0.0,1018.2073181152343,1028.468203713712,63.573755133004056,6.126891832843171,3.286788641409461,2.84010319143371,19.304635854899086,837222354.0,0.0040561173906732695
2025-03-20 00:00:00+05:30,1055.3481090881514,1057.9958707491392,1046.0061170837591,1053.44970703125,3742644,0.0,0.0,1021.21474609375,1029.4478705104782,64.28718306946024,7.855927819698422,4.01265970261177,3.8432681170866525,18.78214426993344,840964998.0,-0.0017988396819526226
2025-03-21 00:00:00+05:30,1053.4496491429936,1074.6316193008408,1049.6529672039042,1069.2362060546875,6848565,0.0,0.0,1024.1522369384766,1031.0081973945648,68.80697707984794,10.380381260617924,5.229690514825016,5.150690745792907,19.224751971862243,847813563.0,0.014985582770412063
2025-03-24 00:00:00+05:30,1081.0760349569089,1104.0063882058416,1072.783073887539,1096.9124755859375,8284863,0.0,0.0,1028.1812896728516,1033.5926788922657,74.82294901819755,14.44772803578985,7.437629831997555,7.010098203792296,20.335139841811667,856098426.0,0.01464877595742825
2025-03-25 00:00:00+05:30,1109.002216272288,1122.5406953407569,1095.413853076155,1117.594970703125,11720528,0.0,0.0,1033.6566131591796,1036.8868864142603,78.20570873717823,19.11963491416691,9.687629368299689,9.43200554586722,20.82026144343954,867818954.0,0.007748185084534798
2025-03-26 00:00:00+05:30,1114.047955120439,1117.8946433973692,1088.1201613639344,1095.31396484375,7127060,0.0,0.0,1037.9629364013672,1039.1781443918874,67.65917944159656,20.78467106184371,9.082132412781192,11.702538649062518,21.459848628439207,860691894.0,-0.01681614349775779
2025-03-27 00:00:00+05:30,1091.067555947459,1107.053893763539,1087.1708617115737,1097.412109375,8508917,0.0,0.0,1042.4216278076171,1041.461829293186,68.0955026418517,22.019697566797277,8.253727134187805,13.765970432609471,21.347218872976786,869200811.0,0.005814995957818227
2025-03-28 00:00:00+05:30,1097.462058532138,1106.0546902692902,1085.572196005044,1101.0589599609375,4921190,0.0,0.0,1046.6829833984375,1043.7989716723134,68.88136248523027,23.027291056829426,7.409056499375964,15.618234557453462,21.285452829496034,874122001.0,0.0032774722377286194
2025-04-01 00:00:00+05:30,1092.2664595426536,1100.3096343737684,1069.0863189829122,1084.6729736328125,6638140,0.0,0.0,1050.1824920654296,1045.40187370998,61.54583784961616,22.247152676043243,5.3031344948718235,16.94401818117142,22.04882341153384,867483861.0,-0.006952045303140211
2025-04-02 00:00:00+05:30,1090.76773491548,1094.664429049867,1079.8271340440042,1083.52392578125,4065344,0.0,0.0,1054.0391937255858,1046.8968561441475,61.05481737941689,21.290742404635466,3.4773793787712357,17.81336302586423,21.5337142397002,863418517.0,-0.006641018891882976
2025-04-03 00:00:00+05:30,1077.9787109284953,1091.017493860897,1074.381809497697,1088.9193115234375,5345660,0.0,0.0,1058.4379302978516,1048.5447955707864,62.5650613265143,20.729189716674227,2.332661352647996,18.39652836402623,21.183854962807324,868764177.0,0.010149180576598547
2025-04-04 00:00:00+05:30,1080.5764837084853,1100.9590880995302,1074.5316011481896,1090.3681640625,6059991,0.0,0.0,1062.2771484375,1050.1849276685007,62.9802194769135,20.168574682593544,1.4176370548538486,18.750937627739695,21.558400104845415,874824168.0,0.009061533821659851
2025-04-07 00:00:00+05:30,1034.1161611572818,1068.087126837811,1031.468399733085,1047.0550537109375,9720457,0.0,0.0,1062.9690551757812,1050.0621875133022,46.410010708813125,16.04432817847305,-2.165287559413315,18.209615737886367,24.225640406600377,865103711.0,0.012512030117753658
2025-04-08 00:00:00+05:30,1060.093978570394,1084.0234781220995,1059.3946251089444,1076.9295654296875,8723357,0.0,0.0,1064.9773315429688,1051.1158101766898,55.17092978755003,15.013391502626973,-2.556979388207516,17.57037089083449,25.135839264069062,873827068.0,0.01588122109890423
2025-04-09 00:00:00+05:30,1072.1837048584816,1080.926233635811,1057.096622447392,1060.7435302734375,6690201,0.0,0.0,1066.2662353515625,1051.4933678275427,50.36659829261112,12.74339111446966,-3.861583821091866,16.604974935561525,25.042537258665487,867136867.0,-0.010669976174049512
2025-04-11 00:00:00+05:30,1062.392153253822,1071.7840295190008,1056.6470628741667,1068.0372314453125,8144072,0.0,0.0,1068.4293884277345,1052.1421467929454,52.378994071328236,11.401510663219824,-4.162771417873362,15.564282081093186,24.334996500534672,875280939.0,0.005313554109187576
2025-04-15 00:00:00+05:30,1089.0692731441595,1116.0462184422258,1082.0752502891053,1111.849853515625,9320299,0.0,0.0,1073.5050537109375,1054.4836254879524,62.27400037416713,13.715272062713211,-1.4792080147039801,15.194480077417191,26.025995821704576,884601238.0,0.020917475989105445
2025-04-16 00:00:00+05:30,1121.7413327534418,1162.5065444211673,1111.6499810412404,1160.3084716796875,12836428,0.0,0.0,1081.0536071777344,1058.6336194562557,69.75870075096378,19.23739344505975,3.2343306941140497,16.003062750945702,27.79960779014903,897437666.0,0.03438149045607353
2025-04-17 00:00:00+05:30,1154.613187862119,1198.1759326401857,1152.6148956982988,1189.783203125,13446336,0.0,0.0,1088.8794189453124,1063.7767403844418,73.23675213716831,25.69587289472861,7.754248115026325,17.941624779702284,29.068281300987447,910884002.0,0.03046043093271932
2025-04-21 00:00:00+05:30,1200.9736202361637,1237.6422335650964,1197.0769260268742,1221.9556884765625,15166580,0.0,0.0,1098.3138549804687,1069.9798363880545,76.42405993750275,33.029570749212326,12.070356775608033,20.959213973604292,30.410477668066655,926050582.0,0.01747088186356068
2025-04-22 00:00:00+05:30,1229.3493484820565,1233.9453960091998,1211.0649266211587,1215.760986328125,8461710,0.0,0.0,1106.5443176269532,1075.6967442288417,74.58226506621784,37.90477578291575,13.556449447449165,24.348326335466584,29.872619933779113,917588872.0,-0.011053295933096449
2025-04-23 00:00:00+05:30,1224.2538202977976,1228.9497583930292,1193.8797530955178,1205.8695068359375,9433911,0.0,0.0,1114.1653076171874,1080.801558448728,71.61444679597422,40.50335371840151,12.924021906347939,27.579331812053574,30.24386174547428,908154961.0,-0.015016749923139405
2025-04-24 00:00:00+05:30,1198.0760451934375,1218.9582227468238,1198.0760451934375,1206.0692138671875,9078137,0.0,0.0,1121.0069580078125,1085.7140155239617,71.63898485976657,42.09363096700554,11.61143932396157,30.48219164304397,29.575170017467997,917233098.0,0.006671670555318927
2025-04-25 00:00:00+05:30,1175.9950141977513,1178.892562415244,1145.0214836623811,1165.30419921875,17243807,0.0,0.0,1124.4265441894531,1088.8351991982672,60.199316831334265,39.607965181654436,7.300618830888368,32.30734635076607,31.82321003084931,899989291.0,-0.009090867605671292
2025-04-28 00:00:00+05:30,1165.304122995516,1194.9787128132273,1163.3058308336208,1191.781494140625,5523502,0.0,0.0,1128.1358703613282,1092.87230880385,64.19820694302543,39.32128229309137,5.611148753860242,33.71013353923113,31.812472312903395,905512793.0,0.022721425782864752
2025-04-29 00:00:00+05:30,1192.9804852009415,1208.966823361088,1183.3887066980697,1186.2862548828125,6074520,0.0,0.0,1132.6844848632813,1096.5356008069466,62.78818919890533,38.21020074680655,3.6000537660603342,34.610146980746215,31.367161195054468,899438273.0,-0.005611349390180072
2025-04-30 00:00:00+05:30,1184.0880493990603,1192.8805840933246,1173.996697920787,1183.9881591796875,6288257,0.0,0.0,1137.0132873535156,1099.9651128999953,62.17319495189386,36.720927504917654,1.6886244193371454,35.03230308558051,30.47549869344612,893150016.0,-8.436046578082221e-05
2025-05-02 00:00:00+05:30,1181.09058764281,1209.4663614496308,1179.092295430584,1182.3895263671875,5249372,0.0,0.0,1141.079815673828,1103.1974428398853,61.72031145082569,35.00811961235604,-0.019346778579574675,35.027466390935615,30.468253502417593,887900644.0,0.001099779083812538
2025-05-05 00:00:00+05:30,1188.9838228735969,1188.9838228735969,1163.305817670235,1172.1981201171875,7236056,0.0,0.0,1145.456072998047,1105.9033517527207,58.780711529877614,32.45423350436772,-2.0585863092543164,34.51281981362204,30.126092909627896,880664588.0,-0.014117688090861337
2025-05-06 00:00:00+05:30,1176.9941263517048,1177.7934920320934,1156.711411381114,1160.4083251953125,5348267,0.0,0.0,1149.30029296875,1108.040801691646,55.48826962726995,29.142980309134828,-4.295871603589767,33.438851912724594,29.480092034010145,875316321.0,-0.014091660089929991
2025-05-07 00:00:00+05:30,1158.0103867504365,1167.6021653881123,1151.9156196344402,1160.3084716796875,4263817,0.0,0.0,1152.8697509765625,1110.0905142401966,55.45993585252114,26.20861435938241,-5.78419004267375,31.99280440205616,28.494838728271716,871052504.0,0.0019845114996764287
2025-05-08 00:00:00+05:30,1169.000902041538,1177.9932166726269,1164.6046349397911,1171.198974609375,9912347,0.0,0.0,1156.9112915039063,1112.4869244507527,57.9800928850487,24.47969409844768,-6.010488242886783,30.490182341334464,27.72268917574798,880964851.0,0.0018803001469017793
2025-05-09 00:00:00+05:30,1159.0094902220203,1171.1990240051657,1147.5193099310263,1150.1170654296875,5379571,0.0,0.0,1162.0643920898438,1113.9626162538482,51.862546297185986,21.164408328697846,-7.4606192101092965,28.625027538807142,27.433905239918793,875585280.0,-0.007672434839709007
2025-05-12 00:00:00+05:30,1183.9881482207568,1207.9676550201646,1174.1964674912338,1201.9727783203125,7616208,0.0,0.0,1168.316552734375,1117.4139951584154,62.37768959139544,22.462410439642326,-4.930093679331854,27.39250411897418,29.606525550672956,883201488.0,0.015189873417721449
2025-05-13 00:00:00+05:30,1204.17088139939,1213.76278193424,1188.983908829347,1192.580810546875,5569926,0.0,0.0,1174.9084167480469,1120.3617134089434,59.828597240700354,22.474164972676363,-3.934671317038255,26.408836289714618,29.26169323311724,877631562.0,-0.009624938645789219
2025-05-14 00:00:00+05:30,1194.8788087975402,1198.375820040466,1184.887348103466,1194.4791259765625,4084921,0.0,0.0,1181.2305114746093,1123.2682786076737,60.18277698484651,22.378691094399755,-3.224116156251892,25.602807250651647,28.135034569108864,881716483.0,-0.00033449653474052166
2025-05-15 00:00:00+05:30,1195.9778616685178,1215.960783333823,1183.988108669335,1208.0675048828125,6705748,0.0,0.0,1186.0413940429687,1126.5937384616007,62.716763407414966,23.13283505015852,-1.9759777603945032,25.108812810553022,28.409151718778805,888422231.0,0.01010858444940474
2025-05-16 00:00:00+05:30,1204.9701644737838,1212.2639795957512,1202.1725066819429,1207.767822265625,4016269,0.0,0.0,1188.4143615722655,1129.77703586568,62.622109271480596,23.43616021925186,-1.3381220730409318,24.774282292292792,27.100746089852336,884405962.0,0.002321765197450283
2025-05-19 00:00:00+05:30,1206.9684600284695,1217.959066866477,1200.0743277095955,1201.77294921875,4550022,0.0,0.0,1189.013848876953,1132.6004050167808,60.65018070849357,22.928505903899122,-1.4766211107149374,24.40512701461406,26.442459880354424,879855940.0,-0.0043045953409561
2025-05-20 00:00:00+05:30,1206.9684640476503,1209.666109675897,1191.8813826402695,1194.7789306640625,4724482,0.0,0.0,1187.655010986328,1135.0387785715761,58.341966947092644,21.7115501207968,-2.1548615150538097,23.86641163585061,25.824050391445347,875131458.0,-0.01009929732771092
2025-05-21 00:00:00+05:30,1196.0777462450546,1203.8711344442138,1181.6900183206467,1196.7772216796875,3712472,0.0,0.0,1186.7058227539062,1137.4598939875807,58.824140339065224,20.670077492880182,-2.5570673143763436,23.227144807256526,25.563840800882613,878843930.0,0.0005848076655792484
2025-05-22 00:00:00+05:30,1195.6780564317094,1195.6780564317094,1176.4945006220091,1187.485107421875,4795583,0.0,0.0,1185.786602783203,1139.4216670634353,55.60136225524835,18.87730119126354,-3.4798748927943883,22.35717608405793,25.18661796208231,874048347.0,-0.0068521362968596905
2025-05-23 00:00:00+05:30,1187.485119395582,1212.0640886389942,1187.0854365692512,1209.066650390625,3676469,0.0,0.0,1185.936474609375,1142.1528428801878,60.95222420893208,18.979183001563797,-2.702394465995308,21.681577467559105,25.171763255486646,877724816.0,0.018174148578828382
2025-05-26 00:00:00+05:30,1215.1614996663016,1223.1546688717133,1207.667903536228,1214.162353515625,3607612,0.0,0.0,1188.3793823242188,1144.976745258048,62.11326529577956,19.249212783120356,-1.945891747551002,21.195104530671358,24.479977689772255,881332428.0,-0.0008222332183425246
2025-05-27 00:00:00+05:30,1214.162341529213,1215.6610607404325,1189.3835904167065,1194.5791015625,7249163,0.0,0.0,1188.5192626953126,1146.9219357013599,55.30716894405052,17.67921359254501,-2.8127127505010776,20.49192634304609,24.608370020768948,874083265.0,-0.0161290128155749
2025-05-28 00:00:00+05:30,1194.5790654630853,1201.1734053999564,1190.6823712384548,1193.6798095703125,3525421,0.0,0.0,1188.8889404296874,1148.7555778138678,55.00907805885411,16.175946334540413,-3.452784006804542,19.628730341344955,23.599988887964138,870557844.0,-0.0007527805557384097
2025-05-29 00:00:00+05:30,1198.9753285293475,1207.9676434933178,1187.984721351162,1200.673828125,7788068,0.0,0.0,1189.7232238769532,1150.7915876299905,56.952323771362,15.371758979104015,-3.40557708979275,18.777336068896766,23.341626977549254,878345912.0,0.001416625976562718
2025-05-30 00:00:00+05:30,1200.3741017035964,1207.767806945901,1188.584129401051,1191.181884765625,9998488,0.0,0.0,1190.162841796875,1152.3755208509958,53.570568893500294,13.809328857383207,-3.974405769210847,17.783734626594054,23.044630589499295,868347424.0,-0.007657793453662124
2025-06-02 00:00:00+05:30,1188.7840792835675,1199.8745766070429,1178.1930330443174,1193.380126953125,3761853,0.0,0.0,1191.221942138672,1153.983544619707,54.24812406716554,12.603189775751616,-4.144435880673949,16.747625656425566,22.94726723044402,872109277.0,0.003866175321196551
2025-06-03 00:00:00+05:30,1193.9795608940235,1197.8762549838802,1173.8967491583935,1180.4910888671875,8155665,0.0,0.0,1192.2260803222657,1155.023056158824,49.67108516588602,10.486397545102136,-5.008982489058745,15.495380034160881,23.020998558661354,863953612.0,-0.01129707112970691
2025-06-04 00:00:00+05:30,1180.7909490961636,1190.282837362319,1167.6021469572256,1170.0001220703125,4306355,0.0,0.0,1192.7106628417969,1155.6103920769217,46.250532326935776,7.871552747604937,-6.099061829244755,13.970614576849693,22.996690833406497,859647257.0,-0.00913864307150296
2025-06-05 00:00:00+05:30,1171.498848863261,1174.4962872825274,1156.0120836970516,1158.0103759765625,10481600,0.0,0.0,1192.0512329101562,1155.7045090925938,42.63679667068872,4.776733884564692,-7.355104553828001,12.131838438392693,22.67437031569716,849165657.0,-0.011513859275053237
2025-06-06 00:00:00+05:30,1157.9104875951884,1200.1742961943326,1150.216989127201,1193.5799560546875,14715421,0.0,0.0,1194.2243774414062,1157.189820738166,54.09577166355574,5.135041916795899,-5.597437217277436,10.732479134073335,24.623151512228187,863881078.0,0.030805030994735486
2025-06-09 00:00:00+05:30,1211.4646926212756,1223.4544462802078,1205.1700231639036,1218.8583984375,9138108,0.0,0.0,1195.0686584472655,1159.6081963342185,60.183213657593434,7.3737625091466725,-2.6869732999413305,10.060735809088003,24.998247134606192,873019186.0,0.0061031129188143666
2025-06-10 00:00:00+05:30,1223.3544631361597,1234.8446428531995,1217.3595867620518,1231.747314453125,7747558,0.0,0.0,1197.0269836425782,1162.4371813584894,62.88576193752171,10.071890034210355,0.008923380097881406,10.062966654112474,24.461590631502016,880766744.0,0.00686052290637796
2025-06-11 00:00:00+05:30,1231.547437255107,1240.73965439643,1227.051279882547,1230.3485107421875,4135775,0.0,0.0,1198.8204528808594,1165.1003707460854,62.39082140056761,11.959442756003682,1.5171808815129655,10.442261874490717,23.692075194529227,876630969.0,-0.0009735122469920907
2025-06-12 00:00:00+05:30,1229.948900657674,1236.0436677299426,1209.766197378075,1211.8643798828125,3461744,0.0,0.0,1199.0102966308593,1166.9342534573298,56.10672863673255,11.827487096193636,1.1081801773623354,10.7193069188313,23.87674627719625,873169225.0,-0.014703473262337412
2025-06-13 00:00:00+05:30,1196.9769975725644,1210.6652500104622,1194.579022599905,1204.7703857421875,3906868,0.0,0.0,1198.8604248046875,1168.4180233508537,53.86439543193568,11.023414188016886,0.24328581534846805,10.780128372668418,23.40593277760419,869262357.0,0.006510892177065939
2025-06-16 00:00:00+05:30,1205.070075190406,1216.9599380589093,1194.9787240709816,1214.3621826171875,5697424,0.0,0.0,1199.4898864746094,1170.2197550867884,56.40156741979837,11.032977168072193,0.20227903632302002,10.830698131749173,23.304167149770155,874959781.0,0.007710844056361886
2025-06-17 00:00:00+05:30,1214.3621705402445,1225.9522406799451,1210.2656960037218,1214.0623779296875,4492946,0.0,0.0,1200.4540588378907,1171.9390736296473,56.29735372299856,10.890821554376544,0.04809873810189558,10.842722816274648,22.760051258802523,870466835.0,-0.00024687248815041265
2025-06-18 00:00:00+05:30,1208.7670098415024,1222.2554822950017,1202.872023413054,1219.9573974609375,3135662,0.0,0.0,1201.6130676269531,1173.822145152443,57.94287945057154,11.12559211532016,0.22629543923640938,10.89929667608375,22.518866089027178,873602497.0,0.009257687816035313
2025-06-19 00:00:00+05:30,1216.9599001780673,1226.751580345239,1212.763535515606,1216.4603271484375,4243763,0.0,0.0,1203.0618286132812,1175.4942307209135,56.58181829091075,10.90377321802157,0.0035812335502534154,10.900191984471316,21.909521713356167,869358734.0,-0.00041050903119872924
2025-06-20 00:00:00+05:30,1216.4603740469724,1224.9531158781012,1213.1631431378685,1219.6575927734375,4652390,0.0,0.0,1203.591375732422,1177.2261272719927,57.56329116188649,10.86077648830883,-0.03153239692998966,10.892308885238819,21.186696786704495,874011124.0,0.0026282966504107396
2025-06-23 00:00:00+05:30,1211.564513300532,1221.855766720184,1204.5704907342642,1213.063232421875,2312469,0.0,0.0,1203.5364196777343,1178.6315039445371,54.81124945911047,10.177274219169249,-0.5720277328556573,10.749301952024906,20.908023872362726,871698655.0,0.0012370114054101053
2025-06-24 00:00:00+05:30,1221.85584819293,1237.3426134794584,1214.562032529616,1220.1572265625,6745788,0.0,0.0,1204.8153259277344,1180.2599636550456,57.18279020130818,10.091689076854209,-0.5260903001365573,10.617779376990766,21.148835099878486,878444443.0,-0.0013901980605503367
2025-06-25 00:00:00+05:30,1225.2529376663326,1225.2529376663326,1209.9659532198973,1212.2640380859375,4229259,0.0,0.0,1205.7445373535156,1181.5150253974334,53.79960571495119,9.279974125891613,-1.0702442008793227,10.350218326770936,20.730131481775402,874215184.0,-0.01060099444049024
2025-06-26 00:00:00+05:30,1214.162353992752,1237.9420811746302,1210.1657693884756,1232.44677734375,8678448,0.0,0.0,1207.333184814453,1183.5123490031713,60.272056313757055,10.148279513927264,-0.1615510502749391,10.309830564202203,21.233430074945343,882893632.0,0.015059290292496657
2025-06-27 00:00:00+05:30,1235.8438054880892,1245.935156459947,1219.357895238218,1224.0538330078125,6068274,0.0,0.0,1208.9767822265626,1185.1022111210002,56.71385012917322,10.043403224035046,-0.21314187213372549,10.256545096168772,21.615132299715608,876825358.0,-0.009540018267616185
2025-06-30 00:00:00+05:30,1227.850614406535,1234.9445270212907,1192.0811367630172,1198.1759033203125,6559872,0.0,0.0,1209.216571044922,1185.614904932738,47.41855316048335,7.782444181680603,-1.979280731590535,9.761724913271138,23.132865011041176,870265486.0,-0.024168014201438794
2025-07-01 00:00:00+05:30,1200.973663276553,1200.973663276553,1166.003548289299,1172.2982177734375,8702198,0.0,0.0,1208.8069274902343,1185.0926819068832,40.30462313776007,3.8580319062198214,-4.722954405641053,8.580986311860874,23.97838286648495,861563288.0,-0.02387683125779944
2025-07-02 00:00:00+05:30,1178.9924468672707,1180.8908489291716,1170.999277735967,1174.2965087890625,5471100,0.0,0.0,1209.021746826172,1184.6693025689294,41.040212077985856,0.8987915787579368,-6.14575578648235,7.044547365240287,22.972182032679203,867034388.0,-0.003983009467690732
2025-07-03 00:00:00+05:30,1176.9941080825224,1179.991546388335,1167.0026470631462,1170.0999755859375,6237185,0.0,0.0,1209.6262268066407,1184.0979564127335,39.92749895304211,-1.7647103758133653,-7.047406192842922,5.282695817029556,22.259090410715608,860797203.0,-0.0058574061239918705
2025-07-04 00:00:00+05:30,1174.0,1179.5,1162.0,1177.5999755859375,3926186,1.0,0.0,1208.8272277832032,1183.843133635212,42.90679278689983,-3.2330983986164483,-6.812635372516804,3.579536973900356,21.91915538137878,864723389.0,0.0030664187273743613
2025-07-07 00:00:00+05:30,1177.5999755859375,1177.5999755859375,1167.5999755859375,1175.0999755859375,5783402,0.0,0.0,1206.639306640625,1183.5002646921032,42.15627110771924,-4.546130628463743,-6.50053408189128,1.9544034534275365,21.067787139851724,858939987.0,-0.002122962000535094
2025-07-08 00:00:00+05:30,1180.0,1180.0,1161.9000244140625,1165.4000244140625,9973619,0.0,0.0,1203.3219421386718,1182.7904513478663,39.28497555262916,-6.296837105690656,-6.600992447294554,0.304155341603898,20.855800600286422,848966368.0,-0.01237286066604873
2025-07-09 00:00:00+05:30,1160.0,1171.0,1158.5999755859375,1164.699951171875,8674795,0.0,0.0,1200.0395141601562,1182.0810199684156,39.0781006669917,-7.652560705678752,-6.36537283782612,-1.287187867852632,20.251816586984713,840291573.0,0.004051682044719828
2025-07-10 00:00:00+05:30,1170.0999755859375,1176.5999755859375,1163.0,1164.300048828125,4339755,0.0,0.0,1197.6612976074218,1181.383726982522,38.95191638312867,-8.659429688012096,-5.897793456127571,-2.761636231884525,19.77668508690991,835951818.0,-0.004956778804228363
2025-07-11 00:00:00+05:30,1162.0,1175.9000244140625,1160.5999755859375,1173.800048828125,4468654,0.0,0.0,1196.1127807617188,1181.0863278392123,43.61020779405186,-8.591769435560991,-4.664106562941173,-3.9276628726198184,19.456925354139557,840420472.0,0.010154947356389846
2025-07-14 00:00:00+05:30,1179.0,1179.9000244140625,1163.0,1172.699951171875,4772502,0.0,0.0,1194.0296691894532,1180.7574503228461,43.19913195145196,-8.528604441853531,-3.6807532553869695,-4.847851186466562,19.27428957270548,835647970.0,-0.005343552865245971
2025-07-15 00:00:00+05:30,1174.0,1179.0,1162.300048828125,1165.9000244140625,4776756,0.0,0.0,1191.6215515136719,1180.1748061695605,40.64856517172678,-8.924368425277407,-3.261213791048676,-5.663154634228731,19.090408258360444,830871214.0,-0.006899468131122232
2025-07-16 00:00:00+05:30,1164.9000244140625,1174.0,1157.0999755859375,1168.4000244140625,4388279,0.0,0.0,1189.043682861328,1179.713050022286,42.00430969249755,-8.933307518555011,-2.6161223074610236,-6.317185211093988,18.93395226948202,835259493.0,0.0030045496837897987
2025-07-17 00:00:00+05:30,1170.0,1172.9000244140625,1154.800048828125,1159.800048828125,5694428,0.0,0.0,1186.2106689453126,1178.9321480146718,38.72710504591301,-9.524544945858224,-2.5658877878113886,-6.958657158046836,18.8743825063717,829565065.0,-0.008717906984508547
2025-07-18 00:00:00+05:30,1090.0,1115.9000244140625,1086.0,1099.300048828125,38053695,0.0,0.0,1180.1927917480468,1175.8093205955915,24.34000605603277,-14.705434155900775,-6.197421598283151,-8.508012557617624,22.797644386496934,791511370.0,0.008532154888188074
2025-07-21 00:00:00+05:30,1086.0,1101.5,1071.9000244140625,1099.5999755859375,15905500,0.0,0.0,1174.51962890625,1172.820718830507,24.489770428277428,-18.57302631236621,-8.052011003798867,-10.521015308567343,23.283525186456973,807416870.0,0.012522997777106354
2025-07-22 00:00:00+05:30,1102.0,1110.5999755859375,1095.0,1098.0,9999957,0.0,0.0,1168.411767578125,1169.8865729940167,24.21441163137578,-21.519166067878132,-8.79852060744863,-12.720645460429502,22.734700214991296,797416913.0,-0.003629764065335753
2025-07-23 00:00:00+05:30,1099.5,1110.5,1098.0999755859375,1104.800048828125,6633979,0.0,0.0,1163.0385681152343,1167.3341602816288,27.923695831415262,-23.039708521743705,-8.255250449051362,-14.784458072692344,22.003650199634777,804050892.0,0.004820417306161891
2025-07-24 00:00:00+05:30,1104.0,1105.0,1089.4000244140625,1095.0999755859375,9901209,0.0,0.0,1156.1712280273437,1164.5014471563077,25.97097816341504,-24.74225094769031,-7.966234299998373,-16.776016647691936,21.54624487008497,794149683.0,-0.008061616317085598
2025-07-25 00:00:00+05:30,1086.0999755859375,1101.0,1076.199951171875,1086.0999755859375,11779887,0.0,0.0,1149.27353515625,1161.426879643744,24.274789307499095,-26.51213745294558,-7.788896644202914,-18.723240808742666,21.7786594385164,782369796.0,0.0
2025-07-28 00:00:00+05:30,1080.9000244140625,1092.199951171875,1067.4000244140625,1073.5999755859375,9029557,0.0,0.0,1143.0447387695312,1157.9826873277516,22.114485073332695,-28.593819045918508,-7.896462589740672,-20.697356456177836,21.99446424703755,773340239.0,-0.006753676254269892
2025-07-29 00:00:00+05:30,1070.9000244140625,1078.699951171875,1055.4000244140625,1064.199951171875,15599773,0.0,0.0,1137.639825439453,1154.3049329686976,20.62780948155724,-30.648770172635295,-7.9611309731659645,-22.68763919946933,22.087711569235758,757740466.0,-0.0062564880842667
2025-07-30 00:00:00+05:30,1070.5,1080.5999755859375,1062.0,1073.300048828125,8247433,0.0,0.0,1132.5900024414063,1151.1282708455378,25.826454611914162,-31.183567166315243,-6.796742373476729,-24.386824792838514,21.83858757042874,765987899.0,0.0026156457992760392
2025-07-31 00:00:00+05:30,1066.0,1081.300048828125,1063.9000244140625,1068.4000244140625,7634413,0.0,0.0,1127.5050048828125,1147.8840258874409,24.881449080357896,-31.63808451158684,-5.801007774998659,-25.83707673658818,21.521547344974007,758353486.0,0.002251430031953565
2025-08-01 00:00:00+05:30,1065.0,1070.9000244140625,1060.0,1062.4000244140625,5545447,0.0,0.0,1121.7450073242187,1144.5317121041712,23.736153484568543,-32.11227235176739,-5.020156492143364,-27.092115859624023,20.762867135623186,752808039.0,-0.002441291629988263
2025-08-04 00:00:00+05:30,1064.4000244140625,1070.0,1059.0,1068.5999755859375,4465845,0.0,0.0,1116.4200073242187,1141.5539969465933,27.45225476747895,-31.623252220229233,-3.6249090884841664,-27.998343131745067,20.065519483078674,757273884.0,0.003945839041282449
2025-08-05 00:00:00+05:30,1068.0,1079.9000244140625,1062.5,1070.800048828125,5318081,0.0,0.0,1111.690008544922,1138.7793323144965,28.778469031077243,-30.70423342867616,-2.1647122375448724,-28.53952119113129,19.87512697814895,762591965.0,0.0026217685656601125
2025-08-06 00:00:00+05:30,1074.0,1077.699951171875,1065.5999755859375,1071.0,4216651,0.0,0.0,1107.0050109863282,1136.1213192825555,28.90567170149186,-29.618348146042536,-0.8630615639289942,-28.75528658211354,19.31975902156242,766808616.0,-0.002793296089385475
2025-08-07 00:00:00+05:30,1067.800048828125,1079.699951171875,1064.5,1076.199951171875,5321131,0.0,0.0,1102.6000061035156,1133.7714617095876,32.292414720757684,-28.015241370769672,0.5920361690750973,-28.60727753984477,19.02548703229903,772129747.0,0.007866549877918261
2025-08-08 00:00:00+05:30,1073.0,1080.4000244140625,1054.199951171875,1058.0999755859375,5084903,0.0,0.0,1096.8150024414062,1130.8039524498367,27.39963682002682,-27.883856720407948,0.5787366555494593,-28.462593375957407,19.537957475862495,767044844.0,-0.013886322846283784
2025-08-11 00:00:00+05:30,1058.0999755859375,1075.4000244140625,1052.5999755859375,1073.300048828125,5452775,0.0,0.0,1091.8450073242188,1128.548897405848,36.14897545834281,-26.250613824361153,1.7695836412770056,-28.02019746563816,19.770964001024105,772497619.0,0.014365441444954432
2025-08-12 00:00:00+05:30,1071.0999755859375,1076.5999755859375,1066.300048828125,1070.0,4573025,0.0,0.0,1087.0500061035157,1126.2528622134619,35.15831716204636,-24.935107030849167,2.468072347831196,-27.403179378680363,19.094461340794705,767924594.0,-0.0010269588376526349
2025-08-13 00:00:00+05:30,1071.0999755859375,1072.800048828125,1063.199951171875,1066.0,4966778,0.0,0.0,1081.9300048828125,1123.8900048717574,33.94404566760868,-23.939366870338745,2.771050006673299,-26.710416877012044,18.41629250618437,762957816.0,-0.004761437496203466
2025-08-14 00:00:00+05:30,1067.0,1072.4000244140625,1062.0,1068.199951171875,6761305,0.0,0.0,1077.35,1121.7060811972522,35.26821354074743,-22.710920589899388,3.1995970296901284,-25.910517619589516,17.843701928175665,769719121.0,0.001124602785262418
2025-08-18 00:00:00+05:30,1080.0,1090.0,1079.4000244140625,1082.5999755859375,7964987,0.0,0.0,1076.5149963378906,1120.1725084281811,43.282793690991355,-20.34092887173938,4.455670998280112,-24.79659987001949,18.126298135314904,777684108.0,0.0024073848017939813
2025-08-19 00:00:00+05:30,1078.0,1095.0,1075.800048828125,1083.199951171875,5661531,0.0,0.0,1075.6949951171875,1118.7226042220514,43.59614176490879,-18.204430995992425,5.273735099221653,-23.47816609521408,18.20298763792634,783345639.0,0.004823702385783859
2025-08-20 00:00:00+05:30,1081.0,1083.699951171875,1077.800048828125,1080.199951171875,3034728,0.0,0.0,1074.8049926757812,1117.211911945574,42.33663390105311,-16.562394985125138,5.5326168880711535,-22.09501187319629,17.32419583119946,780310911.0,-0.0007401006735661425
2025-08-21 00:00:00+05:30,1090.0,1090.0,1076.4000244140625,1078.9000244140625,6459262,0.0,0.0,1073.509991455078,1115.709484983554,41.773468870201846,-15.19085215404175,5.523327775323633,-20.714179929365383,17.058180099395035,773851649.0,-0.010183463840309633
2025-08-22 00:00:00+05:30,1076.0,1078.5,1069.5,1070.9000244140625,3853718,0.0,0.0,1072.2999938964845,1113.9522512357307,38.389061467389,-14.581343073802145,4.90626948445059,-19.487612558252735,16.511168979014137,769997931.0,-0.004739754262023699
2025-08-25 00:00:00+05:30,1073.0,1074.5,1068.199951171875,1070.0,2711278,0.0,0.0,1071.4949951171875,1112.2286335402118,38.01590036863781,-14.0094351371431,4.3825419368877085,-18.39197707403081,15.781803253950628,767286653.0,-0.0027958993476234857
2025-08-26 00:00:00+05:30,1068.0,1069.800048828125,1048.0,1050.0999755859375,7197666,0.0,0.0,1070.3199951171875,1109.7922155812207,30.87063405162125,-14.98917377094358,2.7222426424697836,-17.711416413413364,16.225960164382727,760088987.0,-0.016760322485077247
2025-08-27 00:00:00+05:30,1050.0999755859375,1050.0999755859375,1050.0999755859375,1050.0999755859375,0,0.0,0.0,1069.6149963378907,1107.4513434245428,30.87063405162125,-15.585958469551315,1.700366355089642,-17.286324824640957,15.06696300978396,760088987.0,0.0
2025-08-28 00:00:00+05:30,1057.0,1059.5,1047.0,1051.9000244140625,8564803,0.0,0.0,1068.5449951171875,1105.2728603260925,32.20733993105115,-15.732313429811711,1.2432091158633973,-16.97552254567511,14.883608509085105,768653790.0,-0.004824953250650426
2025-08-29 00:00:00+05:30,1052.0999755859375,1063.0,1042.5,1045.199951171875,4718016,0.0,0.0,1067.384991455078,1102.9170599671036,29.890547615307565,-16.20217215099001,0.6186803157480796,-16.82085246673809,15.28477932986474,763935774.0,-0.006558335304798125
2025-09-01 00:00:00+05:30,1047.5999755859375,1064.0,1047.5999755859375,1061.5,3190426,0.0,0.0,1067.339990234375,1101.292861537021,41.00830430861336,-15.08536614680952,1.3883890559428558,-16.473755202752375,15.535870008311901,767126200.0,0.013268446676211519
