Date,Open,High,Low,Close,Volume,Dividends,Stock Splits,SMA_20,EMA_50,RSI_14,MACD_12_26_9,MACDh_12_26_9,MACDs_12_26_9,ATRr_14,OBV,Daily_Return
2020-03-12 00:00:00+05:30,2203.6487056037245,2216.809689457371,2027.965530011352,2045.3238525390625,799317,0.0,0.0,2444.037701416016,2539.835314941406,16.608494728539988,-98.91924300528854,-34.815572099297725,-64.10367090599081,86.84251568084696,-21245.0,-0.0718466843930491
2020-03-13 00:00:00+05:30,1966.707775978536,2127.1312732985043,1783.941246330019,2061.2392578125,883265,0.0,0.0,2415.4429626464844,2521.066842112821,18.80686170145544,-113.169569818117,-39.25271912970095,-73.91685068841605,105.6146671684956,862020.0,0.04806585044742092
2020-03-16 00:00:00+05:30,2024.4234175575248,2089.135008442733,2002.56139360982,2045.8919677734373,963321,0.0,0.0,2386.4951171875,2502.4325333151983,18.30571625798211,-124.2689593205364,-40.281686905696276,-83.98727241484012,104.22281040646901,-101301.0,0.010604772711933157
2020-03-17 00:00:00+05:30,2050.8326603061773,2074.8808861856974,1967.6258841615688,1985.4652099609373,658935,0.0,0.0,2354.107489013672,2482.1593049483645,16.447371708589998,-136.3692598750472,-41.90558996816566,-94.46366990688153,104.44408724566952,-760236.0,-0.031873614854310485
2020-03-18 00:00:00+05:30,2002.5614673830828,2019.9635536880085,1886.386582446626,1896.749267578125,593949,0.0,0.0,2320.2466735839844,2459.2020485809044,14.172562609741096,-151.37254192550017,-45.52709761489491,-105.84544431060526,106.56680048910272,-1354185.0,-0.052838427947598327
2020-03-19 00:00:00+05:30,1853.6811141977691,2078.991060205322,1777.2514528524357,1894.650634765625,1010352,0.0,0.0,2285.992218017578,2437.0627774508935,14.122801646254054,-161.5696191759921,-44.57933989230946,-116.99027928368264,120.76733139968412,-2364537.0,0.022101709001651305
2020-03-20 00:00:00+05:30,1915.0260616175951,2010.3445008270385,1883.5885089996243,1960.8489990234373,718313,0.0,0.0,2254.696179199219,2418.3877273164835,23.274008808405398,-162.43675184824951,-36.35717805165349,-126.07957379659602,121.2024800623892,-1646224.0,0.023928101201471985
2020-03-23 00:00:00+05:30,1794.4352096799034,2089.135339144878,1661.5140830369478,1692.6019287109375,797154,0.0,0.0,2211.050653076172,2389.9255391358743,15.886463457799698,-182.66362491442533,-45.26724089426344,-137.3963840201619,143.44008203333536,-2443378.0,-0.05674948887518277
2020-03-24 00:00:00+05:30,1748.9620888551378,1799.5944559289546,1564.140541465006,1694.0009765625,1210613,0.0,0.0,2171.031878662109,2362.6343798192715,16.03615716276455,-196.31764842923144,-47.13701152725562,-149.18063690197582,150.11013288513985,-1232765.0,-0.031424987792968755
2020-03-25 00:00:00+05:30,1676.3803048776206,1739.3429454364043,1632.306435136835,1702.3961181640625,606235,0.0,0.0,2132.8179565429687,2336.742683283773,16.99080672492632,-204.10830913581594,-43.942137787072085,-160.16617134874386,146.99105050189462,-626530.0,0.015519040166927478
2020-03-26 00:00:00+05:30,1747.3880171172366,1866.055054648724,1691.246375580585,1842.4005126953125,989242,0.0,0.0,2101.6377136230467,2317.3567158097158,31.066783446220644,-196.71764079078025,-29.24117555362909,-167.47646523715116,149.00342270023913,362712.0,0.05437401117973976
2020-03-27 00:00:00+05:30,1879.259706862415,1895.0003651795505,1755.214595862848,1795.7030029296875,938567,0.0,0.0,2068.5410278320314,2296.8997074614795,29.283145089196978,-192.4105921166763,-19.94730150362011,-172.4632906130562,148.33721104135265,-575855.0,-0.044462563437936184
2020-03-30 00:00:00+05:30,1762.953881666448,1767.151433607783,1700.9094908814768,1737.33154296875,462909,0.0,0.0,2034.4757568359375,2274.955857873529,27.18232603409685,-191.49982324220605,-15.229226103319888,-176.27059713888616,144.47058197615237,-1038764.0,-0.014533754379030223
2020-03-31 00:00:00+05:30,1781.6239294966542,1791.2868809614572,1688.0107980032635,1768.5067138671875,762791,0.0,0.0,2006.0616760253906,2255.0951071281825,30.067952694454902,-186.1170154968945,-7.877134686406663,-178.23988081048785,141.49807970433685,-275973.0,-0.007362505303334477
2020-04-01 00:00:00+05:30,1748.9621256504645,1832.7374541683923,1740.217315022212,1793.648193359375,869738,0.0,0.0,1978.028009033203,2236.999149725484,32.39470795414937,-177.77313624410385,0.37339565310719536,-178.14653189721105,137.96651695286423,593765.0,0.025550048828124918
2020-04-03 00:00:00+05:30,1793.648161648444,1798.1954203954708,1711.8404169681985,1778.475830078125,692217,0.0,0.0,1948.3940368652343,2219.0178430726464,31.70905423560841,-170.4203351967567,6.180957360363493,-176.6012925571202,134.2475762053358,-98452.0,-0.008458922934124962
2020-04-07 00:00:00+05:30,1805.8033999048089,2014.4109007383613,1805.8033999048089,1993.860595703125,1069857,0.0,0.0,1929.8725280761719,2210.1881470973713,48.40423876483824,-145.5357908483022,24.85240136705437,-170.38819221535658,141.57021523564248,971405.0,0.10414045948093206
2020-04-08 00:00:00+05:30,1906.3685407203636,2084.281653805297,1896.3557761759384,1960.323974609375,840875,0.0,0.0,1908.3012756347657,2200.389552097842,46.49810929530149,-127.05611145060084,34.6656646118046,-161.72177606240544,144.90639857973014,130530.0,0.028302729895355448
2020-04-09 00:00:00+05:30,2002.561668071974,2208.0209545925763,2002.4741345656555,2130.192138671875,1788927,0.0,0.0,1902.2935974121094,2197.6367123556474,55.95848929208483,-97.57906052775093,51.31417242772363,-148.89323295547456,152.30016421952683,1919457.0,0.06373360313182315
2020-04-13 00:00:00+05:30,2125.1200143584456,2125.1200143584456,2030.326355003098,2096.612060546875,654478,0.0,0.0,1893.8111389160156,2193.674961304323,53.92841694340869,-76.05124554656959,58.273589927123965,-134.32483547369355,148.53043095796536,1264979.0,-0.013414750046564726
2020-04-15 00:00:00+05:30,2107.49917666638,2171.8610626469244,2028.8396546597796,2042.044189453125,986750,0.0,0.0,1893.6471557617188,2187.7286565258446,50.70904637401737,-62.6710355426203,57.32303994485861,-119.99407548747891,148.13454796465925,278229.0,-0.03105813180757262
2020-04-16 00:00:00+05:30,2037.540813295696,2068.1476495469187,1980.2623054541216,2040.645263671875,944544,0.0,0.0,1892.6174560546874,2181.960680335493,50.625607987691644,-51.585360410479325,54.72697206159967,-106.31233247207899,143.8068605416851,-666315.0,0.0015236261064914295
2020-04-17 00:00:00+05:30,2081.265122886634,2120.6605411262626,2052.451011888801,2080.521728515625,690554,0.0,0.0,1894.348944091797,2177.98268222491,52.99964898110921,-39.13110651131774,53.74498076860901,-92.87608727992675,139.22656246010487,24239.0,-0.0003571838891807453
2020-04-20 00:00:00+05:30,2107.4993268502226,2111.8717320926503,2056.517039024244,2079.7783203125,427667,0.0,0.0,1899.064599609375,2174.131530777365,52.94853546142822,-28.986864862807124,51.11137793369569,-80.09824279650282,133.20672200537783,-403428.0,-0.013153506710321566
2020-04-21 00:00:00+05:30,2049.783419811956,2058.92170336569,2006.9338517356812,2031.637939453125,702627,0.0,0.0,1905.809033203125,2168.543546803865,49.61185141529419,-24.549020849334056,44.439377557735014,-68.98839840706907,128.87576370144572,-1106055.0,-0.008852389078498571
2020-04-22 00:00:00+05:30,2031.6382688565216,2109.3360020277587,2007.8961917674092,2081.002685546875,712519,0.0,0.0,1915.1266357421875,2165.1105718526105,52.890265863799115,-16.854388149255783,41.707208206250634,-58.56159635550642,126.90788065940464,-393536.0,0.02429783758608637
2020-04-23 00:00:00+05:30,2081.0023652496748,2139.8112117154333,2070.7709803853822,2125.55712890625,1179211,0.0,0.0,1923.362042236328,2163.5594564429493,55.69230022080248,-7.0795563567171484,41.18563199903142,-48.26518835574857,122.75847660197407,785675.0,0.021410241718408444
2020-04-24 00:00:00+05:30,2107.4991219184526,2161.7169416524544,2082.1391739783558,2138.412109375,669287,0.0,0.0,1945.6525512695312,2162.5732859696964,56.49629663906328,1.6849348726273092,39.96009858270071,-38.2751637100734,119.66305657833482,1454962.0,0.01466809031379684
2020-04-27 00:00:00+05:30,2159.968258552205,2231.544620048925,2145.3207005235613,2191.23095703125,1128257,0.0,0.0,1970.5140502929687,2163.6971162074046,59.72971429000832,12.745969296998283,40.81690640565735,-28.070937108659063,117.76169573897258,2583219.0,0.014473684210526262
2020-04-28 00:00:00+05:30,2195.6908952087606,2226.7785266653955,2126.169649662467,2154.458984375,646907,0.0,0.0,1993.1171936035157,2163.3348365277025,56.57697548150301,18.333391961212328,37.123463255897114,-18.790071294684786,116.53269998348613,1936312.0,-0.018778558914523517
2020-04-29 00:00:00+05:30,2163.466115528737,2203.6922437883663,2142.4785703498005,2185.459228515625,525256,0.0,0.0,2010.2701293945313,2164.2024597429154,58.562712547331145,24.975028715490225,35.01208000814001,-10.037051292649785,112.56998028968077,2461568.0,0.010165684051637126
2020-04-30 00:00:00+05:30,2208.1523638132235,2320.8728949002225,2195.0787002584966,2294.0263671875,1118513,0.0,0.0,2035.186297607422,2169.293593368193,64.65819828932386,38.55460101001108,38.873321842128696,-0.31872083211761115,114.2060274845169,3580081.0,0.038889528087628
2020-05-04 00:00:00+05:30,2229.9266343471777,2234.255272761641,2112.2214018964314,2135.61376953125,574557,0.0,0.0,2055.100408935547,2167.9728159628226,52.51855837458571,36.11759600311143,29.149053468183233,6.968542534928197,119.04648844618515,3005524.0,-0.042294155943627385
2020-05-05 00:00:00+05:30,2164.3407422306136,2176.495944232878,2099.454286718367,2118.69287109375,663761,0.0,0.0,2072.609716796875,2166.0402691052122,51.40827553215823,32.446849800377095,20.38264581235912,12.064203988017976,116.03924058125294,2341763.0,-0.021090889362373685
2020-05-06 00:00:00+05:30,2120.616656911643,2181.830333606,2064.912253819051,2161.586181640625,778602,0.0,0.0,2091.0066162109374,2165.8655990085617,54.05962052584513,32.62283296379337,16.446903180620318,16.175929783173054,116.1021488949619,3120365.0,0.01931962789948459
2020-05-07 00:00:00+05:30,2159.9679514394966,2173.741026433493,2098.754284799511,2104.482177734375,422145,0.0,0.0,2107.30693359375,2163.458406017417,50.13743846658164,27.833636179489076,9.326165117052817,18.50747106243626,113.1595100612039,2698220.0,-0.025688239340839962
2020-05-08 00:00:00+05:30,2139.024317349669,2142.478474640127,2099.672671897096,2115.413330078125,455821,0.0,0.0,2113.3845703125,2161.5742853923466,50.87223288993506,24.636224798358853,4.9030029887380735,19.73322180962078,108.1249927387199,3154041.0,-0.011038204231730806
2020-05-11 00:00:00+05:30,2124.988628239468,2295.468640303696,2123.239666405525,2244.180419921875,1627625,0.0,0.0,2127.577392578125,2164.8137416484064,58.60991977708546,32.12239427591112,9.911337973032271,22.21105630287885,113.27165556050643,4781666.0,0.056090555073302205
2020-05-12 00:00:00+05:30,2213.3118159098867,2322.5344273928627,2181.174633280614,2298.8798828125,1335103,0.0,0.0,2136.0117797851562,2170.0712373803317,61.3917290053514,41.9850495185342,15.819194572524275,26.165854946009922,115.28113548778542,6116769.0,0.03866064703921371
2020-05-13 00:00:00+05:30,2425.8103496427,2425.8103496427,2336.0449583322165,2357.600830078125,1257856,0.0,0.0,2149.0612182617188,2177.425339054755,64.1753357406086,53.918031048689954,22.201740882144023,31.71629016654593,116.11445678093531,7374625.0,-0.028118240807498345
2020-05-14 00:00:00+05:30,2274.9625818898444,2387.3334032516914,2274.9625818898444,2363.416259765625,893108,0.0,0.0,2165.1298217773438,2184.71910065126,64.44870919414149,63.11669152689001,25.12032108827526,37.99637043861475,115.84668838462537,8267733.0,0.03888137703007882
2020-05-15 00:00:00+05:30,2365.471004589689,2369.843409404089,2317.3745516313043,2329.267578125,645362,0.0,0.0,2179.5609375,2190.387668395328,61.481843366427036,66.8802293601093,23.107087137195634,43.77314222291366,111.31394953904135,7622371.0,-0.015304954655729912
2020-05-18 00:00:00+05:30,2317.374649364113,2320.304246111844,2152.0977404094647,2166.48291015625,1172714,0.0,0.0,2183.858996582031,2189.4502268957563,49.729553767887985,56.08103073780103,9.846310811909888,46.23471992589114,116.02349001020532,6449657.0,-0.06511322597287734
2020-05-19 00:00:00+05:30,2201.943147040993,2234.298943879959,2174.7467026778136,2194.335205078125,641584,0.0,0.0,2189.5868408203123,2189.641794667614,51.439912600705206,49.20285556323279,2.3745085098733156,46.82834705335947,112.57632915261335,7091241.0,-0.0034551037219520534
2020-05-20 00:00:00+05:30,2182.704415501906,2256.5542878223278,2166.482751445446,2236.70361328125,947430,0.0,0.0,2199.840124511719,2191.487356181874,54.003595044177146,46.633071615734934,-0.15622035009963042,46.789291965834565,110.96720934933505,8038671.0,0.024739583333333242
2020-05-21 00:00:00+05:30,2303.8202358159697,2382.261140223436,2292.2333623581744,2308.93603515625,3481384,0.0,0.0,2211.2367919921876,2196.0931867298887,58.06806899313303,49.850407628484845,2.448892530120226,47.40151509836462,113.44027911286248,11520055.0,0.0022205722741507213
2020-05-22 00:00:00+05:30,2293.763869386319,2303.820401791177,2223.630529575189,2233.2060546875,1328364,0.0,0.0,2216.61923828125,2197.5485933164614,52.80018446254345,45.761878625257395,-1.3117091784857777,47.07358780374317,111.42889065462411,10191691.0,-0.026401067479984747
2020-05-26 00:00:00+05:30,2256.1611445143776,2271.858036909693,2215.5853085542108,2242.912841796875,686475,0.0,0.0,2221.844274902344,2199.327583452948,53.38393436705803,42.81144286649396,-3.40971594979937,46.22115881629333,107.48595784395378,10878166.0,-0.005872055171996241
2020-05-27 00:00:00+05:30,2246.5420341831878,2278.02335502032,2221.444468326192,2256.642333984375,563888,0.0,0.0,2225.11484375,2201.5752207286905,54.24588098831237,41.10719835402688,-4.091168369813161,45.19836672384004,103.84699017755291,11442054.0,0.004495931813205347
2020-05-28 00:00:00+05:30,2263.1568626051685,2290.7030145263675,2142.478482759916,2273.650634765625,1087116,0.0,0.0,2231.074426269531,2204.4017075536685,55.347376846741135,40.660293475195886,-3.6304585989153253,44.29075207411121,107.01903912029367,12529170.0,0.004636785162287379
2020-05-29 00:00:00+05:30,2276.274053773808,2396.9524323449896,2265.9989019751747,2370.28076171875,2057601,0.0,0.0,2240.3155029296877,2210.9067685013188,61.08009682033481,47.55517535299714,2.6115386231087427,44.9436367298884,108.72975966434808,14586771.0,0.04129850172877435
2020-06-01 00:00:00+05:30,2387.333198973234,2439.8020604891294,2383.3542676090096,2412.0810546875,1008549,0.0,0.0,2246.2182373046876,2218.7959561948946,63.27648669683606,55.749705319117766,8.644854871383494,47.10485044773427,105.92746079706127,15595320.0,0.010366318252060336
2020-06-02 00:00:00+05:30,2413.480090769336,2461.008219783484,2384.010122983856,2445.136474609375,1283507,0.0,0.0,2261.694372558594,2227.672054956247,64.96049297341303,64.17149642230652,13.6533167796578,50.51817964264872,103.85991673583133,16878827.0,0.013116488493571075
2020-06-03 00:00:00+05:30,2470.4090153801408,2515.444790350788,2422.400090178905,2434.030517578125,750002,0.0,0.0,2277.4612548828127,2235.764543686517,63.90026289390296,69.15252141037672,14.907473414182398,54.24504799619432,103.08699827539411,16128825.0,-0.014725698285398272
2020-06-04 00:00:00+05:30,2429.3084533620995,2477.5797665395694,2410.069869498181,2463.6318359375,709462,0.0,0.0,2292.5635375976562,2244.7005159316536,65.51577788110654,74.62832967288523,16.30662534135272,58.32170433153251,100.54454583691667,16838287.0,0.014128869690424794
2020-06-05 00:00:00+05:30,2485.275139523687,2486.062087068698,2415.3166556525066,2427.82177734375,723898,0.0,0.0,2308.730517578125,2251.881741869383,61.90648787181086,75.2113846953157,13.511744291026545,61.699640404289156,98.41508032988455,16114389.0,-0.023117505690314864
2020-06-08 00:00:00+05:30,2448.547084175412,2460.789819596289,2400.4506235933945,2449.46533203125,727119,0.0,0.0,2325.4331176757814,2259.630117954162,63.22515438386146,76.53763575980929,11.870396284416103,64.66723947539319,95.69423848121085,16841508.0,0.0003750174386160322
2020-06-09 00:00:00+05:30,2453.0070435924745,2461.3146141257325,2418.814746841256,2440.807861328125,619517,0.0,0.0,2335.2644897460937,2266.735127498239,62.29620368100002,76.01387313875239,9.077306930687357,66.93656620806503,91.89316710831913,16221991.0,-0.004973154193019986
2020-06-10 00:00:00+05:30,2439.9770099324787,2452.001124502648,2364.0284579998024,2376.139892578125,687626,0.0,0.0,2339.127490234375,2271.025510442548,55.71157786354225,69.57856448249686,2.1135986195454564,67.4649658629514,91.61303051638492,15534365.0,-0.02616299952601614
2020-06-11 00:00:00+05:30,2376.13992179704,2411.8187921687127,2364.0720403262217,2377.320556640625,661173,0.0,0.0,2340.1134765625,2275.193943626786,55.80342802246765,63.83792190514578,-2.9016351662445032,66.73955707139028,88.47867728079153,16195538.0,0.0004968709261413845
2020-06-12 00:00:00+05:30,2282.614284738979,2447.7163586454994,2282.614284738979,2432.9375,895700,0.0,0.0,2343.5895385742188,2281.3799654453437,60.010685751430806,63.04944902101579,-2.9520864402995954,66.00153546131538,93.95347621311615,17091238.0,0.06585572352983433
2020-06-15 00:00:00+05:30,2425.810304469137,2425.810304469137,2368.0507914705945,2386.065185546875,517425,0.0,0.0,2346.4294189453126,2285.4852681944235,55.23820632954815,57.97408536316016,-6.421960078524194,64.39604544168435,91.87668000136077,16573813.0,-0.01638426502230553
2020-06-16 00:00:00+05:30,2417.06581195069,2437.135110924452,2363.5913769437434,2377.233154296875,611383,0.0,0.0,2356.966931152344,2289.083224512167,54.360940290924454,52.632438006000484,-9.410885948547097,62.04332395454758,90.56683333073036,15962430.0,-0.016479757173706536
2020-06-17 00:00:00+05:30,2377.2329976447318,2394.15429157411,2338.537210694365,2351.873046875,600388,0.0,0.0,2364.8438232421877,2291.54557048718,51.816261333147956,45.82455828219645,-12.975012537880914,58.79957082007736,88.06980194469219,15362042.0,-0.010667843999665746
2020-06-18 00:00:00+05:30,2351.8728707181617,2358.6063316844447,2314.007800912618,2342.166259765625,579578,0.0,0.0,2370.1169555664064,2293.530695556923,50.83536949195565,39.194201597759275,-15.684295377854475,54.87849697561375,84.96399449959976,14782464.0,-0.004127183519733673
2020-06-19 00:00:00+05:30,2352.354245491521,2369.8438681345806,2321.747405866167,2338.668701171875,929078,0.0,0.0,2371.6035888671877,2295.3008134241763,50.46467451450844,33.273812608481876,-17.283747493705505,50.55756010218738,82.330034981572,13853386.0,-0.0058178075627322735
2020-06-22 00:00:00+05:30,2352.3538490394926,2513.214583489228,2325.72594575242,2497.299072265625,1872829,0.0,0.0,2384.808239746094,2303.2223137708997,63.474090056818234,40.91041707611657,-7.717714420856652,48.628131496973225,89.84285848616157,15726215.0,0.061617100371747245
2020-06-23 00:00:00+05:30,2527.249887105802,2544.827039193198,2487.8544785193003,2502.8955078125,1089848,0.0,0.0,2397.807373046875,2311.0526351058643,63.83495247475325,46.87373546816116,-1.4035168230496566,48.277252291210814,87.49454622802037,16816063.0,-0.009636711991781894
2020-06-24 00:00:00+05:30,2535.8202921807037,2605.8660989692467,2453.487769956163,2463.6318359375,1616696,0.0,0.0,2408.156848144531,2317.036133177693,59.400929489194674,47.879532628957804,-0.3181757298024124,48.19770835876022,92.12989733814481,15199367.0,-0.02846749687499526
2020-06-25 00:00:00+05:30,2439.6274154649523,2527.2503789851653,2424.673703256495,2466.43017578125,1341923,0.0,0.0,2417.7958251953123,2322.8947230837152,59.61622774555212,48.34514403730054,0.1179485428322593,48.22719549446828,92.87621468066035,16541290.0,0.010986415444585245
2020-06-26 00:00:00+05:30,2495.506450925201,2535.994964961616,2470.408888281574,2507.661865234375,1227656,0.0,0.0,2424.6648803710937,2330.1404933641334,62.75065649603758,51.44813510804852,2.576751690864185,48.87138341718433,91.21086652330459,17768946.0,0.004870920812353476
2020-06-29 00:00:00+05:30,2470.4090164432705,2509.760664492809,2461.664205765595,2500.57861328125,680236,0.0,0.0,2429.0897583007813,2336.82434120402,61.86234730375043,52.727904194475286,3.085216621832764,49.64268757264252,88.13084291610856,17088710.0,0.012212389380530866
2020-06-30 00:00:00+05:30,2538.093646734525,2547.756704779739,2461.664090392286,2471.3271484375,751691,0.0,0.0,2430.3992919921875,2342.098961095529,58.198341889932394,50.79623429807816,0.9228373803485042,49.87339691772966,87.98523659313625,16337019.0,-0.02630576629153374
2020-07-01 00:00:00+05:30,2481.8211673422065,2511.509758451932,2473.557363517325,2485.319091796875,525799,0.0,0.0,2432.963720703125,2347.7154368093074,59.4359582323095,49.82010966947655,-0.04262979860249061,49.86273946807904,84.57035883568822,16862818.0,0.0014094184144679558
2020-07-02 00:00:00+05:30,2499.17946535423,2539.012122398577,2480.990429161693,2517.937255859375,754915,0.0,0.0,2435.678991699219,2354.3908022622513,62.24244228789929,51.08960790938181,0.9814947530422131,50.1081131563396,82.6738170112583,17617733.0,0.007505579637309535
2020-07-03 00:00:00+05:30,2535.1205435634174,2588.463887184448,2525.151545072125,2564.328125,1394992,0.0,0.0,2442.5043090820313,2362.6236384480458,65.86020400936265,55.20270739734178,4.075675392801742,51.12703200454004,81.80607227907991,19012725.0,0.011521180525612329
2020-07-06 00:00:00+05:30,2572.7668625307224,2576.221019773106,2522.003197904154,2533.458984375,1126381,0.0,0.0,2446.703991699219,2369.3230637785146,61.62869062824551,55.33363501016129,3.3652824044969947,51.96835260566429,79.83529608877832,17886344.0,-0.015278445446493698
2020-07-07 00:00:00+05:30,2536.869453038889,2600.7065678516565,2471.764383439383,2489.778564453125,2168021,0.0,0.0,2449.1525268554688,2374.046808903009,56.13282050973667,51.32115294654932,-0.5177597272919883,51.83891267384131,83.34323984385604,15718323.0,-0.018562598295846167
2020-07-08 00:00:00+05:30,2520.2545334564115,2535.12071217562,2458.6911493354105,2494.41357421875,1348810,0.0,0.0,2455.0662109375,2378.767074209509,56.5753461279595,47.96235834301069,-3.101243464664492,51.063601807675184,82.84936539258938,17067133.0,-0.010253313264443122
2020-07-09 00:00:00+05:30,2516.756226517772,2531.622402977397,2483.7008032200447,2520.254150390625,700469,0.0,0.0,2462.212890625,2384.315587000925,59.05524087782737,46.84560103095191,-3.3744006213786193,50.22000165233053,80.3543355655198,17767602.0,0.001389854065323072
2020-07-10 00:00:00+05:30,2514.132874425082,2549.112114417083,2497.8674424302662,2531.360107421875,688336,0.0,0.0,2467.1340209960936,2390.0820387821386,60.10963593873161,46.322741007974855,-3.1178085154845405,49.440549523459396,78.27492728752306,18455938.0,0.006852156929347905
2020-07-13 00:00:00+05:30,2535.0328585585644,2544.7396829539334,2515.7069567617677,2535.994873046875,481601,0.0,0.0,2474.630505371094,2395.8041107140893,60.56602172161309,45.75492325056621,-2.948501018314559,48.70342426888077,74.75739694370876,18937539.0,0.0003794879758906251
2020-07-14 00:00:00+05:30,2534.246139723713,2544.652379053505,2489.64760517371,2535.557861328125,612986,0.0,0.0,2482.546740722656,2401.2846499538555,60.495740566012365,44.75376682773185,-3.159725952919132,47.913492780650984,73.34640952743003,18324553.0,0.0005175983436853612
2020-07-15 00:00:00+05:30,2549.112334061677,2584.091577067669,2535.99511793443,2572.76708984375,905297,0.0,0.0,2493.591442871094,2408.0094515181654,64.29485925078635,46.42762812359251,-1.1886917256467768,47.61631984923929,71.57397421260367,19229850.0,0.009279605086835226
2020-07-16 00:00:00+05:30,2574.4721707655067,2579.7190569831,2535.032990631396,2572.985595703125,525135,0.0,0.0,2505.1324096679687,2414.4791042313013,64.31656139972566,47.22739880145582,-0.31113683822677984,47.5385356396826,69.65330869799693,19754985.0,-0.0005774290665335347
2020-07-17 00:00:00+05:30,2579.7191526893785,2623.4432061247912,2557.857125971672,2619.07080078125,687105,0.0,0.0,2519.1525146484373,2422.502308017574,68.64526846813276,50.992108440755146,2.762858240858037,48.22925019989711,69.36277823353548,20442090.0,0.015254237288135464
2020-07-20 00:00:00+05:30,2624.3173633739875,2640.932501629271,2600.706377432269,2625.6728515625,766788,0.0,0.0,2525.5712036132813,2430.469780313453,69.22129678921468,53.88721994764728,4.526375798200135,49.360844149447146,67.2814946007883,21208878.0,0.000516510772450852
2020-07-21 00:00:00+05:30,2636.5602733484307,2673.2884761612445,2614.6982478646128,2627.203369140625,834544,0.0,0.0,2531.7865966796876,2438.184823012558,69.36181993355287,55.663462901471576,5.042095001619536,50.62136789985204,66.66066381186297,22043422.0,-0.0035489058613184634
2020-07-22 00:00:00+05:30,2633.062336494715,2649.808562535525,2541.722837165796,2610.675537109375,2050770,0.0,0.0,2539.138781738281,2444.949164741845,65.86468482550913,55.102305248539324,3.5847498789498218,51.5175553695895,69.61971208588952,19992652.0,-0.008502191184407225
2020-07-23 00:00:00+05:30,2592.836155726946,2667.167040461108,2570.6679770576934,2651.513916015625,1057181,0.0,0.0,2548.39296875,2453.0497432231696,69.90260825747502,57.2924677380679,4.6199298947827145,52.672537843285184,71.53973522508359,21049833.0,0.022630724336003327
2020-07-24 00:00:00+05:30,2649.677590450197,2649.677590450197,2604.2045756965963,2610.76318359375,543609,0.0,0.0,2553.5480346679688,2459.234584022016,62.01891151727277,55.104730717713664,1.9457542995427843,53.15897641817088,69.80893457826689,20506224.0,-0.014686468646864742
2020-07-27 00:00:00+05:30,2614.6984440955557,2654.050092919736,2565.771270090096,2641.3701171875,621957,0.0,0.0,2560.587609863281,2466.3771539500744,65.19402611794365,55.20429635063829,1.6362559459739288,53.56804040466436,71.1282534722843,21128181.0,0.010200668896320937
2020-07-28 00:00:00+05:30,2641.806968426823,2737.125392643481,2639.1835255584747,2727.812255859375,1263659,0.0,0.0,2573.411865234375,2476.6295108876943,72.24984956754577,61.54886400438227,6.384658879774328,55.16420512460794,73.04356707553832,22391840.0,0.03255547754261831
2020-07-29 00:00:00+05:30,2734.546147229395,2753.740964540176,2694.1451633927018,2710.279296875,582910,0.0,0.0,2584.659875488281,2485.792247593079,69.18627631339693,64.41962695936718,7.4043374678073945,57.015289491559784,72.08298652542456,21808930.0,-0.008874178400310373
2020-07-30 00:00:00+05:30,2719.636135615657,2737.0819903136635,2657.854133238879,2666.2490234375,570166,0.0,0.0,2592.0754638671874,2492.8689839007034,62.068513443391616,62.422286926698234,4.325597948110762,58.09668897858747,72.59334717055303,21238764.0,-0.019630240780747557
2020-07-31 00:00:00+05:30,2683.6509451006414,2691.5648268901537,2616.0972918064144,2627.771484375,561196,0.0,0.0,2595.2476318359377,2498.1592780369506,56.58952717320946,57.07662097102684,-0.816054406048508,57.89267537707535,72.79865106935613,20677568.0,-0.020822179139077936
2020-08-03 00:00:00+05:30,2614.6982801075324,2684.569229016885,2544.739797696629,2551.254638671875,1246016,0.0,0.0,2596.137414550781,2500.241449042242,47.5924510647213,46.13406740583832,-9.406886376989625,55.54095378282795,77.5866670723988,19431552.0,-0.024264230377299276
2020-08-04 00:00:00+05:30,2570.099892354365,2622.56875711832,2555.2774807578194,2597.1650390625,706322,0.0,0.0,2601.50673828125,2504.042374141076,52.474791565834735,40.69746544255395,-11.874790672219206,52.572256114773154,77.13861892373909,20137874.0,0.010530776172805458
2020-08-05 00:00:00+05:30,2611.3750236544074,2654.4432113236585,2598.9574366094425,2631.313232421875,678314,0.0,0.0,2608.3517211914063,2509.0333881913034,55.775014302217144,38.69830308468818,-11.099162424067984,49.79746550875616,75.71998924433979,20816188.0,0.007635138035273724
2020-08-06 00:00:00+05:30,2645.1300888956853,2689.0289910255187,2602.8050817196317,2616.272216796875,853222,0.0,0.0,2613.152624511719,2513.2388324503454,53.996414426849896,35.4911483888136,-11.445053695954059,46.93620208476766,76.47028218764692,19962966.0,-0.01090981204287693
2020-08-07 00:00:00+05:30,2616.272410627502,2640.058252147648,2601.581086498593,2624.9296875,515510,0.0,0.0,2617.831103515625,2517.6188659817044,54.888133216455365,33.26458726279316,-10.937291857579602,44.20187912037276,73.75644469154825,20478476.0,0.003309012026932538
2020-08-10 00:00:00+05:30,2624.929799467218,2645.3052512088584,2598.0832731707496,2618.021484375,442147,0.0,0.0,2621.9324340820312,2521.5562235657553,53.9888447538765,30.589965193827993,-10.889531141235814,41.47949633506381,71.8610974619351,20036329.0,-0.002631809465388397
2020-08-11 00:00:00+05:30,2641.632415302624,2675.9120299808865,2619.726622161844,2629.9580078125,696792,0.0,0.0,2626.65244140625,2525.8072739283725,55.35009673025643,29.098061280749334,-9.905148043451582,39.00320932420092,70.86318712221286,20733121.0,-0.004419391366677535
2020-08-12 00:00:00+05:30,2629.958172519693,2654.0501698081634,2608.139911516589,2643.556396484375,489280,0.0,0.0,2630.1919067382814,2530.4248865776276,56.913985938831466,28.682360601525943,-8.25667897813998,36.93903957966592,69.08081221072513,21222401.0,0.005170509594703476
2020-08-13 00:00:00+05:30,2658.4224872614805,2658.4224872614805,2623.44324400804,2639.14013671875,462333,0.0,0.0,2633.4996337890625,2534.6882297204165,56.22522500426862,27.677510451583203,-7.409223302466174,35.086733754049376,66.64495685683758,20760068.0,-0.007253305535567364
2020-08-14 00:00:00+05:30,2642.681737729126,2648.1472443011994,2602.4556093586625,2612.555908203125,542458,0.0,0.0,2633.1738891601562,2537.7418641707186,52.13512385781815,24.454142270733882,-8.506073186652394,32.960215457386276,65.14827445999167,20217610.0,-0.011399719117099662
2020-08-17 00:00:00+05:30,2635.6856082256177,2733.627475551852,2616.4470271436785,2724.532958984375,1577193,0.0,0.0,2638.11689453125,2545.0670051438033,64.01093035652745,30.5826739033796,-1.902033243205338,32.48470714658494,69.14283638622173,21794803.0,0.03370938873797269
2020-08-18 00:00:00+05:30,2731.878861022039,2751.9919256198327,2704.7699478684917,2715.0888671875,825757,0.0,0.0,2642.5111694335938,2551.734529145517,62.60021988488416,34.28233468130384,1.4381020277751162,32.84423265352872,67.57704584414486,20969046.0,-0.006145951079345303
2020-08-19 00:00:00+05:30,2719.635964934328,2762.4855347998528,2666.074002602422,2675.737060546875,953142,0.0,0.0,2645.7642456054687,2556.597373514198,56.96653308018111,33.65107197266161,0.645471455306307,33.005600517355305,69.63667024249152,20015904.0,-0.01614146339931679
2020-08-20 00:00:00+05:30,2675.037476404509,2680.2843625955607,2645.611275081566,2655.755126953125,563069,0.0,0.0,2645.9763061523436,2560.4859128647445,54.29456821234014,31.17900452709955,-1.4612767922046004,32.64028131930415,67.13925094983166,19452835.0,-0.007208253948390031
2020-08-21 00:00:00+05:30,2677.6611181043654,2689.029372361504,2656.673571783495,2669.921875,395723,0.0,0.0,2648.9342407226563,2564.77751922299,55.87477958801638,30.01699421278181,-2.0986296852178725,32.11562389799968,64.72030352130656,19848558.0,-0.0028902996917863776
2020-08-24 00:00:00+05:30,2678.4478613654974,2707.393268856787,2646.8354575298063,2657.85400390625,562548,0.0,0.0,2649.758435058594,2568.4275774458633,54.15707780593203,27.801834087671978,-3.4510318482621685,31.252865935934146,64.42298054321246,19286010.0,-0.007688728145989907
2020-08-25 00:00:00+05:30,2671.0149794754966,2671.0149794754966,2616.1850573477645,2631.663330078125,652358,0.0,0.0,2644.9509887695312,2570.907410882423,50.5266863741195,23.66019523313298,-6.074136562240934,29.734331795373915,63.73775757578058,18633652.0,-0.01473284489220612
2020-08-26 00:00:00+05:30,2693.4453906012504,2744.121524558502,2685.7936814425866,2695.325439453125,2026040,0.0,0.0,2644.2032958984373,2575.786549257745,57.912095662014366,25.224148499711646,-3.608146636529817,28.832295136241463,67.21781004833497,20659692.0,0.0006980088990981489
2020-08-27 00:00:00+05:30,2695.3252664278534,2701.053159615338,2645.4798499655067,2661.045654296875,711504,0.0,0.0,2643.9431274414064,2579.1300435730045,53.298296874218,23.427443570752075,-4.323881252391512,27.751324823143587,66.38605530041487,19948188.0,-0.012718172666562652
2020-08-28 00:00:00+05:30,2661.92023851045,2678.0543707127968,2625.192035482382,2635.81689453125,679405,0.0,0.0,2644.3453979492188,2581.353057336073,50.13271817181675,19.740238718374712,-6.408868883815103,26.149107602189815,65.42007020583009,19268783.0,-0.009806208165653679
2020-08-31 00:00:00+05:30,2645.304855691249,2648.8027794673703,2576.3083946057995,2594.5849609375,2787032,0.0,0.0,2646.5119140625,2581.871955516521,45.38807029910258,13.337285926630557,-10.249457340447407,23.586743267077964,65.92538086773783,16481751.0,-0.01917355371900806
2020-09-01 00:00:00+05:30,2577.095698523289,2626.941119227676,2562.229520418472,2587.064697265625,755670,0.0,0.0,2646.0068969726562,2582.0755924478585,44.55972898193245,7.5688285356091,-12.814331785175092,20.383160320784192,65.83868175539723,15726081.0,0.003868307547930253
2020-09-02 00:00:00+05:30,2579.718991861245,2596.9462251415243,2489.6912141496264,2518.986328125,1946352,0.0,0.0,2640.3905517578123,2579.601503650884,37.82911681344176,-2.4676256883535643,-18.280628807310208,15.813003118956644,68.79700346625091,13779729.0,-0.02354235632944918
2020-09-03 00:00:00+05:30,2543.908992420829,2556.7200536555315,2523.7959294471448,2532.8466796875,785527,0.0,0.0,2636.219274902344,2577.767981142516,39.82207870175464,-9.197154363813297,-20.008125986215955,10.810971622402658,66.57818920792567,14565256.0,-0.00434854893248429
2020-09-04 00:00:00+05:30,2518.5051704178986,2558.818828162356,2483.5259319398724,2521.303466796875,1499317,0.0,0.0,2631.0379638671875,2575.553686462295,38.70916147944714,-15.285592338837432,-20.877251168992075,5.591658830154641,67.20067054459442,13065939.0,0.0011110941569010358
2020-09-07 00:00:00+05:30,2534.552442844116,2541.985532373775,2474.825339571229,2534.421142578125,807657,0.0,0.0,2626.857946777344,2573.940645525661,40.736115610025735,-18.835116988129357,-19.5414206546272,0.706303666497841,67.19777926753977,13873596.0,-5.180412279948477e-05
2020-09-08 00:00:00+05:30,2535.9512820333803,2551.73570770871,2506.481313303664,2537.525390625,798195,0.0,0.0,2622.2363159179686,2572.5125963138703,41.23142631651444,-21.153806063030515,-17.488087783622685,-3.6657182794078307,65.63038971868316,14671791.0,0.0006207172049289446
2020-09-09 00:00:00+05:30,2514.132927219472,2554.9711480684296,2494.0198638017164,2544.870849609375,677328,0.0,0.0,2617.302038574219,2571.4286062470273,42.45696651201591,-22.14341124759767,-14.78215437455187,-7.361256873045798,65.29616692733197,15349119.0,0.012226052989130447
2020-09-10 00:00:00+05:30,2550.948736116785,2557.2887236789893,2511.0723151545853,2548.849853515625,686071,0.0,0.0,2612.7875244140623,2570.543164963443,43.148580601857795,-22.34898296096162,-11.990180870332658,-10.358802090628963,63.93332335591387,16035190.0,-0.0008227850961657932
2020-09-11 00:00:00+05:30,2548.237608881098,2572.6793098908997,2539.405265469626,2550.292724609375,683992,0.0,0.0,2609.674365234375,2569.7490300475974,43.41417358275703,-22.140253327645496,-9.425160989613227,-12.71509233803227,61.74336936137521,16719182.0,0.0008064851256863229
2020-09-14 00:00:00+05:30,2555.2334637997565,2612.949209388663,2531.622476967932,2586.452392578125,1185683,0.0,0.0,2602.7703369140627,2570.404063872324,49.74986606090366,-18.839876217681194,-4.89982710371914,-13.940049113962054,63.14218427014688,17904865.0,0.012217642427062015
2020-09-15 00:00:00+05:30,2586.1901565735825,2588.463892688673,2554.402898691921,2568.656982421875,632573,0.0,0.0,2595.4487426757814,2570.335550874267,46.963033842030875,-17.45898811017196,-2.815151196967923,-14.643836913204035,61.064951895875986,17272292.0,-0.00677953788786244
2020-09-16 00:00:00+05:30,2573.1604659176724,2666.2926968846164,2568.700527205224,2656.629638671875,1865973,0.0,0.0,2594.493371582031,2573.719632748683,59.14653676538547,-9.160371138645587,4.386772619646759,-13.547143758292346,63.67715447399817,19138265.0,0.03243838612468144
2020-09-17 00:00:00+05:30,2636.560376571071,2649.633825622958,2610.5445652267963,2640.233154296875,687069,0.0,0.0,2593.7172729492186,2576.3280061427304,56.53958019904623,-3.862195670769779,7.747958470018055,-11.610154140787834,62.42057491170975,18451196.0,0.0013930186308042708
2020-09-18 00:00:00+05:30,2643.643634630889,2684.656708723933,2619.9451137905226,2667.997802734375,937014,0.0,0.0,2593.6210693359376,2579.9229001267167,59.77290455576016,2.5476538807943143,11.326246417265718,-8.778592536471404,62.584219482663606,19388210.0,0.009212349117125299
2020-09-21 00:00:00+05:30,2663.625502027298,2663.625502027298,2588.551432250955,2611.8125,779499,0.0,0.0,2591.318994140625,2581.1734726707673,51.43380364427349,3.058564235764152,9.469725417788446,-6.411161182024293,63.788660778703445,18608711.0,-0.019452059603672807
2020-09-22 00:00:00+05:30,2609.626070097403,2631.7067146078634,2572.8105493282555,2611.069091796875,690800,0.0,0.0,2590.2892822265626,2582.345849891399,51.331758974948194,3.3646914750406722,7.820682125651973,-4.455990650611301,63.43919629211578,17917911.0,0.0005529610989125716
2020-09-23 00:00:00+05:30,2617.321757923717,2665.068508201186,2584.0914783376497,2611.375244140625,949248,0.0,0.0,2586.0917724609376,2583.484257509016,51.3745448366103,3.5906131004708186,6.437283000865696,-2.846669900394877,64.69190042882036,18867159.0,-0.0022719842392665427
2020-09-24 00:00:00+05:30,2592.74884069418,2625.104640304768,2547.188505016004,2563.847412109375,736921,0.0,0.0,2581.2318603515623,2582.714185140403,44.79125517087855,-0.06469545304389612,2.2255795578807853,-2.2902750109246814,65.63648985053771,18130238.0,-0.011147022083738422
2020-09-25 00:00:00+05:30,2584.047993600692,2622.1316898240066,2558.775574134837,2586.1904296875,559314,0.0,0.0,2578.750537109375,2582.8505084559756,48.15468957760507,-1.145454935143789,0.9158560606247139,-2.061310995768503,65.4736057869304,18689552.0,0.0008291007334669658
2020-09-28 00:00:00+05:30,2603.242449619492,2642.944015820632,2582.2113519939835,2594.016845703125,902239,0.0,0.0,2578.722131347656,2583.288404034295,49.31941221779188,-1.3548207169078523,0.5651922230885207,-1.920012939996373,65.13496669915013,19591791.0,-0.0035438896279966704
2020-09-29 00:00:00+05:30,2617.059391004017,2633.0624368899644,2527.250230027232,2533.808837890625,1189292,0.0,0.0,2576.0593383789064,2581.348028891406,41.580517477306344,-6.306332186615691,-3.5090553972954543,-2.797276789320237,68.04048685197581,18402499.0,-0.03181072366930637
2020-09-30 00:00:00+05:30,2533.852700388214,2570.0998985169545,2509.7607038937253,2519.467529296875,1095715,0.0,0.0,2576.0833984375,2578.9213426327974,39.97160705848381,-11.257890494445746,-6.768490964100407,-4.489399530345339,67.49039402281376,17306784.0,-0.005677193109581754
2020-10-01 00:00:00+05:30,2570.97418442194,2723.09011430097,2570.97418442194,2610.675537109375,4741959,0.0,0.0,2579.9748413085936,2580.1666051612906,52.54729656553305,-7.7331689956577065,-2.5950155722498938,-5.138153423407813,77.21413060197246,22048743.0,0.015442143654336722
2020-10-05 00:00:00+05:30,2637.784576437797,2640.93279364333,2562.273265220674,2581.73046875,904969,0.0,0.0,2582.99619140625,2580.2279331451614,49.03638546588137,-7.192516078031076,-1.6434901236986104,-5.549025954332466,77.31737338875094,21143774.0,-0.021250449406863818
2020-10-06 00:00:00+05:30,2610.3259027843487,2617.321751100019,2580.5935474427515,2599.17626953125,678723,0.0,0.0,2586.2339477539062,2580.9710051603024,51.154713104611865,-5.29527380300442,0.20300172106243686,-5.498275524066857,74.41814475506303,21822497.0,-0.004271356783919503
2020-10-07 00:00:00+05:30,2601.580918490476,2709.0983124057984,2583.6978251281857,2691.127685546875,2126243,0.0,0.0,2593.9140625,2585.2908749793837,60.47895490168595,3.5866702690236707,7.267956634472422,-3.6812863654487513,78.05974324381498,23948740.0,0.03442013524159647
2020-10-08 00:00:00+05:30,2684.6568107296566,2720.33568009921,2668.0416708586918,2688.6357421875,1009344,0.0,0.0,2601.1023071289064,2589.3436148698984,60.14387629105092,10.305797119932777,11.189666788305223,-0.8838696683724456,76.21933245468851,22939396.0,0.001482100595480563
2020-10-09 00:00:00+05:30,2693.401534404415,2708.836038967644,2647.57881447737,2675.737060546875,698666,0.0,0.0,2607.446667480469,2592.7315931317403,58.34203778868554,14.423670651508019,12.246032255904371,2.1776383956036476,75.1506098007509,22240730.0,-0.006558425705154351
2020-10-12 00:00:00+05:30,2668.041490216121,2688.7228801514493,2633.149784248014,2643.33740234375,632718,0.0,0.0,2612.0989013671874,2594.7161346694666,53.96839100577512,14.900964409027893,10.178660810739396,4.722303598288496,73.7522151533132,21608012.0,-0.009259259259259082
2020-10-13 00:00:00+05:30,2645.3050448435274,2668.129084513275,2620.119949155336,2653.56884765625,456767,0.0,0.0,2615.454724121094,2597.02408419836,55.11276044773063,15.921284621084851,8.959184818237084,6.962099802847767,71.9134227654465,22064779.0,0.0031239508006198208
2020-10-14 00:00:00+05:30,2656.629592643364,2689.029157385275,2640.9327009117173,2670.796142578125,822555,0.0,0.0,2620.5616821289063,2599.917106095606,57.048953389237475,17.91349880240614,8.761119199646696,9.152379602759442,70.21221005077196,22887334.0,0.005332527339901059
2020-10-15 00:00:00+05:30,2675.8682090750926,2737.125648475875,2640.4517270420984,2647.40380859375,1076100,0.0,0.0,2620.100390625,2601.779329722984,53.66402028623724,17.404152799816984,6.601418557646033,10.802734242170951,72.10233315560728,21811234.0,-0.010637444843063212
2020-10-16 00:00:00+05:30,2649.677333454358,2703.8951534788366,2648.802852486221,2662.575927734375,548742,0.0,0.0,2621.217529296875,2604.1635100371564,55.50794117113646,18.01706611613099,5.771465499168032,12.245600616962959,70.98726209199292,22359976.0,0.004867986798679768
2020-10-19 00:00:00+05:30,2684.656910326657,2686.362105730036,2597.383656014812,2605.95361328125,598192,0.0,0.0,2618.1153198242187,2604.2337101643757,47.85425654315547,13.775066380616408,1.2235726109227585,12.55149376969365,72.27234742825803,21761784.0,-0.02931596091205216
2020-10-20 00:00:00+05:30,2605.9535677712915,2639.664855449617,2585.84050332205,2627.115966796875,899774,0.0,0.0,2618.8804931640625,2605.1310535617285,50.59607041163552,11.982746453688833,-0.45499785280385474,12.437744306492688,70.95463299638887,22661558.0,0.00812078898385067
2020-10-21 00:00:00+05:30,2649.677610605896,2657.679026902749,2616.4910970931223,2639.183837890625,982019,0.0,0.0,2620.28623046875,2606.466456868744,52.14143225012648,11.40463085512829,-0.8264907610915202,12.23112161621981,68.82843918971273,23643577.0,-0.00396039603960401
2020-10-22 00:00:00+05:30,2632.013207533178,2657.941486257608,2603.3301852982054,2628.864990234375,1701072,0.0,0.0,2621.1607177734377,2607.3448307262197,50.681595836665196,9.998568042023635,-1.7860428593569413,11.784610901380576,67.81292899595093,21942505.0,-0.0011961251903267137
2020-10-23 00:00:00+05:30,2649.6775070463946,2706.956014211919,2620.950719962552,2695.369140625,1217651,0.0,0.0,2627.7368041992186,2610.7967644477408,58.70596328756084,14.088182472694825,1.8428572570513992,12.245325215643426,69.11238403733553,23160156.0,0.01724422442244229
2020-10-26 00:00:00+05:30,2709.09845723757,2722.9153001753843,2522.877765076189,2531.753662109375,2140237,0.0,0.0,2625.0149658203127,2607.6970349442754,41.02201881944761,4.079800250775406,-6.5324199718944165,10.612220222669823,78.46418308401287,21019919.0,-0.06546266144532491
2020-10-27 00:00:00+05:30,2544.739902252636,2599.1763486152568,2494.9382482394367,2577.40185546875,1812330,0.0,0.0,2624.184216308594,2606.5089886903334,45.91690245168126,-0.1665669799040188,-8.623029762059074,8.456462782155056,80.30517764100594,22832249.0,0.012835085105240488
2020-10-28 00:00:00+05:30,2577.0957898150805,2594.585411734423,2527.4252208648763,2574.51611328125,1197897,0.0,0.0,2626.219580078125,2605.2543661252716,45.658916127374894,-3.7217963296679955,-9.74260728945844,6.020810959790446,79.36624979438966,21634352.0,-0.0010010014156344512
2020-10-29 00:00:00+05:30,2552.5662794239693,2565.727261210222,2522.877692089806,2558.1630859375,714820,0.0,0.0,2628.1543579101562,2603.407649255163,44.14523885312084,-7.76933379830416,-11.032115806475685,3.2627820081715253,77.3856901773844,20919532.0,0.0021926194663958944
2020-10-30 00:00:00+05:30,2570.9745853228765,2591.2625053377137,2518.593249748352,2524.53955078125,722940,0.0,0.0,2623.84755859375,2600.3147826483428,41.126281163150104,-13.534161299890457,-13.437554646449586,-0.09660665344087116,77.04880192443747,20196592.0,-0.018061257706207513
2020-11-02 00:00:00+05:30,2551.735703452885,2566.470794541344,2468.178996440756,2486.76171875,926407,0.0,0.0,2619.09912109375,2595.861721318996,37.98328387302899,-20.910144817302353,-16.650830531089184,-4.259314286213168,78.56615907892908,19270185.0,-0.025462662381125656
2020-11-03 00:00:00+05:30,2496.81827788533,2562.1857370698704,2496.81827788533,2548.981201171875,951287,0.0,0.0,2616.5893676757814,2594.0232695485206,45.386172665329084,-21.48737951874591,-13.782452186026195,-7.704927332719716,78.34172041416966,20221472.0,0.020891758022023126
2020-11-04 00:00:00+05:30,2540.367456200117,2577.751521175179,2520.604099025287,2558.819091796875,710858,0.0,0.0,2609.9739379882812,2592.6427135582603,46.47414131640254,-20.909969511115833,-10.564033742716893,-10.34593576839894,76.82784172174563,20932330.0,0.007263372687177307
2020-11-05 00:00:00+05:30,2580.593508639208,2597.208648139087,2559.60596400778,2579.10693359375,507235,0.0,0.0,2604.4974975585938,2592.111898657691,48.74188988549355,-18.60088916793893,-6.603962719631992,-11.996926448306938,74.08224949636556,21439565.0,-0.0005760593601747487
2020-11-06 00:00:00+05:30,2588.46380324433,2623.4430438287127,2584.091398171282,2603.6796875,889565,0.0,0.0,2600.89462890625,2592.565537435821,51.42621942201761,-14.619585007196747,-2.098126847111846,-12.5214581600849,71.95752496694892,22329130.0,0.00587834538640207
2020-11-09 00:00:00+05:30,2614.6981881161714,2642.6815800960103,2605.953378122472,2625.148193359375,550477,0.0,0.0,2599.9851684570312,2593.8432886485098,53.707188861563225,-9.621137291255764,2.3202566950633106,-11.941393986319074,69.60355092118193,22879607.0,0.003996639187918113
2020-11-10 00:00:00+05:30,2636.56000809594,2643.1186150812528,2594.5849233899344,2621.256591796875,664054,0.0,0.0,2598.3695556640623,2594.918320144524,53.21932555053999,-5.905773110916471,4.828496700322084,-10.734269811238555,68.09856079512993,22215553.0,-0.005804311774461205
2020-11-11 00:00:00+05:30,2638.921229264384,2658.4221979552303,2611.6812319437386,2643.6435546875,782511,0.0,0.0,2597.011926269531,2596.8291136560133,55.71166170332165,-1.1417184015881503,7.674041127720324,-8.815759529308474,66.57301814015956,22998064.0,0.001789490861170038
2020-11-12 00:00:00+05:30,2645.305010932908,2659.2091733604334,2620.163682316603,2638.70263671875,646257,0.0,0.0,2596.576867675781,2598.4712125996502,55.01500559807654,2.2096668278895777,8.820341085758443,-6.610674257868864,64.60676600073906,22351807.0,-0.0024958839101240095
2020-11-13 00:00:00+05:30,2632.187834004769,2665.418112307819,2619.595392888464,2659.078125,557563,0.0,0.0,2596.4019775390625,2600.847954262409,57.38175853986372,6.435609684498559,10.43702715389394,-4.00141746939538,63.26504825854206,22909370.0,0.010215946843853739
2020-11-14 00:00:00+05:30,2672.1078543086223,2680.284337277648,2649.6775014522914,2660.083740234375,59697,0.0,0.0,2599.1084838867187,2603.17092626131,57.50060234047195,9.753413312395423,11.003864625432643,-1.25045131303722,60.93231859037863,22969067.0,-0.004499861057202139
2020-11-17 00:00:00+05:30,2653.175403317295,2666.205085060956,2620.338598457656,2662.92578125,501135,0.0,0.0,2600.898974609375,2605.514253907925,57.858267447639676,12.468397622537395,10.975079148459692,1.4933184740777035,59.85618764477987,23470202.0,0.0036749842926004227
2020-11-18 00:00:00+05:30,2672.2392766350035,2672.2392766350035,2626.853581339972,2656.5859375,455293,0.0,0.0,2601.769079589844,2607.517065029183,56.71170063697721,13.947689559285664,9.963496868166366,3.984192691119296,58.82258096865423,23014909.0,-0.005857761044031536
2020-11-19 00:00:00+05:30,2652.3006976503925,2672.8509997917654,2632.187635980112,2653.393798828125,888406,0.0,0.0,2602.9955200195313,2609.3161526291415,56.10879030620016,14.693087398477473,8.567115765886541,6.125971632590932,57.525493935978346,22126503.0,0.0004121332014506612
2020-11-20 00:00:00+05:30,2652.3007674678624,2697.773777658541,2642.6814768506038,2674.643798828125,820220,0.0,0.0,2601.9592529296874,2611.878021107533,59.2170716994452,16.804802658260087,8.543064820535323,8.261737837724764,57.351694415275034,22946723.0,0.008424018736605551
2020-11-23 00:00:00+05:30,2682.9076483302533,2697.773824999619,2650.202145056182,2691.433837890625,493600,0.0,0.0,2609.94326171875,2614.9978570598114,61.53492938712773,19.60714903876533,9.07632896083245,10.530820077932878,56.653121909864645,23440323.0,0.003177966101694956
2020-11-24 00:00:00+05:30,2690.7781069491634,2730.129752972144,2669.7905624035734,2707.130859375,858928,0.0,0.0,2616.4297119140624,2618.6109159741327,63.6168260727324,22.83146032094828,9.840512194412323,12.990948126535958,56.916412543440345,24299251.0,0.006077332197554379
2020-11-25 00:00:00+05:30,2710.891204296395,2763.3600663150346,2659.296823311399,2668.26025390625,1219151,0.0,0.0,2621.1169189453126,2620.557948834216,55.59267740393734,21.99665350667965,7.204564304114953,14.792089202564696,60.28404346989953,23080100.0,-0.015725806451612857
2020-11-26 00:00:00+05:30,2669.7906128973696,2754.615273706752,2669.7906128973696,2736.426025390625,1264680,0.0,0.0,2630.030065917969,2625.101794973683,64.13581922432678,26.529653830360076,9.390051702236303,17.139602128123773,62.14625615701001,24344780.0,0.024959040672084723
2020-11-27 00:00:00+05:30,2750.15546162977,2841.189027407863,2742.110278397324,2775.20947265625,2548347,0.0,0.0,2642.5635620117187,2630.9883705690777,67.91758647425337,32.87265382217856,12.586441355243831,20.28621246693473,65.19030957248819,26893127.0,0.009110034460245695
2020-12-01 00:00:00+05:30,2776.5649902118093,2841.1452905163937,2764.234721462232,2836.510498046875,1400851,0.0,0.0,2660.0510009765626,2639.048061842717,72.7997544719979,42.357733860351345,17.65721711473329,24.700516745618057,66.02747099972386,28293978.0,0.02158980900731329
2020-12-02 00:00:00+05:30,2836.5104638917333,2927.7626498000227,2817.140793408236,2919.14892578125,1707284,0.0,0.0,2678.5593872070312,2650.0324094481493,77.72160645433146,55.89859440627379,24.958462128524584,30.940132277749203,69.21278436810243,30001262.0,0.029133847007261023
2020-12-03 00:00:00+05:30,2945.864367719332,2948.050570416529,2869.172419800944,2880.890380859375,965142,0.0,0.0,2694.662951660156,2659.0856632289815,71.2900548374205,62.8185460150803,25.502730989864872,37.31581502521543,69.90316769687033,29036120.0,-0.02205600080300358
2020-12-04 00:00:00+05:30,2884.301017632427,2924.745767985839,2875.468673237787,2895.756591796875,739106,0.0,0.0,2710.4954345703127,2668.366876113997,72.25095562170972,68.71018822195083,25.11549855738832,43.59468966456251,68.42987672166933,29775226.0,0.003971698548250476
2020-12-07 00:00:00+05:30,2895.756396431812,2916.3942341318525,2857.6291516336223,2902.883544921875,481597,0.0,0.0,2725.4556274414062,2677.56360822411,72.7223041576055,73.11165700115725,23.613573869275797,49.49808313188146,67.73953425525868,30256823.0,0.0024612389698405665
2020-12-08 00:00:00+05:30,2903.276990835735,2959.899636967245,2886.2683776700173,2908.69873046875,823352,0.0,0.0,2739.633154296875,2686.6277306650763,73.12345883965722,76.19080937035869,21.354180990781785,54.83662837957691,68.16037177064153,31080175.0,0.00186745517225152
2020-12-09 00:00:00+05:30,2916.394324224327,2932.703310533968,2885.787487238465,2891.515380859375,397850,0.0,0.0,2753.14609375,2694.662540476618,69.8543701919271,76.36422781761348,17.222079550429257,59.142148267184226,66.64290398094879,30682325.0,-0.008530719991566724
2020-12-10 00:00:00+05:30,2891.2090439447043,2903.2331577131863,2861.345603147337,2877.785888671875,469288,0.0,0.0,2764.8532104492188,2701.843848248981,67.2667430188718,74.53461921497683,12.313976758234077,62.22064245674275,64.87466469214314,30213037.0,-0.0046427480921666575
2020-12-11 00:00:00+05:30,2881.9398498631567,2918.2743668963662,2873.151272562336,2909.966796875,611154,0.0,0.0,2778.4164184570313,2710.005532508825,70.06575605309106,74.818905787919,10.078610664940996,64.740295122978,63.46383820474895,30824191.0,0.009725028443315388
2020-12-14 00:00:00+05:30,2909.966820538062,2916.0008679636167,2855.180667402825,2876.168212890625,425416,0.0,0.0,2789.2709228515623,2716.5217160532093,63.88684381753734,71.49281699260519,5.402017495701742,66.09079949690344,63.27500694033469,30398775.0,-0.011614774233469677
2020-12-15 00:00:00+05:30,2871.7957760047666,2927.062935815697,2852.557192852481,2860.995849609375,746643,0.0,0.0,2799.3165283203125,2722.1873683495296,61.27452846777453,66.86184303660275,0.6168348317594479,66.2450082048433,64.07720238683875,29652132.0,-0.00376068747145259
2020-12-16 00:00:00+05:30,2876.168169324438,2893.176783023271,2843.812370520849,2888.84814453125,616704,0.0,0.0,2810.612646484375,2728.7230850625383,64.17082739866451,64.69346425530784,-1.2412351596283742,65.93469941493622,63.02628880383977,30268836.0,0.004408634843417427
2020-12-17 00:00:00+05:30,2891.996145197442,2912.0216743159763,2849.059043519955,2859.9462890625,678073,0.0,0.0,2820.7806640625,2733.8690930625366,59.2211917046049,59.95178341484598,-4.786332800072202,64.73811621491818,63.02174180320164,29590763.0,-0.011082261014823628
2020-12-18 00:00:00+05:30,2864.7119662017094,2940.8793398857097,2860.3395615929,2927.36865234375,1362381,0.0,0.0,2834.4794067382813,2741.4573110735646,65.8404670854946,60.93200223845952,-3.044891181166932,63.97689341962645,64.30112103972813,30953144.0,0.021871897377912106
2020-12-21 00:00:00+05:30,2931.6977925073465,2933.883995186323,2797.0277074824003,2831.788330078125,797760,0.0,0.0,2842.336633300781,2744.999703975704,52.7646657570093,53.38095706496233,-8.476749083731299,61.85770614869363,69.48363302259551,30155384.0,-0.03407904548844155
2020-12-22 00:00:00+05:30,2837.690863975774,2872.670104209682,2773.853750548892,2855.44287109375,825331,0.0,0.0,2850.5370849609376,2749.3308085685685,55.13917250889574,48.74353796942387,-10.49133454341581,59.23487251283968,71.57882738328254,30980715.0,0.00625579316737287
2020-12-23 00:00:00+05:30,2869.1725199733323,2902.3590353761588,2851.6828977851374,2894.226318359375,816586,0.0,0.0,2859.8918579101564,2755.01298542311,58.79644771702804,47.64858674516927,-9.269028614136332,56.9176153593056,70.08577809296091,31797301.0,0.008732064109646337
2020-12-24 00:00:00+05:30,2901.527987894937,2993.8295010952024,2899.8227926266354,2951.15478515625,1567636,0.0,0.0,2874.036584472656,2762.7048207067623,63.50023997614734,50.78901733394923,-4.9028784202850915,55.691895754234324,72.19416416437865,33364937.0,0.017103676913803444
2020-12-28 00:00:00+05:30,2962.7417312170905,2992.474086252917,2950.498996790573,2986.09033203125,536954,0.0,0.0,2886.5197998046874,2771.465036837135,66.06081565569669,55.457557661809005,-0.18747047394025884,55.645028135749264,70.03565880427882,33901891.0,0.007880741195948887
2020-12-29 00:00:00+05:30,3002.0933942550705,3025.616848706652,2990.76890754694,3000.825439453125,682613,0.0,0.0,2897.8005981445312,2780.459562429919,67.10890050315115,59.6587011584661,3.2109384181734697,56.44776274029263,67.85643434377708,34584504.0,-0.0004223568808258655
2020-12-30 00:00:00+05:30,3005.76602855356,3036.9414040737297,2977.826403506834,3015.341552734375,639180,0.0,0.0,2906.742150878906,2789.670620873231,68.15230981225164,63.42830465938323,5.584433535272474,57.843871124110755,67.23204621081096,35223684.0,0.0031857184124950296
2020-12-31 00:00:00+05:30,3030.032915260313,3030.032915260313,2996.7153170710826,3011.75634765625,410959,0.0,0.0,2911.372521972656,2798.3798650608005,67.58207181248227,65.37286876743792,6.0231981146617315,59.34967065277619,64.80958561605952,34812725.0,-0.006031804972155861
2021-01-01 00:00:00+05:30,3013.461652827648,3055.436742594255,3013.461652827648,3044.287109375,421643,0.0,0.0,2919.5423583984375,2808.0232864064556,70.0322341242339,68.74644421692574,7.517418851319633,61.229025365606105,63.30035769788337,35234368.0,0.010229251305861952
2021-01-04 00:00:00+05:30,3051.938565098103,3085.16884173814,3030.076540992816,3080.3154296875,647829,0.0,0.0,2928.770300292969,2818.701409672379,72.51030637784427,73.48017766561952,9.80092184001073,63.67925582560879,62.71406791101233,35882197.0,0.009297980278474187
2021-01-05 00:00:00+05:30,3060.9022447845623,3065.0560297035613,3038.8215986361984,3054.256103515625,561562,0.0,0.0,2936.3389282226562,2827.938848646624,68.12243763430756,74.27275559985264,8.474799819395088,65.79795578045756,61.19833669583545,35320635.0,-0.0021713013802585777
2021-01-06 00:00:00+05:30,3054.256093921544,3084.2946027978555,3004.629295308338,3028.0654296875,591620,0.0,0.0,2942.307263183594,2835.7869498639134,63.934887979019344,71.95802352671035,4.928054197002226,67.02996932970812,62.517406047059076,34729015.0,-0.0085751369330711
2021-01-07 00:00:00+05:30,3060.683960189018,3067.111481903963,2997.939939005143,3006.42236328125,531361,0.0,0.0,2948.0526123046875,2842.478534703809,60.61874292422563,67.59794012615203,0.45437663715512144,67.1435634889969,62.9927015394209,34197654.0,-0.01772858537946428
2021-01-08 00:00:00+05:30,3033.574613372804,3099.6854629024965,3006.5094689046205,3086.174560546875,675643,0.0,0.0,2958.4720458984375,2852.035241599616,67.34089634697705,69.77357211412755,2.1040069001045083,67.66956521402304,65.15487284344255,34873297.0,0.017339262710795545
2021-01-11 00:00:00+05:30,3087.7926730615377,3178.3452309960176,3079.047862319364,3163.30419921875,788461,0.0,0.0,2971.138916015625,2864.241867388602,72.27061762025185,76.83577835643337,7.3329705139282595,69.5028078425051,67.59362255886757,35661758.0,0.024454856317261364
2021-01-12 00:00:00+05:30,3158.5819745088943,3185.559801911308,3111.4912952515,3169.338134765625,863270,0.0,0.0,2985.797412109375,2876.2064268935833,72.61882204457469,81.97456410720497,9.977405011759885,71.99715909544508,68.05611428266187,36525028.0,0.003405376318720716
2021-01-13 00:00:00+05:30,3169.3376731931294,3176.9893817232914,3128.018447130254,3148.91845703125,515154,0.0,0.0,3000.1935424804688,2886.901016310747,69.44090636736968,83.43757507150895,9.152332780851083,74.28524229065786,66.69288715568317,36009874.0,-0.0064427392305304206
2021-01-14 00:00:00+05:30,3148.1315208648903,3199.4197448271143,3100.035067073899,3127.187744140625,743848,0.0,0.0,3012.1105224609373,2896.324025245252,66.12451742336926,81.8994490144155,6.091365379006106,75.80808363540939,69.02801506551364,35266026.0,-0.006652764214409744
2021-01-15 00:00:00+05:30,3137.6380023906045,3168.24483909174,3096.537393106224,3130.904541015625,684649,0.0,0.0,3025.6584350585936,2905.523261157816,66.41991801905952,80.05753405926362,3.3995603390833793,76.65797372018024,69.2194029891325,35950675.0,-0.0021460287547031124
2021-01-18 00:00:00+05:30,3106.156732286917,3163.9162491324573,3065.056122372084,3116.431884765625,602004,0.0,0.0,3035.1115966796874,2913.7941875738084,64.07681753957722,76.54758783731495,-0.08830870629222431,76.63589654360717,71.33659755204415,35348671.0,0.0033079954954955025
2021-01-19 00:00:00+05:30,3118.1806556808524,3204.0984147555614,3114.1144043903564,3183.9853515625,586410,0.0,0.0,3052.7214477539064,2924.3899194949336,69.48752540850286,78.3141733299858,1.3426214291029055,76.9715519008829,72.6685556146971,35935081.0,0.02110355465189659
2021-01-20 00:00:00+05:30,3183.110540340069,3229.283175492617,3173.797403965348,3186.564697265625,549040,0.0,0.0,3069.2775390625,2934.671283329078,69.67533677127105,79.01154084238487,1.631991153201568,77.3795496891833,71.44121389025621,36484121.0,0.0010851514208448244
2021-01-21 00:00:00+05:30,3211.0942777823598,3329.1492144655344,3196.4029540736296,3238.465576171875,1533886,0.0,0.0,3086.489501953125,2946.5847850091877,73.24407175428836,82.79773603302647,4.334549075074534,78.46318695795193,76.52287842740797,38018007.0,0.008523978439031802
2021-01-22 00:00:00+05:30,3279.260108001673,3611.6066673942023,3270.6028311708646,3576.190185546875,8537143,0.0,0.0,3117.7412719726562,2971.275192873411,85.33673065271394,111.76155881306704,26.638697484092077,85.12286132897496,97.70989368524788,46555150.0,0.09054788817168466
2021-01-25 00:00:00+05:30,3629.096624974672,3681.565491841776,3550.393324674016,3645.668212890625,2368224,0.0,0.0,3150.720166015625,2997.7219779721254,86.6713499506049,138.72278329991605,42.879937576752866,95.84284572316318,100.10005608295288,48923374.0,0.00456631212349398
2021-01-27 00:00:00+05:30,3614.5798407648726,3704.870008030652,3592.455641277939,3625.904541015625,2062088,0.0,0.0,3181.97412109375,3022.356588287557,84.32029097338963,156.68877414944245,48.6767427410234,108.01203140841905,100.97964970430493,46861286.0,0.003133061309929722
2021-01-28 00:00:00+05:30,3567.8828370513843,3664.0757566777697,3564.9096867523854,3616.6787109375,1262871,0.0,0.0,3212.040979003906,3045.663338195398,83.18590664772059,168.24310219740437,48.18485663118824,120.05824556621613,100.85010829123996,45598415.0,0.013676422717524611
2021-01-29 00:00:00+05:30,3644.837125757043,3677.499079353048,3489.1794941868043,3502.996337890625,1406268,0.0,0.0,3236.602978515625,3063.5979656344266,70.58472652613462,166.30965877600056,37.001130567827545,129.30852820817302,107.09792808078632,44192147.0,-0.038915535309950844
2021-02-01 00:00:00+05:30,3553.890694401955,3621.2257297043534,3476.105654112281,3598.22705078125,745011,0.0,0.0,3264.2999755859373,3084.5638121107727,74.12122709842723,170.49633793539533,32.95024778177785,137.54609015361748,109.8137957653145,44937158.0,0.012475441759965521
2021-02-02 00:00:00+05:30,3634.167979546293,3735.039448587474,3600.4569076955618,3674.08837890625,1167922,0.0,0.0,3293.988623046875,3107.6824225733403,76.54081726181745,177.88513737867743,32.271237780047954,145.61389959862947,111.74226734306126,46105080.0,0.010984742473280233
2021-02-03 00:00:00+05:30,3677.192601294714,3724.545661998464,3637.9284898328137,3704.607666015625,681937,0.0,0.0,3326.506201171875,3131.0912556495086,77.45409814969076,184.08148876457608,30.774071332757273,153.3074174318188,109.9476176845972,46787017.0,0.007455433449762224
2021-02-04 00:00:00+05:30,3704.607772027528,3813.961453299558,3672.820301401385,3693.37060546875,1163598,0.0,0.0,3359.7714599609376,3153.1414262306557,76.27663843927145,185.9419815872293,26.107651324328373,159.83433026290092,112.17572727466441,45623419.0,-0.003033294548380187
2021-02-05 00:00:00+05:30,3725.289279449779,3736.482466112078,3638.7156553498894,3700.14794921875,729191,0.0,0.0,3394.4577392578126,3174.5926624262675,76.50859259994901,185.82127852421127,20.78955860904827,165.031719915163,111.14651895089354,46352610.0,-0.006748826291079926
2021-02-08 00:00:00+05:30,3700.3229380205576,3723.977479166998,3668.447933569463,3705.56982421875,616236,0.0,0.0,3425.4275024414064,3195.4152962220514,76.70482315009038,184.04160343467538,15.207906815609903,168.83369661906548,107.17387799188096,46968846.0,0.0014179535910990514
2021-02-09 00:00:00+05:30,3697.655458466452,3706.050561654485,3624.723826818745,3633.381103515625,721336,0.0,0.0,3448.93134765625,3212.5904259198387,68.50027905410283,174.7912865029134,4.766071907078327,170.02521459583508,105.32765347848351,46247510.0,-0.01738246185259339
2021-02-10 00:00:00+05:30,3637.841195882468,3685.937654001106,3585.459865984528,3630.45166015625,989105,0.0,0.0,3471.987023925781,3228.977140987933,68.18156647941214,165.31827591514002,-3.765550944556054,169.08382685969607,104.98123451652775,45258405.0,-0.0020312969501203237
2021-02-11 00:00:00+05:30,3633.468732847134,3674.919048877465,3608.502469872183,3656.9921875,546983,0.0,0.0,3497.3907104492187,3245.7620447727204,69.56326729566425,158.12962563117026,-8.763360982820672,166.89298661399093,102.22661626283688,45805388.0,0.006474104053850837
2021-02-12 00:00:00+05:30,3654.4561024386617,3669.147212455415,3600.2382803876453,3616.89697265625,360063,0.0,0.0,3521.876171875,3260.316355670114,64.97302128209755,147.49696652506918,-15.516816071137384,163.01378259620657,99.84678167515841,45445325.0,-0.01027762510469014
2021-02-15 00:00:00+05:30,3631.020371757225,3668.141835982288,3595.559909129128,3604.873046875,287922,0.0,0.0,3545.574597167969,3273.828382776188,63.61730233863589,136.52648492349408,-21.189838138170018,157.7163230616641,97.8992920432554,45157403.0,-0.007201095616428874
2021-02-16 00:00:00+05:30,3611.6067646832607,3653.232148386625,3606.3598783423167,3614.09912109375,318280,0.0,0.0,3570.457958984375,3287.172333298445,64.23398605968295,127.11150400610904,-24.483855244444044,151.5953592505531,94.36070700231186,45475683.0,0.0006900962848063126
2021-02-17 00:00:00+05:30,3600.238770539823,3677.193109089132,3594.991883820552,3642.826171875,554383,0.0,0.0,3593.4,3301.1195426543886,66.15747262451826,120.57814689377165,-24.81376988542516,145.3919167791968,93.49217259208268,46030066.0,0.011829049140757858
2021-02-18 00:00:00+05:30,3672.8202555110415,3672.8202555110415,3587.208649715643,3598.883056640625,440460,0.0,0.0,3614.01591796875,3312.7965432028686,60.77333482001099,110.57987618143443,-27.849632478209912,138.42950865964434,92.92927496334075,45589606.0,-0.020130905877975995
2021-02-19 00:00:00+05:30,3590.619458173918,3591.231765751508,3477.9862478631494,3498.886474609375,762200,0.0,0.0,3627.036962890625,3320.0941875717513,50.66801333371128,93.50936835381799,-35.936112244661075,129.44548059847907,94.92695595140708,44827406.0,-0.025547954784157344
2021-02-22 00:00:00+05:30,3506.6689188096807,3532.9033496237184,3433.955906801978,3473.045166015625,762310,0.0,0.0,3621.8797119140627,3326.0922651577857,48.4270284973872,77.00799010129685,-41.949992397745774,118.95798249904263,95.21413358518153,44065096.0,-0.00958851650171442
2021-02-23 00:00:00+05:30,3455.9488515639973,3496.78707085057,3401.905884009808,3421.188232421875,802871,0.0,0.0,3610.655712890625,3329.8215187759856,44.202050322451775,59.065240470317804,-47.914193622979866,106.97943409329767,95.19035167485211,43262225.0,-0.010058198380566694
2021-02-24 00:00:00+05:30,3434.0870506899223,3454.200114648636,3371.4305694518603,3438.328369140625,399843,0.0,0.0,3601.276904296875,3334.0766893785203,45.882653855687124,45.70172684560157,-49.02216579815688,94.72389264375845,94.303151211655,43662068.0,0.0012350643382352798
2021-02-25 00:00:00+05:30,3441.957356218484,3480.4345217859677,3419.2646160432946,3449.65283203125,632973,0.0,0.0,3592.9256103515627,3338.609087129608,47.01808985035785,35.61429609562492,-47.28767723850683,82.90197333413175,91.93649081983104,44295041.0,0.002235784763243113
2021-02-26 00:00:00+05:30,3419.658137115809,3448.166304670077,3299.460759805728,3321.89111328125,732210,0.0,0.0,3583.8703491210936,3337.9534803120255,37.4671757308408,17.11335944141956,-52.630891114169756,69.74425055558932,96.09760377931082,43562831.0,-0.028589706898894056
2021-03-01 00:00:00+05:30,3321.89108376321,3374.447479662814,3280.1783808568093,3335.314453125,724589,0.0,0.0,3570.724719238281,3337.849989049789,38.87213492191096,3.4941072988349333,-53.00011460540351,56.494221904238444,95.96699628116127,44287420.0,0.004040881842093126
2021-03-02 00:00:00+05:30,3342.2666141498617,3464.82504941409,3306.850131189875,3448.9970703125,735847,0.0,0.0,3559.4701538085938,3342.208698118915,49.26790417343271,1.852632976453151,-43.71327114222824,45.56590411868139,100.39613356457966,45023267.0,0.03193355542337136
2021-03-03 00:00:00+05:30,3484.807109760831,3484.807109760831,3378.6451918657817,3411.438232421875,615104,0.0,0.0,3544.8116821289063,3344.9235818170705,46.456845645990946,-2.450681643200369,-38.4132686095054,35.96258696630503,100.8079753026233,44408163.0,-0.021053927815244636
2021-03-04 00:00:00+05:30,3388.613826879152,3434.6116122244844,3358.8814733013737,3392.155517578125,611769,0.0,0.0,3529.750927734375,3346.775814592014,45.03612867872642,-7.332518707180498,-34.636084538788424,27.303565831607926,99.01670127489744,43796394.0,0.0010451738911290754
2021-03-05 00:00:00+05:30,3368.588523980875,3422.062954565645,3342.047938826105,3369.244384765625,719936,0.0,0.0,3513.2057495117188,3347.6569349909787,43.34018405545665,-12.901427073321884,-32.163994323943854,19.262567250621967,97.65943802193722,43076458.0,0.0001946989904172098
2021-03-08 00:00:00+05:30,3365.003005203192,3365.003005203192,3296.7934848274517,3321.934814453125,818275,0.0,0.0,3494.0239990234377,3346.648224381651,39.99127758390677,-20.891489925588303,-32.123245740968216,11.231755815379913,95.85882815827573,42258183.0,-0.012798856548856614
2021-03-09 00:00:00+05:30,3324.951731308937,3348.9999596465373,3302.0403710102005,3321.934814453125,526071,0.0,0.0,3478.4516845703124,3345.6790710511204,39.99127758390677,-26.913431021517226,-30.51614946951771,3.602718448000485,92.36602533431554,42258183.0,-0.0009073565872861986
2021-03-10 00:00:00+05:30,3340.517505776763,3392.111886101587,3324.776847372579,3382.09912109375,545219,0.0,0.0,3466.0340576171875,3347.1073083076944,46.130514257988686,-26.525338404299873,-24.102445481840288,-2.4228929224595865,90.78110007063387,42803402.0,0.01244765676128923
2021-03-12 00:00:00+05:30,3391.237554751456,3391.237554751456,3266.0119095083837,3276.15576171875,1119478,0.0,0.0,3446.992236328125,3344.3248947159714,38.63501467634835,-34.37031629361081,-25.557938696920978,-8.812377596689833,93.24142472639389,41683924.0,-0.03393504323265862
2021-03-15 00:00:00+05:30,3301.165812903396,3301.165812903396,3166.539504106908,3204.666748046875,1024257,0.0,0.0,3426.380725097656,3338.8481046505167,34.55490161626667,-45.82780927708245,-29.612345344314093,-16.21546393276836,96.19748787491132,40659667.0,-0.029231813948675692
2021-03-16 00:00:00+05:30,3212.099822428682,3226.8349127812457,3178.738457441688,3195.7470703125,858553,0.0,0.0,3405.924426269531,3333.2362993823594,34.071424471109495,-54.99376457596827,-31.022640514559928,-23.971124061408343,92.7616998359664,39801114.0,-0.005090985031659893
2021-03-17 00:00:00+05:30,3191.8557976762595,3216.3412668091187,3109.479726364268,3121.547607421875,773240,0.0,0.0,3381.2968505859376,3324.934782050576,30.276460387584606,-67.46740449000572,-34.797024342877904,-32.670380147127815,93.76883130822155,39027874.0,-0.02202737050513698
2021-03-18 00:00:00+05:30,3146.382657667741,3229.414586437498,3117.5247844873534,3204.53564453125,1285600,0.0,0.0,3359.38232421875,3320.2132472458966,38.52396626017752,-69.85121166760655,-29.744665216382984,-40.106546451223565,95.06318635430236,40313474.0,0.01848249027237356
2021-03-19 00:00:00+05:30,3195.310293364049,3211.9692016476924,3122.0724984721364,3191.89990234375,1132705,0.0,0.0,3339.033166503906,3315.181351367381,37.79097093627918,-71.93082109330408,-25.459419713664403,-46.47140137963967,94.69415184147411,39180769.0,-0.001067311374229141
2021-03-22 00:00:00+05:30,3192.0306526873105,3222.462635608884,3178.126489536004,3204.75439453125,502724,0.0,0.0,3324.3265625,3310.8508824718465,39.06125992325933,-71.71499068431103,-20.194871443737085,-51.52011924057395,91.09715142888261,39683493.0,0.003986096384515481
2021-03-23 00:00:00+05:30,3205.4540607798863,3244.280934064976,3184.204128530792,3216.6474609375,581531,0.0,0.0,3311.5066772460937,3307.1566306469704,40.27637901111047,-69.77989329233014,-14.607819241404954,-55.17207405092519,88.88141243609009,40265024.0,0.003491985829580216
2021-03-24 00:00:00+05:30,3201.475223305794,3233.8310231589253,3140.2177811548504,3151.236328125,507559,0.0,0.0,3298.00908203125,3301.042108979442,36.02200414637958,-72.68656099257532,-14.0115895533201,-58.67497143925522,89.2194002624192,39757465.0,-0.015692420423893818
2021-03-25 00:00:00+05:30,3161.248823954227,3161.248823954227,3058.0600656619454,3062.082763671875,808505,0.0,0.0,3279.1968017578124,3291.6711542614985,31.186674117510204,-81.24749312444055,-18.05801734814826,-63.18947577629229,90.21721155038847,38948960.0,-0.03136926759163203
2021-03-26 00:00:00+05:30,3075.6373769333186,3164.96553051868,3075.6373769333186,3148.175537109375,691000,0.0,0.0,3264.122937011719,3286.043875157494,39.61599922642374,-80.16107918573698,-13.57728272755574,-66.58379645818124,91.12189407166376,39639960.0,0.02358475700681702
2021-03-30 00:00:00+05:30,3151.84817634934,3213.499087477211,3131.8226466439296,3206.45947265625,749230,0.0,0.0,3258.351354980469,3282.9229181966607,44.566607546643276,-73.74695284613881,-5.730525110366045,-68.01642773577277,90.44721884027965,40389190.0,0.017326753463792796
2021-03-31 00:00:00+05:30,3191.855722778215,3221.23837044671,3158.669210770789,3209.8701171875,694645,0.0,0.0,3252.079138183594,3280.0581024708113,44.85154027905216,-67.60914486423235,0.32582629723233936,-67.93497116146469,88.45592889977348,41083835.0,0.005643862371575272
2021-04-01 00:00:00+05:30,3239.077790851052,3291.809040566606,3227.009909730145,3273.226318359375,861229,0.0,0.0,3243.2906005859377,3279.790189368402,49.99356471789882,-56.97579042749885,8.767344587172673,-65.74313501467152,87.9904285053978,41945064.0,0.010542669770012045
2021-04-05 00:00:00+05:30,3235.623410936195,3270.558883584306,3127.1877688066616,3146.81982421875,723573,0.0,0.0,3230.059680175781,3274.5756652448863,41.649534924888165,-58.07922690648911,6.131126486545924,-64.21035339303504,92.13672286627018,41221491.0,-0.027445587894219886
2021-04-06 00:00:00+05:30,3183.0672985610418,3183.1110653134074,3150.099405226709,3161.686279296875,501882,0.0,0.0,3218.5362182617187,3270.148630501827,42.857470910176765,-57.09594309426393,5.69152823901689,-62.78747133328082,88.14775988227103,41723373.0,-0.006717111910839082
2021-04-07 00:00:00+05:30,3152.503964913591,3229.8517656807894,3144.852256260888,3218.264892578125,346982,0.0,0.0,3210.9872436523438,3268.113974112662,47.32657732861568,-51.16150436886801,9.30077357153025,-60.46227794039826,87.92288484922825,42070355.0,0.020859903237690748
2021-04-08 00:00:00+05:30,3234.661565458846,3234.661565458846,3187.4833565569493,3191.680908203125,414020,0.0,0.0,3204.4745483398438,3265.1165989789547,45.52495713423917,-48.049637974396774,9.930111972801186,-57.97974994719796,85.01255085279368,41656335.0,-0.01328752835062791
2021-04-09 00:00:00+05:30,3183.11075390862,3230.3327266314404,3169.9935392633924,3192.992431640625,484807,0.0,0.0,3198.0274291992187,3262.288200259805,45.634913125137004,-44.95936883870718,10.41630488679263,-55.37567372549981,83.25016774662987,42141142.0,0.003104409018715698
2021-04-12 00:00:00+05:30,3130.205120251496,3147.257501825712,3043.23801692227,3096.53759765625,724230,0.0,0.0,3183.7493530273437,3255.788176628293,39.34501443787563,-49.720263037831955,4.524328550134285,-54.24459158796624,88.00047110202978,41416912.0,-0.01075569213577314
2021-04-13 00:00:00+05:30,3121.0228219253186,3168.8568919633185,3073.9756994222994,3150.274169921875,412122,0.0,0.0,3177.4552734375,3251.6503724437275,43.97775102393264,-48.59701753689387,4.518059240857895,-53.11507677775177,88.49195120484131,41829034.0,0.009372359532607216
2021-04-15 00:00:00+05:30,3150.2741951103258,3196.7092239578205,3083.507695480682,3145.945556640625,614450,0.0,0.0,3174.5192138671873,3247.5050855494883,43.688283665703224,-47.50847220632204,4.485283657143782,-51.99375586346582,90.25692101009405,41214584.0,-0.0013740513369977212
2021-04-16 00:00:00+05:30,3130.642310884965,3198.4145955479776,3121.853733206812,3178.4326171875,526787,0.0,0.0,3173.6534912109373,3244.796361299999,46.532749654199826,-43.5226558244276,6.776880031230583,-50.299535855658185,89.27863110512496,41741371.0,0.015265335850209541
2021-04-19 00:00:00+05:30,3082.720394576721,3114.9013382438084,3014.336022719373,3074.28173828125,601819,0.0,0.0,3171.2901977539063,3238.1095133384792,39.622671770763354,-48.21221275051403,1.6698584841153306,-49.88207123462936,94.62277134557083,41139552.0,-0.00273740567270282
2021-04-20 00:00:00+05:30,3135.320448668999,3169.3814399411394,3108.8673991790097,3148.91845703125,676558,0.0,0.0,3168.5093383789062,3234.6118248558428,45.830674980285416,-45.38301382935106,3.599245924222643,-48.9822597535737,94.65683779659496,41816110.0,0.004337039414272256
2021-04-22 00:00:00+05:30,3143.5847606655807,3230.333244733376,3124.521029624351,3219.314697265625,1005711,0.0,0.0,3169.880078125,3234.0119374993637,50.95305305881283,-37.033565153567906,9.558955680004637,-46.59252083357254,95.45365046179829,42821821.0,0.024090311655541385
2021-04-23 00:00:00+05:30,3218.0903463240297,3243.975071464744,3183.1111034292035,3211.53173828125,631762,0.0,0.0,3170.2189453125,3233.1303610594377,50.38576192391496,-30.69080220515707,12.721374902732386,-43.412177107889455,92.98295885983705,42190059.0,-0.002038043478260799
2021-04-26 00:00:00+05:30,3220.013988616499,3278.4293638050112,3214.592248958981,3269.553466796875,480016,0.0,0.0,3172.8642456054686,3234.5587181471806,54.456668928793285,-20.743134347404975,18.13523420838758,-38.878368555792555,91.11972076434309,42670075.0,0.015384864275593137
2021-04-27 00:00:00+05:30,3269.553687348264,3321.2791580847147,3259.365854618619,3310.34814453125,518487,0.0,0.0,3180.8198364257814,3237.530852515183,57.12064677360665,-9.458712196880697,23.535725087129485,-32.99443728401018,89.0335481001202,43188562.0,0.012477072127869571
2021-04-28 00:00:00+05:30,3331.816597690052,3457.698103288289,3329.1493877639145,3401.5126953125,1252958,0.0,0.0,3197.7913330078127,3243.9615130170387,62.41195144535441,6.762536697867745,31.805579185502342,-25.043042487634597,93.19900600430147,44441520.0,0.020918347567740816
2021-04-29 00:00:00+05:30,3448.0788320093952,3457.9605107222865,3329.236940925543,3354.90283203125,1335444,0.0,0.0,3208.1276977539064,3248.3121529783807,58.44122156457937,15.676260707524307,32.57544255612713,-16.89918184860282,95.73647484668416,43106076.0,-0.027022584029451024
2021-04-30 00:00:00+05:30,3327.4006599995923,3468.4982740422747,3323.0282544016954,3352.5419921875,1340273,0.0,0.0,3215.4318237304688,3252.3995976532483,58.23911021886948,22.292971659661816,31.35372280661171,-9.060751146949894,99.28887090347598,41765803.0,0.007555847568988204
2021-05-03 00:00:00+05:30,3336.145161384374,3416.4225634060776,3309.9107302332523,3368.369873046875,796444,0.0,0.0,3223.3568115234375,3256.9474515902534,59.25646183370334,28.485576472372486,30.037062095457905,-1.5514856230854184,99.80479677986955,42562247.0,0.00965926544069466
2021-05-04 00:00:00+05:30,3390.363059443637,3399.982351074764,3336.189000638514,3349.568603515625,408324,0.0,0.0,3227.17392578125,3260.5796536265425,57.465614851647636,31.51289405280295,26.45150374071069,5.061390312092255,97.2325506124151,42153923.0,-0.01203247416655921
2021-05-05 00:00:00+05:30,3359.931067178936,3369.0257982497133,3309.123845975845,3361.330322265625,371452,0.0,0.0,3237.899450683594,3264.5306602398396,58.314360440363565,34.46385953259551,23.5219753764026,10.941884156192906,94.56607930246778,42525375.0,0.00041645351012038794
2021-05-06 00:00:00+05:30,3368.500733840442,3471.689489446146,3368.500733840442,3446.50439453125,938078,0.0,0.0,3252.1403564453126,3271.6668851140125,63.92782522313219,43.177631875188126,25.788598175196174,17.389033699991952,95.6941570080631,43463453.0,0.023156788985429614
2021-05-07 00:00:00+05:30,3458.135121978446,3469.7657620028654,3370.206014539025,3381.3994140625,486456,0.0,0.0,3260.297082519531,3275.970121543365,57.54856237775715,44.31904900791551,21.544012246338845,22.775036761576665,95.97027061205175,42976997.0,-0.022189910228853197
2021-05-10 00:00:00+05:30,3410.4758554056893,3413.8426926102006,3361.9421605403004,3383.060791015625,306598,0.0,0.0,3269.866076660156,3280.169755640317,57.66465971881865,44.84079279753405,17.65260482876591,27.18818796876814,92.82243214470692,43283595.0,-0.008038486578525628
2021-05-11 00:00:00+05:30,3375.4967411729917,3405.8411899034386,3332.8657913978145,3392.374267578125,453808,0.0,0.0,3279.835168457031,3284.5699325790547,58.352281171730404,45.48151563145075,14.634662130146083,30.846853501304665,91.40478688475223,43737403.0,0.005000012649773228
2021-05-12 00:00:00+05:30,3380.743570223292,3410.4759244363267,3364.3032846062283,3388.83251953125,499840,0.0,0.0,3294.449914550781,3288.658661479141,57.96670031618615,45.182665977572924,11.468649981014607,33.71401599655832,88.1739192379485,43237563.0,0.0023926539058458625
2021-05-14 00:00:00+05:30,3393.248543072093,3405.35997638196,3335.270412190285,3365.702392578125,481619,0.0,0.0,3305.221325683594,3291.6799842673363,55.39243606403122,42.58848400203351,7.0995744043801565,35.488909597653354,86.88217959177027,42755944.0,-0.008117928923953516
2021-05-17 00:00:00+05:30,3362.379635459449,3431.813345393934,3352.060716375674,3379.344482421875,427552,0.0,0.0,3316.8912719726563,3295.117807724377,56.6161782338191,41.158924276517155,4.536011743091038,36.62291253342612,86.37292597937088,43183496.0,0.005045488255851762
2021-05-18 00:00:00+05:30,3409.3391551614272,3566.1336468248182,3381.967856173385,3556.689208984375,1371585,0.0,0.0,3335.8041015625,3305.375509734573,68.65475497195168,53.717008954940866,13.675277137211793,40.04173181772907,93.54551443827346,44555081.0,0.043219535257990764
2021-05-19 00:00:00+05:30,3563.510231351699,3595.866029771334,3539.724389807345,3581.83056640625,788882,0.0,0.0,3361.18154296875,3316.2168845060114,69.92871120019024,64.94938291095059,19.926120874577208,45.02326203637338,90.87380911865544,45343963.0,0.00514109231211656
2021-05-20 00:00:00+05:30,3581.8304165126306,3610.732056320494,3552.229362700419,3560.18701171875,465579,0.0,0.0,3381.744970703125,3325.7843404751384,67.38949550769664,71.28296061752826,21.0077588649239,50.27520175260436,88.56158658302142,44878384.0,-0.006042554302432102
2021-05-21 00:00:00+05:30,3569.806462861188,3613.355661402138,3546.1081547479607,3607.715087890625,378016,0.0,0.0,3401.164990234375,3336.8404482169226,69.96836505779365,79.22423742565161,23.159228538437794,56.065008887213814,87.03915230237679,45256400.0,0.010619238164259906
2021-05-24 00:00:00+05:30,3607.234441139963,3659.572218975409,3591.843488792557,3622.36279296875,500267,0.0,0.0,3421.70654296875,3348.037402913073,70.73643905782595,85.71167308012127,23.717331354325964,61.99434172579531,85.65983643668561,45756667.0,0.004193892045454636
2021-05-25 00:00:00+05:30,3642.694558769275,3661.4523490762,3621.226218658836,3629.18408203125,297915,0.0,0.0,3439.6880737304687,3359.062762878492,71.10703254809854,90.36179902430558,22.69396583880821,67.66783318549737,82.41457172099605,46054582.0,-0.0037089238529484417
2021-05-26 00:00:00+05:30,3629.1837613479743,3655.3306584103143,3622.1003796974937,3643.35009765625,261524,0.0,0.0,3456.338171386719,3370.211285810953,71.9028239328017,94.10534852873116,21.150012274587027,72.95533625414413,78.90140793467395,46316106.0,0.0039034497120680333
2021-05-27 00:00:00+05:30,3646.585940591395,3737.5319688459526,3631.501142635711,3713.134033203125,878610,0.0,0.0,3471.91923828125,3383.6592366890777,75.48488830621618,101.53271295868717,22.86190136363443,78.67081159505274,80.83922352579816,47194716.0,0.0182494238983814
2021-05-28 00:00:00+05:30,3707.974605079151,3721.7912344475535,3662.02037111798,3672.383056640625,285520,0.0,0.0,3487.793249511719,3394.981739432276,69.88210366811077,102.94401501752827,19.418562737980423,83.52545227954785,79.33434065463044,46909196.0,-0.00959864945940378
2021-05-31 00:00:00+05:30,3664.075549671626,3697.918136643475,3643.962485795147,3666.52392578125,321021,0.0,0.0,3503.4923461914063,3405.630452622432,69.088091842076,102.40918978119998,15.106990001321705,87.30219977987828,77.52157709702755,46588175.0,0.0006682111426014056
2021-06-01 00:00:00+05:30,3677.105256056784,3801.3690977921688,3677.105256056784,3706.881591796875,1248169,0.0,0.0,3520.417932128906,3417.444222786136,71.4909149909062,104.04252581915489,13.392260831421282,90.6502649877336,81.6161195908976,47836344.0,0.008097765406917427
2021-06-02 00:00:00+05:30,3697.218139297364,3765.427657385843,3672.820204764251,3755.939453125,351583,0.0,0.0,3540.736474609375,3430.718545544523,74.12397527822014,108.04998286858108,13.919774304677972,94.13020856390311,82.40121480737946,48187927.0,0.015882566734024453
2021-06-03 00:00:00+05:30,3755.283744567508,3760.268457273064,3709.548557151706,3736.963623046875,323999,0.0,0.0,3559.5181396484377,3442.728156426968,71.37786525132444,108.4446481532832,11.451551671504063,96.99309648177913,80.13826375836807,47863928.0,-0.00487849195074421
2021-06-04 00:00:00+05:30,3729.136778668543,3756.2896705524768,3707.799527165467,3716.587890625,374317,0.0,0.0,3573.022314453125,3453.4677538464985,68.44560879344655,105.8926078480622,7.11960909302644,98.77299875503576,77.87768373183332,47489611.0,-0.003365091920287046
2021-06-07 00:00:00+05:30,3724.02119035433,3747.063851950484,3707.7997373007233,3716.325927734375,159646,0.0,0.0,3589.7686401367187,3463.7759175283763,68.40669995509279,102.66549538006893,3.11399730002654,99.55149808004239,75.11957165453208,47329965.0,-0.002066385293372295
2021-06-08 00:00:00+05:30,3716.544202782125,3738.406227504373,3702.552506959887,3733.9462890625,150816,0.0,0.0,3607.3129150390623,3474.3708340591265,69.65618918071502,100.37276662499562,0.6570148359625705,99.71575178903305,72.31486800380472,47480781.0,0.004682329963235244
2021-06-09 00:00:00+05:30,3732.2847953992336,3736.219959780512,3673.694570166865,3694.244873046875,262617,0.0,0.0,3622.4064453125,3482.9933453919793,63.556940040380994,94.26555544954635,-4.36015707158937,98.62571252113572,71.61561954736261,47218164.0,-0.010192127460168699
2021-06-10 00:00:00+05:30,3698.180514950466,3702.115679839868,3643.088206498852,3655.243408203125,332571,0.0,0.0,3635.7269897460938,3489.748249815946,58.16848775699104,85.29522408011144,-10.664390752819443,95.95961483293088,70.71646624690659,46885593.0,-0.011610332857944959
2021-06-11 00:00:00+05:30,3659.702985156718,3687.5552904064457,3639.5899221558566,3648.77197265625,188155,0.0,0.0,3649.88046875,3495.984474241056,57.30040102663196,76.7789214640784,-15.344554695081996,92.12347615916039,69.09138781859366,46697438.0,-0.0029868578255675083
2021-06-14 00:00:00+05:30,3649.209392169036,3668.88521563508,3609.114350951913,3626.03564453125,200657,0.0,0.0,3662.2150268554688,3501.0845201347893,54.23785762230542,67.41790695477539,-19.764455363508006,87.1823623182834,68.42563616606147,46496781.0,-0.006350347471842943
2021-06-15 00:00:00+05:30,3633.468830167547,3648.159941283054,3612.568818083296,3618.690185546875,138010,0.0,0.0,3665.315075683594,3505.6965070136944,53.24769014555068,58.72952100195471,-22.762273053062955,81.49179405501766,66.08031381131988,46358771.0,-0.004067365185018097
2021-06-16 00:00:00+05:30,3618.689811631047,3636.135450903982,3587.120963003739,3594.510498046875,216236,0.0,0.0,3665.949072265625,3509.1794086228388,50.011091186705734,49.324234759694264,-25.734047436258734,75.058282195953,64.86132624624027,46142535.0,-0.006681786735756129
2021-06-17 00:00:00+05:30,3602.8618757473,3602.8618757473,3534.696121549846,3545.05859375,357704,0.0,0.0,3665.1926513671874,3510.5864354905707,44.106285373735965,37.44843995635256,-30.08787379168035,67.53631374803291,65.09735681418461,45784831.0,-0.016043713023361616
2021-06-18 00:00:00+05:30,3546.020638263293,3667.005176264478,3524.158612133433,3644.050048828125,701993,0.0,0.0,3667.0093994140625,3515.820302680279,55.44648362379329,35.614033721147734,-25.537824021508143,61.15185774265588,70.65087162254247,46486824.0,0.027644906943588145
2021-06-21 00:00:00+05:30,3631.719914810379,3669.3226011423912,3591.012991450368,3657.648193359375,374649,0.0,0.0,3668.7736694335936,3521.3821807461263,56.74474802343896,34.85571519496261,-21.036914038154613,55.892629233117226,71.19792434179206,46861473.0,0.007139393774078983
2021-06-22 00:00:00+05:30,3658.216348627242,3699.579557842907,3633.730879609031,3691.709228515625,591793,0.0,0.0,3671.8999267578124,3528.0616728155187,59.89699980855217,36.581494479562025,-15.448907802844161,52.030402282406186,70.81583533408313,47453266.0,0.00915552189824729
2021-06-23 00:00:00+05:30,3699.054810749444,3724.98308826786,3665.1686703436426,3671.59619140625,418053,0.0,0.0,3673.3122314453126,3533.6904774661357,57.24412082927814,35.9122588279497,-12.89451476356519,48.80677359151489,70.03001980480579,47035213.0,-0.0074231447621158535
2021-06-24 00:00:00+05:30,3664.075727665456,3704.4769243857263,3634.999231735891,3696.343994140625,314542,0.0,0.0,3672.4727294921877,3540.0690467474883,59.61431278827173,36.95285608452377,-9.483134005592895,46.43599009011667,69.99056786516498,47349755.0,0.00880665927058465
2021-06-25 00:00:00+05:30,3690.309826425475,3715.669775469631,3653.581624361525,3669.453369140625,175051,0.0,0.0,3672.3262451171877,3545.142941743298,55.98277132501785,35.201902583724404,-8.987270005113814,44.18917258883822,69.42610952537432,47174704.0,-0.005651681909064
2021-06-28 00:00:00+05:30,3669.453553472239,3677.4114163843856,3643.088035350419,3658.347900390625,158954,0.0,0.0,3671.917443847656,3549.5823518863303,54.50602579823343,32.54300529581997,-9.316933834414606,41.85993913023457,66.91877177598495,47015750.0,-0.00302651414434862
2021-06-29 00:00:00+05:30,3659.702992370446,3663.069829625762,3600.2382842506872,3606.927978515625,332405,0.0,0.0,3666.9197631835937,3551.8311999894404,48.17012659496203,25.987089091098824,-12.698280031308599,38.68536912240742,66.62682703306245,46683345.0,-0.014420572916666563
2021-06-30 00:00:00+05:30,3611.606795316629,3641.3391515008334,3602.6869176642854,3614.9736328125,331122,0.0,0.0,3659.871472167969,3554.307373825639,49.16583927720647,21.196356919160735,-13.99120976259735,35.187566681758085,64.62864180473787,47014467.0,0.0009322270354117898
2021-07-01 00:00:00+05:30,3621.2257327267534,3716.5441594032136,3621.2257327267534,3676.798828125,755502,0.0,0.0,3656.863232421875,3559.110960268751,56.138883030685996,22.13330476471765,-10.443409533632348,32.57671429835,67.2673478608816,47769969.0,0.015346487487925936
2021-07-02 00:00:00+05:30,3698.6177133349943,3698.6177133349943,3647.460570355896,3651.2646484375,375525,0.0,0.0,3653.5970703125,3562.724830393016,52.91074773597237,20.57823469981531,-9.59878367882775,30.177018378643062,66.11661894075317,47394444.0,-0.012802908699314223
2021-07-05 00:00:00+05:30,3665.4752903337294,3716.457370812448,3661.321504852424,3674.132568359375,375703,0.0,0.0,3651.48740234375,3567.0937612936577,55.38507728517302,20.949586697436644,-7.381945344965139,28.331532042401783,66.05062632890989,47770147.0,0.002361843237212873
2021-07-06 00:00:00+05:30,3675.880744511957,3715.6696285075054,3648.334594053499,3668.79736328125,515181,0.0,0.0,3648.2299560546876,3571.0821378421906,54.663402475684784,20.576189860879822,-6.20427374521757,26.780463606097392,66.14236976641683,47254966.0,-0.001926988856012886
2021-07-07 00:00:00+05:30,3672.8205629215663,3693.808108995404,3646.5861303292695,3662.54541015625,392794,0.0,0.0,3646.644982910156,3574.668932834899,53.77907846880844,19.550424684251084,-5.784031137477051,25.334455821728135,64.79091325925282,46862172.0,-0.002797619047619053
2021-07-08 00:00:00+05:30,3681.046685876802,3726.0113779762464,3646.531589341227,3688.827392578125,625491,140.0,0.0,3648.324182128906,3579.1457351777703,56.93324077615307,20.62053404465769,-3.7711374216563556,24.391671466314044,65.84011864323685,47487663.0,0.002113721276933461
2021-07-09 00:00:00+05:30,3688.555991352464,3691.2248802583294,3609.845083516392,3615.182861328125,656635,0.0,0.0,3646.6447265625,3580.5589558111174,47.21119807426713,15.349169551589512,-7.234001531779629,22.58317108336914,66.95009565028758,46831028.0,-0.019892101460939348
2021-07-12 00:00:00+05:30,3635.177179147133,3646.0338556403535,3570.851282572933,3579.219970703125,512870,0.0,0.0,3644.3039428710936,3580.506446591196,43.32085902980629,8.175429234495823,-11.526193479098655,19.701622713594478,67.5381297515117,46318158.0,-0.015393254767608397
2021-07-13 00:00:00+05:30,3605.321345219058,3636.7151907994894,3577.7725725914947,3588.22216796875,614101,0.0,0.0,3642.7805419921874,3580.8090239001194,44.55255240634639,3.179934132782364,-13.217350864649692,16.397284997432056,66.92416464126015,46932259.0,-0.004742760939460464
2021-07-14 00:00:00+05:30,3590.8456254009734,3621.696768382755,3564.608658120392,3577.13916015625,527932,0.0,0.0,3641.911975097656,3580.66510767487,43.30485371451092,-1.6542684548312536,-14.44124276181065,12.786974306979396,66.22158932848143,46404327.0,-0.0038170577837616914
2021-07-15 00:00:00+05:30,3577.2750096664818,3591.705298420288,3555.8331171380387,3564.60888671875,310788,0.0,0.0,3642.8894897460937,3580.0354519511006,41.87694732152527,-6.422463024700846,-15.367549865344195,8.945086840643349,64.05377446803524,46093539.0,-0.0035407182599899297
2021-07-16 00:00:00+05:30,3580.8940085252857,3583.246376923175,3551.038146402665,3557.325927734375,323569,0.0,0.0,3638.5532836914062,3579.1448823739743,41.030114102271234,-10.666014324353455,-15.688880931997444,5.022866607643989,61.77909275749673,45769970.0,-0.006581619208722881
2021-07-19 00:00:00+05:30,3548.3241190949234,3563.7044123189453,3505.802131946157,3512.904296875,408067,0.0,0.0,3631.3160888671873,3576.547212354407,36.219146811705635,-17.41278986329735,-17.94852517675307,0.5357353134557212,61.50217758716031,45361903.0,-0.009982127063679284
2021-07-20 00:00:00+05:30,3517.472766059328,3557.7782233539147,3512.044427592169,3533.305419921875,467908,0.0,0.0,3623.3958984375,3574.8514557884255,39.71522839885826,-20.872848747753324,-17.126867248967237,-3.745981498786088,60.37586459963026,45829811.0,0.004501144689823572
2021-07-22 00:00:00+05:30,3546.514153750684,3631.2413741995306,3421.3005791231785,3486.07861328125,1707977,0.0,0.0,3614.12001953125,3571.370167846968,34.940588344873,-27.11323445764492,-18.693802367087066,-8.419432090557855,71.05907391939985,44121834.0,-0.017040828782684838
2021-07-23 00:00:00+05:30,3503.992444534088,3551.038044099224,3460.611017572552,3475.85546875,709478,0.0,0.0,3603.095593261719,3567.624493372577,33.988033023534314,-32.50896431309957,-19.271625778033368,-13.237338535066199,72.44249910563401,43412356.0,-0.00802997615704884
2021-07-26 00:00:00+05:30,3484.993300491482,3502.454500093033,3465.0893927524344,3470.83447265625,408134,0.0,0.0,3593.1646484375,3563.8288062856623,33.50490914331142,-36.76645076216664,-18.823289781680355,-17.943160980486287,69.93697112241644,43004222.0,-0.004062799154659821
2021-07-27 00:00:00+05:30,3483.1840074406223,3491.326515509964,3448.8045289256243,3457.308837890625,391373,0.0,0.0,3583.1126953125,3559.651552623112,32.177991814445576,-40.76206541710235,-18.255123549292847,-22.506941867809502,67.97875794112468,42612849.0,-0.007428596793831132
2021-07-28 00:00:00+05:30,3468.70826624288,3475.4484089692724,3420.757943313597,3454.68505859375,235770,0.0,0.0,3575.5005493164062,3555.535219523921,31.91395144634973,-43.637312108701735,-16.904296192713787,-26.73301591598795,67.02959420644949,42377079.0,-0.004042775169535774
2021-07-29 00:00:00+05:30,3463.0991708027805,3463.0991708027805,3392.7116685434653,3405.151611328125,355185,0.0,0.0,3565.0094482421873,3549.637823124086,27.3510478065153,-49.34409306366615,-18.08886171814256,-31.25523134552359,67.26944478165424,42021894.0,-0.01673286169891076
2021-07-30 00:00:00+05:30,3416.234294412829,3490.421585763955,3395.56128401983,3464.7275390625,511767,0.0,0.0,3554.4058837890625,3546.3080080628474,38.70269846267911,-48.50039623688008,-13.79613191308519,-34.70426432379489,69.24022027897404,42533661.0,0.014194941116591595
2021-08-02 00:00:00+05:30,3504.897036661417,3510.325374869979,3449.889831972061,3475.538818359375,351187,0.0,0.0,3545.619592285156,3543.532745721535,40.51904435559683,-46.42423090176226,-9.375973262373897,-37.04825763938836,68.61131475175561,42884848.0,-0.008376342584376528
2021-08-03 00:00:00+05:30,3465.089483260755,3472.3272680821874,3443.059387358655,3463.4609375,408981,0.0,0.0,3535.0860107421877,3540.3926748108865,39.124276725470416,-45.232032250189604,-6.547019688640994,-38.68501256154861,66.03046591239543,42475867.0,-0.0004699866391971351
2021-08-04 00:00:00+05:30,3469.612850754645,3496.6189217909955,3452.4231130325225,3466.898681640625,363955,0.0,0.0,3524.991076660156,3537.510557431661,39.75989428097048,-43.50827272278093,-3.858608128985857,-39.64966459379507,64.47084754425784,42839822.0,-0.000782268578878963
2021-08-05 00:00:00+05:30,3475.94594363748,3490.4215123772506,3450.251897476246,3454.9111328125,333818,0.0,0.0,3514.6093627929686,3534.2713643093407,38.259742126337265,-42.61819980613927,-2.3748281698753573,-40.243371636263916,62.735045212596596,42506004.0,-0.006051535658511327
2021-08-06 00:00:00+05:30,3467.803543527058,3503.404484849907,3435.459693623304,3481.23876953125,504011,0.0,0.0,3504.229931640625,3532.1916547102,43.31800491426356,-39.33496140321631,0.7267281864380806,-40.06168958965439,63.10716992788284,43010015.0,0.003874275412535949
2021-08-09 00:00:00+05:30,3490.557186759036,3527.4246514664137,3471.467662714419,3487.843017578125,396098,0.0,0.0,3497.862939453125,3530.4524924697266,44.54535114105739,-35.78752735270564,3.4193297895590007,-39.20685714226464,62.59644270103361,43406113.0,-0.0007775747640539811
2021-08-10 00:00:00+05:30,3489.5169602510296,3493.8143949311416,3424.467458392355,3436.093017578125,253258,0.0,0.0,3490.706591796875,3526.7521209053502,37.66337906600905,-36.72856873931232,1.9826307223618542,-38.71119946167418,63.07862083230173,43152855.0,-0.015309838949474927
2021-08-11 00:00:00+05:30,3437.947739631712,3443.6022589403165,3343.1327156890948,3372.03857421875,497724,0.0,0.0,3479.897412109375,3520.684922996072,31.23163406653572,-42.15704885447485,-2.7566795142405383,-39.40036934023431,65.74940100508206,42655131.0,-0.019171078330592218
2021-08-12 00:00:00+05:30,3389.816225342148,3417.1388161270447,3380.0451726371825,3410.2177734375,316454,0.0,0.0,3471.5513427734377,3516.352877915344,38.02504651603091,-42.88407523090427,-2.786964712535962,-40.09711051836831,64.27446106959708,42971585.0,0.006018482047147835
2021-08-13 00:00:00+05:30,3419.853061899628,3492.230904479514,3401.758601254656,3461.244140625,581862,0.0,0.0,3466.38310546875,3514.1917509627815,45.73997315022744,-38.8944959469859,0.9620916571059297,-39.85658760409183,66.14573550925878,43553447.0,0.012103174603174508
2021-08-16 00:00:00+05:30,3461.47039892987,3464.1845680874208,3387.28310862348,3391.30908203125,294567,0.0,0.0,3458.0822631835936,3509.372822769388,38.64026268954985,-40.9043801457301,-0.8382340333106129,-40.06614611241949,66.91400150602185,43258880.0,-0.020269223426065047
2021-08-17 00:00:00+05:30,3391.806725866069,3455.5897011057486,3385.0665832968134,3444.687744140625,319770,0.0,0.0,3454.671435546875,3506.8361530192406,45.58308533793517,-37.754802068833214,1.8490752348690265,-39.60387730370224,67.17179552765855,43578650.0,0.015590811195485589
2021-08-18 00:00:00+05:30,3446.994965596876,3488.6575079790377,3415.329657513965,3467.848876953125,493285,0.0,0.0,3451.3986083984373,3505.307240232334,48.315757492095806,-33.00931802845798,5.275647420195405,-38.28496544865339,67.6115137374739,44071935.0,0.006049881582184946
2021-08-20 00:00:00+05:30,3419.8532110593264,3460.5657492862238,3370.81726474864,3394.068603515625,301943,0.0,0.0,3446.7981079101564,3500.944940753248,41.215426951295996,-34.80077749578868,2.787350362291768,-37.58812785808045,69.71294934226059,43769992.0,-0.007539682539682589
2021-08-23 00:00:00+05:30,3427.000265980664,3427.000265980664,3299.660499917066,3318.750244140625,455643,0.0,0.0,3438.9428466796876,3493.800050690008,35.48280851593062,-41.81605472095225,-3.382341490297442,-38.43371323065481,73.82915053664216,43314349.0,-0.03158739814368311
2021-08-24 00:00:00+05:30,3338.428172083207,3367.3793107028987,3305.5866800355625,3360.820068359375,276602,0.0,0.0,3433.4421264648436,3488.58514942214,40.463938379813385,-43.479820931525865,-4.036886160696838,-39.44293477082903,72.96939911740596,43590951.0,0.006707317073170823
2021-08-25 00:00:00+05:30,3375.9287959613675,3401.713403002575,3329.380839005013,3338.111328125,398715,0.0,0.0,3427.4822509765627,3482.684215253625,38.725893885785126,-46.0993683695433,-5.325146878971417,-40.77422149057188,72.92391089455995,43192236.0,-0.011202092852671737
2021-08-26 00:00:00+05:30,3338.1113147398382,3365.2530062533287,3320.333595150362,3339.694580078125,283891,0.0,0.0,3421.7327270507812,3477.0767785800763,38.92286975977702,-47.50007212250421,-5.380680505545861,-42.119391616958346,70.92358948087463,43476127.0,0.00047429974288025185
2021-08-27 00:00:00+05:30,3354.170042910398,3392.62077133966,3328.47599744129,3346.9775390625,274822,0.0,0.0,3418.8240234375,3471.974847618603,39.88027446188073,-47.475201444474806,-4.284647862013166,-43.19055358246164,70.43938836783856,43750949.0,-0.0021443468148255006
2021-08-30 00:00:00+05:30,3363.6698329369983,3398.6827926509927,3351.9989936187712,3365.931640625,561903,0.0,0.0,3413.884228515625,3467.816290481599,42.41039412562883,-45.402679831979185,-1.769700999614038,-43.63297883236515,69.1012358835995,44312852.0,0.0006724226218203995
2021-08-31 00:00:00+05:30,3377.285829978925,3382.759448550075,3352.5417873481574,3372.671875,693952,0.0,0.0,3408.7408813476563,3464.0851369333013,43.32383617064966,-42.723817366838375,0.7273291724214204,-43.451146539259796,66.32383769205066,45006804.0,-0.0013661724861924957
2021-09-01 00:00:00+05:30,3396.3303498110336,3446.994840911038,3374.7075571398564,3400.220703125,585605,0.0,0.0,3405.5788696289064,3461.580649332976,47.02247059438197,-37.94048507373009,4.408529172423769,-42.34901424615386,66.89520399340692,45592409.0,0.0011454578657764832
2021-09-02 00:00:00+05:30,3427.995647139156,3427.995647139156,3362.855587336037,3366.42919921875,474397,0.0,0.0,3400.5553955078126,3457.8492199167317,43.29062322506841,-36.456108402719565,4.714324674747438,-41.170433077467,66.7698365512435,45118012.0,-0.017959896761183616
2021-09-03 00:00:00+05:30,3370.998050383608,3446.542424298538,3370.0933273427104,3399.496826171875,740269,0.0,0.0,3397.7846801757814,3455.560890750267,47.66755379359437,-32.2398076254367,7.144500361624253,-39.38430798706095,67.72293573185387,45858281.0,0.008454106280193116
2021-09-06 00:00:00+05:30,3423.879078340291,3464.1845341105336,3410.805874535574,3420.848388671875,779715,0.0,0.0,3394.7651611328124,3454.1996161589577,50.33314041140152,-26.865774308472282,10.01482694287094,-36.88060125134322,67.50613374662562,46637996.0,-0.0008851625887106763
2021-09-07 00:00:00+05:30,3435.052569277119,3438.5356205413723,3403.703782620914,3411.439208984375,450262,0.0,0.0,3390.944970703125,3452.5227374462293,49.14515994365576,-23.0997765074776,11.024659795092504,-34.1244363025701,65.17225547332788,46187734.0,-0.0068742354932032805
2021-09-08 00:00:00+05:30,3410.579771956731,3410.579771956731,3363.760353374925,3370.41015625,396710,0.0,0.0,3387.6608276367188,3449.302636222848,44.24160996443348,-23.15893598115008,8.77240025713602,-31.9313362382861,63.92272691162226,45791024.0,-0.011777943456131089
2021-09-09 00:00:00+05:30,3370.0029046368954,3373.6670772784514,3342.9517729585928,3348.018310546875,479537,0.0,0.0,3386.459814453125,3445.330701882614,41.79088535807288,-24.72761059944878,5.7629805110698555,-30.490591110518636,61.55076815506766,45311487.0,-0.0065236128015709206
2021-09-13 00:00:00+05:30,3346.5704733941134,3365.569656941363,3329.3807358989825,3347.068115234375,342427,0.0,0.0,3383.3023315429687,3441.477267112095,41.68536048842834,-25.750632099119684,3.7919672091191643,-29.54259930823885,59.73920764701853,44969060.0,0.0001487020351783927
2021-09-14 00:00:00+05:30,3363.217556316773,3408.0919103316187,3338.428231782233,3393.66162109375,741880,0.0,0.0,3379.923205566406,3439.6021437388267,48.546348247016745,-22.541829306955606,5.600616001026594,-28.1424453079822,60.448098425759056,45710940.0,0.009052065252156283
2021-09-15 00:00:00+05:30,3404.111374830997,3439.395577290117,3399.994840368165,3419.039306640625,510406,0.0,0.0,3381.309716796875,3438.7957579702697,51.868001176486715,-17.746492325800773,8.316762385745143,-26.063254711545916,59.39708826651676,46221346.0,0.004385265394076282
2021-09-16 00:00:00+05:30,3436.1381695733494,3468.7081996166985,3419.898434880444,3450.161376953125,558125,0.0,0.0,3381.5833984375,3439.2414685186172,55.64928940860972,-11.304550423034925,11.806963430808793,-23.111513853843718,58.70221717434222,46779471.0,0.0040810953133228675
2021-09-17 00:00:00+05:30,3474.1365855098047,3509.782586082184,3447.401974640693,3458.032470703125,1304667,0.0,0.0,3381.092578125,3439.9783705650684,56.57839075505253,-5.500724639693544,14.088631371320137,-19.58935601101368,58.96495962199572,48084138.0,-0.004635429382324229
2021-09-20 00:00:00+05:30,3450.0708146416086,3450.0708146416086,3379.140615377513,3416.279541015625,399648,0.0,0.0,3382.203125,3439.0490047003846,50.531137786110015,-4.221599404002518,12.294205285608932,-16.51580468961145,60.3883093151112,47684490.0,-0.009794371026408588
2021-09-21 00:00:00+05:30,3417.1391027989284,3432.3837751810183,3343.856532683304,3373.531494140625,354217,0.0,0.0,3384.9421875,3436.479690560786,45.20395075116537,-6.581426968301457,7.947502177047994,-14.528929145349451,62.39823311386859,47330273.0,-0.012761437959193725
2021-09-22 00:00:00+05:30,3376.426479045226,3410.805955519964,3367.4245287231674,3399.18017578125,245919,0.0,0.0,3386.8601928710937,3435.0169644910006,48.69858452054573,-6.309244023490919,6.5757480974868265,-12.884992120977746,61.03988980550627,47576192.0,0.006738987766278276
2021-09-23 00:00:00+05:30,3399.1799858735258,3456.0419156916714,3399.1799858735258,3437.2236328125,228970,0.0,0.0,3391.815808105469,3435.1035005036083,53.44155577630111,-2.989289371662835,7.9165621994519295,-10.905851571114765,60.741464092123366,47805162.0,0.011192007218528538
2021-09-24 00:00:00+05:30,3437.9476346626366,3482.3696253465864,3426.231515188861,3446.81396484375,363519,0.0,0.0,3397.17177734375,3435.5627343993,54.581522229377384,0.41092140786577147,9.053418383184429,-8.642496975318657,60.412653096809215,48168681.0,0.002578960217927657
2021-09-27 00:00:00+05:30,3465.9938804510693,3550.856943678501,3458.575195882623,3540.54296875,962801,0.0,0.0,3406.850048828125,3439.679606334622,63.88774188451459,10.547178923860429,15.351740719343269,-4.80456179548284,63.52910493523367,49131482.0,0.021508718962085626
2021-09-28 00:00:00+05:30,3554.657183510217,3568.951853163235,3506.16393531204,3536.291259765625,478682,0.0,0.0,3415.368029785156,3443.4682986260336,63.254591330374424,18.02932778323475,18.26711166297407,-0.23778387973932213,63.47616300065947,48652800.0,-0.005166721513902916
2021-09-29 00:00:00+05:30,3528.41975319773,3560.899221035565,3483.183602515708,3527.7412109375,379896,0.0,0.0,3423.1214965820313,3446.773118716679,61.92551828388765,23.003892620862644,18.59334120048157,4.410551420381071,64.49326696631644,48272904.0,-0.00019230769230765124
2021-09-30 00:00:00+05:30,3521.408152267594,3525.162664424932,3448.8041303729383,3467.486572265625,576711,0.0,0.0,3426.4847900390623,3447.5854110127166,53.40873387366778,21.832553239244135,13.937601455090451,7.894951784153684,65.52496793761968,47696193.0,-0.015312505017984422
2021-10-01 00:00:00+05:30,3456.042314918965,3511.0042444036058,3440.345280450909,3485.536376953125,407091,0.0,0.0,3432.440148925781,3449.07368418685,55.3880881902857,22.105903633397247,11.36876147939485,10.737142154002397,65.89168193869662,48103284.0,0.008534056978075941
2021-10-04 00:00:00+05:30,3489.019347460553,3514.4874351996373,3457.1731385836506,3461.42529296875,237249,0.0,0.0,3435.536572265625,3449.558061001827,52.19800611994221,20.144756602901452,7.526091559119244,12.618665043782208,65.27901155850304,47866035.0,-0.007908828167400987
2021-10-05 00:00:00+05:30,3460.0682544735096,3504.806768094963,3456.042280809233,3495.85009765625,287612,0.0,0.0,3439.286657714844,3451.373434988275,56.08684174452669,21.124813786525465,6.804918994194605,14.31989479233086,64.09940268187638,48153647.0,0.010341369172841668
2021-10-06 00:00:00+05:30,3506.706434250468,3513.944218428487,3401.758563669184,3410.85107421875,383507,0.0,0.0,3439.2572509765623,3449.7843228012352,46.11183658158046,14.871377359461803,0.4411860537047545,14.430191305757049,67.5341349731212,47770140.0,-0.027334868723394162
2021-10-07 00:00:00+05:30,3451.5185459956265,3500.0568508266374,3424.3768536286884,3463.777587890625,343916,0.0,0.0,3443.9256225585937,3450.3330782949365,51.85377368897854,14.024545040180328,-0.3245170124613779,14.349062052641706,69.0821093756045,48114056.0,0.003551782130570088
2021-10-08 00:00:00+05:30,3477.3481130108435,3509.013417848616,3443.4662810103537,3452.015869140625,215542,0.0,0.0,3449.1255004882814,3450.3990700928066,50.564361525769414,12.26299178387444,-1.6688562150138146,13.931847998888255,68.82961133722291,47898514.0,-0.007284931806348451
2021-10-11 00:00:00+05:30,3478.6601182441445,3510.2348642555407,3465.4060139478183,3485.083740234375,239321,0.0,0.0,3456.0262817382813,3451.7592532356134,54.02571911974432,13.381001122922044,-0.44067750077297063,13.821678623695014,68.07171017848668,48137835.0,0.0018465793644343686
2021-10-12 00:00:00+05:30,3492.2311253141693,3613.916380846489,3490.42167913525,3599.6669921875,1353877,0.0,0.0,3466.326550292969,3457.559556723923,63.54950013008414,23.24498863982717,7.538648012905725,15.706340626921445,72.41177663803151,49491712.0,0.030764248704663138
2021-10-13 00:00:00+05:30,3614.323004831137,3664.1280487812382,3579.627011267371,3589.6240234375,648769,0.0,0.0,3474.8557861328127,3462.738555418573,62.33072857346808,29.907135328116965,11.360635760956413,18.546499567160552,73.27529527201978,48842943.0,-0.00683363976064751
2021-10-14 00:00:00+05:30,3591.750468440488,3627.079947324881,3577.455800233989,3588.041015625,272066,0.0,0.0,3481.7497680664064,3467.6523773874524,62.12847022260749,34.659664043835164,12.890531581339687,21.769132462495477,71.58592754479633,48570877.0,-0.001032770190491167
2021-10-18 00:00:00+05:30,3493.13585215363,3591.4792079075346,3493.13585215363,3542.850341796875,463126,0.0,0.0,3485.9906616210938,3470.6013171682143,56.49277369480766,34.383219238877246,10.091269421105416,24.29194981777183,73.49717241687551,48107751.0,0.01423205158556731
2021-10-19 00:00:00+05:30,3555.742626097258,3578.179802791325,3521.408429181931,3538.86962890625,275481,0.0,0.0,3492.120166015625,3473.2785058638233,56.01079768913316,33.45725012418643,7.332240245131679,26.12500987905475,72.30247250205542,47832270.0,-0.004745280793713558
2021-10-20 00:00:00+05:30,3531.812732530368,3537.3766911346524,3463.279959046109,3481.96240234375,321450,0.0,0.0,3497.541711425781,3473.6190508238205,49.50801445404635,27.810888725933637,1.3487030775031066,26.46218564843053,72.53727231334724,47510820.0,-0.01411465838136406
2021-10-21 00:00:00+05:30,3501.278374608759,3505.937610192097,3410.3537036402367,3441.566650390625,373336,0.0,0.0,3499.66103515625,3472.362093944087,45.47224050427708,19.84771495353789,-5.291576555914116,25.139291509452004,74.18346047324104,47137484.0,-0.01705426356589148
2021-10-22 00:00:00+05:30,3473.639012723325,3537.4672706966085,3449.7544115748333,3498.11181640625,408499,0.0,0.0,3502.7054443359375,3473.371886981819,51.43954918168989,17.89330185158542,-5.796791726293268,23.690093577878688,75.7346861755798,47545983.0,0.007045292729983048
2021-10-25 00:00:00+05:30,3486.802872151071,3514.6231078331275,3379.140821869292,3405.151611328125,306195,0.0,0.0,3500.6223266601564,3470.696582054223,43.090634669320934,8.74252534836387,-11.958054583611855,20.700579931975724,80.00237187474096,47239788.0,-0.02341722885313955
2021-10-26 00:00:00+05:30,3419.717526579309,3448.623384000364,3403.7943124651024,3430.483642578125,170050,0.0,0.0,3495.1193603515626,3469.1196040355526,45.67804823799498,3.4942724572547377,-13.76504597977679,17.259318437031528,77.48999327906384,47409838.0,0.003148247162269352
2021-10-27 00:00:00+05:30,3433.423899495648,3451.5183600990504,3401.758593439693,3416.6865234375,251226,0.0,0.0,3489.139123535156,3467.0634047964136,44.49156162814332,-1.7580522459406893,-15.213896546377773,13.455844300437084,75.50926280622765,47158612.0,-0.004874835309618122
2021-10-28 00:00:00+05:30,3487.662177026152,3492.231072735066,3337.387806657238,3348.108642578125,706705,0.0,0.0,3480.1574951171874,3462.3985121604023,39.06062406683525,-11.323686856930635,-19.823624925894176,8.49993806896354,81.1759773256277,46451907.0,-0.04001348965713797
2021-10-29 00:00:00+05:30,3365.5701323209587,3397.099822584492,3315.8103588592244,3354.034912109375,316325,0.0,0.0,3474.484912109375,3458.1489592172247,39.74512083569432,-18.216334217955136,-21.37301782953494,3.156683611579806,81.18408349703056,46768232.0,-0.0034274193548386386
2021-11-01 00:00:00+05:30,3367.1986200795823,3392.711768402031,3330.828794098247,3371.134033203125,228051,0.0,0.0,3468.764794921875,3454.736609177456,41.77721327493256,-22.044930505091997,-20.16129129333744,-1.8836392117545544,79.80543284037009,46996283.0,0.0011687499216929825
2021-11-02 00:00:00+05:30,3379.140693334955,3428.900462580851,3371.948189047161,3385.338134765625,250053,0.0,0.0,3464.9604370117186,3452.0151003769925,43.48235301785563,-23.660227978573403,-17.42127101345508,-6.238956965118324,78.23121830732408,47246336.0,0.0018340288236278475
2021-11-03 00:00:00+05:30,3371.179178442379,3405.332475542331,3337.568803555484,3346.02783203125,261709,0.0,0.0,3457.4693237304687,3447.8587369124534,39.99164473005264,-27.79200681007069,-17.242439875961892,-10.549566934108796,77.48353642729,46984627.0,-0.007460697008323935
2021-11-04 00:00:00+05:30,3364.2126297010227,3406.1916904733066,3364.2126297010227,3401.170654296875,65679,0.0,0.0,3456.985302734375,3446.0278317118427,46.48198946755215,-26.313579824270164,-12.611210312129094,-13.70236951214107,76.2464165712019,47050306.0,0.010985638740419553
2021-11-08 00:00:00+05:30,3429.8050619251608,3437.947569326196,3386.9212779648988,3417.410400390625,261609,0.0,0.0,3454.666943359375,3444.9055795031672,48.256927452276784,-23.559919906842424,-7.8860403157610826,-15.673879591081342,74.44497905620872,47311915.0,-0.0036138093304867325
2021-11-09 00:00:00+05:30,3419.85330908688,3478.660310433612,3412.615524305744,3432.926513671875,521920,0.0,0.0,3453.7124755859377,3444.4358122156655,49.96438857633908,-19.89625230343836,-3.3778981698856114,-16.518354133552748,73.84496527561294,47833835.0,0.0038227384052579735
2021-11-10 00:00:00+05:30,3428.900470668332,3439.3953467404467,3387.2832090190595,3412.343994140625,373526,0.0,0.0,3450.07548828125,3443.177309546056,47.71505276952691,-18.441029929435445,-1.5381406367061565,-16.902889292729288,72.29262045031109,47460309.0,-0.0048285089256265784
2021-11-11 00:00:00+05:30,3414.8772554907146,3421.527058461165,3370.998186238814,3392.666259765625,446382,0.0,0.0,3439.725451660156,3441.196484064471,45.601402355445224,-18.660478048898767,-1.4060710049355833,-17.254407043963184,70.73806700545678,47013927.0,-0.0065041856744270776
2021-11-12 00:00:00+05:30,3421.6626333310164,3421.6626333310164,3271.207143379584,3288.713623046875,745428,0.0,0.0,3424.679931640625,3435.2167640245652,36.422468741095514,-26.91227334457335,-7.72629304048813,-19.18598030408522,76.43216864445505,46268499.0,-0.038855090209380015
2021-11-15 00:00:00+05:30,3303.143743758605,3323.861812550564,3238.95368970948,3258.043212890625,551238,0.0,0.0,3408.180041503906,3428.268781627156,34.23305212634693,-35.51730496083292,-13.065059725398157,-22.45224523543476,77.03759394421427,45717261.0,-0.013653820229046633
2021-11-16 00:00:00+05:30,3268.67381606817,3303.867675209467,3241.7132459060163,3264.8740234375,473529,0.0,0.0,3394.2812255859376,3421.8611440510913,35.16778439096829,-41.309475272273176,-15.08578402947073,-26.223691242802445,75.9745107555883,46190790.0,-0.001162487554429797
2021-11-17 00:00:00+05:30,3266.0503806564984,3296.8109659590805,3235.6515962409053,3242.3466796875,348752,0.0,0.0,3379.455078125,3414.821361134872,33.47788818882347,-47.17379025676655,-16.76007921117128,-30.41371104559527,74.91628639577307,45842038.0,-0.00725760420273548
2021-11-18 00:00:00+05:30,3248.407856606311,3252.3885493626785,3189.1485014725654,3209.550048828125,384426,0.0,0.0,3365.8344604492186,3406.7715057502937,31.132408526822474,-53.847001435601214,-18.746632312004756,-35.10036912359646,74.0822693596545,45457612.0,-0.01196210866783874
2021-11-22 00:00:00+05:30,3229.861324266913,3229.861324266913,3099.5812036242146,3116.047119140625,422572,0.0,0.0,3349.558483886719,3395.37054941266,25.62112783277124,-65.9205829161915,-24.65617103407604,-41.26441188211547,78.09640159415764,45035040.0,-0.03523810891544101
2021-11-23 00:00:00+05:30,3112.2473702383927,3119.9375163567142,3054.390373912363,3107.588134765625,713102,0.0,0.0,3330.0322998046877,3384.084964524541,25.18672839329488,-75.30350068826374,-27.231271044918614,-48.072229643345125,77.20002594060003,44321938.0,-0.001497064634811087
2021-11-24 00:00:00+05:30,3129.4369706470907,3129.4369706470907,3063.075447835283,3082.48193359375,287005,0.0,0.0,3313.898815917969,3372.257394684118,23.891965181983277,-83.79940387168108,-28.581739382668758,-55.21766448901232,76.4258471456863,44034933.0,-0.015004308280933847
2021-11-25 00:00:00+05:30,3077.8677636979,3088.633879457742,3055.2949681606424,3068.549072265625,264226,0.0,0.0,3295.8020874023437,3360.347264393197,23.179813470000873,-90.61221263846346,-28.315638519560906,-62.296574118902555,73.34820887078723,43770707.0,-0.0030276451581789585
2021-11-26 00:00:00+05:30,3048.916510146559,3061.1302706471465,3003.680360144385,3016.889404296875,341506,0.0,0.0,3275.8122314453126,3346.878328703145,20.714403943938862,-99.03826467104545,-29.393352441714313,-69.64491222933114,72.74253053153387,43429201.0,-0.010504422060459982
2021-11-29 00:00:00+05:30,3004.5850034202044,3034.7576030229047,2936.911680636681,2983.957275390625,403739,0.0,0.0,3257.6046630859373,3332.6461305340267,19.30479935602346,-107.13829561022158,-29.994706704712343,-77.14358890550923,74.535629949726,43025462.0,-0.006865416690191258
2021-11-30 00:00:00+05:30,2981.967001422289,3006.349242042578,2915.9675028938,2931.573974609375,682518,0.0,0.0,3236.4816162109373,3316.9178106938443,17.289394149732786,-116.44224930739392,-31.438928321507746,-85.00332098588618,75.66749489251544,42342944.0,-0.01689925703030188
2021-12-01 00:00:00+05:30,2967.491644163176,2980.338667471122,2919.8127829588016,2939.94287109375,551434,0.0,0.0,3214.9220581054688,3302.134479729135,18.74883566427307,-121.73709024166874,-29.38701540462604,-92.3500748370427,74.58595129393007,42894378.0,-0.009283521698742468
2021-12-02 00:00:00+05:30,2949.352021505849,3019.3777218748005,2928.136309016729,3011.2802734375,502905,0.0,0.0,3196.2191650390623,3290.7284324235807,30.07519949549643,-118.80741967281938,-21.165875868621328,-97.64154380419805,75.77562711994018,43397283.0,0.02099723989543727
2021-12-03 00:00:00+05:30,3017.251353193287,3024.6247576535784,2968.034507927841,2974.59375,315536,0.0,0.0,3177.6474609375,3278.3309938971656,27.919710655209084,-118.08472329425877,-16.35454359204857,-101.7301797022102,74.40524302035429,43081747.0,-0.014137901752248933
2021-12-06 00:00:00+05:30,2983.595766728507,2985.5861132947725,2933.745437515269,2940.123779296875,251407,0.0,0.0,3154.5951171875,3265.067965873625,26.031884859720247,-118.92255458316549,-13.75389990476424,-105.16865467840125,72.79348821743639,42830340.0,-0.01457033419755074
2021-12-07 00:00:00+05:30,2971.96981977628,3000.966236542253,2950.301747773376,2973.326904296875,286908,0.0,0.0,3132.3909423828127,3253.6271399294383,30.880047320394592,-115.57504998520699,-8.325116245444576,-107.24993373976241,71.93984314800363,43117248.0,0.00045662796155081334
2021-12-08 00:00:00+05:30,2988.1648923275498,3019.9205418121137,2982.8721736402863,3014.582763671875,334037,0.0,0.0,3111.4737548828125,3244.2528506644358,36.45339724498444,-108.34420090577851,-0.8754137328128735,-107.46878717296563,70.12939988852042,43451285.0,0.008840834524278132
2021-12-09 00:00:00+05:30,3030.8221948892547,3030.8221948892547,2991.014380986232,3022.6796875,237723,0.0,0.0,3091.9905395507812,3235.5637070109287,37.518239402172085,-100.79840555633882,5.33630529330145,-106.13471084964027,67.96357231812773,43689008.0,-0.002686567164179087
2021-12-10 00:00:00+05:30,3003.861271715581,3043.669083865219,3003.680371290829,3026.072265625,220039,0.0,0.0,3073.66083984375,3227.3483563683435,37.98712752771261,-93.4671248417485,10.134068806313422,-103.60119364806192,65.96536805071788,43909047.0,0.00739414769868305
2021-12-13 00:00:00+05:30,3046.2025951754777,3051.133291760968,2981.062533740184,2990.516845703125,214515,0.0,0.0,3058.7510009765624,3218.060846146178,35.02090342622999,-89.49442131449223,11.285417866855767,-100.779839181348,66.2586101914369,43694532.0,-0.01828038278233587
2021-12-14 00:00:00+05:30,2985.586264605679,2990.109880158112,2956.6351250701086,2978.03173828125,181626,0.0,0.0,3044.7504272460938,3208.647939955397,34.01645484617028,-86.35798784599956,11.537481068278751,-97.89546891427831,63.94597522297829,43512906.0,-0.002530332623106001
2021-12-15 00:00:00+05:30,2976.2221122492533,3012.5921557972188,2962.968007833249,2980.610107421875,295667,0.0,0.0,3030.5372314453125,3199.7052798560435,34.43468181248909,-82.71084969455478,12.147695375778838,-94.85854507033362,62.92298756162054,43808573.0,0.0014743507060719664
2021-12-16 00:00:00+05:30,3010.692384773261,3010.692384773261,2919.8582712075467,2943.199951171875,324140,0.0,0.0,3015.5798950195312,3189.6462473586253,31.33163351676611,-81.89511745687514,10.370742090766782,-92.26585954764192,64.9166394190558,43484433.0,-0.022417578741266497
2021-12-17 00:00:00+05:30,2938.585795855537,2951.025738001008,2849.063492737339,2876.250244140625,3170631,0.0,0.0,2998.914904785156,3177.356208016743,26.69533238986984,-85.66345068105056,5.281927093273097,-90.94537777432366,67.56275412224245,40313802.0,-0.02121277241686379
2021-12-20 00:00:00+05:30,2849.786775432505,2868.9670789695147,2738.6416918531345,2809.345703125,595625,0.0,0.0,2983.579833984375,3162.9244235111846,23.028100942213218,-92.97674122908938,-1.6250907638125796,-91.3516504652768,72.56602541976018,39718177.0,-0.014190911634561553
2021-12-21 00:00:00+05:30,2815.498241895881,2858.970230327307,2797.4037801870386,2832.507080078125,326850,0.0,0.0,2969.82578125,3149.966880631457,26.778151628264823,-95.79933205845327,-3.5581452745411752,-92.2411867839121,71.78034147122506,40045027.0,0.0060411467956700046
2021-12-22 00:00:00+05:30,2833.592655562616,2871.1839433013274,2828.1643171419983,2837.075927734375,294578,0.0,0.0,2957.5554809570312,3137.696647184513,27.52821999526901,-96.55456686035177,-3.4507040611517255,-93.10386279920004,69.72600466323249,40339605.0,0.0012292776680236403
2021-12-23 00:00:00+05:30,2849.877725862568,2886.9260921228497,2839.021048811663,2871.681640625,224147,0.0,0.0,2947.712109375,3127.2646861429635,33.116818287323795,-93.2853684049187,-0.14520448457491852,-93.14016392034378,68.30630178646408,40563752.0,0.007650824652777992
2021-12-24 00:00:00+05:30,2878.1955719036155,2890.590233894933,2836.30684922085,2851.732421875,123753,0.0,0.0,2939.4542602539063,3116.459499308926,31.603827034308768,-91.25234013180307,1.5102590308325716,-92.76259916263564,67.30466484986545,40439999.0,-0.009194354368043502
2021-12-27 00:00:00+05:30,2845.354089813962,2871.726679273888,2824.545458950458,2853.587158203125,94069,0.0,0.0,2932.935754394531,3106.150780049875,31.915269981953962,-88.4716428303168,3.4327650658550795,-91.90440789617188,65.86727595512005,40534068.0,0.0028935127682829394
2021-12-28 00:00:00+05:30,2860.010817604598,2883.8503612923914,2849.8779623588134,2873.446044921875,214640,0.0,0.0,2930.0293579101562,3097.0251041625024,35.31175327737775,-83.70062528799508,6.563026086541441,-90.26365137453652,63.58907045358133,40748708.0,0.004697614160959658
2021-12-29 00:00:00+05:30,2884.935849571959,2957.5398799688696,2851.7325552361585,2951.6591796875,563709,0.0,0.0,2930.6151733398438,3091.324479673287,46.60867113922557,-72.76957087566507,13.995264399097167,-86.76483527476223,66.60466004494774,41312417.0,0.023128185025480173
2021-12-30 00:00:00+05:30,2965.682223308885,2966.72256648747,2883.3524239430803,2895.837646484375,594987,0.0,0.0,2924.8430419921874,3083.6583293521535,41.09287877744849,-67.82907139644612,15.148611102652893,-82.97768249909902,67.80219450919358,40717430.0,-0.023550930802890536
2021-12-31 00:00:00+05:30,2922.25546790846,2953.649313743806,2910.4940681924195,2939.67138671875,248103,0.0,0.0,2923.096923828125,3078.0117825822163,46.45180161920701,-59.68862020290362,18.63124983695633,-78.31987003985995,67.08858541992483,40965533.0,0.005959752321981266
2022-01-03 00:00:00+05:30,2948.221126468309,2978.891372134733,2941.7071643139143,2964.8681640625,266680,0.0,0.0,2924.3341430664063,3073.574777934384,49.30664253584195,-50.62056229788686,22.159446193578475,-72.78000849146534,65.09797113392898,41232213.0,0.005646468456771554
2022-01-04 00:00:00+05:30,2971.110539966352,3000.0616779928205,2959.0323987190727,2975.769775390625,244503,0.0,0.0,2924.4562866210936,3069.7392876385506,50.53538829648924,-42.069441812819605,24.568453342916584,-66.63789515573619,63.37877885820175,41476716.0,0.0015681797636266197
2022-01-05 00:00:00+05:30,2975.76970553866,3044.393036633051,2968.396301097486,3038.5576171875,312215,0.0,0.0,2925.655029296875,3068.516477032627,57.00008453125998,-29.881705428325404,29.40495178192863,-59.286657210254035,64.28006147801342,41788931.0,0.0210997213702309
2022-01-06 00:00:00+05:30,3026.117827780141,3102.295467585157,3015.4420511698245,3092.5244140625,410181,0.0,0.0,2929.147265625,3069.4579647592886,61.64055109556904,-15.687333234738162,34.879459180412695,-50.56679241515086,65.89244397353622,42199112.0,0.021944481365774416
2022-01-07 00:00:00+05:30,3109.9854864965223,3109.9854864965223,3055.2497419341835,3069.27294921875,263996,0.0,0.0,2931.3072998046873,3069.4507092478952,58.70121339740213,-6.2424310394376334,35.45948910057058,-41.70192014000821,65.0955368727364,41935116.0,-0.013090909090908976
2022-01-10 00:00:00+05:30,3089.44828706141,3122.425397756388,3080.084315227688,3107.814208984375,318473,0.0,0.0,2937.17216796875,3070.9551602179536,61.94089145300732,4.303076371681527,36.80399720935179,-32.500920837670265,64.24245913451509,42253589.0,0.005944725470849022
2022-01-11 00:00:00+05:30,3087.8199551777207,3117.630537290421,3087.8199551777207,3109.30712890625,225782,0.0,0.0,2943.7359375,3072.4591589900438,62.065027988645994,12.635281472489169,36.10896184812755,-23.47368037563838,61.78303934724262,42479371.0,0.006958687371813633
2022-01-12 00:00:00+05:30,3117.766228991222,3123.1040066994783,3088.950711145334,3112.337890625,198452,0.0,0.0,2950.3223266601562,3074.0230308188657,62.333621083556544,19.26114074587167,34.18785689720804,-14.926716151336372,59.80948621916417,42677823.0,-0.0017410985838980729
2022-01-13 00:00:00+05:30,3117.585042882746,3143.279309809985,3103.200034863083,3122.19921875,291271,0.0,0.0,2959.2722900390627,3075.912293090675,63.24549327999083,25.019499505690874,31.956972525621797,-6.9374730199309225,58.400185414002586,42969094.0,0.0014800481153794706
2022-01-14 00:00:00+05:30,3122.199314133265,3132.3321683399167,3098.676514316556,3105.7333984375,127752,0.0,0.0,2970.746447753906,3077.0817482023153,60.60711909442972,27.93239891360463,27.895897546828444,0.03650136677618754,56.63271888609958,42841342.0,-0.005273819522420861
2022-01-17 00:00:00+05:30,3121.294340932597,3190.9580117302235,3106.864053300445,3157.257080078125,646271,0.0,0.0,2988.1420166015623,3080.225878864112,65.46232941438221,34.00641836505565,27.175933598623573,6.830484766432081,58.67499705800129,43487613.0,0.011521739130434814
2022-01-18 00:00:00+05:30,3156.5336011872546,3163.9975667282474,3069.3636634272166,3076.91796875,656590,0.0,0.0,3000.3625610351564,3080.0961568988528,54.237177995863455,31.968909984717357,20.11074017462822,11.858169810089137,61.24349036107483,42831023.0,-0.025222488494121866
2022-01-19 00:00:00+05:30,3076.9176428772525,3132.422487282773,3060.723189528039,3109.35205078125,694189,0.0,0.0,3013.9763671875,3081.243446855025,57.41218972595387,32.59558762672077,16.589934253305305,16.005653373415466,61.99033374633622,43525212.0,0.010541201185244514
2022-01-20 00:00:00+05:30,3075.0631373665224,3119.4851282111827,2981.0624992621365,2993.50244140625,874508,0.0,0.0,3020.0674072265624,3077.8026231119356,45.317908983810085,23.473550414595138,5.9743176329437375,17.4992327816514,67.44978340367265,42650704.0,-0.026523258976113503
2022-01-21 00:00:00+05:30,2993.502385168489,3142.9625885270766,2958.444367057336,3093.971923828125,1609260,0.0,0.0,3032.1793823242188,3078.4367133360997,54.30758986284529,24.07380988131763,5.259661679732982,18.814148201584647,75.81181469410609,44259964.0,0.03356253836890828
2022-01-24 00:00:00+05:30,3095.057414009238,3125.0941737342478,3030.8220803656677,3060.044677734375,788137,0.0,0.0,3042.5022583007812,3077.715457037993,51.24392885830828,21.563306243706847,2.1993264336977596,19.363979810009088,77.1304060279971,43471827.0,-0.011312467457431976
2022-01-25 00:00:00+05:30,3038.964614494849,3157.483329737131,3011.5967432270704,3138.57470703125,571406,0.0,0.0,3055.75869140625,3080.1020942926307,57.2548236456488,25.61515551719549,5.000940565749119,20.61421495144637,82.04156177671591,44043233.0,0.032777641457651156
2022-01-27 00:00:00+05:30,3116.771068956702,3199.824693431684,3070.811091456241,3167.526123046875,664333,0.0,0.0,3066.552038574219,3083.530487577111,59.2494547279843,30.807285364996915,8.154456330840436,22.65282903415648,85.39670750519643,44707566.0,0.016284498593976793
2022-01-28 00:00:00+05:30,3171.054198214238,3222.89487165056,3153.0502983936385,3163.997314453125,575466,0.0,0.0,3079.9600219726562,3086.686049415386,58.888750870108055,34.24261278966969,9.271827004410568,24.970785785259125,84.2858407731768,44132100.0,-0.0022254062277103806
2022-01-31 00:00:00+05:30,3184.6249583755857,3244.019934943434,3154.7690993908145,3225.020751953125,470500,0.0,0.0,3094.227490234375,3092.110939710984,63.07513083835145,41.411845953847205,13.15284813487046,28.258997818976745,84.6404832574227,44602600.0,0.0126846313476562
2022-02-01 00:00:00+05:30,3236.194498044395,3250.082085849707,3176.980415886246,3197.698486328125,487464,0.0,0.0,3105.869006347656,3096.2516278136172,60.12307945780651,44.37728270266098,12.894627906947385,31.482654795713593,83.81628230785398,44115136.0,-0.011895456759330385
2022-02-02 00:00:00+05:30,3202.719660261227,3243.432198315395,3185.9370031763,3198.196044921875,212256,0.0,0.0,3116.9903198242187,3100.2494480923724,60.15964745128241,46.23459784721399,11.801554441200317,34.433043406013674,81.93620465294262,44327392.0,-0.0014124293785310969
2022-02-03 00:00:00+05:30,3211.7668752738164,3303.0986243539114,3185.529906433552,3276.0927734375,760774,0.0,0.0,3128.867077636719,3107.1452647725737,65.49455418230188,53.376853322429724,15.155047933132835,38.22180538929689,84.48138417204383,45088166.0,0.02002819652288729
2022-02-04 00:00:00+05:30,3276.0928530287524,3276.0928530287524,3211.766953302299,3225.654541015625,296588,0.0,0.0,3135.523583984375,3111.7926873703404,59.901292070022436,54.340791597592215,12.895188966636255,41.44560263095596,83.04170671164452,44791578.0,-0.015395873766672128
2022-02-07 00:00:00+05:30,3229.8613511624358,3229.8613511624358,3137.57959827208,3144.8173828125,286849,0.0,0.0,3139.3008056640624,3113.0877734661117,52.20613658776542,48.02819737990558,5.266075799159694,42.762121580745884,83.70171001012389,44504729.0,-0.026330532212885303
2022-02-08 00:00:00+05:30,3144.908200994043,3178.247116235539,3117.5853854128864,3129.12060546875,397493,0.0,0.0,3140.3661254882813,3113.716511976019,50.840377437833354,41.282938220336746,-1.1833466883273118,42.46628490866406,82.05599721101882,44107236.0,-0.005020049717286773
2022-02-09 00:00:00+05:30,3123.103978192831,3229.861298420744,3123.103978192831,3224.02587890625,352729,0.0,0.0,3146.1020629882814,3118.042369502695,57.995441380139724,43.09852122457414,0.5057890527280691,42.59273217184607,83.82037742651123,44459965.0,0.0323146143766295
2022-02-10 00:00:00+05:30,3223.8448552501827,3240.3107700054707,3207.8310811243514,3229.273193359375,239918,0.0,0.0,3151.948828125,3122.4043625951135,58.35634006552029,44.44842448940199,1.4845538540447265,42.96387063535726,80.15318538755466,44699883.0,0.0016838087293040726
2022-02-11 00:00:00+05:30,3193.672311406984,3234.384847954665,3173.76840465034,3226.830322265625,339577,0.0,0.0,3157.180383300781,3126.499498268467,58.10604153036991,44.80463334765,1.4726101698341836,43.33202317781581,78.7577038101811,44360306.0,0.01038240859596299
2022-02-14 00:00:00+05:30,3134.8653126560243,3200.91009413478,3131.563161933945,3155.628662109375,282645,0.0,0.0,3159.675146484375,3127.641818419091,51.21140739136704,38.89321573583402,-3.5510459535854366,42.444261689419456,79.93695070457387,44077661.0,0.00662336253156562
2022-02-15 00:00:00+05:30,3157.483451024235,3257.907709781739,3142.781701431357,3247.23193359375,357052,0.0,0.0,3164.1738891601562,3132.331626857313,58.099714004796745,41.12591914144559,-1.0546740383790905,42.18059317982468,82.4504548221316,44434713.0,0.028424054777041564
2022-02-16 00:00:00+05:30,3256.09836065239,3293.192006883773,3230.8566751053363,3245.151123046875,244587,0.0,0.0,3172.585546875,3136.755920825531,57.899738398981754,42.24052616328299,0.047946386766646754,42.19257977651635,81.01366031901054,44190126.0,-0.003362072146776817
2022-02-17 00:00:00+05:30,3248.0463408886726,3311.286394330166,3248.0463408886726,3254.560302734375,513917,0.0,0.0,3179.8459594726564,3141.3757005082307,58.59375958984076,43.38301008807548,0.9523442492473038,42.430665838828176,79.95091824503055,44704043.0,0.0020055015113855067
2022-02-18 00:00:00+05:30,3254.288915868123,3295.453815971542,3224.0712533748383,3286.08984375,277299,0.0,0.0,3194.4753295898436,3147.0507649490846,60.918678181876764,46.29890235987932,3.094589216840916,43.204313143038405,79.33889284157864,44981342.0,0.009772005099735871
2022-02-21 00:00:00+05:30,3278.852096421973,3291.337319232862,3227.46400164269,3238.456298828125,344326,0.0,0.0,3201.6995483398437,3150.635295689439,55.81941777039674,44.255983577811094,0.8413363478181495,43.414647229992944,78.23420889504956,44637016.0,-0.012320103623438685
2022-02-22 00:00:00+05:30,3184.625363436078,3270.574059324267,3180.101747863015,3257.636474609375,432562,0.0,0.0,3211.579138183594,3154.831420352966,57.36690799568511,43.6811070037229,0.21316781898396187,43.46793918473894,79.10835907834975,45069578.0,0.02292612249200994
2022-02-23 00:00:00+05:30,3270.6645839992643,3293.10154029104,3229.861483627345,3239.18017578125,209392,0.0,0.0,3216.609411621094,3158.139214683487,55.35758243633319,41.26061739381748,-1.765857432737164,43.02647482655465,77.97490890587439,44860186.0,-0.009626302975866818
2022-02-24 00:00:00+05:30,3153.412178427229,3220.180783431714,3107.723664581131,3147.44091796875,628362,0.0,0.0,3215.6051513671873,3157.71967363585,46.61720156851355,31.57578454182567,-9.160552227783185,40.736336769608855,81.7950233554633,44231824.0,-0.0018935870481279705
2022-02-25 00:00:00+05:30,3157.573872537216,3220.813922724243,3157.573872537216,3174.130126953125,327777,0.0,0.0,3216.1117919921876,3158.363220824763,49.13343438353603,25.757168242957505,-11.98333482132108,37.740503064278585,81.19345059832257,44559601.0,0.005243346659251814
2022-02-28 00:00:00+05:30,3164.4499163159358,3221.7189322444865,3119.5305031272387,3193.9892578125,387040,0.0,0.0,3214.5602172851563,3159.760320314478,50.984788864226424,22.489098467749955,-12.201123677222903,34.69022214497286,82.69309192110293,44946641.0,0.009334747674235293
2022-03-02 00:00:00+05:30,3164.9929151438178,3164.9929151438178,3015.442140164068,3050.997802734375,982580,0.0,0.0,3207.2251831054687,3155.495123546631,39.762823737184014,8.265633156522654,-21.139671190760165,29.40530434728282,89.53980804448359,43964061.0,-0.03601749370875378
2022-03-03 00:00:00+05:30,3075.153591112929,3080.401028883579,2966.5868270842293,2982.96240234375,536758,0.0,0.0,3196.4635009765625,3148.7291344798514,35.73282270869048,-8.399628108864817,-30.24394596491811,21.844317856053294,91.27369331268831,43427303.0,-0.029979376976684305
2022-03-04 00:00:00+05:30,2941.25458336904,2972.874609229637,2850.782279974114,2933.20263671875,509620,0.0,0.0,3179.318994140625,3140.2771149598084,33.09121278349073,-25.330174470819202,-37.739593861497994,12.409419390678796,94.1955811024703,42917683.0,-0.0027375891552600903
2022-03-07 00:00:00+05:30,2881.542749687791,2966.5867115310098,2827.259369787864,2926.462158203125,335205,0.0,0.0,3164.359375,3131.8922146948403,32.738149483192146,-38.84388657934278,-41.00264477601726,2.1587581966744818,97.41927829108997,42582478.0,0.015588666355965366
2022-03-08 00:00:00+05:30,2921.3509342347543,3034.8484046762724,2873.1291480970026,3001.05712890625,557492,0.0,0.0,3157.1713623046876,3126.7614270168565,40.32615156704449,-43.03829143358553,-36.15763970420801,-6.8806517293775205,102.0121338831028,43139970.0,0.02728401909453398
2022-03-09 00:00:00+05:30,3003.6803800726266,3039.8693003144654,2979.2528589093854,3020.8701171875,508262,0.0,0.0,3151.758837890625,3122.6088266313914,42.19156442041802,-44.25351792164065,-29.898292953810504,-14.355224967830146,99.05529870610117,43648232.0,0.005722891566265046
2022-03-10 00:00:00+05:30,3075.153923406468,3112.2475717911884,3062.8496004684484,3096.279296875,350154,0.0,0.0,3145.3715087890623,3121.576296052709,48.75727924899265,-38.685757754343285,-19.46442622921051,-19.221331525132776,98.50688127021454,43998386.0,0.006869696280155811
2022-03-11 00:00:00+05:30,3076.0583135909656,3117.22321161108,3063.799272312343,3096.866943359375,156038,0.0,0.0,3138.7511962890626,3120.607301829441,48.8060754298968,-33.83581137660349,-11.69158388117657,-22.144227495426918,95.28667112939472,44154424.0,0.006764705882352932
2022-03-14 00:00:00+05:30,3077.868009414746,3134.8202848133747,3047.107423782735,3123.601806640625,245299,0.0,0.0,3133.5897705078123,3120.724733390664,51.08807177581889,-27.517706900079702,-4.2987835237222285,-23.218923376357473,94.74568469376935,44399723.0,0.014858920878343652
2022-03-15 00:00:00+05:30,3113.1523033033645,3161.1026293931864,3099.898197745499,3124.958984375,229544,0.0,0.0,3132.056286621094,3120.8907824488733,51.20697611296019,-22.14576805333627,0.8585242584169634,-23.004292311753233,92.34988090476348,44629267.0,0.0037925163696962087
2022-03-16 00:00:00+05:30,3157.528755972707,3249.9461280899054,3149.3409681135167,3229.680419921875,262987,0.0,0.0,3131.1787109375,3125.1570427419324,59.407039076590706,-9.330763921198923,10.938822712443447,-20.26958663364237,94.68111396263076,44892254.0,0.022850675172058996
2022-03-17 00:00:00+05:30,3238.9085450256525,3315.6743847868506,3234.972911374668,3302.646240234375,429272,0.0,0.0,3134.053466796875,3132.1174034279106,63.95273460310495,6.636450212056388,21.524829476559006,-14.888379264502618,94.06060331279825,45321526.0,0.019678757310579654
2022-03-21 00:00:00+05:30,3302.646344667929,3363.760433294929,3239.1348282152157,3247.096435546875,432309,0.0,0.0,3133.6802734375,3136.6263850796345,58.574883245223255,14.639423301933675,23.622242053149034,-8.982818751215358,96.24381772472076,44889217.0,-0.016819817601947753
2022-03-22 00:00:00+05:30,3238.908670793177,3313.095964370004,3224.885462860972,3308.07470703125,213667,0.0,0.0,3134.7795166015626,3143.34984868558,62.32056843407889,25.607091416095955,27.67192813384905,-2.0648367177530957,95.67000942360012,45102884.0,0.021354734964210944
2022-03-23 00:00:00+05:30,3315.764741523306,3332.411778390002,3247.95579221006,3258.360107421875,281347,0.0,0.0,3135.77470703125,3147.860054910533,57.73688709511891,29.942338073269184,25.605739832817825,4.3365982404513606,94.86900776333884,44821537.0,-0.01731263783058942
2022-03-24 00:00:00+05:30,3248.2271274777563,3291.29181102806,3229.5897447727752,3242.436767578125,385957,0.0,0.0,3135.0147216796877,3151.5689456033797,56.308352591446095,31.727437682398886,21.91267155355802,9.814766128840866,92.49994051276354,44435580.0,-0.0017826216186204683
2022-03-25 00:00:00+05:30,3249.7652335100943,3310.5172986744365,3249.7652335100943,3306.1748046875,492945,0.0,0.0,3138.364453125,3157.6319204694237,60.51922640425699,37.84896953665475,22.427362726251104,15.421606810403643,90.75569698301696,44928525.0,0.01735804500452402
2022-03-28 00:00:00+05:30,3306.174915243897,3380.9501903472647,3297.760946323456,3336.392578125,688267,0.0,0.0,3147.8120361328124,3164.64214233827,62.3708254885248,44.62424884726306,23.36211362948753,21.26213521777553,90.2152360573592,45616792.0,0.009139765334791388
2022-03-29 00:00:00+05:30,3345.4848156012517,3379.1404676493,3312.0553443073964,3337.61376953125,376929,0.0,0.0,3155.986218261719,3171.4253434046614,62.447474474840746,49.52139464328411,22.607407540406864,26.913987102877247,88.56308514911237,45993721.0,-0.0023527370482436796
2022-03-30 00:00:00+05:30,3374.300156300418,3374.300156300418,3316.0360815925774,3324.04296875,343930,0.0,0.0,3162.488903808594,3177.410348320165,60.96139164533106,51.71127240242231,19.837828239636046,31.873444162786264,86.39887011759298,45649791.0,-0.014894106991809566
2022-03-31 00:00:00+05:30,3329.380891989461,3361.181819494509,3289.663637635253,3304.953369140625,511249,0.0,0.0,3175.1866821289063,3182.4120354111637,58.840207556081914,51.314869283022745,15.553140096189182,35.76172918683356,85.33596381342605,45138542.0,-0.007336956521739187
2022-04-01 00:00:00+05:30,3289.572854230437,3389.092385023987,3289.572854230437,3383.573486328125,391985,0.0,0.0,3195.217236328125,3190.3007197608486,64.34307362864264,56.691202463316586,16.743578621186415,39.94762384213017,86.34907574057776,45530527.0,0.02857533067759907
2022-04-04 00:00:00+05:30,3392.711409835683,3412.615316773385,3362.312627251696,3405.060791015625,419517,0.0,0.0,3218.8101440429687,3198.722683339467,65.69306390178637,61.971462708267154,17.619071092909586,44.35239161535757,83.7743338678,45950044.0,0.0036399739583333045
2022-04-05 00:00:00+05:30,3406.282553445534,3455.997044810592,3406.282553445534,3446.7236328125,339228,0.0,0.0,3244.8232177734376,3208.4482107697822,68.20654750830832,68.72572278473626,19.49866493550295,49.22705784923331,81.42875671974049,46289272.0,0.011872496991201957
2022-04-06 00:00:00+05:30,3438.852593340698,3446.99510145437,3385.1121281423325,3439.576416015625,240470,0.0,0.0,3266.7491821289063,3217.512061955894,67.29568238325044,72.66417452142468,18.749693337753094,53.91448118367159,80.03262933347598,46048802.0,0.00021048377482900128
2022-04-07 00:00:00+05:30,3439.6213534353155,3455.6801872807414,3411.755839826197,3439.983154296875,224527,0.0,0.0,3287.704833984375,3226.236418518285,67.32242725835592,74.9542206791989,16.831791596421844,58.12242908277705,77.4534663421237,46273329.0,0.00010518624708446791
2022-04-08 00:00:00+05:30,3449.075933454941,3470.517826843185,3408.0919326689987,3447.311767578125,229962,0.0,0.0,3305.256457519531,3234.9060400500434,67.83286097955832,76.47885595710795,14.685141499464713,61.79371445764324,76.3800683301282,46503291.0,-0.0005114894281405352
2022-04-11 00:00:00+05:30,3456.0420176008947,3460.565632807178,3409.1320395598714,3426.32177734375,135225,0.0,0.0,3321.72919921875,3242.4125395517576,64.71491170596695,75.12740168654955,10.666949783125034,64.46045190342451,74.59817725278381,46368066.0,-0.00859950200425394
2022-04-12 00:00:00+05:30,3409.448768582998,3416.867453318407,3325.807167898772,3358.377197265625,266145,0.0,0.0,3333.46796875,3246.9601731875955,55.777438684433086,67.79233680524658,2.665507921457646,65.12682888378893,76.44935098079769,46101921.0,-0.014979421831464855
2022-04-13 00:00:00+05:30,3358.3773803813992,3390.4497696501903,3319.5195679578715,3345.03271484375,198206,0.0,0.0,3344.4716552734376,3250.8061552133267,54.19438277344335,60.20841174145244,-3.934733713869207,64.14314545532164,76.05512603162063,45903715.0,-0.003973545562688886
2022-04-18 00:00:00+05:30,3338.4280508145844,3400.175398908919,3297.941694371779,3360.684326171875,373718,0.0,0.0,3351.0218505859375,3255.115103094054,55.77964783205697,54.82901595136218,-7.451303603167574,62.280319554529754,77.9250244963006,46277433.0,0.006666693131775013
2022-04-19 00:00:00+05:30,3383.664405248548,3414.967912964478,3273.604928119535,3308.7080078125,211918,0.0,0.0,3351.3249389648436,3257.2167856320325,49.636191927187284,45.843298515057995,-13.149616831577411,58.99291534663541,82.45630737834647,46065515.0,-0.02215243252840913
2022-04-20 00:00:00+05:30,3316.714944536132,3379.095559232475,3304.3202820180813,3366.24853515625,174080,0.0,0.0,3357.2825439453127,3261.4925405153353,55.48177485841393,42.87090329164221,-12.897609643994564,55.76851293563677,81.90766236663555,46239595.0,0.01493453355155479
2022-04-21 00:00:00+05:30,3351.998990295042,3383.211936358518,3329.471474096744,3349.6015625,216475,0.0,0.0,3359.35888671875,3264.94779627944,53.545451163589604,38.7255826820101,-13.634344202901346,52.359926884911445,79.89571950200258,46023120.0,-0.0007152233046558669
2022-04-22 00:00:00+05:30,3320.333496428878,3342.725391261743,3277.6758942203483,3295.45361328125,228316,0.0,0.0,3361.2135620117188,3266.144102828531,47.71246556776101,30.717012663486457,-17.314331377139993,48.03134404062645,79.3264301289775,45794804.0,-0.007493188010899197
2022-04-25 00:00:00+05:30,3258.812515946749,3369.8672733960725,3257.003069796862,3332.0498046875,444222,0.0,0.0,3365.6942138671875,3268.7286401563333,51.55367282222632,27.011794867551544,-16.81563933845993,43.827434206011475,81.72198537685131,46239026.0,0.02247361220762775
2022-04-26 00:00:00+05:30,3351.953652116552,3532.943544183361,3351.953652116552,3521.272705078125,1107122,0.0,0.0,3376.449108886719,3278.632328976796,65.61809744750448,38.89572403446118,-3.945368137240237,42.84109217170142,90.23425352820915,47346148.0,0.0505135424097104
2022-04-27 00:00:00+05:30,3501.2782057393565,3545.60963521771,3479.564852525469,3533.531494140625,541564,0.0,0.0,3386.3060546875,3288.6283746694953,66.30065785890254,48.74114773392648,4.720044449780048,44.021103284146434,88.50643418278285,47887712.0,0.009211861070736491
2022-04-28 00:00:00+05:30,3618.89204315732,3618.89204315732,3442.4710560534004,3469.06982421875,1628318,0.0,0.0,3392.878857421875,3295.704509945937,59.600295826777945,50.757102630236204,5.388799476871817,45.36830315336439,94.7860451057212,46259394.0,-0.04140002441406265
2022-04-29 00:00:00+05:30,3442.471023132202,3474.1363282070056,3357.743802333905,3374.209716796875,594650,0.0,0.0,3395.3871948242186,3298.783145508719,51.372591943735685,44.19093789562612,-0.9418922061906159,45.13283010181674,96.32936516053401,45664744.0,-0.019829159309296962
2022-05-02 00:00:00+05:30,3365.569806216303,3365.569806216303,3262.4313766709647,3278.21875,376660,0.0,0.0,3394.0504638671873,3297.976698626024,44.654755979069044,30.885507343167774,-11.397858206919167,42.28336555008694,97.4328633723466,45288084.0,-0.025954314201108813
2022-05-04 00:00:00+05:30,3279.6209369180374,3332.094871908726,3153.3215153816955,3163.725830078125,575428,0.0,0.0,3383.0580810546876,3292.711958682969,38.232804473782565,10.975714781597162,-25.046120614791825,36.02183539638899,103.24289859768118,44712656.0,-0.035337957974137905
2022-05-05 00:00:00+05:30,3201.6343160086085,3252.4797126818307,3175.940046112191,3188.15380859375,323081,0.0,0.0,3372.2127319335937,3288.6116390716275,40.208554232143555,-2.799534264331214,-31.057095728576165,28.25756146424495,102.20796888382579,45035737.0,-0.0042105081606147576
2022-05-06 00:00:00+05:30,3155.945652121143,3216.2906390635044,3130.3419440674334,3166.3046875,436366,0.0,0.0,3358.191784667969,3283.815288029603,39.0067198847081,-15.303154609624016,-34.84857285909517,19.545418249471158,101.04659217755759,44599371.0,0.003282387125993242
2022-05-09 00:00:00+05:30,3157.4835267075305,3243.160757597273,3148.436295971979,3228.73046875,502719,0.0,0.0,3347.6494873046877,3281.655099038246,44.14375558405123,-19.945209029900525,-31.592501823497347,11.647292793596822,100.59501142382449,45102090.0,0.02256446991404017
2022-05-10 00:00:00+05:30,3225.292282702547,3299.253389512549,3202.719487552365,3250.715087890625,507087,0.0,0.0,3338.186083984375,3280.441765267751,45.87272148972878,-21.601091632518546,-26.598707540892295,4.997615908373748,100.30493217642159,45609177.0,0.007882325990863638
2022-05-11 00:00:00+05:30,3257.0031261838403,3282.2900923903635,3200.2770325787374,3268.62890625,437746,0.0,0.0,3329.2519409179686,3279.978515894506,47.30407091105475,-21.22324671835122,-20.976690101379976,-0.2465566169712452,98.99836986465048,46046923.0,0.0035694715711806365
2022-05-12 00:00:00+05:30,3243.43212890625,3305.8580192534,3201.995769108589,3243.43212890625,777332,0.0,0.0,3320.107458496094,3278.545324247908,45.48222076231088,-22.69535334899456,-17.95903738561865,-4.736315963375908,99.34578988466197,45269591.0,0.0
2022-05-13 00:00:00+05:30,3273.3331640853644,3380.045200033624,3273.3331640853644,3295.091796875,633218,0.0,0.0,3316.9431884765627,3279.1942055274017,49.7548896236948,-19.46907758519319,-11.786209297453826,-7.682868287739365,102.0077385448557,45902809.0,0.006647240503462597
2022-05-16 00:00:00+05:30,3302.239325019865,3370.093557725753,3302.239325019865,3361.8154296875,401803,0.0,0.0,3317.78232421875,3282.43425353368,54.69380336324237,-11.396815864007749,-2.971158061014707,-8.425657802993042,100.07874013813407,46304612.0,0.01804112264554793
2022-05-17 00:00:00+05:30,3370.183948085505,3426.1862169636547,3370.183948085505,3386.287841796875,402398,0.0,0.0,3319.0625,3286.506943269492,56.387105004713476,-2.9903008331120873,4.3482855759047645,-7.338586409016852,97.52817207656412,46707010.0,0.004778342654120706
2022-05-18 00:00:00+05:30,3386.378475866224,3464.637021995646,3380.226314769136,3429.986083984375,507061,0.0,0.0,3325.1264038085938,3292.1335762387034,59.3114010246168,7.115977281072446,11.563650952071438,-4.447673670998992,96.59121030156027,47214071.0,0.012877358047521907
2022-05-19 00:00:00+05:30,3340.1470332404047,3418.043778373084,3329.42619732624,3346.16357421875,261026,0.0,0.0,3324.1221557617187,3294.2523996889013,52.09553741164446,8.266211750698858,10.17110833735828,-1.9048965866594225,96.87468718417274,46953045.0,0.0018012802785236882
2022-05-20 00:00:00+05:30,3401.758810232456,3482.279165049128,3379.140733036761,3426.91015625,396832,0.0,0.0,3327.987585449219,3299.4546646520816,57.464055107655405,15.514513542777422,13.935528103549476,1.5789854392279468,99.67760887318741,47349877.0,0.007393630007479897
2022-05-23 00:00:00+05:30,3470.517770683264,3505.349609622603,3410.8060467872533,3425.417236328125,339483,0.0,0.0,3334.4857666015623,3304.3943733452597,57.33611587705928,20.897485567956664,15.454800102982974,5.442685464973691,99.31089129905615,47010394.0,-0.012995333069929777
2022-05-24 00:00:00+05:30,3453.68979163766,3475.9460677214192,3411.756009475478,3422.8388671875,369304,0.0,0.0,3339.0252197265627,3309.03925545672,57.099668600017836,24.671083940364497,15.382718780312644,9.288365160051853,96.80226036669079,46641090.0,-0.008932743330005722
2022-05-25 00:00:00+05:30,3451.111503007254,3455.1374765770065,3385.6999795025667,3430.529052734375,225253,0.0,0.0,3334.488037109375,3313.803561232314,57.660494722355764,27.95991702288029,14.93724149026275,13.02267553261754,94.84763441724428,46866343.0,-0.00596400616292575
2022-05-26 00:00:00+05:30,3438.943065828788,3501.2783991043884,3396.375799772271,3489.833740234375,419826,0.0,0.0,3332.3031494140623,3320.7067055069047,61.80705188375997,34.948864828009846,17.540951436313843,17.407913391696002,95.56584619687807,47286169.0,0.01479834746648311
2022-05-27 00:00:00+05:30,3505.8019663222817,3519.3728126435294,3458.801646072293,3467.848876953125,422591,0.0,0.0,3332.2421020507813,3326.4769867400896,59.481411428207615,38.272480255996925,16.691653491440736,21.58082676455619,93.06622622361796,46863578.0,-0.010825793850806393
2022-05-30 00:00:00+05:30,3492.230991584944,3531.26970304834,3476.8959799817644,3489.245361328125,271827,0.0,0.0,3337.9938842773436,3332.860060253346,61.01872996705279,42.14714089466497,16.453051304087026,25.694089590577946,90.94869764301775,47135405.0,-0.0008549349295660782
2022-05-31 00:00:00+05:30,3506.706790534918,3580.894085897112,3473.2320353105133,3495.940673828125,1154256,0.0,0.0,3348.87998046875,3339.2553784327492,61.51083875156746,45.23663337915241,15.634035030859572,29.602598348292837,92.14250856755923,48289661.0,-0.0030701502434855262
2022-06-01 00:00:00+05:30,3507.7925174268976,3532.039141776915,3354.0801441527683,3365.66064453125,784215,0.0,0.0,3358.9767211914063,3340.290879064063,48.64272929347392,36.74894984469347,5.717081197120507,31.031868647572963,98.27225778588692,47505446.0,-0.04051889391676645
2022-06-02 00:00:00+05:30,3365.6601439084598,3392.620712791045,3317.031282322436,3337.251708984375,346754,0.0,0.0,3366.4316162109376,3340.1716959236837,46.36493475323587,27.41402401373216,-2.8942757070726444,30.308299720804804,96.65205583465281,47158692.0,-0.008440672471194531
2022-06-03 00:00:00+05:30,3364.665089405777,3378.145374765168,3302.239197722799,3322.7763671875,409815,0.0,0.0,3374.2552001953127,3339.4895261693237,45.203415500897435,18.633197034012028,-9.340082149434224,27.97327918344625,95.17020734948969,46748877.0,-0.012449596350665287
2022-06-06 00:00:00+05:30,3311.286127951434,3501.051774218596,3302.691259586533,3453.32763671875,1136609,0.0,0.0,3385.48505859375,3343.953765798713,55.92712611982714,21.955633898159704,-4.8141162282292385,26.769750126388942,102.54094358395923,47885486.0,0.04289617486338807
2022-06-07 00:00:00+05:30,3406.2823753282028,3486.485987526896,3406.2823753282028,3468.798828125,561644,0.0,0.0,3396.3892456054687,3348.8496505958224,57.001057938538935,25.542645184264984,-0.9816839536991679,26.524329137964152,100.94541991358311,48447130.0,0.018353279589973407
2022-06-08 00:00:00+05:30,3468.2557246269475,3483.183654575126,3409.0416466750994,3432.65478515625,346603,0.0,0.0,3404.590539550781,3352.1361264609372,53.7084100568577,25.178611907390405,-1.0765737844590006,26.255185691849405,99.03089048404337,48100527.0,-0.010264796571344763
2022-06-09 00:00:00+05:30,3432.654905432345,3523.896314270517,3419.3102403141197,3509.10400390625,627869,0.0,0.0,3417.874133300781,3358.2917294980084,59.09111989211147,30.704978078985278,3.559833909708697,27.14514416927658,99.42768930349722,48728396.0,0.022271128493843217
2022-06-10 00:00:00+05:30,3579.355915761108,3592.6553006760705,3483.183809519736,3511.230224609375,1412838,0.0,0.0,3428.6810546875,3364.2893175415916,59.23309968467406,34.85445091248994,6.167445394570684,28.687005517919253,100.14510372155704,50141234.0,-0.019032946919794333
2022-06-13 00:00:00+05:30,3460.565627830616,3523.941520955444,3432.926294784039,3511.456298828125,519745,0.0,0.0,3436.1630981445314,3370.060571709691,59.24929433069737,37.72629508254386,7.23143165169968,30.494863430844177,99.49296961083189,50660979.0,0.01470588235294116
2022-06-14 00:00:00+05:30,3514.8493300729524,3542.6695660831824,3259.672129256845,3330.96435546875,1733394,0.0,0.0,3433.396923828125,3368.527386759066,44.164780685564146,25.148168451125457,-4.277355983774974,29.42552443490043,112.60043155479657,48927585.0,-0.05231660231660223
2022-06-15 00:00:00+05:30,3347.4752330727256,3386.0615822048,3297.7154660946176,3345.75634765625,753821,0.0,0.0,3429.185437011719,3367.6344048334654,45.391822447804664,16.186910000428725,-10.590891547577368,26.777801548006092,110.86798045160984,49681406.0,-0.00051348711993241
2022-06-16 00:00:00+05:30,3380.769032723503,3380.769032723503,3286.858738865697,3309.65771484375,438590,0.0,0.0,3427.360144042969,3365.3608091475944,42.913305706177425,6.101851787626856,-16.54075980830339,22.642611595930248,109.656717123481,49242816.0,-0.02103406567897566
2022-06-17 00:00:00+05:30,3320.3335044606238,3360.096037265905,3271.116660212302,3283.194580078125,727356,0.0,0.0,3420.174365234375,3362.138604086047,41.13988205029436,-3.98010316709815,-21.29817181042272,17.31806864332457,108.17976426134686,48515460.0,-0.011185299408208652
2022-06-20 00:00:00+05:30,3275.323702996793,3292.106360166465,3234.2040835303783,3271.433349609375,268242,0.0,0.0,3412.4751708984377,3358.5815352830405,40.34193620054126,-12.771931238339675,-24.071999905331396,11.30006866699172,104.58851514525685,48247218.0,-0.0011877767635176406
2022-06-21 00:00:00+05:30,3285.049347114288,3324.8571607394683,3271.523781888026,3297.941650390625,424763,0.0,0.0,3406.2303100585937,3356.2035005813773,43.024277473532095,-17.399944266155217,-22.96001034651755,5.560066080362333,100.93389342988802,48671981.0,0.003924538694574542
2022-06-22 00:00:00+05:30,3297.7155967294902,3366.926911722578,3269.804801612441,3289.25634765625,585483,0.0,0.0,3399.1666748046873,3353.578122035294,42.35236866186807,-21.520435098483176,-21.66440094307641,0.14396584459323059,100.66162319276293,48086498.0,-0.002565184542181171
2022-06-23 00:00:00+05:30,3329.47134281266,3434.328654637972,3316.036117337151,3424.19580078125,1186420,0.0,0.0,3395.8847778320314,3356.34744277043,54.2949805170867,-13.73909193892814,-11.106446226817097,-2.6326457121110436,103.83381489197427,49272918.0,0.028450299827049663
2022-06-24 00:00:00+05:30,3438.6713166291383,3475.357879458503,3421.617199260825,3450.025634765625,558798,0.0,0.0,3394.993615722656,3360.0210973584767,56.16690092789914,-5.425527585094642,-2.2343054983868784,-3.1912220867077634,100.25573384238166,49831716.0,0.0033019492388173546
2022-06-27 00:00:00+05:30,3501.278257529413,3581.3009683608407,3453.327935139476,3493.316650390625,1819576,0.0,0.0,3395.1971801757813,3365.248373947973,59.184162985811035,4.603192486542866,6.235531658600504,-1.6323391720576375,102.47141953901266,51651292.0,-0.0022739144258720157
2022-06-28 00:00:00+05:30,3474.091306839528,3534.9339332684635,3422.612652532559,3518.468017578125,799053,0.0,0.0,3396.3235473632812,3371.2569874236656,60.86945535182635,14.414370637551656,12.837367847687435,1.5770027898642214,103.17498105307637,52450345.0,0.012773616701216661
2022-06-29 00:00:00+05:30,3510.3255256688376,3528.419987141357,3488.6574522314263,3499.061767578125,524392,0.0,0.0,3402.993603515625,3376.2689395865855,58.85034404743519,20.388847871105554,15.049476064993065,5.339371806112488,98.64552061428024,51925953.0,-0.003208750302029743
2022-06-30 00:00:00+05:30,3520.1356071840287,3537.360895758714,3465.690843126249,3479.39599609375,715926,140.0,0.0,3410.1008178710936,3380.313137880984,56.79435833823849,23.268575068200334,14.343362609670276,8.925212458530059,96.718701472722,51210027.0,-0.011573307291666751
2022-07-01 00:00:00+05:30,3443.11499338461,3453.2060487892945,3380.362846815196,3402.42236328125,756589,0.0,0.0,3414.083117675781,3381.1801663280535,49.504319248326446,19.119255866429285,8.155234726319382,10.964021140109903,96.88401917313858,50453438.0,-0.011818550986982519
2022-07-04 00:00:00+05:30,3421.0084145282126,3468.64758193288,3386.8397240598883,3454.191650390625,536505,0.0,0.0,3414.126318359375,3384.043361781488,53.799543207033004,19.780225197226173,7.052963245693016,12.727261951533157,95.80715050884235,50989943.0,0.009699840468527074
2022-07-05 00:00:00+05:30,3473.200436155047,3473.200436155047,3438.4684317934966,3457.0078125,294980,0.0,0.0,3413.536767578125,3386.904712790057,54.028624292364654,20.297314098202605,6.056041717335557,14.241272380867048,91.44464006975008,51284923.0,-0.00466216216216214
2022-07-06 00:00:00+05:30,3456.303529613192,3545.761947629748,3449.873324097849,3541.7724609375,333226,0.0,0.0,3418.9926513671876,3392.977957815447,60.39427402972872,27.23298460425849,10.39336977871315,16.83961482554534,91.76206745990359,51618149.0,0.024728421734960617
2022-07-07 00:00:00+05:30,3554.210415723421,3600.957860449372,3552.990056262659,3562.846435546875,534547,0.0,0.0,3421.6797729492187,3399.6394667460913,61.8101322392703,34.03768186867683,13.758453634505187,20.27922823417164,89.43516260647277,52152696.0,0.0024297998186176713
2022-07-08 00:00:00+05:30,3595.231599775327,3595.231599775327,3560.217940710043,3590.5380859375,326804,0.0,0.0,3425.645166015625,3407.125687106539,63.64905932553035,41.19012412274424,16.728716710858077,24.46140741188616,85.54791235353072,52479500.0,-0.0013054830287207218
2022-07-11 00:00:00+05:30,3585.844764106511,3621.51547118401,3562.3771936607877,3612.644775390625,372417,0.0,0.0,3430.70458984375,3415.1852591961106,65.09408299469973,48.08798289216065,18.901260384219594,29.18672250794106,83.66150986565154,52851917.0,0.007473834771760379
2022-07-12 00:00:00+05:30,3616.822020895648,3626.209049239524,3597.1562423503256,3611.98779296875,244636,0.0,0.0,3444.75576171875,3422.9030056185675,65.01137197767414,52.891868140618044,18.964116506141586,33.92775163447646,79.76088822447632,52607281.0,-0.0013365954694395071
2022-07-13 00:00:00+05:30,3621.515491064924,3641.1812693713,3612.128462835103,3624.096923828125,308508,0.0,0.0,3458.6727905273438,3430.792963195413,65.87211812728614,57.01881012017884,18.472846788561903,38.54596333161694,76.14893023719587,52915789.0,0.0007128045619492799
2022-07-14 00:00:00+05:30,3622.360016640985,3647.751972328583,3605.5573287784687,3626.396484375,377688,0.0,0.0,3474.509729003906,3438.463689516181,66.04296009318516,59.78582293844329,16.99188768546108,42.79393525298221,73.72362404526149,53293477.0,0.0011143198675646533
2022-07-15 00:00:00+05:30,3626.2088790861512,3678.776235345231,3624.33147350547,3673.47265625,281730,0.0,0.0,3494.0236328125,3447.6797274273117,69.41809218554178,65.02775469277094,17.78705555183099,47.24069914093995,72.3465624591543,53575207.0,0.013033936747670151
2022-07-18 00:00:00+05:30,3689.1021767767943,3745.424347414608,3684.502624511573,3739.839111328125,513318,0.0,0.0,3517.4439208984377,3459.13695816852,73.42786337023361,73.68781439606619,21.15769220410099,52.5301221919652,72.3183573666867,54088525.0,0.013753193086037015
2022-07-19 00:00:00+05:30,3733.268130960627,3788.6046168810126,3722.8954188677135,3756.688720703125,512451,0.0,0.0,3540.3812744140623,3470.8056547385045,74.34748845112807,80.97714266763842,22.757616380538565,58.21952628709985,71.84627455573043,54600976.0,0.006273481818320842
2022-07-20 00:00:00+05:30,3771.707859564407,3806.439863248798,3753.872506321071,3756.735595703125,377717,0.0,0.0,3563.755236816406,3482.0185935998625,74.35014798374712,85.76907772180357,22.039641147762964,63.729436574040605,70.46920901087304,54978693.0,-0.003969624482796285
2022-07-21 00:00:00+05:30,3759.176093364572,3821.083726645169,3748.662667792084,3808.3642578125,371547,0.0,0.0,3582.963659667969,3494.816462784672,77.15897671980333,92.6645431579027,23.14808526708967,69.51645789081303,70.60862685674533,55350240.0,0.013084825830519491
2022-07-22 00:00:00+05:30,3815.827083044303,3840.2333571301942,3797.287701767519,3805.970703125,280291,0.0,0.0,3600.7609130859373,3507.0185898568416,76.73941481750516,96.82002831757609,21.84285634141044,74.97717197616565,68.6327003214546,55069949.0,-0.002583025830258395
2022-07-25 00:00:00+05:30,3805.970625986984,3824.228350203789,3753.215572751799,3774.664794921875,372987,0.0,0.0,3614.8283203125,3517.514519467235,71.28001378377152,96.47505075618665,17.198303024016795,79.27674773216985,68.80270583077858,54696962.0,-0.008225452622086552
2022-07-26 00:00:00+05:30,3767.952912752566,3782.972157048541,3676.8987442082216,3684.9716796875,882407,0.0,0.0,3623.1535034179688,3524.081466926853,58.4499662974075,87.95033206966446,6.938867469995685,81.01146459966877,71.4648991886029,53814555.0,-0.022022895451856022
2022-07-27 00:00:00+05:30,3691.9181573711753,3717.263133279902,3609.453023716474,3645.781005859375,514997,0.0,0.0,3630.489465332031,3528.853997865383,53.88597759498381,77.14281687234325,-3.0949181818604217,80.23773505420367,74.06098564394755,53299558.0,-0.012496796934591908
2022-07-28 00:00:00+05:30,3645.92159657876,3673.8010233024656,3611.1895937277263,3621.75,423758,0.0,0.0,3637.6071655273436,3532.4969783412503,51.24372178032492,65.87926669908074,-11.48677468409835,77.3660413831791,73.24316021043266,52875800.0,-0.006629763130793002
2022-07-29 00:00:00+05:30,3660.002214538768,3709.988138602423,3640.289455753101,3674.505126953125,412805,0.0,0.0,3651.2113037109375,3538.065925345638,56.30863611823835,60.51217322399225,-13.483094527349479,73.99526775134173,74.31423009557483,53288605.0,0.003962541977910994
2022-08-01 00:00:00+05:30,3679.667917736072,3743.781363464512,3675.021384808767,3729.747802734375,459482,0.0,0.0,3664.989111328125,3545.5828617138236,60.89027671531638,60.02441118219667,-11.176685255316045,71.20109643751272,73.95437341099,53748087.0,0.013609892554955014
2022-08-02 00:00:00+05:30,3729.747937847988,3759.5047712258383,3699.7564287665655,3751.244140625,398168,0.0,0.0,3679.700927734375,3553.648009906419,62.536570740087015,60.6730301414982,-8.422453036811618,69.09548317830982,72.93965691443879,54146255.0,0.005763446521111307
2022-08-03 00:00:00+05:30,3753.872379053442,3764.1981095284577,3720.126060290646,3758.049560546875,312355,0.0,0.0,3690.514782714844,3561.6637569903587,63.066620736631855,61.03265934678166,-6.450259065222525,67.48291841200418,70.87768493753686,54458610.0,0.0011127659844649485
2022-08-04 00:00:00+05:30,3765.136899193113,3787.665766203992,3732.282301468915,3765.7939453125,310996,0.0,0.0,3700.662158203125,3569.6688624147564,63.69609692128825,61.236676918015746,-4.996993195190754,66.2336701132065,69.77095492307542,54769606.0,0.00017450789625410784
2022-08-05 00:00:00+05:30,3778.2788703840897,3790.716682814547,3748.287360962351,3767.1083984375,287542,0.0,0.0,3709.490673828125,3577.4115893176095,63.80884407246485,60.80352253601404,-4.34411806175396,65.147640597768,67.8179811322983,55057148.0,-0.002956497476708
2022-08-08 00:00:00+05:30,3767.0141199363416,3792.2651321351495,3754.8109842375698,3776.072509765625,238574,0.0,0.0,3717.662060546875,3585.2022136489045,64.61590654424919,60.48632473542466,-3.7290526898746776,64.21537742529934,65.64913590124698,55295722.0,0.0024046604395091885
2022-08-10 00:00:00+05:30,3767.9531011125846,3816.765647514641,3767.9531011125846,3787.525146484375,218912,0.0,0.0,3726.438928222656,3593.136446309119,65.66925215408264,60.462105744032215,-3.0026173450137037,63.46472308904592,64.4465223655905,55514634.0,0.005194344209329798
2022-08-11 00:00:00+05:30,3801.8401257875344,3809.490461582852,3775.791124294545,3786.257568359375,277432,0.0,0.0,3734.5469604492187,3600.7098236444235,65.43706373530993,59.652986561385205,-3.0493892221285748,62.70237578351378,62.25029486007022,55237202.0,-0.004098688243743943
2022-08-12 00:00:00+05:30,3786.257770963445,3811.133395341909,3767.71839053044,3790.48193359375,217139,0.0,0.0,3742.7512329101564,3608.151867171848,65.87015970949149,58.67624156163856,-3.2209073775001755,61.89714893913874,60.90491699945584,55454341.0,0.0011156563778355597
2022-08-16 00:00:00+05:30,3790.4818183065936,3848.681390553996,3790.4818183065936,3840.373779296875,302627,0.0,0.0,3751.0962890625,3617.25860882381,70.5619197800318,61.22228668560092,-0.5398898028302597,61.76217648843118,60.711678088594894,55756968.0,0.013162432477402241
2022-08-17 00:00:00+05:30,3844.081972058992,3867.878179982236,3811.133411730729,3818.549072265625,313179,0.0,0.0,3755.031787109375,3625.152352488195,66.27027426851586,60.778359236803226,-0.7870538013023634,61.56541303810559,60.42832738594574,55443789.0,-0.006642131978182285
2022-08-18 00:00:00+05:30,3828.968696140586,3828.968696140586,3792.828638577112,3811.743408203125,451908,0.0,0.0,3757.784521484375,3632.4696487907413,64.9438027253497,59.195019980061716,-1.896314446435106,61.09133442649682,58.69345097005489,54991881.0,-0.004498675571524838
2022-08-19 00:00:00+05:30,3803.623710128557,3837.839381034374,3801.746304546065,3824.79150390625,223883,0.0,0.0,3761.1873168945312,3640.0116823246826,66.33509345574936,58.320798624401505,-2.216428641676252,60.53722726607776,57.079138507073054,55215764.0,0.0055651650612351545
2022-08-22 00:00:00+05:30,3782.972283974877,3823.711893824411,3763.071830450107,3793.861328125,388178,0.0,0.0,3760.4621704101564,3646.0450017678327,60.23263427617474,54.503878427309246,-4.826679071014816,59.33055749832406,57.41060528914949,54827586.0,0.0028784361429900823
2022-08-23 00:00:00+05:30,3778.2787672767886,3823.1957878946096,3769.8774230579415,3815.310546875,172256,0.0,0.0,3760.929162597656,3652.6828662818393,62.78913035648294,52.60333585491799,-5.381777314724864,57.98511316964285,57.11830239968653,54999842.0,0.009801230104813636
2022-08-24 00:00:00+05:30,3802.1685635982712,3833.615106183914,3802.1685635982712,3816.53076171875,245586,0.0,0.0,3763.0224609375,3659.1082739460317,62.93510940854264,50.61217763496779,-5.898348427740046,56.51052606270784,55.28460527011198,55245428.0,0.00377737017184918
2022-08-25 00:00:00+05:30,3823.336352349917,3844.597878254173,3802.778853517663,3813.90234375,374693,0.0,0.0,3769.468994140625,3665.1786296246187,62.36753590591891,48.26570206758561,-6.595859196097791,54.8615612636834,54.32277808914042,54870735.0,-0.002467480684538415
2022-08-26 00:00:00+05:30,3825.21383380878,3871.5389077362656,3793.720309660976,3805.87646484375,453561,0.0,0.0,3777.473767089844,3670.6961917900753,60.571237735565624,45.23701774087522,-7.699634818246551,52.93665255912177,56.00105094529393,54417174.0,-0.005055238688650117
2022-08-29 00:00:00+05:30,3778.231811131168,3801.7463622438486,3741.200031289595,3783.019287109375,608621,0.0,0.0,3785.5372314453125,3675.101019057499,55.65493926946484,40.52523073981729,-9.929137455443588,50.45436819526088,56.62072113164116,53808553.0,0.0012671207637664206
2022-08-30 00:00:00+05:30,3801.980996690324,3875.8570900213385,3765.653244347058,3834.460205078125,740581,0.0,0.0,3793.5349853515627,3681.350398901445,62.944414440917875,40.47538274800763,-7.983188357802604,48.458571105810236,60.44808717040114,54549134.0,0.008542706661625769
2022-09-01 00:00:00+05:30,3764.1980436048816,3878.485103906352,3764.1980436048816,3826.43408203125,510034,0.0,0.0,3798.3692993164063,3687.0399551026135,61.25258258375875,39.334809602559744,-7.299009202600395,46.63381880516014,64.29372810833465,54039100.0,0.016533678012001313
2022-09-02 00:00:00+05:30,3829.907292094045,3851.309531856539,3778.654029309064,3783.81689453125,556543,0.0,0.0,3799.997937011719,3690.8351291978543,53.09246290793566,34.59327654441631,-9.632433808595067,44.22571035301138,64.89099771113038,53482557.0,-0.012034337660845666
2022-09-05 00:00:00+05:30,3801.7464078164494,3807.237910964603,3702.5255659216223,3714.118408203125,799837,0.0,0.0,3797.801379394531,3691.7481989627668,43.002509353033254,24.924181631724878,-15.441222977029206,40.36540460875408,67.73537966340541,52682720.0,-0.023049406828703742
2022-09-06 00:00:00+05:30,3719.14037620298,3745.424053773319,3679.245508462287,3688.53857421875,508096,0.0,0.0,3793.938610839844,3691.622331325747,39.99812824875243,15.024087104432965,-20.2730540034569,35.297141107889864,67.62417720966445,52174624.0,-0.008228192240345754
2022-09-07 00:00:00+05:30,3675.021246167577,3696.14205792716,3577.583855414935,3609.922119140625,724097,0.0,0.0,3786.079296875,3688.4184014361344,32.486071816542285,0.8249899944312347,-27.577720890766905,28.40271088519814,71.26232187413305,51450527.0,-0.017713945761494373
2022-09-08 00:00:00+05:30,3627.9925318380047,3642.120055482051,3604.6189226814417,3610.814453125,493973,0.0,0.0,3777.8163940429686,3685.375109345502,32.64070950064994,-10.23787699606919,-30.912470305013866,20.674593308944676,68.85080836888136,51944500.0,-0.004734871574915271
2022-09-09 00:00:00+05:30,3628.8845187580737,3642.167072468137,3599.9254440503364,3612.69189453125,485613,0.0,0.0,3769.0747314453124,3682.5247871959236,32.98848185737136,-18.638927010395037,-31.45081625547177,12.811889245076735,66.95015265808988,52430113.0,-0.004462149220544869
2022-09-12 00:00:00+05:30,3604.618782521568,3651.3662281924926,3590.538240402343,3633.0615234375,369281,0.0,0.0,3761.414929199219,3680.58505136226,36.80097723576459,-23.383609165731286,-28.956398728646416,5.572789562915131,66.51285516752272,52799394.0,0.007890637715657489
2022-09-13 00:00:00+05:30,3628.086330562302,3651.5539006176855,3618.699302540149,3629.494384765625,507487,0.0,0.0,3753.3655517578127,3678.581495809451,36.41031105470166,-27.119030928885422,-26.153456393440443,-0.9655745354449801,64.10869394680942,52291907.0,0.00038809831824061417
2022-09-14 00:00:00+05:30,3581.1512046067423,3678.7293154476265,3577.959706736791,3614.240478515625,576311,0.0,0.0,3742.05888671875,3676.0583186606736,34.71328711218765,-30.953430462081542,-23.99028474130925,-6.963145720772292,66.72733071566844,51715596.0,0.009239842726081235
2022-09-15 00:00:00+05:30,3628.086400123159,3646.4850670695305,3521.4029162761512,3537.0322265625,351737,0.0,0.0,3727.983044433594,3670.606315048981,27.68079220979324,-39.76390682808733,-26.24060888585203,-13.523297942235299,70.89553214979065,51363859.0,-0.025097024579560173
2022-09-16 00:00:00+05:30,3567.07054479842,3567.07054479842,3450.765362652685,3463.390869140625,579176,0.0,0.0,3710.5654174804686,3662.4802191310064,22.91280852851102,-52.0880760051582,-30.851822450338318,-21.236253554819882,74.13907857807241,50784683.0,-0.0290657766241778
2022-09-19 00:00:00+05:30,3473.200282151706,3503.0980573317725,3436.684835720358,3480.944580078125,454942,0.0,0.0,3693.3730712890624,3655.361174462266,26.17702987031205,-59.749871769898164,-30.810894572062622,-28.93897719783554,73.58723165188256,51239625.0,0.0022297297297296944
2022-09-20 00:00:00+05:30,3498.357636162138,3574.4862956342854,3496.667925289317,3537.595458984375,268923,0.0,0.0,3680.559777832031,3650.742911110192,35.64775955971189,-60.552634558641785,-25.290925888644992,-35.26170866999679,75.01255193075956,51508548.0,0.011216069625540814
2022-09-21 00:00:00+05:30,3542.523701336296,3574.063978337349,3495.7292744535566,3501.9248046875,197924,0.0,0.0,3664.890490722656,3644.906906936753,32.7948579865966,-63.33704353010171,-22.460267888083933,-40.876775642017776,75.24984849883333,51310624.0,-0.011460444607182627
2022-09-22 00:00:00+05:30,3491.974493985494,3529.522606824048,3473.2004375662173,3500.328857421875,149651,0.0,0.0,3649.0803955078127,3639.237179504797,32.66888396564941,-64.92408289325977,-19.23784580099359,-45.686237092266175,73.89787141019029,51160973.0,0.0023924468665994904
2022-09-23 00:00:00+05:30,3501.361227413081,3538.909337090433,3457.2421985421925,3472.16748046875,158122,0.0,0.0,3631.99365234375,3632.6854266014225,30.446435379533295,-67.67410582198636,-17.590294983776147,-50.08381083821021,74.45281906290816,51002851.0,-0.00833782778987939
2022-09-26 00:00:00+05:30,3444.006767209484,3460.7627046184616,3347.414336385552,3355.393310546875,517637,0.0,0.0,3609.4694946289064,3621.8112259718328,23.352234848978675,-78.37278570781018,-22.631179895679978,-55.7416058121302,78.0456994215003,50485214.0,-0.02572975683622379
2022-09-27 00:00:00+05:30,3369.942954813683,3374.5894877045835,3294.9406949268805,3324.791259765625,344198,0.0,0.0,3586.5580932617186,3610.163384159825,21.91136464873054,-88.3029943905608,-26.04911086274447,-62.25388352781633,78.1602060898005,50141016.0,-0.013398355893105767
2022-09-28 00:00:00+05:30,3308.927588573015,3354.8300668549327,3290.1535313328845,3328.54638671875,181128,0.0,0.0,3561.26240234375,3599.1195803386063,22.54292704984766,-94.77721620112061,-26.018666138643425,-68.75855006247718,77.19708676353247,50322144.0,0.0059290503102837
2022-09-29 00:00:00+05:30,3344.598236109064,3345.3962251973644,3252.652338293621,3263.588134765625,350931,0.0,0.0,3533.1201049804686,3585.9614844337834,19.591154722483243,-103.95138482729453,-28.154267811853884,-75.79711701544065,78.30757248783324,49971213.0,-0.024221175646400563
2022-09-30 00:00:00+05:30,3272.7872987219635,3336.1027564861192,3249.0850531195742,3311.5087890625,276996,0.0,0.0,3509.5046997070312,3575.1986336349096,27.167675451487025,-106.13176235600167,-24.26771627244881,-81.86404608355286,78.92972469345551,50248209.0,0.011831349490893418
2022-10-03 00:00:00+05:30,3311.508719240824,3341.687921830029,3261.9921477887783,3299.868896484375,442640,0.0,0.0,3488.7922241210936,3564.401389040771,26.514161587149456,-107.55909501457108,-20.556039144814562,-87.00305586975652,78.98444250401232,49805569.0,-0.0035149606246900034
2022-10-04 00:00:00+05:30,3332.864320672387,3379.236147729473,3322.256933104125,3360.1806640625,317554,0.0,0.0,3472.3743286132812,3556.39273315927,35.21064634761439,-102.64043578055634,-12.509903928639858,-90.13053185191649,79.01178598551846,50123123.0,0.008196056233276919
2022-10-06 00:00:00+05:30,3376.983500259378,3395.4289195773918,3351.1691719043724,3374.30810546875,353529,0.0,0.0,3460.5936279296875,3549.2521595243475,37.08872894271528,-96.49011842485515,-5.087669258350928,-91.40244916650423,76.52949753462566,50476652.0,-0.0007922439628214559
2022-10-07 00:00:00+05:30,3360.6028388063824,3444.006440957106,3360.555857833608,3382.662353515625,591544,0.0,0.0,3449.1860229492186,3542.719225955378,38.22904152183553,-89.90545548516911,1.19759494506809,-91.1030504302372,77.02386079097369,51068196.0,0.006564154042397268
2022-10-10 00:00:00+05:30,3339.294418737569,3402.7036080463176,3312.7290842870684,3395.240966796875,240975,0.0,0.0,3438.3134765625,3536.9357648119076,39.99268080446053,-82.7185457922078,6.707603710423513,-89.42614950263132,77.94890814585051,51309171.0,0.01675400280531628
2022-10-11 00:00:00+05:30,3412.2316633692203,3412.2316633692203,3303.85847080476,3312.447509765625,258827,0.0,0.0,3422.2827758789062,3528.1323038297005,33.26119148796752,-82.74972085813897,5.341142915593892,-88.09086377373286,80.12207131860833,51050344.0,-0.02924307709666727
2022-10-12 00:00:00+05:30,3329.015348390508,3429.0811534349564,3300.3381626541195,3402.328125,496229,0.0,0.0,3410.924462890625,3523.1988066206927,44.23478202386838,-74.66116539698805,10.743758701395848,-85.4049240983839,83.59499413733894,51546573.0,0.022022360649354467
2022-10-13 00:00:00+05:30,3395.147107246142,3425.1386140459786,3369.9428469296954,3383.835693359375,336605,0.0,0.0,3399.4042236328123,3517.733586492798,42.67986918132394,-68.94831831018746,13.165284630557167,-82.11360294074463,81.56647792154924,51209968.0,-0.003331641760860741
2022-10-14 00:00:00+05:30,3435.6050991148963,3438.468188350065,3334.4128963854146,3351.63818359375,499983,0.0,0.0,3390.134521484375,3511.2200412810707,40.04075966632677,-66.25516745926643,12.686748385182568,-78.941915844449,83.17282178177074,50709985.0,-0.024440211578093906
2022-10-17 00:00:00+05:30,3360.556052642343,3449.545124675903,3358.6786470263414,3406.552490234375,921084,0.0,0.0,3387.2926025390625,3507.1154314361024,46.156076158761714,-59.00947589294765,15.94595196120109,-74.95542785414874,84.22525887465518,51631069.0,0.013687150837988861
2022-10-18 00:00:00+05:30,3423.5898581975857,3440.205081257392,3381.301479992239,3389.9375,496519,0.0,0.0,3382.7422485351562,3502.5202184386085,44.6715326215452,-53.985591682841914,16.77586893704546,-70.76146061988737,82.41656904540504,51134550.0,-0.009829553068983168
2022-10-19 00:00:00+05:30,3406.927720346106,3489.1111931779583,3401.624141399146,3431.756591796875,456361,0.0,0.0,3377.450305175781,3499.74517425658,49.108333326579675,-46.09828372038328,19.73054151960328,-65.82882523998656,83.61350648344455,51590911.0,0.0072877599669906095
2022-10-20 00:00:00+05:30,3406.880883397745,3476.8609893717858,3366.1880279209813,3465.5498046875,310251,0.0,0.0,3375.631555175781,3498.4041793715182,52.42812706924212,-36.697677493901665,23.304918196867916,-60.00259569076958,85.54632469539884,51901162.0,0.017220713989637162
2022-10-21 00:00:00+05:30,3472.2615703926363,3492.302966341792,3418.5208364361674,3443.72509765625,207556,0.0,0.0,3372.8013671875,3496.259901657194,50.15270276739323,-30.655325284832998,23.47781632474927,-54.13314160958227,84.70602506755782,51693606.0,-0.008218411014801346
2022-10-24 00:00:00+05:30,3487.2809321608056,3491.9744462013987,3454.4263338766527,3473.0126953125,29986,0.0,0.0,3372.8436279296875,3495.3482465064217,53.094685449802604,-23.235607640935086,24.718027174917744,-47.95363481585283,82.10197674452859,51723592.0,-0.004091507717866783
2022-10-25 00:00:00+05:30,3472.2616779738405,3498.5453565310904,3420.6330236649565,3430.114013671875,351456,0.0,0.0,3376.5796630859377,3492.790041297224,48.57263846070507,-20.579762351197132,21.899097971724558,-42.47886032292169,81.8027164675004,51372136.0,-0.012138389387334372
2022-10-27 00:00:00+05:30,3464.376879136027,3464.376879136027,3385.10323898603,3400.263427734375,333703,0.0,0.0,3380.353271484375,3489.1615466477006,45.65856891759246,-20.64568799839708,17.46653785961969,-38.11222585801677,81.62206815910729,51038433.0,-0.01850648865248207
2022-10-28 00:00:00+05:30,3417.300529634965,3491.035679702554,3408.42983409518,3445.6962890625,500485,0.0,0.0,3386.2107666015627,3487.4570267423987,50.523830526815885,-16.83778681263857,17.01955123630256,-33.85733804894113,82.27565271689811,51538918.0,0.008309412409381517
2022-10-31 00:00:00+05:30,3462.9685017884,3479.1611246705497,3434.807418515096,3446.77587890625,314769,0.0,0.0,3395.370153808594,3485.8616876115693,50.63692742522608,-13.576383710191294,16.22476347099987,-29.801147181191165,79.56694224822353,51853687.0,-0.004675937096680902
2022-11-01 00:00:00+05:30,3460.574952303017,3514.6910786029744,3438.4684548946807,3503.89599609375,514106,0.0,0.0,3404.9895141601564,3486.5689153951844,56.32543333912668,-6.309846190921235,18.793040792215944,-25.10288698313718,79.32806235251425,52367793.0,0.012518452681368045
2022-11-02 00:00:00+05:30,3516.3806487327493,3516.3806487327493,3467.1927142434147,3507.74462890625,317571,0.0,0.0,3415.38330078125,3487.399335532873,56.68760155622301,-0.23776949202374453,19.89209399289075,-20.129863484914495,77.17519607657285,52685364.0,-0.002455939981813841
2022-11-03 00:00:00+05:30,3523.8903634877684,3580.2125323234814,3502.3471797432067,3542.195068359375,637882,0.0,0.0,3424.484020996094,3489.548187800579,59.893634695085886,7.270448385048439,21.92024949597035,-14.64980111092191,77.2244929696944,53323246.0,0.005194459243473618
2022-11-04 00:00:00+05:30,3547.7804140460403,3576.363869779524,3532.244836159708,3539.9423828125,230932,0.0,0.0,3432.765734863281,3491.5244307422226,59.58305786630214,12.890399744997922,22.032160684735867,-9.141760939737946,74.85981730184595,53092314.0,-0.0022092774407651266
2022-11-07 00:00:00+05:30,3557.6838137913983,3584.577558866613,3528.11467391424,3538.76904296875,272013,0.0,0.0,3440.5710693359374,3493.377160633459,59.41025230788213,17.052996637821252,20.95580606204736,-3.902809424226106,73.54575070545502,52820301.0,-0.005316596924472314
2022-11-09 00:00:00+05:30,3557.6836832483123,3561.4384945235083,3489.95636654216,3510.326171875,249436,0.0,0.0,3446.325329589844,3494.0418277409703,55.228731285752446,17.85100737386165,17.403053438470202,0.4479539353914448,73.39834908230455,52570865.0,-0.013311332763027683
2022-11-10 00:00:00+05:30,3510.326041252495,3538.90949518621,3489.158247641152,3496.29248046875,291055,0.0,0.0,3455.517578125,3494.130088632256,53.237712105336335,17.15330242668415,13.364278793034163,3.7890236336499856,71.70927040107266,52279810.0,-0.003997794113374685
2022-11-11 00:00:00+05:30,3513.799373417243,3552.004532817723,3481.179450028143,3499.155517578125,268871,0.0,0.0,3460.3589477539062,3494.3271642771924,53.60518017478156,16.639578691304905,10.280444046123936,6.35913464518097,71.64611414310889,52548681.0,-0.0041675275913309615
2022-11-14 00:00:00+05:30,3516.662402436881,3537.0322076917278,3483.009814841592,3497.606689453125,200313,0.0,0.0,3466.047497558594,3494.4557731076216,53.360888962320146,15.923910516106844,7.651820696740698,8.272089819366146,70.38727690789653,52348368.0,-0.005418692727101542
2022-11-15 00:00:00+05:30,3497.653772097034,3556.7450701967146,3497.653772097034,3533.418212890625,296104,0.0,0.0,3475.1364990234374,3495.9837119226413,58.11396330654837,18.038492470540405,7.813122120939406,10.225370349600999,69.58378432473175,52644472.0,0.010225266170970422
2022-11-16 00:00:00+05:30,3526.7063566337915,3565.662522138264,3510.419771674379,3517.74169921875,329588,0.0,0.0,3480.6959594726563,3496.83696632641,55.449947162245444,18.23910125907196,6.410984727576768,11.82811653149519,68.55942476324273,52314884.0,-0.0025419347426470207
2022-11-17 00:00:00+05:30,3519.1969265171824,3536.422215200342,3452.924414731723,3467.708984375,185433,0.0,0.0,3484.5845336914062,3495.694692524394,47.90244411275725,14.197206661307973,1.8952721038502247,12.301934557457749,69.62645159934104,52129451.0,-0.01463059420012
2022-11-18 00:00:00+05:30,3467.7088187991208,3479.630527568352,3399.042801404759,3410.26025390625,327528,0.0,0.0,3483.509716796875,3492.344322382506,41.001439533316656,6.285883885936528,-4.812840537216978,11.098724423153506,70.40939978250191,51801923.0,-0.01656672111032823
2022-11-21 00:00:00+05:30,3393.410603048591,3422.322694962221,3385.3376673434814,3397.634765625,226673,0.0,0.0,3480.11396484375,3488.630222117506,39.649537566553626,-0.9912413865586132,-9.671972647769694,8.680731261211081,68.02194462794745,51575250.0,0.0012448132780083097
2022-11-22 00:00:00+05:30,3413.123507724115,3419.6944275684687,3365.249663143826,3397.259521484375,322261,0.0,0.0,3477.7906860351563,3485.047057386795,39.607737540703305,-6.711330618260945,-12.31364950357762,5.602318885316675,67.05214604199709,51252989.0,-0.004647937938325029
2022-11-23 00:00:00+05:30,3400.169467339905,3430.160978002497,3374.636795280257,3386.69921875,340707,0.0,0.0,3473.4750122070313,3481.190279401039,38.3814100012331,-11.958816922555798,-14.04890864629798,2.0900917237421814,66.22872009058587,50912282.0,-0.003961640359191716
2022-11-24 00:00:00+05:30,3395.4757456029884,3407.1625497080117,3377.875067982325,3398.244873046875,397640,0.0,0.0,3471.881555175781,3477.9375183675425,40.54868863255306,-15.012791696568001,-13.682306736248146,-1.3304849603198552,63.59006020737878,51309922.0,0.0008155344497667404
2022-11-25 00:00:00+05:30,3409.6034143370725,3428.7998417136714,3380.268950382765,3417.113037109375,224797,0.0,0.0,3472.7240356445313,3475.5522445927127,44.01427011855385,-15.729268341346597,-11.519026704821393,-4.210241636525204,62.514405287630744,51534719.0,0.0022024915685868868
2022-11-28 00:00:00+05:30,3407.6789321408496,3482.5874630297967,3407.6789321408496,3451.32861328125,185431,0.0,0.0,3473.005651855469,3474.6022982667732,49.73627523689911,-13.381911848856817,-7.3373361698652895,-6.044575678991527,63.399699973439056,51720150.0,0.012809211785975914
2022-11-29 00:00:00+05:30,3454.7548248071066,3470.384134228313,3428.142509656965,3435.74609375,134922,0.0,0.0,3472.4541625976562,3473.0785255406254,47.36216464124711,-12.633364452973638,-5.271031019185688,-7.362333433787949,61.88840887328969,51585228.0,-0.005502193938803733
2022-11-30 00:00:00+05:30,3449.685983904661,3541.631881990706,3445.978153491793,3520.792724609375,1267676,0.0,0.0,3473.2989990234373,3474.949670602145,58.89480022062174,-5.118579108978338,1.79500345984769,-6.913582568826028,65.03107882810515,52852904.0,0.020612525614354334
2022-12-01 00:00:00+05:30,3514.550389239332,3514.550389239332,3374.0266209139327,3480.334716796875,514227,0.0,0.0,3471.928503417969,3475.160848884291,52.95133746683132,-2.40001481472018,3.6108542032846795,-6.010869018004859,70.86929489005782,52338677.0,-0.009735433740605037
2022-12-02 00:00:00+05:30,3479.771333774288,3484.7934855026697,3417.629253281936,3435.042236328125,349992,0.0,0.0,3466.5708618164062,3473.5875699605203,47.20776237722914,-3.855810293196555,1.7240469798466442,-5.579857273043199,70.60464755653466,51988685.0,-0.012854033542959322
2022-12-05 00:00:00+05:30,3446.9167453697064,3446.9167453697064,3415.0008495792463,3435.558349609375,163476,0.0,0.0,3461.35166015625,3472.0962279859655,47.277940435736596,-4.911278508390751,0.534863011721959,-5.44614152011271,67.84116528752934,52152161.0,-0.003295233566516889
2022-12-06 00:00:00+05:30,3428.142808123299,3473.012850187394,3418.849741578707,3468.3193359375,251515,0.0,0.0,3457.8291748046877,3471.9481145723003,51.669781864980244,-3.0688312945940197,1.9018481804149525,-4.970679475008972,66.86416123904061,52403676.0,0.01171961906575162
2022-12-07 00:00:00+05:30,3468.319066577697,3481.2262297625,3407.068710373449,3411.85595703125,167024,0.0,0.0,3452.9056640625,3469.591559374612,44.75069687630991,-6.094547250156211,-0.8990942201177905,-5.19545303003842,67.3851153926128,52236652.0,-0.016279675676482943
2022-12-08 00:00:00+05:30,3412.2317245616987,3434.291240785705,3396.2267956789697,3413.26416015625,141912,0.0,0.0,3448.754248046875,3467.382641758206,44.948695774126634,-8.283333607077111,-2.4703044616309526,-5.8130291454461585,65.29078180076444,52378564.0,0.00030256901579095793
2022-12-09 00:00:00+05:30,3426.26513944254,3444.382148891676,3380.2687033239968,3395.240966796875,166035,0.0,0.0,3443.5585205078123,3464.5535564656047,42.83294260015105,-11.34154536715505,-4.422812977367112,-6.918732389787937,65.20668635554406,52212529.0,-0.0090548078981164
2022-12-12 00:00:00+05:30,3395.240802093618,3402.4220155017074,3354.5011951779525,3376.279052734375,171844,0.0,0.0,3437.492138671875,3461.091811221243,40.664260473779244,-15.120963162889893,-6.561784618481564,-8.55917854440833,63.9719816389877,52040685.0,-0.005584802511665959
2022-12-13 00:00:00+05:30,3393.176173734544,3418.755826749072,3371.163637434206,3413.82763671875,126272,0.0,0.0,3431.5126098632813,3459.2383141819296,46.44657021887736,-14.914398176032137,-5.084175705299046,-9.83022247073309,62.80199647297901,52166957.0,0.006086174700878197
2022-12-14 00:00:00+05:30,3426.265310639619,3443.1149805102687,3417.816985216124,3428.189697265625,132320,0.0,0.0,3427.035009765625,3458.0207213616823,48.513319329507034,-13.436903419899409,-2.885344759333055,-10.551558660566354,60.40809271001756,52299277.0,0.0005616572131848575
2022-12-15 00:00:00+05:30,3412.184609312609,3431.8973677157906,3388.7170397850123,3397.447021484375,161541,0.0,0.0,3423.5219116210938,3455.6452821508074,44.550010832586175,-14.57860213858612,-3.221634782415814,-11.356967356170307,59.17753808292904,52137736.0,-0.004319106237104524
2022-12-16 00:00:00+05:30,3392.237223851004,3405.519776723871,3322.0691899574404,3332.01953125,228381,0.0,0.0,3419.6098754882814,3450.797213488031,37.52399346138806,-20.526244490856698,-7.335421707749113,-13.190822783107585,60.91132727460773,51909355.0,-0.017751616006572286
2022-12-19 00:00:00+05:30,3348.6816269678307,3413.452122135262,3332.3950412229237,3407.256591796875,238078,0.0,0.0,3420.090966796875,3449.0897381275936,47.73224757327938,-18.950344130738358,-4.607617078104617,-14.342727052633741,62.3771318182259,52147433.0,0.017491947982550642
2022-12-20 00:00:00+05:30,3411.245880464872,3411.245880464872,3361.8700228859143,3392.096435546875,152284,0.0,0.0,3419.8328125,3446.8547066538404,46.097785619907036,-18.709063217474522,-3.4930689318726245,-15.215994285601898,61.44846937256387,51995149.0,-0.005613621998830285
2022-12-21 00:00:00+05:30,3393.4107111817225,3432.976943571361,3372.383859579314,3389.702880859375,149348,0.0,0.0,3419.9829956054687,3444.6134585834693,45.83094856565013,-18.497755602752477,-2.625409053720462,-15.872346549032015,61.387370416812665,51845801.0,-0.0010926559258299371
2022-12-22 00:00:00+05:30,3406.693280551205,3424.2939585967947,3362.0111633914325,3380.128173828125,158182,0.0,0.0,3419.0771606445314,3442.0846238871814,44.71589727051673,-18.88519486319501,-2.4102786513303975,-16.474916211864613,61.45132933028049,51687619.0,-0.007797915613577599
2022-12-23 00:00:00+05:30,3360.555909670589,3379.3299650318777,3316.4368795715623,3324.697509765625,122024,0.0,0.0,3414.4563842773437,3437.4812076471203,38.8264686385699,-23.395347600855985,-5.536345111193096,-17.85900248966289,61.611326825014935,51565595.0,-0.010670377422311278
2022-12-26 00:00:00+05:30,3324.8854818801424,3355.674981076527,3308.0358116227103,3334.460205078125,140091,0.0,0.0,3408.6129638671873,3433.4411683306894,40.31741887434094,-25.88353889345808,-6.419629123036152,-19.463909770421928,60.61331558421505,51705686.0,0.0028797151812183157
2022-12-27 00:00:00+05:30,3337.088397542896,3379.3300228282483,3332.3948836223008,3370.834716796875,115917,0.0,0.0,3405.367395019531,3430.9860133685793,45.63407417955719,-24.63633696116949,-4.137941752598049,-20.49839520857144,59.63630298576737,51821603.0,0.010112503845815548
2022-12-28 00:00:00+05:30,3360.555878412752,3383.9764664230183,3332.3947956327565,3366.986083984375,229748,0.0,0.0,3397.6770629882812,3428.476212216258,45.17552271658432,-23.685441917083608,-2.5496373668097334,-21.135804550273875,59.06097211465983,51591855.0,0.0019134350995110034
2022-12-29 00:00:00+05:30,3359.6174476947804,3379.330207236997,3323.00803711638,3350.042724609375,748244,0.0,0.0,3391.162463378906,3425.4003891728507,43.121205704780664,-24.022126127078536,-2.3090572614437264,-21.71306886563481,58.86534340079964,50843611.0,-0.0028499444458996706
2022-12-30 00:00:00+05:30,3360.5562008193588,3419.7884422861234,3348.963128959181,3394.396484375,287867,0.0,0.0,3389.13017578125,3424.1845497690133,49.58436841100669,-20.473961966972638,0.9912855189297396,-21.465247485902378,59.71962696695268,51131478.0,0.010069846041375657
2023-01-02 00:00:00+05:30,3395.287908947251,3398.1040172488383,3304.6561109393992,3354.876708984375,471328,0.0,0.0,3385.09609375,3421.466595228439,44.70949661475795,-20.613314442871342,0.6815464344248277,-21.29486087729617,62.12878977713029,50660150.0,-0.011902142335671842
2023-01-03 00:00:00+05:30,3344.1286778439785,3398.104088082864,3344.1286778439785,3380.92578125,218996,0.0,0.0,3380.726416015625,3419.8767593861476,48.31639329660913,-18.409595496042584,2.3082123050028684,-20.717807801045453,61.54640552439852,50879146.0,0.011003495065789537
2023-01-04 00:00:00+05:30,3368.065624030663,3381.723795515049,3326.2933497080976,3335.0703125,250071,0.0,0.0,3376.8871337890623,3416.5510163710046,42.9987135263732,-20.13122521865853,0.46926606590954023,-20.60049128456807,61.10955125886659,50629075.0,-0.00979651681821346
2023-01-05 00:00:00+05:30,3349.2916309954744,3409.837962329333,3340.233240535876,3399.18359375,294998,0.0,0.0,3376.18310546875,3415.8699409741025,51.101986020804866,-16.136214956107324,3.5714210627685965,-19.70763601887592,62.08512972818563,50924073.0,0.014896273078405159
2023-01-06 00:00:00+05:30,3396.2266917341617,3424.387775413549,3377.452635947903,3418.990234375,173591,0.0,0.0,3377.370568847656,3415.9923054211968,53.31022012720682,-11.242315755178424,6.772256210957998,-18.014571966136423,61.002987566575655,51097664.0,0.00670259812050853
2023-01-09 00:00:00+05:30,3436.121541136052,3444.100514800757,3384.962239403525,3398.80810546875,200031,0.0,0.0,3378.497021484375,3415.3184152269832,50.79312480871557,-8.889917083095497,7.299723906432742,-16.18964098952824,60.86979384019397,50897633.0,-0.01085917224422906
2023-01-10 00:00:00+05:30,3408.05454880088,3413.123452356956,3344.8798032013087,3355.111572265625,247609,0.0,0.0,3375.5612182617188,3412.9573625618323,45.75579922921094,-10.431323426492327,4.60665405042873,-15.037977476921057,61.396497791297776,50650024.0,-0.015534662305767114
2023-01-11 00:00:00+05:30,3365.24954089722,3369.8960739261224,3314.6065706287177,3321.177490234375,308958,0.0,0.0,3370.2106079101563,3409.3581518823244,42.2514266429951,-14.227094787185251,0.6487061517886463,-14.875800938973898,60.96028389887684,50341066.0,-0.013096220689504876
2023-01-12 00:00:00+05:30,3321.177518014466,3360.556055002653,3304.2808674585867,3351.45068359375,182941,0.0,0.0,3367.910791015625,3407.0872707729686,46.20943789123838,-14.623901997952544,0.20151915281708277,-14.825421150769627,60.62563415924751,50524007.0,0.00911519044527996
2023-01-13 00:00:00+05:30,3360.555949631717,3396.085941495642,3337.2290938977394,3384.30517578125,180876,0.0,0.0,3370.5250732421873,3406.1938552830975,50.19874319869096,-12.147265512821832,2.1425245103582355,-14.289790023180068,60.499292262008595,50704883.0,0.007067052745286324
2023-01-16 00:00:00+05:30,3388.670221026082,3398.995952112516,3341.782060700509,3363.512939453125,226147,0.0,0.0,3368.337890625,3404.5200938780004,47.783503129195594,-11.727090361041974,2.050159729710476,-13.77725009075245,60.26462077272276,50478736.0,-0.007423939165534768
2023-01-17 00:00:00+05:30,3369.9430373505143,3391.2515449827865,3349.4322895894816,3385.85400390625,106465,0.0,0.0,3368.025769042969,3403.7880903496966,50.53730432689689,-9.482058073660028,3.4361536136739392,-12.918211687333967,58.94709467419291,50585201.0,0.004721434866817546
2023-01-18 00:00:00+05:30,3402.79755041035,3415.7047135325965,3359.617222874109,3388.623046875,306275,0.0,0.0,3367.97177734375,3403.1933827624534,50.8830579103015,-7.394179684914889,4.419225601935263,-11.813405286850152,58.742837244499675,50891476.0,-0.004165544181034458
2023-01-19 00:00:00+05:30,3379.283017044079,3406.5053975836686,3353.046320255674,3356.754150390625,226186,0.0,0.0,3366.803076171875,3401.372236394931,46.82611368039159,-8.216361525137017,2.8776350093705076,-11.093996534507525,58.36542582189218,50665290.0,-0.006666759350970336
2023-01-20 00:00:00+05:30,3363.418928283648,3366.7513688753584,3333.5681350512614,3353.750244140625,191361,0.0,0.0,3368.255712890625,3399.504707286919,46.45017482084386,-9.006515185992612,1.6699850788119317,-10.676500264804544,56.56669782204967,50473929.0,-0.0028746594905906444
2023-01-23 00:00:00+05:30,3363.8416724941367,3404.6752465846894,3352.1078868359323,3401.436767578125,173482,0.0,0.0,3371.604541015625,3399.5804743571625,52.91302209071669,-5.718889943090289,3.966088257371405,-9.684978200461694,56.281030816814486,50647411.0,0.011176237987477354
2023-01-24 00:00:00+05:30,3403.736553424445,3469.539715253238,3390.078381044302,3460.528076171875,212778,0.0,0.0,3376.089208984375,3401.9705763891125,59.444717132819214,1.6358939378087598,9.056697710616364,-7.420803772807604,57.93676677339456,50860189.0,0.016685052399338297
2023-01-25 00:00:00+05:30,3462.874865875019,3510.748711947024,3448.512666218317,3489.533935546875,375571,0.0,0.0,3382.2166015625,3405.4044336109855,62.215399432544714,9.693404063153139,13.691366268768595,-3.997962205615456,58.24385812734544,51235760.0,0.007698536824003736
2023-01-27 00:00:00+05:30,3614.0057648629504,3750.1176702928537,3595.231708941584,3695.438232421875,2375899,0.0,0.0,3399.486376953125,3416.7783080741574,75.1789467581473,32.32121597402784,29.055342543714634,3.265873430313203,72.69670645724783,53611659.0,0.022532467532467442
2023-01-30 00:00:00+05:30,3698.489107532725,3706.8904519292046,3584.7653526603867,3605.6982421875,654472,0.0,0.0,3410.05146484375,3424.1869329413475,64.75178608087455,42.522480033947886,31.405285282907744,11.117194751040142,76.22730594378855,52957187.0,-0.025088857273159886
2023-01-31 00:00:00+05:30,3640.289395629746,3640.289395629746,3568.009281276088,3584.201904296875,359118,0.0,0.0,3421.517724609375,3430.462029857251,62.515036009557065,48.31552913766518,29.75866750930003,18.55686162836515,75.94536368735066,52598069.0,-0.01540742650850934
2023-02-01 00:00:00+05:30,3594.7153424322787,3648.174420325609,3529.6164416484307,3577.677978515625,328212,0.0,0.0,3431.355334472656,3436.235204314442,61.817119158145985,51.78321137440753,26.581079796833897,25.20213157757363,78.98912190090977,52269857.0,-0.004739558572425313
2023-02-02 00:00:00+05:30,3566.13185506753,3622.547983718392,3510.7483911430804,3558.340576171875,309024,0.0,0.0,3442.51884765625,3441.0236502696357,59.689986928739806,52.36734956238888,21.732174387852197,30.635175174536684,81.33272694908133,51960833.0,-0.0021847983227494903
2023-02-03 00:00:00+05:30,3552.9899959093905,3621.515298340404,3538.1584462604587,3616.3994140625,242350,0.0,0.0,3453.379638671875,3447.9011312026896,63.72586200906884,56.85970302216947,20.979622278106227,35.88008074406324,81.47730731557162,52203183.0,0.01784677644071999
2023-02-06 00:00:00+05:30,3610.767394775351,3632.4982734884743,3570.9195057174898,3613.1611328125,205412,0.0,0.0,3463.08818359375,3454.3819155795454,63.34491249249084,59.47305491490715,18.874379336675126,40.598675578232026,80.05598306238684,51997771.0,0.000662944403622518
2023-02-07 00:00:00+05:30,3635.5960473692417,3656.247509554143,3584.1550866372063,3641.650634765625,246673,0.0,0.0,3475.2303100585937,3461.7257869201762,65.30969636347182,63.115464047473324,18.01343077539304,45.102033272080284,79.48715733771184,52244444.0,0.0016653630704556706
2023-02-08 00:00:00+05:30,3659.8614689390247,3659.8614689390247,3600.394555449581,3642.448486328125,309039,0.0,0.0,3489.5971557617186,3468.812951602841,65.36568617913301,65.31358512729003,16.16924148416779,49.144343643122234,78.0571399199784,52553483.0,-0.0047578256058821876
2023-02-09 00:00:00+05:30,3642.072720634281,3652.023061488839,3597.3436261124803,3610.01611328125,249061,0.0,0.0,3504.0390869140624,3474.3503304921906,61.05205941676873,63.704247552156176,11.647923127227145,52.05632442492903,76.38730388114844,52304422.0,-0.008801748293331175
2023-02-10 00:00:00+05:30,3609.312291717613,3613.020121968935,3567.164627367492,3596.780517578125,170034,0.0,0.0,3516.3055786132813,3479.151514299482,59.33127728574345,60.661565207262356,6.88419262586666,53.777372581395696,74.2064603611695,52134388.0,-0.0034720670107280223
2023-02-13 00:00:00+05:30,3614.803837250079,3672.768736243693,3589.59957492436,3645.452392578125,372862,0.0,0.0,3529.362939453125,3485.673117369233,63.41492937510338,61.469054079982925,6.153345198869779,55.315708881113146,74.84665328675264,52507250.0,0.008478621996639629
2023-02-14 00:00:00+05:30,3656.2005142220073,3667.464948096816,3625.786634430222,3638.506103515625,251160,0.0,0.0,3543.11259765625,3491.6665678063464,62.45112711258755,60.84708009117503,4.425096968049509,56.42198312312552,72.47748617102702,52256090.0,-0.0048395624467405494
2023-02-15 00:00:00+05:30,3629.588280899875,3672.1113337287584,3614.005722995467,3666.009765625,214072,0.0,0.0,3557.1203857421874,3498.503555956098,64.73643638675874,61.86038884267191,4.350724575637109,57.5096642670348,71.4509236397602,52470162.0,0.010034605003765108
2023-02-16 00:00:00+05:30,3670.3279724804665,3689.993750436536,3653.431321967769,3667.136474609375,166844,0.0,0.0,3571.0460571289063,3505.11661158956,64.83086761710372,62.039209933422626,3.6236365331102576,58.41557340031237,68.95888827040358,52637006.0,-0.0008695402413683147
2023-02-17 00:00:00+05:30,3651.5538641868975,3679.7149479724,3634.657213915596,3655.59033203125,167844,0.0,0.0,3585.9878662109377,3511.0175418029594,62.96992713885096,60.55125257739792,1.7085433416684381,58.84270923572948,67.25166296943218,52469162.0,0.001105411009800704
2023-02-20 00:00:00+05:30,3656.200445144713,3693.748557351338,3654.698658161742,3664.508056640625,169828,0.0,0.0,3601.5257568359375,3517.0367776789462,63.833422260558045,59.406816696617625,0.45128596871050775,58.95553072790712,65.23725127087245,52638990.0,0.002272198042901161
2023-02-21 00:00:00+05:30,3686.285771585776,3686.285771585776,3590.2564325413023,3601.896484375,177954,0.0,0.0,3611.5487426757813,3520.3646093140856,54.265561259570894,52.83852280078145,-4.893606341700533,57.73212914248198,67.43668611184395,52461036.0,-0.022892768613127088
2023-02-22 00:00:00+05:30,3601.8966862558277,3651.788649523533,3581.104281264651,3605.27587890625,477992,0.0,0.0,3618.7861328125,3523.6944630235826,54.66057455346359,47.35985651678402,-8.297818100558366,55.65767461734239,67.66866340806095,52939028.0,0.0009381703432296261
2023-02-23 00:00:00+05:30,3611.658991943021,3635.361237439204,3581.3388459286493,3597.01513671875,299446,0.0,0.0,3624.160192871094,3526.569783560648,53.44538665444274,41.86876410818968,-11.031128407322171,52.89989251551185,66.69392970109624,52639582.0,-0.004054606278427467
2023-02-24 00:00:00+05:30,3598.564106235004,3637.37932887828,3598.564106235004,3613.958740234375,263732,0.0,0.0,3620.086218261719,3529.9968014694214,55.62451950464023,38.44111575958959,-11.567021404737808,50.0081371643274,64.81323416241293,52903314.0,0.004277993539894856
2023-02-27 00:00:00+05:30,3567.0237327072223,3567.0237327072223,3403.7834040854395,3416.737548828125,822866,0.0,0.0,3610.63818359375,3525.555262150155,35.05561817903962,19.584816277314985,-24.338656709609936,43.92347298692492,75.19624144716454,52080448.0,-0.04213209530990037
2023-02-28 00:00:00+05:30,3423.44903084266,3513.5644975168834,3403.360883066723,3436.778564453125,723245,0.0,0.0,3603.2670166015623,3522.073823024781,37.58147738786052,6.18688697465177,-30.189268809818522,36.37615578447029,77.69676809023566,52803693.0,0.003893597798704258
2023-03-01 00:00:00+05:30,3445.039221220401,3518.586676101118,3413.968067364269,3502.91015625,432887,0.0,0.0,3599.5286254882812,3521.322306680672,45.160833773710706,0.8948825991010381,-28.385018548295402,29.27990114739644,79.61975670785091,53236580.0,0.016798338513283533
2023-03-02 00:00:00+05:30,3502.346930097357,3527.0348581790317,3454.426109026984,3487.515380859375,276614,0.0,0.0,3595.9873657226562,3519.996544883759,43.82667823802269,-4.489546018023248,-27.015557732335754,22.526011714312506,79.11897045386499,52959966.0,-0.004234745881547986
2023-03-03 00:00:00+05:30,3492.0215605216104,3518.258259175291,3470.806784577835,3503.239013671875,281411,0.0,0.0,3590.329345703125,3519.339386797018,45.59455149338829,-7.402645638783724,-23.942925882476985,16.54028024369326,76.8570064641215,53241377.0,0.003212309247194073
2023-03-06 00:00:00+05:30,3493.570305983009,3542.664510240358,3490.237865073359,3494.837646484375,186747,0.0,0.0,3584.4131713867187,3518.3785342357382,44.783550662010995,-10.270822545918236,-21.448882231689197,11.178059685770961,75.11198065718419,53054630.0,0.00036276370313649857
2023-03-08 00:00:00+05:30,3495.541453186156,3583.779514384663,3483.572992757636,3577.583984375,478922,0.0,0.0,3581.2098388671875,3520.7003165941405,53.54751841087374,-5.800075817543984,-13.582508402651957,7.782432585107973,76.90444786931583,53533552.0,0.023470621729879022
2023-03-09 00:00:00+05:30,3577.583857772156,3603.4451642454696,3568.009135603264,3579.742919921875,295897,0.0,0.0,3578.074560546875,3523.0157128030714,53.753763808297784,-2.0590335130268613,-7.873172878507868,5.814139365481006,73.94241792452226,53829449.0,0.0006034972863119463
2023-03-10 00:00:00+05:30,3595.231758250757,3609.68768983828,3565.193268364589,3587.628173828125,530973,0.0,0.0,3576.9551635742187,3525.549534804054,54.54753166296313,1.5244704105325582,-3.431735163958759,4.956205574491317,71.83898960660575,54360422.0,-0.002114908004242716
2023-03-13 00:00:00+05:30,3588.613827380418,3602.741350371088,3537.3138109740685,3546.841552734375,247745,0.0,0.0,3574.458215332031,3526.384515899361,49.7873567253813,1.0610524809362687,-3.1161224748440386,4.177174955780307,71.3810288773496,54112677.0,-0.01164022562899604
2023-03-14 00:00:00+05:30,3546.841322721174,3561.8605665637288,3506.899475292286,3522.857421875,278919,0.0,0.0,3568.328466796875,3526.246198486641,47.1800214266735,-1.2273800108732758,-4.323643973322866,3.0962639624495907,70.20817619121341,53833758.0,-0.00676204506035622
2023-03-15 00:00:00+05:30,3543.509237859428,3555.3369852429105,3492.490876315762,3501.361572265625,317890,0.0,0.0,3561.471240234375,3525.270330791699,44.90996902032265,-4.721092843541555,-6.253885444792917,1.5327926012513615,69.68231424378021,53515868.0,-0.011894329255160572
2023-03-16 00:00:00+05:30,3511.640160410475,3577.396336759881,3511.640160410475,3567.25830078125,377544,0.0,0.0,3556.5336669921876,3526.916917850113,52.46123199362595,-2.147811530641775,-2.944483305514509,0.7966717748727342,70.13606069024276,53893412.0,0.015838223118018423
2023-03-17 00:00:00+05:30,3583.7796176698816,3593.307359478161,3559.6080204215327,3580.587890625,396793,0.0,0.0,3552.2062377929688,3529.0216618805007,53.83956478495432,0.9560976511102126,0.1275407009899827,0.8285569501202299,67.53343771641313,54290205.0,-0.0008906036044026772
2023-03-20 00:00:00+05:30,3557.683618131981,3599.8782632296097,3553.0840660742488,3571.76416015625,331370,0.0,0.0,3548.014929199219,3530.6978382834714,52.749272913277636,2.6731522985523952,1.4756762787457323,1.197476019806663,66.05206339062369,53958835.0,0.003957783641160965
2023-03-21 00:00:00+05:30,3573.1722313773307,3681.592405480597,3564.019879017964,3666.29150390625,803886,0.0,0.0,3548.1041015625,3536.015236935345,61.697855125805226,11.5286025659384,8.26490123690539,3.2637013290330104,69.73209646719579,54762721.0,0.026060672841685305
2023-03-22 00:00:00+05:30,3681.357751212179,3703.651942986589,3650.239844679358,3683.4228515625,311063,0.0,0.0,3552.180419921875,3541.7959277050372,63.063143604326235,19.701856547825628,13.150524175034093,6.551332372791535,68.56638231291257,55073784.0,0.0005609616043539382
2023-03-23 00:00:00+05:30,3663.2876060908407,3672.580671960762,3616.868799364453,3626.161865234375,256313,0.0,0.0,3553.224719238281,3545.1043958434425,55.89178719793701,21.31305256389396,11.809376152881942,9.50367641101202,68.42264444756502,54817471.0,-0.010134541659993546
2023-03-24 00:00:00+05:30,3609.4061249458737,3644.8889064328846,3578.3349714823794,3593.26025390625,281359,0.0,0.0,3553.036975097656,3546.9928608655136,52.217407572983106,19.70787187151791,8.163356368404711,11.544515503113198,68.28916519777503,54536112.0,-0.004473276345389311
2023-03-27 00:00:00+05:30,3599.878324516392,3608.655287531141,3567.070706876404,3574.157958984375,198811,0.0,0.0,3551.0469360351562,3548.058158830959,50.1557806216245,16.70183074416127,4.125852192838458,12.575978551322812,66.38169487327231,54337301.0,-0.007144787465968607
2023-03-28 00:00:00+05:30,3586.7833168946004,3598.798758295321,3538.4871047725583,3559.185546875,144400,0.0,0.0,3558.1693359375,3548.4945269895493,48.53818768137595,12.961955610081077,0.3087816470066116,12.653173963074465,65.94812049109306,54192901.0,-0.007694295300641199
2023-03-29 00:00:00+05:30,3576.926968076567,3655.3086507519097,3567.2113025657764,3641.509765625,429300,0.0,0.0,3568.405895996094,3552.142183406626,56.790059065646744,16.451313560758535,3.0385116781472554,13.41280188261128,68.10347644722283,54622201.0,0.018055386124688308
2023-03-31 00:00:00+05:30,3638.083445201119,3668.3098589511856,3623.392837929967,3646.625732421875,248433,0.0,0.0,3575.5916748046875,3555.8474206229102,57.24883445861794,19.40577296960646,4.794376869596142,14.611396100010317,66.44730105965111,54870634.0,0.0023480184963937025
2023-04-03 00:00:00+05:30,3665.4467670792296,3750.117714446401,3649.864208810833,3748.9443359375,497915,0.0,0.0,3588.663122558594,3563.419848674463,65.2056119926847,29.6615397616074,12.040114929277664,17.621424832329737,69.09334969999931,55368549.0,0.02277964301874297
2023-04-05 00:00:00+05:30,3749.179140232232,3780.109352952629,3717.310224672519,3776.542236328125,584697,0.0,0.0,3602.3282836914063,3571.7775893667636,66.99020117374383,39.560203350471966,17.551022814513782,22.009180535958183,68.64376245572149,55953246.0,0.007298423220768838
2023-04-06 00:00:00+05:30,3781.094735348688,3815.8267376346616,3773.632094206122,3786.3515625,321813,0.0,0.0,3616.9039794921873,3580.192254979832,67.62578970665665,47.647248382803355,20.510454277476136,27.13679410532722,66.75453966806563,56275059.0,0.0013902923674899944
2023-04-10 00:00:00+05:30,3787.712892127253,3822.397915788317,3783.066358963542,3812.635498046875,218632,0.0,0.0,3628.6565551757812,3589.3076762765786,69.3298500742578,55.53698794312368,22.72015507023717,32.81683287288651,64.79575517925915,56493691.0,0.0065798561373074695
2023-04-11 00:00:00+05:30,3829.907593116093,3927.1100890078433,3821.036897099489,3921.337158203125,685931,0.0,0.0,3645.7362670898438,3602.3284402736986,75.15443667946361,69.75686518440716,29.55202584921652,40.20483933519064,68.34424344938122,57179622.0,0.023872525084252277
2023-04-12 00:00:00+05:30,3921.337055846792,4043.321670249529,3914.8600980800497,4023.2802734375,992142,0.0,0.0,3667.5188720703127,3618.83635529973,79.15296295007435,88.23505893705033,38.424175681487746,49.81088325556258,72.63833835795964,58171764.0,0.02599705563149916
2023-04-13 00:00:00+05:30,4008.260796619111,4042.007344277634,3998.920520790118,4025.486083984375,371608,0.0,0.0,3691.4510986328123,3634.7834034834414,79.23084992236551,101.88271062235299,41.65746189343233,60.22524872892066,70.52751586721364,58543372.0,0.004297446757903923
2023-04-17 00:00:00+05:30,4046.747486574232,4046.747486574232,3962.31099230429,3993.570068359375,718984,0.0,0.0,3714.9867309570313,3648.8534687726938,74.87206501549363,108.86825174334672,38.914402411540834,69.95384933180588,71.52101432455139,57824388.0,-0.013140779945198466
2023-04-18 00:00:00+05:30,3993.4762436251126,4004.5999630762194,3919.130801192031,3951.234619140625,235015,0.0,0.0,3737.4803833007813,3660.711553100848,69.41679945690039,109.72340337632386,31.815643235614374,77.90776014070948,72.51731057881118,57589373.0,-0.010577657636481243
2023-04-19 00:00:00+05:30,3927.6261340439087,4033.5116172936623,3923.824113025456,4004.31787109375,406755,0.0,0.0,3759.333361816406,3674.186310669197,72.15624068580873,113.37754622604189,28.375828868265913,85.00171735777597,75.17232441376797,57996128.0,0.019526231477352714
2023-04-20 00:00:00+05:30,4003.567261225908,4065.0522918496586,3991.410877174417,4049.892333984375,409146,0.0,0.0,3782.798583984375,3688.919880210969,74.28585005639452,118.58399653859351,26.865823344654032,91.71817319393948,75.06297371815896,58405274.0,0.011570949040152234
2023-04-21 00:00:00+05:30,4058.012249419101,4071.1540887648953,4020.510888802675,4044.213134765625,237639,0.0,0.0,3806.421032714844,3702.852949017034,73.53111683284337,120.85869816728973,23.312419978680197,97.54627818860953,73.31870416416336,58167635.0,-0.0034004615573674716
2023-04-24 00:00:00+05:30,4044.2132847728776,4088.004139183752,4020.182858615736,4066.5546875,279716,0.0,0.0,3826.434191894531,3717.115762290876,74.62339155374947,123.04579683334305,20.399614915786813,102.64618191755623,72.92603105015284,58447351.0,0.005524288941743357
2023-04-25 00:00:00+05:30,4073.970260667797,4106.82485954415,4051.535354819571,4076.36376953125,367525,0.0,0.0,3846.0812377929688,3731.2039194375575,75.10905711718901,124.13959524561187,17.194730662444513,106.94486458316736,71.66627916975473,58814876.0,0.0005875126008064351
2023-04-26 00:00:00+05:30,4078.663481139782,4095.231493138663,4018.586504662694,4035.483154296875,964051,0.0,0.0,3866.5473022460938,3743.1364384516487,69.16776111317336,120.32073187190554,10.70069383099053,109.620038040915,72.02190126305575,57850825.0,-0.0105868814729575
2023-04-27 00:00:00+05:30,4036.4219227438566,4151.459764201672,4030.78970610747,4137.98974609375,667011,0.0,0.0,3893.7837768554687,3758.620881888594,74.59446659267095,124.13473248459923,11.611755554947365,112.52297692965186,75.49676960813765,58517836.0,0.025162836119186016
2023-04-28 00:00:00+05:30,4127.804485716482,4167.558637465549,4120.95168086942,4160.28369140625,457064,0.0,0.0,3923.0900634765626,3774.3723646147764,75.60032100042517,127.48670316067455,11.970980984818155,115.5157221758564,73.4332115358513,58974900.0,0.007868397304706676
2023-05-02 00:00:00+05:30,4167.793642542742,4230.264129977907,4152.867901476821,4222.28515625,522701,0.0,0.0,3956.2450439453123,3791.9375721298834,78.18689015509635,133.60603688974243,14.472251771108816,119.13378511863361,73.71628417622519,59497601.0,0.013074426994425924
2023-05-03 00:00:00+05:30,4209.612839693773,4214.728953455918,4163.147049624681,4175.20947265625,351550,0.0,0.0,3982.930029296875,3806.9678427387607,71.95023717647389,133.1224855715368,11.190960362322542,121.93152520921426,72.67498577973187,59146051.0,-0.00817257271574304
2023-05-04 00:00:00+05:30,4174.223339421863,4196.0014272616845,4165.258911211837,4184.45556640625,191019,0.0,0.0,4009.8215209960936,3821.771282882584,72.41563776491705,131.9641495892215,8.0260995040058,123.9380500852157,69.67980937045444,59337070.0,0.0024512888152755877
2023-05-05 00:00:00+05:30,4189.5244140625,4228.198693079968,4156.012541916262,4189.5244140625,180033,0.0,0.0,4031.8505249023438,3836.1929743014043,72.68322341208905,129.95710896495257,4.815247103789488,125.14186186116308,69.85883378425807,59517103.0,0.0
2023-05-08 00:00:00+05:30,4200.694874369745,4278.607203883194,4191.49577061095,4270.3935546875,365732,0.0,0.0,4056.5430908203125,3853.2204480420355,76.58569239428445,133.3547480816651,6.570308976401606,126.78443910526349,71.23197350114637,59882835.0,0.016592178770949755
2023-05-09 00:00:00+05:30,4292.547555617973,4296.443080898989,4242.608379071575,4251.24462890625,329083,0.0,0.0,4079.787744140625,3868.8292394484756,73.8937606140767,132.9694541867775,4.9480120652112305,128.02144212156628,69.98931123873695,59553752.0,-0.009622007951354311
2023-05-10 00:00:00+05:30,4275.791154489118,4295.973264219418,4251.713519899674,4276.68310546875,229527,0.0,0.0,4102.990124511719,3884.823508704173,75.14368712648032,133.18154451700093,4.128081916347725,129.0534626006532,68.18497724405343,59783279.0,0.00020860489846327777
2023-05-11 00:00:00+05:30,4312.400756530503,4312.400756530503,4257.111252084103,4269.12646484375,293197,0.0,0.0,4120.37958984375,3899.8942128665094,74.01010359187977,131.22716481683983,1.7389617729492954,129.48820304389054,67.263872044221,59490082.0,-0.010034849293915968
2023-05-12 00:00:00+05:30,4266.404401642185,4345.114726332779,4240.120722160121,4260.67822265625,620213,0.0,0.0,4132.249487304687,3914.0426054072836,72.68985085687908,127.52655553461318,-1.5693180074218844,129.09587354203506,69.95888148196654,58869869.0,-0.0013421556999450932
2023-05-15 00:00:00+05:30,4288.932781590634,4326.011539496703,4263.634559628267,4284.75537109375,534604,0.0,0.0,4145.212951660156,3928.5803609244003,74.10748349596483,125.09460790355706,-3.2010125107824194,128.29562041433948,69.62848400757275,59404473.0,-0.0009739976608666489
2023-05-16 00:00:00+05:30,4302.544450769543,4313.339533388469,4252.323849020624,4260.162109375,321308,0.0,0.0,4158.542553710938,3941.5835667459924,70.10452185808194,119.80180061501142,-6.795055839462464,126.59685645447388,69.01328403330649,59083165.0,-0.009850529583015112
2023-05-17 00:00:00+05:30,4271.097498962119,4318.032636313351,4232.610686334108,4251.71337890625,346510,0.0,0.0,4173.566491699219,3953.745520164042,68.7310109855864,113.61577879183369,-10.384862130112168,124.00064092194586,70.18533160087335,58736655.0,-0.004538440075549533
2023-05-18 00:00:00+05:30,4261.664078800779,4292.1719206498,4236.60053000288,4241.66943359375,194233,0.0,0.0,4185.434069824219,3965.0366540240307,67.04919980079919,106.67318738074755,-13.861962832958653,120.5351502137062,69.14147867559097,58542422.0,-0.0046917459558791395
2023-05-19 00:00:00+05:30,4256.078497045284,4271.238455601662,4190.416052816425,4208.392578125,398571,0.0,0.0,4193.35908203125,3974.580023596618,61.6654025129952,97.36362230753821,-18.537222324934405,115.90084463247261,69.97583039770859,58143851.0,-0.01120419159406702
2023-05-22 00:00:00+05:30,4219.42268486141,4286.727406204277,4219.42268486141,4245.98779296875,368479,0.0,0.0,4203.447814941406,3985.22346553278,65.0771705569679,91.95929504617652,-19.15323966903688,111.1125347152134,70.57290166067777,58512330.0,0.006295910623662184
2023-05-23 00:00:00+05:30,4256.970686332712,4274.2894789590655,4215.808474560589,4222.37939453125,239196,0.0,0.0,4211.239050292968,3994.5236980425243,61.38269192970947,84.79387529315954,-21.054927537643096,105.84880283080264,69.70919471337766,58273134.0,-0.008125799858692842
2023-05-24 00:00:00+05:30,4229.371950712147,4273.162800253721,4216.6994637106245,4240.68359375,395343,0.0,0.0,4219.455041503907,4004.177027285955,63.130372804278736,79.67379450932094,-20.940006657185364,100.6138011665063,68.76306198692899,58668477.0,0.0026745443932753433
2023-05-25 00:00:00+05:30,4229.465835714063,4366.28175770451,4228.480381194473,4359.33544921875,1016606,0.0,0.0,4235.64765625,4018.1048085382213,71.98204084184188,84.21947701510999,-13.115459321117072,97.33493633622706,73.69437016715098,59685083.0,0.030705913831494673
2023-05-26 00:00:00+05:30,4329.625949345042,4378.625960472895,4323.007819597368,4333.00537109375,484972,0.0,0.0,4245.3984375,4030.4538502070654,68.07620482950756,84.72073796534278,-10.091358696707431,94.81209666205021,72.40321093203494,59200111.0,0.0007805343436699484
2023-05-29 00:00:00+05:30,4374.308340576365,4377.311914556249,4325.636508232408,4335.39892578125,301343,0.0,0.0,4254.15419921875,4042.4124806217396,68.24489094929592,84.33892412118985,-8.378538032688297,92.71746215387815,70.92265346002104,59501454.0,-0.008894986764921975
2023-05-30 00:00:00+05:30,4332.2077777801815,4351.216511208217,4305.548707506869,4310.4296875,229574,0.0,0.0,4258.56142578125,4052.9229593228483,64.42072222890965,81.08680681206897,-9.304524273447342,90.39133108551631,69.11873562011581,59271880.0,-0.005027018877506501
2023-05-31 00:00:00+05:30,4308.457815255437,4345.208395593672,4273.585098818995,4287.1962890625,719613,0.0,0.0,4264.1607666015625,4062.110148724403,60.995738411461836,75.76140896732068,-11.703937694556515,87.46534666187719,69.29763284544164,58552267.0,-0.004934834482457677
2023-06-01 00:00:00+05:30,4305.829778636234,4383.554187768282,4287.290398185381,4358.96044921875,698733,0.0,0.0,4272.886010742188,4073.7513369790836,66.85715133981405,76.45048714737823,-8.811887611599175,85.2623747589774,71.23050897832307,59251000.0,0.012339240823250611
2023-06-02 00:00:00+05:30,4387.68444821049,4418.473714163628,4362.386226502426,4382.89697265625,606833,0.0,0.0,4282.554638671875,4085.8746952409333,68.5545587753724,78.02859884873487,-5.7870207281940225,83.8156195769289,70.39356297593413,59857833.0,-0.0010911166495102798
2023-06-05 00:00:00+05:30,4400.638700783377,4427.814330025576,4382.803347687199,4421.3369140625,234925,0.0,0.0,4290.101806640625,4099.030076371191,71.11316014146512,81.44223042096564,-1.898711324770602,83.34094174573625,68.58052150182293,60092758.0,0.004703456631292658
2023-06-06 00:00:00+05:30,4428.330783491883,4454.098360580428,4421.3372637790335,4436.54443359375,353149,0.0,0.0,4299.366796875,4112.265933517174,72.08100352987151,84.4017469667051,0.8486441767750819,83.55310278993002,66.0220161458304,60445907.0,0.001854795972443143
2023-06-07 00:00:00+05:30,4446.588128321554,4494.414757921925,4446.588128321554,4487.703125,239491,0.0,0.0,4309.917797851563,4126.988960634148,75.10302387742156,89.83964845270748,5.029236530221965,84.81041192248551,65.43975244456932,60685398.0,0.009246414440000229
2023-06-08 00:00:00+05:30,4506.57171297473,4533.840847692359,4483.995634201799,4506.3837890625,295499,0.0,0.0,4321.7806640625,4141.867189199966,76.11950310130885,94.56649434612518,7.804865938911718,86.76162840721346,64.32585680499724,60980897.0,-4.169997155241454e-05
2023-06-09 00:00:00+05:30,4506.383311110996,4526.236782805938,4444.757566614713,4452.642578125,208197,0.0,0.0,4331.378881835937,4154.054459353889,67.5723628578057,92.90513462263698,4.914804972338814,87.99032965029816,65.55109676115634,60772700.0,-0.011925468668742029
2023-06-12 00:00:00+05:30,4458.791035103578,4496.385894576947,4443.20847874655,4477.283203125,137778,0.0,0.0,4341.0052734375,4166.73009636452,69.27583088652102,92.51038544186758,3.616044633255541,88.89434080861204,64.66726240895925,60910478.0,0.00414735022920679
2023-06-13 00:00:00+05:30,4477.612419311089,4501.079989642908,4455.5061513989085,4464.423828125,247078,0.0,0.0,4351.218359375,4178.404360355127,67.28920138052038,90.12104052312407,0.9813597716096041,89.13968075151446,63.30344639717641,60663400.0,-0.0029454517164570096
2023-06-14 00:00:00+05:30,4459.870749025842,4476.157333488253,4423.167379650991,4440.251953125,191238,0.0,0.0,4360.645288085938,4188.672893404926,63.597308944770276,85.29378549535522,-3.0767162049273935,88.37050170028262,62.56676835718252,60472162.0,-0.004398960643675015
2023-06-15 00:00:00+05:30,4451.235019171523,4472.590509327716,4414.250217999792,4432.13232421875,178304,0.0,0.0,4370.168432617187,4198.220322064291,62.35960284690877,79.89201944409342,-6.782785804951359,86.67480524904478,62.264877140806924,60293858.0,-0.004291549394830339
2023-06-16 00:00:00+05:30,4407.209621011004,4425.749001205885,4336.806911410189,4357.41162109375,658995,0.0,0.0,4377.619384765625,4204.4631181046625,52.27687855677815,68.78879030057942,-14.308811958772296,83.09760225935172,64.62634397421793,59634863.0,-0.011299212925985217
2023-06-19 00:00:00+05:30,4360.274506915446,4369.661534917416,4305.501106853751,4315.54541015625,193043,0.0,0.0,4381.097265625,4208.819286420411,47.62998829564659,55.966006591409496,-21.70527653435377,77.67128312576327,64.59306426632135,59441820.0,-0.01025832127960185
2023-06-20 00:00:00+05:30,4303.952306798987,4383.74204422056,4288.979813907137,4376.232421875,453523,0.0,0.0,4388.7899169921875,4215.38450741863,54.01143834670462,50.123005969579935,-22.038621724946665,72.1616276945266,66.74800469825719,59895343.0,0.016793893129770945
2023-06-21 00:00:00+05:30,4391.251852285088,4415.329488278659,4352.765036136373,4365.10888671875,274821,0.0,0.0,4395.011181640625,4221.25605170491,52.74281764928061,44.086606598478284,-22.46001687683865,66.54662347531693,66.44917951568779,59620522.0,-0.005953419764055145
2023-06-22 00:00:00+05:30,4378.156446902902,4382.803208929127,4319.534734250675,4329.39111328125,180102,0.0,0.0,4393.51396484375,4225.496642354962,48.78075956615084,36.00554132868638,-24.432865717304452,60.43840704599083,66.22198631302813,59440420.0,-0.011138325962780115
2023-06-23 00:00:00+05:30,4330.329882191774,4369.66143696819,4323.101687451891,4339.24755859375,348409,0.0,0.0,4393.82607421875,4229.95746259962,49.8992250246535,30.05017196755489,-24.310588062748756,54.360760030303645,64.81754082754749,59788829.0,0.0020593526693310792
2023-06-26 00:00:00+05:30,4341.266192169291,4372.431311469485,4318.549398882292,4324.51025390625,298624,0.0,0.0,4393.281640625,4233.66541519988,48.204273003223534,23.866206744102783,-24.395642628960694,48.26184937306348,64.03642452466504,59490205.0,-0.003859689206173251
2023-06-27 00:00:00+05:30,4349.855094512244,4391.8620475284215,4327.420187811794,4334.9765625,444793,0.0,0.0,4394.508984375,4237.638401368512,49.51580591312686,19.584159385695784,-22.942151989894157,42.52631137558994,64.27323660305835,59934998.0,-0.0034204661279441085
2023-06-28 00:00:00+05:30,4346.194228335864,4449.451542615981,4336.901161720854,4427.2041015625,769406,0.0,0.0,4401.509375,4245.072350395727,59.29648378464265,23.36328027642412,-15.33042487933266,38.69370515575678,67.85907542541,60704404.0,0.018639266671166308
2023-06-30 00:00:00+05:30,4484.959225435858,4580.7338076874,4483.991805413115,4538.69921875,587936,140.0,0.0,4410.496313476562,4256.587129546875,67.49512587417365,34.952079151336875,-2.9933008035359236,37.9453799548728,73.97840618965931,61292340.0,0.011982270208692873
2023-07-03 00:00:00+05:30,4532.556505120673,4535.265092250438,4438.571271481583,4460.43505859375,457367,0.0,0.0,4414.373217773437,4264.581165980087,58.57601456742375,37.39001330980045,-0.44429331605788036,37.83430662585833,75.84623055242774,60834973.0,-0.01591186926085613
2023-07-04 00:00:00+05:30,4461.69258677714,4522.49455218329,4461.69258677714,4474.7041015625,286373,0.0,0.0,4417.041577148438,4272.821281100965,59.62360920630539,40.012249900863935,1.7423546200044768,38.26989528085946,74.86146362650716,61121346.0,0.0029162732600452523
2023-07-05 00:00:00+05:30,4496.519931891228,4740.357951444369,4482.056814090156,4730.73193359375,891033,0.0,0.0,4431.750952148437,4290.778561590879,72.87759703308481,62.03460135332534,19.011764857972707,43.022836495352635,88.48949121617588,62012379.0,0.052087393195210996
2023-07-06 00:00:00+05:30,4730.68372280059,4777.119882042804,4674.573363716248,4757.4814453125,888595,0.0,0.0,4445.2398681640625,4309.0806354623155,73.84366852842186,80.71549757024422,30.15412885991327,50.56136871033095,89.49356458120303,62900974.0,0.005664661618098168
2023-07-07 00:00:00+05:30,4716.6562309596575,4753.079499646904,4663.496312774209,4676.50830078125,405959,0.0,0.0,4453.74609375,4323.489563514039,66.16130274364497,87.97229649473684,29.928742227524708,58.04355426721213,89.81439086385214,62495015.0,-0.00851194749256486
2023-07-10 00:00:00+05:30,4691.019118429046,4789.695948719779,4687.197620855843,4738.37451171875,659388,0.0,0.0,4468.032690429687,4339.7595614828515,68.8295268776217,97.5904857383448,31.63754517690613,65.95294056143867,91.48390922632906,63154403.0,0.010094905199525711
2023-07-11 00:00:00+05:30,4777.603417596474,4793.033954730489,4745.1948493086375,4757.4326171875,400593,0.0,0.0,4482.0401611328125,4356.138897000681,69.62412647445912,105.53426651374048,31.665060761841445,73.86920575189903,88.85359021100122,63554996.0,-0.004221949510225723
2023-07-12 00:00:00+05:30,4768.413145604282,4786.310415475185,4708.433106036933,4719.51025390625,295827,0.0,0.0,4494.794482421875,4370.388754134233,66.01778972262316,107.53021088782498,26.92880410874075,80.60140677908423,88.06957015580487,63259169.0,-0.01025559032004453
2023-07-13 00:00:00+05:30,4760.673446820295,4827.425421587741,4691.841613690494,4707.90087890625,501038,0.0,0.0,4508.176928710937,4383.624523733136,64.90935043577694,106.94246547278817,21.072846954963154,85.86961851782502,91.46344428019356,62758131.0,-0.011085105606076017
2023-07-14 00:00:00+05:30,4735.472806174249,4746.452645480373,4691.987087414862,4701.2744140625,419873,0.0,0.0,4521.634033203125,4396.081382177425,64.24628454319014,104.73465673588998,15.092030574451968,89.64262616143802,88.82073812200193,62338258.0,-0.007221748178378318
2023-07-17 00:00:00+05:30,4724.830762812915,4746.54905684859,4664.028325651076,4675.685546875,250127,0.0,0.0,4537.5477294921875,4407.046251381252,61.62820527506288,99.7700575597064,8.101945118614708,91.6681124410917,88.37073762739568,62088131.0,-0.010401476455985607
2023-07-18 00:00:00+05:30,4687.681744941244,4832.35968791111,4672.638553041642,4702.24169921875,270028,0.0,0.0,4556.882543945312,4418.622543453311,63.29969320221631,96.86187312077709,4.155008543748323,92.70686457702877,93.467194573258,62358159.0,0.0031060031524577656
2023-07-19 00:00:00+05:30,4721.976745436076,4749.209522377991,4661.222961917883,4666.4951171875,247325,0.0,0.0,4571.395678710937,4428.343036540926,59.539986897346026,90.62796283569423,-1.663121393067641,92.29108422876187,93.07572070803295,62110834.0,-0.011749661474339286
2023-07-20 00:00:00+05:30,4670.703456329484,4729.716072492719,4626.250321270431,4710.07763671875,450566,0.0,0.0,4588.644116210938,4439.391452234174,62.46702139699265,88.1877160184149,-3.282694568277577,91.47041058669248,93.81786574476541,62561400.0,0.008430032169117588
2023-07-21 00:00:00+05:30,4684.3440047510285,4720.428578168016,4677.717083943765,4704.27294921875,367833,0.0,0.0,4607.388208007813,4449.778961919844,61.825486100214135,84.8078015203364,-5.330087253084869,90.13788877342127,90.16741063615729,62193567.0,0.004254372532740737
2023-07-24 00:00:00+05:30,4703.595957228253,4758.7388962578725,4693.099355938358,4723.669921875,288534,0.0,0.0,4626.609326171875,4460.51978387887,63.18605913993791,82.74058653834709,-5.917841788059349,88.65842832640644,88.41541989925425,62482101.0,0.004267791032496877
2023-07-25 00:00:00+05:30,4725.362781942774,4749.935154386245,4621.703827981476,4690.97119140625,743269,0.0,0.0,4644.932373046875,4469.557093977983,59.346136975464155,77.56961525821771,-8.871050454550982,86.44066571276869,91.25941322107673,61738832.0,-0.0072780846939299254
2023-07-26 00:00:00+05:30,4730.683378176868,4743.7435470123255,4683.231620357241,4711.7705078125,387130,0.0,0.0,4663.7720703125,4479.055659226396,60.97090903213982,74.29350499128486,-9.717728577187074,84.01123356847194,89.06316418064873,62125962.0,-0.0039979150690184154
2023-07-27 00:00:00+05:30,4739.390751524332,4748.09753183944,4667.124285959701,4692.95458984375,321326,0.0,0.0,4677.059594726563,4487.443852583939,58.685912646728525,69.37911739442825,-11.70569293923495,81.0848103336632,88.48531287344088,61804636.0,-0.00979791794243733
2023-07-28 00:00:00+05:30,4696.8238030747,4740.35770032256,4672.299613150469,4733.10205078125,255158,0.0,0.0,4686.779736328125,4497.077507415206,61.96160000638482,67.94081496575745,-10.515196294324596,78.45601126008205,87.02622532334446,62059794.0,0.0077239958805355394
2023-07-31 00:00:00+05:30,4736.004579976033,4777.506803238319,4707.513872207431,4770.73486328125,325463,0.0,0.0,4702.2947265625,4507.809168429561,64.78050645880934,69.04173326277396,-7.53142239784647,76.57315566062043,85.80956144531186,62385257.0,0.007333245295424304
2023-08-01 00:00:00+05:30,4780.7477188437415,4816.445421875145,4739.535532939429,4763.52783203125,391794,0.0,0.0,4716.735913085938,4517.837351315902,63.805315436014524,68.54255583721351,-6.424479858725533,74.96703569593905,85.17387055176934,61993463.0,-0.0036019233444629976
2023-08-02 00:00:00+05:30,4753.321469456217,4777.071914559237,4664.173808381469,4674.67041015625,249850,0.0,0.0,4713.932836914062,4523.987667348857,53.17645460206275,60.28200931904303,-11.748021101516812,72.03003042055984,87.1541730964835,61743613.0,-0.01654654746272912
2023-08-03 00:00:00+05:30,4679.41017589376,4753.562818649311,4649.420158227291,4669.05859375,418377,0.0,0.0,4709.511694335937,4529.6767232861575,52.580722722412325,52.67543043258138,-15.483679990382768,68.15911042296415,88.36763647687901,61325236.0,-0.0022121553261321633
2023-08-04 00:00:00+05:30,4672.638967413652,4705.724922964448,4546.874357524671,4558.4833984375,451353,0.0,0.0,4703.61044921875,4530.806396821505,42.48183254132305,37.294756973158655,-24.691482759844398,61.98623973300305,93.4021314028003,60873883.0,-0.02443064182194625
2023-08-07 00:00:00+05:30,4589.004957853523,4589.004957853523,4513.014305706652,4517.9482421875,436583,0.0,0.0,4692.589135742188,4530.302155463309,39.48772092178619,21.585786590725547,-32.320362513822005,53.90614910454755,92.15845431309106,60437300.0,-0.015484122662456003
2023-08-08 00:00:00+05:30,4517.948166870628,4544.939089980194,4486.023307362466,4498.64794921875,487053,0.0,0.0,4679.64990234375,4529.060814041954,38.11043109750001,7.49257233244316,-37.13086141768351,44.62343375012667,89.78397776342226,59950247.0,-0.0042718988662603305
2023-08-09 00:00:00+05:30,4498.986769618464,4537.00618717306,4465.707615652073,4514.513671875,282034,0.0,0.0,4669.400073242187,4528.490337878544,39.96419428613704,-2.3688634965656092,-37.59383779735383,35.22497430078822,88.46359160324832,60232281.0,0.003451199803784484
2023-08-10 00:00:00+05:30,4517.85128347324,4555.000116040468,4477.993391552057,4485.53955078125,330123,0.0,0.0,4658.282006835938,4526.8059932864935,37.74096191550218,-12.379389962708956,-38.08349141079774,25.704101448088785,87.64524395218852,59902158.0,-0.007152013349839487
2023-08-11 00:00:00+05:30,4485.539303830645,4498.502636307984,4432.331208132378,4449.21240234375,274197,0.0,0.0,4645.67890625,4523.76310736717,35.10415663175698,-22.979211542732628,-38.94665039265713,15.967438849924502,86.1113999681469,59627961.0,-0.008098669753238275
2023-08-14 00:00:00+05:30,4426.913903138255,4482.734225874858,4393.054203267223,4466.2880859375,154258,0.0,0.0,4635.209033203125,4521.509184958164,37.3209192417302,-29.659880909430285,-36.50185580748383,6.841974898053545,86.36630158525317,59782219.0,0.008894273451158114
2023-08-16 00:00:00+05:30,4427.881196608501,4464.643155418011,4411.193202148922,4450.71240234375,188763,0.0,0.0,4622.632568359375,4518.732840541912,36.109275934783945,-35.798523908943025,-34.11239904559726,-1.6861248633457686,84.13262888549066,59593456.0,0.0051562371982193265
2023-08-17 00:00:00+05:30,4426.9624112981455,4516.352403440959,4426.9624112981455,4506.09765625,311184,0.0,0.0,4614.6126953125,4518.237343118701,43.174087631606376,-35.781844763231675,-27.276575919908723,-8.50526884332295,84.50815483244232,59904640.0,0.01787574359111153
2023-08-18 00:00:00+05:30,4498.067573712153,4498.067573712153,4445.585037525989,4465.17529296875,243546,0.0,0.0,4602.367578125,4516.156478406939,39.68257316904126,-38.62546877391924,-24.09615994447703,-14.529308829442208,82.79418796755438,59661094.0,-0.00731253592890281
2023-08-21 00:00:00+05:30,4453.034564256502,4479.106723987118,4443.166690633055,4460.62890625,118491,0.0,0.0,4590.185375976563,4513.978926557647,39.30229712920752,-40.77587776528253,-20.997255148672256,-19.778622616610274,79.4474626380193,59542603.0,0.0017054307313166637
2023-08-22 00:00:00+05:30,4467.497190161264,4485.490823506477,4451.727961400283,4477.6064453125,96290,0.0,0.0,4577.8822021484375,4512.552554744112,41.554678547680695,-40.64165516646153,-16.690426039881004,-23.95122912658053,76.18427688574607,59638893.0,0.002262845329483176
2023-08-23 00:00:00+05:30,4488.828866732822,4514.3204785864,4468.513046430799,4508.90283203125,263771,0.0,0.0,4568.778784179687,4512.409428363216,45.56476664846007,-37.57676438735416,-10.900428208618905,-26.676336178735255,74.0145022621643,59902664.0,0.004471982758620784
2023-08-24 00:00:00+05:30,4536.232568528266,4573.091366534747,4425.414791871838,4479.2998046875,433867,0.0,0.0,4557.155249023437,4511.111011748481,42.58817151737495,-37.108766506501524,-8.345944262213013,-28.76282224428851,79.27607886221749,59468797.0,-0.01255067128518877
2023-08-25 00:00:00+05:30,4473.349787295324,4495.503609371124,4420.867255729413,4434.701171875,293384,0.0,0.0,4544.242578125,4508.114547439717,38.50686781445064,-39.87693526858129,-8.891290419434224,-30.985644849147068,78.94466991789561,59175413.0,-0.00863974812121537
2023-08-28 00:00:00+05:30,4437.071685303387,4469.480254246517,4436.587975319161,4450.5673828125,283469,0.0,0.0,4530.1158447265625,4505.8577958857095,40.68464485817653,-40.325609804898704,-7.471971964601309,-32.853637840297395,75.78998509315426,59458882.0,0.0030415775237108687
2023-08-29 00:00:00+05:30,4464.64314291702,4518.818661010921,4455.01712530648,4512.57861328125,320941,0.0,0.0,4517.208032226563,4506.121357352202,48.37935147672203,-35.27081950615957,-1.933745332689739,-33.33707417346983,75.2515060292447,59779823.0,0.010736685739436527
2023-08-30 00:00:00+05:30,4536.184174441782,4566.99612338367,4509.725143104288,4522.6884765625,370694,0.0,0.0,4505.166064453125,4506.771048301625,49.52890002582754,-30.10208223535392,2.587993550492733,-32.69007578584665,73.96718276139738,60150517.0,-0.0029751212385335625
2023-08-31 00:00:00+05:30,4522.688717673776,4549.824661030591,4452.260727233345,4463.482421875,479472,0.0,0.0,4494.606665039062,4505.073455108424,43.42941261096416,-30.432448197852864,1.8061020703950277,-32.23855026824789,75.65266497824372,59671045.0,-0.013090950868984166
2023-09-01 00:00:00+05:30,4471.802076724052,4545.906542588808,4468.51294322573,4516.35205078125,456071,0.0,0.0,4486.971337890625,4505.515752977947,49.419616415734446,-26.12695314805478,4.88927769615449,-31.01623084420927,76.13634038792692,60127116.0,0.009962420807728158
2023-09-04 00:00:00+05:30,4530.4275878727785,4536.618981026274,4471.801844919616,4486.0712890625,328037,0.0,0.0,4483.350732421875,4504.753224981263,46.38978485053789,-24.871518324231147,4.915770015982499,-29.787288340213646,75.32782579640771,59799079.0,-0.00979075328982482
2023-09-05 00:00:00+05:30,4487.861289743341,4580.73360787556,4484.330301288964,4548.421875,353620,0.0,0.0,4484.8744140625,4506.46572106043,52.80581027821064,-18.63064352053152,8.925315855745701,-27.555959376277222,76.83321728142117,60152699.0,0.013494308613117163
2023-09-06 00:00:00+05:30,4548.325183306156,4556.54825340253,4514.659155860811,4531.20166015625,224928,0.0,0.0,4486.502099609375,4507.435757887717,50.99074360986924,-14.902446570462416,10.122810244651848,-25.025256815114265,74.33720872858531,59927771.0,-0.003764797471551681
2023-09-07 00:00:00+05:30,4526.558524395327,4571.059847781132,4503.340442628819,4563.51416015625,319934,0.0,0.0,4488.952124023437,4509.634910917855,54.17377986816336,-9.234030765474017,12.6329808397122,-21.867011605186217,73.86450847313728,60247705.0,0.008164179378606242
2023-09-08 00:00:00+05:30,4563.513541770499,4628.717551421257,4549.485952604064,4604.4833984375,209769,0.0,0.0,4494.89931640625,4513.354459448038,57.906698117677806,-1.4195317873864042,16.35798385423985,-17.777515641626255,74.24787206914125,60457474.0,0.00897770025047549
2023-09-11 00:00:00+05:30,4623.300402387076,4653.290423829637,4607.821681642528,4649.8076171875,151600,0.0,0.0,4504.9290771484375,4518.705563673116,61.6304307185448,8.334723116099667,20.889791006180737,-12.555067890081071,72.43066873506952,60609074.0,0.005733396598399208
2023-09-12 00:00:00+05:30,4686.133782584059,4691.841465481738,4607.434079764577,4663.54443359375,305478,0.0,0.0,4514.79189453125,4524.385519356278,62.7072199484921,16.977777433390656,23.626276258777384,-6.648498825386727,73.2861485195046,60914552.0,-0.0048204660896072025
2023-09-13 00:00:00+05:30,4662.964511031239,4685.215171561056,4643.857965576287,4651.6455078125,207142,0.0,0.0,4524.838549804687,4529.376107138874,61.1074975587069,22.606720184520782,23.40417520792601,-0.7974550234052256,71.0055097670235,60707410.0,-0.0024274264133818586
2023-09-14 00:00:00+05:30,4658.078944637847,4699.726185139075,4631.571259725671,4686.666015625,249498,0.0,0.0,4533.866967773438,4535.544338844213,64.01703152330077,29.552892818630426,24.28027827362852,5.272614545001905,70.80189659890785,60956908.0,0.006137094567721175
2023-09-15 00:00:00+05:30,4735.423905655209,4981.245413934588,4733.585902191094,4963.34814453125,1689829,0.0,0.0,4558.775610351562,4552.320958675076,78.01228946808662,56.729774620568605,41.16572806045336,15.564046560115244,86.78600386395645,62646737.0,0.04813174985323831
2023-09-18 00:00:00+05:30,4957.060060580398,5103.04364353389,4928.279315693149,5007.99462890625,804973,0.0,0.0,4586.143896484375,4570.190514370417,79.40432640962447,80.9372531378076,52.298565262153886,28.638687875653716,93.07016986229816,63451710.0,0.010275156585431391
2023-09-20 00:00:00+05:30,5007.366085578447,5091.870319847356,4997.788721736361,5014.08984375,622924,0.0,0.0,4612.96806640625,4587.598331208833,79.59426336055301,99.46709244069825,56.66272365203562,42.80436878866263,93.14241473720504,64074634.0,0.0013427734374999055
2023-09-21 00:00:00+05:30,4999.626601782708,5016.6046339753775,4907.818537490062,4919.5244140625,640829,0.0,0.0,4633.4991455078125,4600.61504034035,68.96739396966295,105.307563686516,50.002555918282695,55.30500776823331,94.25982057635578,63433805.0,-0.016021634033958947
2023-09-22 00:00:00+05:30,4886.438048651894,4918.507924740114,4833.423625629979,4838.115234375,498375,0.0,0.0,4651.439916992187,4609.9287734397485,61.37092285291131,102.18916569963221,37.507326345119125,64.68183935451309,93.67703256608185,62935430.0,-0.009889169533260654
2023-09-25 00:00:00+05:30,4837.100418469633,4895.290642029206,4830.183459345839,4842.373046875,539731,0.0,0.0,4671.823510742188,4619.044235143092,61.60909679348723,98.92108205521254,27.391394160559557,71.52968789465298,91.63632900303078,63475161.0,0.0010900390624999923
2023-09-26 00:00:00+05:30,4847.741379994571,4936.695833539769,4837.2447790396345,4904.04541015625,450923,0.0,0.0,4694.497412109375,4630.220751810275,64.97744143394436,100.15304456643389,22.898685337424723,77.25435922900917,92.19452368139535,63926084.0,0.011614487190680612
2023-09-27 00:00:00+05:30,4900.175856760227,4902.448915807893,4854.513444893719,4868.9765625,257406,0.0,0.0,4712.317309570312,4639.5837247785,61.664317308199394,97.17939721015227,15.940030384914479,81.2393668252378,89.14719808004791,63668678.0,-0.006366974405048171
2023-09-28 00:00:00+05:30,4883.342774484683,4961.75245352371,4817.896902107143,4843.4853515625,580065,0.0,0.0,4728.357153320312,4647.579867005324,59.297497891200436,91.7086720874513,8.375444209770805,83.3332278776805,93.05493760408496,63088613.0,-0.008161913828870855
2023-09-29 00:00:00+05:30,4865.155432961592,4916.9124056526725,4841.840515274734,4898.72509765625,248079,0.0,0.0,4750.119287109375,4657.42869957987,62.643620602137695,90.78396779552077,5.960591934272202,84.82337586124856,91.77043423078881,63336692.0,0.006900018952574968
2023-10-03 00:00:00+05:30,4899.982211357361,4907.721571217353,4834.294489020287,4853.01416015625,464531,0.0,0.0,4766.952392578125,4665.098717641689,58.36754549498085,85.378452691637,0.44406146431074944,84.93439122732624,90.46019479980859,62872161.0,-0.009585351369694087
2023-10-04 00:00:00+05:30,4847.983418257565,4855.674596116764,4743.308386533498,4758.35205078125,256544,0.0,0.0,4780.566430664063,4668.7557110981425,50.65602042090605,72.61899535022894,-9.852316701677836,82.47131205190678,92.02491014148413,62615617.0,-0.01848838161012726
2023-10-05 00:00:00+05:30,4774.217452543841,4875.119164364708,4764.640089514863,4847.78955078125,657876,0.0,0.0,4795.534814453125,4675.776645987676,56.503293484762246,68.92931799897997,-10.83359524234146,79.76291324132143,93.79221038733941,63273493.0,0.0154102947695035
2023-10-06 00:00:00+05:30,4953.190088200461,4953.190088200461,4834.681145660508,4851.22412109375,279352,0.0,0.0,4811.5359375,4682.6569391290905,56.715417519907255,65.5270086689543,-11.388723657893706,76.915732326848,95.55769125538322,63552845.0,-0.020585918426513743
2023-10-09 00:00:00+05:30,4795.54925304708,4903.562076896021,4795.54925304708,4844.162109375,244083,0.0,0.0,4825.568334960937,4688.990475217166,56.1095040031384,61.551283801267346,-12.29155882046453,73.84284262173188,96.44734358349446,63308762.0,0.01013707789509854
2023-10-10 00:00:00+05:30,4844.161658658579,4899.014558002481,4839.228194881278,4873.3779296875,307502,0.0,0.0,4839.0130615234375,4696.22135578463,58.103663497944105,60.065567262609875,-11.0218202872976,71.08738754990748,93.82870212190221,63616264.0,0.006031233696897655
2023-10-11 00:00:00+05:30,4890.307714379182,4929.00451132778,4885.470614760607,4899.4013671875,575680,0.0,0.0,4851.492749023438,4704.189199369057,59.85338757854333,60.29298017662222,-8.635525898628202,68.92850607525043,91.09997923035777,64191944.0,0.001859525686201705
2023-10-12 00:00:00+05:30,4919.330198157122,4983.179911643527,4886.534757977341,4940.2265625,472168,0.0,0.0,4865.32685546875,4713.445566550663,62.499332555537556,63.040763935588075,-4.710193711729886,67.75095764731796,91.49606311863123,64664112.0,0.004247806815388414
2023-10-13 00:00:00+05:30,4924.119383160461,4956.527951615177,4875.796567515341,4887.79248046875,387366,0.0,0.0,4877.134204101562,4720.282700429803,57.277906621642785,60.29239693017098,-5.966848573717584,66.25924550388856,90.72715747443156,64276746.0,-0.007377339959697655
2023-10-16 00:00:00+05:30,4870.959666856527,4933.261419957998,4868.057406876275,4911.30126953125,158560,0.0,0.0,4888.365966796875,4727.773624708291,58.93441277450387,59.327370091251396,-5.545500330109732,64.87287042136113,88.90407573209525,64435306.0,0.00828206461022847
2023-10-17 00:00:00+05:30,4917.395832193654,4982.2129718271335,4904.81937226477,4973.748046875,318565,0.0,0.0,4888.885961914062,4737.419680479536,63.03457200041834,62.87670885067382,-1.5969292565498563,64.47363810722368,88.08189886282868,64753871.0,0.011459767853629737
2023-10-18 00:00:00+05:30,4982.212865852134,5029.374589582288,4958.656095011799,4969.97509765625,360985,0.0,0.0,4886.9849853515625,4746.539500760976,62.627712141518124,64.64001011937398,0.1330976097202381,64.50691250965374,86.8416556990901,64392886.0,-0.002456291717232983
2023-10-19 00:00:00+05:30,5127.326062164883,5315.972964452082,5074.117961519776,5303.97705078125,2838352,0.0,0.0,4901.479345703125,4768.399796840203,76.86420862257219,91.92890611913117,21.937594887581938,69.99131123154923,105.35281363457167,67231238.0,0.03445284861438679
2023-10-20 00:00:00+05:30,5272.439078477073,5330.484279341041,5259.765781813829,5310.45849609375,763919,0.0,0.0,4921.026049804687,4789.657000732499,77.04693517528229,112.77851080348137,34.2297596575457,78.54875114593567,102.87893391261741,67995157.0,0.007210973337155891
2023-10-23 00:00:00+05:30,5275.389460877402,5314.424952491319,5219.279100677158,5229.2919921875,451167,0.0,0.0,4940.584887695312,4806.897588632695,69.63032602728894,121.35362514993994,34.24389920320341,87.10972594673653,102.32657090558487,67543990.0,-0.008738211468890254
2023-10-25 00:00:00+05:30,5209.556393459388,5247.237589191372,5158.573173510124,5173.08447265625,620266,0.0,0.0,4957.120458984375,4821.257858594404,64.96650584418029,122.20528155393276,28.07644448575698,94.12883706817578,101.35070267527504,66923724.0,-0.007000964774837438
2023-10-26 00:00:00+05:30,5160.07327851932,5173.23028503739,5065.411136732024,5088.00048828125,746266,0.0,0.0,4966.318212890625,4831.718353876241,58.57114351544625,114.69255455217262,16.450973987197457,98.24158056497517,101.81273450599583,66177458.0,-0.013967396652698631
2023-10-27 00:00:00+05:30,5093.466241346003,5246.995982527244,5093.466241346003,5198.4794921875,843465,0.0,0.0,4982.793359375,4846.101143613938,63.58399217203137,116.31261713246477,14.456829253991685,101.85578787847308,105.89721734456717,67020923.0,0.020617246854226
2023-10-30 00:00:00+05:30,5212.458557439706,5221.890901711243,5103.140105882415,5135.935546875,360967,0.0,0.0,4997.415869140625,4857.467198643783,59.215727700545095,111.26713642676805,7.529078838635968,103.73805758813208,106.81533009344294,66659956.0,-0.014680790210885282
2023-10-31 00:00:00+05:30,5166.0227062436015,5191.320644309868,5120.167093550429,5140.91796875,400987,0.0,0.0,5009.5255126953125,4868.582915118537,59.4546967155007,106.4435810784098,2.164418792222179,104.27916228618763,104.26806014101409,67060943.0,-0.004859587137172318
2023-11-01 00:00:00+05:30,5132.162887135573,5271.955071337476,5132.162887135573,5170.23095703125,619765,0.0,0.0,5025.3863525390625,4880.412250095506,60.90601638872609,103.78976804924514,-0.39151538955398735,104.18128343879913,106.80549757393467,67680708.0,0.00741754903982085
2023-11-02 00:00:00+05:30,5208.492475229459,5217.151073231383,5112.814731121678,5145.12646484375,304362,0.0,0.0,5044.725073242187,4890.793199693477,58.959524790980986,98.52514287412396,-4.52491245174015,103.05005532586411,106.62912932648968,67376346.0,-0.012165902261943381
2023-11-03 00:00:00+05:30,5182.468927235505,5201.8655092385125,5143.385253806378,5194.02978515625,448715,0.0,0.0,5062.037084960937,4902.6848304959385,61.53818268173583,97.17876245844127,-4.697034293938287,101.87579675237956,103.18992404832142,67825061.0,0.0022307626120030726
2023-11-06 00:00:00+05:30,5204.719503227107,5250.6719523727,5201.914079753879,5230.69482421875,394137,0.0,0.0,5081.0106201171875,4915.547967504676,63.39520781559615,97.94130214392044,-3.147595686767289,101.08889783068773,99.8650842746163,68219198.0,0.004990724471421936
2023-11-07 00:00:00+05:30,5230.69515968931,5267.602139895506,5229.195375197179,5242.44921875,202689,0.0,0.0,5100.924975585937,4928.367624416258,63.9953842732846,98.36026582428076,-2.1829056051255833,100.54317142940634,95.47520430488139,68421887.0,0.0022471313471436583
2023-11-08 00:00:00+05:30,5256.96008597571,5258.169360931078,5205.928682859181,5221.74609375,202145,0.0,0.0,5118.3433837890625,4939.872662429346,62.0651537883773,95.91606767271878,-3.7016830053500485,99.61775067806883,92.38702385966818,68219742.0,-0.006698546621963619
2023-11-09 00:00:00+05:30,5245.157474257009,5277.276006638009,5206.799366410224,5242.35205078125,232773,0.0,0.0,5135.49091796875,4951.7345992274595,63.253168943313824,94.55181705877203,-4.052746895437437,98.60456395420947,90.82199645739078,68452515.0,-0.0005348597233787712
2023-11-10 00:00:00+05:30,5233.694149458574,5250.236653975808,5174.777892079722,5216.376953125,149325,0.0,0.0,5149.2984375,4962.112730752853,60.67368340947371,90.33335859311501,-6.616964288875565,96.95032288199057,89.72462256015473,68303190.0,-0.0033087902806406624
2023-11-13 00:00:00+05:30,5257.9273036799295,5262.570730380709,5219.762398607419,5248.44677734375,93497,0.0,0.0,5167.33115234375,4973.341516893673,62.69635843303241,88.55713513356204,-6.714550198742842,95.27168533230488,86.61527646698006,68396687.0,-0.0018030919388224112
2023-11-15 00:00:00+05:30,5344.99545028107,5374.018050011103,5283.177407330709,5356.314453125,640468,0.0,0.0,5189.581811523438,4988.360063412548,68.55473773656227,94.7611377830317,-0.40843803941855583,95.16957582245026,89.39784762414955,69037155.0,0.0021176824095023514
2023-11-16 00:00:00+05:30,5340.158573316914,5401.396072355182,5317.859730542416,5370.0517578125,324712,0.0,0.0,5209.396997070313,5003.328365153723,69.21774992524178,99.63777797881994,3.574561725095748,96.06321625372419,88.97916863762211,69361867.0,0.005597808395606969
2023-11-17 00:00:00+05:30,5375.855768646068,5490.059975955749,5300.8325412687245,5448.025390625,531539,0.0,0.0,5233.29951171875,5020.767464191813,72.7321278439089,108.54315308046353,9.983949461391461,98.55920361907206,96.13975906972229,69893406.0,0.013424769020004442
2023-11-20 00:00:00+05:30,5427.274235665489,5491.027589844361,5423.35637372038,5466.06787109375,679425,0.0,0.0,5241.404052734375,5038.230225246791,73.48643695375978,115.72262599714486,13.73073790245823,101.99188809468663,94.106291716455,70572831.0,0.0071479040387028075
2023-11-21 00:00:00+05:30,5456.732234427547,5521.404352636127,5456.248524451976,5500.70166015625,746193,0.0,0.0,5250.9162109375,5056.366359949123,74.92061613358602,122.79160218474681,16.639771272048137,106.15183091269867,92.03840146414763,71319024.0,0.008057830921460923
2023-11-22 00:00:00+05:30,5494.945353553653,5577.079213395369,5476.854411415807,5564.1640625,497403,0.0,0.0,5267.659814453125,5076.279995343275,77.33945457303469,131.99316716616158,20.67306900277032,111.32009816339126,92.62314435810583,71816427.0,0.01259679659991199
2023-11-23 00:00:00+05:30,5611.03572897768,5751.311622202122,5594.686426241988,5732.205078125,1118718,0.0,0.0,5295.6158447265625,5102.002547609225,82.22738313902732,151.10315616537628,31.826446401588,119.27670976378828,99.37488831124982,72935145.0,0.021594827586206896
2023-11-24 00:00:00+05:30,5746.47498356148,5765.823384179533,5707.778182325376,5737.0908203125,297211,0.0,0.0,5328.070361328125,5126.907970068177,82.34661229857268,164.7431422946438,36.37314602468442,128.3699962699594,96.42276785002886,73232356.0,-0.0016330295138889226
2023-11-28 00:00:00+05:30,5775.304015903652,5842.878400758006,5719.387326056187,5802.73046875,380535,0.0,0.0,5358.28291015625,5153.410813153739,83.90849413819569,178.7885376582335,40.334833110619286,138.45370454761422,98.35621833944248,73612891.0,0.004748919324562486
2023-11-29 00:00:00+05:30,5814.193902982305,5897.778892237762,5778.689401846831,5872.19091796875,406974,0.0,0.0,5395.095678710937,5181.598268244524,85.38234595163173,193.2962930784024,43.874070824630564,149.42222225377185,99.83716634312024,74019865.0,0.00997507409525783
2023-11-30 00:00:00+05:30,5896.424836809331,5929.22027998326,5834.509957472858,5892.11962890625,501833,0.0,0.0,5432.65576171875,5209.461851015572,85.78463791988425,204.04971608262804,43.70199506308495,160.3477210195431,99.4709632122118,74521698.0,-0.000730138689499672
2023-12-01 00:00:00+05:30,5852.8913223784575,5891.588124509885,5807.712616940787,5849.06982421875,439023,0.0,0.0,5466.597705078125,5234.544516631384,80.62286862084652,206.7152372523742,37.094012986264886,169.62122426610932,98.39496669458691,74082675.0,-0.0006529248450412988
2023-12-04 00:00:00+05:30,5892.119812681347,6015.127646098149,5889.121188518394,5999.64892578125,359158,0.0,0.0,5509.323828125,5264.548611107849,84.20328845969658,218.45988744160786,39.07093054039882,179.38895690120904,103.22802777921635,74441833.0,0.01824964809243575
2023-12-05 00:00:00+05:30,5992.247689881072,5992.247689881072,5912.000483932201,5940.0556640625,565826,0.0,0.0,5546.6251220703125,5291.039083772737,78.0562058911115,220.41808665570443,32.8233038035963,187.59478285210812,102.11520021277583,73876007.0,-0.008709924642585617
2023-12-06 00:00:00+05:30,5890.668261126399,5897.392018732135,5792.765645551575,5872.19091796875,699201,0.0,0.0,5578.699926757812,5313.829351780424,71.64204670371818,214.02668935265228,21.145525200435316,192.88116415221697,105.34197294835789,73176806.0,-0.0031367142637422018
2023-12-07 00:00:00+05:30,5872.191411501734,5953.938404196187,5865.564489808697,5895.07080078125,427407,0.0,0.0,5611.331005859375,5336.623134094182,72.46359626430025,208.4053095891195,12.419316349522006,195.9859932395975,104.12996876543875,73604213.0,0.0038962267535595434
2023-12-08 00:00:00+05:30,5915.773323451499,5920.6104234706745,5851.0043652455215,5877.75390625,233266,0.0,0.0,5644.131396484375,5357.843948688528,70.79195271673414,200.24470069965173,3.40696596804338,196.83773473160835,101.66397515541833,73370947.0,-0.0064267873569092285
2023-12-11 00:00:00+05:30,5886.75051264998,5944.79571080265,5822.223411754382,5938.41064453125,175955,0.0,0.0,5678.934326171875,5380.611270094125,73.13015796282725,196.40778453005896,-0.3439601612395222,196.75174469129848,103.15742686205047,73546902.0,0.008775661847781394
2023-12-12 00:00:00+05:30,5963.177001830489,6094.697942466742,5949.584939502015,6050.4384765625,810900,0.0,0.0,5720.63740234375,5406.87900368112,76.82086002522414,200.10008143067625,2.6786693915022113,197.42141203917404,106.95241765301054,74357802.0,0.014633386650308219
2023-12-13 00:00:00+05:30,6055.952098492695,6122.800912041733,6021.560507947027,6110.3212890625,373989,0.0,0.0,5763.731127929687,5434.46497565686,78.51931102657554,205.4895403251121,6.454502628750447,199.03503769636166,106.5444166845602,74731791.0,0.008977810538385441
2023-12-14 00:00:00+05:30,6118.931268105277,6152.7909668220655,6079.460722550347,6128.46044921875,419212,0.0,0.0,5802.338427734375,5461.680484423993,79.0207807250313,208.81728824261882,7.825800437005711,200.9914878056131,104.17197579792865,75151003.0,0.0015573276926876957
2023-12-15 00:00:00+05:30,6161.449527265577,6193.51940438208,6052.324272635819,6070.75390625,553522,0.0,0.0,5837.37353515625,5485.565716652464,73.16864902735428,204.4414430039251,2.7599641586495807,201.6814788452755,106.81648693709523,74597481.0,-0.014719851329501528
2023-12-18 00:00:00+05:30,6070.753862699681,6275.411364291317,6058.128748921066,6255.04736328125,851061,0.0,0.0,5877.724633789063,5515.741467500652,78.61545926164817,213.38472956865098,9.362600578700352,204.02212898995063,114.70692468232063,75448542.0,0.03035759721933662
2023-12-19 00:00:00+05:30,6259.207069740468,6259.448924727707,6187.52115704828,6209.86865234375,377109,0.0,0.0,5914.9146728515625,5542.962141416068,74.61653320535078,214.35584347399254,8.266971587233513,206.08887188675902,111.6512706106854,75071433.0,-0.007882534775888739
2023-12-20 00:00:00+05:30,6224.380554707798,6255.33799607408,6143.117271121312,6157.0966796875,385863,0.0,0.0,5947.734423828125,5567.045848799262,70.12919844320668,208.46415605432776,1.9002273340549607,206.5639287202728,111.69194592083417,74685570.0,-0.010809730290254851
2023-12-21 00:00:00+05:30,6126.86476290941,6138.280130388645,6028.961666285585,6042.84423828125,397717,0.0,0.0,5971.668432617187,5585.704609171105,61.505140579735816,192.35834686914222,-11.364465480904471,203.7228123500467,112.86645074091136,74287853.0,-0.013713461595692571
2023-12-22 00:00:00+05:30,6083.136472082391,6186.650403779722,6060.160248925274,6164.49658203125,237213,0.0,0.0,5993.2830078125,5608.402333596993,66.2624941941156,187.25217795631488,-13.176507514985474,200.42868547130035,115.07643036645142,74525066.0,0.01337469746441631
2023-12-26 00:00:00+05:30,6171.994382379539,6264.0442979356,6162.513383261548,6253.9345703125,302139,0.0,0.0,6019.1251953125,5633.717323272112,69.26940086348364,188.25234464868572,-9.741072658091724,197.99341730677745,114.10889353128002,74827205.0,0.01327612808055889
2023-12-27 00:00:00+05:30,6259.207214742817,6520.652462004679,6254.56378782947,6491.04931640625,1017894,0.0,0.0,6053.5411376953125,5667.33818574796,75.50302554115777,205.80576160718192,6.249875440323564,199.55588616685836,125.00953625705856,75845099.0,0.037040170377704774
2023-12-28 00:00:00+05:30,6491.049461430038,6519.104641226485,6448.821673211028,6484.90625,406228,0.0,0.0,6084.176904296875,5699.399678463726,75.07811810584779,216.7230287233715,13.73371404521049,202.989314678161,121.10049566837276,75438871.0,-0.0009464126666328626
2023-12-29 00:00:00+05:30,6510.688234935613,6611.299912107447,6448.8215387254495,6575.79541015625,345626,0.0,0.0,6118.360693359375,5733.768138530099,77.12893951262987,230.0570823599346,21.654214145418848,208.40286821451576,124.05605836220312,75784497.0,0.010000044983152387
2024-01-01 00:00:00+05:30,6549.432971192565,6574.102179577411,6464.348198814055,6482.77783203125,253274,0.0,0.0,6150.04609375,5763.141067687007,70.71538840010119,230.46205168504912,17.647346776426673,212.81470490862245,123.15542643220255,75531223.0,-0.010177238160081169
2024-01-02 00:00:00+05:30,6492.355480745746,6517.314727261177,6347.19430180852,6447.90234375,361379,0.0,0.0,6172.458764648438,5789.994451062027,68.41821953816422,225.3708969437139,10.04495362807313,215.32594331564076,126.51006921937783,75169844.0,-0.006846996768365445
2024-01-03 00:00:00+05:30,6427.586247926963,6829.839741433946,6388.841268372486,6758.87939453125,1256275,0.0,0.0,6213.399951171875,5827.989939041212,75.92742866355903,243.62105728625738,22.636091176493295,220.9849661097641,148.97352663666936,76426119.0,0.05154238835941512
2024-01-04 00:00:00+05:30,6796.125709383861,6799.947207450818,6662.621745270698,6696.62646484375,619987,0.0,0.0,6254.621728515625,5862.054116523665,72.22520615739003,250.17726194097213,23.353836664966423,226.8234252760057,148.1415220326301,75806132.0,-0.014640583296263348
2024-01-05 00:00:00+05:30,6723.568668079861,6853.20294168025,6695.029779488731,6751.14013671875,659306,0.0,0.0,6297.4251953125,5896.920234962688,73.4462197686321,256.8115355728314,23.990488237460568,232.82104733537085,148.858067758265,76465438.0,0.004100719424460515
2024-01-08 00:00:00+05:30,6790.272452716936,6820.165634722492,6734.693987593447,6756.31591796875,312733,0.0,0.0,6341.353295898438,5930.622026453122,73.5650435641785,259.4955839530867,21.339629294172653,238.15595465891403,144.3304662847493,76778171.0,-0.005000761749198883
2024-01-09 00:00:00+05:30,7101.829837020928,7157.940193995075,6845.366714376558,6862.7802734375,2125908,0.0,0.0,6387.57177734375,5967.177251825058,75.94912429580138,267.1341392860868,23.1825477017382,243.9515915843486,162.70859555200468,78904079.0,-0.033660277572027
2024-01-10 00:00:00+05:30,6892.867641256313,6907.330759501926,6791.288539174641,6823.93896484375,721432,0.0,0.0,6426.246801757812,6000.775750374812,73.3500593281925,266.97604674707145,18.41956413017826,248.5564826168932,159.37528303595326,78182647.0,-0.00999999999999994
2024-01-11 00:00:00+05:30,6859.007470876626,7086.254323497778,6844.496171572938,7061.05322265625,1031594,0.0,0.0,6473.7833984375,6042.355259091732,78.24458155455982,282.72482048932943,27.334670297948975,255.39015019138046,166.72814558010148,79214241.0,0.029456995438117112
2024-01-12 00:00:00+05:30,7120.211277033359,7121.130514992523,7015.729915902978,7064.052734375,434753,0.0,0.0,6520.563012695313,6082.4218267499,78.29887830243987,292.08094534770134,29.352636125056677,262.72830922264467,162.3476065450617,79648994.0,-0.007887201723845093
2024-01-15 00:00:00+05:30,7064.052734375,7064.052734375,7064.052734375,7064.052734375,0,0.0,0.0,6570.227954101562,6120.917156460689,78.29887830243986,296.08268481967116,26.68350047762118,269.39918434205,150.75134893470013,79648994.0,0.0
2024-01-16 00:00:00+05:30,7099.8950684194215,7116.486226216705,7007.99017245269,7056.31298828125,272181,0.0,0.0,6610.291235351562,6157.599345943848,77.71841359212942,295.22637349456636,20.661751322013117,274.56462217255324,147.73311356536553,79376813.0,-0.006138411866398713
2024-01-17 00:00:00+05:30,6880.291386143755,6975.098550913452,6850.301364634973,6932.48388671875,619338,0.0,0.0,6646.4219970703125,6187.986974993843,68.91565375657227,281.3129662235342,5.398675240784769,275.91429098274943,151.89586428543066,78757475.0,0.007585797991071435
2024-01-18 00:00:00+05:30,6915.118159773348,6955.0242347720405,6840.771838301176,6852.81640625,557084,0.0,0.0,6681.207983398437,6214.058717396046,63.900949970954414,260.85106218492183,-12.050583038262062,272.9016452231839,149.20704515581875,78200391.0,-0.009009499488493262
2024-01-19 00:00:00+05:30,6906.217710626127,6946.07560359598,6873.519103558418,6904.041015625,327976,0.0,0.0,6724.267822265625,6241.116846738358,65.63258562673099,245.9332878348987,-21.574685910628205,267.5079737455269,145.21077031225886,78528367.0,-0.0003151790303074055
2024-01-23 00:00:00+05:30,6844.496348952063,6975.098046069876,6710.556863958691,6864.71533203125,953921,0.0,0.0,6759.278759765625,6265.571689298864,63.12894723779507,228.30582276874247,-31.36172078142755,259.66754355017,153.7343711550393,77574446.0,0.0029540498012366368
2024-01-24 00:00:00+05:30,6844.593363229098,7001.218567366714,6799.221459526356,6977.85546875,467134,0.0,0.0,6795.4748046875,6293.504386532241,67.02610061726152,220.91877901904718,-30.999011624898287,251.91779064394547,157.1817094897049,78041580.0,0.019469689205617386
2024-01-25 00:00:00+05:30,7120.21090408029,7376.722211944935,6975.097910111262,7349.97314453125,2065788,0.0,0.0,6838.42099609375,6334.934533904751,76.00812808234853,242.29821712341345,-7.6956588164256345,249.99387593983909,174.64189465713122,80107368.0,0.032269021739130405
2024-01-29 00:00:00+05:30,7346.587435968388,7391.08875570167,7236.301556629384,7302.85986328125,457853,0.0,0.0,6879.318676757813,6372.892389958732,73.28621593360909,252.5289314687334,2.028044423115432,250.50088704561796,173.2237021153566,79649515.0,-0.005952093140966429
2024-01-30 00:00:00+05:30,7328.109788890676,7410.4373267737,7297.877913373486,7319.88671875,266287,0.0,0.0,6916.5232421875,6410.02942246035,73.6534255156118,259.0248934978308,6.81920516177027,252.20568833606055,168.89053863570354,79915802.0,-0.0011221270392458057
2024-01-31 00:00:00+05:30,7319.886770052245,7435.590299317168,7270.258311804621,7417.7412109375,336874,0.0,0.0,6963.271411132812,6449.547531812395,75.71915475310473,268.9685281566917,13.41027185650492,255.5582563001868,168.63635641262087,80252676.0,0.013368299805620694
2024-02-01 00:00:00+05:30,7429.785618652647,7512.016318859089,7387.557830021242,7406.32568359375,394564,0.0,0.0,7011.192578125,6487.068243646958,74.98057415450504,272.7833163416917,13.780048033203911,259.0032683084878,165.48079444299415,79858112.0,-0.003157552083333362
2024-02-02 00:00:00+05:30,7424.948224785797,7543.457170393127,7415.854571597473,7486.08935546875,197720,0.0,0.0,7047.553076171875,6526.245542149773,76.69138666824337,279.02638271778414,16.01849152743705,263.0078911903471,163.45584389702148,80055832.0,0.00823455313517921
2024-02-05 00:00:00+05:30,7545.875924248359,7582.637883879312,7384.800495865365,7408.744140625,252401,0.0,0.0,7083.158959960938,6560.8533303252725,71.58009850654432,274.5678975523406,9.248005089594756,265.3198924627458,165.91166847680188,79803431.0,-0.018173076923076882
2024-02-06 00:00:00+05:30,7424.948367881132,7495.279989578876,7420.691814431481,7468.869140625,131992,0.0,0.0,7119.04541015625,6596.461793474282,73.08197195528784,272.74209980103933,5.9377658706347916,266.80433393040454,160.24196708230716,79935423.0,0.005915296722312651
2024-02-07 00:00:00+05:30,7492.668065363589,7524.39925311468,7415.855010142931,7450.97216796875,159783,0.0,0.0,7153.77822265625,6629.972004238772,71.86456786033749,266.7757806694526,-0.02284260876155031,266.79862327821417,156.54927250298155,79775640.0,-0.0055648931770496245
2024-02-08 00:00:00+05:30,7477.188940562659,7529.86514682506,7418.32134097313,7504.5185546875,282537,0.0,0.0,7185.86513671875,6664.267947393624,73.29776957549653,263.3326409095125,-2.7727858949613164,266.10542680447384,153.33459631362075,80058177.0,0.003655065338336167
2024-02-09 00:00:00+05:30,7525.36655210363,7536.685555120613,7419.144024416915,7531.2197265625,173555,0.0,0.0,7221.229174804687,6698.266056380639,74.00876288820017,259.76409052455074,-5.073069023938501,264.83715954848924,150.7779487700548,80231732.0,0.0007777926056284602
2024-02-12 00:00:00+05:30,7521.690666809348,7617.658921886865,7513.032068668106,7574.8505859375,219911,0.0,0.0,7246.91904296875,6732.64192028483,75.17210130384323,257.4884675745152,-5.878953579179267,263.36742115369447,147.48144194496223,80451643.0,0.007067549236334411
2024-02-13 00:00:00+05:30,7574.898756601594,7676.622877230004,7557.437014189812,7659.451171875,258767,0.0,0.0,7276.68896484375,6768.987381131504,77.29426540031751,259.5199952801895,-3.077940698803957,262.59793597899346,145.4603291660501,80710410.0,0.011162184207375423
2024-02-14 00:00:00+05:30,7641.65048592542,7871.751424567311,7623.269506151704,7819.94580078125,513900,0.0,0.0,7314.483618164062,6810.201436804043,80.66983041796486,270.9571455574396,6.6873676627569125,264.2697778946827,152.819014112447,81224310.0,0.02333204262406644
2024-02-15 00:00:00+05:30,7856.030495184967,7891.09946817043,7783.183489945834,7858.400390625,394525,0.0,0.0,7354.58798828125,6851.3072781303545,81.38394980811434,279.8976477216547,12.502295861577636,267.3953518600771,149.61165440617197,81618835.0,0.0003016657638340242
2024-02-16 00:00:00+05:30,7919.155241265446,8179.971772344052,7871.993515432936,8053.81982421875,938756,0.0,0.0,7410.65478515625,6898.4646328789195,84.51476367684798,299.30161252193193,25.52500852948384,273.7766039924481,161.89449207137767,82557591.0,0.01700491767753056
2024-02-19 00:00:00+05:30,8126.327939404629,8368.182937601196,8088.694923786809,8232.4541015625,1044959,0.0,0.0,7479.636669921875,6950.777945376315,86.71432060341995,325.34333228151445,41.25338263125309,284.08994965026136,172.78510787931108,83602550.0,0.013059547061011893
2024-02-20 00:00:00+05:30,8227.906905054399,8227.906905054399,7970.283154107553,8024.9423828125,547082,0.0,0.0,7535.68173828125,6992.902040962048,73.63042194707623,325.485131369147,33.11614537510849,292.3689859940385,179.16981070614221,83055468.0,-0.02466781948118756
2024-02-21 00:00:00+05:30,8029.585671065019,8103.931517120975,7937.680774829937,7964.04296875,439817,0.0,0.0,7590.648120117187,7030.985998914517,70.2790148810006,317.0289223374439,19.72794907472428,297.3009732627196,178.2470201050633,82615651.0,-0.00816265060240964
2024-02-22 00:00:00+05:30,7990.888835085165,8271.440622273385,7952.192036852307,8221.5703125,548486,0.0,0.0,7652.8338623046875,7077.675579839438,75.38193454668469,327.33431393839055,24.026672540536765,303.3076413978538,188.3185604847787,83164137.0,0.028868062386501293
2024-02-23 00:00:00+05:30,8220.651309801784,8253.059879249076,8127.343463443874,8162.07421875,340749,0.0,0.0,7693.438916015625,7120.20101665946,72.29373072514588,326.9319059882664,18.899411672330075,308.03249431593633,183.84697872195184,82823388.0,-0.007125602199176164
2024-02-26 00:00:00+05:30,8183.212596112693,8269.458472165534,8102.142984216864,8172.7646484375,345968,0.0,0.0,7736.934155273438,7161.478021827227,72.5116415849358,323.7437071877339,12.568970297438,311.1747368902959,182.66615795243172,83169356.0,-0.0012767537874008306
2024-02-27 00:00:00+05:30,8184.373307299359,8213.395907679853,8110.365676329099,8187.75927734375,392445,0.0,0.0,7780.327783203125,7201.724345572973,72.83437634780906,318.752596391374,6.062287600862476,312.69030879051155,176.97787748088328,83561801.0,0.0004137115839243377
2024-02-28 00:00:00+05:30,8194.04697873122,8210.154898801524,7808.868820008442,7921.86328125,537728,0.0,0.0,7805.53388671875,7229.965088148543,59.4949336469918,289.99859711733006,-18.15336933854519,308.15196645587525,192.99989186032607,83024073.0,-0.03321724883780992
2024-02-29 00:00:00+05:30,7736.844717413317,7878.184875785798,7632.943902492779,7651.66357421875,1042536,0.0,0.0,7817.80078125,7246.5022836807075,49.561422140065865,242.61131510677023,-52.432521079284015,295.04383618605425,199.85128378153286,81981537.0,-0.011009803906604184
2024-03-01 00:00:00+05:30,7695.826098434703,7830.297478407353,7686.4419354873935,7778.10498046875,399007,0.0,0.0,7832.4015625,7267.349448260631,53.47603369836672,212.80621984086974,-65.79009307614763,278.59631291701737,198.33575666775218,82380544.0,0.010691364511313698
2024-03-04 00:00:00+05:30,7805.86991330305,7957.029284203574,7784.489837408274,7939.90576171875,410053,0.0,0.0,7858.959643554687,7293.724205651146,57.97122850349175,199.93669219846015,-62.92769657484581,262.86438877330596,196.9492243154002,82790597.0,0.01717116092176616
2024-03-05 00:00:00+05:30,7894.195301291765,8114.718876984988,7894.195301291765,8079.64990234375,615117,0.0,0.0,7889.498681640625,7324.544821207719,61.436856106323,198.7229288567023,-51.31316793328293,250.03609678998524,198.63310655667325,83405714.0,0.02349252760716959
2024-03-06 00:00:00+05:30,8097.015367337159,8398.31851544966,8091.500884384952,8325.4228515625,959543,0.0,0.0,7933.221215820313,7363.794940045162,66.64601997558965,215.11314522056273,-27.93836125553804,243.05150647610077,207.2070713101902,84365257.0,0.02820884904661567
2024-03-07 00:00:00+05:30,8356.574101804557,8680.514316403132,8223.118321590697,8589.7705078125,1243547,0.0,0.0,7987.483813476562,7411.87241329094,71.15871747398423,246.5906132951477,2.8312854552375484,243.75932783991016,225.07770870320775,85608804.0,0.027905742612583922
2024-03-11 00:00:00+05:30,8729.465397341319,8730.964709256312,8348.833843865037,8377.2763671875,631957,0.0,0.0,8029.786645507813,7449.73139187512,63.69815472188984,251.49119828041876,6.185496352406858,245.3057019280119,236.29579132378396,84976847.0,-0.040344856657669195
2024-03-12 00:00:00+05:30,8355.558804713686,8416.506267972494,8199.126793400184,8249.8681640625,324864,0.0,0.0,8063.537524414062,7481.10930450992,59.65931295949411,242.30107403633792,-2.4037023133392097,244.70477634967713,234.9446258415358,84651983.0,-0.012649140903845007
2024-03-13 00:00:00+05:30,8249.868096429867,8336.452190349624,8026.635921323899,8111.720703125,430048,0.0,0.0,8086.1510009765625,7505.839163279138,55.54669462265634,221.3192581687672,-18.708414544727958,240.02767271349515,240.29260035469218,84221935.0,-0.016745406313181017
2024-03-14 00:00:00+05:30,8059.092618484744,8126.328311058382,7934.827325778917,8110.4140625,392634,0.0,0.0,8100.6744140625,7529.547982856427,55.50771914242917,202.25412331475854,-30.218839518989284,232.47296283374783,236.80748499217594,83829301.0,0.006368141730688458
2024-03-15 00:00:00+05:30,8111.622921014078,8157.381697466692,7845.776097438498,8078.63427734375,676870,0.0,0.0,8111.686108398438,7551.080778718675,54.5059749124116,182.47702199713422,-39.99675266929091,222.47377466642513,242.15020749474863,83152431.0,-0.0040668364384724275
2024-03-18 00:00:00+05:30,8071.184680764166,8268.68384238283,8023.974775931608,8244.1591796875,367524,0.0,0.0,8121.203076171875,7578.260323854707,58.68791361641342,178.10689753927,-35.49350170172414,213.60039924099414,242.33298313449677,83519955.0,0.021431116467397836
2024-03-19 00:00:00+05:30,8223.06968075397,8404.848269595177,8167.491214962486,8358.7021484375,673456,0.0,0.0,8127.515478515625,7608.8658856030515,61.33650058272416,181.79063346214753,-25.44781262307731,207.23844608522484,241.97755967008206,84193411.0,0.016494140625000042
2024-03-20 00:00:00+05:30,8358.508979114662,8497.817462099907,8283.050217497654,8354.251953125,790885,0.0,0.0,8143.98095703125,7638.096711780383,61.172408356114,182.25006188434963,-19.990707360700156,202.2407692450498,240.03396573666575,83402526.0,-0.0005093044704861828
2024-03-21 00:00:00+05:30,8327.744844773024,8484.273208286842,8305.300512330963,8465.5048828125,720691,0.0,0.0,8169.054052734375,7670.544091036545,63.781092101909664,189.40796672713623,-10.266242014330885,199.6742087414671,235.67244646660956,84123217.0,0.016542298138005784
2024-03-22 00:00:00+05:30,8416.601911245592,8755.150718301962,8399.140169756645,8653.8134765625,851210,0.0,0.0,8190.6662109375,7709.103674782661,67.73280641979964,207.8792846469587,6.564060724393272,201.31522392256542,244.26802518651724,84974427.0,0.02818376915272236
2024-03-26 00:00:00+05:30,8653.812922186149,8726.127560226832,8562.681778007085,8668.6142578125,534067,0.0,0.0,8215.993212890626,7746.731540783831,68.0280756214408,221.16280933175403,15.878068327350888,205.28474100440314,238.49500783174796,85508494.0,0.0017103831293144903
2024-03-27 00:00:00+05:30,8667.115390411835,8985.202883164535,8635.867914765633,8863.9853515625,1034030,0.0,0.0,8250.554248046876,7790.5454157163285,71.70831539378648,244.63491382175926,31.48013825388486,213.1547755678744,246.41214787225894,86542524.0,0.02271458868177256
2024-03-28 00:00:00+05:30,8863.985614514375,8942.44299741672,8687.479649263041,8850.103515625,847202,0.0,0.0,8283.671459960937,7832.096713751963,71.08222129386745,259.12949408732857,36.779774815563314,222.34971927176525,247.02294789236032,85695322.0,-0.001566123806275542
2024-04-01 00:00:00+05:30,8895.233721549366,8911.486189503645,8719.453308828266,8747.5576171875,419820,0.0,0.0,8324.956176757812,7867.997141337671,66.46561152209988,259.35230445893103,29.602068149732588,229.75023630919844,243.0950859482902,85275502.0,-0.01660171154402721
2024-04-02 00:00:00+05:30,8851.892511690514,9053.067678542024,8841.73460225087,8973.8837890625,803845,0.0,0.0,8391.0671875,7911.365245170017,70.95005591454876,274.62579860951337,35.90044984025192,238.72534876926144,247.5532984773069,86079347.0,0.013781378073770638
2024-04-03 00:00:00+05:30,8947.619649584361,8947.619649584361,8769.856219585095,8784.609375,453210,0.0,0.0,8441.392407226562,7945.610113006488,63.32355453562398,268.3637590175549,23.71072819863477,244.65303081892014,244.44431783445674,85626137.0,-0.018218283852950063
2024-04-04 00:00:00+05:30,8841.251514308979,8882.608719937243,8695.219274141358,8848.1689453125,617929,0.0,0.0,8486.80556640625,7981.004577018489,64.69592442468002,265.4696052992949,16.653259584299803,248.81634571499512,240.36896983170163,86244066.0,0.0007824040513185279
2024-04-05 00:00:00+05:30,8832.543826351699,8832.543826351699,8707.262947325133,8715.9697265625,356305,0.0,0.0,8518.621557617187,8009.826739745705,59.69282967342762,249.6310046761646,0.6517271689355653,248.97927750722903,233.2644718428206,85887761.0,-0.013198247535597016
2024-04-08 00:00:00+05:30,8754.183402449511,8793.84762164505,8659.666281417269,8736.2861328125,376197,0.0,0.0,8539.164721679688,8038.315343395383,60.20218831773211,235.99772884976664,-10.38523892596993,246.38296777573657,226.1871052988893,86263958.0,-0.002044424798320219
2024-04-09 00:00:00+05:30,8793.84815247204,8835.157177076992,8645.252812414528,8686.3681640625,237944,0.0,0.0,8543.994604492187,8063.729179499976,58.25429997751315,218.64489439774843,-22.190458702390515,240.83535310013895,223.59548096771601,86026014.0,-0.01222217924917494
2024-04-10 00:00:00+05:30,8740.446450433194,8754.957751136113,8611.344056230326,8712.1494140625,319824,0.0,0.0,8560.738256835937,8089.157423992625,58.99228758986941,204.61431305331644,-28.976832037458024,233.59114509077446,217.8824962490068,86345838.0,-0.0032374818072698273
2024-04-12 00:00:00+05:30,8657.489557162948,8821.902771221168,8639.06039554831,8769.5166015625,480474,0.0,0.0,8586.720678710937,8115.838176054189,60.65887600787141,195.8662051560732,-30.179951947761026,226.04615710383422,215.37963049356765,86826312.0,0.012939899454670957
2024-04-15 00:00:00+05:30,8763.954002329723,8878.690579321321,8653.571760013781,8703.92578125,386707,0.0,0.0,8616.330932617188,8138.900435081476,57.76809590709247,181.54786481101291,-35.59863383425707,217.14649864527,216.0752868374228,86439605.0,-0.006849445018055303
2024-04-16 00:00:00+05:30,8656.474142169074,8735.270689955983,8497.913626597245,8628.564453125,487529,0.0,0.0,8642.238452148438,8158.1029455929865,54.55135274186508,162.24914047586753,-43.91788653552197,206.1670270113895,217.5954137318025,85952076.0,-0.0032241405202281105
2024-04-18 00:00:00+05:30,8675.726081715062,8831.577063765431,8658.40888604454,8727.3857421875,819240,0.0,0.0,8674.676025390625,8180.427761145713,57.86465843789811,153.16324400772464,-42.403026402931914,195.56627041065656,216.5537849395617,86771316.0,0.0059545057077488835
2024-04-19 00:00:00+05:30,8779.384706852688,8793.847824842765,8416.602205827821,8517.6494140625,1385007,0.0,0.0,8688.350537109374,8193.652139691469,49.599916127824514,127.5681109813122,-54.398527543475495,181.9666385247877,228.03177308780332,85386309.0,-0.029812487039768597
2024-04-22 00:00:00+05:30,8594.559386369127,8594.559386369127,8460.088004704865,8509.1845703125,323734,0.0,0.0,8695.874658203125,8206.025960500137,49.293903672083545,105.38591824288596,-61.26457622552141,166.65049446840737,221.34888798612178,85062575.0,-0.009933588473660441
2024-04-23 00:00:00+05:30,8556.829673564675,8572.792103142268,8475.566395715106,8509.232421875,295346,0.0,0.0,8703.623681640625,8217.91640996582,49.29580809714634,86.80954550132265,-63.87275917366779,150.68230467499043,212.48294651762464,85357921.0,-0.005562486750989174
2024-04-24 00:00:00+05:30,8532.547977863851,8580.04792164234,8397.205542885953,8413.748046875,319824,0.0,0.0,8701.03583984375,8225.596082001473,45.61430129107836,63.64913756418537,-69.62653368864406,133.27567125282943,210.3657631061076,85038097.0,-0.01392314831361697
2024-04-25 00:00:00+05:30,8413.651786710503,8484.273447102578,8359.863612310322,8450.3173828125,524667,0.0,0.0,8690.86103515625,8234.40868203328,47.23945461797944,47.69538449660649,-68.46422940497835,116.15961390158485,204.22605394083246,85562764.0,0.00435786945211006
2024-04-26 00:00:00+05:30,8462.312655345848,8701.89459279862,8449.978050523245,8681.9169921875,521344,0.0,0.0,8691.526171875,8251.958027529525,56.17185447088363,53.12765068159206,-50.42557057599424,103.5532212575863,207.63251739329982,86084108.0,0.02595086541773221
2024-04-29 00:00:00+05:30,8681.916859297107,8696.911868851928,8444.608929291659,8474.6953125,299443,0.0,0.0,8672.061669921875,8260.692823018564,48.2935921063941,40.24775201177545,-50.6443753966487,90.89212740842414,210.82326183379766,85784665.0,-0.023868179130879637
2024-04-30 00:00:00+05:30,8512.715802400628,8673.887594163998,8508.45877656395,8613.5693359375,360403,0.0,0.0,8660.2349609375,8274.531117642837,53.046408194992324,40.776269145686456,-40.09268661019016,80.86895575587661,209.99247753595483,86145068.0,0.011847398160341641
2024-05-02 00:00:00+05:30,8652.604278174604,8848.458641555442,8538.545084936643,8813.8251953125,638239,0.0,0.0,8663.54833984375,8295.679905002431,58.91151195605373,56.70048908227545,-19.33477333888092,76.03526242115638,217.12969747044377,86783307.0,0.018632646536784446
2024-05-03 00:00:00+05:30,8871.241680996862,8956.954717813389,8769.033376860974,8808.939453125,396042,0.0,0.0,8655.301123046875,8315.807730419003,58.71879761645419,68.14082453806986,-6.31555030646922,74.45637484453908,215.04338629058455,86387265.0,-0.0070229433615048185
2024-05-06 00:00:00+05:30,8822.870835230622,8886.478703368386,8523.502512513618,8757.6181640625,458431,0.0,0.0,8653.9515625,8333.133629777572,56.62342301519024,72.23351074445418,-1.7782912800679185,74.0118020245221,225.61001518802624,85928834.0,-0.007395854749177732
2024-05-07 00:00:00+05:30,8760.134017458582,8779.28874544207,8360.975939174587,8395.1748046875,588285,0.0,0.0,8631.30185546875,8335.566617028942,44.53623460642434,45.70399678798094,-22.64624418923293,68.35024097721387,239.37450026513037,85340549.0,-0.041661373221429446
2024-05-08 00:00:00+05:30,8369.15118848546,8499.123699521566,8312.847150366204,8464.345703125,451581,0.0,0.0,8618.720654296874,8340.616777268004,46.86732341297374,29.915828215525835,-30.74753020935043,60.663358424876265,235.58178947157546,85792130.0,0.011374452736677858
2024-05-09 00:00:00+05:30,8513.295892097889,8713.987357503436,8500.090231366827,8558.619140625,645689,0.0,0.0,8609.8373046875,8349.165889556512,49.954524367125494,24.725647530944116,-28.75016871514572,53.475816246089835,236.58606553635124,86437819.0,0.005323819247159071
2024-05-10 00:00:00+05:30,8658.409084212508,8753.168063083362,8616.326313803207,8689.1728515625,482797,0.0,0.0,8609.9775390625,8362.499495909688,53.94533731480458,30.792033935122163,-18.147025848774142,48.939059783896305,233.58341245935196,86920616.0,0.003553050803072574
2024-05-13 00:00:00+05:30,8728.933694934525,8730.964898896245,8581.498519186609,8699.330078125,435605,0.0,0.0,8609.336572265625,8375.708538349503,54.251004429150214,36.00425749397982,-10.347841831933188,46.35209932591301,227.5750529772294,87356221.0,-0.0033914356374025872
2024-05-14 00:00:00+05:30,8660.585835106502,8792.880522246698,8593.350144018797,8769.904296875,408162,0.0,0.0,8609.35595703125,8391.16719554658,56.4155289675535,45.307455709677015,-0.835714892988797,46.14317060266581,225.57186192370594,87764383.0,0.01262252506353157
2024-05-15 00:00:00+05:30,8773.531175323518,8827.706690354737,8588.124771429884,8613.0849609375,274392,0.0,0.0,8604.813916015624,8399.869853012891,50.677836929361575,39.57015736274843,-5.2584105919339095,44.82856795468234,226.57258028093068,87489991.0,-0.0182875299784983
2024-05-16 00:00:00+05:30,8658.408937855802,8663.777929868049,8426.228139522238,8582.8046875,680474,0.0,0.0,8602.525927734376,8407.043768090818,49.628264240491575,32.2086606929297,-10.095925809402118,42.304586502331816,227.3566667141364,86809517.0,-0.008731887220670455
2024-05-17 00:00:00+05:30,8601.331237264967,8666.486596497312,8479.920027021264,8494.625,323961,0.0,0.0,8590.887890625,8410.478326204904,46.601439796376646,19.039778992155334,-18.611846008141185,37.65162500029652,224.44308833998724,86485556.0,-0.012405781654200924
2024-05-21 00:00:00+05:30,8489.110008672116,8571.340703912814,8489.110008672116,8533.3212890625,417798,0.0,0.0,8591.671484375,8415.295697297359,48.097442409898726,11.592185003746636,-20.847551997239904,32.43973700098654,214.28506026146658,86903354.0,0.005207999465812009
2024-05-22 00:00:00+05:30,8561.667047249033,8561.667047249033,8451.381166640402,8518.6650390625,302838,0.0,0.0,8592.1455078125,8419.349396974423,47.554031472827255,4.4559112521019415,-22.38706059910768,26.842971851209622,206.8565474291212,86600516.0,-0.005022620939265592
2024-05-23 00:00:00+05:30,8561.666911621229,8692.268610273079,8466.086005557092,8671.4208984375,731514,0.0,0.0,8600.254931640626,8429.234553894545,53.45639683985638,10.999686567740355,-12.674628226775415,23.67431479451577,208.23698009246874,87332030.0,0.012819231108757103
2024-05-24 00:00:00+05:30,8687.430756250411,8729.997232116226,8581.110930678078,8656.6669921875,455920,0.0,0.0,8612.40087890625,8438.153473043289,52.8378776623675,14.824273720245401,-7.080032859416296,21.904306579661696,203.99764590287438,86876110.0,-0.0035411809228841433
2024-05-27 00:00:00+05:30,8708.714757958209,8773.967425292703,8592.334322003806,8705.5224609375,301747,0.0,0.0,8625.1611328125,8448.638531392082,54.7067424965113,21.549109894200228,-0.28415734836917395,21.833267242569402,202.4001785733046,87177857.0,-0.00036656350672085156
2024-05-28 00:00:00+05:30,8705.52187853839,8728.304428850392,8625.709734629701,8696.86328125,259094,0.0,0.0,8625.908447265625,8458.372835308079,54.29606476304897,25.881521509614686,3.238603413636227,22.64291809597846,195.2712154052607,86918763.0,-0.000994609790107521
2024-05-29 00:00:00+05:30,8658.408319009117,8841.68621254338,8612.697727604293,8774.6923828125,339934,0.0,0.0,8640.90830078125,8470.777523445508,57.39206334439406,35.1895042787055,10.03726894618163,25.15223533252387,197.67959180053404,87258697.0,0.013430189420391167
2024-05-30 00:00:00+05:30,8772.564934736856,8831.481193152014,8636.738783036346,8676.306640625,305109,0.0,0.0,8644.045166015625,8478.837488825096,52.546280280157596,34.232628105301046,7.264314218221742,26.968313887079304,197.46979310875793,86953588.0,-0.010972651080723362
2024-05-31 00:00:00+05:30,8697.105512715334,8828.190918385291,8632.288374856387,8788.7685546875,560005,0.0,0.0,8642.792333984375,8490.991648270681,57.014104663969,42.06414415556537,12.076664214788853,29.98747994077652,197.35784671019692,87513593.0,0.010539488320355875
2024-06-03 00:00:00+05:30,8880.916121040209,9136.315016024371,8825.337649830222,9031.3017578125,438422,0.0,0.0,8653.91044921875,8512.18028001742,64.72701761373885,67.06796188975386,29.664385559181873,37.40357633057199,208.08560489781652,87952015.0,0.016933572474128557
2024-06-04 00:00:00+05:30,8926.384665241334,9067.482499483933,8521.035670472058,8945.4912109375,738601,0.0,0.0,8663.3041015625,8529.172865543698,60.58500201424426,79.04825453033118,33.31574255980735,45.73251197052383,232.2542637631064,87213414.0,0.0021404573534194015
2024-06-05 00:00:00+05:30,8939.927746630021,9363.657684193484,8877.045449959645,9289.408203125,489543,0.0,0.0,8708.015771484375,8558.986016037083,69.11534564303777,114.96866261946889,55.388920519156045,59.57974210031284,250.42269022530155,87702957.0,0.039092089600692645
2024-06-06 00:00:00+05:30,9282.684942169932,9422.670805196349,9145.988685043763,9385.376953125,570095,0.0,0.0,8754.067333984374,8591.39350376602,71.00135405193511,149.45687508110677,71.90170638463513,77.55516869647164,252.2983637915361,88273052.0,0.011062748719236713
2024-06-07 00:00:00+05:30,9329.411148181134,9422.767178322025,9301.743314037818,9408.69140625,246783,0.0,0.0,8796.570947265625,8623.444401902647,71.45736474360098,176.63418452306178,79.2632126612721,97.37097186178967,242.92161382672685,88519835.0,0.008497884465550895
2024-06-10 00:00:00+05:30,9460.399423456824,9600.675312239036,9366.075980999822,9415.9462890625,201452,0.0,0.0,8832.909619140624,8654.522907281465,71.60698783597316,196.49276024156825,79.29743070382285,117.1953295377454,242.32716507047598,88721287.0,-0.0046988644352693116
2024-06-11 00:00:00+05:30,9422.671302983968,9577.458511246536,9384.070865025027,9493.0029296875,457442,0.0,0.0,8872.59326171875,8687.404476787586,73.21315406985167,215.9592081592964,79.01110289724079,136.9481052620556,238.83148515269258,89178729.0,0.00746408576103668
2024-06-12 00:00:00+05:30,9532.95648194746,9620.024280138578,9476.556086068427,9581.5693359375,277175,0.0,0.0,8913.176513671875,8722.4697653817,74.96603455513208,235.81475152037274,79.0933170066537,156.72143451371903,232.01982150393957,89455904.0,0.0050994519991880965
2024-06-13 00:00:00+05:30,9581.327377818488,9616.15449672009,9505.143055221237,9600.095703125,277783,0.0,0.0,8962.52705078125,8756.886468822613,75.32970746678842,250.1616281570241,74.75215491464405,175.40947324238005,223.37636578929053,89733687.0,0.001958843964559823
2024-06-14 00:00:00+05:30,9583.125907573029,9747.94865114924,9570.495808630698,9715.5205078125,320933,80.0,0.0,9019.162841796875,8794.479960547706,77.52077702366424,267.75889053224273,73.87953383189014,193.8793567003526,220.09611412709418,90054620.0,0.013815387746794297
2024-06-18 00:00:00+05:30,9676.752757935838,9790.665561013457,9663.098803228006,9673.046875,206100,0.0,0.0,9078.083935546874,8828.933565036032,74.88515843629418,275.1063260658775,64.98157549241992,210.1247505734576,213.4868743884054,89848520.0,-0.00038296761615598155
2024-06-19 00:00:00+05:30,9693.819974654823,9702.1098755336,9430.9813526749,9446.390625,279789,0.0,0.0,9123.73740234375,8853.14756738756,62.64507561132772,259.6469085943263,39.61772641669495,220.02918217763136,217.60413499342647,89568731.0,-0.02552444240781704
2024-06-20 00:00:00+05:30,9452.437847555677,9495.253129630191,9328.576971922206,9393.9208984375,324597,0.0,0.0,9167.5001953125,8874.354364683637,60.19231352325325,240.39027103648186,16.288871087080395,224.10139994940147,213.96642233018068,89244134.0,-0.006190672719769203
2024-06-21 00:00:00+05:30,9435.858050847455,9488.474731445312,9334.52581959525,9364.90625,334018,0.0,0.0,9202.174462890625,8893.591693519573,58.820823099469074,220.24911272080317,-3.081829782878657,223.33094250368183,209.6794572958865,88910116.0,-0.007519379844960981
2024-06-24 00:00:00+05:30,9343.206632317668,9517.7336314511,9275.473070161142,9504.3720703125,283754,0.0,0.0,9244.559716796875,8917.54386515851,63.16535856159853,213.08452007423512,-8.19713794355738,221.2816580177925,212.00667900974867,89193870.0,0.01724947807933192
2024-06-25 00:00:00+05:30,9513.881078033508,9582.15085511832,9406.599999757374,9421.1806640625,282048,0.0,0.0,9280.342626953125,8937.294327860627,59.15613010967786,198.40657012237534,-18.300070316333745,216.7066404387091,209.4026916062627,88911822.0,-0.009743701146847724
2024-06-26 00:00:00+05:30,9421.13202488552,9421.521566440117,9208.129940892855,9240.4609375,431217,0.0,0.0,9307.522509765626,8949.183214513152,51.507800107842606,170.22931980613248,-37.18185650606131,207.4111763121938,209.68761545919116,88480605.0,-0.019177216379972797
2024-06-27 00:00:00+05:30,9328.235594138328,9328.235594138328,9134.154388091,9184.673828125,637626,0.0,0.0,9328.02158203125,8958.418140537146,49.385160266136815,141.76293753065875,-52.51859102522806,194.2815285558868,208.57287192977245,87842979.0,-0.01539002360784495
2024-06-28 00:00:00+05:30,9231.048485614649,9288.297756512138,9150.34386203466,9266.79296875,237516,0.0,0.0,9357.5458984375,8970.511271055297,52.48895581289849,124.39549895978234,-55.90882367688357,180.30432263666592,203.52865925460853,88080495.0,0.0038722018621237214
2024-07-01 00:00:00+05:30,9270.060081887656,9454.339899145025,9270.060081887656,9296.783203125,289355,0.0,0.0,9382.946630859375,8983.306248783521,53.60782703040355,111.76330226368555,-54.83281629838433,166.59611856206988,202.38710719320972,88369850.0,0.0028827344160969933
2024-07-02 00:00:00+05:30,9284.688812990296,9296.782696195403,9149.22170133526,9168.8740234375,287884,0.0,0.0,9389.825244140626,8990.583416417012,48.3752537415435,90.38904490832465,-60.9656589229962,151.35470383132085,198.4709925215333,88081966.0,-0.012473739495798587
2024-07-03 00:00:00+05:30,9239.826147754198,9318.775454416036,9152.635513711944,9189.501953125,318120,0.0,0.0,9402.02578125,8998.384143346737,49.235817641642086,74.25829014733608,-61.677130947187834,135.93542109452392,196.16163167743034,88400086.0,-0.005446443885898208
2024-07-04 00:00:00+05:30,9245.58086996064,9264.208384574174,9187.502035666064,9227.0009765625,234656,0.0,0.0,9398.905419921875,9007.349509355197,50.840115652757554,63.76536119117554,-57.73604792267871,121.50140911385425,187.62911147962174,88634742.0,-0.0020095971967004794
2024-07-05 00:00:00+05:30,9286.639994754263,9421.228980185484,9258.649196429717,9397.626953125,608628,0.0,0.0,9399.517919921875,9022.654507150091,57.43214709721629,68.42892368702269,-42.45798834146527,110.88691202848796,188.10046091843333,89243370.0,0.011951250229731092
2024-07-08 00:00:00+05:30,9401.723285235885,9427.22730354056,9235.925260496248,9293.857421875,316215,0.0,0.0,9393.776220703125,9033.289915570676,52.79539526991453,63.024983848303236,-38.28954254414778,101.31452639245101,188.3291453559961,88927155.0,-0.011472988524377578
2024-07-09 00:00:00+05:30,9328.57703967195,9328.57703967195,9246.848557294868,9298.4404296875,262913,0.0,0.0,9387.900927734376,9043.687974947807,52.975964655502054,58.43849047995354,-34.30082872999799,92.73931920995153,180.7148122860737,89190068.0,-0.0032305688055410675
2024-07-10 00:00:00+05:30,9313.948153547844,9411.476406464575,9218.321892047858,9306.5849609375,239607,0.0,0.0,9378.580029296874,9053.997660672892,53.31771740558147,54.82882448788587,-30.32839577765253,85.1572202655384,181.60336243826256,89429675.0,-0.0007905554646597046
2024-07-11 00:00:00+05:30,9306.584209279772,9332.96540907817,9151.075232079049,9232.8037109375,294900,0.0,0.0,9361.141748046875,9061.009662644054,49.78768528888473,45.49022492728545,-31.733596270602362,77.22382119788782,181.62384919260958,89134775.0,-0.007927774216957506
2024-07-12 00:00:00+05:30,9265.135247817883,9318.190044772482,9179.358960796464,9197.6455078125,171581,0.0,0.0,9341.01923828125,9066.367931082032,48.15168293442899,34.85060821397019,-33.8985703871341,68.74917860110429,178.56722310571016,88963194.0,-0.007284269274026886
2024-07-15 00:00:00+05:30,9197.644906976017,9497.788079059028,9171.507527966718,9434.248046875,504086,0.0,0.0,9326.955615234376,9080.7946022896,58.124157914733196,44.99184486562808,-19.005866988380966,63.99771185400905,189.11817510475302,89467280.0,0.025724317723934985
2024-07-16 00:00:00+05:30,9474.868926975489,9665.000429587348,9395.530081263829,9478.1357421875,1041123,0.0,0.0,9317.21005859375,9096.376607775792,59.67356720477308,55.92554335136629,-6.45773480211421,62.3832781534805,194.85761604895058,90508403.0,0.0003447873777663081
2024-07-18 00:00:00+05:30,9504.128019649335,9504.128019649335,9061.837403239795,9388.2646484375,1055384,0.0,0.0,9314.303759765626,9107.823197605663,55.171812863966366,56.685299149577986,-4.558383203122013,61.2436823527,212.5314017889927,89453019.0,-0.012190847069009728
2024-07-19 00:00:00+05:30,9396.846565220265,9435.85786388231,9109.138237587676,9154.0498046875,380782,0.0,0.0,9302.310205078125,9109.63600572652,45.53150561986395,37.950757904307466,-18.634339558714032,56.5850974630215,220.68770353939556,89072237.0,-0.025838110566943545
2024-07-22 00:00:00+05:30,9118.89165342488,9201.790668456017,9034.237320325014,9177.1162109375,247040,0.0,0.0,9292.920703125,9112.282288283812,46.52255316448661,24.680266453973672,-25.52386480723827,50.20413126121194,216.8923924387961,89319277.0,0.006385047627005399
2024-07-23 00:00:00+05:30,9201.790220948242,9272.985842159604,8528.45481416584,9150.587890625,431989,0.0,0.0,9275.231494140626,9113.78446876778,45.49725815424985,11.885681885860322,-30.6547595002813,42.54044138614162,254.58086640700807,88887288.0,-0.005564387917329132
2024-07-24 00:00:00+05:30,9128.64452997091,9141.030808653495,9021.363451093046,9031.3115234375,283213,0.0,0.0,9255.738037109375,9110.550235617573,41.11028365203011,-7.788938527313803,-40.263503930764344,32.47456540345054,245.6268359159328,88604075.0,-0.010662372295673173
2024-07-25 00:00:00+05:30,9031.116133076684,9079.831685424098,8944.315988817092,9048.9150390625,262328,0.0,0.0,9246.1607421875,9108.133169086,41.99916505631266,-21.71049528518779,-43.34804855091066,21.637553265722875,237.76175453672374,88866403.0,0.0019708423326134164
2024-07-26 00:00:00+05:30,9088.65775533319,9270.060303084234,9039.357414695394,9258.259765625,250956,0.0,0.0,9249.8400390625,9114.020486597334,51.39494969719198,-15.670420594375173,-29.84637908807844,14.175958493703266,237.2575498118749,89117359.0,0.018660842432127917
2024-07-29 00:00:00+05:30,9313.167852066505,9383.241518816443,9273.961305028672,9321.4091796875,302363,0.0,0.0,9252.570849609376,9122.15337652244,53.824906616483666,-5.7220279559096525,-15.918389159690335,10.196361203780683,229.2378500532726,89419722.0,0.000884911316096033
2024-07-30 00:00:00+05:30,9314.5817750965,9415.3768360164,9276.8867271792,9327.9423828125,301885,0.0,0.0,9254.12880859375,9130.223533631854,54.08067929478523,2.6586722574847954,-6.030151157036711,8.688823414521506,222.75586853783878,89721607.0,0.0014343754812181908
2024-07-31 00:00:00+05:30,9362.711869202349,9440.734468112369,9343.254793114302,9425.3251953125,315292,0.0,0.0,9266.9513671875,9141.796147815408,57.83030298860504,16.962879151085872,6.619244589251492,10.34363456183438,214.90131259226948,90036899.0,0.006687520345052083
2024-08-01 00:00:00+05:30,9600.680891430296,9600.680891430296,9423.179477143389,9489.986328125,308658,0.0,0.0,9281.9755859375,9155.450664690296,60.156747470592634,33.13472273480511,18.23287053837658,14.901852196428527,212.22989128474362,90345557.0,-0.01152986590816741
2024-08-02 00:00:00+05:30,9474.674191785698,9489.498676194316,9344.91304631294,9378.51171875,230615,0.0,0.0,9289.551123046875,9164.198157006362,54.567613653322105,36.534805447294275,17.306362600692598,19.228442846601677,207.43299060812333,90114942.0,-0.010149422670287534
2024-08-05 00:00:00+05:30,9163.949075031884,9284.68885090651,9137.713596363716,9250.6025390625,310757,0.0,0.0,9282.19990234375,9167.586564145819,48.94801054969539,28.57875556950239,7.480250178320571,21.09850539118182,209.8162143065634,89804185.0,0.009455908508561284
2024-08-06 00:00:00+05:30,9280.05709555901,9382.21794059827,9167.65578395257,9194.37890625,246541,0.0,0.0,9277.2259765625,9168.637244228335,46.67272597613676,17.534623212179213,-2.8511057432020905,20.385728955381303,210.15521018793027,89557644.0,-0.009232506699771447
2024-08-07 00:00:00+05:30,9333.453079141274,9484.621859419947,9262.745101268993,9468.2373046875,270583,0.0,0.0,9285.7158203125,9180.386266207128,57.12666163308791,30.52824220117327,8.11401059663357,22.4142316045397,215.87576325807433,89828227.0,0.014440981746342738
2024-08-08 00:00:00+05:30,9494.375373948196,9536.020128220182,9372.61173176052,9402.9912109375,365016,0.0,0.0,9290.5361328125,9189.115871882828,54.39095059384838,35.15571122729489,10.193183698204148,24.96252752909074,212.1280942010448,89463211.0,-0.009625084264252612
2024-08-09 00:00:00+05:30,9519.732707900826,9533.386663224115,9376.366177006306,9524.560546875,161640,0.0,0.0,9305.123974609374,9202.270565019777,58.389382884811404,48.07842502650965,18.492717997935127,29.58570702857452,208.19183648795652,89624851.0,0.000507140181590051
2024-08-12 00:00:00+05:30,9500.226436180536,9509.93068713557,9377.340846306935,9470.8212890625,307698,0.0,0.0,9318.782763671876,9212.801965962628,56.05017922800036,53.368263704367564,19.026045340634433,34.34221836373313,203.83668392224996,89317153.0,-0.003095204868596538
2024-08-13 00:00:00+05:30,9460.240396586414,9547.869149599494,9411.476270830814,9432.5419921875,161706,0.0,0.0,9318.6974609375,9221.419221893015,54.379002583090426,53.85091974166971,15.60696110234926,38.243958639320454,199.01926926842353,89155447.0,-0.002927875322165036
2024-08-14 00:00:00+05:30,9464.141755019988,9543.139640650308,9432.54221979812,9508.6142578125,282934,0.0,0.0,9320.22138671875,9232.68177232123,57.115486629607176,59.68382620546436,17.151894052915125,42.53193215254923,192.70343921087957,89438381.0,0.0046990529034419
2024-08-16 00:00:00+05:30,9546.065308994172,9679.679014279442,9454.340178441964,9643.740234375,240190,0.0,0.0,9332.995166015626,9248.801712009612,61.529677878695786,74.35288978515382,25.456766106083663,48.89612367907016,195.0345389699223,89678571.0,0.01023195654117309
2024-08-19 00:00:00+05:30,9681.58099858102,9698.209375055596,9518.074503197764,9529.14453125,148301,0.0,0.0,9351.74990234375,9259.795548058255,56.242438509054985,75.85688191556437,21.56860658919537,54.288275326369,193.97027703334442,89530270.0,-0.015744997366996267
2024-08-20 00:00:00+05:30,9530.656084185275,9632.524534437343,9513.92960790671,9537.970703125,132844,0.0,0.0,9369.792626953125,9270.704377668715,56.55211037275675,76.87483952439834,18.069251358423465,58.805588165974875,188.58632342600794,89663114.0,0.0007674832535256791
2024-08-21 00:00:00+05:30,9537.38492167543,9625.063201297167,9494.375343462149,9608.4833984375,134985,0.0,0.0,9392.68740234375,9283.950613777295,59.04571504232113,82.4212624676511,18.89253944134098,63.528723026310125,184.4507187409373,89798099.0,0.007454713985642558
2024-08-22 00:00:00+05:30,9655.296306463828,9763.552658990848,9597.851788882936,9669.1455078125,388874,0.0,0.0,9424.5791015625,9299.056295896324,61.113442476377294,90.66661951045353,21.710317187314715,68.95630232313881,183.11144383857837,90186973.0,0.0014343631628788637
2024-08-23 00:00:00+05:30,9723.56628837377,10186.191150020912,9684.554989323122,10149.228515625,1229549,0.0,0.0,9479.594775390626,9332.396382944507,72.8124218471778,134.3906392468616,52.34746953897823,82.04316970788338,206.96388657928074,91416522.0,0.04377634857698089
2024-08-26 00:00:00+05:30,10118.653421774095,10257.193067452505,10084.08041793712,10174.68359375,309223,0.0,0.0,9525.415966796874,9365.427253956488,73.2715823351439,169.1464371329712,69.68261394007024,99.46382319290095,204.54594107471667,91725745.0,0.005537315059663423
2024-08-27 00:00:00+05:30,10143.913328215063,10307.224574060916,10094.173920490908,10242.0263671875,262396,0.0,0.0,9571.446826171876,9399.80368976947,74.49862275589528,199.8212414816844,80.28593463102678,119.53530685065763,205.15342053866604,91988141.0,0.009672109352466323
2024-08-28 00:00:00+05:30,10240.466264779365,10450.15200258199,10202.722641490029,10393.341796875,338792,0.0,0.0,9624.716796875,9438.76596847949,77.04825863538557,233.64778923444646,91.28998590703105,142.3578033274154,208.17313057818714,92326933.0,0.014928571428571468
2024-08-29 00:00:00+05:30,10320.487467786344,10581.814590957563,10294.49676192763,10540.7060546875,693506,0.0,0.0,9680.48583984375,9481.97930519353,79.22655369756434,269.24297069832755,101.5081338967297,167.73483680159785,213.8263233247404,93020439.0,0.021338002452745624
2024-08-30 00:00:00+05:30,10567.18585589979,10651.401118553224,10440.399131278937,10622.337890625,498560,0.0,0.0,9737.10341796875,9526.699249720254,80.33967827609865,300.57457874967804,106.27179355846414,194.3027851912139,213.62458503542229,93518999.0,0.005219179020535333
2024-09-02 00:00:00+05:30,10655.936203637177,10878.397752747056,10642.428922477988,10851.08984375,787108,0.0,0.0,9810.73232421875,9578.636135760637,83.07633091137015,339.9448026431892,116.51361396158023,223.43118868160894,216.6556762558961,94306107.0,0.018314077372780416
2024-09-03 00:00:00+05:30,10831.4386187858,10843.873470370836,10742.736486994349,10770.6787109375,217394,0.0,0.0,9886.7361328125,9625.382903414631,78.91779868981482,360.5018415075556,109.6565222607573,250.84531924679828,208.91979629159292,94088713.0,-0.00560958797688419
2024-09-04 00:00:00+05:30,10739.811033017426,10757.21944490452,10639.259786898156,10692.705078125,324246,0.0,0.0,9961.65244140625,9667.2386749719,74.99744283199347,366.2793816868161,92.34724995201424,273.9321317348019,203.3840197021466,93764467.0,-0.004386106491781646
2024-09-05 00:00:00+05:30,10692.997180713564,10743.565196662848,10557.969129988844,10587.4228515625,297298,0.0,0.0,10017.61171875,9703.324328955847,69.94502419552784,358.23323832157257,67.44088526941653,290.79235305215605,202.11345162870788,93467169.0,-0.009873221452025033
2024-09-06 00:00:00+05:30,10587.422626213003,10644.18425619726,10529.393319508294,10562.40625,216847,0.0,0.0,10075.582470703124,9737.013816055618,68.75967952708669,345.8512234427162,44.04709631244816,301.80412713026806,195.8761291330121,93250322.0,-0.0023628391060035833
2024-09-09 00:00:00+05:30,10562.406189761394,10632.919873563387,10513.544919481934,10579.4736328125,193055,0.0,0.0,10128.328125,9770.051455928437,69.14387523530051,333.57039077403897,25.413010915016685,308.1573798590223,190.4117594864722,93443377.0,0.0016158669477841577
2024-09-10 00:00:00+05:30,10526.61438569942,10762.92514202891,10513.593793031583,10716.16015625,466892,0.0,0.0,10190.595068359375,9807.153757901831,72.10284418719223,331.05105205400287,18.31493775598443,312.73611429801844,194.62030159439033,93910269.0,0.01800633742298765
2024-09-11 00:00:00+05:30,10794.182326696337,11217.015842045026,10715.037774977254,11138.45703125,1283385,0.0,0.0,10275.8908203125,9859.361729405682,78.85077165736487,358.99204961461146,37.004748253274386,321.9873013613371,216.57442769963188,95193654.0,0.03189446816200223
2024-09-12 00:00:00+05:30,11196.97477793168,11488.096609799162,11160.498830758112,11433.724609375,1409151,0.0,0.0,10372.146337890625,9921.101450188793,82.10929292881161,400.34617587731555,62.68709961278273,337.6590762645328,226.07908133174118,96602805.0,0.021144089018574386
2024-09-13 00:00:00+05:30,11433.72412259018,11599.961211330296,11399.492088606776,11447.037109375,417878,0.0,0.0,10462.311181640625,9980.942064274526,82.24213794149374,429.24574858026244,73.2693378525837,355.97641072767874,224.2497985740111,97020683.0,0.001164361378854422
2024-09-16 00:00:00+05:30,11443.964408168858,11461.324245506175,11352.336430386622,11399.4423828125,172602,0.0,0.0,10555.82607421875,10036.569527746604,79.95625445757105,443.199444179234,69.77842676124413,373.42101741798984,216.01679975583554,96848081.0,-0.0038904372443327416
2024-09-17 00:00:00+05:30,11391.299306282115,11676.910398073076,11355.311001990323,11654.91796875,444755,0.0,0.0,10661.6734375,10100.034172491834,82.73088427551228,469.46093967567504,76.83193780614818,392.62900186952686,223.55841377918676,97292836.0,0.023142106565710505
2024-09-18 00:00:00+05:30,11547.832217094345,11756.055026802518,11449.816327746936,11473.857421875,446416,0.0,0.0,10754.942138671875,10153.909594036273,74.82530379036736,470.2426268275776,62.09089996644059,408.15172686113704,229.46414844178645,96846420.0,-0.006405946486634893
2024-09-19 00:00:00+05:30,11519.256489987722,11742.644749059316,11519.256489987722,11574.65234375,500633,0.0,0.0,10850.21748046875,10209.62499598583,76.1893730953723,473.5367899955654,52.3080505075427,421.2287394880227,232.27294692339572,97347053.0,0.004808978236609911
2024-09-20 00:00:00+05:30,11630.24384172421,11718.01926694477,11574.896559710134,11646.53125,772831,0.0,0.0,10925.0826171875,10265.974260849132,77.1406008207318,476.4551862525859,44.18115741165053,432.2740288409354,225.9225166570653,98119884.0,0.0014004356656184443
2024-09-23 00:00:00+05:30,11703.389727888652,12073.997069271792,11703.389727888652,12033.9619140625,735579,0.0,0.0,11018.046533203125,10335.307109994756,81.44370734845296,504.21814015406744,57.55528905050562,446.6628511035618,240.31846684383152,98855463.0,0.028245849609375036
2024-09-24 00:00:00+05:30,11928.240950712749,12169.08714974332,11928.240950712749,12136.07421875,503848,0.0,0.0,11112.74892578125,10405.925427985158,82.3848848631996,528.3693774576059,65.36522108323521,463.00415637437067,240.3561620000272,99359311.0,0.017423630935694063
2024-09-25 00:00:00+05:30,12083.750490752738,12123.444680024824,12005.727888713978,12090.8212890625,262012,0.0,0.0,11197.622900390625,10471.999775478385,80.4377608696176,537.6600632621412,59.72472551021639,477.9353377519248,232.4983168597411,99097299.0,0.0005851493139628166
2024-09-26 00:00:00+05:30,12152.02000685516,12363.168669093053,12084.774087680677,12309.6748046875,641805,0.0,0.0,11286.071337890626,10544.06546289835,82.58183580350244,556.2703105005985,62.6679781989389,493.6023323016596,235.7766214706436,99739104.0,0.012973546599117178
2024-09-27 00:00:00+05:30,12309.6744684878,12458.258373030149,12241.355168969629,12353.318359375,480852,0.0,0.0,11372.620361328125,10615.016556877827,82.98239896454325,567.9932628647675,59.512744450486366,508.48051841428116,234.4285202270633,100219956.0,0.003545495130592356
2024-09-30 00:00:00+05:30,12243.30590033947,12338.445469293774,11978.078588801824,12040.7890625,479000,0.0,0.0,11432.105322265625,10670.929204157128,70.48253116499487,545.7739424550455,29.83473923261147,515.939203222434,244.4864666803571,99740956.0,-0.016541025723604188
2024-10-01 00:00:00+05:30,12107.400593944412,12191.031067064474,11812.71861002161,11856.9482421875,670828,0.0,0.0,11486.418798828125,10717.439754668123,64.34272343770432,507.48063233754146,-6.76685670791403,514.2474890454555,254.0454659919648,99070128.0,-0.020685889577501677
2024-10-03 00:00:00+05:30,11442.014052335831,11721.773450680172,11410.80501298408,11514.6240234375,670365,0.0,0.0,11527.51474609375,10748.701882855159,54.77448588966503,444.3875812359347,-55.88792624761663,500.27550748355134,267.76673479278304,98399763.0,0.006345908226432012
2024-10-04 00:00:00+05:30,11372.96404566392,11652.96725976349,11351.31258450495,11483.3662109375,650553,0.0,0.0,11572.3119140625,10777.512248662311,53.98505933334872,387.3979569399635,-90.30204043487032,477.6999973748338,270.18730196890857,97749210.0,0.009707422342170448
2024-10-07 00:00:00+05:30,11483.366544876004,11524.913198029668,11240.130710611144,11329.9052734375,341323,0.0,0.0,11610.686865234375,10799.174720222121,50.16264469080339,326.09127671446186,-121.2869765282976,447.37825324275946,271.2298152153097,97407887.0,-0.013363787599985641
2024-10-08 00:00:00+05:30,11298.647449681044,11641.80020683565,11276.41119978155,11595.23046875,359432,0.0,0.0,11661.47470703125,10830.392592713411,55.967635651813254,295.50838013292196,-121.49589848787002,417.004278620792,277.9554717752233,97767319.0,0.026249426791109247
2024-10-09 00:00:00+05:30,11648.77379522637,11692.46625929829,11510.283684800872,11525.9853515625,193883,0.0,0.0,11701.965966796875,10857.670740119258,54.1934909722908,262.6559773930185,-123.47864098221885,386.1346183752373,271.11455054109433,97573436.0,-0.010540890038931727
2024-10-10 00:00:00+05:30,11529.301526423642,11733.574626836122,11511.355948305838,11539.5419921875,251378,0.0,0.0,11722.02021484375,10884.410789219974,54.49760325260062,235.00512632309074,-120.9035936417173,355.90871996480803,267.62198825460786,97824814.0,0.0008882121558177903
2024-10-11 00:00:00+05:30,11596.109082250226,11635.75469738257,11416.266605841727,11583.3818359375,200855,0.0,0.0,11729.503076171875,10911.821418503014,55.52589321116703,214.16042853242834,-113.39863314590377,327.5590616783321,264.1838527750532,98025669.0,-0.0010975445489908042
2024-10-14 00:00:00+05:30,11633.949544313577,11693.734170301715,11568.410370680498,11605.1787109375,177045,0.0,0.0,11737.41015625,10939.011900559268,56.05760339802185,197.12731996672483,-104.34539336928583,301.47271333601066,254.26527754977923,98202714.0,-0.002473006545755488
2024-10-15 00:00:00+05:30,11654.625328529812,11654.625328529812,11183.563903117269,11236.716796875,476945,0.0,0.0,11729.273876953124,10950.68660237557,46.03768325089676,152.14285350180944,-119.463887867361,271.60674136917044,269.7507166828338,97725769.0,-0.03585774058577388
2024-10-16 00:00:00+05:30,11252.712700126896,11391.29996687054,11099.837163328357,11329.80859375,504602,0.0,0.0,11713.018408203125,10965.554131449077,48.5403336849852,122.59091794807864,-119.21265873687344,241.80357668495208,271.30158002993016,98230371.0,0.006851316271696354
2024-10-17 00:00:00+05:30,10944.814996787343,11008.354077507096,9822.06964002356,9869.322265625,3668914,0.0,0.0,11632.791650390625,10922.5646465148,27.21519616505785,-18.465387284308235,-208.21517117540824,189.7497838911,359.6185352939666,94561457.0,-0.0982650443591815
2024-10-18 00:00:00+05:30,9801.149887211628,9898.239067915994,9597.85206313165,9815.1943359375,1543331,0.0,0.0,11544.81875,10879.138359825494,26.74621010013035,-133.08705230145642,-258.2694689540452,125.18241665258874,355.3877116861365,93018126.0,0.0014329388783449657
2024-10-21 00:00:00+05:30,9814.267999049896,10562.163018564252,9637.1570743824,10240.9541015625,2110278,0.0,0.0,11474.539892578125,10854.111526168123,36.07728297296574,-187.409947552198,-250.0738913638294,62.663943811631405,396.0747282929734,95128404.0,0.04347610056643149
2024-10-22 00:00:00+05:30,10240.9542807466,10352.575557601782,10064.915782801289,10112.0703125,1191148,0.0,0.0,11378.4453125,10825.011870730157,34.638870102004766,-238.1162224738364,-240.62413302837425,2.507910554537851,388.3308030435105,93937256.0,-0.012585152195133557
2024-10-23 00:00:00+05:30,10111.729213403549,10469.755047156075,10086.81093538895,10325.072265625,1323887,0.0,0.0,11287.89521484375,10805.406396020151,38.969644968476544,-258.13817696402475,-208.51687001485007,-49.621306949174674,387.94603938091154,95261143.0,0.021098572530864005
2024-10-24 00:00:00+05:30,10244.367074132491,10331.606281637642,9957.63402769352,10047.84765625,653421,0.0,0.0,11185.746533203124,10775.698210146811,35.658054815346766,-292.9979314923585,-194.70129963454704,-98.29663185781143,386.9479118497122,94607722.0,-0.019183168316831607
2024-10-25 00:00:00+05:30,10045.409483414389,10111.923938634089,9679.678555620174,9953.830078125,644769,0.0,0.0,11067.954296875,10743.468087322428,34.58466931670202,-324.4706749590878,-180.93923448102106,-143.5314404780667,390.1834455042981,93962953.0,-0.009116542779126359
2024-10-28 00:00:00+05:30,9953.8302881213,10038.338897256212,9738.195709514295,9763.796875,340768,0.0,0.0,10938.47822265625,10705.049608407822,32.4578852023151,-360.59047963434386,-173.64723132502172,-186.94324830932214,383.7519985212709,93622185.0,-0.019091486153634984
2024-10-29 00:00:00+05:30,9824.947427457802,9824.947427457802,9401.72339195838,9607.361328125,1100706,0.0,0.0,10816.8068359375,10662.003009181046,30.77986520076369,-397.2593676105753,-168.25289544100252,-229.00647216957276,386.571429733996,92521479.0,-0.022146286373473517
2024-10-30 00:00:00+05:30,9577.274167996664,9809.147582807376,9528.51004290503,9694.9423828125,604822,0.0,0.0,10708.70654296875,10624.079063048946,32.872235315766744,-414.4748581854237,-148.37470881268075,-266.100149372743,379.00472331744953,93126301.0,0.012286190491344101
2024-10-31 00:00:00+05:30,9694.30788242411,9782.961441111367,9562.644747200038,9593.1708984375,361801,0.0,0.0,10612.63388671875,10583.651291887714,31.67408643419567,-431.3579409143167,-132.20623323325896,-299.15170768105776,367.66986407415516,92764500.0,-0.010432615222585593
2024-11-01 00:00:00+05:30,9660.172584758213,9704.060294633438,9595.608696634692,9631.8408203125,53757,0.0,0.0,10520.0576171875,10546.325391041628,32.67816879859382,-436.5848872798106,-109.94654367900222,-326.63834360080835,349.328402082854,92818257.0,-0.0029328424722364346
2024-11-04 00:00:00+05:30,9651.882778255807,9651.882778255807,9133.520155445423,9290.1015625,1125992,0.0,0.0,10418.067431640626,10497.061711490976,28.66860835862187,-462.96599816340495,-109.0621236500773,-353.90387451332765,361.4022749919633,91692265.0,-0.03748296825266509
2024-11-05 00:00:00+05:30,9294.44180419678,9759.94392988644,9265.378577497471,9630.767578125,1019901,0.0,0.0,10319.844287109376,10463.089392535448,36.97091344406847,-451.18335731678053,-77.8235862427623,-373.3597710740182,370.9139233774637,92712166.0,0.03618568828698852
2024-11-06 00:00:00+05:30,9639.107508662646,9805.490323352751,9605.362162472822,9772.818359375,514045,0.0,0.0,10232.1859375,10436.019940254646,40.101552893561994,-425.47856661282276,-41.695036431043604,-383.78353018177916,358.7149403419255,93226211.0,0.013871704469753892
2024-11-07 00:00:00+05:30,9821.679481888574,9830.652271298852,9547.96702199337,9613.0185546875,473407,0.0,0.0,10135.859765625,10403.745376114757,37.82544231881474,-413.2382897501757,-23.56380765471721,-389.6744820954585,353.28424812503664,92752804.0,-0.021244933474549824
2024-11-08 00:00:00+05:30,9613.018993356112,9744.09639479338,9535.58117899638,9665.4404296875,273163,0.0,0.0,10039.9626953125,10374.792240960747,39.047646140929245,-394.757258991689,-4.066221516984399,-390.6910374747046,342.94360295874833,93025967.0,0.005453170993172688
2024-11-11 00:00:00+05:30,9606.581082799856,9784.912057229054,9557.768384748324,9674.16796875,359768,0.0,0.0,9943.412158203126,10347.316779305425,39.261716914638235,-375.0829467743097,12.486472560315974,-387.56941933462565,334.6721793531756,93385735.0,0.007035477592663587
2024-11-12 00:00:00+05:30,9655.296620750967,9751.849586958477,9423.179388858163,9439.466796875,316606,0.0,0.0,9853.549658203125,10311.714819210116,35.63698424555616,-374.11675066497446,10.762134935721008,-384.87888560069547,334.2434664065426,93069129.0,-0.02235351562500007
2024-11-13 00:00:00+05:30,9439.46665517822,9469.992806076494,9183.356906496492,9218.5166015625,494123,0.0,0.0,9747.98505859375,10268.844300870995,32.5868889372871,-386.7219772633289,-1.4744733301067185,-385.24750393322216,330.84292591893256,92575006.0,-0.0234070484792181
2024-11-14 00:00:00+05:30,9177.408612970174,9281.715270102986,9167.655787664147,9248.5556640625,275791,0.0,0.0,9716.946728515624,10228.832981780464,33.42119448699607,-389.7945004983558,-3.6375972521068434,-386.15690324624893,315.35839424178306,92850797.0,0.007752411829171062
2024-11-18 00:00:00+05:30,9225.2452236581,9365.637322142791,9202.618480442465,9281.275390625,292519,0.0,0.0,9690.25078125,10191.673860558682,34.373914389400625,-385.14952483991874,0.8059027250641293,-385.95542756498287,304.476997631679,93143316.0,0.006073569385799257
2024-11-19 00:00:00+05:30,9323.700254849282,9458.87402192582,9265.622375232017,9309.75390625,365397,0.0,0.0,9643.690771484375,10157.088764311282,35.24249812341202,-374.84934010222787,8.884869970204022,-383.7342100724319,296.532329707545,93508713.0,-0.0014957954694037258
2024-11-21 00:00:00+05:30,9239.339146851164,9317.849391356522,9181.65080361444,9270.060546875,282212,0.0,0.0,9601.590283203124,10122.303344019663,34.55599303640127,-365.67402927381227,14.448144638895712,-380.122173912708,285.0799195671547,93226501.0,0.003325064654034967
2024-11-22 00:00:00+05:30,9309.071853940744,9365.541094034968,9210.665464583088,9247.2880859375,619823,0.0,0.0,9547.70107421875,10087.989020173303,34.14505000480677,-356.134776599567,19.18991785051287,-375.32469445007985,275.77961313034945,92606678.0,-0.006636941788894874
2024-11-25 00:00:00+05:30,9323.700732233978,9398.163170396683,9159.853271667524,9188.087890625,1090141,0.0,0.0,9504.7130859375,10052.69877979886,33.0448788262269,-349.32500986718696,20.799747666314317,-370.1247575335013,273.1032049588359,91516537.0,-0.014544958649319994
2024-11-26 00:00:00+05:30,9231.048299468115,9249.57866583789,8894.673004765022,8911.5947265625,750430,0.0,0.0,9452.601318359375,10007.949601240573,28.436441358803577,-362.0652454879182,6.447609636466495,-368.5128551243847,278.9462375384096,90766107.0,-0.0346064241613839
2024-11-27 00:00:00+05:30,8948.21729399831,9028.141888542385,8877.996951200721,8963.1875,461513,0.0,0.0,9412.570849609376,9966.978538446825,30.387305993838712,-363.8051490705366,3.7661648430785135,-367.5713139136151,269.74614466721346,91227620.0,0.0016729819482290088
2024-11-28 00:00:00+05:30,8938.561433275045,9043.210009495697,8769.984230847738,8790.708984375,687966,0.0,0.0,9371.738232421874,9920.850320640086,27.671500106060762,-374.7813636757746,-5.768039809727611,-369.013323866047,269.9946899515524,90539654.0,-0.016540966911033725
2024-11-29 00:00:00+05:30,8835.181506348708,8866.196252460637,8770.715712670659,8810.361328125,423101,0.0,0.0,9327.5091796875,9877.301732698317,28.45609092468376,-377.54224098841587,-6.823133697895059,-370.7191072905208,257.52939351143993,90962755.0,-0.002809243727010394
2024-12-02 00:00:00+05:30,8854.394301015096,8948.2166651443,8833.084760008418,8904.669921875,298320,0.0,0.0,9293.084130859375,9839.159308744462,32.2539541149977,-367.87965315941983,2.2715633048808286,-370.15121646430066,248.98124661914426,91261075.0,0.0056780417892774646
2024-12-03 00:00:00+05:30,8879.946919438655,8997.029389874018,8879.946919438655,8935.3427734375,398985,0.0,0.0,9258.259228515624,9803.71552304615,33.490577331029506,-353.67005170824814,13.184931804842051,-366.8549835130902,239.5599054631599,91660060.0,0.006238309136463522
2024-12-04 00:00:00+05:30,8935.342993930333,9011.61027570962,8729.753633969352,8776.7138671875,456462,0.0,0.0,9232.58984375,9763.440948306596,30.399998238532277,-351.1609029022511,12.555264488671298,-363.7161673909224,242.5811009115247,91203598.0,-0.017752998049497152
2024-12-05 00:00:00+05:30,8820.601267266647,8820.601267266647,8530.308061232525,8672.1630859375,1803653,0.0,0.0,9184.659619140624,9720.645738017613,28.53118188251296,-353.5334451864146,8.14617776360626,-361.67962295002087,245.98910842028167,89399945.0,-0.01682857855507008
2024-12-06 00:00:00+05:30,8732.582387329687,8922.81104911484,8709.369901811526,8874.9736328125,746013,0.0,0.0,9139.7673828125,9687.482126048784,36.66483939180874,-335.18478431718177,21.195870906271352,-356.3806552234531,246.32188376007156,90145958.0,0.01630574315444331
2024-12-09 00:00:00+05:30,8871.169424491429,8944.315610379386,8803.290144957122,8853.078125,304202,0.0,0.0,9101.770361328125,9654.76040051746,36.18603355942322,-318.73593344095025,30.115777426002296,-348.85171086695254,238.80071102165675,89841756.0,-0.0020393364871921548
2024-12-10 00:00:00+05:30,8850.785940610824,8870.097296281187,8758.036954721532,8790.513671875,393944,0.0,0.0,9058.0240234375,9620.868371943245,34.7880655328286,-307.20723532919146,33.31558043020891,-340.5228157594004,229.74782748865655,89447812.0,-0.0068098210871049576
2024-12-11 00:00:00+05:30,8821.478225085668,8883.262938985692,8790.85492798793,8845.6650390625,254311,0.0,0.0,9016.598876953125,9590.468241242039,37.09509981508467,-290.2743031260543,40.19881010667689,-330.4731132327312,219.96221603308766,89702123.0,0.0027418096332258693
2024-12-12 00:00:00+05:30,8870.194645714793,8870.194645714793,8722.926983097648,8741.701171875,599056,0.0,0.0,8981.710595703125,9557.183258129606,34.60948981129212,-281.9932054419605,38.78392623261652,-320.77713167457705,214.7697479319489,89103067.0,-0.014485981308411165
2024-12-13 00:00:00+05:30,8742.579138511748,8827.282043976595,8683.671693631268,8798.4140625,243931,0.0,0.0,8960.70546875,9527.427603399034,37.08604204975476,-267.7674629280191,42.40773499724639,-310.1751979252655,209.68693381861874,89346998.0,0.0063865505937824
2024-12-16 00:00:00+05:30,8839.96029219768,8854.345708604335,8748.28374018239,8775.9326171875,228470,0.0,0.0,8937.07431640625,9497.957211782894,36.49597031755135,-255.36384875623662,43.84907933522311,-299.21292809145973,202.28515057599907,89118528.0,-0.007242982196050395
2024-12-17 00:00:00+05:30,8767.594284312252,8767.789531293914,8632.615759979171,8675.1376953125,456493,0.0,0.0,8906.767431640625,9465.689779764447,33.892252780899696,-250.77640864294335,38.74921555881315,-289.5256242017565,198.0731296211655,88662035.0,-0.01054526315903822
2024-12-18 00:00:00+05:30,8606.867861747076,8783.637810748964,8582.48579981578,8735.361328125,303382,0.0,0.0,8878.047802734374,9437.049448327607,36.79374872039601,-239.52024515440462,40.004303237881516,-279.52454839228614,198.29304971488105,88965417.0,0.01492917847025499
2024-12-19 00:00:00+05:30,8604.91783216213,8780.468688989647,8545.961812259351,8760.6220703125,516640,0.0,0.0,8852.57587890625,9410.522884483877,38.02250976718197,-225.9566362620517,42.85432970418759,-268.8109659662393,200.87975164455358,89482057.0,0.018094796625297626
2024-12-20 00:00:00+05:30,8728.778001330053,8842.642228330642,8542.88954575747,8570.05078125,316335,0.0,0.0,8818.714013671875,9377.563194160979,32.8362217607849,-227.95714082987251,32.68306010909345,-260.64020093896596,207.94210385374055,89165722.0,-0.0181843575418995
2024-12-23 00:00:00+05:30,8631.201342135737,8655.583404044704,8504.366046570143,8551.7158203125,514460,0.0,0.0,8786.89541015625,9345.177022637508,32.37862654649606,-228.389303505317,25.80071794691918,-254.19002145223618,203.89033625522774,88651262.0,-0.009209091373550176
2024-12-24 00:00:00+05:30,8528.84522973953,8635.151019338342,8515.19127511216,8561.078125,297827,0.0,0.0,8769.369580078124,9314.428046259567,32.89288839356172,-225.37831487419498,23.049365262432957,-248.42768013662794,197.89529396743876,88949089.0,0.003779280124356737
2024-12-26 00:00:00+05:30,8592.239045473263,8678.698222286497,8580.145161193213,8659.0458984375,240675,0.0,0.0,8754.1625,9288.726785560662,38.190057166353846,-212.6357713149191,28.633527057367075,-241.2692983722862,192.1613513473715,89189764.0,0.007775255391600567
2024-12-27 00:00:00+05:30,8676.356645236536,8952.264436062922,8676.356645236536,8707.6142578125,713799,0.0,0.0,8750.007763671874,9265.938058982303,40.68960227652523,-196.3546983047745,35.93168005400935,-232.28637835878385,199.37972179580368,89903563.0,0.0036026196079808662
2024-12-30 00:00:00+05:30,8707.321763198035,8740.920434276772,8521.579029052667,8562.8828125,1065253,0.0,0.0,8737.633837890626,9238.367265002604,36.015614090374044,-192.9067398937823,31.503710772001284,-224.41045066578357,200.80555632639658,88838310.0,-0.01658821789594524
2024-12-31 00:00:00+05:30,8553.227419002891,8621.25337253487,8524.11561770839,8581.1201171875,294554,0.0,0.0,8721.45634765625,9212.592867049072,36.997685589224126,-186.55215284578298,30.286638256000487,-216.83879110178347,193.40071336211676,89132864.0,0.0032610729047890244
2025-01-01 00:00:00+05:30,8537.67119597237,8550.30129426614,8339.640283708197,8524.5048828125,558535,0.0,0.0,8700.914453125,9185.609024529991,35.191888244507574,-183.96385231278327,26.29995103120018,-210.26380334398345,196.83493622763007,88574329.0,-0.0015421433851987504
2025-01-02 00:00:00+05:30,8524.456392523593,8882.189810502516,8463.062170815196,8855.0771484375,734590,0.0,0.0,8704.8326171875,9172.646990173424,50.41122216057795,-153.4690902235343,45.43577049635934,-198.90486071989363,212.7129864747508,89308919.0,0.03878496653509539
2025-01-03 00:00:00+05:30,8875.071074364681,8884.775326079214,8723.90228133979,8744.0908203125,337802,0.0,0.0,8708.42900390625,9155.840865865151,46.46585049871468,-136.6818573234268,49.77840271717346,-186.46026004060028,209.01013349365607,88971117.0,-0.014758220295329588
2025-01-06 00:00:00+05:30,8782.370325689722,8869.121894419492,8577.609574636921,8605.74609375,238306,0.0,0.0,8694.967626953125,9134.268521860635,42.04825008315887,-133.0078854343301,42.761899685016175,-175.76978511934627,214.90314680000708,88732811.0,-0.020111225715803698
2025-01-07 00:00:00+05:30,8650.755805943129,8668.262317365612,8519.189815252801,8592.53125,270785,0.0,0.0,8681.940283203125,9113.02392296414,41.64100314372757,-129.6678336216828,36.88156119813078,-166.54939481981359,210.2009578937788,88462026.0,-0.006730574443348388
2025-01-08 00:00:00+05:30,8559.078793499957,8612.670754689325,8399.132471470104,8428.634765625,415288,0.0,0.0,8663.846337890625,9086.185132480252,36.87130689206816,-138.64765122719655,22.32139487409364,-160.9690461012902,210.4393382741675,88046738.0,-0.015240428441203338
2025-01-09 00:00:00+05:30,8504.414552099859,8678.06340513997,8477.252363896227,8617.44921875,612457,0.0,0.0,8652.435546875,9067.80333194181,44.72618200059985,-129.0409690309225,25.542461656294165,-154.58343068721666,213.22428836279627,88659195.0,0.013291293122844192
2025-01-10 00:00:00+05:30,8614.134255317073,8636.126685584315,8428.488656804204,8547.3759765625,350859,0.0,0.0,8642.719287109376,9047.394416044583,42.607340024627824,-125.63370208263404,23.15978288366611,-148.79348496630016,212.8252698211759,88308336.0,-0.007749853528619663
2025-01-13 00:00:00+05:30,8489.346794966465,8533.625002863824,8339.640926389595,8383.7724609375,341577,0.0,0.0,8621.98720703125,9021.370025648226,38.07239485609789,-134.58346053958667,11.368019541370785,-145.95148008095745,212.46168270344228,87966759.0,-0.012436096272043229
2025-01-14 00:00:00+05:30,8406.934834255306,8483.00686639822,8314.283000235091,8398.3525390625,355464,0.0,0.0,8603.108203125,8996.937967350748,38.698590413186466,-138.89858175327208,5.642318662148313,-144.5409004154204,209.33755295056275,88322223.0,-0.0010208590124709807
2025-01-15 00:00:00+05:30,8410.739482393352,8581.511074273396,8349.686223900493,8365.9736328125,347402,0.0,0.0,8587.65,8972.194267957091,37.78483444435661,-143.27941759871464,1.0091862533645894,-144.28860385207923,210.9437884807299,87974821.0,-0.005322462986109913
2025-01-16 00:00:00+05:30,8407.910764519054,8426.343985466689,8338.37331000796,8369.826171875,290855,0.0,0.0,8569.3732421875,8948.571989679363,37.972501873603754,-144.7715574658141,-0.3863628909878969,-144.38519457482622,202.15999469344402,88265676.0,-0.004529614277635923
2025-01-17 00:00:00+05:30,8354.122658707545,8452.382363961253,8320.426841088021,8369.2890625,183057,0.0,0.0,8549.806591796874,8925.85501214292,37.95531228123382,-144.33364093045384,0.0412429154978895,-144.37488384595173,197.14538956342884,88082619.0,0.0018154394437393984
2025-01-20 00:00:00+05:30,8387.42942712161,8396.791758070533,8253.523331519982,8333.2041015625,294136,0.0,0.0,8537.9642578125,8902.613799963296,36.751605057887964,-145.22428849542484,-0.6795237195784694,-144.54476477584637,193.29703506250894,87788483.0,-0.00646507085755814
2025-01-21 00:00:00+05:30,8370.313574565092,8396.011887752686,8204.17362741031,8259.228515625,343149,0.0,0.0,8523.339892578126,8877.38300449905,34.34679192762783,-150.16829799011248,-4.498826571412877,-145.6694714186996,193.19283686821373,87445334.0,-0.01327131390604614
2025-01-22 00:00:00+05:30,8271.175826809864,8323.987756376018,8187.496776859409,8251.71875,344305,0.0,0.0,8507.871923828125,8852.84715138144,34.10283220850254,-152.9295596897664,-5.808070616853428,-147.12148907291296,189.14270420024198,87101029.0,-0.0023523955018337765
2025-01-23 00:00:00+05:30,8230.555482266007,8292.046851847828,8168.625045085447,8192.32421875,347894,0.0,0.0,8484.53583984375,8826.944291278247,32.15739353337364,-158.08817964317132,-8.77335245620668,-149.31482718696464,184.44835438325197,86753135.0,-0.00464504049555125
2025-01-24 00:00:00+05:30,8206.41746274084,8280.099865254622,8153.361713682081,8193.8359375,232317,0.0,0.0,8458.846923828125,8802.116512698709,32.263309222621245,-160.2076658073147,-8.714270896280027,-151.49339491103467,180.32619703962976,86985452.0,-0.0015331324902690467
2025-01-27 00:00:00+05:30,8170.965117642021,8210.85455168523,8085.43265442989,8177.35302734375,324406,0.0,0.0,8439.570434570312,8777.61598386126,31.68251144306226,-161.35737952892305,-7.891187694310702,-153.46619183461235,176.40446134075194,86661046.0,0.0007817815410736061
2025-01-28 00:00:00+05:30,8218.169472119482,8279.17320245136,8154.678009455135,8190.81298828125,651069,0.0,0.0,8420.055078125,8754.604101681653,32.7471961683568,-159.3455927741561,-4.703520751634983,-154.64207202252112,172.69665645900002,87312115.0,-0.003328780689062188
2025-01-29 00:00:00+05:30,8212.024812604042,8589.312443294195,8212.024812604042,8412.6396484375,802600,0.0,0.0,8414.46181640625,8741.193730966195,47.31859128460454,-138.25792834956337,13.107314938366187,-151.36524328792956,188.8254277842818,88114715.0,0.02442939961963442
2025-01-30 00:00:00+05:30,8445.897984126503,8606.185284076986,8389.867813301715,8531.576171875,322587,0.0,0.0,8398.286767578125,8732.973434531248,53.17647837179818,-110.67285118030122,32.553913686102675,-143.2267648664039,190.78914514078105,88437302.0,0.010144355035962272
2025-01-31 00:00:00+05:30,8582.486178204394,8738.434234162183,8527.91893071151,8629.1044921875,315913,0.0,0.0,8392.537451171875,8728.90014267463,57.3631501507341,-80.01934521158546,50.56593572385475,-130.5852809354402,192.19815644863047,88753215.0,0.005431795987215884
2025-02-01 00:00:00+05:30,8668.213540319563,8951.142606972722,8588.629918447794,8929.2958984375,418755,0.0,0.0,8408.71494140625,8736.758799763371,67.11098048360543,-31.1442714302666,79.55280760413889,-110.69707903440549,204.36348016836604,89171970.0,0.03011951158142701
2025-02-03 00:00:00+05:30,8923.835278078353,8923.835278078353,8666.896901362908,8705.908203125,667412,0.0,0.0,8414.3837890625,8735.54897244422,56.71902487901455,-10.317015285441812,80.30405099917095,-90.62106628461277,208.50887423309644,88504558.0,-0.0244207863729508
2025-02-04 00:00:00+05:30,8728.778335861476,8835.7184424767,8658.167502208358,8691.1328125,440468,0.0,0.0,8427.50869140625,8733.807162250328,56.100249677608865,4.939544724440566,76.44848880724267,-71.5089440828021,206.297593235614,88064090.0,-0.004312805516759718
2025-02-05 00:00:00+05:30,8709.272765119747,8746.33350029047,8675.137877462505,8707.126953125,329075,0.0,0.0,8431.992578125,8732.760879539532,56.65154510296378,18.112284785180236,71.69698309438587,-53.584698309205635,196.64745249221048,88393165.0,-0.00024638245380731455
2025-02-06 00:00:00+05:30,8701.469950860293,8740.140280670124,8593.213599756786,8627.689453125,580590,0.0,0.0,8436.008251953124,8728.640431444845,53.085801910105225,21.88950523407766,60.37936283462664,-38.48985760054898,193.09596880800535,87812575.0,-0.008479084356086176
2025-02-07 00:00:00+05:30,8670.7978294379,8802.900037435582,8632.274169845756,8767.205078125,244178,0.0,0.0,8455.1798828125,8730.15277053034,58.07666945783437,35.72886450049009,59.37497768083126,-23.646113180341167,191.8184413439037,88056753.0,0.011118613371400552
2025-02-10 00:00:00+05:30,8767.204994765923,8845.617137279913,8627.2024282221,8661.044921875,192650,0.0,0.0,8468.314501953126,8727.442658818367,53.41976721199601,37.69588434453908,49.073598019904196,-11.377713675365118,193.71817475204008,87864103.0,-0.012108770463825316
2025-02-11 00:00:00+05:30,8611.744011115114,8658.021353732176,8516.702546124805,8545.4248046875,282926,0.0,0.0,8477.287060546874,8720.304703754411,48.82760344902723,29.584156818855263,32.76949639537631,-3.1853395765210433,190.19133196619399,87581177.0,-0.007701019252548137
2025-02-12 00:00:00+05:30,8516.166651458556,8601.406721541593,8433.26764030716,8496.2705078125,411042,0.0,0.0,8483.60927734375,8711.519049011591,46.97863894940766,18.9705328606251,17.724697949716912,1.2458349109081852,188.6161711996396,87170135.0,-0.002336279274507653
2025-02-13 00:00:00+05:30,8499.635870952385,8560.103388156429,8437.608282661202,8476.521484375,206920,0.0,0.0,8488.9708984375,8702.303458241528,46.22132771259248,8.863406432690681,6.094057217425997,2.7693492152646844,183.8932379350387,86963215.0,-0.0027194560953344407
2025-02-14 00:00:00+05:30,8484.95739012079,8507.09649241665,8211.781154426955,8296.240234375,369356,0.0,0.0,8487.122705078125,8686.379410246762,39.89838928578786,-13.537700101249357,-13.045639453211233,-0.492060648038124,191.8519593675141,86593859.0,-0.02224137931034478
2025-02-17 00:00:00+05:30,8284.048994502657,8340.663949312237,8175.45167644506,8326.1328125,224417,0.0,0.0,8490.467919921875,8672.252092688066,41.33149766000715,-28.5495556822425,-22.4459960273635,-6.103559654879,189.94912461748999,86818276.0,0.005080102498822798
2025-02-18 00:00:00+05:30,8299.75074770888,8338.664898203535,8183.058774710799,8237.8203125,206278,0.0,0.0,8489.772998046876,8655.215552288535,38.41702402223693,-47.03050172795156,-32.741553658458045,-14.288948069493513,187.49605310857896,86611998.0,-0.007461722296416663
2025-02-19 00:00:00+05:30,8231.433116878201,8316.917011498968,8197.298228369518,8269.908203125,200819,0.0,0.0,8493.652197265625,8640.105460164476,40.070594208645964,-58.414197506181154,-35.30019954935011,-23.113997956831042,182.64767668149833,86812817.0,0.004674166175013622
2025-02-20 00:00:00+05:30,8250.840974953004,8426.440390050157,8250.792401315231,8416.8828125,188845,0.0,0.0,8504.804541015625,8631.3516308443,47.07980650263829,-54.94288835087718,-25.46311231523691,-29.479776035640274,182.1476989710288,87001662.0,0.020124231948118722
2025-02-21 00:00:00+05:30,8338.66561540815,8401.083697207698,8241.137362596359,8295.8017578125,222132,0.0,0.0,8510.726977539063,8618.192812294034,42.65386013502229,-61.255959462381725,-25.42094674139316,-35.835012720988566,181.69039546621542,86779530.0,-0.005140373720760134
2025-02-24 00:00:00+05:30,8241.625148488203,8278.637311564653,8135.416498342628,8238.1630859375,275998,0.0,0.0,8513.094482421875,8603.289685770247,40.69271128296242,-70.10198091626808,-27.413574556223608,-42.68840636004447,180.16860003790518,86503532.0,-0.00042007037305479195
2025-02-25 00:00:00+05:30,8241.1372424138,8258.789474945572,8158.286802373545,8209.8310546875,237383,0.0,0.0,8502.954052734374,8587.85993553171,39.72582896865971,-78.49384658907002,-28.644352183220434,-49.84949440584958,174.47817664748533,86266149.0,-0.0037987703402365984
2025-02-27 00:00:00+05:30,8153.458545704139,8205.978077841162,7981.126420055571,8028.8662109375,350992,0.0,0.0,8477.8185546875,8565.938612998601,34.145148261350684,-98.61009530321462,-39.00848071789203,-59.601614585322594,178.35149507494563,85915157.0,-0.015280918406371746
2025-02-28 00:00:00+05:30,8031.207655013034,8031.207655013034,7691.370273673645,7707.56005859375,580155,0.0,0.0,8431.741333007812,8532.276708904294,26.915381856866585,-138.8781872713098,-63.42125814878976,-75.45692912252004,189.88620123669162,85335002.0,-0.04029874588254048
2025-03-03 00:00:00+05:30,7738.818202182401,7800.601968691989,7489.779716113691,7524.109375,497052,0.0,0.0,8361.482006835937,8492.740735025694,23.814901220557356,-183.47884733616957,-86.41753457091961,-97.06131276524995,198.5244906182349,84837950.0,-0.027744394760669266
2025-03-04 00:00:00+05:30,7462.959413389173,7490.169700260969,7136.190721662859,7152.0390625,1078953,0.0,0.0,8283.788549804687,8440.164198848217,19.027493393381622,-246.01228003842607,-119.16077381854089,-126.85150621988518,212.0526450981568,83758997.0,-0.041661803805519315
2025-03-05 00:00:00+05:30,7150.966663079642,7259.32016977054,7120.537658058217,7236.888671875,749464,0.0,0.0,8211.076342773438,8392.97692328064,22.83701275321607,-285.4335216636882,-126.86561235504243,-158.5679093086458,206.8190641420258,84508461.0,0.012015439708168752
2025-03-06 00:00:00+05:30,7296.088304491985,7314.618671793862,7194.610351936825,7277.8017578125,917093,0.0,0.0,8139.610083007812,8349.244563850516,24.67717565832911,-309.80258421081635,-120.98773992173642,-188.81484428907993,200.618296693098,85425554.0,-0.0025063494185269372
2025-03-07 00:00:00+05:30,7277.80171663759,7435.553658433447,7266.927412182809,7387.52099609375,942308,0.0,0.0,8077.60166015625,8311.529914134564,29.53064995966901,-316.61210897361525,-102.23781174762826,-214.374297225987,198.33315023292226,86367862.0,0.015075881939093417
2025-03-10 00:00:00+05:30,7385.814540351055,7385.814540351055,7170.277102952721,7200.90087890625,495241,0.0,0.0,7999.286450195313,8267.975834321689,26.413148480010534,-333.2261663956242,-95.08149533570975,-238.14467105991446,199.6839175835013,85872621.0,-0.02503632611333023
2025-03-11 00:00:00+05:30,7173.690562268056,7330.174832790434,7146.870293018873,7314.5703125,412703,0.0,0.0,7931.962719726563,8230.587382485544,31.17883635893106,-333.3777817370619,-76.18648854171795,-257.191293195344,198.5139620255056,86285324.0,0.01963839240194422
2025-03-12 00:00:00+05:30,7314.570002288933,7381.913066826451,7246.2026054234975,7329.29638671875,529286,0.0,0.0,7871.156298828125,8195.242637553514,31.795103343103843,-328.522662118321,-57.065095138381594,-271.45756697993943,194.02799769532328,86814610.0,0.0020132946195345032
2025-03-13 00:00:00+05:30,7358.750150898272,7358.750150898272,7231.719607555838,7319.20263671875,454776,0.0,0.0,7812.302905273437,8160.8881277168575,31.586319849104864,-321.7801449000108,-40.25806233605704,-281.52208256395375,189.2424652415455,86359834.0,-0.005374216187336485
2025-03-17 00:00:00+05:30,7314.618564608781,7422.87491936499,7249.274638764942,7301.01318359375,286383,0.0,0.0,7753.527490234375,8127.167541672814,31.188865476845358,-314.28154624720355,-26.207570946599844,-288.0739753006037,188.12516633858138,86073451.0,-0.0018600260416666435
2025-03-18 00:00:00+05:30,7301.01318359375,7301.01318359375,7301.01318359375,7301.01318359375,0,0.0,0.0,7703.766137695313,8094.769331552066,31.18886547684536,-304.8250197101361,-13.400835527625873,-291.4241841825102,174.68765445725415,86073451.0,0.0
2025-03-19 00:00:00+05:30,7484.317988176434,7575.653100074049,7430.921270708013,7530.9853515625,409356,0.0,0.0,7664.008764648437,8072.660155866201,41.90737202459922,-275.59691264558023,12.661817229543999,-288.25872987512423,181.82710174461448,86482807.0,0.006235352835059993
2025-03-20 00:00:00+05:30,7543.761470774328,7755.397770662862,7531.131372070313,7724.2373046875,606109,0.0,0.0,7638.329614257813,8058.996514643508,49.084618451336745,-234.14058278565062,43.29451767157889,-277.4351004572295,184.86891012716788,87088916.0,0.02392385212766375
2025-03-21 00:00:00+05:30,7772.026333966735,7949.527751055698,7741.792576110923,7868.43310546875,703280,0.0,0.0,7618.255859375,8051.5234397739105,53.68286185308571,-187.48948459619714,71.9564926888259,-259.44597728502305,187.75616271581288,87792196.0,0.012404328981835803
2025-03-24 00:00:00+05:30,7917.148103578892,8010.921897107962,7870.529790472111,7924.70654296875,453508,0.0,0.0,7593.647045898438,8046.550228134493,55.3765806780573,-144.31379744381957,92.10574387296279,-236.41954131678236,184.5227790674842,88245704.0,0.0009546921809434454
2025-03-25 00:00:00+05:30,7958.305323741569,7966.059010221992,7755.446560587372,7808.11181640625,824076,0.0,0.0,7569.262548828125,8037.199702184367,51.19903222520338,-118.14309427308217,94.62115763496016,-212.76425190804233,186.38632696513676,87421628.0,-0.018872549019607842
2025-03-26 00:00:00+05:30,7816.255543326521,7848.537489914551,7714.484717331428,7779.92626953125,391366,0.0,0.0,7546.3507080078125,8027.110547962677,50.21288273262181,-98.54104174731219,91.3785681285841,-189.9196098758963,182.64821593785,87030262.0,-0.0046479127497678074
2025-03-27 00:00:00+05:30,7705.706809522241,7840.393414117286,7658.161789023037,7777.19482421875,651971,0.0,0.0,7524.718896484375,8017.3099313452685,50.112149038968774,-82.27822652558552,86.11310668024865,-168.39133320583417,182.61845944902134,86378291.0,0.009277281950069561
2025-03-28 00:00:00+05:30,7773.391413088225,7826.544308451572,7617.687659802979,7684.1044921875,392400,0.0,0.0,7507.480810546875,8004.243051378297,46.67542516903276,-76.02507041389799,73.89301023354895,-149.91808064744694,184.49261582041927,85985891.0,-0.011486224757753818
2025-04-01 00:00:00+05:30,7442.380613504189,7849.073408135462,7442.380613504189,7795.4814453125,283618,0.0,0.0,7511.876879882812,7996.056321728658,51.00484941929866,-61.37472027181957,70.83468830050191,-132.20940857232148,200.3640571640517,86269509.0,0.0474446081362206
2025-04-02 00:00:00+05:30,7765.198958689809,7883.988172019122,7748.619156843824,7873.40673828125,237191,0.0,0.0,7529.341748046875,7991.246534142485,53.82931848907212,-42.98083601744929,71.38285804389776,-114.36369406134705,195.721554164855,86506700.0,0.01393496550018836
2025-04-03 00:00:00+05:30,7743.791607693089,7743.791607693089,7646.214784253895,7716.63037109375,470005,0.0,0.0,7557.571313476563,7980.477272846457,47.85243726403418,-40.586239912686324,59.021963318928584,-99.60820323161491,197.96943986931927,86036695.0,-0.0035074854767986447
2025-04-04 00:00:00+05:30,7685.226016633114,7694.832644396336,7463.105429667607,7495.1435546875,461228,0.0,0.0,7570.484057617187,7961.444578016694,40.93694444177445,-55.91607458765702,34.95370291516632,-90.86977750282334,201.93768998052101,85575467.0,-0.024733490145145944
2025-04-07 00:00:00+05:30,7119.562117264753,7175.689433608468,6914.118957712413,7126.19384765625,469629,0.0,0.0,7562.903662109375,7928.689647414324,32.508923080353654,-96.72129405814576,-4.681213244257918,-92.04008081388784,229.01532619441858,85105838.0,0.0009314800941780997
2025-04-08 00:00:00+05:30,7201.9736589058375,7343.731066264454,7164.181461833239,7312.716796875,259199,0.0,0.0,7559.1634521484375,7904.533849353958,39.31140047234337,-112.70963479896182,-16.535643188059183,-96.17399161090263,228.19546136683184,85365037.0,0.015376776313562244
2025-04-09 00:00:00+05:30,7339.439744346171,7442.673014091853,7276.094956658049,7385.13134765625,261256,0.0,0.0,7568.374975585937,7884.1651237971855,41.765430480782285,-118.17501298316074,-17.600817097806484,-100.57419588535426,223.79421822875838,85626293.0,0.0062254892609857095
2025-04-11 00:00:00+05:30,7528.692957495959,7587.64897274675,7447.598316108321,7576.8232421875,290737,0.0,0.0,7581.487622070313,7872.112500988963,47.784567443162686,-105.81861954112901,-4.195538924619797,-101.62308061650921,222.2744615760256,85917030.0,0.006392913745223253
2025-04-15 00:00:00+05:30,7802.25986492402,7841.27116424864,7634.998919069711,7797.87109375,387999,0.0,0.0,7604.916357421875,7869.201073254102,53.72438114070055,-77.29832746570628,19.459802520642356,-96.75812998634864,225.28685161067665,86305029.0,-0.000562500000000017
2025-04-16 00:00:00+05:30,7801.284518598784,7801.772159836351,7670.109025693229,7764.71142578125,294161,0.0,0.0,7627.191796875,7865.103440019873,52.75488697741238,-56.7176923446832,32.032350113332356,-88.75004245801556,218.59944322013703,86010868.0,-0.004688086010751398
2025-04-17 00:00:00+05:30,7796.408161836064,7855.90039324362,7670.10908040527,7819.81494140625,274331,0.0,0.0,7653.131884765625,7863.327420466398,54.23290899781306,-35.55118560633582,42.559085481343786,-78.1102710876796,216.25600533572367,86285199.0,0.0030022516887665694
2025-04-21 00:00:00+05:30,7812.012979785541,8070.46284740641,7753.496028626098,8043.642578125,285132,0.0,0.0,7690.263354492187,7870.398603119676,59.74217123733068,-0.7074023482282428,61.922294991561095,-62.62969733978934,223.44963486747997,86570331.0,0.029650436953807795
2025-04-22 00:00:00+05:30,7983.662615229817,7984.150256484107,7875.406256777519,7939.77490234375,394636,0.0,0.0,7710.70283203125,7873.119242304934,56.35215298062822,18.314179086238255,64.75510114082208,-46.44092205458382,219.50582675890863,86175695.0,-0.00549719032494504
2025-04-23 00:00:00+05:30,7910.516370232497,8089.480709270552,7851.999420138311,8057.29638671875,598686,0.0,0.0,7727.355786132813,7880.341875419202,59.17488706601137,42.38335213647588,71.05941935284775,-28.676067216371884,220.78978835700386,86774381.0,0.018555048699297347
2025-04-24 00:00:00+05:30,8055.833322220021,8122.152531168079,7967.082616127766,7998.779296875,322100,0.0,0.0,7733.873095703125,7884.986480182174,57.191582597480476,56.089935226631496,67.8128019544027,-11.722866727771208,216.0955116915259,86452281.0,-0.007082324455205822
2025-04-25 00:00:00+05:30,8021.698387018744,8055.345632532683,7768.124942565872,7835.41943359375,508224,0.0,0.0,7729.408740234375,7883.042674433608,51.95632887091205,53.15795356569379,51.904656234772,1.2532973309217912,221.17588156833204,85944057.0,-0.023221884498480193
2025-04-28 00:00:00+05:30,7835.419691364756,7933.435583695122,7773.976893187511,7895.88720703125,282481,0.0,0.0,7733.797509765625,7883.5463815943,53.64770486592064,55.07866833842672,43.06029680600395,12.01837153242278,216.7675107782805,86226538.0,0.007717201891959187
2025-04-29 00:00:00+05:30,7935.3862102811,7967.570533385539,7821.7657968972435,7878.81982421875,228383,0.0,0.0,7738.7421875,7883.361026403102,53.07968962655565,54.59432409454712,34.06076204969947,20.53356204484765,211.69874118613876,85998155.0,-0.007128372150187525
2025-04-30 00:00:00+05:30,7860.777029985212,7877.844473908877,7780.316222916505,7831.5185546875,447067,0.0,0.0,7741.4583740234375,7881.327988296608,51.45370642015873,49.81937392269538,23.42864950227818,26.390724420417197,203.61337405157494,85551088.0,-0.003722084367245671
2025-05-02 00:00:00+05:30,7802.259985774567,7886.1342806216435,7610.129333624868,7627.19677734375,379515,0.0,0.0,7738.61298828125,7871.36205845532,45.03607515643007,29.211400821341158,2.2565411207391683,26.95485970060199,208.78420069051782,85171573.0,-0.022437500000000048
2025-05-05 00:00:00+05:30,7674.98568979305,7767.637527969598,7655.96768090418,7724.72509765625,250175,0.0,0.0,7735.075170898437,7865.611589404376,48.3477530215475,20.51269644126296,-5.153730607471225,25.666427048734185,203.90252568589852,85421748.0,0.006480716691022366
2025-05-06 00:00:00+05:30,7733.990055175689,7845.172257734331,7714.484405603997,7749.10693359375,270568,0.0,0.0,7728.860180664063,7861.042779372588,49.17225468595862,15.408699050844916,-8.206182398311416,23.614881449156332,198.6729061462153,85692316.0,0.0019546027742748987
2025-05-07 00:00:00+05:30,7719.848472436775,7780.803627452541,7618.4190944905395,7654.9921875,459640,0.0,0.0,7725.778271484375,7852.962364005035,46.11243174258831,3.7265139534274567,-15.910693996583102,19.63720795001056,196.08087949020003,85232676.0,-0.008401238077190325
2025-05-08 00:00:00+05:30,7656.455421713936,7674.985789590194,7480.416926889483,7533.56982421875,461725,0.0,0.0,7727.6995849609375,7840.437166366358,42.44292904114483,-15.154777013747662,-27.83358797100658,12.678810957258916,195.97287829095083,84770951.0,-0.016049933125278637
2025-05-09 00:00:00+05:30,7431.652753060934,7552.100143481278,7423.850492952733,7492.60791015625,248982,0.0,0.0,7746.020288085938,7826.796803377726,41.25036095400979,-33.042724311947495,-36.57722821536513,3.534503903417634,191.13550487935044,84521969.0,0.008202099737532838
2025-05-12 00:00:00+05:30,7607.203531683407,7849.561233942808,7585.747316594044,7840.78369140625,296774,0.0,0.0,7772.4236328125,7827.34530879061,53.2696740047368,-18.906236376782545,-17.952592224160142,-0.953644152622402,202.97963480129386,84818743.0,0.030705128205128173
2025-05-13 00:00:00+05:30,7840.783498437354,7908.565630801481,7753.49571647204,7863.70263671875,407395,0.0,0.0,7796.352197265625,7828.77108635642,53.9377113016052,-5.786892797217661,-3.8665989156762066,-1.9202938815414539,199.55751191044726,85226138.0,0.0029230673549350984
2025-05-14 00:00:00+05:30,7890.035531086085,8005.118867633447,7833.469145325517,7902.2265625,225717,0.0,0.0,7812.62236328125,7831.651693264012,55.09962131808347,7.63087636929049,7.640936200665555,-0.010059831375064832,197.56409836741028,85451855.0,0.0015451174289245364
2025-05-15 00:00:00+05:30,7933.923189711633,8159.213448694226,7877.356804339381,8120.2021484375,497959,0.0,0.0,7828.738916015625,7842.967397388462,61.08158923962332,35.44477785522395,28.363870149279208,7.080907705944738,203.58499450936992,85949814.0,0.023478795328826116
2025-05-16 00:00:00+05:30,8143.609050342618,8285.02501588749,8075.339273872679,8272.833984375,483122,0.0,0.0,7854.145043945313,7859.824910603621,64.63458576767096,69.00812601323105,49.54177464582905,19.466351367402,204.02076218833,86432936.0,0.015868263473053836
2025-05-19 00:00:00+05:30,8289.901421361286,8642.46605239918,8282.099161200005,8632.2255859375,858221,0.0,0.0,7894.765576171875,7890.115133165734,71.28260424877375,123.18719462619174,82.97667460703178,40.21052001915995,215.85014117660504,87291157.0,0.04129411764705889
2025-05-20 00:00:00+05:30,8631.250444669438,8631.250444669438,8315.746544234347,8353.294921875,449936,0.0,0.0,7910.248193359375,7908.27904644845,61.60356339306855,141.98046099744352,81.41595278262685,60.56450821481667,223.03791978564416,86841221.0,-0.03220338983050834
2025-05-21 00:00:00+05:30,8395.231643884892,8548.350994267086,8324.52366361286,8472.7666015625,572628,0.0,0.0,7936.897778320313,7930.415813315667,63.86669516800319,164.61702350272753,83.24201223032868,81.37501127239885,223.0943062762572,87413849.0,0.009235594795539039
2025-05-22 00:00:00+05:30,8445.946617639693,8558.591748625533,8302.092446034398,8517.6298828125,916615,0.0,0.0,7959.914453125,7953.443816041034,64.70791023745333,184.05508182165067,82.14405643940145,101.91102538224922,225.48037744160564,88330464.0,0.008487297921477975
2025-05-23 00:00:00+05:30,8548.351115946938,8619.546738475647,8498.61170842688,8524.9443359375,321989,0.0,0.0,7986.222705078125,7975.855601135013,64.85158504176269,197.7703251205603,76.68743979064885,121.08288532991145,218.01285262783136,88652453.0,-0.002738163148887598
2025-05-26 00:00:00+05:30,8567.369202760472,8756.574009560578,8553.227606375927,8737.068359375,440577,0.0,0.0,8031.305151367187,8005.707081850306,68.81639388664316,223.1836677500978,81.68062593614908,141.50304181394873,218.9854826989204,89093030.0,0.019807615686720913
2025-05-27 00:00:00+05:30,8723.901946282635,8781.93125492476,8680.501875113314,8741.45703125,401273,0.0,0.0,8073.583642578125,8034.560021042451,68.8945711818041,240.90109613933691,79.51844346031055,161.38265267902636,210.588618206958,89494303.0,0.0020122973728339435
2025-05-28 00:00:00+05:30,8767.789239735775,8784.369041412694,8558.10351264532,8630.2744140625,312080,0.0,0.0,8111.1563720703125,8057.921369788336,64.48400092400794,243.1676919833053,65.42803144342315,177.73966053988215,211.70839753270195,89182223.0,-0.01568409343715242
2025-05-29 00:00:00+05:30,8686.841212445066,8719.02553488929,8584.436550122542,8655.14453125,330341,0.0,0.0,8152.337670898438,8081.341885924088,65.0234033728836,244.15631412122093,53.13332286507102,191.0229912561499,206.1998680494195,89512564.0,-0.0036488155383404843
2025-05-30 00:00:00+05:30,8569.807693433579,8645.87973168188,8372.800620021313,8394.2568359375,1434828,0.0,0.0,8190.690673828125,8093.613060434418,55.500933383626986,221.33691344512954,24.251137751183705,197.08577569394583,211.63872827651005,88077736.0,-0.020484807101399775
2025-06-02 00:00:00+05:30,8408.397890517175,8408.397890517175,8207.00205865592,8303.0673828125,457251,0.0,0.0,8219.607788085938,8101.826955429638,52.60124304709984,193.66173530494234,-2.7392323112028123,196.40096761614515,210.90709281827756,87620485.0,-0.012526822478687041
2025-06-03 00:00:00+05:30,8302.579626737124,8387.429201214527,8280.148130036201,8351.34375,566074,0.0,0.0,8249.71962890625,8111.611927765731,53.97226862837533,173.62303830060773,-18.222343452429925,191.84538175303766,203.50523412970958,88186559.0,0.005873370139786278
2025-06-04 00:00:00+05:30,8339.15335823006,8426.92878682964,8316.23421854017,8351.83203125,431009,0.0,0.0,8284.56162109375,8121.0323239808,53.98676574109959,155.98354555304468,-28.6894689599944,184.67301451303908,196.8759008554067,88617568.0,0.0015203789252091517
2025-06-05 00:00:00+05:30,8401.082950125987,8401.082950125987,8299.165935000821,8345.9794921875,381642,0.0,0.0,8325.182104492187,8129.853781557535,53.76816776322201,139.9189706768575,-35.80323506894527,175.72220574580277,190.09312330324664,88235926.0,-0.006559089853726593
2025-06-06 00:00:00+05:30,8395.231456958434,8470.328206747678,8329.887531817145,8423.5146484375,435024,0.0,0.0,8371.72744140625,8141.3698939842,56.29308975363251,131.92338777469558,-35.03905437688576,166.96244215158134,186.54651984805278,88670950.0,0.0033689591078067517
2025-06-09 00:00:00+05:30,8465.452032823168,8489.834095129687,8386.94179219618,8427.416015625,443544,0.0,0.0,8401.059057617187,8152.5873889505065,56.4220561125157,124.46686194009817,-33.99646416918654,158.4633261092847,180.57121863987095,89114494.0,-0.004493087557603654
2025-06-10 00:00:00+05:30,8431.317477457324,8449.847845539647,8362.072417781272,8412.787109375,350288,0.0,0.0,8428.51328125,8162.791299555389,55.75768494133602,116.03945046638182,-33.93910051432232,149.97855098070414,173.94294786262125,88764206.0,-0.002197802197802169
2025-06-11 00:00:00+05:30,8422.052190931801,8553.227689707823,8397.18248670289,8503.48828125,462124,0.0,0.0,8458.5763671875,8176.151965504197,58.9825823977952,115.34981187766971,-27.702991282427547,143.05280316009726,172.6645375156435,89226330.0,0.009669387991430713
2025-06-12 00:00:00+05:30,8516.654369772365,8539.573508356922,8328.912489877583,8355.2451171875,368162,0.0,0.0,8470.328515625,8183.175226354523,52.27564946269582,101.66930346411937,-33.10679975678232,134.7761032209017,175.37857187019318,88858168.0,-0.018952190094474713
2025-06-13 00:00:00+05:30,8250.89022207494,8275.759926645023,8143.609143537323,8254.3037109375,250910,0.0,0.0,8469.402001953125,8185.964578691111,48.25221618356464,81.74002596388345,-42.4288618056146,124.16888776949806,177.9683862830492,88607258.0,0.0004137115839242174
2025-06-16 00:00:00+05:30,8276.734728552377,8382.55287714696,8242.1122006712,8318.671875,203598,0.0,0.0,8453.72431640625,8191.168786389499,50.85002463839028,70.32919171126196,-43.07175684658888,113.40094855785084,175.28783558252857,88810856.0,0.00506687091262589
2025-06-17 00:00:00+05:30,8280.148338171022,8342.566417516482,8246.013451028975,8284.537109375,286217,0.0,0.0,8450.28642578125,8194.830289251675,49.432792468802916,57.864605888422375,-44.42907413554278,102.29368002396515,169.6639163614556,88524639.0,0.000530035335689066
2025-06-18 00:00:00+05:30,8294.777836067586,8443.508420429762,8231.872113501287,8258.6923828125,561114,0.0,0.0,8439.58271484375,8197.33468507759,48.33437942675983,45.37779144801243,-45.53271086076218,90.91050230877461,172.66194425909978,87963525.0,-0.004350382128159948
2025-06-19 00:00:00+05:30,8270.395480225989,8343.541666666666,8242.599929378532,8286.0,332303,0.0,0.0,8428.001220703125,8200.811756251018,49.608482379203146,37.25593430939443,-42.923654399504144,80.17958870889858,167.53907233260225,88295828.0,0.001886792452830195
2025-06-20 00:00:00+05:30,8315.0,8403.0,8250.0,8371.0,567646,210.0,0.0,8420.30400390625,8207.485805025488,53.456047144121136,37.24871365310355,-34.34470004463603,71.59341369773958,166.5005671659878,88863474.0,0.006734816596512327
2025-06-23 00:00:00+05:30,8275.0,8328.5,8255.0,8286.5,271619,0.0,0.0,8397.7755859375,8210.58440090684,49.416583670648194,30.077828937741288,-33.212467807998635,63.29029674573992,162.89338379698867,88591855.0,0.0013897280966767372
2025-06-24 00:00:00+05:30,8363.0,8424.5,8331.5,8377.0,214129,0.0,0.0,8379.552734375,8217.110502832064,53.47184829020444,31.33622035519147,-25.563261112438767,56.89948146763024,161.11528495434663,88805984.0,0.0016740404161186178
2025-06-25 00:00:00+05:30,8407.0,8437.0,8371.0,8389.5,276176,0.0,0.0,8367.514013671875,8223.870875270022,54.02015637316521,32.96218262977163,-19.149839070286887,52.11202170005852,154.32133602903616,89082160.0,-0.0020815986677768525
2025-06-26 00:00:00+05:30,8370.0,8465.0,8361.0,8433.0,371685,0.0,0.0,8356.406787109376,8232.072017416296,55.96494033221681,37.330532757951005,-11.825191153686013,49.15572391163702,150.726954884105,89453845.0,0.007526881720430108
2025-06-27 00:00:00+05:30,8468.0,8507.0,8414.0,8436.0,504248,0.0,0.0,8358.4939453125,8240.069193203892,56.10283802445879,40.566926359708305,-6.871038041542974,47.43796440125128,146.60360096381177,89958093.0,-0.003778932451582428
2025-06-30 00:00:00+05:30,8470.0,8496.0,8360.0,8376.0,303799,0.0,0.0,8362.140576171874,8245.39981307825,52.55788130023721,37.85393643105817,-7.667222376154484,45.52115880721266,145.84620089496806,89654294.0,-0.011097992916174734
2025-07-01 00:00:00+05:30,8370.0,8409.0,8300.0,8399.0,363782,0.0,0.0,8364.523388671874,8251.42334982028,53.76393931967174,37.13174846495531,-6.711528273805882,43.84327673876119,143.21432940247033,90018076.0,0.0034647550776583033
2025-07-02 00:00:00+05:30,8350.0,8409.5,8314.5,8356.5,267604,0.0,0.0,8364.756787109374,8255.544002768504,51.17508010546604,32.752464463423166,-8.872649820270425,41.62511428369359,139.7704487308653,89750472.0,0.0007784431137724551
2025-07-03 00:00:00+05:30,8378.0,8464.5,8350.0,8382.5,175619,0.0,0.0,8366.5828125,8260.522669326601,52.67636980380911,31.02222811505999,-8.482308934906882,39.50453704996687,137.96541667866063,89926091.0,0.0005371210312723801
2025-07-04 00:00:00+05:30,8382.0,8450.0,8364.5,8433.0,183720,0.0,0.0,8367.057080078124,8267.286486215755,55.53615054809888,33.3415901997887,-4.93035748014254,38.27194767993124,134.21788691589916,90109811.0,0.006084466714387974
2025-07-07 00:00:00+05:30,8433.0,8484.0,8404.0,8463.5,123117,0.0,0.0,8368.861279296874,8274.981133815138,57.21770862529092,37.21184151745729,-0.8480849299791586,38.059926447436446,130.34518070762064,90232928.0,0.003616743744812048
2025-07-08 00:00:00+05:30,8463.0,8474.0,8291.0,8339.5,253579,0.0,0.0,8365.196923828125,8277.511285430232,49.08941797575038,29.928285239078832,-6.505312966686091,36.43359820576492,134.10623922850488,89979349.0,-0.014592933947772658
2025-07-09 00:00:00+05:30,8350.0,8376.0,8310.5,8361.0,157280,0.0,0.0,8358.072509765625,8280.785352668261,50.40497103595329,25.59583191283673,-8.670213034342552,34.26604494717928,129.20579356932595,90136629.0,0.0013173652694610778
2025-07-10 00:00:00+05:30,8394.0,8394.0,8268.0,8285.0,229552,0.0,0.0,8354.56025390625,8280.95063295578,45.89072673731305,15.847091193840242,-14.735163002671232,30.582254196511474,128.9768083143741,89907077.0,-0.012985465808911127
2025-07-11 00:00:00+05:30,8285.5,8300.0,8045.5,8067.0,539579,0.0,0.0,8345.195068359375,8272.560412055554,35.94605400002295,-9.3617181010286,-31.955177838032064,22.593459737003464,137.9427505776331,89367498.0,-0.026371371673405346
2025-07-14 00:00:00+05:30,8090.0,8120.0,8035.5,8087.5,248351,0.0,0.0,8333.636474609375,8265.303140994552,37.3215702303023,-27.370195832325408,-39.97092445546309,12.600728623137687,134.12541125065928,89615849.0,-0.00030902348578491963
2025-07-15 00:00:00+05:30,8128.0,8326.0,8090.0,8311.0,366546,0.0,0.0,8334.959619140625,8267.09517468104,49.94263892080079,-23.33843113938383,-28.751327810017216,5.412896670633385,141.58073901846933,89982395.0,0.02251476377952756
2025-07-16 00:00:00+05:30,8311.0,8345.0,8184.5,8302.5,275493,0.0,0.0,8337.15,8268.483599203353,49.5341233772073,-20.591738788625662,-20.80370836740724,0.2119695787815763,142.9321148028644,89706902.0,-0.0010227409457345686
2025-07-17 00:00:00+05:30,8278.5,8355.0,8262.5,8330.0,249880,0.0,0.0,8339.35,8270.896007077732,50.93251667670701,-16.01137596351691,-12.97867643383879,-3.0326995296781214,139.32982088837406,89956782.0,0.006220933744035755
2025-07-18 00:00:00+05:30,8305.0,8365.0,8305.0,8347.5,268313,0.0,0.0,8338.175,8273.900085231548,51.8469361709811,-10.844295391554624,-6.249276689501202,-4.595018702053422,133.66340511063305,90225095.0,0.005117399157134257
2025-07-21 00:00:00+05:30,8306.0,8450.0,8306.0,8438.5,253964,0.0,0.0,8345.775,8280.354983849918,56.39736622193145,0.5868280809700082,4.145477426418744,-3.5586493454487362,134.4017333170164,90479059.0,0.01595232362147845
2025-07-22 00:00:00+05:30,8470.0,8470.0,8277.0,8295.0,302466,0.0,0.0,8341.675,8280.929298208746,48.59826627379809,-1.9111444471782306,1.3180039186164048,-3.2291483657946354,138.58732379437237,90176593.0,-0.02066115702479339
2025-07-23 00:00:00+05:30,8313.5,8405.0,8290.5,8397.0,194644,0.0,0.0,8342.05,8285.481090435855,53.51863337298142,4.290286129882588,6.015547596541779,-1.725261466659191,136.86680066620292,90371237.0,0.010043904492692608
2025-07-24 00:00:00+05:30,8409.5,8435.0,8276.0,8288.5,298692,0.0,0.0,8334.825,8285.599479046214,48.22991452356353,0.44479400501768396,1.7360443773415002,-1.2912503723238162,138.44774347575986,90072545.0,-0.014388489208633094
2025-07-25 00:00:00+05:30,8275.0,8280.0,8044.5,8075.5,554118,0.0,0.0,8316.8,8277.3602837895,39.89504233859949,-19.564577819364786,-14.618661957632774,-4.9459158617320105,145.98719037034846,89518427.0,-0.024108761329305135
2025-07-28 00:00:00+05:30,8075.5,8158.0,8075.0,8089.5,232171,0.0,0.0,8302.475,8269.993213836971,40.62139173826463,-33.90166881773439,-23.1646023648019,-10.737066452932487,141.488105343895,89750598.0,0.0017336387839762245
2025-07-29 00:00:00+05:30,8089.5,8146.0,8056.0,8127.5,209998,0.0,0.0,8288.9,8264.405244666894,42.647343359403436,-41.716749584915306,-24.783746505586254,-16.93300307932905,137.8103835336168,89960596.0,0.004697447308239075
2025-07-30 00:00:00+05:30,8090.5,8132.5,8025.0,8043.5,222804,0.0,0.0,8273.25,8255.742293895644,39.44361189938585,-54.0651262590909,-29.70569854380948,-24.359427715281424,135.64535613835847,89737792.0,-0.005809282491811384
2025-07-31 00:00:00+05:30,7990.0,8094.0,7930.5,8008.0,297025,0.0,0.0,8254.525,8246.026909821307,38.13962191108257,-65.95556238547579,-33.276907736155486,-32.6786546493203,137.63497355704715,89440767.0,0.0022528160200250315
2025-08-01 00:00:00+05:30,8008.0,8091.0,7951.5,8044.5,329818,0.0,0.0,8235.1,8238.123893749884,40.32409058361199,-71.60811989320973,-31.143572195111545,-40.46454769809819,137.76818973154377,89770585.0,0.004557942057942058
2025-08-04 00:00:00+05:30,8044.5,8205.0,8044.5,8187.5,221221,0.0,0.0,8221.3,8236.138643014594,48.062351825655846,-63.81330745746527,-18.67900780749366,-45.13429964997161,139.39189046500493,89991806.0,0.0177761203306607
2025-08-05 00:00:00+05:30,8176.0,8236.5,8130.0,8230.5,194083,0.0,0.0,8215.85,8235.91751975912,50.1554015428937,-53.54884406812016,-6.731635534518844,-46.81720853360132,137.0424697175046,90185889.0,0.006665851272015655
2025-08-06 00:00:00+05:30,8269.0,8269.0,8120.0,8178.5,515934,0.0,0.0,8206.725,8233.665852317585,47.65436781595991,-49.04479048310077,-1.782065559599559,-47.26272492350121,137.89657902339712,89669955.0,-0.010944491474180675
2025-08-07 00:00:00+05:30,8070.0,8249.0,7858.5,8229.0,456168,0.0,0.0,8203.925,8233.482877716895,50.249003226257265,-40.92856855200989,5.067325097193056,-45.99589364920295,155.93968052172593,90126123.0,0.01970260223048327
2025-08-08 00:00:00+05:30,8229.0,8277.0,8185.0,8224.0,282679,0.0,0.0,8211.775,8233.11100015937,49.9848247838244,-34.50214318090457,9.195000374638703,-43.69714355554327,151.3725604844598,89843444.0,-0.0006076072426783327
2025-08-11 00:00:00+05:30,8235.0,8300.0,8132.5,8275.0,180274,0.0,0.0,8221.15,8234.753706035473,52.71552099309429,-25.005631643076413,14.953209529973492,-39.958841173049905,152.52452044985554,90023718.0,0.004857316332726169
2025-08-12 00:00:00+05:30,8275.5,8321.5,8180.0,8196.5,184529,0.0,0.0,8215.425,8233.253560700748,48.34062236490689,-23.542488624631005,13.133082038735125,-36.67557066336613,151.73705470343728,89839189.0,-0.009546250981813787
2025-08-13 00:00:00+05:30,8214.5,8309.5,8189.0,8248.5,367519,0.0,0.0,8212.725,8233.851460281112,51.2280931399482,-17.97971288511144,14.95668622260375,-32.93639910771519,149.50583651033463,90206708.0,0.0041390224602836445
2025-08-14 00:00:00+05:30,8250.0,8280.0,8198.0,8213.5,364270,0.0,0.0,8206.9,8233.0533637995,49.233393174598454,-16.20853858337796,13.382288419469788,-29.590827002847746,144.68399104531073,89842438.0,-0.004424242424242424
2025-08-18 00:00:00+05:30,8400.0,8629.5,8400.0,8588.5,995976,0.0,0.0,8218.95,8246.992447572067,64.97115864110219,15.278376195285091,35.89536255850627,-20.61698636322118,164.0637059706457,90838414.0,0.02244047619047619
2025-08-19 00:00:00+05:30,8609.0,8856.0,8586.0,8795.5,1052384,0.0,0.0,8236.8,8268.50254766728,70.42193593992732,56.28631938431863,61.522644598031846,-5.236325213713217,171.6305841155996,91890798.0,0.021663375537228483
2025-08-20 00:00:00+05:30,8794.5,8872.5,8763.5,8827.5,490202,0.0,0.0,8263.425,8290.42401638621,71.16883040830191,90.32631681864041,76.45011362588289,13.876203192757508,167.1569709644853,92381000.0,0.00375234521575985
2025-08-21 00:00:00+05:30,8835.0,8869.0,8630.0,8684.5,510564,0.0,0.0,8277.8,8305.877976527929,63.45728013770872,104.55906333477651,72.5462881136152,32.012775221161306,172.2886158955935,91870436.0,-0.017034521788341823
2025-08-22 00:00:00+05:30,8684.5,8715.0,8581.0,8679.5,369875,0.0,0.0,8297.35,8320.529820585658,63.19942035598037,114.1196588863404,65.68550693214327,48.434151954197134,169.55371476019397,91500561.0,-0.0005757383844780931
2025-08-25 00:00:00+05:30,8750.0,8764.0,8633.5,8750.5,360880,0.0,0.0,8331.1,8337.391396248966,65.35243929022498,125.97346270723574,62.031448602430885,63.942014104804855,166.7641637058944,91861441.0,5.714285714285714e-05
2025-08-26 00:00:00+05:30,8730.0,8825.0,8646.0,8691.5,778390,0.0,0.0,8361.2,8351.27800816077,62.101039267971295,129.11848321982143,52.14117529201326,76.97730792780817,167.63815201261622,91083051.0,-0.0044100801832760595
2025-08-27 00:00:00+05:30,8691.5,8691.5,8691.5,8691.5,0,0.0,0.0,8389.4,8364.620047056427,62.1010392679713,130.11109492375726,42.50702959675928,87.60406532699798,155.66399829742934,91083051.0,0.0
2025-08-28 00:00:00+05:30,8798.0,8798.0,8661.0,8689.5,394657,0.0,0.0,8421.7,8377.360437367939,61.97981035921014,129.24649047614366,33.31394011931654,95.93255035682712,154.3308555618987,90688394.0,-0.012332348260968401
2025-08-29 00:00:00+05:30,8714.0,8730.0,8571.5,8631.5,344340,0.0,0.0,8452.875,8387.32669472606,58.41826358092542,122.46941872401112,21.2294946937472,101.23992403026392,154.62865159319165,90344054.0,-0.009467523525361487
2025-09-01 00:00:00+05:30,8665.0,9037.5,8665.0,8967.0,658701,0.0,0.0,8499.0,8410.05898120739,69.3793207778759,142.52761699542862,33.03015437213176,109.49746262329685,172.5837479079637,91002755.0,0.03485285631852279
