Date,Open,High,Low,Close,Volume,Dividends,Stock Splits,SMA_20,EMA_50,RSI_14,MACD_12_26_9,MACDh_12_26_9,MACDs_12_26_9,ATRr_14,OBV,Daily_Return
2020-03-12 00:00:00+05:30,378.6258642227434,379.601850974408,355.878883093974,366.3009033203125,52726190,0.0,0.0,444.40814514160155,429.25529235839844,22.331809402085533,-12.161004508039866,-11.03126935547519,-1.1297351525646757,17.249224995855517,-13729670.0,-0.032551819796389325
2020-03-13 00:00:00+05:30,337.4282394703528,396.6253217713247,321.83690761196937,387.7040710449219,48499170,0.0,0.0,440.4589874267578,427.62583269904644,34.34361932369606,-13.663010807529929,-10.026620523972202,-3.6363902835577266,21.46278014225875,34769500.0,0.14899710721747816
2020-03-16 00:00:00+05:30,376.0215721630812,376.0215721630812,353.12255422048395,360.20953369140625,31404670,0.0,0.0,435.0046981811523,424.9820562673743,28.290733108435283,-16.877388970003096,-10.592798949156295,-6.284590020846801,22.421729366205554,3364830.0,-0.04205088123193433
2020-03-17 00:00:00+05:30,363.137485240799,366.33521565184645,333.70081781474806,337.9039306640625,25585480,0.0,0.0,428.50167694091795,421.5672278123425,24.515758620759634,-20.98280584625877,-11.758572660329575,-9.224233185929195,23.1670077931627,-22220650.0,-0.06948760621615237
2020-03-18 00:00:00+05:30,342.3327205926332,346.2563047828067,296.12272216145993,300.28662109375,54435800,0.0,0.0,420.1427459716797,416.81112558808394,19.73350597180007,-26.96099127518761,-14.18940647140673,-12.771584803780879,25.13187696046664,-76656450.0,-0.12282232158846702
2020-03-19 00:00:00+05:30,274.6508742645931,299.472439841959,243.7232252278237,269.36383056640625,83247130,0.0,0.0,410.3289337158203,411.0288787244888,16.8275804114355,-33.804282336783956,-16.82615802640246,-16.978124310381496,27.418795220011987,-159903580.0,-0.019250052315848098
2020-03-20 00:00:00+05:30,274.6361783508551,298.58476485366845,257.1566327161794,289.5507202148437,61101890,0.0,0.0,400.9370346069336,406.26502937116936,24.630404757308646,-37.170251004691636,-16.15370135544811,-21.016549649243526,28.436743106453694,-98801690.0,0.05430654458399448
2020-03-23 00:00:00+05:30,260.59953155363166,264.8419187067437,218.249358934261,222.28575134277344,48442350,0.0,0.0,388.17014236450194,399.05015572299703,18.42698683899893,-44.749679802622666,-18.98650412270331,-25.763175679919357,31.547539154575748,-147244040.0,-0.14702167721653486
2020-03-24 00:00:00+05:30,242.4774847667332,251.9578378866385,206.44427011921255,242.6932830810547,62572210,0.0,0.0,376.79795837402344,392.91851365860714,24.62922832455982,-48.55005960760468,-18.229507142148258,-30.320552465456423,32.55993173278636,-84671830.0,0.0008899725866469222
2020-03-25 00:00:00+05:30,240.31950627524787,264.841904874763,235.41502655534484,253.62045288085935,62263550,0.0,0.0,365.86448059082034,387.4558446084994,27.794942351083044,-50.102605059300174,-15.825642075075002,-34.27696298422517,32.33305850688136,-22408280.0,0.055346928810586636
2020-03-26 00:00:00+05:30,258.69170079072865,288.0400909785223,251.6047215343605,274.03289794921875,50961240,0.0,0.0,356.02967224121096,383.0078859159786,33.42068739632175,-49.119673768887026,-11.874168627729482,-37.245505141157544,32.629826308618604,28552960.0,0.05930301247236581
2020-03-27 00:00:00+05:30,289.85476604140024,298.1923819850615,245.2239983429782,249.3731842041016,71706090,0.0,0.0,345.20751724243166,377.76730937825795,30.34477453807834,-49.756959196021285,-10.009163243890988,-39.747795952130296,34.099808250517924,-43153130.0,-0.1396616049829473
2020-03-30 00:00:00+05:30,234.43906743706373,236.8275469466378,218.3474687820052,219.9267120361328,76983550,0.0,0.0,334.3514068603516,371.57748203150794,27.133387893500682,-52.03823234810375,-9.832349116778758,-42.20588323132499,33.877814310931846,-120136680.0,-0.061902461733801366
2020-03-31 00:00:00+05:30,226.1063491212765,229.52968181520504,205.9881759880045,217.34695434570312,110431110,0.0,0.0,323.8805862426758,365.52922604382934,26.865145016370313,-53.43831896566013,-8.985948587468116,-44.452370378192015,33.13196956994633,-230567790.0,-0.03874015395682283
2020-04-01 00:00:00+05:30,213.83533639533545,224.3211174417807,209.1907930542958,217.69515991210935,64083010,0.0,0.0,312.92029876708983,359.73181168572273,26.97009114218958,-53.89849215114731,-7.55689741836423,-46.34159473278308,31.83395787596505,-166484780.0,0.01805044751648492
2020-04-03 00:00:00+05:30,222.54568838328123,229.89258981496096,214.13449324294925,216.5327911376953,61726720,0.0,0.0,302.72437210083007,354.1161638210942,26.831676281338837,-53.737523441996245,-5.916742967370524,-47.82078047462572,30.67558890805554,-228211500.0,-0.02701870923345032
2020-04-07 00:00:00+05:30,220.2111424335308,224.23282184573404,204.1734875433287,221.0301971435547,111614780,0.0,0.0,292.53604888916016,348.8971063043279,28.363599181498348,-52.640247496273815,-3.855573617318477,-48.78467387895534,29.911099619104824,-116596720.0,0.003719406297849427
2020-04-08 00:00:00+05:30,214.227680582676,232.86470459742972,210.3188094208902,228.83322143554688,91093390,0.0,0.0,283.25211334228516,344.18871866241494,31.060514962929744,-50.55820602836911,-1.4188257195310143,-49.1393803088381,29.381031206353214,-25503330.0,0.06817765478833271
2020-04-09 00:00:00+05:30,234.5322474733608,251.7126259250964,232.1879065532207,250.30995178222656,71932460,0.0,0.0,276.0182518005371,340.50719839260364,37.981168313764776,-46.63757161955337,2.0014469514277877,-48.63901857098116,28.91336672226203,46429130.0,0.06727307003126666
2020-04-13 00:00:00+05:30,247.18580706440653,247.18580706440653,222.266143863094,224.3603515625,81831990,0.0,0.0,267.468025970459,335.9524200855407,33.593073596288164,-45.10442078550727,2.8276782283791135,-47.932099013886386,28.850850397884592,-35402860.0,-0.09234128679547993
2020-04-15 00:00:00+05:30,230.02012311625668,232.27618701874323,212.697495326952,214.07565307617188,93336280,0.0,0.0,259.856763458252,331.1729390263498,32.01437827517063,-44.20965552941749,2.977954787575115,-47.187610316992604,28.184545326655073,-128739140.0,-0.06931771805037319
2020-04-16 00:00:00+05:30,210.4022059053988,220.70161458608263,208.1461419628394,217.7589263916016,72467400,0.0,0.0,251.35950622558593,326.72533068773225,33.224674449007594,-42.71099250840783,3.5812942468678273,-46.292286755275654,27.061912378422996,-56271740.0,0.03496503496503513
2020-04-17 00:00:00+05:30,231.00099747519155,233.0510664296384,219.2498681214333,226.40550231933597,101915460,0.0,0.0,244.66930465698243,322.79121977132456,36.100527912742464,-40.36033602183275,4.745560586754323,-45.105896608587074,26.216831208427053,45643720.0,-0.019893832520567895
2020-04-20 00:00:00+05:30,228.0583328656373,230.06917277253348,222.1729565336209,226.4153289794922,54031770,0.0,0.0,239.0948745727539,319.01177307360564,36.103895908833344,-38.05792284696139,5.63837900930055,-43.69630185626194,24.901882824077855,99675490.0,-0.007204314201108866
2020-04-21 00:00:00+05:30,216.77802650142192,216.77802650142192,204.5168259074501,205.96365356445312,73839850,0.0,0.0,234.37872619628905,314.57851348501146,32.28936254370167,-37.45180204110275,4.995599852127356,-42.44740189323011,24.686391987700517,25835640.0,-0.049886850210336516
2020-04-22 00:00:00+05:30,202.059664406736,212.85442955212497,198.3715008773734,210.72097778320312,90627230,0.0,0.0,231.44658355712892,310.50566894768565,34.035256140193056,-36.17061825791032,5.021426908255833,-41.19204516616615,23.95453397275128,116462870.0,0.04286512799027682
2020-04-23 00:00:00+05:30,211.87356146164092,217.6706611104486,207.1652571023693,213.0947723388672,71440060,0.0,0.0,227.62378616333007,306.6856337865555,34.93674777302092,-34.56527848307226,5.301413346475115,-39.86669182954738,22.990163118032406,187902930.0,0.005763866283275586
2020-04-24 00:00:00+05:30,207.31238292058217,207.31238292058217,193.24142810543984,193.84957885742188,104944510,0.0,0.0,226.2019775390625,302.26069045600127,31.21247208274922,-34.448856447367774,4.334268305743684,-38.78312475311146,22.765299464168958,82958420.0,-0.06493970053066084
2020-04-27 00:00:00+05:30,196.17920009172963,204.51681609562812,187.90534472262655,200.5000457763672,144952470,0.0,0.0,224.09231567382812,298.2700769391529,33.837220186934836,-33.434541463496885,4.278866631691663,-37.71340809518855,22.324273946380117,227910890.0,0.022024993896484525
2020-04-28 00:00:00+05:30,204.1244786920285,220.1228912411378,199.61235077121916,218.55345153808597,147563440,0.0,0.0,222.33896560668944,295.14393476656204,40.47701034323744,-30.81867209669747,5.515788798792869,-36.33446089549034,22.194320334763457,375474330.0,0.07068712649513771
2020-04-29 00:00:00+05:30,215.80203638219092,232.9628076782648,215.80203638219092,225.25787353515625,150601540,0.0,0.0,219.90021438598632,292.40330491435003,42.773805986833466,-27.88316617027411,6.761035780172989,-34.6442019504471,21.833747397183775,526075870.0,0.04381718222630115
2020-04-30 00:00:00+05:30,231.9868297340744,237.27385895061343,224.73800837830328,227.3815155029297,88833050,0.0,0.0,218.80063095092774,289.85343081978453,43.51726659975003,-25.096104148777897,7.638478241335363,-32.73458239011326,21.167839191520102,614908920.0,-0.019851619320044034
2020-05-04 00:00:00+05:30,215.7971381139633,216.01293644946017,198.97967059146904,203.99205017089844,73127450,0.0,0.0,218.003897857666,286.48631785316155,37.70685275720978,-24.492339353308637,6.593794429443697,-31.086133782752334,21.685834346770356,541781470.0,-0.05470456210049719
2020-05-05 00:00:00+05:30,208.93086698284893,209.4213150274096,195.8849460040776,196.40972900390625,115212090,0.0,0.0,216.95703659057617,282.95390260417116,36.027484417877474,-24.345046807748815,5.392869580002817,-29.737916387751632,21.102390451135744,426569380.0,-0.05992957459928854
2020-05-06 00:00:00+05:30,197.16008793409216,209.11721207968648,191.50522332412663,206.6012115478516,131496960,0.0,0.0,216.40233917236327,279.95967942549197,39.901900736106604,-23.139214475867277,5.278961529507484,-28.41817600537476,20.85254351279655,558066340.0,0.047885572139303695
2020-05-07 00:00:00+05:30,205.8851825155168,212.8397319823831,200.92185085123936,202.1185302734375,77702040,0.0,0.0,215.6816261291504,276.9070853410977,38.78912407490127,-22.288372101259597,4.903843123292134,-27.19221522455173,20.21308774080618,480364300.0,-0.018294916594084717
2020-05-08 00:00:00+05:30,208.93084028917485,208.93084028917485,197.650536705487,198.5480499267578,69663750,0.0,0.0,214.55751876831056,273.8341819915157,37.88290913819533,-21.652583805774952,4.431705135021424,-26.084288940796377,19.573856941302793,410700550.0,-0.04969486720125442
2020-05-11 00:00:00+05:30,203.0454753627034,205.27211351041933,195.71818092397083,197.65545654296875,76549900,0.0,0.0,212.99863052368164,270.84678099353346,37.646124665673334,-20.97891001165732,4.084303143311246,-25.063213154968565,18.856924582931526,334150650.0,-0.02654587013134064
2020-05-12 00:00:00+05:30,195.1688840169316,204.02637395821552,193.9329604090614,203.01605224609372,103365270,0.0,0.0,210.633935546875,268.1867524152025,40.06886287720116,-19.784401142379608,4.223049610071168,-24.007450752450776,18.22996600102253,437515920.0,0.040207066145243484
2020-05-13 00:00:00+05:30,217.7589182594763,219.7158010461956,210.4021980480075,211.97653198242188,94411850,0.0,0.0,210.0147445678711,265.9824300452895,43.98662169749744,-17.908273004949194,4.879342198001268,-22.787615202950462,18.12050370321419,531927770.0,-0.026554073299373555
2020-05-14 00:00:00+05:30,211.77546134782497,221.57952801474488,205.67428642731983,207.16525268554688,143075310,0.0,0.0,209.66922454833986,263.67587407039764,42.3844618540211,-16.618094915203756,4.935616230197368,-21.553711145401124,17.962054196852936,388852460.0,-0.021769324136691092
2020-05-15 00:00:00+05:30,207.94505035733783,209.57825063891897,201.6722309837129,204.6590576171875,80267260,0.0,0.0,209.01423110961915,261.36148911144824,41.535776794125894,-15.617816019401005,4.748716100800099,-20.366532120201104,17.242853524324055,308585200.0,-0.015802216664948767
2020-05-18 00:00:00+05:30,205.0072914909622,205.345701853725,188.92060092069156,190.15652465820312,108205710,0.0,0.0,207.2017822265625,258.5691375642622,36.9278310465358,-15.813038134581092,3.642795188496013,-19.455833323077105,17.184373728048875,200379490.0,-0.07244018846721735
2020-05-19 00:00:00+05:30,192.25562640438795,196.527424524727,188.54784052111475,192.7411651611328,94135140,0.0,0.0,205.51807403564453,255.98764845041396,38.24279432656062,-15.579602223054508,3.1009848800180784,-18.680587103072586,16.526168684997664,294514630.0,0.0025254852917728555
2020-05-20 00:00:00+05:30,193.2365341633892,202.06459917592977,189.80339776962336,200.37745666503903,163185080,0.0,0.0,205.23876419067383,253.80685661569336,42.08461296106283,-14.610002659888124,3.2564675545475694,-17.866470214435694,16.22121838499416,457699710.0,0.03695430852434926
2020-05-21 00:00:00+05:30,201.96649611095808,203.78606910883,193.67792726018504,195.2179412841797,98795420,0.0,0.0,204.46361236572267,251.5092520928889,40.26215574271524,-14.095434398217918,3.0168286529742225,-17.11226305119214,15.784157791271861,358904290.0,-0.033414229373325416
2020-05-22 00:00:00+05:30,193.72696810846244,196.86583244638288,182.96162807096397,185.9092254638672,161950940,0.0,0.0,203.10433502197264,248.9367020290057,37.137433386301076,-14.274226516213815,2.2704292279826603,-16.544655744196476,15.64975768322058,196953350.0,-0.040354436560522206
2020-05-26 00:00:00+05:30,188.13585172170485,189.680759894812,178.6751058156203,179.40586853027344,98692950,0.0,0.0,202.38214950561525,246.21000267611424,35.088571872849656,-14.770422870984845,1.4193862985693073,-16.189809169554152,15.317765976162264,98260400.0,-0.0464025496020026
2020-05-27 00:00:00+05:30,179.5039607290966,190.88235985512256,174.89375270929256,189.9456024169922,173352460,0.0,0.0,201.85442733764648,244.00355560712907,40.78986665192554,-14.15008029904746,1.6317830964053535,-15.781863395452813,15.365719418986085,271612860.0,0.05816942225388484
2020-05-28 00:00:00+05:30,191.6670723440156,194.5116797233616,189.01865613842705,191.0491180419922,90517750,0.0,0.0,200.4792106628418,241.92691099673155,41.37050009479687,-13.41477270366579,1.893672553429619,-15.308445257095409,14.660031964000106,362130610.0,-0.003224102577798365
2020-05-29 00:00:00+05:30,187.7434874692592,194.2174070236275,185.48743865442896,191.63275146484372,103618470,0.0,0.0,198.79795455932617,239.9545910150889,41.696148982828156,-12.63924445470721,2.135360641910559,-14.774605096617769,14.236179979288332,465749080.0,0.02071583972371524
2020-06-01 00:00:00+05:30,195.8898427374056,218.3866907068744,195.8898427374056,211.95692443847656,189159830,0.0,0.0,198.0267250061035,238.85664330620213,51.747235685300915,-10.26629833064976,3.606645412774407,-13.872943743424168,15.130846635493342,654908910.0,0.08202100464498935
2020-06-02 00:00:00+05:30,212.3885169428277,232.96281813099537,211.9569352417581,230.1378326416016,234424700,0.0,0.0,199.33401412963866,238.5147291624923,58.61948686986546,-6.839828794678567,5.626491958996482,-12.466320753675049,15.550728616074634,889333610.0,0.08357003454923974
2020-06-03 00:00:00+05:30,237.08257276526885,244.91502833886068,235.21887625345929,236.5823211669922,187051760,0.0,0.0,201.34264373779297,238.43894845678642,60.75321217601731,-3.563235870798991,7.122467906300848,-10.685703777099839,15.495447441705792,1076385370.0,-0.0021100310851272586
2020-06-04 00:00:00+05:30,236.7882850946252,240.67754905525592,223.33039096584756,226.8861389160156,163153500,0.0,0.0,202.35689010620118,237.9858971022464,56.06874231274217,-1.7289826100504513,7.165376933639511,-8.894359543689962,15.627776554767596,913231870.0,-0.041818564523377955
2020-06-05 00:00:00+05:30,229.92202783565435,236.29785215240645,223.15385108632412,234.46849060058597,158500390,0.0,0.0,203.9743881225586,237.84795959237738,58.747476161721956,0.33267386947665045,7.3816267305332905,-7.04895286105664,15.450284225442246,1071732260.0,0.01977393296209695
2020-06-08 00:00:00+05:30,245.71445780954812,249.9028880876008,242.8257117899252,245.93516540527344,149925030,0.0,0.0,206.34374389648437,238.16510491837332,62.474019941919686,2.8588611370643946,7.9262511984968285,-5.067390061432434,15.44914898450126,1221657290.0,0.0008982279581463802
2020-06-09 00:00:00+05:30,248.65713058959457,248.65713058959457,236.91580452768537,239.69174194335935,123730770,0.0,0.0,208.4455581665039,238.22497303700024,59.331273430743074,4.307437197191973,7.499861806899526,-3.192424609707553,15.184201787086478,1097926520.0,-0.03605522441675918
2020-06-10 00:00:00+05:30,239.3386594743757,242.28134791053608,235.5131704942822,238.91197204589844,89614430,0.0,0.0,210.24035415649413,238.25191417460408,58.93253017997585,5.331069990973788,6.8187956805450725,-1.487725689571285,14.582840730901783,1008312090.0,-0.0017827768794825556
2020-06-11 00:00:00+05:30,236.39595517155783,241.2023399744384,227.57769402817996,229.4217834472656,100427670,0.0,0.0,211.11261672973632,237.90563453823788,54.1616892383682,5.315256479761217,5.442385735466002,-0.1271292557047845,14.51437536264243,907884420.0,-0.029502077221375978
2020-06-12 00:00:00+05:30,215.79711611595047,242.2813076392717,215.699020530802,240.334228515625,168024570,0.0,0.0,212.77106552124025,238.0008735177433,58.33816666259038,6.112802691759981,4.991945557971812,1.1208571337881688,15.37663667251574,1075908990.0,0.1137045426802202
2020-06-15 00:00:00+05:30,237.37683543979333,238.352822184405,228.64686690020272,230.64788818359372,120703460,0.0,0.0,214.07050704956055,237.7125211516982,53.664171096859036,5.895299752260655,3.819554094777989,2.075745657482666,15.11304105892472,955205530.0,-0.028347109960130415
2020-06-16 00:00:00+05:30,240.5157110688363,240.8492121372961,224.1347498500574,231.9819183349609,129143510,0.0,0.0,216.16177673339843,237.48779162947324,54.20831373841416,5.764126922821674,2.9507050122712064,2.813421910550468,15.227458908724799,1084349040.0,-0.035481227799846325
2020-06-17 00:00:00+05:30,230.2163202867796,237.86731314638897,228.74988535196576,235.0227203369141,96502790,0.0,0.0,218.2758544921875,237.39112216701994,55.491374395377285,5.838239231276589,2.4198538565808967,3.418385374695692,14.790919637567509,1180851830.0,0.020877755513367537
2020-06-18 00:00:00+05:30,232.96281258030507,249.3143479872357,232.76663636316832,247.7694396972656,127382680,0.0,0.0,220.64545364379882,237.79811501134333,60.489100318772735,6.8466041030425515,2.7425749826774872,4.104029120365064,14.91643374111081,1308234510.0,0.0635578998766445
2020-06-19 00:00:00+05:30,251.3055763375824,266.2691202181828,251.1093851566002,264.70458984375,186038260,0.0,0.0,224.11978607177736,238.853270887124,65.95820259606946,8.909561731034074,3.844426088535208,5.065135642498866,15.172434791084253,1494272770.0,0.0533176131681555
2020-06-22 00:00:00+05:30,268.7655258703172,280.88938704828115,267.58843860070573,278.6039123535156,139393260,0.0,0.0,228.75452041625977,240.41211957208054,69.66905995499899,11.53308347190864,5.174358263527818,6.358725208380822,15.24476078187941,1633666030.0,0.036605834960937486
2020-06-23 00:00:00+05:30,284.4549088983221,304.9850534183199,277.887803498056,296.7700500488281,161869530,0.0,0.0,234.6227294921875,242.6222344927373,73.70374254459747,14.906268658010134,6.838034759703449,8.068233898306685,16.091523585554686,1795535560.0,0.04329382536656463
2020-06-24 00:00:00+05:30,306.5300499521299,306.5300499521299,285.53887811832305,287.8390808105469,201088070,0.0,0.0,239.51740341186525,244.39544415225924,68.85447286887518,16.66676356648304,6.8788237345410845,9.787939831941957,16.441558509103924,1594447490.0,-0.06097597656249999
2020-06-25 00:00:00+05:30,282.30676240821964,298.7809236842455,279.6534519340881,294.7935791015625,159821300,0.0,0.0,244.70462646484376,246.37184160125153,70.48305653091595,18.41090885911143,6.898375221735577,11.512533637375853,16.633440021026146,1754268790.0,0.04423137648855447
2020-06-26 00:00:00+05:30,298.43761013156245,300.0364754125134,281.7182245209349,284.8031616210937,125724990,0.0,0.0,249.36314697265624,247.87895219026495,65.20810489227183,18.770637151371318,5.806482811196371,12.964154340174947,16.753801458327864,1628543800.0,-0.04568609333273438
2020-06-29 00:00:00+05:30,277.9859700976924,283.91550064869205,271.708240562584,280.3352355957031,116139990,0.0,0.0,252.78206253051758,249.1517476179292,62.93947379335574,18.48214941078743,4.414396056489984,14.067753354297444,16.492416956408096,1512403810.0,0.008451021816623005
2020-06-30 00:00:00+05:30,285.440753804645,288.0548501893815,276.2203368164266,277.6916809082031,97030570,0.0,0.0,255.15975494384764,250.27096068813603,61.5744818841246,17.834621611489126,3.013494605753344,14.821127005735782,16.159667118001412,1415373240.0,-0.027147745348743445
2020-07-01 00:00:00+05:30,277.69166684395606,291.1985941459333,275.2394268151937,289.74688720703125,127048960,0.0,0.0,257.81798324584963,251.81903623789665,65.27313482345231,18.08572458902239,2.6116780666292847,15.474046522393106,16.14534400831274,1542422200.0,0.043412251077197116
2020-07-02 00:00:00+05:30,292.30703881521066,295.8382707743896,286.9121102464736,290.7621154785156,116197340,0.0,0.0,261.0117820739746,253.34621581596014,65.57366520117742,18.157339438216525,2.146634332658735,16.01070510555779,15.629631331234814,1658619540.0,-0.005285275862521046
2020-07-03 00:00:00+05:30,292.3070036151593,293.2339575055512,286.5197232888873,287.5496520996094,85435970,0.0,0.0,263.6658401489258,254.68752704276991,63.695260863140376,17.7502618062112,1.3916453605227268,16.358616445688472,14.992752215256067,1573183570.0,-0.016275188266830914
2020-07-06 00:00:00+05:30,291.3261074303548,307.47655622487576,289.8547634534338,304.9409484863281,114375830,0.0,0.0,266.6161293029785,256.65824945232123,68.89076207372995,18.61638403641581,1.8062140725818665,16.810169963833943,15.345225060000496,1687559400.0,0.046734023174452806
2020-07-07 00:00:00+05:30,308.9822409085488,335.432098034175,306.5594265840418,328.7914428710937,228764010,0.0,0.0,271.07111434936525,259.48700213541036,74.3186625899215,20.985420845344663,3.340200705208577,17.645220140136086,16.427172074684357,1916323410.0,0.0641111343625989
2020-07-08 00:00:00+05:30,328.79143821669004,334.3678295193816,311.9347430405143,314.67633056640625,191261830,0.0,0.0,274.8593322753906,261.65128952486117,66.88130164256465,21.476361855438142,3.0649133722416444,18.411448483196498,16.85620103845515,1725061580.0,-0.04293027740272612
2020-07-09 00:00:00+05:30,317.31988438328466,331.5330591155468,313.4061185722729,326.6383972167969,187577860,0.0,0.0,279.7201629638672,264.1998035519959,69.65298442664667,22.57049631858598,3.3272382683115858,19.243258050274395,16.946975037572916,1912639440.0,0.02936630602782069
2020-07-10 00:00:00+05:30,321.24343254903147,333.0141842760189,320.9540550645324,325.0836486816406,161504130,0.0,0.0,283.95763397216797,266.5874053217859,68.84650960416486,23.046485016896384,3.042581573297589,20.003903443598794,16.597890011681642,1751135310.0,0.01195422456464701
2020-07-13 00:00:00+05:30,329.5810532499014,331.3466540613407,315.4757640980679,317.2806091308594,131364670,0.0,0.0,288.2892700195313,268.5753740986124,64.79180255612656,22.534307935830498,2.024323593785361,20.509984342045136,16.545958037209573,1619770640.0,-0.037321454002743726
2020-07-14 00:00:00+05:30,315.8289180951844,315.8289180951844,306.27006102946257,312.9990234375,124044220,0.0,0.0,292.3401252746582,270.317477994255,62.61275899795838,21.534677370444513,0.8197544227195017,20.71492294772501,16.150547577641557,1495726420.0,-0.008960213886530597
2020-07-15 00:00:00+05:30,316.8294393641839,323.47009516512304,306.26028990481655,308.90869140625,109802620,0.0,0.0,296.034423828125,271.83085891237243,60.518769290166766,20.179787308228185,-0.4281085115974612,20.607895819825647,16.226213111593903,1385923800.0,-0.025000037792666335
2020-07-16 00:00:00+05:30,311.92494150115283,315.35807764975044,304.30339002771194,314.3575744628906,99999250,0.0,0.0,299.36383056640625,273.4985732476869,62.32629165792853,19.322963402939024,-1.0279459335092973,20.35090933644832,15.856799071755459,1485923050.0,0.0077987766865664524
2020-07-17 00:00:00+05:30,314.86765578635016,325.9517700130992,314.3772077243776,323.8232421875,84256260,0.0,0.0,302.31976318359375,275.4720896766992,65.29843979156436,19.18655391212087,-0.9314843394619636,20.118038251582835,15.552312572591356,1570179310.0,0.028442382812499976
2020-07-20 00:00:00+05:30,328.10476868295643,338.796527986556,325.3141186551601,337.5753173828125,105554950,0.0,0.0,305.2683334350586,277.9075103710566,69.11116319711586,19.958061831907855,-0.12798113573998293,20.08604296764784,15.51095164812932,1675734260.0,0.028864404311682957
2020-07-21 00:00:00+05:30,343.3136105369507,345.2263697694851,315.7160911508676,322.9551086425781,259600480,0.0,0.0,306.5775863647461,279.67408285229277,61.38887521369923,19.168792845831604,-0.7338000974529884,19.902592943284592,16.510945538933843,1416133780.0,-0.05930001395089288
2020-07-22 00:00:00+05:30,325.65752652815394,327.6193188566368,313.25898464354617,319.08551025390625,170696590,0.0,0.0,308.13990783691406,281.21962902490503,59.494053494368906,18.02328601552648,-1.5034455422064923,19.526731557732973,16.357324458058713,1245437190.0,-0.02018075965973266
2020-07-23 00:00:00+05:30,319.08546396130566,325.657479282092,315.46107591053345,323.4798889160156,87180350,0.0,0.0,309.57422332763673,282.8768941186741,60.967457304137824,17.270964306532335,-1.8046138009605102,19.075578107492845,15.917242742354642,1332617540.0,0.01377193714860937
2020-07-24 00:00:00+05:30,318.30074489975374,322.7147768012912,315.8485049544552,318.97265625,66376830,0.0,0.0,311.282698059082,284.29241420225554,58.61246144893473,16.125167036310245,-2.3603288569460794,18.485495893256324,15.325375800324457,1266240710.0,0.00211093238395617
2020-07-27 00:00:00+05:30,320.06635104558137,321.7338862101327,309.1980365972548,311.05682373046875,70898670,0.0,0.0,312.8187774658203,285.3419988896365,54.621932817003035,14.412237611799696,-3.258606625165303,17.670844236965,15.126117713087192,1195342040.0,-0.028148936261748907
2020-07-28 00:00:00+05:30,311.43447740341713,319.7720933339023,310.0808361451719,317.77105712890625,82116970,0.0,0.0,314.82274627685547,286.6137266637255,57.27879187973998,13.441565227094998,-3.3834232078960014,16.824988434991,14.737902143025057,1277459010.0,0.020346429779773606
2020-07-29 00:00:00+05:30,318.30078216251326,326.5403033563848,317.77108989063936,322.1507873535156,80700220,0.0,0.0,316.4429412841797,288.00733688685455,58.96649759397979,12.877266878339697,-3.158177245321042,16.03544412366074,14.311558108375374,1358159230.0,0.01209549396908704
2020-07-30 00:00:00+05:30,323.2444927959807,326.04984113123066,314.3820933894144,315.6817626953125,65082780,0.0,0.0,317.68892364501954,289.0926084871862,55.48017819846524,11.77235575625781,-3.4104706939223455,15.182826450180155,14.122709793356519,1293076450.0,-0.023396315387317377
2020-07-31 00:00:00+05:30,317.4179619578018,321.0472593156384,312.0475501954221,318.9187316894531,72353970,0.0,0.0,319.2573776245117,290.2622603774712,56.85478624041472,11.03074649767774,-3.3216639620019333,14.352410459679673,13.75677268571605,1365430420.0,0.004728055471072612
2020-08-03 00:00:00+05:30,318.2026772142001,318.2026772142001,310.8459567332865,311.3854675292969,44639200,0.0,0.0,319.57960357666013,291.0906214422487,52.771112360262904,9.7230629404566,-3.70347801537846,13.42654095583506,13.350764102965359,1320791220.0,-0.021424111652945558
2020-08-04 00:00:00+05:30,314.082926789266,319.7721118982903,308.2809182791246,317.37872314453125,66791450,0.0,0.0,319.008967590332,292.1215273913578,55.509028833497815,9.065814869883695,-3.488580868761092,12.554395738644788,13.217934983216296,1387582670.0,0.010493395451184584
2020-08-05 00:00:00+05:30,319.3797602166368,326.63838500767065,318.5901460798194,319.9830017089844,69853800,0.0,0.0,319.27430114746096,293.21413422734315,56.684113090043574,8.655311510674665,-3.1192673823760995,11.774578893050764,12.935195937981755,1457436470.0,0.001888790610708741
2020-08-06 00:00:00+05:30,322.9110193303617,331.4251905903369,319.2816916602404,328.1293640136719,81729060,0.0,0.0,319.3488494873047,294.5833589248462,60.2231753355762,8.884908304709029,-2.311736470673388,11.196644775382417,12.87864517647813,1539165530.0,0.016160317768442095
2020-08-07 00:00:00+05:30,326.9326286745683,341.4940311633566,324.67657982184,339.8117980957031,101512670,0.0,0.0,320.0852569580078,296.3570232060563,64.6799128626059,9.895471380029448,-1.0409387162823762,10.936410096311825,13.159992979301528,1640678200.0,0.039393955486635886
2020-08-10 00:00:00+05:30,342.72504508844526,348.88997983688614,334.7994188415421,337.71759033203125,71292450,0.0,0.0,321.1071060180664,297.97900623060434,63.31050186170207,10.407394863819206,-0.42321218599409605,10.830607049813302,13.226463111684767,1569385750.0,-0.014610705660923493
2020-08-11 00:00:00+05:30,339.6156386517568,342.77900435808124,333.96566801628137,339.1349792480469,55718180,0.0,0.0,322.4139038085938,299.5929659567786,63.86808460113119,10.802939787566572,-0.022133809797384885,10.825073597363957,12.911235418494789,1625103930.0,-0.0014153040938223451
2020-08-12 00:00:00+05:30,335.956892655801,338.4091327481791,329.7772595968368,335.2947998046875,56625270,0.0,0.0,323.73320922851565,300.9930378723829,61.156295624848326,10.683390130775138,-0.11334677327105602,10.796736904046194,12.657409609341373,1568478660.0,-0.0019707672787409175
2020-08-13 00:00:00+05:30,338.4091213527204,340.56710453517456,333.6027369204219,335.4320983886719,46633590,0.0,0.0,324.7869354248047,302.34358926517854,61.21969463052977,10.478930427672083,-0.2542451810992894,10.733175608771372,12.25075891125192,1615112250.0,-0.008797112064085236
2020-08-14 00:00:00+05:30,335.95690535931607,338.2914428050672,324.3038552101679,326.74627685546875,55313350,0.0,0.0,324.93308715820314,303.30055740597425,55.09348849511616,9.506437142789707,-0.9813907727853319,10.48782791557504,12.374819474430588,1559798900.0,-0.027416101163321147
2020-08-17 00:00:00+05:30,328.6001431931458,333.45559011863327,324.91196484272194,332.013671875,46705720,0.0,0.0,324.6550048828125,304.4265618949556,57.84826025074576,9.056367794165908,-1.1451680971273053,10.201535891293213,12.101159936751946,1606504620.0,0.010388092496501963
2020-08-18 00:00:00+05:30,333.4065653449259,337.2271746629154,330.22847168446225,335.4566345214844,47062980,0.0,0.0,325.2800811767578,305.64342748815284,59.59308996632634,8.875195178933325,-1.0610725698879122,9.936267748821237,11.736695251324626,1653567600.0,0.006148856650250879
2020-08-19 00:00:00+05:30,338.1148885718191,339.88048953061667,333.60276064597,334.48065185546875,41988490,0.0,0.0,326.0498382568359,306.7742990319691,58.84943020336653,8.554252829779102,-1.105611935233707,9.65986476501281,11.346765630910827,1611579110.0,-0.010748526134714735
2020-08-20 00:00:00+05:30,331.3466823299281,334.9269769531597,328.8993514110883,332.8965148925781,36774590,0.0,0.0,326.5206695556641,307.7986996539538,57.59315565618328,8.07894800841882,-1.2647334052751926,9.343681413694013,10.966823930388218,1574804520.0,0.004677374620901781
2020-08-21 00:00:00+05:30,336.4473629617277,337.428259063657,331.5428824520816,332.4551086425781,26273800,0.0,0.0,327.19479217529295,308.7656176535077,57.22657420947679,7.57927851295517,-1.4115223205910734,8.990800833546244,10.60386063749927,1548530720.0,-0.011865910566235378
2020-08-24 00:00:00+05:30,333.7989050608806,344.7849525057309,333.607653086436,342.5337829589844,62055750,0.0,0.0,328.7686401367188,310.0898594301931,63.015165676159754,7.905422830775763,-0.8683024022163863,8.773725232992149,10.727146027317255,1610586470.0,0.026168084333621906
2020-08-25 00:00:00+05:30,345.76585472715004,359.0079512911685,344.2945106644813,357.33062744140625,98540590,0.0,0.0,330.7466186523437,311.94243856788773,69.53393496716467,9.251233775463447,0.38200683397703905,8.869226941486408,11.137650321889605,1709127060.0,0.03344683275155141
2020-08-26 00:00:00+05:30,359.4983649398639,363.61813989526695,356.1633247035975,357.59051513671875,66650850,0.0,0.0,332.5186050415039,313.7325592176458,69.63516610887051,10.220948676192847,1.0813773877651514,9.139571288427696,10.874589062278373,1775777910.0,-0.0053069776922748885
2020-08-27 00:00:00+05:30,358.7088145602851,359.8319298436574,352.7694957251907,356.3105163574219,46110620,0.0,0.0,334.5500427246094,315.4022830270488,68.42916547848564,10.76211060546774,1.298031453632035,9.464079151835705,10.602290735530936,1729667290.0,-0.0066859193460386546
2020-08-28 00:00:00+05:30,358.02707109137754,361.7544642412395,354.7950053194913,360.0673217773437,42513280,0.0,0.0,336.6074722290039,317.15385317411915,70.06769013513605,11.363140918534839,1.519249413359308,9.843891505175531,10.342087092156254,1772180570.0,0.005698593348672882
2020-08-31 00:00:00+05:30,364.4028391200039,367.82124707801466,339.88044079429704,342.11688232421875,85297660,0.0,0.0,338.14404296875,318.1327954937309,55.2994485935259,10.272595242557088,0.34296298990524576,9.929632252651842,11.599144613085139,1686882910.0,-0.06115747300323857
2020-09-01 00:00:00+05:30,344.9811342746198,360.3811834737368,343.33320624864183,357.4237976074219,60651820,0.0,0.0,340.1462966918945,319.6736191060325,62.54844825661442,10.522176969239638,0.47403577327023605,10.048141195969402,12.075229385682592,1747534730.0,0.036067663117187045
2020-09-02 00:00:00+05:30,357.3109883832218,360.9697413752372,350.51829530535605,359.8564147949219,42810110,0.0,0.0,342.1399673461914,321.24941501540076,63.55983285354578,10.791862291777363,0.5949768766463688,10.196885415130994,11.959244373842774,1790344840.0,0.0071238402804731735
2020-09-03 00:00:00+05:30,359.7926771452381,360.6509612318771,353.61304369526664,355.0549621582031,32213660,0.0,0.0,343.48624725341796,322.57512274649105,60.109408319246036,10.497148162725068,0.24021019807525867,10.25693796464981,11.607719651341629,1758131180.0,-0.013167902761740983
2020-09-04 00:00:00+05:30,347.3843012764362,358.00742137923334,345.3489601024285,352.80865478515625,49146490,0.0,0.0,344.13609008789064,323.76075145388967,58.509133147083126,9.967428548521013,-0.2316075329030376,10.199036081424051,11.682772897586073,1708984690.0,0.015614849285902389
2020-09-07 00:00:00+05:30,353.8091788961749,355.96713201175527,341.1163829888639,343.8187561035156,46651680,0.0,0.0,344.44114837646487,324.54733987152207,52.48670257931581,8.721674214657412,-1.181889493413312,9.903563708070724,11.909057670828176,1662333010.0,-0.028236754127825944
2020-09-08 00:00:00+05:30,345.275390625,350.6605000644922,340.8613586425781,343.3135986328125,44487030,0.0,0.0,344.65007934570315,325.28327158765114,52.16179686636045,7.6059661011223625,-1.8380780855586885,9.444044186681051,11.758348894664696,1617845980.0,-0.005681818181818182
2020-09-09 00:00:00+05:30,341.05759359721657,342.6711569414788,332.7641001222482,335.7460327148437,45632470,0.0,0.0,344.6726409912109,325.6935759455803,47.42554782499516,6.04147766428548,-2.722053217916457,8.763530882201938,11.672002187190966,1572213510.0,-0.015573794520598594
2020-09-10 00:00:00+05:30,339.04671366341614,345.6138199018403,335.2702578843601,343.18609619140625,47622820,0.0,0.0,345.06034088134766,326.3795571316911,52.03657117019811,5.3403994493466485,-2.738505146284231,8.07890459563088,11.577113347035315,1619836330.0,0.012208885564068383
2020-09-11 00:00:00+05:30,342.33268585509745,348.9733406466728,339.0663155194381,347.66876220703125,46083840,0.0,0.0,346.1064651489258,327.21442791895936,54.619071397917935,5.087853983625678,-2.392840489604162,7.48069447322984,11.45782103177959,1665920170.0,0.015587399545576702
2020-09-14 00:00:00+05:30,348.90474379929753,350.6752540199621,335.4664556770038,337.4969177246094,45315090,0.0,0.0,346.38062744140626,327.6176628132986,48.26812319429235,4.020580295547006,-2.768091342146268,6.788671637693274,11.725748607315927,1620605080.0,-0.032696104817796195
2020-09-15 00:00:00+05:30,340.8613839279704,345.68740575796096,338.89959179025544,344.6280212402344,38936370,0.0,0.0,346.8391967773438,328.2847356927862,52.44305971316812,3.7074415862412593,-2.464984041161612,6.1724256274028715,11.473229448138303,1659541450.0,0.011050349173785945
2020-09-16 00:00:00+05:30,345.07431695184613,349.9248248577655,341.5136597291544,345.4225158691406,39077180,0.0,0.0,347.3862899780273,328.9568055036237,52.89913800877341,3.4832334329801142,-2.1513537555382065,5.634587188518321,11.254510128429827,1698618630.0,0.0010090548620663828
2020-09-17 00:00:00+05:30,342.2150328596029,344.98116701924323,339.017302025356,340.5622253417969,27811560,0.0,0.0,347.76957550048826,329.41192000708145,49.755568002944436,2.880161322882259,-2.2035406925088497,5.0837020153911086,10.908131175720975,1670807070.0,-0.0048297338196832094
2020-09-18 00:00:00+05:30,342.470057374068,343.6863588831841,336.3492457361107,340.8417663574219,37690870,0.0,0.0,348.1889083862305,329.8601492757222,49.939829610735416,2.397146145870977,-2.1492446956161055,4.546390841487082,10.653058017201532,1708497940.0,-0.00475455001564591
2020-09-21 00:00:00+05:30,339.6646769968937,340.0766665018281,325.093455655079,326.6531066894531,36274190,0.0,0.0,347.3948745727539,329.73438289979015,41.600582494295516,0.8595386559430267,-2.9494817484352445,3.809020404378271,11.017005223430841,1672223750.0,-0.038307104590565313
2020-09-22 00:00:00+05:30,326.5402647260961,328.9728975252755,315.559127080303,323.98992919921875,42249680,0.0,0.0,345.7278396606445,329.5091102056501,40.24225189138344,-0.5673820964231595,-3.501122000641145,2.9337399042179855,11.188202995155322,1629974070.0,-0.007810171676735131
2020-09-23 00:00:00+05:30,326.63833587595514,328.01158415398567,313.9062962716734,318.1879272460937,42443280,0.0,0.0,343.7577102661133,329.0651422464518,37.37877562491338,-2.1417118206467762,-4.060361379891809,1.9186495592450332,11.396566490588127,1587530790.0,-0.02587084154466972
2020-09-24 00:00:00+05:30,313.0039552871737,313.3717913291279,294.9456542753515,297.1036376953125,59637770,0.0,0.0,340.7973663330078,327.811749911113,29.237135268152823,-5.032691690449553,-5.56107299975567,0.528381309306116,12.242689472554732,1527893020.0,-0.05079909478227854
2020-09-25 00:00:00+05:30,302.1159447314824,310.6644491209409,297.0937623878146,307.8983154296875,62325930,0.0,0.0,338.188916015625,327.0308309118414,36.82418746604188,-6.3792379037586215,-5.52609537045179,-0.8531425333068317,12.337546533262477,1590218950.0,0.01913957471971374
2020-09-28 00:00:00+05:30,311.7287471924706,328.6001709273449,310.232886729641,327.1435546875,55886950,0.0,0.0,337.44024963378905,327.03525145206333,47.6092073759976,-5.826293624061179,-3.978520872603478,-1.8477727514577014,12.934997837527494,1646105900.0,0.049449425610759656
2020-09-29 00:00:00+05:30,329.3848745194932,330.75815290756304,319.2326245683834,323.18072509765625,46434460,0.0,0.0,335.7280960083008,326.88409355581206,45.872643938857514,-5.642801820934608,-3.036023255581525,-2.606778565353083,12.834321340897585,1599671440.0,-0.018835562594935754
2020-09-30 00:00:00+05:30,323.09738793835743,327.9969592773691,319.77213571675634,321.5965881347656,36035360,0.0,0.0,333.81510467529296,326.67674040204554,45.1634599515883,-5.561104903035471,-2.3634610701459104,-3.1976438328895602,12.505071183955327,1563636080.0,-0.004645038491856009
2020-10-01 00:00:00+05:30,326.1479269311955,339.39002321261245,325.17194017998537,337.702880859375,53821060,0.0,0.0,332.94750061035154,327.1091380670388,53.102099660532616,-4.148890463367479,-0.760997304382335,-3.387893158985144,12.882811798194068,1617457140.0,0.03542856775728374
2020-10-05 00:00:00+05:30,339.8804796931228,345.1773123507766,330.586483677082,331.82733154296875,42071900,0.0,0.0,331.8984344482422,327.29416526217335,50.24449525739905,-3.463878634584546,-0.06078838047952129,-3.4030902541050247,13.004813104386683,1575385240.0,-0.023694059033414448
2020-10-06 00:00:00+05:30,337.41837920204983,341.35178143500343,332.641420843338,340.79266357421875,47587570,0.0,0.0,331.7471298217773,327.82351813715553,54.28684764338992,-2.172530872964444,0.984447504912465,-3.156978377876909,12.75621554135109,1622972810.0,0.010000298087343835
2020-10-07 00:00:00+05:30,333.50463816997313,333.50463816997313,322.25375991432685,326.75115966796875,65710800,0.0,0.0,330.9190078735352,327.7814648638541,47.744305297621224,-2.256152956832409,0.7206603368355999,-2.976813293668009,13.169264986932918,1557262010.0,-0.020250028722426414
2020-10-08 00:00:00+05:30,328.99253458446134,332.32757522230145,323.8918930014625,326.2901611328125,44618100,0.0,0.0,330.4462142944336,327.7229823645976,47.541724882448925,-2.3327325016207965,0.51526463363777,-2.8479971352585665,12.83115170854435,1512643910.0,-0.008214087456610862
2020-10-09 00:00:00+05:30,326.13811683999427,335.3144101291481,324.18614328701136,325.4515075683594,56840990,0.0,0.0,329.5594848632812,327.6339049216079,47.14978153428574,-2.4330480133444325,0.33195929753130704,-2.7650073108757396,12.709517000513518,1455802920.0,-0.002105271466848349
2020-10-12 00:00:00+05:30,328.6001501114095,331.48398665939163,324.1861182442413,326.3637084960937,32046520,0.0,0.0,328.4942321777343,327.5840932970779,47.655273081768804,-2.411147579424494,0.28308778516099675,-2.6942353645854906,12.322970452505533,1487849440.0,-0.006805966505363928
2020-10-13 00:00:00+05:30,325.6525851518093,327.61928655674893,318.16834336698435,321.008056640625,37776570,0.0,0.0,327.6697891235351,327.3262095066288,44.9376809332443,-2.793743141553932,-0.07960622157475328,-2.714136919979179,12.117825539369592,1450072870.0,-0.014262219073185558
2020-10-14 00:00:00+05:30,320.5568090610515,331.77335271443104,317.0942472894835,330.7630310058594,53044470,0.0,0.0,326.97653961181635,327.4609868203241,50.477256494246916,-2.28348537743085,0.3445212340386634,-2.6280066114695133,12.300774192602109,1503117340.0,0.031839042741606614
2020-10-15 00:00:00+05:30,330.385407901758,330.5619620028036,313.9848250880936,315.33355712890625,52680190,0.0,0.0,325.47209167480463,326.9854013422293,43.09254106340933,-3.0885293714796944,-0.36841820800814506,-2.7201111634715494,12.620590890455214,1450437150.0,-0.04555846115736297
2020-10-16 00:00:00+05:30,317.45230104976207,320.6990645634055,310.9538647527194,316.9618530273437,50762360,0.0,0.0,324.292073059082,326.5923210161553,44.0232472863778,-3.5541723792325683,-0.6672489726088147,-2.8869234066237537,12.415205726232132,1501199510.0,-0.0015449502832285257
2020-10-19 00:00:00+05:30,319.2914567774968,323.1757964370628,313.5532093660158,320.47833251953125,42066370,0.0,0.0,323.2739013671875,326.35255676138576,46.07439935177746,-3.5979721280469903,-0.5688389771385891,-3.029133150908401,12.215732886600087,1543265880.0,0.00371721734747674
2020-10-20 00:00:00+05:30,319.281664624615,322.6657679746494,316.5155305762888,319.9830017089844,32520900,0.0,0.0,322.940396118164,326.1027702887426,45.81970787534897,-3.630799208124131,-0.4813328457725836,-3.1494663623515473,11.782483050451711,1510744980.0,0.0021966093329973415
2020-10-21 00:00:00+05:30,320.7529725811432,323.205212432681,304.21017212173115,317.10894775390625,75364600,0.0,0.0,322.59634704589837,325.75007136580786,44.28987686800348,-3.844411062628126,-0.5559557602212628,-3.288455302406863,12.297665886836088,1435380380.0,-0.011360845070001895
2020-10-22 00:00:00+05:30,309.96315148345565,328.10972838992376,308.98225543445733,325.11309814453125,70857690,0.0,0.0,322.94260559082034,325.72509202379706,49.36075710454078,-3.3294521019460035,-0.03279743963131221,-3.2966546623146913,12.785509402687543,1506238070.0,0.04887660545638837
2020-10-23 00:00:00+05:30,326.7757047150508,329.2671589785739,323.9899337590014,325.3533935546875,32047770,0.0,0.0,324.35509338378904,325.7105156132438,49.50934217789599,-2.868882888043629,0.3422174194168499,-3.211100307460479,12.249203232599791,1538285840.0,-0.004352560915149851
2020-10-26 00:00:00+05:30,326.63837130141496,326.63837130141496,317.48171543054605,323.09735107421875,35462450,0.0,0.0,325.11504516601565,325.6080385724977,48.08286509830999,-2.655313440971838,0.44462949319091294,-3.099942934162751,12.028306932426155,1502823390.0,-0.010840796851539023
2020-10-27 00:00:00+05:30,326.24602773916627,339.8804766601182,321.5377088030451,338.7279357910156,60209460,0.0,0.0,325.6942642211914,326.12254434577295,57.269008955199226,-1.2108427179549608,1.5112801729662326,-2.7221228909211934,12.479339969469212,1563032850.0,0.03825918782321128
2020-10-28 00:00:00+05:30,338.30614725695693,342.32291795562804,328.3942113942005,330.64044189453125,46491050,0.0,0.0,326.06725006103517,326.29971679866543,52.1294150962585,-0.7104923173854445,1.6093044588285994,-2.319796776214044,12.582866178875502,1516541800.0,-0.02265907795226457
2020-10-29 00:00:00+05:30,330.3461564129203,336.64352195617886,327.00620670269853,331.5477600097656,37803490,0.0,0.0,326.56480865478517,326.50552241478704,52.64289631900152,-0.23800446367391714,1.6654338500321015,-1.9034383137060187,12.372469638410358,1554345290.0,0.0036374075300072296
2020-10-30 00:00:00+05:30,330.0666057108951,332.6218506523465,319.0707695667729,324.5784912109375,42876230,0.0,0.0,325.9085891723633,326.42995256365566,48.352593716796115,-0.4210624372973939,1.1859007011268998,-1.6069631384242937,12.456656187365455,1511469060.0,-0.01662729402187576
2020-11-02 00:00:00+05:30,326.2018752454831,338.1540910925326,321.20911799636457,335.44683837890625,42885510,0.0,0.0,326.08956451416014,326.7835559289596,54.57053658624867,0.30730516300423005,1.531414641142819,-1.224109478138589,12.7772503124467,1554354570.0,0.028341232331867642
2020-11-03 00:00:00+05:30,336.4473288069845,345.27539282815906,335.0593525819757,342.4111633300781,44460450,0.0,0.0,326.1704895019531,327.39640327802306,58.05531639336575,1.4300201717328491,2.1233037198971507,-0.6932835481643015,12.594306704403902,1598815020.0,0.017725908373952343
2020-11-04 00:00:00+05:30,340.27286746750843,350.175015270606,339.586258125232,349.3412475585937,43711430,0.0,0.0,327.29999389648435,328.25698540667287,61.241351309727804,2.846170898547257,2.831563557369247,0.014607341178010214,12.451053141291924,1642526450.0,0.02665031790097449
2020-11-05 00:00:00+05:30,354.103452866026,367.8359967444868,351.91116469402243,366.551025390625,63321410,0.0,0.0,329.313037109375,329.7587124648671,67.78541582511441,5.296115472839688,4.225206505329342,1.0709089675103456,12.88274578077299,1705847860.0,0.03515236133353528
2020-11-06 00:00:00+05:30,366.2764063578165,375.4183649461364,363.3337181376376,370.852294921875,57440500,0.0,0.0,331.5830764770508,331.3702255023968,69.18576522454494,7.498354341540789,5.141956299224355,2.3563980423164343,12.82573870337073,1763288360.0,0.012492992954583915
2020-11-09 00:00:00+05:30,373.7213745117188,380.4601252153516,371.3721393775195,379.1163024902344,41498980,0.0,0.0,334.2207061767578,333.24262067839044,71.72855586835757,9.797540904049924,5.952914289386792,3.8446266146631327,12.59588807288409,1804787340.0,0.014435695538057588
2020-11-10 00:00:00+05:30,382.44646859022566,416.2873835497665,380.86233099074815,412.8150329589844,114214480,0.0,0.0,338.8110549926758,336.3631074344922,79.24852053082476,14.17546282484426,8.264668968144901,5.9107938566993585,14.3512592116863,1919001820.0,0.07940605251423376
2020-11-11 00:00:00+05:30,413.0553064214864,434.492769075277,405.4974860726407,418.7248840332031,138966540,0.0,0.0,343.20914764404296,339.5929810265985,80.24112820863445,17.91535600717242,9.60364972037845,8.31170628679397,15.39726102789313,2057968360.0,0.013725952732178198
2020-11-12 00:00:00+05:30,417.8617116241781,424.2375358625752,411.981244673834,421.6185302734375,55900380,0.0,0.0,348.52339630126954,342.8096692323569,80.7272289785318,20.872140325799535,10.048347231204449,10.823793094595086,15.172906016108898,2113868740.0,0.008990578808135112
2020-11-13 00:00:00+05:30,417.8617162272923,432.57515693952087,416.8808201798104,429.2450256347656,60884590,0.0,0.0,354.13755493164064,346.1992910520592,81.98516543027989,23.559231483738074,10.188350711314389,13.370880772423686,15.210151072810923,2174753330.0,0.027241809827061293
2020-11-14 00:00:00+05:30,431.59428391852447,435.0274202678763,425.7089073196355,429.1224365234375,7894790,0.0,0.0,359.56976013183595,349.45117910976035,81.89263789987818,25.386241875136818,9.612288882170507,15.773952992966311,14.789319740557666,2166858540.0,-0.005727247758345193
2020-11-17 00:00:00+05:30,431.46671080159257,441.7906350249603,426.1993041679207,440.2261047363281,58515230,0.0,0.0,365.5819152832031,353.0109801147238,83.6883356278406,27.414121077686843,9.312134467776424,18.10198660991042,14.846606253635779,2225373770.0,0.020301436276421128
2020-11-18 00:00:00+05:30,438.9509802610042,458.86315800627807,437.8719886242863,456.4844970703125,75130190,0.0,0.0,372.5506927490234,357.06876509337434,85.89416823868046,29.98746945871835,9.508386279046345,20.479083179672006,15.285503653796088,2300503960.0,0.03994413407821239
2020-11-19 00:00:00+05:30,454.0469629107992,469.3587350719293,442.6342283943033,444.9883728027344,83510050,0.0,0.0,378.5444564819336,360.51659284668256,77.87497414180174,30.744818311871143,8.212588105759309,22.532230206111834,16.102575356869455,2216993910.0,-0.019950777888683862
2020-11-20 00:00:00+05:30,448.4607581732539,467.1173894944035,442.8990646291005,462.5758361816406,87364100,0.0,0.0,385.40557861328125,364.5189161147202,80.82448808434667,32.390803029759695,7.886858258918288,24.503944770841407,16.682271788878268,2304358010.0,0.031474499721854454
2020-11-23 00:00:00+05:30,467.78931763337897,477.6277037622941,464.3120579189997,471.9532165527344,73250390,0.0,0.0,392.848371887207,368.73202593581874,82.18795166252887,34.05931937075951,7.6442996799344805,26.41501969082503,16.565814338242493,2377608400.0,0.00890122703190666
2020-11-24 00:00:00+05:30,474.26320464986986,476.9116357603153,467.8873808024569,471.8747253417969,42973850,0.0,0.0,399.5057113647461,372.77683767722965,82.13530744903298,34.97215971943666,6.845712022889305,28.126447696547356,16.027131494470655,2334634550.0,-0.005036189366274597
2020-11-25 00:00:00+05:30,472.9880723924829,473.28232922438985,458.5688889376213,460.0157165527344,47633210,0.0,0.0,405.97447509765624,376.19797018215144,74.38304474517265,34.342787100960095,4.973071523530191,29.369715577429904,15.93329640321017,2287001340.0,-0.027426391059147286
2020-11-26 00:00:00+05:30,456.60712301320046,476.1269489230908,455.135778900376,472.9145202636719,62732080,0.0,0.0,413.0428131103516,379.9907760677013,76.93322669811644,34.4872825010209,4.094053538872792,30.393228962148108,16.2945731081791,2349733420.0,0.035714285714285636
2020-11-27 00:00:00+05:30,476.6173851903922,486.5244412923319,469.3734882093207,481.5022583007813,123647070,0.0,0.0,420.8890014648438,383.97161850821425,78.46997330950292,34.892535407151115,3.5994451560024032,31.293090251148712,16.35574310918961,2473380490.0,0.010249045171606058
2020-12-01 00:00:00+05:30,485.6612472429439,485.7789499793534,473.3068603020059,476.8233642578125,40174270,0.0,0.0,427.95782775878905,387.6128634395711,75.51798315188901,34.43916040531093,2.5168561233297737,31.922304281981155,16.07833928080395,2433206220.0,-0.01819762856374329
2020-12-02 00:00:00+05:30,477.1078111032328,479.06960311429424,469.3587386464541,473.1744384765625,36549700,0.0,0.0,434.4959915161133,390.9682193233747,73.20507135363911,33.40040060758349,1.1824770604818724,32.21792354710162,15.623519633302822,2396656520.0,-0.00824420086012639
2020-12-03 00:00:00+05:30,477.20594379441314,479.6581839989065,472.4976545756149,477.4462585449219,28768440,0.0,0.0,440.9012420654297,394.3595149791217,74.20125602848476,32.54669808652562,0.26301963153920127,32.28367845498642,15.019020310368251,2425424960.0,0.0005035870856886504
2020-12-04 00:00:00+05:30,477.6963779080616,486.3282512023868,472.3014496154655,478.2211608886719,36793780,0.0,0.0,446.48474884033203,397.6482069755746,74.38727691583506,31.56875586426918,-0.5719380725737935,32.14069393684297,14.94814754198877,2462218740.0,0.0010985701480685486
2020-12-07 00:00:00+05:30,477.6963985536433,483.0864178093935,472.3014700278835,473.7188720703125,31151240,0.0,0.0,451.6280776977539,400.6313703126232,71.1760705413881,30.08364697113052,-1.6456375725699637,31.729284543700484,14.65077612110129,2431067500.0,-0.008326473666901911
2020-12-08 00:00:00+05:30,475.7345762573922,477.2059203076728,468.3778560059892,470.0600891113281,29710760,0.0,0.0,456.1752670288086,403.35406516747435,68.58495721314814,28.28539780774247,-2.7551093887664138,31.040507196508884,14.234868121760027,2401356740.0,-0.01192784260228737
2020-12-09 00:00:00+05:30,472.79186390287447,476.0141107998381,469.9668786817245,475.1607360839844,19659920,0.0,0.0,459.2925521850586,406.1700130465532,70.2129525596051,26.96106163700648,-3.2635564476019248,30.224618084608405,13.650036962660469,2421016660.0,0.005010391172037055
2020-12-10 00:00:00+05:30,475.73460400375495,476.7155000944844,469.3587794140139,470.320068359375,19259630,0.0,0.0,461.8723114013672,408.68570149019325,66.68125149924494,25.230077620512304,-3.9956323712768835,29.225709991789188,13.200514359668608,2401757030.0,-0.011381420646746177
2020-12-11 00:00:00+05:30,471.3205266108412,479.56004699964217,471.3205266108412,475.1313171386719,26700190,0.0,0.0,464.5479507446289,411.2914119077807,68.3834804924269,23.970174631345287,-4.204428288355125,28.174602919700412,12.917618944474077,2428457220.0,0.008085348107440124
2020-12-14 00:00:00+05:30,476.47024474554286,482.08097121301216,475.5383815467874,480.5066223144531,17863480,0.0,0.0,467.1110305786133,414.00573388451295,70.21438569910941,23.138706039822694,-4.028717503902179,27.167423543724873,12.491335730137486,2446320700.0,0.008471415819608799
2020-12-15 00:00:00+05:30,479.6532473864062,505.1614533289867,477.5835711403903,502.4639892578125,59367960,0.0,0.0,470.77810821533205,417.4746850756228,76.26170766767086,23.975166403315598,-2.5538057123274207,26.52897211564302,13.568946213349847,2505688660.0,0.04755673394415717
2020-12-16 00:00:00+05:30,509.9678875593487,512.5181933777812,502.2187847070316,504.8279418945313,32691840,0.0,0.0,474.00820007324216,420.9003029900898,76.80764718811885,24.545868990710005,-1.5864824999464133,26.13235149065642,13.335407813043936,2538380500.0,-0.010078959460401743
2020-12-17 00:00:00+05:30,504.1657373179367,520.1837832553764,500.4138286656407,518.5701904296875,37331520,0.0,0.0,477.11248474121095,424.73049465438777,79.72658993168102,25.809523391151572,-0.2582624796038786,26.06778587075545,13.795018305144929,2575712020.0,0.02857086875514325
2020-12-18 00:00:00+05:30,514.9704132007452,518.398640019093,506.6327969870188,515.2156372070312,32550430,0.0,0.0,480.6238479614258,428.27893161723654,77.17324720371103,26.237840702611607,0.13604386548492187,26.101796837126685,13.66233081280963,2543161590.0,0.000476190476190524
2020-12-21 00:00:00+05:30,512.8124403675179,513.4696239543274,481.1491172313532,494.5530700683594,35515700,0.0,0.0,482.2227096557617,430.87791743884924,63.65108838194004,24.626114258048176,-1.1805460632628098,25.806660321310986,15.119772917886383,2507645890.0,-0.035606332572728785
2020-12-22 00:00:00+05:30,497.3142900622824,502.7092182582242,473.4147677333225,491.5662536621094,54735210,0.0,0.0,483.20336151123047,433.2578521927026,61.961010629753815,22.844461583797056,-2.3697589900111424,25.2142205738082,16.132249904017165,2452910680.0,-0.011558156511957763
2020-12-23 00:00:00+05:30,490.44806248856094,506.73091421552186,487.53970907015264,499.1682434082031,34314570,0.0,0.0,484.56803741455076,435.84257341683985,64.54162501507804,21.794670646863665,-2.735639941555629,24.530310588419294,16.35074670981664,2487225250.0,0.01778002929687499
2020-12-24 00:00:00+05:30,504.0775892686857,511.9247575829999,500.8455236480161,508.5847778320313,26255590,0.0,0.0,486.9964904785156,438.69520888410227,67.4842593439805,21.474989090234146,-2.4442571985481223,23.91924628878227,16.09401581135319,2513480840.0,0.008941457940799598
2020-12-28 00:00:00+05:30,508.584744586736,514.460301898941,507.6136671503802,510.4680480957031,19326060,0.0,0.0,488.87416687011716,441.50983002965523,68.05524250204185,21.13002949749557,-2.2313734330293578,23.361402930524928,15.433488585164525,2532806900.0,0.0037030279201501516
2020-12-29 00:00:00+05:30,512.5181975844372,514.6761809165165,506.8780451708286,510.114990234375,19695290,0.0,0.0,490.3048034667969,444.200228469056,67.81482161705124,20.590799793477743,-2.21648250963775,22.807282303115493,14.888106233800409,2513111610.0,-0.004689018578050122
2020-12-30 00:00:00+05:30,510.11494413736006,524.5831598909223,507.5156057031191,523.224609375,38647000,0.0,0.0,492.62486572265624,447.2992237987009,71.79872036827362,20.979454973417035,-1.4622618637587657,22.4417168371758,15.043781089165163,2551758610.0,0.02569943380076681
2020-12-31 00:00:00+05:30,523.308061027316,526.9864213438154,517.1284276694262,519.4041137695312,28692120,0.0,0.0,494.9363494873047,450.126866542655,69.11379971770728,20.740105906854353,-1.361288744257159,22.101394651111512,14.673367699064908,2523066490.0,-0.007460132087628807
2021-01-01 00:00:00+05:30,520.8754539461129,523.6023139081096,514.9704404046794,517.9278564453125,14471870,0.0,0.0,496.9604293823242,452.78572889177883,68.05478868371827,20.198463109104296,-1.5223452336057726,21.720808342710068,14.241832395773747,2508594620.0,-0.005658929554982116
2021-01-04 00:00:00+05:30,522.2290870588197,522.2290870588197,509.693206656415,511.6549987792969,23336590,0.0,0.0,498.63212127685546,455.09432771089723,63.59564810681063,19.04351827586737,-2.1418320534741575,21.185350329341528,14.119978681016962,2485258030.0,-0.020247987983732955
2021-01-05 00:00:00+05:30,511.83150000436666,512.4396507100953,496.57857979869846,502.1206359863281,39534000,0.0,0.0,500.0522094726563,456.93849666287497,57.43559415892437,17.16105086718727,-3.2194395697234057,20.380490436910677,14.244342412653682,2445724030.0,-0.0189727752550511
2021-01-06 00:00:00+05:30,503.1996702478092,506.96142812701726,489.4965513245747,493.4201354980469,36079230,0.0,0.0,501.2202117919922,458.3691491662151,52.44346574514869,14.79655868904581,-4.467145398291894,19.263704087337704,14.474380584890655,2409644800.0,-0.019434700235288753
2021-01-07 00:00:00+05:30,496.82387081208407,503.3517630443472,492.5373596777287,498.393310546875,30357500,0.0,0.0,502.38184051513673,459.93872412231946,54.85866635409638,13.172135092527526,-4.873255195848145,18.04539028837567,14.21295363910559,2440002300.0,0.0031589459101987257
2021-01-08 00:00:00+05:30,503.1996831984823,504.0579672585187,494.5678097685166,498.4913940429688,29984510,0.0,0.0,503.79040679931643,461.4505935309724,54.90730663375615,11.75715306539928,-5.030589778381113,16.787742843780393,13.87561105508234,2469986810.0,-0.009356701350816177
2021-01-11 00:00:00+05:30,501.04166415563,501.3310416464537,486.3527705229444,488.903076171875,29241640,0.0,0.0,504.47899475097654,462.5271614776745,49.31337015182515,9.749684204679909,-5.630446911280387,15.380131115960296,13.954372488962958,2440745170.0,-0.02422670378961653
2021-01-12 00:00:00+05:30,488.9030966223755,500.15888466504833,485.64163525105766,494.58740234375,33359080,0.0,0.0,505.1830337524414,463.7844258253637,52.40889589902953,8.519223974753913,-5.488725712965106,14.00794968771902,13.994577983807613,2474104250.0,0.011626651090256925
2021-01-13 00:00:00+05:30,496.92193480437976,497.706639654582,473.4049464972943,480.9235229492188,32693730,0.0,0.0,504.1060104370117,464.45654728120115,45.25436457943698,6.368106931518753,-6.111874204960214,12.479981136478967,14.730800499596675,2441410520.0,-0.03219502045418653
2021-01-14 00:00:00+05:30,480.9235093996936,487.1914192890702,474.1651215745453,478.4172973632813,26808110,0.0,0.0,502.78547821044924,465.0040276765768,44.06610408830854,4.41026097419109,-6.455776129830303,10.866037104021393,14.60905030014124,2414602410.0,-0.0052112487483522135
2021-01-15 00:00:00+05:30,478.3829999607654,483.2874800508509,474.9890781855353,479.0303649902344,25449160,0.0,0.0,500.80848693847656,465.55408012024964,44.45034663064927,2.8749823741707132,-6.392843783880544,9.267826158051257,14.15828969586002,2440051570.0,0.001353235858134728
2021-01-18 00:00:00+05:30,477.696369016845,478.6772650517872,459.647887960823,462.96820068359375,37034130,0.0,0.0,498.1961151123047,465.45267308351805,37.23353998409984,0.3580531858851259,-7.127818377732906,7.485871563618032,14.531445935349636,2403017440.0,-0.030831652255518555
2021-01-19 00:00:00+05:30,467.4068133234983,489.9526959645478,466.1218418186499,486.4411010742188,47674650,0.0,0.0,497.79051666259767,466.2757486909965,50.00742024555883,0.25450182239632113,-5.785095792977368,6.039597615373689,15.420949463087604,2450692090.0,0.04072317135340226
2021-01-20 00:00:00+05:30,487.3091211553257,493.6457308724964,480.73713591162885,488.677490234375,33147070,0.0,0.0,497.6460784912109,467.1542483593643,51.029984836597016,0.3488729455739872,-4.552579735839762,4.901452681413749,15.241495569500149,2483839160.0,0.0028080103975995905
2021-01-21 00:00:00+05:30,489.7613758924184,512.5181757663008,489.46711905719445,502.052001953125,70618090,0.0,0.0,497.790266418457,468.52278771598236,56.73013135648889,1.485747290920358,-2.7325643123947128,4.218311603315071,15.855723425776265,2554457250.0,0.02509513135516501
2021-01-22 00:00:00+05:30,503.6901139446469,503.8863051254645,485.1119406480085,487.7554626464844,30847960,0.0,0.0,496.74880065917966,469.2770102622766,50.02672531384508,1.219064542261151,-2.3993976488431357,3.6184621911042867,16.064197787183232,2523609290.0,-0.03163582301302356
2021-01-25 00:00:00+05:30,495.25443319639527,506.4366427109457,479.6581912470559,481.4924621582031,36730600,0.0,0.0,495.3000213623047,469.7560475915286,47.385166096676826,0.4966200188360972,-2.497473737814552,2.994093756650649,16.829501623185894,2486878690.0,-0.027787678647057713
2021-01-27 00:00:00+05:30,482.7283203489732,485.1118902821244,471.90903940419713,475.24407958984375,28004930,0.0,0.0,493.5564758300781,469.97126453263905,44.84123307883358,-0.5735037302559363,-2.8540779895252686,2.2805742592693323,16.57045514076811,2458873760.0,-0.015504043255052825
2021-01-28 00:00:00+05:30,468.8241825585536,481.52188976423776,463.28703484749695,471.8355407714844,34773290,0.0,0.0,490.98702239990234,470.0443734047507,43.47022360890594,-1.6772903484705353,-3.166291686191894,1.489001337721359,16.68934083931336,2424100470.0,0.0064232143412411465
2021-01-29 00:00:00+05:30,479.33445396286623,485.54351237413687,461.7175405266638,464.41009521484375,42607950,0.0,0.0,488.237321472168,469.82342131887197,40.56079113196559,-3.115309249328277,-3.6834484696397087,0.5681392203114317,17.19910019808017,2381492520.0,-0.031135585236229786
2021-02-01 00:00:00+05:30,468.3778482410132,498.29517676740255,457.73512046684255,496.196044921875,42907450,0.0,0.0,487.1507308959961,470.85764185232307,54.575989298109754,-1.6708288189627183,-1.79117443141932,0.12034561245660169,18.867739922850433,2424399970.0,0.05939263947971204
2021-02-02 00:00:00+05:30,500.2569677731972,523.5973716925106,499.7567012263614,507.4371337890625,43479930,0.0,0.0,486.93983764648436,472.2921317321952,58.319009143243015,0.3766524400332969,0.20504546206135615,0.17160697797194074,19.477281841622794,2467879900.0,0.014352955537684016
2021-02-03 00:00:00+05:30,511.8903478696008,516.932167438639,504.180520044517,514.48974609375,26507830,0.0,0.0,487.5582931518555,473.94694013853064,60.5172264266821,2.5391136394492833,1.894005329181874,0.6451083102674093,18.996879380301454,2494387730.0,0.00507803719090901
2021-02-04 00:00:00+05:30,511.4393003935684,543.7107493111071,510.659444812185,539.9686279296875,53258880,0.0,0.0,489.8857177734375,476.5360259342623,67.23926830786355,6.236917248246584,4.47344715038334,1.7634700978632445,20.000766890298696,2547646610.0,0.05578243110016169
2021-02-05 00:00:00+05:30,542.0430796761817,551.9501647228919,536.550086287077,543.2741088867188,44379870,0.0,0.0,492.1297576904297,479.153205657888,68.00042958653317,9.32666593834108,6.050556672382268,3.2761092659588114,19.672146285943654,2592026480.0,0.002271091093483661
2021-02-08 00:00:00+05:30,543.6125740003857,555.6775828005141,537.0700144578678,539.2672119140625,28008090,0.0,0.0,494.1685485839844,481.51061766793407,65.99864959856878,11.321483917794751,6.436299721468751,4.885184196326,19.596105004179996,2564018390.0,-0.007993490758218097
2021-02-09 00:00:00+05:30,543.1711828192877,543.3183411731262,527.9771127200287,529.7133178710938,22639040,0.0,0.0,496.2090606689453,483.40091963668544,61.36044288142693,11.993221739662147,5.686430034668917,6.30679170499323,19.29218525016176,2541379350.0,-0.024776470795711037
2021-02-10 00:00:00+05:30,533.0874987790131,539.7232743186868,529.1933705540133,537.1288452148438,26380120,0.0,0.0,498.3361328125,485.5078971103387,63.50433364009035,12.974389203137548,5.334077998515454,7.640311204622094,18.666308000491757,2567759470.0,0.007581018960465135
2021-02-11 00:00:00+05:30,536.5501500648774,548.1247117121919,535.1523851395428,546.0697631835938,20289470,0.0,0.0,501.59344482421875,487.88287225046633,65.95691895761402,14.308489484528536,5.334542623925152,8.973946860603384,18.259595040933792,2588048940.0,0.017742261590207965
2021-02-12 00:00:00+05:30,546.3590810074836,551.0673699112782,542.6365973894727,547.08984375,16252680,0.0,0.0,505.0270721435547,490.20471427005594,66.23570915916328,15.272038986818416,5.038473700972025,10.23356528584639,17.557536288884105,2604301620.0,0.001337513675381522
2021-02-15 00:00:00+05:30,549.8265286102866,568.8216304790529,549.3017755778268,566.9431762695312,31688260,0.0,0.0,509.4227127075195,493.21406572101574,71.18216001642462,17.4366579831983,5.7624741578815275,11.674183825316774,17.85569703487995,2635989880.0,0.0311309963571744
2021-02-16 00:00:00+05:30,568.0761726415616,571.0972894754816,558.1593275976834,565.0206909179688,21268100,0.0,0.0,514.5253372192383,496.03001180717075,70.11104328806137,18.780515539403268,5.685065371269195,13.095450168134073,17.50443023765072,2614721780.0,-0.005378647918614161
2021-02-17 00:00:00+05:30,562.053479297484,568.8216865036994,556.1681025509135,559.615966796875,23463950,0.0,0.0,518.1840805053711,498.5235786695121,67.05612722717066,19.188226338286768,4.874220936122153,14.314005402164614,17.157941217033194,2591257830.0,-0.004336798170266138
2021-02-18 00:00:00+05:30,559.0126434855972,560.5575067602668,541.6703498577281,545.706787109375,23175130,0.0,0.0,521.0355453491211,500.37390056911465,59.83090670565138,18.179424438257684,3.092335228874454,15.08708920938323,17.281456623230124,2568082700.0,-0.023802424741695544
2021-02-19 00:00:00+05:30,545.3781633134954,551.454821076438,532.1360676215311,539.2916870117188,27444560,0.0,0.0,522.8975296020508,501.90008827274625,56.79154142156459,16.670133774453234,1.2664356520560016,15.403698122397232,17.426977825590537,2540638140.0,-0.011160102679575044
2021-02-22 00:00:00+05:30,537.5309687992334,543.2888231097966,523.2834314906139,527.4130249023438,20005630,0.0,0.0,524.8804077148437,502.90059559155395,51.56776699314131,14.350082473294947,-0.8428925192818291,15.192974992576776,17.61115023953347,2520632510.0,-0.0188229971558507
2021-02-23 00:00:00+05:30,531.6455566673401,539.9488664732066,524.7792856402712,528.0848999023438,21902450,0.0,0.0,527.2100296020508,503.8882153684477,51.83761201264024,12.422441625113379,-2.2164266939707193,14.638868319084098,17.43675242467542,2542534960.0,-0.0066974259830488965
2021-02-24 00:00:00+05:30,533.9998498028707,547.2321283406092,528.016347794468,545.6626586914062,19087950,0.0,0.0,530.7309585571289,505.52642883209313,58.37226327420591,12.172829791333811,-1.9728308222002315,14.145660613534043,17.563825861991347,2561622910.0,0.021840472226426558
2021-02-25 00:00:00+05:30,549.3999120807365,551.2587294512798,540.6062115840815,542.4306640625,15845950,0.0,0.0,534.2607147216797,506.97365374308947,56.8450528111238,11.580720323914647,-2.051952231695516,13.632672555610164,17.070161004973777,2545776960.0,-0.012685200461430617
2021-02-26 00:00:00+05:30,532.6266119268092,534.9807866454165,512.1258583488171,516.4320068359375,37133260,0.0,0.0,536.8618103027344,507.3445695506521,46.34167363953551,8.910875915995462,-3.7774373116917612,12.688313227687223,18.015492770320126,2508643700.0,-0.030405174522329558
2021-03-01 00:00:00+05:30,521.3462735213593,526.7313834938147,509.5755204032853,516.6183471679688,20318810,0.0,0.0,537.882925415039,507.7082471042724,46.4180915533907,6.73243378908694,-4.764703550880228,11.497137339967168,17.95409065030863,2528962510.0,-0.009068687345660785
2021-03-02 00:00:00+05:30,519.8748287357871,530.6646836718129,516.152345546216,521.4736938476562,22086340,0.0,0.0,538.5847534179687,508.2480685451894,48.47709220190602,5.3362753474204965,-4.928689594037337,10.264964941457833,17.708251184159455,2551048850.0,0.0030754809109669874
2021-03-03 00:00:00+05:30,526.1673492669964,546.6877383689821,523.8083253262531,543.7008666992188,22524130,0.0,0.0,540.0453094482422,509.63837435515137,56.68329720848111,5.95471456963071,-3.4482002974616996,9.40291486709241,18.244379279870476,2573572980.0,0.033323081442906424
2021-03-04 00:00:00+05:30,532.6265064503629,546.0795208884866,529.7818842177977,538.1097412109375,22346980,0.0,0.0,539.9523651123047,510.75489854557435,54.33878956368268,5.9253710202216325,-2.782035077496623,8.707406097718255,18.105326236309544,2551226000.0,0.010294708757769356
2021-03-05 00:00:00+05:30,533.6074442512905,541.4300662005159,529.889869823093,534.0880737304688,20757600,0.0,0.0,539.4930633544922,511.6699250234134,52.65184148272111,5.514038685117612,-2.5546939300805143,8.068732615198126,17.63638838909602,2530468400.0,0.0009007173426011605
2021-03-08 00:00:00+05:30,536.4520031665755,538.8993337000492,520.9537997187729,521.900390625,17210420,0.0,0.0,538.624722290039,512.0711197528874,47.807978857392655,4.156694884983153,-3.1296301841719787,7.286325069155132,17.658470217115465,2513257980.0,-0.027125656080469636
2021-03-09 00:00:00+05:30,526.8392801204797,534.0979353288056,523.3080780494358,531.16015625,18114960,0.0,0.0,538.6970642089843,512.8197094194409,51.46162911628908,3.784549907556084,-2.801420129279239,6.585970036835323,17.268404108914186,2531372940.0,0.008201507162738944
2021-03-10 00:00:00+05:30,533.6074258586397,545.4762435523244,533.6074258586397,543.9117431640625,21912500,0.0,0.0,539.0362091064453,514.0390048604064,56.02682679963749,4.467075164453604,-1.6951158979053762,6.16219106235898,17.05752433696084,2553285440.0,0.019310670740464178
2021-03-12 00:00:00+05:30,549.3018006516816,556.1680731598276,541.5526977305444,545.1672973632812,25080130,0.0,0.0,538.9910858154296,515.2597222134603,56.46104528049633,5.0510685051008295,-0.8888980458065205,5.93996655090735,16.883085129228043,2578365570.0,-0.007526833670479892
2021-03-15 00:00:00+05:30,546.4620618858028,547.8941916379098,524.8333164673647,533.5142822265625,20870080,0.0,0.0,538.3123077392578,515.9755873120134,51.38905239459743,4.521465857891258,-1.134800554412875,5.656266412304133,17.324355846562536,2557495490.0,-0.023693830848125808
2021-03-16 00:00:00+05:30,538.3599095032974,540.179512541453,531.645704208556,535.1719970703125,15613050,0.0,0.0,536.7237487792969,516.7283876946918,52.048961226117605,4.187247693249674,-1.1752149752435672,5.362462668493241,16.696459595457515,2573108540.0,-0.0059215264300162725
2021-03-17 00:00:00+05:30,535.5691973212764,535.6084116070182,524.2349516208709,525.7406005859375,11347580,0.0,0.0,534.7597442626953,517.081807808074,48.052150845648605,3.1253158197114317,-1.7897174790254473,4.915033298736879,16.316245337577154,2561760960.0,-0.018351684123168413
2021-03-18 00:00:00+05:30,531.9398808071771,543.9068238006035,520.3653201554918,526.922607421875,23390580,0.0,0.0,533.1250762939453,517.4677215184192,48.585019073584796,2.3519929220032054,-2.050432301386939,4.402425223390145,16.832335216778134,2585151540.0,-0.009432030886063314
2021-03-19 00:00:00+05:30,521.4443904388733,537.4330462245271,509.0900316681687,534.9072265625,32203100,0.0,0.0,532.5850982666016,518.1516236770107,52.15531990733557,2.356259495734548,-1.6369325821244773,3.9931920778590255,17.654526598311875,2617354640.0,0.025818354498541557
2021-03-22 00:00:00+05:30,534.245068574948,539.1985817555628,523.5042446325726,528.6392211914062,19384610,0.0,0.0,532.0524749755859,518.5629020109085,49.26331765838924,1.8327384683913124,-1.7283628875741708,3.561101355965483,17.514513064338953,2597970030.0,-0.010493025978685974
2021-03-23 00:00:00+05:30,530.6647609917861,534.0978971534705,524.7793847146129,527.6043701171875,18490380,0.0,0.0,532.0620422363281,518.9174693876253,48.78237189465521,1.319134290411057,-1.7935736524435413,3.1127079428545983,16.929084448150167,2579479650.0,-0.005767088941196897
2021-03-24 00:00:00+05:30,527.1335570912172,527.1335570912172,515.9513182610951,516.961669921875,17376430,0.0,0.0,531.5058807373047,518.8407713693606,44.02239573226199,0.05271465629436989,-2.447994629248183,2.500709285542553,16.552224977239295,2562103220.0,-0.019296603360772224
2021-03-25 00:00:00+05:30,517.9131080101408,519.8749000859368,500.5659639746805,502.4345397949219,23432710,0.0,0.0,529.3444747924805,518.1973897389904,38.500136207804786,-2.0989545789249178,-3.6797310915739763,1.5807765126490587,16.74913291540743,2538670510.0,-0.02988641912286932
2021-03-26 00:00:00+05:30,507.1232885915287,514.7742662714979,503.6901522084139,508.4033508300781,23474600,0.0,0.0,527.6431091308593,517.8133097817781,41.734206755774885,-3.2846711384270293,-3.8923581208608704,0.6076869824338412,16.43417531259802,2562145110.0,0.0025241637829424707
2021-03-30 00:00:00+05:30,513.4843636055699,515.9513315843063,505.16147484014783,509.4332580566406,18452800,0.0,0.0,527.2931716918945,517.484680302361,42.298053089961414,-4.0940613577022305,-3.7613986721088573,-0.3326626855933731,16.031009700524137,2580597910.0,-0.007889442865374416
2021-03-31 00:00:00+05:30,508.5945924356392,511.91002581231135,502.5081157955905,505.146728515625,18459750,0.0,0.0,526.7195907592774,517.0008390558223,40.53964591219316,-5.023488400489441,-3.7526605719168544,-1.2708278285725867,15.557502580206139,2562138160.0,-0.0067791989362342665
2021-04-01 00:00:00+05:30,511.0468322649591,518.7468421623691,506.3336340192502,517.1431274414062,21482340,0.0,0.0,526.5030624389649,517.0064189925118,47.16014118778491,-4.7374465578759555,-2.7732949834426948,-1.9641515744332607,15.417689084946149,2583620500.0,0.011929034271533134
2021-04-05 00:00:00+05:30,515.8532121228857,515.8532121228857,482.6596663131709,486.7696228027344,37396800,0.0,0.0,523.6565002441406,515.8206622791872,36.177045354066145,-6.882309341159612,-3.9345262133810808,-2.947783127778531,16.77952994529599,2546223700.0,-0.056379583642532524
2021-04-06 00:00:00+05:30,495.3524798320925,496.2794337360752,485.7985623743935,489.7711791992188,20709060,0.0,0.0,521.2395721435547,514.7991139231101,37.720629037823194,-8.244886118757336,-4.237682392783044,-4.007203725974292,16.329625760716866,2566932760.0,-0.011267331567140989
2021-04-07 00:00:00+05:30,488.4862196641738,501.13977237940384,484.56263557048567,498.0107116699219,24027820,0.0,0.0,519.4357040405273,514.1407452072988,41.87635463221558,-8.561188569426008,-3.643187874761373,-4.918000694664635,16.34730512130396,2590960580.0,0.01949797480939381
2021-04-08 00:00:00+05:30,500.2569489606791,501.7282929282105,491.9193331446678,493.3416442871094,14078790,0.0,0.0,518.0077667236328,513.3250941908208,40.237842768342944,-9.08390169300128,-3.3327207986693157,-5.751180894331965,15.880280454289467,2576881790.0,-0.013823505476409233
2021-04-09 00:00:00+05:30,490.4480289533347,491.4289250112414,475.2441400557814,477.9219970703125,29026460,0.0,0.0,515.3458587646485,511.9367374409969,35.32242721184308,-10.619971847649367,-3.895032762653921,-6.724939084995446,16.038653581230726,2547855330.0,-0.02553997802734371
2021-04-12 00:00:00+05:30,464.94468944423977,464.94468944423977,431.59422648832384,442.482177734375,45000460,0.0,0.0,510.2743804931641,509.21302921720786,27.121818349042098,-14.529528390509427,-6.243671444411184,-8.285856946098242,18.202161938553736,2502854870.0,-0.04831222341030453
2021-04-13 00:00:00+05:30,444.8461747184148,468.3680427073015,442.78137776830505,463.8412170410156,31750190,0.0,0.0,506.2080764770508,507.43374246520034,36.66540185156701,-15.723137607428384,-5.949824529064113,-9.773313078364271,18.750997869610046,2534605060.0,0.042700248764923315
2021-04-15 00:00:00+05:30,461.8156655504353,465.92562238263946,447.8869297074835,457.1269836425781,28971850,0.0,0.0,502.3887115478516,505.46092839372494,35.108965433216035,-17.014728830731087,-5.793132601893452,-11.221596228837635,18.700118927146487,2505633210.0,-0.010152712992680262
2021-04-16 00:00:00+05:30,457.1956655776976,460.0402582022684,450.2312974730089,452.8404846191406,21426480,0.0,0.0,498.27213592529296,503.39738157903537,34.11335297720524,-18.174702174724132,-5.562484756709196,-12.612217418014936,18.06503619869637,2484206730.0,-0.009525857934488272
2021-04-19 00:00:00+05:30,436.49871688691815,441.7955492622274,427.8668441223082,439.4021606445313,34265070,0.0,0.0,493.95521392822263,500.88776507179995,31.132670429887582,-19.94839713822347,-5.868943776166827,-14.079453362056643,18.558507934298888,2449941660.0,0.0066516661911868655
2021-04-20 00:00:00+05:30,447.5828456486837,460.9230376177723,446.8177479441477,452.5510864257813,33945970,0.0,0.0,490.236637878418,498.9922090464659,36.93875928920907,-20.061794871939753,-4.785873207906487,-15.275921664033266,18.77010572280326,2483887630.0,0.01110015905524063
2021-04-22 00:00:00+05:30,446.3076668785048,462.3943548186404,441.96721417994274,459.9126892089844,25635390,0.0,0.0,486.4869110107422,497.4596788567608,39.989227089392415,-19.33476444275044,-3.247074222973737,-16.087690219776704,18.888465359657285,2509523020.0,0.03048350575206046
2021-04-23 00:00:00+05:30,453.2818730348919,466.8869268057718,452.2421255851451,457.8626708984375,27295250,0.0,0.0,482.9480834960938,495.9068550152579,39.41740359976094,-18.708348735904963,-2.0965268129026065,-16.611821923002356,18.585346492573162,2482227770.0,0.010105848338640745
2021-04-26 00:00:00+05:30,460.040253269064,473.6747025496122,460.040253269064,464.6063232421875,29039890,0.0,0.0,479.7981811523438,494.67938318101983,42.338379290083616,-17.46641147108693,-0.6836716384676578,-16.78273983261927,18.387252575324037,2511267660.0,0.009925370531549833
2021-04-27 00:00:00+05:30,465.6313452815684,479.643418362574,465.5871917901576,477.2108154296875,26449970,0.0,0.0,477.8106384277344,493.99434130841854,47.43938021287779,-15.28884971906615,1.1951120908424961,-16.483961809908646,18.147955614249916,2537717630.0,0.024868321828971793
2021-04-28 00:00:00+05:30,482.1103922146287,520.8557848748073,482.1103922146287,518.0014038085938,85764540,0.0,0.0,478.58898162841797,494.935794739798,59.82556673565551,-10.154600843592164,5.063488773053187,-15.21808961664535,19.96917088793404,2623482170.0,0.07444562941092316
2021-04-29 00:00:00+05:30,524.779405562508,541.9450870528705,522.8176133921809,538.0067749023438,72584860,0.0,0.0,480.06915283203125,496.62485278538804,64.27241330520503,-4.420449177624334,8.638112351216813,-13.058561528841148,20.25306462768012,2696067030.0,0.02520558009637855
2021-04-30 00:00:00+05:30,524.7793861062763,541.9107619409352,522.5920070755855,534.7747192382812,41248880,0.0,0.0,481.33622589111326,498.1209259796192,63.05801930003162,-0.13533252161886367,10.338583205777828,-10.473915727396692,20.1863282160835,2654818150.0,0.019046733535338818
2021-05-03 00:00:00+05:30,521.473742721917,547.3399653260186,519.0165934643899,544.5100708007812,40335910,0.0,0.0,483.3043930053711,499.9401081294687,65.19144949403275,4.000104100141812,11.579215862030804,-7.579111761888991,20.767545619349647,2695154060.0,0.044175432417023305
2021-05-04 00:00:00+05:30,550.2827134899023,564.0103496545438,545.3782329775146,550.8467407226562,48383470,0.0,0.0,484.9895736694336,501.9364466625349,66.54571597400863,7.70002265397676,12.223307532692601,-4.523284878715841,20.677026564662984,2743537530.0,0.0010249771961340468
2021-05-05 00:00:00+05:30,557.4432580514093,559.1107934442833,534.823795714903,540.9789428710938,43786930,0.0,0.0,487.7000396728516,503.4675249452235,62.46973898126158,9.723894938435478,11.397743853721055,-1.6738489152855769,20.934881647862024,2699750600.0,-0.02953541000364412
2021-05-06 00:00:00+05:30,546.1628443230892,551.253696617605,536.8786978303187,542.3177490234375,22231110,0.0,0.0,490.3273681640625,504.99106314436915,62.802632975804435,11.305535595808692,10.383507608875416,0.922027986933277,20.466318586383988,2721981710.0,-0.007040199346437189
2021-05-07 00:00:00+05:30,548.3208581850856,550.5916347957698,535.3730191485687,538.8846435546875,18510330,0.0,0.0,492.3710647583008,506.3202231604601,61.30105984523763,12.1420087732144,8.975984629024898,3.166024144189502,20.091482662150444,2703471380.0,-0.017209293590675214
2021-05-10 00:00:00+05:30,546.8495023483686,546.8495023483686,534.0978547599761,539.24755859375,19973390,0.0,0.0,494.66636047363284,507.61149121666756,61.40610831092795,12.687945268335397,7.6175368993167165,5.070408369018681,19.56720872830254,2723444770.0,-0.01390134529147979
2021-05-11 00:00:00+05:30,530.7874129089807,535.3829088361895,528.7030086540829,532.106689453125,16172480,0.0,0.0,497.37559509277344,508.57208722594044,58.066125126134686,12.401439339980357,5.864824776769341,6.536614563211016,18.922733100533684,2707272290.0,0.002485508344883242
2021-05-12 00:00:00+05:30,530.9688048363691,533.60741743869,522.7587102068528,525.6033325195312,15393360,0.0,0.0,501.5316528320312,509.23997919823813,55.12539211143736,11.516855631153817,3.984192854354241,7.532662776799576,18.34601696704774,2691878930.0,-0.010105061291673049
2021-05-14 00:00:00+05:30,530.1742825833925,530.1742825833925,516.6379298955169,522.8518676757812,15257620,0.0,0.0,504.48218536376953,509.7737787463771,53.882057612278906,10.47306942580633,2.352325319205402,8.120744106600927,18.00246951853122,2676621310.0,-0.013811335532782036
2021-05-17 00:00:00+05:30,524.7794260463121,538.5119717746269,521.3511988843826,532.6364135742188,24115830,0.0,0.0,508.2576568603516,510.67035266119444,57.54885638408698,10.316470568206569,1.7565811692845124,8.559889398922056,17.942348330795756,2700737140.0,0.014971980870327164
2021-05-18 00:00:00+05:30,539.5909151466856,559.6012193298005,539.5909151466856,558.0072631835938,31478830,0.0,0.0,513.5159957885742,512.5267020934454,65.2615577235619,12.100097978319923,2.8321668635182924,9.26793111480163,18.586809575430156,2732215970.0,0.034130204048935416
2021-05-19 00:00:00+05:30,556.6536643742737,561.3570447221468,548.8114043245304,552.3622436523438,22509060,0.0,0.0,519.1639999389648,514.0888801937944,62.538963490237215,12.909319058071674,2.913110354616034,9.99620870345564,18.155297491296363,2709706910.0,-0.007709319091169355
2021-05-20 00:00:00+05:30,552.0483084085656,554.990996683525,543.9068828216737,548.1983032226562,14888270,0.0,0.0,523.9463607788086,515.4265046262988,60.53291773444042,13.064043242311527,2.4542676310847096,10.609775611226818,17.650212946331393,2694818640.0,-0.006974036741473023
2021-05-21 00:00:00+05:30,555.1870584115698,558.6201939317826,547.9578606913949,552.416015625,18569660,0.0,0.0,528.5715270996094,516.8770736850714,61.86719488190905,13.372843598329496,2.210454389682143,11.162389208647353,17.1510786816169,2713388300.0,-0.00499118764493161
2021-05-24 00:00:00+05:30,552.6368136087709,557.9336159268511,548.3208473918415,549.586181640625,12150600,0.0,0.0,533.1577026367188,518.1597838009754,60.39196776771616,13.236642378811439,1.6594025361312674,11.577239842680171,16.612627956854993,2701237700.0,-0.00552013889234958
2021-05-25 00:00:00+05:30,553.2253872535792,555.0694766672895,547.5362019826019,551.1311645507812,13155460,0.0,0.0,537.4839447021484,519.4527791244973,60.939591980315825,13.102333594200786,1.2200750012164914,11.882258592984295,15.964102723124002,2714393160.0,-0.0037854783078457564
2021-05-26 00:00:00+05:30,553.2253413163115,568.4095921645279,547.9382975333651,566.0897827148438,29167460,0.0,0.0,541.9278930664062,521.2816812260795,65.86113150902385,14.041071652460118,1.7270504475806572,12.314021204879461,16.286045002271816,2743560620.0,0.023253528784352745
2021-05-27 00:00:00+05:30,566.9529672114408,567.1687954590088,554.3042943903042,557.3646850585938,21525900,0.0,0.0,543.8960571289062,522.6967009842174,61.03080174613541,13.920518789316134,1.285198067549338,12.635320721766796,16.041649007015472,2722034720.0,-0.01691195338478778
2021-05-28 00:00:00+05:30,561.4649219265108,564.0152277041242,548.5269006562364,550.3562622070312,15263750,0.0,0.0,544.5135314941406,523.7813896596218,57.38983073870067,13.108353682861434,0.3784263688757097,12.729927313985725,16.002126009934692,2706770970.0,-0.01978513578615607
2021-05-31 00:00:00+05:30,551.2636003710294,555.6481771385698,545.3782238546128,552.0433959960938,17958110,0.0,0.0,545.3769653320312,524.8897036336011,58.03880857631492,12.457245213024635,-0.2181456807688722,12.675390893793507,15.592685100934064,2724729080.0,0.00141456033835632
2021-06-01 00:00:00+05:30,553.6177976204127,570.6853542962056,551.7932853249781,567.4287719726562,28534510,0.0,0.0,546.522900390625,526.5579023919955,63.49852728124821,13.032478025806654,0.2856697056105162,12.746808320196138,15.828355377384781,2753263590.0,0.024946767267249252
2021-06-02 00:00:00+05:30,564.6529094642767,573.3338167019233,563.2845401362608,569.7682495117188,20131950,0.0,0.0,547.4689758300781,528.2524258084552,64.26003108477308,13.52126572525276,0.6195659240452969,12.901699801207464,15.415564033688394,2773395540.0,0.00905926448213167
2021-06-03 00:00:00+05:30,572.8433799585439,580.2001014477374,566.972730578764,578.8759155273438,22303780,0.0,0.0,549.3638244628906,530.237660699392,67.13460478941123,14.476668012672008,1.259974569171634,13.216693443500374,15.259264521922363,2795699320.0,0.010530863722709734
2021-06-04 00:00:00+05:30,580.1999802335475,589.5184921730552,578.728636243099,587.8950805664062,24453670,0.0,0.0,551.642691040039,532.4987359882945,69.7309475444331,15.779703847667292,2.050408323333535,13.729295524333757,14.940021051066344,2820152990.0,0.013262841425401654
2021-06-07 00:00:00+05:30,568.91968807436,573.2209266744676,557.3892506411837,562.0288696289062,28358050,0.0,0.0,552.79990234375,533.6567804447891,56.05420864437679,14.557373742205868,0.6624625742976882,13.89491116790818,16.051864542081674,2791794940.0,-0.012112111058728387
2021-06-08 00:00:00+05:30,564.1132032176899,570.5871520226536,561.0871777088529,564.5447998046875,17890070,0.0,0.0,554.0647644042969,534.8680753216479,56.938901552418,13.634512690784732,-0.20831878169876106,13.842831472483493,15.58387238291712,2809685010.0,0.0007650886108244571
2021-06-09 00:00:00+05:30,568.4292829560527,568.4292829560527,551.9796364033219,556.6094970703125,15381120,0.0,0.0,555.2899047851563,535.7206800961054,53.29464903718291,12.12307874073781,-1.375802185396548,13.498880926134358,15.645713395046865,2794303890.0,-0.02079376668329389
2021-06-10 00:00:00+05:30,560.5820803697729,599.8179215155138,556.854687434756,597.0125732421875,52961200,0.0,0.0,558.8603668212891,538.1242837488929,65.42756029760692,14.023789514488954,0.41992687068367474,13.603862643805279,17.614478470063816,2847265090.0,0.06498690227198159
2021-06-11 00:00:00+05:30,598.8713106326759,611.0982055664062,592.9712667167187,600.308349609375,37027210,0.0,0.0,562.7331909179687,540.5628745669511,66.19891999651094,15.616046047266423,1.6097467227689144,14.006299324497508,17.651082782894186,2884292300.0,0.002399578926532577
2021-06-14 00:00:00+05:30,595.3744671294386,612.9619865933511,586.1442613251256,607.5817260742188,26336010,0.0,0.0,566.4804565429688,543.1910648221381,67.90100545271348,17.26579221062923,2.6075943089053766,14.658197901723852,18.305842960419543,2910628310.0,0.02050349757798099
2021-06-15 00:00:00+05:30,610.0193050302519,612.0595258007356,603.2510980315081,604.3447875976562,15236610,0.0,0.0,568.7973327636719,545.5892500290211,66.30088322136747,18.103349899342902,2.7561215980952394,15.347228301247663,17.62745616104705,2895391700.0,-0.009302193202417115
2021-06-16 00:00:00+05:30,602.27014601329,604.320245002565,594.6976576051638,596.5416870117188,14816580,0.0,0.0,571.0063049316407,547.5873848126563,62.47857658681771,17.930780521544193,2.066841776237222,15.863938745306971,17.057432863291876,2880575120.0,-0.009511444390014293
2021-06-17 00:00:00+05:30,580.6904196926579,599.8178912872639,580.6904196926579,593.4666137695312,18718570,0.0,0.0,573.2697204589844,549.3865702619455,60.98642706710472,17.345932225925708,1.1855947844949881,16.16033744143072,17.20529277267177,2861856550.0,0.022001730429159524
2021-06-18 00:00:00+05:30,597.3558840160886,603.0548877491537,585.109411034258,597.0763549804688,27096150,0.0,0.0,575.5027374267578,551.256757897966,62.129790276898355,16.977999871815882,0.6541299443081279,16.323869927507754,17.2581630542593,2888952700.0,-0.00046794388922816405
2021-06-21 00:00:00+05:30,588.5375852231845,601.7796808907061,587.2722509678447,599.9159545898438,12719620,0.0,0.0,578.0192260742188,553.1649616898044,63.047237565713324,16.722773068952733,0.31912251315598184,16.40365055579675,17.061682116301956,2901672320.0,0.019333292643229225
2021-06-22 00:00:00+05:30,603.2510274728202,607.0765457410353,588.5375877783611,590.1854858398438,15406110,0.0,0.0,579.9719421386719,554.6167469505903,57.873280178974724,15.556016407804123,-0.6781073183941047,16.234123726198227,17.167201819614434,2886266210.0,-0.02165854849466476
2021-06-23 00:00:00+05:30,593.5401604321686,599.8179189361481,588.6356803100414,590.0678100585938,12382150,0.0,0.0,581.1708435058594,556.0069847195316,57.8114914914489,14.455227036516021,-1.4231173517457663,15.878344388261787,16.739704448648936,2873884060.0,-0.005850236605803645
2021-06-24 00:00:00+05:30,591.186069930365,599.1313041035766,589.6166003059905,592.8143310546875,10824210,0.0,0.0,582.943325805664,557.4504100660083,58.91405760687185,13.647148981360374,-1.784956325521133,15.432105306881507,16.22363297357228,2884708270.0,0.002754227826298961
2021-06-25 00:00:00+05:30,594.1286891439895,599.0331688960958,591.4998951811571,595.9727783203125,9619940,0.0,0.0,585.2241516113281,558.9610911740202,60.2021455608801,13.11047223590242,-1.8573064567832702,14.967778692685691,15.602893026526205,2894328210.0,0.0031038547877227205
2021-06-28 00:00:00+05:30,598.3465989586803,600.0828041498506,590.0089824158134,592.171875,8284810,0.0,0.0,587.2305755615234,560.2634748534705,57.8516164180818,12.23738594840006,-2.184314195428506,14.421700143828566,15.207959362776503,2886043400.0,-0.010319644115010112
2021-06-29 00:00:00+05:30,592.4612496737678,602.0397145441253,588.7436749745689,593.6775512695312,13100790,0.0,0.0,588.5430145263672,561.5738307913552,58.54215798964157,11.533997523015842,-2.3101620966501795,13.844159619666021,15.07139366326063,2899144190.0,0.002052963964197075
2021-06-30 00:00:00+05:30,593.4420845039385,600.7988045597724,588.5376044667158,590.0923461914062,12257940,0.0,0.0,589.5592193603516,562.6922039442985,56.181832553344016,10.565468892644844,-2.622952581616941,13.188421474261785,14.870665551102984,2886886250.0,-0.005644591780733491
2021-07-01 00:00:00+05:30,592.4612312752754,592.4612312752754,582.6522704925721,585.3154296875,11206010,0.0,0.0,589.8811950683594,563.5793892675614,53.10932959790792,9.305181396827265,-3.1065920619476177,12.411773458774883,14.509115210502646,2875680240.0,-0.012061213815449199
2021-07-02 00:00:00+05:30,588.5376332312104,591.4803213973664,585.1044970373616,588.3169555664062,8112980,0.0,0.0,589.9022888183594,564.5494899067318,54.78265569894703,8.451172672246798,-3.1684806292224685,11.619653301469267,13.928165864037982,2883793220.0,-0.000374959309895927
2021-07-05 00:00:00+05:30,591.382251266947,597.9492976232397,589.1310517310795,595.6687622070312,8631790,0.0,0.0,591.5842834472656,565.7698535263514,58.672808853333976,8.272236763383148,-2.6779332304688968,10.950169993852045,13.621321306380251,2892425010.0,0.007248291491503188
2021-07-06 00:00:00+05:30,593.9325326027955,622.1627484387586,593.736341427447,608.3909301757812,34913930,0.0,0.0,593.7765899658203,567.4412682969173,64.38322742980777,9.052648105645176,-1.518017510565496,10.570665616210672,14.678827428161902,2927338940.0,0.02434350162572269
2021-07-07 00:00:00+05:30,610.117259067885,616.5911481585717,604.2710978621915,608.0181274414062,19479250,0.0,0.0,596.347021484375,569.0325176751326,64.10370425020042,9.531178163015511,-0.83158996255613,10.362768125571641,14.510343347320232,2907859690.0,-0.003440538019995931
2021-07-08 00:00:00+05:30,607.17332056056,611.1916946495841,597.387787204583,601.0623168945312,11305600,1.0,0.0,596.5495086669922,570.2885882327561,58.96021886184367,9.242597985842508,-0.8961361117833064,10.138734097625814,14.459883640011686,2896554090.0,-0.010064677513147144
2021-07-09 00:00:00+05:30,597.6431625113831,606.2889830607686,595.486609584691,602.8650512695312,14475440,0.0,0.0,596.67734375,571.5660965871394,59.859156485377284,9.054981523831316,-0.8670020590355989,9.921983582866915,14.19863291401623,2911029530.0,0.008737469255408158
2021-07-12 00:00:00+05:30,606.682099352057,609.0302436506744,599.6671696738084,604.1817016601562,9787400,0.0,0.0,596.5073425292969,572.8451399233362,60.53901087206433,8.909829836620702,-0.809722996996971,9.719552833617673,13.853235847076721,2920816930.0,-0.004121429814018218
2021-07-13 00:00:00+05:30,607.6645394990977,611.5944637642496,603.243374700802,604.6483154296875,10021270,0.0,0.0,596.5225189208984,574.0923232765265,60.79244838266919,8.731793233251551,-0.7902076802928981,9.52200091354445,13.460225362531569,2930838200.0,-0.00496363350722507
2021-07-14 00:00:00+05:30,604.2258842032594,607.369835756519,601.2784408656825,602.6441040039062,7765740,0.0,0.0,596.8276397705079,575.2120009521101,59.03853098396328,8.332918137008392,-0.9512662212288454,9.284184358237237,12.933880328838802,2923072460.0,-0.0026178623602643317
2021-07-15 00:00:00+05:30,602.6440694964136,606.8981692946196,599.5099525282814,602.2313842773438,8709900,0.0,0.0,597.2658782958985,576.2715846119231,58.66319380799682,7.892523617467987,-1.1133285926154013,9.005852210083388,12.537761502945719,2914362560.0,-0.0006847909735753924
2021-07-16 00:00:00+05:30,601.7696479162832,608.1557747921295,599.0383217919119,601.8138427734375,9631210,0.0,0.0,597.5027526855469,577.2732417947276,58.25965707773382,7.424233732986863,-1.2652947816772198,8.689528514664083,12.293453752750741,2904731350.0,7.344148596939674e-05
2021-07-19 00:00:00+05:30,598.1344701926919,601.5731539766119,583.1025216447329,591.0016479492188,12905320,0.0,0.0,597.0570373535156,577.8116106635312,48.88252753864119,6.110222028592716,-2.0634451888570933,8.17366721744981,12.75187285103335,2891826030.0,-0.011925114834420521
2021-07-20 00:00:00+05:30,591.4536046627846,592.234660323677,576.5198803924076,583.7755126953125,14018370,0.0,0.0,596.736538696289,578.0454891745815,43.80761556385429,4.434649681207702,-2.991214028993686,7.425863710201388,12.96350907105029,2877807660.0,-0.012981731630243054
2021-07-22 00:00:00+05:30,582.6112138672175,613.4611402404676,581.7417086162309,608.7009887695312,34885910,0.0,0.0,597.6681976318359,579.2476656292854,59.44700654302428,5.059699071015189,-1.8929317113489592,6.952630782364148,14.303217824849787,2912693570.0,0.044780763365567154
2021-07-23 00:00:00+05:30,608.0574648607364,611.5943721833984,603.2432843704523,607.2616577148438,9537390,0.0,0.0,598.3905639648438,580.3462535542093,58.43560906139275,5.376931311418957,-1.2605595767561528,6.63749088817511,13.878065681142239,2903156180.0,-0.0013087696342564581
2021-07-26 00:00:00+05:30,604.2258515228656,608.9712518301515,602.2608894040919,605.4490356445312,7335020,0.0,0.0,598.8643768310546,581.3306763812807,57.1176750970264,5.419602886623011,-0.9743104012416799,6.393913287864691,13.366086877207605,2895821160.0,0.002024382304369807
2021-07-27 00:00:00+05:30,607.173325949439,621.6158102588896,606.6820853944637,612.2282104492188,20685280,0.0,0.0,599.8671936035156,582.542344383945,60.68866121614837,5.9320620494887635,-0.36948099070074214,6.301543040189506,13.566136001289859,2916506440.0,0.008325274322410994
2021-07-28 00:00:00+05:30,614.8268244620672,617.3911457008053,604.9136237684593,615.2296752929688,11491530,0.0,0.0,600.9447998046875,583.8242004980243,62.18992992599565,6.50539263984524,0.16307967972458748,6.342312960120653,13.488377853508135,2927997970.0,0.0006552265042339986
2021-07-29 00:00:00+05:30,617.9755659678815,631.7352157044053,615.4309740298377,628.797607421875,14846640,0.0,0.0,602.8800628662109,585.587863514646,68.11728541941014,7.962789908785567,1.2963815589319312,6.6664083498536355,13.703889464788787,2942844610.0,0.017512086318564848
2021-07-30 00:00:00+05:30,630.4433156188242,630.4433156188242,610.3368156475327,611.8989868164062,14068850,0.0,0.0,604.2092407226562,586.6196722715778,56.28275305140223,7.6658432203818165,0.7995478964225438,6.866295323959273,14.161218786681935,2928775760.0,-0.029414744106241106
2021-08-02 00:00:00+05:30,616.0156333870432,617.3862136743323,606.1908226472179,609.1873779296875,10124350,0.0,0.0,605.2527618408203,587.5046803366017,54.6422288131394,7.129521963912566,0.21058131196263474,6.9189406519499315,13.949373946712782,2918651410.0,-0.011084548974531433
2021-08-03 00:00:00+05:30,610.6119622890858,623.0894834070757,609.7277053726276,622.09716796875,10917100,0.0,0.0,606.5741821289063,588.861248479039,60.53944822327864,7.657919934593679,0.5911834261149975,7.066736508478681,13.945997627475313,2929568510.0,0.01880933618890796
2021-08-04 00:00:00+05:30,623.1877167644927,636.3971816509977,620.4367818232199,624.7744140625,16320910,0.0,0.0,607.3933563232422,590.2696079136846,61.65292614018694,8.198206694775877,0.9051761490377563,7.29303054573812,14.089883498925516,2945889420.0,0.002546098479355765
2021-08-05 00:00:00+05:30,624.2684720567262,624.4158082320758,612.2821914666679,613.8787231445312,8665670,0.0,0.0,607.6863861083984,591.1954555697962,54.867393433678835,7.6589095055105645,0.2927031678179546,7.36620633769261,13.975764862990253,2937223750.0,-0.0166430780621752
2021-08-06 00:00:00+05:30,617.4893631949267,618.9139727642896,610.2189791645903,611.5256958007812,7297890,0.0,0.0,608.2095550537109,591.9927198925799,53.49801093816657,6.961396312647253,-0.3238480200362863,7.285244332683539,13.598566915612269,2929925860.0,-0.009657927325726005
2021-08-09 00:00:00+05:30,611.5944708297358,616.0107184764482,602.8552824550611,608.4652709960938,8811790,0.0,0.0,608.4895660400391,592.6387022887961,51.690983844671024,6.091443014016932,-0.955041054933286,7.0464840689502175,13.566914708881896,2921114070.0,-0.005116461941516096
2021-08-10 00:00:00+05:30,611.5944953315293,613.8983847672641,603.444831256476,606.20068359375,7310090,0.0,0.0,608.5905151367188,593.170544692912,50.33611037313496,5.159786670868698,-1.5093579184652164,6.669144589333914,13.344531766160879,2913803980.0,-0.008819261420682742
2021-08-11 00:00:00+05:30,606.7900864787789,609.1333132987153,595.0887639520449,605.9746704101562,7919290,0.0,0.0,608.6568328857422,593.6726672700588,50.194703277800635,4.353025958076955,-1.8528949050055683,6.2059208630825236,13.394533021911561,2905884690.0,-0.0013438190352689134
2021-08-12 00:00:00+05:30,607.2714854884949,614.5320345106562,604.348628483604,609.089111328125,7946020,0.0,0.0,608.9790832519532,594.2772337037085,52.18794498524518,3.9197867724732305,-1.8289072724874345,5.748694044960665,13.165166807993012,2913830710.0,0.002993102562963174
2021-08-13 00:00:00+05:30,610.1207170652764,611.9727033935826,602.3590929745501,604.869384765625,6679320,0.0,0.0,609.1109832763672,594.6926121767248,49.30858559178678,3.1990680634108912,-2.039700785239819,5.23876884865071,12.911484208781522,2907151390.0,-0.008607038169283382
2021-08-16 00:00:00+05:30,604.1276009286048,628.2966099440073,599.6916847480562,626.5429077148438,14233350,0.0,0.0,610.3474365234375,595.9416433742981,61.16135077383187,4.326887793702326,-0.7295048439587069,5.056392637661033,14.032444279293744,2921384740.0,0.037103596577584545
2021-08-17 00:00:00+05:30,629.765338726744,632.408214742302,619.4542064944201,629.7800903320312,16027760,0.0,0.0,612.2863586425781,597.2686412942093,62.569139414720695,5.419434767880716,0.2904337041757463,5.12900106370497,13.955413134192892,2937412500.0,2.34239714067565e-05
2021-08-18 00:00:00+05:30,632.128307949955,652.3673928377865,629.3822303423186,642.9453735351562,21537300,0.0,0.0,615.2448516845703,599.0598856958151,67.69728203161543,7.263880945986102,1.7079039058249057,5.5559770401611965,14.600395231426875,2958949800.0,0.017112136015996336
2021-08-20 00:00:00+05:30,635.856763143514,661.4749658077144,634.255314404009,654.4403686523438,21647320,0.0,0.0,617.5318206787109,601.2316693411691,71.38371847560751,9.543160257884438,3.189746574178593,6.353413683705845,15.501770672303982,2980597120.0,0.02922608767571676
2021-08-23 00:00:00+05:30,662.192270964938,670.0030078159365,657.9676141670931,663.390869140625,17383400,0.0,0.0,620.33828125,603.6692850195791,73.88299479171734,11.93416647843253,4.4646022357813475,7.469564242651183,15.50611842168175,2997980520.0,0.0018100455535979862
2021-08-24 00:00:00+05:30,665.6309792609361,692.5509867627899,661.0083886587927,685.7816772460938,26229900,0.0,0.0,624.3549133300781,606.8893788323836,78.85763588200439,15.457621383532683,6.3904457127051995,9.067175670827483,16.651581256132932,3024210420.0,0.030273077144833894
2021-08-25 00:00:00+05:30,688.2279280959373,693.0421088955229,679.9750638583276,682.328125,15096670,0.0,0.0,627.8599090576172,609.8477610350352,76.43919525848953,17.766510701133257,6.959468024244618,10.807042676888639,16.395542954780225,3009113750.0,-0.008572455221716685
2021-08-26 00:00:00+05:30,677.9119301785186,687.0735780396878,673.4907654164848,681.0509643554688,12345880,0.0,0.0,631.1509735107422,612.6400435181895,75.51683698477417,19.27112044896444,6.77126221766064,12.499858231303799,16.194633645381842,2996767870.0,0.004630445397418467
2021-08-27 00:00:00+05:30,682.8243080890378,690.1290520654269,675.1609681353157,684.4552001953125,9359060,0.0,0.0,633.9338531494141,615.4563241721944,76.33647442245072,20.501894814700336,6.401629266717229,14.100265547983106,16.107022951433937,3006126930.0,0.0023884505676708247
2021-08-30 00:00:00+05:30,687.3387825989582,707.0916043459581,685.7717541506761,703.9967651367188,15043820,0.0,0.0,638.5387420654297,618.9284983276659,80.39404937753315,22.79140817560608,6.952914102098379,15.8384940735077,16.573407322806222,3021170750.0,0.024235475953755335
2021-08-31 00:00:00+05:30,703.4563787030015,746.5676487202268,700.5089357754749,739.267822265625,29464380,0.0,0.0,645.0427642822266,623.6476875017036,85.2951322323565,27.13910088545242,9.040485449555774,18.098615435896647,18.679500581516724,3050635130.0,0.050907838277976625
2021-09-01 00:00:00+05:30,739.316895064193,754.0049968662848,735.2248836048091,738.786376953125,22277890,0.0,0.0,650.8772247314453,628.1629302252887,84.98284905006744,30.197729440768512,9.679291203897492,20.51843823687102,18.6866872015138,3028357240.0,-0.0007175787738787078
2021-09-02 00:00:00+05:30,736.8608094446606,745.3494603612758,731.4620807114003,736.70849609375,11833780,0.0,0.0,656.4739288330078,632.4196190828754,83.56089424919625,32.084200297994585,9.25260964889885,22.831590649095734,18.343879519253907,3016523460.0,-0.00020670572916669188
2021-09-03 00:00:00+05:30,736.8607580888372,742.2644036481554,733.1027562294078,739.1597900390625,8802470,0.0,0.0,662.7379821777344,636.6055081399808,83.9030759907258,33.39211743478643,8.448421428552553,24.943696006233875,17.68800579778915,3025325930.0,0.0031200358072917263
2021-09-06 00:00:00+05:30,741.7732004087685,748.159327299705,735.3969079229751,737.4846801757812,8970710,0.0,0.0,669.0359313964843,640.561554102169,82.63721245807473,33.90267488979134,7.167183106845972,26.73549178294537,17.336178196284905,3016355220.0,-0.005781444019039756
2021-09-07 00:00:00+05:30,739.7001247924975,743.3696768876187,727.7432880036853,732.66552734375,8360130,0.0,0.0,675.2459442138672,644.1734746214466,78.94695654120459,33.53189517831072,5.437122716292276,28.094772462018444,17.214050388259793,3007995090.0,-0.009510066597218505
2021-09-08 00:00:00+05:30,732.6360448405442,738.2361981602987,728.1215137643177,733.2451782226562,8592560,0.0,0.0,681.5981689453125,647.6664826058078,79.06803622643494,32.905508349931665,3.8485887103305743,29.05691963960109,16.706952817382724,3016587650.0,0.0008314269907982113
2021-09-09 00:00:00+05:30,729.9833775477792,732.930820525765,725.0709725844698,730.0472412109375,7004360,0.0,0.0,687.8017974853516,650.8971005903227,76.45555294457206,31.784651804256214,2.182185731724097,29.602466072532117,16.097470876011545,3009583290.0,8.748646218876196e-05
2021-09-13 00:00:00+05:30,730.0472213537298,736.3694839709088,722.3200181511642,731.5111083984375,8025650,0.0,0.0,693.9228973388672,654.0584342298566,76.83289976868795,30.661045319846608,0.8468633978515925,29.814181921995015,15.951184800563908,3017608940.0,0.0020051950091573493
2021-09-14 00:00:00+05:30,734.8957818676245,739.8081868266327,727.8219067334766,728.7601928710938,7192580,0.0,0.0,700.1174377441406,656.9879149608855,74.41912348359148,29.21186697438327,-0.4818519580894005,29.69371893247267,15.667977321463344,3010416360.0,-0.008348923953459169
2021-09-15 00:00:00+05:30,731.457123010357,734.8958065973769,725.0709963487488,728.4261474609375,6572830,0.0,0.0,705.2115997314453,659.789414274613,74.11463791014602,27.71692456872995,-1.5814354909941741,29.298360059724125,15.250608244832243,3003843530.0,-0.004143750131170152
2021-09-16 00:00:00+05:30,731.4571199527102,731.4571199527102,720.2077002718795,728.1658325195312,5771290,0.0,0.0,710.1308868408203,662.4708424410804,73.86102243149398,26.20904514369022,-2.471451932827126,28.680497076517344,14.964809061689268,2998072240.0,-0.004499631411601693
2021-09-17 00:00:00+05:30,731.5062661415501,754.5405419438209,723.1060650153237,729.8655395507812,34749690,0.0,0.0,714.4768951416015,665.1137717395001,74.47519975133322,24.864568717520115,-3.052742687197785,27.9173114047179,16.14121390931843,3032821930.0,-0.002242942633182258
2021-09-20 00:00:00+05:30,723.1061129057522,744.8189219292024,719.2498864571432,731.2066650390625,10838060,0.0,0.0,718.3152099609375,667.7056499081103,74.97484525023958,23.634831457135533,-3.4259839580658955,27.06081541520143,16.81462973522849,3043659990.0,0.01120243901791786
2021-09-21 00:00:00+05:30,735.0087609171487,770.9626841572793,727.1341613403707,767.6959228515625,19931330,0.0,0.0,723.5304626464844,671.6268370823634,84.09648674643225,25.312843270000712,-1.3983777161605744,26.711220986161287,18.7441935267771,3063591320.0,0.0444717990757369
2021-09-22 00:00:00+05:30,771.2475938036744,775.6687583541413,763.4859698287241,765.7113037109375,15005410,0.0,0.0,727.5269439697265,675.3164240089742,82.33857763518371,26.180742242993347,-0.4243829945343549,26.6051252375277,18.275521740965672,3048585910.0,-0.007178356389331126
2021-09-23 00:00:00+05:30,772.5837729781713,785.8866045820726,766.7920880484941,776.0667114257812,21091470,0.0,0.0,732.2138732910156,679.2674156723784,84.19504201331111,27.388436444180343,0.6266489653221115,26.76178747885823,18.411220250263487,3069677380.0,0.00450816930076575
2021-09-24 00:00:00+05:30,781.0577042797021,781.0577042797021,759.0304953330415,765.6868286132812,11293460,0.0,0.0,736.4456665039063,682.6564122582962,75.6151877730997,27.194491831074174,0.34616348177275214,26.848328349301422,18.669505157148997,3058383920.0,-0.019679564751999955
2021-09-27 00:00:00+05:30,771.1494104637952,772.2301156469216,760.4452600915399,765.88818359375,6507740,0.0,0.0,740.5173156738281,685.9204032910591,75.66698945318184,26.748694690118555,-0.07970692734629736,26.828401617464852,18.17774447130847,3064891660.0,-0.006822577828181106
2021-09-28 00:00:00+05:30,767.8089218875757,768.7914029136634,729.4970790725546,741.1149291992188,15723010,0.0,0.0,742.3732238769531,688.0848945031437,59.04709279300206,24.11838097054556,-2.1680165175354347,26.286397488080993,19.68607156915137,3049168650.0,-0.03476645286008483
2021-09-29 00:00:00+05:30,739.7099990854969,750.2078066004415,732.5525911273975,738.373779296875,9458790,0.0,0.0,742.3285217285156,690.0570076323097,57.54106101222266,21.564073295245407,-3.7778593542684717,25.34193264951388,19.541010419429412,3039709860.0,-0.0018064103368534005
2021-09-30 00:00:00+05:30,741.2819425689592,756.5103986455912,735.9667465426847,753.3762817382812,14907070,0.0,0.0,743.0580169677735,692.5401164207792,63.089836903412305,20.51387148462095,-3.8624489319143436,24.376320416535293,19.612627682534914,3054616930.0,0.016315437453404576
2021-10-01 00:00:00+05:30,748.6506132034064,750.5369601627614,734.4046369679085,739.0960083007812,9377400,0.0,0.0,743.177392578125,694.3658376709755,55.63658177545318,18.31812037319594,-4.846560034671484,23.164680407867422,19.56684318880905,3045239530.0,-0.012762435152149058
2021-10-04 00:00:00+05:30,745.5066321261891,763.2895756683995,742.7704487011205,756.0241088867188,10901980,0.0,0.0,744.0206085205078,696.7838090912007,61.45041629619975,17.73943883265906,-4.340193260166689,22.07963209282575,19.897323487295424,3056141510.0,0.014107824541458185
2021-10-05 00:00:00+05:30,754.8401226252129,762.8964786296746,750.0357762559398,758.887939453125,7732430,0.0,0.0,745.090771484375,699.2192651838252,62.34936263903483,17.312350732605296,-3.8138250881763653,21.12617582078166,19.39470769346966,3063873940.0,0.0053624823410743875
2021-10-06 00:00:00+05:30,767.3177236814176,774.254037709403,755.036710178194,759.9638671875,17646310,0.0,0.0,746.4556884765625,701.6014064388713,62.70127018994287,16.866274795617528,-3.4079208201313094,20.274195615748837,19.38203768187961,3081520250.0,-0.009583848081386025
2021-10-07 00:00:00+05:30,770.8448542219501,774.686328846204,760.2438450279928,761.2164916992188,9405500,0.0,0.0,747.8542541503906,703.9392529196693,63.133299302467165,16.42450130409054,-3.0797554493266404,19.50425675341718,19.049210823081346,3090925750.0,-0.012490661992483144
2021-10-08 00:00:00+05:30,761.4227952053434,769.1844192976607,757.6893792994487,759.6739501953125,7565710,0.0,0.0,749.3355895996094,706.1249273226358,62.17818002175182,15.768156923760898,-2.9888798637250282,18.757036787485927,18.509627192733536,3083360040.0,-0.0022968119959677013
2021-10-11 00:00:00+05:30,763.7709335919672,776.5922988940505,761.6192977621733,768.0152587890625,9086480,0.0,0.0,751.1607971191406,708.5519991448487,65.2405265253762,15.73963643469915,-2.413920282229423,18.153556716928573,18.395964443162423,3092446520.0,0.0055570656206233885
2021-10-12 00:00:00+05:30,767.3176982487806,778.6162302972582,761.4228119626184,771.8125610351562,10994490,0.0,0.0,753.3134155273438,711.0328054934881,66.56762983988622,15.84084094370155,-1.8501726185816167,17.691013562283167,18.310068292553662,3103441010.0,0.005857890149848063
2021-10-13 00:00:00+05:30,776.9361724380825,786.9673256043534,772.3578371035758,779.0386962890625,10524380,0.0,0.0,755.84404296875,713.6997031717459,68.99366754964602,16.316053659685167,-1.0999679220784024,17.41602158176357,18.084689455171052,3113965390.0,0.0027061732038838127
2021-10-14 00:00:00+05:30,782.9391843172663,782.9391843172663,767.5485800631005,772.5150146484375,11348490,0.0,0.0,758.0615020751953,716.0061859747534,64.44689005452408,15.982025728970711,-1.1471966822342878,17.129222411205,17.892254797956387,3102616900.0,-0.013314149907976297
2021-10-18 00:00:00+05:30,790.8971986860782,790.8971986860782,766.413789151982,772.7753295898438,8550980,0.0,0.0,760.2069915771484,718.2324269008353,64.54729033467717,15.55895745118437,-1.2562119680165047,16.815169419200874,18.36305156482352,3111167880.0,-0.02291305257666919
2021-10-19 00:00:00+05:30,775.1774547914526,777.6041539081293,753.6610984097497,760.3714599609375,12449890,0.0,0.0,761.6652313232422,719.8849380012315,56.377581966403575,14.060701166838612,-2.2035746018898124,16.264275768728425,18.761623274363245,3098717990.0,-0.019100136025625807
2021-10-20 00:00:00+05:30,760.538581285222,769.6314484927608,744.2294193169089,762.5379638671875,11028990,0.0,0.0,761.4073333740234,721.5576056822495,57.39197648562033,12.899444262316251,-2.691865205129739,15.59130946744599,19.235937981612437,3109746980.0,0.002628903557511548
2021-10-21 00:00:00+05:30,769.2826674130174,769.2826674130174,755.0366920905541,760.175048828125,6394610,0.0,0.0,761.1305206298828,723.0720152173819,55.866101894188596,11.65413073842251,-3.149742983218786,14.803873721641295,18.8795120773875,3103352370.0,-0.01183910540389525
2021-10-22 00:00:00+05:30,762.0122933641524,779.5987284910095,753.0717396198598,757.5125732421875,15173760,0.0,0.0,760.2028137207031,724.4226253360017,54.12008539168942,10.333255928078643,-3.5764942348501236,13.909750162928766,19.425760419799083,3088178610.0,-0.0059050492507140145
2021-10-25 00:00:00+05:30,761.4228232291591,770.0441185365917,722.1726927998467,751.2688598632812,11697290,0.0,0.0,759.4819152832031,725.4754188468754,50.160887627475596,8.682550597120553,-4.181759652646571,12.864310249767124,21.457593656723795,3076481320.0,-0.013335512222782318
2021-10-26 00:00:00+05:30,756.019113999809,775.6638163947754,751.7060081064265,771.8026733398438,16605750,0.0,0.0,759.7776397705078,727.2921739250311,60.41673734307033,8.928341505786648,-3.1487749951843824,12.07711650097103,21.667405290635962,3093087070.0,0.020877196155173913
2021-10-27 00:00:00+05:30,773.2126194707374,778.1201077284301,733.0291188181144,735.1071166992188,31122330,0.0,0.0,759.4772491455078,727.5986422691169,43.27748382826121,6.0918843773607705,-4.788185698888208,10.880070076248979,23.340518406327373,3061964740.0,-0.04928204973892151
2021-10-28 00:00:00+05:30,740.790759729396,746.2926299797576,722.4576885327548,735.3134155273438,15723020,0.0,0.0,759.3242309570312,727.9011823968906,43.37473902463739,3.8166226091584576,-5.650757973672418,9.467380582830875,23.375834337804193,3077687760.0,-0.00739391539394072
2021-10-29 00:00:00+05:30,734.8958438492413,741.7437081560295,718.4933151118069,727.0556640625,9483340,0.0,0.0,758.0082000732422,727.8680248151499,40.38952288785081,1.3317778293636593,-6.508482202773773,7.840260032137432,23.36687424540551,3068204420.0,-0.010668423086564112
2021-11-01 00:00:00+05:30,729.9834180674496,736.8804542078562,709.3513160763104,728.4065551757812,10373140,0.0,0.0,757.4737274169922,727.8891436528216,41.103641853463536,-0.5224514429700093,-6.690169180085953,6.167717737115944,23.664178808701248,3078577560.0,-0.0021601352203902847
2021-11-02 00:00:00+05:30,733.589124633778,742.2644492828194,727.0605786925336,732.4739990234375,6871160,0.0,0.0,756.2962219238282,728.0689419026497,43.305917154436926,-1.6447728571736207,-6.249992475431652,4.605219618258031,23.059871078814435,3085448720.0,-0.001520095613327485
2021-11-03 00:00:00+05:30,735.4852464043636,740.6727748241913,732.0465629333944,738.457275390625,6687040,0.0,0.0,755.2746887207031,728.4763275296291,46.47643622763879,-2.028042256592471,-5.306609499880402,3.2785672432879314,22.028895422527466,3092135760.0,0.004040909047178119
2021-11-04 00:00:00+05:30,742.8538554133519,743.6398881810835,738.3344668283003,739.3267822265625,940330,0.0,0.0,754.2428344726562,728.9018355569599,46.940814441019924,-2.2358505882380086,-4.411534265220752,2.1756836769827435,20.834361560402876,3093076090.0,-0.004748004147904414
2021-11-08 00:00:00+05:30,741.1739020433454,757.8023820085748,735.4852983216532,753.9215698242188,9003010,0.0,0.0,753.8780883789062,729.8830016066563,54.13408416542944,-1.2089270444066642,-2.707688577111526,1.498761532704862,20.940270283725642,3102079100.0,0.017199293911630286
2021-11-09 00:00:00+05:30,756.5103678009526,761.8550668240517,741.7731528437912,744.4749755859375,8002470,0.0,0.0,753.1181396484375,730.4552358803536,49.46014242932957,-1.1441548391092056,-2.114333097451254,0.9701782583420485,20.87895911919242,3094076630.0,-0.015909090909090866
2021-11-10 00:00:00+05:30,741.2819356084733,747.6680622903224,737.3520114965663,744.8630981445312,4649890,0.0,0.0,751.9605316162109,731.020250086792,49.652482102212275,-1.0494072395256353,-1.615668398294147,0.5662611587685118,20.12446566737554,3098726520.0,0.004831039802849622
2021-11-11 00:00:00+05:30,743.7577746232554,746.7788556801145,728.0184100508873,732.213623046875,6344000,0.0,0.0,749.9805847167969,731.0670490264031,43.80169757945808,-1.9722906694138373,-2.0308414625458795,0.05855079313204192,20.027035664650658,3092382520.0,-0.01552138608867381
2021-11-12 00:00:00+05:30,736.8608032616938,746.7101999849795,732.2431302347434,744.6322021484375,4971280,0.0,0.0,748.2602600097656,731.5990158155025,50.02741038594716,-1.682215358011831,-1.3926129209150984,-0.2896024370967327,19.632002898468787,3097353800.0,0.010546630859375052
2021-11-15 00:00:00+05:30,744.6224076971341,749.3824995746506,735.8783024137413,740.2257690429688,4025180,0.0,0.0,746.6457977294922,731.9373198636384,47.9956714013925,-1.7872881639534626,-1.1981485814853838,-0.5891395824680787,19.19430248864311,3093328620.0,-0.005904521014567224
2021-11-16 00:00:00+05:30,739.3169669929355,751.597979733682,736.9344625144072,742.3331909179688,5980490,0.0,0.0,745.1236907958985,732.3450010814553,49.06118191836803,-1.6811287807003055,-0.8735913585857813,-0.8075374221145242,18.87067496940252,3099309110.0,0.0040797439524502275
2021-11-17 00:00:00+05:30,739.6117070390026,755.7244199096913,738.9485443372447,747.4371948242188,6455740,0.0,0.0,744.4769775390625,732.9368518164656,51.645236643510586,-1.1716403052233773,-0.2912823064870824,-0.8803579987362948,18.721046441048525,3105764850.0,0.01058053531432746
2021-11-18 00:00:00+05:30,748.650490217104,756.2843864520997,730.965832967881,735.382080078125,7725390,0.0,0.0,743.1191833496093,733.0327431208444,45.742928948265785,-1.7207779716437699,-0.6723359783259801,-1.0484419933177898,19.192296944132107,3098039460.0,-0.017723103520751366
2021-11-22 00:00:00+05:30,736.0747969243083,738.2853792335649,686.7591546114534,693.464599609375,19352430,0.0,0.0,739.7836608886719,731.4810512184339,32.03382922000621,-5.475248625501422,-3.5414453057469055,-1.9338033197545164,21.50186320684492,3078687030.0,-0.05788840684802714
2021-11-23 00:00:00+05:30,687.7366803508113,705.2248296579845,680.2796233888776,698.9664306640625,11875890,0.0,0.0,736.8563537597656,730.205968059439,34.79603320261066,-7.91549696105028,-4.785354913036611,-3.1301420480136697,21.74781628272078,3090562920.0,0.0163285609654017
2021-11-24 00:00:00+05:30,703.4563939585458,719.1564211039017,694.2210485989946,705.1560668945312,10993800,0.0,0.0,734.5507141113281,729.2236189941485,37.855919374831124,-9.2434071889096,-4.890612112716744,-4.352795076192856,21.975498870019806,3101556720.0,0.002416173839036233
2021-11-25 00:00:00+05:30,702.4739619000093,707.8776077607786,696.2646743695464,700.0963745117188,6154860,0.0,0.0,730.9653991699219,728.0813741124846,36.35406473486714,-10.582076905788199,-4.983425463676274,-5.598651442111925,21.235315621534976,3095401860.0,-0.00338459148273591
2021-11-26 00:00:00+05:30,689.7999266084407,692.4428030522264,665.6309165759485,668.77978515625,16890820,0.0,0.0,727.6490325927734,725.7558216043969,28.751091428177144,-14.00848820627698,-6.727869411332043,-7.280618794944936,22.180325786837496,3078511040.0,-0.030472809058622354
2021-11-29 00:00:00+05:30,664.8449430150332,685.7717775280857,656.1303408399915,678.4768676757812,14918150,0.0,0.0,724.8072052001953,723.9017449797453,33.396049478805786,-15.759801152893601,-6.783345886358932,-8.97645526653467,22.713262279784406,3093429190.0,0.020503915693376645
2021-11-30 00:00:00+05:30,678.8943689860013,707.3666490924537,672.9257849355313,687.4664916992188,21955390,0.0,0.0,722.8277465820313,722.4729115177639,37.46613885050721,-16.235192557599476,-5.806989832851844,-10.428202724747631,23.550948128151408,3115384580.0,0.01262659274375899
2021-12-01 00:00:00+05:30,690.9002427741352,698.3180221115059,682.9225020507307,691.5388793945312,11367680,0.0,0.0,720.9843627929688,721.2598122188136,39.27645062590814,-16.097770935362973,-4.535654568492273,-11.5621163668707,22.96841755191025,3126752260.0,0.000924354314642797
2021-12-02 00:00:00+05:30,696.5790180671036,708.3687898820616,689.9374370168031,705.470458984375,8477040,0.0,0.0,719.6341857910156,720.6406218958945,45.128657189839416,-14.69530296279288,-2.5065492767377435,-12.188753686055136,22.6443415028637,3135229300.0,0.012764439764412914
2021-12-03 00:00:00+05:30,703.4564328081422,710.7071477648041,693.140381768358,694.5404052734375,8164110,0.0,0.0,717.4383422851563,719.6170839891315,41.73065019396266,-14.300948545694041,-1.6897558877111223,-12.611192657982919,22.281657538119582,3127065190.0,-0.012674598054512886
2021-12-06 00:00:00+05:30,694.5404296140857,697.1587800860161,681.6551997678393,682.9962768554688,8582530,0.0,0.0,714.6218170166015,718.1809739054585,38.43862438740485,-14.749906770247094,-1.71097128981134,-13.038935480435754,21.797509165266522,3118482660.0,-0.016621282601261046
2021-12-07 00:00:00+05:30,692.4526353067727,704.4389161663788,683.6103058151444,697.8710327148438,10796080,0.0,0.0,711.8192901611328,717.3845056234736,44.51263519078952,-13.746974350328514,-0.5664310959142078,-13.180543254414307,21.772161318526773,3129278740.0,0.007824935788814798
2021-12-08 00:00:00+05:30,699.5264776410608,725.6948688816266,699.5264776410608,723.25341796875,14026910,0.0,0.0,710.7582122802735,717.6146590487785,53.02916703681973,-10.77973474922237,1.9206468041535487,-12.70038155337592,22.20442380768792,3143305650.0,0.033918573615256284
2021-12-09 00:00:00+05:30,727.0358734418205,733.7265660406704,720.8462557016397,730.9953002929688,10769500,0.0,0.0,710.0648223876954,718.1393900779625,55.28358516935272,-7.7145423435836165,3.9886713678338435,-11.70321371141746,21.538415702783826,3154075150.0,0.005445985536317668
2021-12-10 00:00:00+05:30,724.4815782080137,733.6186403323594,723.1060806985911,732.1940307617188,6791450,0.0,0.0,710.0638427734375,718.6905524577177,55.638619963458694,-5.129498087030925,5.258972499509229,-10.388470586540153,20.750854554997005,3160866600.0,0.010645477795006976
2021-12-13 00:00:00+05:30,733.9133522727273,734.6011010083284,707.288139516657,709.228515625,12985990,0.0,0.0,708.2936584472657,718.319492189768,47.80726095888063,-4.877729599646273,4.4085927895151045,-9.286322389161377,21.21957647904518,3147880610.0,-0.033634538152610416
2021-12-14 00:00:00+05:30,705.4213239598503,705.4213239598503,691.1753501472906,694.2112426757812,12764810,0.0,0.0,705.9929321289062,717.3740706401999,43.495951598818905,-5.822847520298183,2.7707798950905556,-8.593627415388738,20.993404264664054,3135115800.0,-0.015891327499347116
2021-12-15 00:00:00+05:30,694.8597185915736,694.8597185915736,671.13277738502,672.7293090820312,18175280,0.0,0.0,702.5127380371093,715.6232956771345,38.190335985054666,-8.210625807258452,0.3064012865042294,-8.517027093762682,21.188656903370454,3116940520.0,-0.031848744311152415
2021-12-16 00:00:00+05:30,682.3330542160745,693.970512872609,681.1442306188519,690.5711669921875,17683180,0.0,0.0,699.6694366455079,714.640859258117,44.27060335518514,-8.564541773642077,-0.03801174390351569,-8.526530029738561,21.19241025245669,3134623700.0,0.012073448186644964
2021-12-17 00:00:00+05:30,687.7367720307547,690.1929747880074,674.4732771415902,678.02001953125,16805110,0.0,0.0,696.8013336181641,713.2047478962791,41.20021167498367,-9.745455883520094,-0.9751406830252254,-8.770315200494869,20.828515938038162,3117818590.0,-0.014128592354910654
2021-12-20 00:00:00+05:30,672.9995392566152,674.4585092674246,637.8856750803083,651.7926635742188,22263190,0.0,0.0,694.7177368164063,710.7964308640414,35.63800096719441,-12.651824896281482,-3.105207756629291,-9.546617139652191,22.207503688959846,3095555400.0,-0.03151098098197993
2021-12-21 00:00:00+05:30,660.7331786450512,663.1746293702556,642.5425297898477,646.2317504882812,13755910,0.0,0.0,692.0810028076172,708.2644826140117,34.572259096138325,-15.228319897223173,-4.545362206056785,-10.682957691166388,22.094974824063282,3081799490.0,-0.02194747989878106
2021-12-22 00:00:00+05:30,651.8761811635079,667.1783356157981,650.7758071772021,665.257568359375,12678980,0.0,0.0,690.0860778808594,706.5779369569672,41.065886418818664,-15.55567016867451,-3.898169982006497,-11.657500186668013,22.01294698859568,3094478470.0,0.020527498292671448
2021-12-23 00:00:00+05:30,672.0170692856088,687.0981301143622,671.8451470870831,679.6558837890625,13393990,0.0,0.0,689.0640533447265,705.5221701660689,45.47615409014657,-14.486285017515456,-2.263027864677955,-12.223257152837501,22.00063375762365,3107872460.0,0.011366994757401237
2021-12-24 00:00:00+05:30,686.2531346084957,686.5527841134474,663.9213609762986,673.1959838867188,9807740,0.0,0.0,689.28486328125,704.2544765864866,43.88923426712491,-13.998681429557791,-1.420339421376232,-12.57834200818156,22.045690141875443,3098064720.0,-0.01902672652887182
2021-12-27 00:00:00+05:30,663.2729645196467,678.7765450120932,653.7478630553427,677.003173828125,9123600,0.0,0.0,689.2111785888671,703.1857980469431,45.10504816475268,-13.153419233643149,-0.46006178036927103,-12.693357453273878,22.258760985795085,3107188320.0,0.02070069193672308
2021-12-28 00:00:00+05:30,685.7717666053514,685.7717666053514,674.153916302564,678.5652465820312,8624640,0.0,0.0,688.7661163330079,702.2202862247897,45.625638943236595,-12.216670464638923,0.3813495909079645,-12.598020055546888,21.498695937008826,3115812960.0,-0.010508627467988791
2021-12-29 00:00:00+05:30,676.4283936415097,682.8194379063845,673.2991937796812,679.0565185546875,5323790,0.0,0.0,688.1419982910156,701.3119031789033,45.79972778840672,-11.304339386094625,1.0349445355618094,-12.339283921656435,20.64309223627271,3121136750.0,0.003885296563364861
2021-12-30 00:00:00+05:30,677.9021211516822,682.328203281975,673.6774644363148,675.0725708007812,6589920,0.0,0.0,686.622103881836,700.2829097523104,44.55395352399396,-10.778533497106991,1.2486003396395553,-12.027133836746547,19.78649556551467,3114546830.0,-0.004173980671566341
2021-12-31 00:00:00+05:30,676.1434566949193,687.6384967366434,675.5097372416219,685.5064697265625,7699070,0.0,0.0,686.1704071044921,699.7034415160066,48.50455268698721,-9.411411208269556,2.0925781027815944,-11.50398931105115,19.270740591968064,3122245900.0,0.01384767232298725
2022-01-03 00:00:00+05:30,685.2805635885858,711.7044118209886,685.2805635885858,709.3120727539062,12697250,0.0,0.0,687.486196899414,700.0802505841596,56.176666515010126,-6.334028988813657,4.135968257789996,-10.469997246603652,19.781676851999123,3134943150.0,0.035068131860438986
2022-01-04 00:00:00+05:30,712.2987296491638,724.5797422293218,710.8741201966891,721.435791015625,9591730,0.0,0.0,688.6644348144531,700.9177227579426,59.487071813586184,-2.883657656523951,6.069071672063762,-8.952729328587713,19.459247753671725,3144534880.0,0.012827569369612123
2022-01-05 00:00:00+05:30,733.9034708980083,755.6408629727317,728.5096598150247,753.6415405273438,25832620,0.0,0.0,690.1838409423829,702.9853234547818,66.68623114639882,2.4216065410086003,9.099468695677052,-6.677862154668452,20.51252091105994,3170367500.0,0.026894639979265687
2022-01-06 00:00:00+05:30,739.316954125778,764.306356017095,738.9239377385612,761.2508544921875,15359860,0.0,0.0,691.6966186523438,705.2702462405624,68.12736048129727,7.157566709592743,11.068343091408956,-3.9107763818162136,20.86037072302236,3185727360.0,0.029667790308347146
2022-01-07 00:00:00+05:30,762.7933746727797,764.861478041536,745.2118575395054,752.5166015625,11659510,0.0,0.0,692.7127471923828,707.1230444884815,64.66922661113372,10.089759579937663,11.200428769403102,-1.1106691894654386,20.773888564380087,3174067850.0,-0.013472551612929496
2022-01-10 00:00:00+05:30,755.1349033940238,762.3070629590763,753.538371703947,759.5855712890625,6390600,0.0,0.0,695.230599975586,709.1803984806612,66.16610750288841,12.835985088110988,11.157323422061141,1.6786616660498468,19.989358052394106,3180458450.0,0.005893871247421821
2022-01-11 00:00:00+05:30,760.3420510632551,762.4003199236773,743.8363226991673,753.5481567382812,10379120,0.0,0.0,698.1974456787109,710.9203105691954,63.68442130273698,14.3596901222229,10.144822764938443,4.214867357284458,19.8875465646881,3170079330.0,-0.008935313146857169
2022-01-12 00:00:00+05:30,759.0647653510985,773.1142910451653,755.7046972599318,763.829833984375,14584040,0.0,0.0,702.7524719238281,712.995193840379,66.02170039386753,16.21002370279996,9.5961250764124,6.613898626387558,19.864588546273524,3184663370.0,0.006277552128338486
2022-01-13 00:00:00+05:30,769.0861813997037,771.2034569216554,763.7808195198571,767.1556396484375,6163740,0.0,0.0,706.5816955566406,715.1191328916755,66.76678828311707,17.740292074427316,8.901114758431806,8.83917731599551,18.975877750239576,3190827110.0,-0.0025101760998393133
2022-01-14 00:00:00+05:30,763.8789558843653,770.8643812048858,759.3103953772902,769.4987182617188,5696350,0.0,0.0,711.155630493164,717.2516656512851,67.31064794710268,18.923963969218562,8.067829322578442,10.85613464664012,18.445742612907864,3196523460.0,0.007356875502411657
2022-01-17 00:00:00+05:30,768.2509812175473,777.1424217104394,766.4874447248447,771.5029907226562,6797740,0.0,0.0,717.141146850586,719.3791685952605,67.79613440887522,19.79556950795643,7.151547889053047,12.644021618903382,17.88925935381406,3203321200.0,0.004233004037241938
2022-01-18 00:00:00+05:30,776.1550754520562,780.5811571694632,758.0872354084555,760.8333129882812,11300240,0.0,0.0,722.871224975586,721.0048213165554,62.47666995606035,19.40171842122868,5.406157441860238,13.995560979368442,18.218163811470745,3192020960.0,-0.01974059430694447
2022-01-19 00:00:00+05:30,771.2476074384573,790.4059874958457,734.208060667663,743.9149780273438,50003170,0.0,0.0,726.8040954589844,721.9032588346255,55.094826978678775,17.522432662136566,2.8214973462144997,14.700935315922067,20.931004026950177,3142017790.0,-0.03543949977607495
2022-01-20 00:00:00+05:30,747.6680871796227,751.5980114223539,727.1342090249979,739.8328247070312,29103830,0.0,0.0,729.8129425048828,722.6063790649159,53.45370405882921,15.524730077043614,0.6590358088972366,14.865694268146378,21.183346767693454,3112913960.0,-0.010479599981521068
2022-01-21 00:00:00+05:30,727.2815419837447,736.7625073819752,717.785884944953,724.4569091796875,13704500,0.0,0.0,732.3759887695312,722.6789488733383,47.691275186467145,12.556089718142402,-1.847683640003181,14.403773358145584,21.245031981578084,3099209460.0,-0.0038838230327592894
2022-01-24 00:00:00+05:30,722.1235295055137,722.1235295055137,669.8260854625161,681.03125,25025820,0.0,0.0,732.577392578125,721.0457057802662,35.91528962729396,6.622987397339898,-6.22462876864455,12.847616165984448,23.629731391263324,3074183640.0,-0.05690477851296765
2022-01-25 00:00:00+05:30,677.9118548482095,687.3436479727898,663.3907576375495,684.1751708984375,25259340,0.0,0.0,732.8578887939453,719.599802451567,37.12572387215385,2.149866876958754,-8.558199431220554,10.708066308179308,23.652814172975962,3099442980.0,0.009239130434782595
2022-01-27 00:00:00+05:30,670.4057390781174,678.1427771644292,659.0580952113701,671.7222900390625,17610280,0.0,0.0,732.491177368164,717.7222529451943,34.35755882453255,-2.3726068400645772,-10.46453851859511,8.091931678530532,23.757404281125353,3081832700.0,0.00196381218746047
2022-01-28 00:00:00+05:30,683.9098900774196,692.2167833920226,672.508217715603,674.6942138671875,14675220,0.0,0.0,732.4722595214844,716.034878863704,35.591829854758714,-5.651740679476575,-10.994937886405687,5.343197206929111,23.52433921482784,3096507920.0,-0.013474986023654212
2022-01-31 00:00:00+05:30,685.761969929767,695.1938244216467,680.8692332655708,687.7613525390625,12512490,0.0,0.0,732.5850036621093,714.9261131254827,40.857492758586694,-7.114062503715559,-9.965807768515736,2.851745264800177,23.30828716765865,3109020410.0,0.0029155635584461608
2022-02-01 00:00:00+05:30,695.1937558943006,699.113845482538,676.5363913673309,689.171142578125,13834490,0.0,0.0,731.5779571533203,713.9161142804884,41.413992054829,-8.066222419832798,-8.73437414770638,0.6681517278735822,23.256084806769252,3122854900.0,-0.008663215492245123
2022-02-02 00:00:00+05:30,697.5615396107636,715.246198361459,697.0702990899109,712.0482177734375,13398210,0.0,0.0,731.1085784912109,713.8428634370747,49.68720294470569,-6.895342026055459,-6.050795003143233,-0.8445470229122262,23.457439876523882,3136253110.0,0.020767598756602057
2022-02-03 00:00:00+05:30,712.5934516533247,715.9388282154066,697.5615044657599,698.6078491210938,8398560,0.0,0.0,728.3568939208984,713.2454118952716,45.6119532459978,-6.971572356176921,-4.901620266611756,-2.0699520895651653,23.094574438889797,3127854550.0,-0.019626341639517195
2022-02-04 00:00:00+05:30,696.5790586599636,706.2466984965943,693.1403750135463,703.2992553710938,8232080,0.0,0.0,725.4593139648438,712.8553665413822,47.2386337145754,-6.577605622156057,-3.6061228260727125,-2.971482796083344,22.38112794204395,3136086630.0,0.009647428569067305
2022-02-07 00:00:00+05:30,703.9476307771974,703.9476307771974,676.0451466176805,680.9182739257812,11830120,0.0,0.0,721.8793975830079,711.6029315368488,40.94677124988538,-7.979361195160095,-4.0063027192614005,-3.973058475898694,22.775510529006304,3124256510.0,-0.0327145881945657
2022-02-08 00:00:00+05:30,687.7367350837172,702.1792185136522,679.3561429425725,693.140380859375,16405420,0.0,0.0,718.5571380615235,710.8789099416538,45.23645322108432,-8.01168696055845,-3.2309027877278043,-4.7807841728306455,22.778908032011547,3140661930.0,0.007857142857142837
2022-02-09 00:00:00+05:30,700.3664260934518,703.2500052323022,694.614019421552,699.2660522460938,6491660,0.0,0.0,715.8430328369141,710.4235037575141,47.302608081157665,-7.4570545925076885,-2.141016335741634,-5.3160382567660545,21.873959199219808,3147153590.0,-0.0015711402008456476
2022-02-10 00:00:00+05:30,701.0002691293729,711.3163207423489,694.1229013873889,701.19677734375,12442000,0.0,0.0,712.7113800048828,710.0616713491313,47.96893210426333,-6.783514927783017,-1.1739813368135694,-5.6095335909694475,21.539634924629826,3159595590.0,0.0002803254478363655
2022-02-11 00:00:00+05:30,691.6666151627749,695.5916219103556,679.9799846280094,688.8763427734375,12764610,0.0,0.0,708.7974151611328,709.2308741500846,44.1339818928017,-7.161334587208444,-1.2414407969911965,-5.919893790217247,21.51657476685202,3146830980.0,-0.004034129056063673
2022-02-14 00:00:00+05:30,669.0696218778388,680.8593949505761,662.5901878769059,666.7067260742188,11697660,0.0,0.0,703.6578155517578,707.5632605000505,38.213779970879926,-9.144252922169471,-2.579487305561779,-6.564765616607692,21.85725906182913,3135133320.0,-0.0035316142391702983
2022-02-15 00:00:00+05:30,668.087091138043,706.8950912850323,666.7066765264063,701.69287109375,13468200,0.0,0.0,700.1673095703125,707.333049150784,49.68443785812259,-7.80269585629685,-0.9903441917513263,-6.812351664545524,23.166627325886047,3148601520.0,0.05030149572035849
2022-02-16 00:00:00+05:30,705.9125325937896,709.8375390250682,692.6490403321109,694.4764404296875,10540410,0.0,0.0,696.8494659423828,706.8288684166234,47.716652591262154,-7.238368454740112,-0.34081343215567017,-6.8975550225844415,22.739618137819708,3138061110.0,-0.016200437924060597
2022-02-17 00:00:00+05:30,699.5265013806581,700.3124742204934,685.9682750043784,695.8372802734375,9036160,0.0,0.0,694.4455810546875,706.3978257443417,48.133820449602574,-6.605186047697202,0.23389517990979147,-6.839081227606994,22.139945357697943,3147097270.0,-0.005273883262377074
2022-02-18 00:00:00+05:30,689.7016543330524,699.1334478418529,688.7191733439739,690.6939697265625,7625170,0.0,0.0,691.988638305664,705.7819882534485,46.61977793857895,-6.4441227690216465,0.3159667668682786,-6.760089535889925,21.302397439139444,3139472100.0,0.001438760349893177
2022-02-21 00:00:00+05:30,687.7367716437482,695.6850701467357,678.992665846494,688.3606567382812,8166640,0.0,0.0,690.1838256835938,705.0987987822655,45.914192481485394,-6.430629523893458,0.26356800959717397,-6.694197533490632,20.973112214932463,3131305460.0,0.0009071568080356417
2022-02-22 00:00:00+05:30,668.0871208757842,691.2884015157744,667.0064156960156,688.8518676757812,12587320,0.0,0.0,690.5748565673828,704.46166422907,46.09914268201715,-6.307589447666146,0.30928646865958953,-6.616875916325736,21.209460329562916,3143892780.0,0.031080896714154434
2022-02-23 00:00:00+05:30,693.6315637668365,699.2660777294204,690.4335834170718,692.1136474609375,7952280,0.0,0.0,690.9717803955078,703.9774282773786,47.385750424781115,-5.879110209097462,0.59021256578262,-6.469322774880082,20.438371024139794,3151845060.0,-0.0021883610625442257
2022-02-24 00:00:00+05:30,668.0871182471147,677.9315976197804,647.6957191274632,651.1688232421875,19300400,0.0,0.0,689.9441070556641,701.906502589724,35.82540816181965,-8.742662478847592,-1.8186717631740077,-6.923990715673584,22.151196546235116,3132544660.0,-0.025323486328125006
2022-02-25 00:00:00+05:30,668.0871152625986,686.749338045347,664.0589669363396,684.7303466796875,14132810,0.0,0.0,690.445913696289,701.232927848154,47.19673291249719,-8.209282330744713,-1.0282332920569033,-7.18104903868781,23.11043356458686,3146677470.0,0.024911768296185667
2022-02-28 00:00:00+05:30,673.9820209389912,690.1929587604101,668.735545586342,687.9627075195312,15808910,0.0,0.0,690.4559814453125,700.7125270509531,48.14966589832199,-7.439986679557023,-0.20715011269537076,-7.2328365668616525,22.992360679549805,3162486380.0,0.020743411762026126
2022-03-02 00:00:00+05:30,679.6802741761987,681.4831482142184,664.3535961327103,671.186767578125,16080090,0.0,0.0,689.5567626953125,699.55465413045,43.73791159689812,-8.090727612789124,-0.6863128367419762,-7.4044147760471475,23.036414301497743,3146406290.0,-0.012496326465216643
2022-03-03 00:00:00+05:30,679.8768376638641,682.2642592476162,660.7184585678448,663.0125732421875,13339990,0.0,0.0,687.10498046875,698.1216313505181,41.73147890746079,-9.16043783385453,-1.4048184462459057,-7.755619387608625,22.929941899945867,3133066300.0,-0.02480488154240429
2022-03-04 00:00:00+05:30,657.122692398166,658.0658358861729,638.6127218894861,642.3363037109375,19965090,0.0,0.0,684.2914031982422,695.9339714430836,37.095896240846045,-11.543526455884603,-3.030325654620782,-8.513200801263821,23.034935432285547,3113101210.0,-0.02250171673917645
2022-03-07 00:00:00+05:30,623.8754140425701,625.8403759765625,599.3133898676658,601.7695922851562,28435880,0.0,0.0,679.2149200439453,692.2412506917924,30.044332771571813,-16.515159462028805,-6.401566928611986,-10.113592533416819,24.462648175927416,3084665330.0,-0.03543307086614169
2022-03-08 00:00:00+05:30,602.0643677771682,610.8428334484546,580.9311910663407,605.3900756835938,28857830,0.0,0.0,675.438510131836,688.8353222600983,31.299498008714927,-19.933293090761822,-7.855760445876001,-12.077532644885821,24.851862047797876,3113523160.0,0.0055238411113817405
2022-03-09 00:00:00+05:30,611.0541289641665,641.0689144200826,601.4601866806875,635.910888671875,22801310,0.0,0.0,672.577035522461,686.7598542762464,40.92257151795434,-19.949449249926033,-6.297533284032168,-13.651915965893865,25.905923882911964,3136324470.0,0.0406784907089077
2022-03-10 00:00:00+05:30,667.4976302039697,667.4976302039697,638.7108882922347,646.9539184570312,20915610,0.0,0.0,669.9614288330079,685.1988371852968,43.98011695584013,-18.85383760544198,-4.161537311638492,-14.69230029380349,26.311696572139304,3157240080.0,-0.030777205517060566
2022-03-11 00:00:00+05:30,643.525015159796,656.788507838662,637.6350467267105,651.1883544921875,12647710,0.0,0.0,667.4610076904297,683.8650927659593,45.152316751003696,-17.442804096498207,-2.2004030421557736,-15.242401054342434,25.800394039268745,3169887790.0,0.011908378309875942
2022-03-14 00:00:00+05:30,648.5357608961331,657.1816426924553,638.6127256076617,654.8678588867188,12668460,0.0,0.0,665.7605834960938,682.7279463393224,46.20567080762603,-15.84499340022353,-0.48207387670487734,-15.362919523518652,25.28385997109195,3182556250.0,0.009763683627616957
2022-03-15 00:00:00+05:30,656.0222369297531,663.1747279646116,648.9287523268533,654.9759521484375,14792700,0.0,0.0,665.1740447998047,681.6396328416407,46.238335815513956,-14.403954863458353,0.7671717280482397,-15.171126591506592,24.495439661568117,3197348950.0,-0.0015948922497084268
2022-03-16 00:00:00+05:30,666.1220954743457,677.8529206162901,662.5213243188269,672.075927734375,16335960,0.0,0.0,663.6931976318359,681.2645855825323,51.27853985645214,-11.746687816533836,2.7395510199782063,-14.486238836512042,24.379834576302724,3213684910.0,0.008938049496450976
2022-03-17 00:00:00+05:30,682.5983538885162,693.3270297804213,680.8691777078084,687.1865234375,16706780,0.0,0.0,663.3287017822265,681.4968184395898,55.269268462127584,-8.325514400984389,4.928579548422123,-13.254093949406512,24.156353681284404,3230391690.0,0.006721624104199341
2022-03-21 00:00:00+05:30,687.736698463807,689.5788503346921,672.9994834967254,675.0037231445312,9620190,0.0,0.0,662.2870239257812,681.2421872515482,51.59958716569481,-6.5220775386569585,5.385613128599644,-11.907690667256603,23.61514033533314,3220771500.0,-0.01851431710379467
2022-03-22 00:00:00+05:30,674.9644666675695,688.7192010683642,664.8449240658757,686.3416137695312,12737960,0.0,0.0,662.0694061279297,681.4421647620574,54.619430384455256,-4.130355644655197,6.221868018081125,-10.352223662736321,23.63365009727281,3233509460.0,0.016855920072552804
2022-03-23 00:00:00+05:30,692.6491465638447,697.95456826856,684.7892980921982,688.2083129882812,11767500,0.0,0.0,662.0617889404297,681.7075039081839,55.115970041377814,-2.0605194009111756,6.633363409460117,-8.693882810371292,22.885908674350592,3245276960.0,-0.0064113752216312814
2022-03-24 00:00:00+05:30,684.6910685030156,691.2294487158746,676.0697732931953,687.4960327148438,7837160,0.0,0.0,661.9939971923828,681.9345050378569,54.86926705296605,-0.47219120439569906,6.577353284780475,-7.049544489176174,22.33403487065978,3237439800.0,0.004096685849810855
2022-03-25 00:00:00+05:30,693.5333783984856,694.3635460796279,681.8418302337725,685.1331176757812,7023730,0.0,0.0,661.644970703125,682.0599408275795,54.00565623157726,0.5891119231416724,6.1109251298542775,-5.521813206712605,21.63315494031661,3230416070.0,-0.012112265947606381
2022-03-28 00:00:00+05:30,686.754224836794,691.17538937437,674.9644527365916,687.874267578125,9369730,0.0,0.0,663.4802429199219,682.2879536413263,54.89262000469107,1.6325709249816782,5.723507305355427,-4.090936380373749,21.245853632992446,3239785800.0,0.0016309222438305915
2022-03-29 00:00:00+05:30,691.6667079096641,693.6316701480439,686.2139496913381,691.6028442382812,7159500,0.0,0.0,663.8238677978516,682.6532434686578,56.13183288395905,2.728927301877661,5.455890945801128,-2.7269636439234666,20.258129834686255,3246945300.0,-9.233301336105381e-05
2022-03-30 00:00:00+05:30,697.561497432422,714.700885364537,697.4632733205442,712.48046875,12722540,0.0,0.0,665.049755859375,683.82293857773,62.36628257624496,5.222248614604041,6.359369806822006,-1.1371211922179651,20.460980641226936,3259667840.0,0.021387320505061702
2022-03-31 00:00:00+05:30,716.027179755546,731.4570597060775,711.3800640992141,713.2762451171875,16330110,0.0,0.0,667.1542297363281,684.9779702067284,62.584552660424166,7.1796734146684,6.653435685509092,0.5262377291593079,20.4335531387724,3275997950.0,-0.0038419416415136957
2022-04-01 00:00:00+05:30,710.3288251688897,731.8500996325079,709.380764612316,727.8317260742188,8715130,0.0,0.0,670.3951873779297,686.6585096525124,66.4208083048375,9.792569691465928,7.413065569845296,2.379504121620632,20.578966130302355,3284713080.0,0.024640561223413
2022-04-04 00:00:00+05:30,731.8501268611851,745.7915347636381,729.9833889595925,735.942138671875,10497590,0.0,0.0,675.0754791259766,688.591200986605,68.36705250056059,12.3750988939953,7.996475817899734,4.3786230760955664,20.391883455953568,3295210670.0,0.005591324863520918
2022-04-05 00:00:00+05:30,730.4746621627203,734.8909096941939,720.1586111167102,725.9011840820312,10720820,0.0,0.0,681.2820587158203,690.0543375785826,63.46290233101538,13.456433385744617,7.26224824771924,6.194185138025377,20.0627151773258,3284489850.0,-0.006260967447040952
2022-04-06 00:00:00+05:30,722.1235020344775,729.4921091980946,717.2110972587327,721.8238525390625,7670310,0.0,0.0,687.1037475585938,691.3002009103661,61.53267523378376,13.825025888550726,6.104672600420279,7.720353288130448,19.506879231756947,3276819540.0,-0.00041495602147108903
2022-04-07 00:00:00+05:30,718.193645334698,722.7130341644039,714.26372114682,716.2483520507812,7182660,0.0,0.0,691.1206207275391,692.2785597786177,58.89477852544313,13.511489766173554,4.632909182434485,8.878580583739069,18.717053073601733,3269636880.0,-0.0027085916125172147
2022-04-08 00:00:00+05:30,719.9915963637118,729.4921712172656,713.2812340791041,723.7544555664062,8819730,0.0,0.0,694.9606475830078,693.5129086330409,61.300121261917646,13.710642204119608,3.865649296304431,9.844992907815177,18.53804479249886,3278456610.0,0.00522625433643759
2022-04-11 00:00:00+05:30,721.6372611651504,725.4640441115301,716.719938625834,720.8119506835938,5975080,0.0,0.0,698.4418273925781,694.58345930169,59.822271783017186,13.47569694742424,2.9045632316872485,10.571133715736991,17.83847769915581,3272481530.0,-0.0011436638959359694
2022-04-12 00:00:00+05:30,717.2062078842985,717.2062078842985,709.3512771403815,714.705810546875,8055980,0.0,0.0,701.433724975586,695.3725711152267,56.76399972487893,12.650954334293147,1.663856494844925,10.987097839448221,17.382920259445555,3264425550.0,-0.0034863018612170675
2022-04-13 00:00:00+05:30,718.488370209704,725.0710051493587,715.4476201844701,720.0062866210938,6723170,0.0,0.0,704.6852416992188,696.3385991742804,58.73604491175691,12.283448049763024,1.0370801682518422,11.246367881511182,16.881654141091136,3271148720.0,0.0021126527224743724
2022-04-18 00:00:00+05:30,713.8215796892081,724.5797589508757,710.4909546087948,713.4237060546875,7582220,0.0,0.0,706.7526306152344,697.0086033656689,55.359082527066576,11.330427319551518,0.06724755043226871,11.26317976911925,16.682164869733256,3263566500.0,-0.0005573852708316968
2022-04-19 00:00:00+05:30,717.2111796766903,731.2901501722986,702.5721877763873,713.237060546875,11911100,0.0,0.0,708.0551574707031,697.6450134512065,55.26206400214876,10.439747877086802,-0.6587455136259575,11.09849339071276,17.541864693031687,3251655400.0,-0.005541072479666055
2022-04-20 00:00:00+05:30,714.7500582149645,716.6904343336957,683.8068218427835,690.9298095703125,15581810,0.0,0.0,708.8514617919922,697.381672122544,45.09095302442829,7.84345481289904,-2.6040308622509762,10.447485675150016,18.637703821451726,3236073590.0,-0.03332668304237891
2022-04-21 00:00:00+05:30,697.4633349749312,706.1091563902615,692.3838646719954,701.3048095703125,8753430,0.0,0.0,709.5996215820312,697.5355206499075,49.72558303479192,6.54757329750521,-3.119929902115846,9.667503199621056,18.390678321344392,3244827020.0,0.005507779983186359
2022-04-22 00:00:00+05:30,695.5965347705325,708.0740552264002,694.7516155184134,698.61767578125,8079870,0.0,0.0,710.1200897216797,697.5779581060386,48.58183349421312,5.243307041046364,-3.539356926859753,8.782663967906117,18.02866127753314,3236747150.0,0.004343237580552604
2022-04-25 00:00:00+05:30,687.7367470156113,695.1004378167432,682.8243416797854,688.277099609375,6849530,0.0,0.0,710.1591430664063,697.2132185571498,44.353945808369446,3.3368039598416317,-4.35668800645159,7.693491966293221,17.868995050671096,3229897620.0,0.0007856968470981651
2022-04-26 00:00:00+05:30,700.607203738497,713.5710482220618,697.2668041910822,711.3703002929688,10124190,0.0,0.0,711.4710021972656,697.7683982330644,53.984985609730856,3.6472713557674297,-3.236976488420634,6.884247844188064,18.39934887652936,3240021810.0,0.0153625262444334
2022-04-27 00:00:00+05:30,697.5615535498271,697.5615535498271,657.1668543074657,659.6475830078125,39843570,0.0,0.0,710.05966796875,696.2734643026624,38.08557032128374,-0.2770780332009508,-5.729060701911211,5.451982668710261,20.956784384313202,3200178240.0,-0.05435215050066024
2022-04-28 00:00:00+05:30,662.9782043993162,668.578358410035,646.4725346565805,660.9788818359375,24990940,0.0,0.0,708.5284698486328,694.8893630294575,38.586928245973816,-3.2423526846140476,-6.955468282659448,3.7131155980453996,21.03885862496615,3225169180.0,-0.0030156686149133945
2022-04-29 00:00:00+05:30,668.0871134655807,670.4057543499138,653.4481218459371,655.49169921875,13375170,0.0,0.0,705.6790313720703,693.3443566055082,37.248118410723094,-5.966347646669078,-7.743570595771582,1.7772229491025044,20.747342473466905,3211794010.0,-0.018852951947380486
2022-05-02 00:00:00+05:30,643.5250091099311,653.3350668035598,641.1179188384056,651.006591796875,12387410,0.0,0.0,702.5655487060546,691.684052103209,36.144228499206186,-8.390325515019526,-8.134038771297625,-0.25628674372190163,20.29208803824387,3199406600.0,0.011625939289122172
2022-05-04 00:00:00+05:30,651.3751106504251,655.0987522589999,617.9805888989035,622.868408203125,16491150,0.0,0.0,697.3173828125,688.9853994012449,30.114416509374916,-12.438478655650101,-9.74575352954256,-2.692725126107542,21.493950561233333,3182915450.0,-0.04376388041421319
2022-05-05 00:00:00+05:30,628.7878377190093,638.3621102320071,617.9805467582138,619.8914794921875,14860280,0.0,0.0,691.5148498535157,686.2758339146152,29.55269765480062,-15.7058353592314,-10.410488186499087,-5.295347172732313,21.414494340701903,3168055170.0,-0.014148426055908192
2022-05-06 00:00:00+05:30,609.2364691518073,609.6344027567844,587.0324216256266,589.5181274414062,30648650,0.0,0.0,684.6956970214844,682.4814140529207,24.526024193617538,-20.509691796467223,-12.171475698987928,-8.338216097479295,22.231963163977547,3137406520.0,-0.032365662117787214
2022-05-09 00:00:00+05:30,585.6568615631404,602.7766398339464,573.0369227324633,593.1188354492188,19356480,0.0,0.0,678.2604461669922,678.9769992057168,26.13012179743872,-23.7524323344594,-12.331372989584082,-11.421059344875317,22.768231302370808,3156763000.0,0.012741204578670944
2022-05-10 00:00:00+05:30,589.4886037228621,600.5955443021012,579.6637936608145,582.4589233398438,11779330,0.0,0.0,671.5709747314453,675.1919766227413,24.47186769438391,-26.872721387657293,-12.36132963422558,-14.511391753431713,22.637054112293374,3144983670.0,-0.011925048828124953
2022-05-11 00:00:00+05:30,585.2639485199786,589.154534933901,563.6493663417183,570.5267333984375,18613390,0.0,0.0,663.9095886230468,671.0874572806118,22.73281001558109,-29.96300606696832,-12.361291450829285,-17.601714616139034,22.84191943228547,3126370280.0,-0.02518045944707295
2022-05-12 00:00:00+05:30,564.9265808234562,566.3757163270419,540.9442457512259,549.5409545898438,24940440,0.0,0.0,655.3460388183594,666.3209277633267,20.03601555766319,-33.716789739855244,-12.89206009897297,-20.824729640882275,23.323388590494478,3101429840.0,-0.027234735903532557
2022-05-13 00:00:00+05:30,560.0141252549932,564.8283057566938,540.3645068249934,541.9119262695312,21053150,0.0,0.0,646.7063446044922,661.442143391021,19.146775165553358,-36.882134879607975,-12.845924190980558,-24.036210688627417,23.404846472009183,3080376690.0,-0.03232453998766452
2022-05-16 00:00:00+05:30,547.7331961680204,561.1882816088075,539.1855988714142,554.6498413085938,14149550,0.0,0.0,638.4385223388672,657.2542099760238,25.12227535068907,-37.925666938923655,-11.111565000236986,-26.81410193868667,23.304691919536623,3094526240.0,0.012627763277746663
2022-05-17 00:00:00+05:30,556.0842917357812,574.6532081493552,555.2983188643143,573.503662109375,14017700,0.0,0.0,631.4425201416016,653.969874765567,33.013589531990675,-36.80703920711255,-7.994349814740705,-28.812689392371848,23.068882985338398,3108543940.0,0.03132505383171379
2022-05-18 00:00:00+05:30,578.6764192986003,585.2344682920872,568.8565260341927,571.3323974609375,16550940,0.0,0.0,624.3472869873046,650.7291893810717,32.58765013604848,-35.68437432699784,-5.497347947700792,-30.18702637929705,22.59095864766383,3091993000.0,-0.01269106808700503
2022-05-19 00:00:00+05:30,555.2000352948552,564.4353814493983,551.2701109679664,560.7019653320312,10650250,0.0,0.0,617.8358947753907,647.1987100065995,30.512024935195175,-35.246145723777886,-4.047295475584669,-31.198850248193217,22.41033920804292,3081342750.0,0.009909815719399416
2022-05-20 00:00:00+05:30,573.7688164484323,573.9604074101031,561.1930735605453,566.8521728515625,10986100,0.0,0.0,611.1132629394531,644.0478654122844,33.16435499787741,-34.01052390233224,-2.2493389233112175,-31.76118497902102,21.756632270187847,3092328850.0,-0.012054756896136453
2022-05-23 00:00:00+05:30,572.2952401744885,580.277899103961,567.009487064533,569.2495727539062,9680210,0.0,0.0,604.6448577880859,641.1145990335245,34.218396626154124,-32.46361423346468,-0.5619434035549276,-31.901670829909754,21.161567554631464,3102009060.0,-0.00532184649946359
2022-05-24 00:00:00+05:30,568.168793482683,573.0811988559828,562.4704152428324,569.7211303710938,10840690,0.0,0.0,598.7170593261719,638.3148551644096,34.43741706213825,-30.8440751190667,0.8460765686744445,-31.690151687741146,20.407940130239965,3112849750.0,0.00273217555454861
2022-05-25 00:00:00+05:30,573.6707174749458,577.4729143968065,570.0158567332103,572.531005859375,8675980,0.0,0.0,591.7750946044922,635.7350963681337,35.8089049094085,-28.99955639938696,2.152476230683348,-31.15203263007031,19.50392897991659,3121525730.0,-0.0019867000020279174
2022-05-26 00:00:00+05:30,574.7514510247922,577.2518486665796,555.4358987308985,571.587890625,12595460,0.0,0.0,587.3721099853516,633.2195196723245,35.54017387446757,-27.299175638854308,3.082285592972802,-30.38146123182711,19.669073333899767,3108930270.0,-0.005504223424145422
2022-05-27 00:00:00+05:30,579.66380203162,597.0537280857451,575.8370192681084,588.8499755859375,16258050,0.0,0.0,583.7656646728516,631.4795375512897,43.846630126575604,-24.27883435507033,4.882101501405426,-29.160935856475756,20.08312791438872,3125188320.0,0.015847416247351642
2022-05-30 00:00:00+05:30,598.1344551127366,601.9661552188558,593.5266165598196,600.413818359375,8174840,0.0,0.0,581.0117706298828,630.2612740535675,48.62290999315047,-20.713316440206768,6.758095533015194,-27.47141197322196,19.585488751426542,3133363160.0,0.003810787402656379
2022-05-31 00:00:00+05:30,600.2959368268624,606.1122080004324,591.1048455592924,597.5597534179688,15489660,0.0,0.0,578.3394287109375,628.9788614796224,47.54795049835168,-17.911445004340862,7.647973575104881,-25.559418579445744,19.258479729263218,3117873500.0,-0.004558057519691077
2022-06-01 00:00:00+05:30,595.3834932969637,602.2608603812521,587.2534389359699,590.48583984375,8876200,0.0,0.0,576.7203002929688,627.4693312193922,44.89845531181511,-16.076428352482367,7.586392181570705,-23.662820534053072,18.954832708978856,3108997300.0,-0.008226048434921706
2022-06-02 00:00:00+05:30,590.1763635780998,597.3484630658121,584.4975944712517,595.1722412109375,7508090,0.0,0.0,575.4843383789063,626.2027786700411,47.00527977080371,-14.081686099057038,7.66490754799683,-21.746593647053867,18.518835272234682,3116505390.0,0.008465058821652747
2022-06-03 00:00:00+05:30,601.7696874117548,605.9943442444882,590.8641709405259,592.25927734375,10434650,0.0,0.0,575.6213958740234,624.8716609709709,45.83223150794247,-12.590751979948777,7.324673333684075,-19.915425313632852,18.27678798878665,3106070740.0,-0.015804069674744896
2022-06-06 00:00:00+05:30,590.2942742803273,594.4010378916727,580.7445272496258,591.5518188476562,7376570,0.0,0.0,575.5430450439453,623.5650004955468,45.53502020289031,-11.335592285407756,6.863866422580077,-18.199458707987834,17.94676817830524,3098694170.0,0.002130368906020893
2022-06-07 00:00:00+05:30,587.5237133413723,588.5012772644601,573.1450924679822,577.5613403320312,8969820,0.0,0.0,575.2981658935547,621.7609353910951,40.00949373586577,-11.339074089672977,5.488307694651887,-16.827381784324864,17.979622335545873,3089724350.0,-0.016956546234845403
2022-06-08 00:00:00+05:30,579.6637925688264,594.7940240222298,570.0600167649139,584.9986572265625,13341460,0.0,0.0,576.021762084961,620.3192774238586,43.90631513349233,-10.619291544850626,4.966472191579392,-15.585763736430017,18.462078401386584,3103065810.0,0.009203377416578444
2022-06-09 00:00:00+05:30,580.1550206929007,582.7683937237357,575.2426157759413,579.5213012695312,12376740,0.0,0.0,577.5207794189453,618.7193567903556,41.755132879673695,-10.371281860495515,4.171585500747604,-14.542867361243118,17.840218619189056,3090689070.0,-0.0010923277413209488
2022-06-10 00:00:00+05:30,572.2952444163197,573.2777255226139,555.3376109271413,556.8211669921875,21518910,0.0,0.0,578.2662414550781,616.2919767982706,34.26282622932499,-11.8696179548715,2.1385995250972947,-14.008217479968796,18.293323742274833,3069170160.0,-0.027038626609442052
2022-06-13 00:00:00+05:30,542.8257041707841,545.6700060354746,523.1711657204837,526.4379272460938,19327850,0.0,0.0,576.8556457519531,612.7682885805382,27.222097691128003,-15.331995923602335,-1.059022754906831,-14.272973168695504,19.390229280091187,3049842310.0,-0.030189758515072846
2022-06-14 00:00:00+05:30,525.3325937356632,536.5328409651576,519.1625843772457,528.1572265625,18845410,0.0,0.0,574.5883239746094,609.4502077170857,28.12219879219187,-17.732809532853707,-2.7678690913265633,-14.964940441527144,19.245945516364092,3068687720.0,0.0053768467072464144
2022-06-15 00:00:00+05:30,532.3082076312351,540.3547296288441,530.1614889891187,538.8859252929688,16599430,0.0,0.0,572.9660003662109,606.6829809553557,33.637799054294234,-18.555854945843862,-2.8727316034533725,-15.68312334239049,18.742485341362663,3085287150.0,0.012356972083906894
2022-06-16 00:00:00+05:30,546.7507067574957,551.6581948268084,516.2790424643649,519.1331787109375,21796860,0.0,0.0,570.8875610351563,603.2496553771432,29.195755224912006,-20.564946037256504,-3.905458155892809,-16.659487881363695,19.930818700011294,3063490290.0,-0.05051210305761446
2022-06-17 00:00:00+05:30,512.8550849940046,537.9083506402635,512.8550849940046,532.4605102539062,19379390,0.0,0.0,569.1679779052735,600.4736104703496,35.39477867610439,-20.841512939781637,-3.3456200467343535,-17.495892893047284,20.296707767600406,3082869680.0,0.03822800208782331
2022-06-20 00:00:00+05:30,533.2906766488027,541.3470328698055,525.8238450093648,537.4613037109375,11194560,0.0,0.0,567.578564453125,598.0025396170394,37.60233956027947,-20.421762596871076,-2.3406957630590313,-18.081066833812045,19.95574205994614,3094064240.0,0.007820551239228552
2022-06-21 00:00:00+05:30,542.8207503920872,546.6524502635602,535.9433834187938,545.1934204101562,10023590,0.0,0.0,566.3521789550781,595.9315937657891,40.961454663904306,-19.24336469867717,-0.9298382918921,-18.31352640678507,19.295265258861875,3104087830.0,0.004371000954468307
2022-06-22 00:00:00+05:30,543.4594232777332,543.4594232777332,531.0310138605992,534.430419921875,8983460,0.0,0.0,564.4471496582031,593.5197830268121,37.90268875158397,-18.95940781227796,-0.5167051243943099,-18.44270268788365,18.928632493911532,3095104370.0,-0.016613942033431195
2022-06-23 00:00:00+05:30,535.0199092977556,539.8733683655923,524.9396435441035,535.2704467773438,11018570,0.0,0.0,562.6312774658203,591.2354953307545,38.29000957221358,-18.453862151417525,-0.00892757082710105,-18.444934580590424,18.643281945881338,3106122940.0,0.0004682769280810608
2022-06-24 00:00:00+05:30,541.347026150823,551.8251643342466,535.9433806992267,548.98583984375,13049330,0.0,0.0,560.638070678711,589.57864609597,44.38900723184969,-16.753373515515364,1.353248852060048,-18.10662236757541,18.494098775240015,3119172270.0,0.014110752112636085
2022-06-27 00:00:00+05:30,560.0141757538132,562.4703782790492,548.9858504018563,554.2371826171875,10490080,0.0,0.0,558.3292388916016,588.192706351704,46.56653218447752,-14.811249679072489,2.6362981508023395,-17.44754782987483,18.136273036672815,3129662350.0,-0.010315798040021995
2022-06-28 00:00:00+05:30,550.8770980410072,552.0560872113857,542.8207420036147,547.85595703125,7395000,0.0,0.0,555.8440490722656,586.6108730450195,44.29670730784025,-13.629897151061755,3.054120543050459,-16.684017694112214,17.656285006451387,3122267350.0,-0.00548423781003206
2022-06-29 00:00:00+05:30,538.8908662279682,545.6700095889313,536.4346635560084,541.6221923828125,7559820,0.0,0.0,553.4008666992188,584.8466110582663,42.13596778964738,-13.046289961172988,2.9101821863513813,-15.95647214752437,17.210928468507827,3114707530.0,0.005068421689835885
2022-06-30 00:00:00+05:30,543.5942271522717,545.8029880280045,530.2035391128672,532.520751953125,11982750,2.0,0.0,550.2682922363281,582.7946165835549,39.134490470274514,-13.166413023757286,2.232047299013667,-15.398460322770953,17.095822786124216,3102724780.0,-0.020370847676505655
2022-07-01 00:00:00+05:30,528.9216718011273,555.5403095673037,526.067013895326,553.612548828125,12218900,0.0,0.0,548.3359558105469,581.6502217696166,48.32160700986159,-11.427945438616803,3.176411907323322,-14.604357345940125,17.979927992256606,3114943680.0,0.046681537821882536
2022-07-04 00:00:00+05:30,553.4646279672072,557.019408976799,546.3748665567116,555.180419921875,7898180,0.0,0.0,546.5173858642578,580.6121903246071,48.938602678445925,-9.810592850887133,3.8350115960423956,-13.645604446929529,17.455971879958806,3122841860.0,0.0031000932452894783
2022-07-05 00:00:00+05:30,558.1090162893393,567.4765704496727,554.8008098421944,558.2174682617188,12284530,0.0,0.0,545.5501922607422,579.733965929984,50.17942022665494,-8.189362974691107,4.364993177790737,-12.554356152481844,17.11452821763877,3135126390.0,0.00019432040912106284
2022-07-06 00:00:00+05:30,560.0810990722949,585.6052270987533,556.7186668423723,583.4210815429688,22229520,0.0,0.0,545.4713134765625,579.8785586991206,59.06869967912951,-4.815297904241902,6.191246598591954,-11.006544502833856,17.955387648977503,3157355910.0,0.041672505123514454
2022-07-07 00:00:00+05:30,585.2256373584682,590.3432826603452,573.4915187867731,577.8992309570312,13352470,0.0,0.0,545.3902099609375,579.8009380033525,56.68246560759963,-2.5574139453123053,6.759304446017241,-9.316718391329546,17.876557379305684,3144003440.0,-0.012518943008898557
2022-07-08 00:00:00+05:30,584.5353551919991,584.5353551919991,572.0124025954271,579.1317749023438,8032820,0.0,0.0,546.5057403564454,579.7746963131169,57.099070892266056,-0.6609496291994219,6.9246150097041,-7.585564638903522,17.494157037681845,3152036260.0,-0.00924423175032835
2022-07-11 00:00:00+05:30,576.8441581917891,582.1639624651775,573.2746316344688,577.9781494140625,7613370,0.0,0.0,549.0827514648438,579.7042434935462,56.550860358718786,0.7403893217292534,6.660763168506221,-5.920373846776967,16.87952659432662,3144422890.0,0.0019658536992522525
2022-07-12 00:00:00+05:30,576.8243712779415,587.6463973473498,570.3361509268104,579.166259765625,9754460,0.0,0.0,551.633203125,579.6831460924512,57.00866050963749,1.9246450028181243,6.276015079676073,-4.351370076857949,16.910292296198957,3154177350.0,0.004059967997702817
2022-07-13 00:00:00+05:30,584.7277177508996,589.564363270473,578.4810158892067,579.6939086914062,8869340,0.0,0.0,553.6736022949219,579.6835681551554,57.22421926001091,2.872639026208617,5.779207282453253,-2.9065682562446358,16.49408194513234,3163046690.0,-0.008608808692797119
2022-07-14 00:00:00+05:30,584.2395895539379,584.431878159949,571.3912199872171,574.9558715820312,6929200,0.0,0.0,556.4647369384766,579.4981682895427,54.57791541744236,3.2046696850833314,4.888990353062374,-1.6843206679790423,16.247408818532303,3156117490.0,-0.01589025827399797
2022-07-15 00:00:00+05:30,577.3371638691533,584.5600533190496,573.1809014432462,583.2732543945312,5698590,0.0,0.0,559.0053741455079,579.6462108818952,58.22966281534268,4.0917821386452715,4.620882245299451,-0.5291001066541795,15.899676179765958,3161816080.0,0.010281843776686606
2022-07-18 00:00:00+05:30,588.6669613252903,598.3500614882771,584.8657256670233,597.5316162109375,9664320,0.0,0.0,562.0088897705078,580.3475993261713,63.628091629339856,5.877602443586284,5.12536204019237,0.7522404033939132,15.840899816478808,3171480400.0,0.015058862596415791
2022-07-19 00:00:00+05:30,595.5792081100759,601.3131394829416,591.8371337451385,598.1380004882812,9785600,0.0,0.0,564.656118774414,581.0452621168423,63.84211705861247,7.2581407166634335,5.204720250615616,2.0534204660478172,15.386264525144822,3181266000.0,0.00429630911113408
2022-07-20 00:00:00+05:30,606.3273307647999,606.3864918610923,595.7814290150271,598.9713134765625,8270920,0.0,0.0,567.8831634521484,581.7482445231059,64.15428011005385,8.323520277636135,5.016079849270654,3.3074404283654806,15.044750119496275,3189536920.0,-0.012132089244531883
2022-07-21 00:00:00+05:30,599.4248669959863,619.5552256031631,595.1847681419692,617.952880859375,13254930,0.0,0.0,572.01728515625,583.1680341833518,70.41897976728404,10.577563539390326,5.8160984888198755,4.76146505057045,15.710872072474672,3202791850.0,0.030909651707046567
2022-07-22 00:00:00+05:30,618.3571638648485,623.681902999722,613.1015162204336,617.0999755859375,9532950,0.0,0.0,575.4229919433594,584.4986985520807,69.82844060494772,12.15497178773387,5.914805389730736,6.240166398003135,15.344408837247077,3193258900.0,-0.002033110235277889
2022-07-25 00:00:00+05:30,615.3003573599997,624.5693291246878,609.8770369024996,614.0184936523438,7240230,0.0,0.0,578.4120574951172,585.6563375756205,67.62200858647279,13.006498531331886,5.413065706663,7.593432824668886,15.297829079028581,3186018670.0,-0.00208331377078323
2022-07-26 00:00:00+05:30,621.2167337722599,629.470036991925,612.5887235809786,617.7113037109375,15304060,0.0,0.0,581.9048248291016,586.9133950711231,68.89062835431659,13.82001004701499,4.981261777876881,8.838748269138108,15.410935102736998,3201322730.0,-0.005642845517113015
2022-07-27 00:00:00+05:30,619.1460275775792,633.9763226698171,610.8631138249085,630.7174072265625,14449890,0.0,0.0,586.359585571289,588.6311994693757,72.91570396026881,15.33740755431495,5.198927428141474,10.138480126173476,15.961097512892113,3215772620.0,0.018689257676830433
2022-07-28 00:00:00+05:30,643.1072502739753,701.0825325210618,643.1072502739753,697.7940063476562,64857820,0.0,0.0,594.6232482910157,592.9120938567593,84.24055099623203,21.70230629984451,9.251060938936824,12.451245360907684,19.84709949729263,3280630440.0,0.08503520377104037
2022-07-29 00:00:00+05:30,707.4968813998082,715.8783775557641,702.5665895433636,710.8593139648438,26067620,0.0,0.0,602.4855865478515,597.5374750374685,85.51134767563119,27.4839773628147,12.02618560152561,15.457791761289089,19.721190333779433,3306698060.0,0.004752575811193455
2022-08-01 00:00:00+05:30,714.9958054881865,720.8086385973867,709.1731623504434,715.9769287109375,12270770,0.0,0.0,610.5254119873047,602.1821594952517,85.98796400688884,32.10881168120818,13.320815935935272,18.78799574527291,19.14363932757685,3318968830.0,0.0013722083615316774
2022-08-02 00:00:00+05:30,710.104990302189,725.3444783520795,708.2067798829644,723.9541625976562,12491240,0.0,0.0,618.8122467041015,606.9575321659343,86.72124064452873,36.002705526397676,13.771767824899811,22.230937701497865,19.000357837686725,3331460070.0,0.01950299249350956
2022-08-03 00:00:00+05:30,722.3862755965567,727.3560478714037,711.7368581542328,719.462646484375,12186210,0.0,0.0,625.6143249511719,611.3694974333241,84.0540707796176,38.28489223337681,12.843163625503152,25.441728607873657,18.758845829078453,3319273860.0,-0.004047182526782322
2022-08-04 00:00:00+05:30,723.6632452765207,728.2040243004458,710.4549756377403,721.4642944335938,9494810,0.0,0.0,632.792578125,615.6869404529425,84.28601888922529,39.79631080335923,11.483665756388458,28.312645046970776,18.68671746005181,3328768670.0,-0.003038638285528357
2022-08-05 00:00:00+05:30,723.7618904837324,726.5228418142614,717.4609632118326,720.2860107421875,7580780,0.0,0.0,639.8502899169922,619.7888647780109,83.51590131914195,40.43295729957674,9.696249802084772,30.73670749749197,17.999228970221594,3321187890.0,-0.00480251832439221
2022-08-08 00:00:00+05:30,719.8225664327409,729.4859258356784,716.2727805897755,723.9837036132812,9574820,0.0,0.0,647.1505676269531,623.8749368891979,84.00967113629156,40.76595262052297,8.023396098424797,32.74255652209817,17.65736584705597,3330762710.0,0.005780781785102777
2022-08-10 00:00:00+05:30,726.6263964448276,726.6263964448276,700.5944328534316,704.9725341796875,19065230,0.0,0.0,653.4408813476563,627.0552348221582,72.0585763521379,39.045716605245275,5.042528066517683,34.00318853872759,18.255551400223116,3311697480.0,-0.02980054450414433
2022-08-11 00:00:00+05:30,714.3007203412062,722.2877692103186,711.6728362192792,721.6912231445312,10270510,0.0,0.0,660.5407470703125,630.7664500504866,75.37609519909644,38.58667250380154,3.666787172059152,34.919885331742385,18.18838594525226,3321967990.0,0.01034648656072298
2022-08-12 00:00:00+05:30,720.0198381500289,724.0626534177022,717.0665981288195,720.74951171875,10369410,0.0,0.0,667.8304290771484,634.2951975668891,74.83710341747532,37.71216612820581,2.2338246371707413,35.47834149103507,17.38893375551158,3311598580.0,0.0010134075897073104
2022-08-16 00:00:00+05:30,723.6682525605167,728.1055151687613,717.071519742224,718.4519653320312,8044640,0.0,0.0,674.5893646240235,637.5954629694437,73.45699626856252,36.413963231824596,0.7484973926316201,35.665465839192976,16.93500958915627,3303553940.0,-0.00720811948020241
2022-08-17 00:00:00+05:30,719.8225965892611,753.1513568328503,719.428149174974,742.2160034179688,23444140,0.0,0.0,681.823583984375,641.6982292615428,77.98023189246027,36.87758550240619,0.9696957305705709,35.90788977183562,18.203894011417898,3326998080.0,0.031109619140624923
2022-08-18 00:00:00+05:30,738.5577410541206,748.3000028536582,734.8501518433843,738.3851928710938,8353540,0.0,0.0,688.8359436035156,645.4898748932899,75.73956614849378,36.514973214907286,0.485666754457327,36.02930646044996,17.86431951133618,3318644540.0,-0.00023362856204114918
2022-08-19 00:00:00+05:30,740.5297846169535,743.3597671282486,716.9629671313535,719.9901733398438,11004270,0.0,0.0,694.8868865966797,648.4114552245273,65.94139649763842,34.34734125252305,-1.345572166341526,35.69291341886458,18.473782403161817,3307640270.0,-0.027736374287408428
2022-08-22 00:00:00+05:30,715.9769089899353,717.830703412385,699.0019490246103,700.3182983398438,10608620,0.0,0.0,699.0051574707031,650.4470176996379,57.390830946493345,30.68836502840395,-4.003638712368506,34.692003740772456,18.65338539688122,3297031650.0,-0.021870273263675393
2022-08-23 00:00:00+05:30,698.6223579688065,714.892321139569,695.1711536598568,710.7213134765625,10886030,0.0,0.0,703.6862243652344,652.8107155732428,60.32101821563208,28.301790960260973,-5.112170224409191,33.413961184670164,18.729655545654865,3307917680.0,0.017318305619266002
2022-08-24 00:00:00+05:30,706.5107922834227,713.5512631922612,704.0456464624757,707.6842041015625,9530960,0.0,0.0,708.3695098876954,654.9626170841573,59.04441187049897,25.867163908749944,-6.03743782073618,31.904601729486124,18.070795630235626,3298386720.0,0.0016608547681874444
2022-08-25 00:00:00+05:30,711.2241956966295,713.8076637593281,692.7158612050494,694.89013671875,13542960,0.0,0.0,712.2284515380859,656.5284021678668,53.872095419950554,22.644300713538314,-7.408240812758251,30.052541526296565,18.28658183909585,3284843760.0,-0.022966118246132847
2022-08-26 00:00:00+05:30,702.0735752723834,704.1936248893832,692.7750518557007,696.3643188476562,7591390,0.0,0.0,715.5107971191406,658.090594978839,54.368118465894185,19.978809312034173,-8.058985771409915,28.037795083444088,17.796009781566323,3292435150.0,-0.008131991611437827
2022-08-29 00:00:00+05:30,678.506707124216,691.7692035886321,676.5691362251375,686.7255249023438,9967350,0.0,0.0,714.957373046875,659.2135334072118,50.541276136583505,16.893875969781902,-8.915135290929747,25.80901126071165,17.93880784163435,3282467800.0,0.012113097323624776
2022-08-30 00:00:00+05:30,690.2408074476048,723.2737603754545,690.2408074476048,720.4388427734375,17313810,0.0,0.0,715.4363494873047,661.6145259313776,60.9062286504124,16.973764082010348,-7.06819774296104,24.041961824971388,19.26805267245409,3299781610.0,0.04375000000000004
2022-09-01 00:00:00+05:30,712.782139864844,723.1604282969206,704.2429008500726,708.1181030273438,14625790,0.0,0.0,715.043408203125,663.4381956214154,56.2654961561992,15.86007024054038,-6.545513267544806,22.405583508085186,19.243015156339368,3285155820.0,-0.006543425510612024
2022-09-02 00:00:00+05:30,711.6481912371663,721.1044570811652,707.3439959980193,709.0104370117188,9063700,0.0,0.0,714.2962219238282,665.2253423426038,56.52387147365474,14.877959882124856,-6.022098900768267,20.900058782893122,18.851404151111257,3294219520.0,-0.0037065424432007003
2022-09-05 00:00:00+05:30,709.0449602366898,715.286726226162,705.8205302856531,709.5872802734375,7070250,0.0,0.0,713.8024536132813,666.9650261830286,56.70194946004419,13.984966785929373,-5.532073597571003,19.517040383500376,18.181032136068232,3301289770.0,0.0007648598708982602
2022-09-06 00:00:00+05:30,712.7969413815249,715.3853445924901,700.5944691012602,702.0094604492188,7919050,0.0,0.0,712.8297119140625,668.3393177228793,53.596212928168015,12.521457031867726,-5.596466681306122,18.117923713173848,17.93887809000835,3293370720.0,-0.015134016865165177
2022-09-07 00:00:00+05:30,697.932099787154,710.7459234453644,697.1432651307821,706.6587524414062,7919940,0.0,0.0,712.1483489990235,669.8420406530176,55.216931823242554,11.603021605334561,-5.211921686271431,16.814943291605992,17.629148106049346,3301290660.0,0.012503584026173279
2022-09-08 00:00:00+05:30,711.9340825539861,717.7962062868731,707.4968202665998,715.6466064453125,7722510,0.0,0.0,711.731494140625,671.6382981350685,58.25249102422866,11.468201330096463,-4.277393569207625,15.745594899304088,17.165455658864886,3309013170.0,0.005214701729137852
2022-09-09 00:00:00+05:30,719.8226029046542,722.1891670426887,706.5108150427188,708.0786743164062,6496070,0.0,0.0,711.8868011474609,673.0673324951209,54.87931176393796,10.62817147077942,-4.093938742819734,14.722110213599155,17.059233968943815,3302517100.0,-0.016315031704837335
2022-09-12 00:00:00+05:30,711.6234795695908,721.7848030967343,708.7638864349776,718.5308227539062,8347160,0.0,0.0,711.7287811279297,674.8502144660537,58.457252625933464,10.682699274354036,-3.2315287513960964,13.914228025750132,16.81972645547126,3310864260.0,0.009706457674068294
2022-09-13 00:00:00+05:30,722.7808064131578,734.0218962346119,721.0453340015706,730.0233764648438,13827000,0.0,0.0,712.1924743652344,677.013867877771,62.02317400775241,11.520465236724021,-1.91501023122089,13.435475467944912,16.72482267155943,3324691260.0,0.010020423878751818
2022-09-14 00:00:00+05:30,717.0764467134828,745.460109727814,717.0764467134828,737.9118041992188,14933880,0.0,0.0,713.1654663085938,679.4020222433179,64.28905200012767,12.674823513839101,-0.6085215632846506,13.283345077123752,17.557596981757413,3339625140.0,0.02905597803585503
2022-09-15 00:00:00+05:30,738.5527604398367,742.7829290457368,726.6953848455274,728.332275390625,7174200,0.0,0.0,712.4712799072265,681.3208557000751,59.63573327537574,12.670613899909199,-0.4901849417716413,13.16079884168084,17.452593211646835,3332450940.0,-0.013838530700399768
2022-09-16 00:00:00+05:30,728.2041522887661,737.5865127167696,709.4049458686882,717.2687377929688,11870360,0.0,0.0,711.4154571533203,682.730576566463,54.71045620979909,11.640359905137984,-1.216351149234285,12.85671105437227,18.21894847139216,3320580580.0,-0.015016962566647009
2022-09-19 00:00:00+05:30,717.3574441787355,741.9546767548475,709.0695949214796,739.1591796875,16481170,0.0,0.0,712.3739074707031,684.9434629633665,61.48790762660766,12.446773252329422,-0.3279502416342783,12.7747234939637,19.266529425818995,3337061750.0,0.030391732442010377
2022-09-20 00:00:00+05:30,746.4412840651585,760.7440661706357,745.9531899651147,752.89501953125,16134500,0.0,0.0,715.0027435302734,687.6082298875973,65.02474232852231,14.032471523250706,1.0061984234296055,13.0262730998211,19.432126358484478,3353196250.0,0.008646005524967948
2022-09-21 00:00:00+05:30,753.3485686640248,762.7161228555277,748.0287646826353,758.3429565429688,12392620,0.0,0.0,717.3838256835937,690.3821407368275,66.3449124976216,15.549506778915884,2.0185869432758246,13.53091983564006,19.093214345227903,3365588870.0,0.006629584347390345
2022-09-22 00:00:00+05:30,756.3067520280943,766.9561701371467,749.4043436001976,761.1926879882812,12810390,0.0,0.0,720.0592498779297,693.1590249427669,67.04562301834498,16.788193812138047,2.605819181198388,14.182374630939659,18.98311521606513,3378399260.0,0.006460256961986639
2022-09-23 00:00:00+05:30,760.7242340493573,762.3709947343912,737.0785753978852,740.248779296875,14123310,0.0,0.0,722.327182006836,695.0056819762614,57.560350208627575,15.896617503101538,1.371394297729502,14.525223205372036,19.43377979609662,3364275950.0,-0.026915738760537225
2022-09-26 00:00:00+05:30,733.3315754894023,735.5994975603173,702.9609916484214,715.8290405273438,18752050,0.0,0.0,723.3004180908204,695.8222842723823,48.877601313351725,13.068917672490898,-1.1650444263049131,14.23396209879581,20.709066071264974,3345523900.0,-0.023867150341069027
2022-09-27 00:00:00+05:30,722.2876900751979,727.7060755088742,710.9529549617248,714.1871948242188,11428290,0.0,0.0,724.6735015869141,696.5424768430426,48.34951856722964,10.573576351136467,-2.928308598127476,13.501884949263943,20.426498533828145,3334095610.0,-0.011215053727602405
2022-09-28 00:00:00+05:30,707.8913439804484,719.5761118567433,706.0276791745903,710.2085571289062,8690690,0.0,0.0,724.1619873046875,697.0784015601353,47.023665764274895,8.180656054140059,-4.256983116099107,12.437639170239166,19.93520811585135,3325404920.0,0.0032734022928268517
2022-09-29 00:00:00+05:30,721.0552117440416,721.4890798514688,698.9231235269324,700.56982421875,9696320,0.0,0.0,723.7845733642578,697.2153200957672,43.884025754767684,5.443732329425188,-5.595125472651183,11.038857802076372,20.123118702185995,3315708600.0,-0.028410289797008534
2022-09-30 00:00:00+05:30,698.2279053204724,725.9361815326549,692.8834858250478,723.3477783203125,16186650,0.0,0.0,724.5014404296875,698.2401223790827,52.034322267725315,5.054426805862249,-4.787544796971298,9.841971602833548,21.046659916858932,3331895250.0,0.03597660994129221
2022-10-03 00:00:00+05:30,723.4710390007203,729.4859709914697,704.4992855679301,707.1813354492188,8201980,0.0,0.0,724.3811431884766,698.5907581857547,46.83505246577028,3.4021842799538717,-5.15182985830374,8.554014138257612,21.328090310193264,3323693270.0,-0.02251604096551178
2022-10-04 00:00:00+05:30,723.2737327382745,740.0367231357532,720.4486854566451,738.429443359375,11914950,0.0,0.0,726.2021423339844,700.1530595651124,55.988986162593214,4.5616474985855575,-3.1938933117376447,7.755540810323202,22.151468694217634,3335608220.0,0.02095432190482273
2022-10-06 00:00:00+05:30,744.4740283929738,749.3057382138493,724.4471864074138,730.0923461914062,15100600,0.0,0.0,727.3738220214843,701.3271492367318,53.34967860643866,4.753006684985166,-2.4020273002704293,7.155033985255596,22.344831773661767,3320507620.0,-0.019317909897558015
2022-10-07 00:00:00+05:30,728.2484420293451,730.4473930593572,717.0862543652446,724.274658203125,9911960,0.0,0.0,727.805224609375,702.2270515491393,51.52443481408801,4.384677584837277,-2.216285120334655,6.600962705171932,21.703139410836826,3310595660.0,-0.005456632100917034
2022-10-10 00:00:00+05:30,716.3714426042849,723.5696570382046,712.0327614797205,719.171875,6531130,0.0,0.0,728.3598846435547,702.8915544295652,49.91144871934728,3.639073190057843,-2.369511612091272,6.008584802149115,21.027336361734513,3304064530.0,0.003909190441113167
2022-10-11 00:00:00+05:30,720.5128706526928,724.9994242470258,707.2602436116888,710.2381591796875,7322060,0.0,0.0,727.9452514648438,703.1796565766288,47.1296766235331,2.3007781920712205,-2.966245288062316,5.2670234801335365,20.79246809556326,3296742470.0,-0.014260274717504597
2022-10-12 00:00:00+05:30,710.4550323301693,715.730420363303,704.538682303825,712.5454711914062,7407310,0.0,0.0,727.0713562011719,703.546943424267,47.936747257404946,1.4100958533632593,-3.0855421014162223,4.495637954779482,20.106701664414313,3304149780.0,0.002942394333362238
2022-10-13 00:00:00+05:30,711.9834183299565,712.5257383846588,701.5509041536995,705.1943969726562,6086550,0.0,0.0,725.4354858398438,703.6115494457725,45.55098838584715,0.1097878628130502,-3.5086800735731454,3.6184679363861956,19.45583490536377,3298063230.0,-0.009535364423548999
2022-10-14 00:00:00+05:30,719.8226224781927,724.2598852194966,712.0327371475458,717.1109619140625,8390120,0.0,0.0,724.8744201660156,704.1409381700192,49.90359582352733,0.040386066536257204,-2.862465495879951,2.9028515624162083,19.42795300118352,3306453350.0,-0.003767123287671222
2022-10-17 00:00:00+05:30,715.3803664016834,726.9517461865476,711.6382919793544,725.265625,6174010,0.0,0.0,725.2742645263672,704.9693572613911,52.69065419026268,0.6360656339548996,-1.8134287427690468,2.4494943767239463,19.134060230184204,3312627360.0,0.013818185489264646
2022-10-18 00:00:00+05:30,729.683209988148,732.6413851637756,721.8933246186374,728.736572265625,9069750,0.0,0.0,724.7531341552734,705.9014049086161,53.86711324633677,1.372402220683739,-0.861673724832166,2.234075945515905,18.535060252680918,3321697110.0,-0.0012973269900760451
2022-10-19 00:00:00+05:30,731.3595569096043,733.6274792845247,724.7529533254378,727.7505493164062,6271770,0.0,0.0,723.4959106445312,706.7582341010785,53.46040236808996,1.8550070921641009,-0.3032550826814435,2.1582621748455444,17.845022088852772,3315425340.0,-0.004934655682149123
2022-10-20 00:00:00+05:30,726.7200612063584,734.5148812696203,715.9769363370566,732.8779907226562,10260540,0.0,0.0,722.2226623535156,707.7825382823169,55.348383454884235,2.621003304880446,0.37019290402792127,2.250810400852525,17.89451657768927,3325685880.0,0.008473592301932105
2022-10-21 00:00:00+05:30,738.557691214349,738.557691214349,705.3324484709237,709.2471313476562,23869600,0.0,0.0,719.6253845214844,707.8399733044871,46.072055454719944,1.3061910051010273,-0.7556955166011985,2.0618865217022257,18.989568446670415,3301816280.0,-0.03968621573556406
2022-10-24 00:00:00+05:30,720.8086460469225,720.8086460469225,708.9759459750168,710.6029663085938,2278840,0.0,0.0,718.1430938720703,707.9483259713148,46.62479773388195,0.36933981548997963,-1.354037364969797,1.7233771804597766,18.47836356275865,3304095120.0,-0.014158653332335834
2022-10-25 00:00:00+05:30,714.157721994216,714.157721994216,699.1153964836276,700.3873901367188,9098990,0.0,0.0,717.3710113525391,707.6518186836836,43.044895268141474,-1.1837871623375804,-2.3257314742378856,1.1419443119003052,18.232932273317918,3294996130.0,-0.019281919712420006
2022-10-27 00:00:00+05:30,708.5814973268328,710.9480614107665,683.4370097179915,687.39111328125,16414580,0.0,0.0,716.0312072753907,706.8572812169215,38.947784006202696,-3.423874120190476,-3.652654745672625,0.22878062548214906,18.895655088993422,3278581550.0,-0.029905358982029406
2022-10-28 00:00:00+05:30,690.2408732107941,699.1153987235043,688.2687564301918,690.9163208007812,8396690,0.0,0.0,715.0665954589844,706.2321455143277,40.59935660266425,-4.858696360594763,-4.06998158886153,-0.7887147717332333,18.38341439994063,3286978240.0,0.0009785679408481698
2022-10-31 00:00:00+05:30,699.5097279556448,704.9922092719634,694.7766003345839,704.4498291015625,8189860,0.0,0.0,715.260595703125,706.1622507530428,46.574585240083486,-4.847878976682978,-3.2473313639597956,-1.6005476127231821,18.07573397645788,3295168100.0,0.007062233659502299
2022-11-01 00:00:00+05:30,709.6612346958422,713.5117610575055,706.0177420590592,710.8987426757812,7627420,0.0,0.0,714.6381439208984,706.3479955343267,49.19707007263431,-4.269714086196927,-2.135333178778996,-2.134380907417931,17.43189097499253,3302795520.0,0.0017438010129854236
2022-11-02 00:00:00+05:30,710.6522596388769,713.906240133025,704.0505918122249,705.64306640625,5859140,0.0,0.0,714.56123046875,706.3203512547943,47.16512122535762,-4.187334411890333,-1.6423628035779219,-2.5449716083124114,16.89073078540736,3296936380.0,-0.007048726243651652
2022-11-03 00:00:00+05:30,700.5944927802287,709.4690183749115,699.3224991113132,702.2313232421875,6323130,0.0,0.0,712.7513244628906,706.1599972150842,45.84149693209041,-4.347234869189151,-1.4418106087013918,-2.9054242604877594,16.409001390992426,3290613250.0,0.002336345031008155
2022-11-04 00:00:00+05:30,702.2313183209355,712.4173183670327,702.2313183209355,711.1453247070312,9219250,0.0,0.0,711.8039733886719,706.3555002539841,49.80505150128639,-3.7118834311971796,-0.6451673365675359,-3.0667160946296437,15.964501294928482,3299832500.0,0.01269383200881651
2022-11-07 00:00:00+05:30,714.7049575541868,714.9564072507424,701.1860757713204,708.9808959960938,7224940,0.0,0.0,711.0392852783203,706.4584569497532,48.8698304150626,-3.344461279441134,-0.22219614784919184,-3.1222651315919423,15.807774879535161,3292607560.0,-0.00800898538283755
2022-11-09 00:00:00+05:30,713.4131698040023,713.4131698040023,701.545984814996,704.4400634765625,6896340,0.0,0.0,710.3026947021484,706.3793042645301,46.88092579162,-3.380713056353443,-0.2067583398092001,-3.1739547165442428,15.526304173068814,3285711220.0,-0.012577713318503833
2022-11-10 00:00:00+05:30,705.8205694225242,706.5108223185781,686.7452991375364,687.7855834960938,10081820,0.0,0.0,709.1800659179687,705.6501387441992,40.38844679292038,-4.6991513067197275,-1.220157272140388,-3.4789940345793395,15.829105530781161,3275629400.0,-0.02555179985925595
2022-11-11 00:00:00+05:30,704.9331521546831,705.8057632566002,689.7478291966067,695.3141479492188,12333420,0.0,0.0,708.3184997558594,705.244805771847,44.15354057475262,-5.077994921923164,-1.2792007098750595,-3.7987942120481044,15.985610832904399,3287962820.0,-0.013645271436111455
2022-11-14 00:00:00+05:30,695.6543155084713,700.7917013244886,690.3443815131388,692.784912109375,8550600,0.0,0.0,707.6980255126953,704.7561824909658,43.16712410658357,-5.518703235338762,-1.3759272186325262,-4.142776016706236,15.590018617079068,3279412220.0,-0.004124754687964516
2022-11-15 00:00:00+05:30,693.7068655327698,696.3938505053915,688.3673209650373,692.7799682617188,7195210,0.0,0.0,706.4814758300781,704.2865270309953,43.1650941445848,-5.801490702524802,-1.3269717486548531,-4.474518953869949,15.049769397313005,3272217010.0,-0.001336151214734215
2022-11-16 00:00:00+05:30,691.3254682803737,693.6772270173441,675.7063380998017,679.8921508789062,13362040,0.0,0.0,704.2128021240235,703.3298848289527,38.13109593223979,-6.9850219771253705,-2.008402418604337,-4.976619558521033,15.258420791615107,3258854970.0,-0.016538255750807293
2022-11-17 00:00:00+05:30,677.4220699575545,685.3105365655027,673.6750603556239,679.8921508789062,7339440,0.0,0.0,701.7705810546875,702.4107580073822,38.13109593223979,-7.83268867970844,-2.2848552969499245,-5.547833382758515,14.999639035776799,3258854970.0,0.0036462953170487817
2022-11-18 00:00:00+05:30,681.3564772233635,683.1412405017549,665.5894131979725,669.6815795898438,13276890,0.0,0.0,698.8671325683594,701.1272608145375,34.44055105183194,-9.222072111575244,-2.939390983053382,-6.282681128521862,15.181938197777198,3245578080.0,-0.01713478630319455
2022-11-21 00:00:00+05:30,665.293580275717,665.293580275717,651.8190544153135,658.5982055664062,10717480,0.0,0.0,695.1531433105469,699.4594547263756,30.93998748759705,-11.089669342268508,-3.8455905709973166,-7.244078771271191,15.3734086961167,3234860600.0,-0.010063789743072479
2022-11-22 00:00:00+05:30,658.7116477783802,663.3954249013881,656.744466201455,659.1849365234375,9587690,0.0,0.0,692.650033569336,697.8800618556721,31.33785359877213,-12.379703798891683,-4.108500022096393,-8.27120377679529,14.750376553532154,3244448290.0,0.0007185067193718794
2022-11-23 00:00:00+05:30,662.4833327387983,671.0127622399341,659.6730902843731,668.5525512695312,8936670,0.0,0.0,690.5475128173828,696.7299634013136,37.5263076782872,-12.502061199134232,-3.3846859378711542,-9.117375261263078,14.541622922315328,3253384960.0,0.009161315056247532
2022-11-24 00:00:00+05:30,671.8952593808001,674.449116844894,664.3370834895156,667.6946411132812,7546110,0.0,0.0,688.912875366211,695.5913233115868,37.19566825573033,-12.523888904676028,-2.7252109147303596,-9.798677989945668,14.225223667534115,3245838850.0,-0.006251894486337083
2022-11-25 00:00:00+05:30,667.5614656361442,668.3503002352066,658.1939118347508,665.3428344726562,8590580,0.0,0.0,687.8104614257812,694.4051080630013,36.25268609714236,-12.585876509641253,-2.229758815756467,-10.356117693884785,13.934592577028525,3237248270.0,-0.0033234859675038042
2022-11-28 00:00:00+05:30,663.518718539394,673.7540095014855,663.4743025789433,668.296142578125,6040540,0.0,0.0,686.6794525146485,693.3812270635943,38.3658084421289,-12.255421975093554,-1.5194434249670152,-10.73597855012654,13.67352931599379,3243288810.0,0.007200134533126082
2022-11-29 00:00:00+05:30,668.0544980432296,671.3972501234084,662.7297591511887,664.0264282226562,6818600,0.0,0.0,684.6582824707032,692.2300584815969,36.482909686481236,-12.197459915412992,-1.1691850922291618,-11.02827482318383,13.315955148581358,3236470210.0,-0.00602955272716794
2022-11-30 00:00:00+05:30,664.1102943767321,666.0035095447531,658.4897497816876,662.724853515625,14828310,0.0,0.0,682.2495880126953,691.0729916201863,35.90443327720951,-12.116874974453026,-0.8708801210153574,-11.245994853437669,12.901512621044512,3221641900.0,-0.0020861607971418912
2022-12-01 00:00:00+05:30,666.0429401828171,667.5614482510719,661.3492931919311,665.3674926757812,9816160,0.0,0.0,680.2358093261719,690.0649328380528,38.05214461441825,-11.70484575751243,-0.367080723259809,-11.337765034252621,12.423701366622815,3231458060.0,-0.0010141200608634496
2022-12-02 00:00:00+05:30,663.6369779797761,664.7955844483207,655.4329656812122,658.2678833007812,14386020,0.0,0.0,678.0376373291016,688.8179897189441,34.68917346783969,-11.814992893726753,-0.38178228757930377,-11.43321060614745,12.245903197190403,3217072040.0,-0.008090409150103905
2022-12-05 00:00:00+05:30,658.1496534484319,660.5605735582689,653.9539699681361,656.75927734375,10292500,0.0,0.0,675.3183349609375,687.5607853120738,34.00152194822511,-11.886991348658285,-0.3630245940086674,-11.523966754649617,11.84309608240057,3206779540.0,-0.0021125531213104522
2022-12-06 00:00:00+05:30,658.1348039728315,664.1103153157421,653.9539260938612,660.51611328125,8409800,0.0,0.0,672.8950958251953,686.500209938316,37.33305461351576,-11.508245489574165,0.01257701206036188,-11.520822501634527,11.722617020934878,3215189340.0,0.0036182698347568495
2022-12-07 00:00:00+05:30,663.1192940313501,663.1192940313501,650.8970817312645,653.2833862304688,9610270,0.0,0.0,670.3372619628906,685.1975894007533,33.79601311811401,-11.657328863407542,-0.10920508941841334,-11.54812377398913,11.758302398017076,3205579070.0,-0.014832787839854917
2022-12-08 00:00:00+05:30,658.6869715659512,658.6869715659512,646.8542714779402,649.0186767578125,11377840,0.0,0.0,668.3989166259765,683.7788085127949,31.87817420176662,-11.98148976820778,-0.3466927953749206,-11.63479697283286,11.763616518730933,3194201230.0,-0.01467813274817551
2022-12-09 00:00:00+05:30,651.0450000889664,652.5733784347615,639.9518440859359,642.6585693359375,11312920,0.0,0.0,665.7661376953125,682.1662501137024,29.215490822711484,-12.606279789745372,-0.7771862535300098,-11.829093536215362,11.824896363737691,3182888310.0,-0.012881491681654679
2022-12-12 00:00:00+05:30,641.7366002689286,644.7835468991387,630.2884778420555,641.578857421875,11000480,0.0,0.0,663.2058349609375,680.5745876551995,28.776064954991757,-13.038257198171777,-0.9673309295651311,-12.070926268606646,12.015622984690944,3171887830.0,-0.0002458062186065916
2022-12-13 00:00:00+05:30,641.6281997110282,655.5315987911807,641.6281997110282,652.780517578125,9586360,0.0,0.0,661.2058624267578,679.4846241227651,39.02307443644063,-12.334537181503947,-0.21088873031783884,-12.123648451186108,12.153988583592001,3181474190.0,0.017381277618595203
2022-12-14 00:00:00+05:30,656.5176421926584,659.5300432518237,653.4214045068092,656.2415771484375,6782830,0.0,0.0,660.0233337402344,678.5731320845563,41.80880931896816,-11.366529143673688,0.6056954460099373,-11.972224589683625,11.767955518599623,3188257020.0,-0.000420499049041377
2022-12-15 00:00:00+05:30,653.9538717270993,662.0395617637328,651.1929205445035,653.3030395507812,8577060,0.0,0.0,658.6938781738281,677.5821480636239,40.13241413376613,-10.71299844782277,1.007380913488685,-11.720379361311455,11.702147354358882,3179679960.0,-0.000995226428737604
2022-12-16 00:00:00+05:30,649.8124761931989,660.1956998833192,646.854301036022,650.4928588867188,8802330,0.0,0.0,657.7344421386719,676.5198229978629,38.5408731460607,-10.30306147757608,1.133854306988301,-11.43691578456438,11.81923674671162,3170877630.0,0.0010470446758820892
2022-12-19 00:00:00+05:30,650.808348231012,661.1520901688311,650.5026725653722,659.377197265625,6595590,0.0,0.0,657.7733917236328,675.8475631652261,45.85194329521797,-9.155749832739957,1.8249327614595394,-10.980682594199497,11.73637921352596,3177473220.0,0.013166470678970713
2022-12-20 00:00:00+05:30,656.7148592222551,660.5457055305276,649.3194216184008,655.0237426757812,6077160,0.0,0.0,657.56533203125,675.0309427538754,43.14359504562257,-8.499804040303275,1.9847028431169793,-10.484506883420254,11.699943834854588,3171396060.0,-0.0025751153986017902
2022-12-21 00:00:00+05:30,660.0576054206576,660.0576054206576,641.4309489687278,643.5706787109375,6223900,0.0,0.0,656.3162384033203,673.7972069090542,36.95865774620399,-8.80265726518735,1.3454796945863237,-10.148136959773673,12.194709021788537,3165172160.0,-0.02497801188005848
2022-12-22 00:00:00+05:30,647.8403003456463,648.3333294935501,631.7675621608255,640.0159301757812,8497060,0.0,0.0,654.9323028564453,672.4724509587298,35.26868344888266,-9.223189934038487,0.7399576205881484,-9.963147554626635,12.506927472569684,3156675100.0,-0.012077621854784924
2022-12-23 00:00:00+05:30,636.007611920363,637.5852811475614,625.165905583063,628.57275390625,9943030,0.0,0.0,653.093798828125,670.7508942115738,30.442856953370015,-10.360405488867059,-0.31780634739233804,-10.04259914147472,12.674291552580295,3146732070.0,-0.011689888414486451
2022-12-26 00:00:00+05:30,628.5776865696798,637.9698558544919,621.2167348102746,634.4003295898438,5305350,0.0,0.0,651.3990081787109,669.3253818734668,35.298251130175935,-10.668441205339263,-0.500673651091633,-10.16776755424763,12.965636516268654,3152037420.0,0.009263203490311081
2022-12-27 00:00:00+05:30,637.5852653898716,643.8960625111426,634.0354796242951,641.4013061523438,7810350,0.0,0.0,650.2677520751953,668.2303200804815,40.65750062788832,-10.229719591260846,-0.04956162961057231,-10.180157961650274,12.74384697131,3159847770.0,0.005985145783033051
2022-12-28 00:00:00+05:30,638.4727247931801,647.8402782843542,637.3930198844652,638.5811767578125,7559340,0.0,0.0,649.0605682373047,667.0676085776317,39.24726259746095,-9.994381416931219,0.14862123577524322,-10.143002652706462,12.579804930494218,3152288430.0,0.0001698615468147887
2022-12-29 00:00:00+05:30,635.0215761785445,642.9593338439312,631.3139871601999,642.0127563476562,5218800,0.0,0.0,647.8928314208985,666.0850653529269,41.88859375380756,-9.422359331107828,0.5765146572789082,-9.998873988386736,12.513057912868296,3157507230.0,0.011009358471224782
2022-12-30 00:00:00+05:30,645.8682021437679,662.6213234370747,642.4169980101752,648.3530883789062,15202660,0.0,0.0,647.3970916748046,665.3896937068869,46.51546913721027,-8.361035092358861,1.3102711168222996,-9.67130620918116,13.091308568336165,3172709890.0,0.0038473580629770753
2023-01-02 00:00:00+05:30,647.3473528320499,651.7846157227493,639.4342099366105,646.238037109375,5793400,0.0,0.0,646.8710296630859,664.6386483501218,45.22196034973045,-7.602952840283365,1.654682695118236,-9.257635535401601,13.038386941036356,3166916490.0,-0.0017136329017516958
2023-01-03 00:00:00+05:30,647.3472435899805,656.7147970006504,643.896039701839,651.4147338867188,7420810,0.0,0.0,646.4159606933594,664.1200634692041,48.9628500515979,-6.509414548410064,2.198576789593231,-8.707991338003295,13.02269910944886,3174337300.0,0.006283320639756252
2023-01-04 00:00:00+05:30,650.305529129589,654.5455683061733,645.8682662318132,647.93896484375,6712530,0.0,0.0,646.1487396240234,663.4855105819313,46.65883568999698,-5.855741741413794,2.2817996772716,-8.137541418685394,12.712313606942521,3167624770.0,-0.0036391575649165294
2023-01-05 00:00:00+05:30,639.9518911838142,639.9518911838142,594.1051114367782,601.5005493164062,51023000,0.0,0.0,643.7728332519531,661.0547277872048,27.821739950314292,-8.981361815134619,-0.6750563171593793,-8.30630549797524,15.649566449801757,3116601770.0,-0.06008473823911785
2023-01-06 00:00:00+05:30,604.4537240029813,605.4348471741865,585.8763595770364,589.7022705078125,29319220,0.0,0.0,641.1250183105469,658.2565922076209,25.054242270636706,-12.269030987936048,-3.170180391968646,-9.098850595967402,15.928775103183783,3087282550.0,-0.024404603544300494
2023-01-09 00:00:00+05:30,593.6071329461108,599.3262593994441,587.1977536036694,590.9793090820312,14005480,0.0,0.0,638.5950408935547,655.6182673791664,25.913282252483345,-14.603150128934772,-4.4034396263738955,-10.199710502560876,15.657327295511704,3101288030.0,-0.004426873799574329
2023-01-10 00:00:00+05:30,591.5364025333328,593.1140717510846,579.3092554509763,582.18359375,11203750,0.0,0.0,635.0651947021485,652.738476256454,23.88278190484542,-16.96711079148679,-5.413920231140729,-11.55319056034606,15.525005081554319,3090084280.0,-0.01581104517537403
2023-01-11 00:00:00+05:30,584.7325843924959,586.6061192762119,578.3774312911148,581.3553466796875,11088910,0.0,0.0,631.3208831787109,649.9391378416788,23.69450299597667,-18.691930327112573,-5.710991813413209,-12.980938513699364,15.003839574664514,3078995370.0,-0.005775696109559545
2023-01-12 00:00:00+05:30,582.4203392028877,588.1739513112954,577.5344030962261,581.61669921875,14769490,0.0,0.0,627.7365661621094,647.2598265231326,23.898377152285363,-19.80942257752531,-5.462787251060757,-14.346635326464554,14.692104477550565,3093764860.0,-0.0013798281585385244
2023-01-13 00:00:00+05:30,583.7464773431319,590.1558558950413,579.0134098339503,589.4459228515625,11084900,0.0,0.0,624.6842193603516,644.9926146144436,29.93743311338214,-19.834648836313477,-4.390410807879139,-15.444238028434338,14.438557447803456,3104849760.0,0.009763563001478116
2023-01-16 00:00:00+05:30,591.6349478623582,598.7542595132101,589.1254464767568,592.7097778320312,9083390,0.0,0.0,621.3508483886719,642.9423072896432,32.347643231904186,-19.368012615140742,-3.1390196693651227,-16.22899294577562,14.095004275564156,3113933150.0,0.0018167114257812372
2023-01-17 00:00:00+05:30,593.6022052811425,593.6022052811425,585.7186734058473,590.1510009765625,8170050,0.0,0.0,618.107211303711,640.8720599832479,31.43465781378782,-18.98581529511239,-2.2054578794694137,-16.780357415642975,13.651327675544941,3105763100.0,-0.005814001824581156
2023-01-18 00:00:00+05:30,592.024593001337,596.4667912132716,590.1559929460038,591.501953125,7962810,0.0,0.0,615.503775024414,638.9359773613559,32.51759676111759,-18.36224212034176,-1.2655077637590288,-17.096734356582733,13.127360715628093,3113725910.0,-0.0008828009554256341
2023-01-19 00:00:00+05:30,589.958660986397,594.558661412461,587.7548351594971,592.8626098632812,5481420,0.0,0.0,613.146109008789,637.1291786359411,33.6541927056952,-17.555888900355512,-0.3673236350182236,-17.18856526533729,12.675679682580647,3119207330.0,0.004922292134891079
2023-01-20 00:00:00+05:30,592.8675358497196,593.5824040230019,575.5819054586815,577.8695678710938,8330900,0.0,0.0,610.6109497070313,634.8052723314373,28.048265702610134,-17.920089711419905,-0.5852195568660932,-17.334870154553812,13.056023888419201,3110876430.0,-0.025297333842255715
2023-01-23 00:00:00+05:30,579.9008694880959,585.2256084491063,575.9566362382282,578.1259765625,8560640,0.0,0.0,607.797232055664,632.5825548503025,28.268328626811687,-17.980760426057145,-0.5167122172026666,-17.46404820885448,12.785520197166267,3119437070.0,-0.00306068333224371
2023-01-24 00:00:00+05:30,581.0200804565636,583.8451280146115,576.119399319863,577.3421020507812,6081450,0.0,0.0,604.594271850586,630.4162625836547,27.986520826799744,-17.885916811097445,-0.3374948817943739,-17.54842192930307,12.424106518422146,3113355620.0,-0.006330208764716403
2023-01-25 00:00:00+05:30,576.8490667900764,577.3420959624556,569.6459178037239,571.5095825195312,8278370,0.0,0.0,601.2406921386719,628.106196698787,25.916284350521853,-18.073053237070894,-0.41970504621425775,-17.653348190856637,12.08639778475323,3105077250.0,-0.009256293505434955
2023-01-27 00:00:00+05:30,573.3929248190173,577.9830552810179,560.0811372264864,568.0386352539062,16213520,0.0,0.0,597.5419860839844,625.7506060538898,24.743266621233175,-18.290594056535042,-0.5097966925427251,-17.780797363992317,12.50179208973739,3088863730.0,-0.009337906579159488
2023-01-30 00:00:00+05:30,568.9606001365855,598.1627083924944,568.9606001365855,593.7846069335938,24481600,0.0,0.0,594.8135620117188,624.497037460937,44.72748007846185,-16.198782495552905,1.2656118947515296,-17.464394390304435,13.760526450369591,3113345330.0,0.04363044961469904
2023-01-31 00:00:00+05:30,596.5653110580181,596.5653110580181,579.21070790093,580.4334106445312,19967880,0.0,0.0,591.5233306884766,622.7690520955878,38.95108564747268,-15.44034997943163,1.619235528698244,-17.059585508129874,14.017246215135202,3093377450.0,-0.02704129810175631
2023-02-01 00:00:00+05:30,586.1131367493044,589.7023435835492,562.9308941470761,573.60986328125,26348660,0.0,0.0,587.6330871582031,620.8412407695354,36.36612381222951,-15.214506629918105,1.476063102569416,-16.69056973248752,14.928260730945057,3067028790.0,-0.021332525555390173
2023-02-02 00:00:00+05:30,573.7873506684768,573.7873506684768,556.6299121202229,563.7936401367188,20250440,0.0,0.0,583.4258209228516,618.6040799604053,32.97574602877204,-15.647239679522158,0.8346640423722889,-16.481903721894447,15.08748771789569,3046778350.0,-0.01741709802440777
2023-02-03 00:00:00+05:30,568.9556381952976,594.5931539545312,566.6926512519784,593.0401000976562,14868920,0.0,0.0,583.002798461914,617.6015709461799,48.40848276019588,-13.474908485837773,2.4055961888453403,-15.880504674683113,16.209775296461174,3061647270.0,0.04233100137429602
2023-02-06 00:00:00+05:30,591.6349577212395,603.8621042544999,587.2568566267335,601.90966796875,10738200,0.0,0.0,583.613168334961,616.986202201967,52.01687180434641,-10.911835515475332,3.974935327366225,-14.886770842841557,16.238023320125833,3072385470.0,0.017366638183593634
2023-02-07 00:00:00+05:30,603.7585973945929,609.5813010021095,601.4956102698335,607.4661865234375,14721930,0.0,0.0,584.4375122070312,616.6128682537893,54.17901506633901,-8.336123468629808,5.240517899369399,-13.576641367999207,15.655713849565132,3087107400.0,0.006140846929292569
2023-02-08 00:00:00+05:30,607.9049952995919,628.8094451310056,607.6880913429832,626.3097534179688,19032080,0.0,0.0,586.6438201904297,616.9931382602277,60.65403536540156,-4.719926375171326,7.085371994262305,-11.80529836943363,16.061967046565346,3106139480.0,0.030275714561790255
2023-02-09 00:00:00+05:30,628.6023342935592,639.7349716959814,624.6926465992846,636.5006713867188,18381540,0.0,0.0,589.4010864257813,617.7581395593058,63.64604670000096,-1.0199844682574621,8.628251120940936,-9.648235589198398,15.989135478717595,3124521020.0,0.012564918490218275
2023-02-10 00:00:00+05:30,636.3971287204869,643.659438618098,633.0494414650032,634.5778198242188,12912820,0.0,0.0,592.0491424560547,618.4177348638123,62.677563086526575,1.7370643024671608,9.108239913332447,-7.371175610865286,15.604911312601683,3111608200.0,-0.002858763520705933
2023-02-13 00:00:00+05:30,634.5236071858579,638.2903572697468,620.9258843328148,625.7033081054688,7365570,0.0,0.0,593.86201171875,618.703443618387,58.27046497906076,3.169411386838533,8.432469598163056,-5.263058211324523,15.730594285768133,3104242630.0,-0.013900663396130575
2023-02-14 00:00:00+05:30,626.5217364301495,638.2114384849012,622.202796199636,636.865478515625,10340900,0.0,0.0,596.0697967529297,619.4156802810238,61.89926346536076,5.145931541081268,8.327191801924634,-3.1812602608433656,15.75045485716078,3114583530.0,0.016509789659354755
2023-02-15 00:00:00+05:30,636.0076619931621,640.5435065166314,630.8111150152882,639.9469604492188,6189790,0.0,0.0,598.5595947265625,620.2208285229138,62.859466565805036,6.881660345619821,8.050336485170549,-1.1686761395507286,15.320593188888093,3120773320.0,0.006193790879360574
2023-02-16 00:00:00+05:30,641.4309442173945,643.3783853471319,633.0494484051765,634.7553100585938,5290480,0.0,0.0,600.7222625732422,620.7908081909798,60.11085642214514,7.748989601825315,7.134132593100834,0.6148570087244802,14.964046314107193,3115482840.0,-0.010407408964258319
2023-02-17 00:00:00+05:30,632.0633568281008,638.5516371553908,627.8726091424231,632.7239990234375,6160440,0.0,0.0,602.71533203125,621.2587764589193,59.02337421688004,8.178171590613942,6.05065166551157,2.127519925102373,14.657973578311516,3109322400.0,0.0010452151484496436
2023-02-20 00:00:00+05:30,633.5424987740056,635.3716177799961,625.4568081535855,627.86279296875,4657320,0.0,0.0,605.2149932861328,621.5177574985205,56.39398826118215,8.033438231705759,4.724734645282709,3.30870358642305,14.319176153175736,3104665080.0,-0.00896499574416338
2023-02-21 00:00:00+05:30,630.5843039112158,631.890843239198,626.344265116445,629.03125,4485090,0.0,0.0,607.7602569580079,621.8124042632844,56.8910961837697,7.921704243809472,3.690400525909137,4.231303717900335,13.692562008145547,3109150170.0,-0.00246288069903251
2023-02-22 00:00:00+05:30,624.2734897017951,627.1330828640151,609.8770625021908,611.2230224609375,9347000,0.0,0.0,609.4543029785157,621.3971343886826,47.92403162362965,6.32328819041777,1.6735875780139473,4.649700612403823,14.082678114550093,3099803170.0,-0.020905047957573256
2023-02-23 00:00:00+05:30,612.7366871288383,617.5141109801946,603.7290344079415,611.587890625,8097680,0.0,0.0,611.458218383789,621.0124581626559,48.104514304901365,5.028013948678108,0.30265066901942816,4.72536327965868,14.061420861528877,3107900850.0,-0.0018748616297505035
2023-02-24 00:00:00+05:30,616.6562662466802,619.8362804838354,611.3562023952696,614.9306640625,6077610,0.0,0.0,613.8028198242188,620.773956433238,49.820372018406644,4.222558632372852,-0.40224371782866264,4.624802350201515,13.662753520602937,3113978460.0,-0.0027983210073955055
2023-02-27 00:00:00+05:30,612.8353115443397,615.3990393773496,604.9468441391028,610.8139038085938,5950040,0.0,0.0,614.6542846679688,620.3833661342323,47.727449115334664,3.214981043703915,-1.1278570451980805,4.3428380889019955,13.433427929006067,3108028420.0,-0.0032984517988233976
2023-02-28 00:00:00+05:30,613.3282681907897,615.9511568116408,600.5095101739404,602.688720703125,9778520,0.0,0.0,615.7670501708984,619.6894584702674,43.815143548880805,1.7407676875446896,-2.0816563210858448,3.8224240086305343,13.576872122484234,3098249900.0,-0.017347231555215083
2023-03-01 00:00:00+05:30,601.5054078432584,611.7456324863401,601.5054078432584,606.904052734375,5448040,0.0,0.0,617.4317596435546,619.1880700100363,46.2756203188731,0.9021852179748748,-2.336191032524528,3.2383762504994027,13.338540159669773,3103697940.0,0.008975222534530291
2023-03-02 00:00:00+05:30,607.9247057356058,612.3028071632116,598.5423462063576,599.8192749023438,5822980,0.0,0.0,619.233041381836,618.4285094175777,42.876993721405015,-0.3302726147899193,-2.854919092231458,2.5246464774415385,13.368677359468645,3097874960.0,-0.013332951855368775
2023-03-03 00:00:00+05:30,603.6452142646529,605.5384295102539,598.8332445362366,601.5005493164062,7120370,0.0,0.0,619.6560638427734,617.7646678449828,43.92940006421953,-1.157990933756878,-2.946109928958733,1.788118995201855,12.892713617650688,3104995330.0,-0.0035528567071623075
2023-03-06 00:00:00+05:30,605.4398413425158,609.679880311815,603.4726597020775,604.9320068359375,6084770,0.0,0.0,619.8071807861328,617.2614262367849,46.111589657161254,-1.519557211346637,-2.6461409652387937,1.1265837538921566,12.556043430347696,3111080100.0,-0.0008387860723738234
2023-03-08 00:00:00+05:30,604.3551894900227,604.3551894900227,590.155925112865,591.3244018554688,13427950,0.0,0.0,619.0000915527344,616.2442880257529,39.5398539637608,-2.87102569267131,-3.198087557250773,0.3270618645794633,12.714617594113752,3097652150.0,-0.021561472228855648
2023-03-09 00:00:00+05:30,591.6349784717474,595.579211661559,580.7982074122154,581.902587890625,9408580,0.0,0.0,616.7797332763672,614.8975546871204,35.741619772131635,-4.648747973609147,-3.9806478705508885,-0.6681001030582588,12.862216640915884,3088243570.0,-0.016449991861979135
2023-03-10 00:00:00+05:30,578.3232421123112,580.5320032625988,570.0403276145053,579.2254638671875,7708610,0.0,0.0,613.9159729003907,613.4986491647701,34.72101466754911,-6.202132896742228,-4.427226234947176,-1.7749066617950526,12.790791186287588,3080534960.0,0.001560064837755775
2023-03-13 00:00:00+05:30,578.7176660599109,586.4581999851847,572.9984795183921,575.2220458984375,7933560,0.0,0.0,610.9481842041016,611.9976058994238,33.19451417489264,-7.667853766826738,-4.714357684025348,-2.95349608280139,12.838571849180806,3072601400.0,-0.006040285905340837
2023-03-14 00:00:00+05:30,575.8580806366215,576.844138993876,563.6457382525485,565.164306640625,13725650,0.0,0.0,607.9212341308594,610.1610059284905,29.66581274521487,-9.531154403364098,-5.2621266564501665,-4.269027746913932,12.864273912905563,3058875750.0,-0.018570155313570178
2023-03-15 00:00:00+05:30,571.9138234289618,573.8859400614754,562.1518220243298,563.902099609375,6794730,0.0,0.0,604.2730651855469,608.3469311708781,29.245643095880702,-10.983077065214161,-5.3712394546401825,-5.6118376105739785,12.78354849320842,3052081020.0,-0.014008620689655246
2023-03-16 00:00:00+05:30,564.9817818589131,567.4765381871541,558.6020136976938,563.5421752929688,8849630,0.0,0.0,600.4528259277344,606.589881920764,29.11899168378916,-12.024171950135155,-5.129867471648941,-6.894304478486214,12.5043324929407,3043231390.0,-0.002548058383772553
2023-03-17 00:00:00+05:30,566.0023871610023,573.5654373081326,560.8798071803154,565.2431030273438,10471510,0.0,0.0,596.9772155761718,604.9684396112182,30.647508723110494,-12.567130437286892,-4.538260767040541,-8.028869670246351,12.517282324003302,3053702900.0,-0.001341485744374684
2023-03-20 00:00:00+05:30,565.8989347367112,566.0418722781484,540.9220588380908,547.34130859375,17127560,0.0,0.0,592.7080810546875,602.7085521203371,24.627956774478246,-14.277373475344461,-4.998803044078489,-9.278570431265972,13.417463118007179,3036575340.0,-0.03279318090887608
2023-03-21 00:00:00+05:30,552.3701654348788,563.5323533033444,550.8269816925671,563.0491943359375,11301140,0.0,0.0,589.4674011230469,601.1532831876156,36.42701729233251,-14.201551654213972,-3.9383849783583997,-10.263166675855572,13.615576088834837,3047876480.0,0.019333102273275646
2023-03-22 00:00:00+05:30,566.9638582698411,577.5344359622263,565.5045110486692,575.2861938476562,12425340,0.0,0.0,586.7801483154296,600.138887527225,43.80708872565794,-13.00413514778711,-2.19277477754523,-10.81136037024188,13.677695055795837,3060301820.0,0.014678776180216742
2023-03-23 00:00:00+05:30,572.8506422432449,581.7744587688709,569.202214109035,575.1727905273438,10544190,0.0,0.0,584.97763671875,599.1598248997788,43.75639373935152,-11.926839458642348,-0.8923832707203747,-11.034456187921974,13.598734313227267,3049757630.0,0.004053671433456812
2023-03-24 00:00:00+05:30,572.2984303651178,574.8473527272341,554.874735678519,557.0490112304688,12780420,0.0,0.0,582.2506927490234,597.5084204421587,36.48883859134548,-12.392657544007307,-1.086561084868265,-11.306096459139042,14.07725720862709,3036977210.0,-0.026645921647767207
2023-03-27 00:00:00+05:30,561.8560011491635,564.5183705668471,550.6691987466189,551.50732421875,11187430,0.0,0.0,579.0795257568359,595.704455884378,34.59667331991516,-13.058459765168095,-1.4018906448232435,-11.656569120344852,14.060965395170026,3025789780.0,-0.018418735243990188
2023-03-28 00:00:00+05:30,554.2683656708452,554.5987169178545,544.5705193348834,545.7291259765625,9481360,0.0,0.0,575.8252868652344,593.744639025248,32.69301447446814,-13.892224216848604,-1.7885240772030002,-12.103700139645603,13.77291055144153,3016308420.0,-0.015406327012633097
2023-03-29 00:00:00+05:30,548.4605210695788,556.7285705249374,547.7554628047092,554.6776123046875,11096120,0.0,0.0,573.4247314453125,592.2125987616967,38.35053235927062,-13.673303163165428,-1.2556824188158604,-12.417620744349568,13.574805836936768,3027404540.0,0.011335530993159615
2023-03-31 00:00:00+05:30,561.4616360103811,561.4616360103811,550.8318983466154,553.8442993164062,12678280,0.0,0.0,570.7717437744141,590.7079595677637,38.02995352498542,-13.412437810619508,-0.7958536530159517,-12.616584157603556,13.364443824567406,3014726260.0,-0.013566976273039598
2023-04-03 00:00:00+05:30,557.6160071652403,565.4058923469864,555.3677651975246,563.5372924804688,7453860,0.0,0.0,568.9576446533204,589.6424432113993,43.903906992339586,-12.281977606099872,0.26768524120294757,-12.54966284730282,13.235668767854033,3022180120.0,0.010618929943081445
2023-04-05 00:00:00+05:30,575.0692177863302,586.4138234449429,566.3080800822931,568.0977783203125,24333290,0.0,0.0,567.2875061035156,588.797554392141,46.47457895388303,-10.892524414695572,1.3257107460857984,-12.21823516078137,13.924301781898325,3046513410.0,-0.012122783223997916
2023-04-06 00:00:00+05:30,568.0682092567204,587.5922133491503,562.6005323853095,584.9495239257812,17405020,0.0,0.0,566.2883819580078,588.6466512365976,54.73006074977066,-8.33549135985777,3.106195040738882,-11.441686400596652,14.714828866322783,3063918430.0,0.029717055793614937
2023-04-10 00:00:00+05:30,586.2067817939467,588.6669926792373,572.9985103097885,574.7537231445312,9282570,0.0,0.0,565.459848022461,588.1018305271048,49.73223156226711,-7.050466762578935,3.512975710414173,-10.563442472993108,14.78294697368893,3054635860.0,-0.019537574461977493
2023-04-11 00:00:00+05:30,577.632962493113,579.8023028740446,573.0132815859158,575.63623046875,8116200,0.0,0.0,565.1465301513672,587.6129834659928,50.15650479056239,-5.892934465199687,3.736406406234737,-9.629340871434424,14.211952281863201,3062752060.0,-0.003456748755723662
2023-04-12 00:00:00+05:30,575.5622374661809,579.4817951058408,570.5333040630495,577.5294189453125,10230690,0.0,0.0,565.0617279052734,587.217549563221,51.109822916092604,-4.767856411114735,3.8891875682557515,-8.657043979370487,13.835990764786635,3072982750.0,0.0034178431993588817
2023-04-13 00:00:00+05:30,577.5294794550372,585.4228817295875,576.8835823172413,582.2132568359375,8330060,0.0,0.0,565.4112884521485,587.021302789602,53.480420452686204,-3.458410965372991,4.1589064111979965,-7.617317376570988,13.457655668183744,3081312810.0,0.008110023033490836
2023-04-17 00:00:00+05:30,591.4377519988504,591.4377519988504,581.774392766022,587.833740234375,6728570,0.0,0.0,566.5447601318359,587.0531630815539,56.223472359927065,-1.9447224280604587,4.538075958808423,-6.482798386868882,13.186634494229798,3088041380.0,-0.006093645108542969
2023-04-18 00:00:00+05:30,589.1698810208331,591.0434160132514,578.8409435820668,583.317626953125,6408890,0.0,0.0,567.5155364990235,586.9066714686743,53.493997256299295,-1.0968817853306518,4.308733281230584,-5.405615066561236,13.11633720401229,3081632490.0,-0.00993305030726988
2023-04-19 00:00:00+05:30,583.3176410193296,587.6908076250766,579.8023404086325,586.48291015625,5549280,0.0,0.0,568.6625732421875,586.8900533779911,55.1378904383006,-0.1676178719986865,4.190397755650039,-4.358015627648726,12.742917919185984,3087181770.0,0.005426321637365886
2023-04-20 00:00:00+05:30,587.6907700832672,588.2774459065835,580.4087196197897,583.0267333984375,4367310,0.0,0.0,569.5517547607421,586.7385506336949,52.937517922797106,0.28664166770374777,3.7157258362819787,-3.429084168578231,12.39476137401511,3082814460.0,-0.00793620884018463
2023-04-21 00:00:00+05:30,583.0563208889288,586.2117198112176,574.6748244744706,585.5115966796875,6431010,0.0,0.0,571.4602691650391,586.6904347923613,54.34809306233122,0.8374991566563494,3.4132666601876647,-2.5757675035313152,12.333485228495956,3089245470.0,0.0042110439468616015
2023-04-24 00:00:00+05:30,585.7186424073757,588.1541775707096,579.5064870247483,585.1023559570312,5448920,0.0,0.0,572.5629272460938,586.6281571909758,54.06070802410771,1.2268925258898662,3.0421280235369452,-1.815235497647079,12.070214179743486,3083796550.0,-0.0010521885521885036
2023-04-25 00:00:00+05:30,587.6808981353831,600.7757817279459,584.6044009413183,599.0551147460938,14944750,0.0,0.0,573.7513732910156,587.1154888598039,61.529834670869725,2.6310317068853237,3.557013763625922,-0.9259820567405985,12.363154651663775,3098741300.0,0.019354409249644114
2023-04-26 00:00:00+05:30,601.4955934589442,603.4479697328588,592.9464844166109,597.1519775390625,9740070,0.0,0.0,574.8503326416015,587.5090766511474,60.094623385420135,3.549340271413257,3.5802578625230845,-0.03091759110982739,12.230178270562641,3089001230.0,-0.0072213595030736965
2023-04-27 00:00:00+05:30,599.0304200700875,616.725243568997,598.1429435222204,611.361083984375,28271360,0.0,0.0,577.5659362792969,588.4444494877447,66.39681845921037,5.361854444143432,4.3142176282026075,1.0476368159408245,12.754684539089205,3117272590.0,0.020584370177469054
2023-04-28 00:00:00+05:30,615.6849294910438,620.8222544917678,602.5801767384944,619.2544555664062,14896680,0.0,0.0,580.9532928466797,589.6526850202413,69.29758897749672,7.350482318847412,5.04227640232527,2.308205916522142,13.14664119724522,3132169270.0,0.005797650558562775
2023-05-02 00:00:00+05:30,624.1750020290846,624.6335456917319,613.8016478232963,616.2026977539062,9912540,0.0,0.0,584.4769714355468,590.693861990189,66.89329395550902,8.581312853087411,5.018485549252215,3.5628273038351956,12.981302388044533,3122256730.0,-0.01277254656027835
2023-05-03 00:00:00+05:30,615.1081385639415,616.7795147348505,607.012577623482,609.4087524414062,6682510,0.0,0.0,587.2135284423828,591.4277792627857,61.756316259128305,8.90587888372454,4.274441263911475,4.631437619813065,12.75170486828196,3115574220.0,-0.00926566527934623
2023-05-04 00:00:00+05:30,611.0603769764915,630.9787678608127,609.5960947579086,630.115966796875,12451410,0.0,0.0,591.0271118164062,592.944963087652,69.45546814428303,10.71053456703919,4.8632775577809,5.84725700925829,13.381584193362281,3128025630.0,0.03118446316985889
2023-05-05 00:00:00+05:30,629.1002889188387,635.8104087335532,624.3376102615468,630.0764770507812,11600400,0.0,0.0,594.3540710449219,594.4011008901277,69.42676315212701,11.999231039269262,4.921579224008777,7.077651815260484,13.245242356122576,3116425230.0,0.001551721004007479
2023-05-08 00:00:00+05:30,630.5300821397047,660.1759285248945,629.8940552517591,656.5126953125,22247350,0.0,0.0,598.7748168945312,596.8368496910051,76.44507157234698,14.981022255891162,6.322696352504542,8.65832590338662,14.462144564480633,3138672580.0,0.04120757107198315
2023-05-09 00:00:00+05:30,655.7287708312258,664.5884902304989,645.0793532064504,646.0900268554688,21307700,0.0,0.0,601.8318420410156,598.7683468347096,69.65595084819996,16.315021625551026,6.125356577731523,10.189665047819503,14.82264402587834,3117364880.0,-0.014699284833176722
2023-05-10 00:00:00+05:30,649.9060825822975,657.2078733645957,643.4030568198029,653.9046020507812,8353210,0.0,0.0,605.7893859863282,600.9305529216144,71.68630467734829,17.797636570345844,6.086377218021074,11.71125935232477,14.749942062943653,3125718090.0,0.006152457371373265
2023-05-11 00:00:00+05:30,656.6162496919593,658.6869480597754,653.2636273796426,657.0549926757812,5674940,0.0,0.0,609.8603240966797,603.1315113433465,72.48559049623725,19.00772061888506,5.837169013248232,13.170551605636827,14.08375482131431,3131393030.0,0.0006681878251227902
2023-05-12 00:00:00+05:30,655.7287617082753,663.9771296602881,651.2618887739263,662.0789794921875,9120780,0.0,0.0,614.0878021240235,605.4431767609482,73.75784449907677,20.139953843192984,5.575521790044924,14.56443205314806,13.986003825960559,3140513810.0,0.009684214197603392
2023-05-15 00:00:00+05:30,662.078981114398,665.5893462219179,659.2588688472116,661.8718872070312,7390760,0.0,0.0,618.0707336425781,607.656067366677,73.60675599552783,20.78099582988102,4.973251021386368,15.807744808494654,13.439180508013829,3133123050.0,-0.00031279335739993057
2023-05-16 00:00:00+05:30,662.6312011571904,675.3513777530942,660.6590844870798,669.0011596679688,12651330,0.0,0.0,622.1291046142578,610.0617572608454,75.46966905158294,21.615133128815387,4.645910656256586,16.9692224725588,13.528688562156727,3145774380.0,0.009613127935500383
2023-05-17 00:00:00+05:30,669.0406367307465,671.550138553414,656.9121302240579,661.1571044921875,7407850,0.0,0.0,626.0210784912109,612.0654963679569,69.64501717206939,21.396596603943067,3.5418993051074104,17.854697298835656,13.607925688385247,3138366530.0,-0.011783338418846667
2023-05-18 00:00:00+05:30,666.5556720279732,673.5419167671178,665.1111303180556,669.4744262695312,11067180,0.0,0.0,630.170654296875,614.3168269523323,72.10353961646202,21.645032726478576,3.0322683421143353,18.61276438436424,13.520560444567034,3149433710.0,0.004378860407380324
2023-05-19 00:00:00+05:30,670.5196589221297,672.4917755660183,661.8423577258645,668.961669921875,5928340,0.0,0.0,634.4674011230469,616.4597619707458,71.71789793934363,21.552105732338987,2.3514730783797972,19.20063265395919,13.315478829966088,3143505370.0,-0.0023235545438878994
2023-05-22 00:00:00+05:30,668.9616793292689,672.2945613190478,666.7627884993624,669.8343505859375,4197920,0.0,0.0,638.6835388183594,618.5528830929102,71.99245424554366,21.30330719181461,1.682139630284336,19.621167561530275,12.759499829231755,3147703290.0,0.0013045160636758167
2023-05-23 00:00:00+05:30,671.5106908941713,677.8116183772732,666.2895286313716,668.601806640625,7901960,0.0,0.0,642.858511352539,620.5155859771343,70.94490917436464,20.767284234891008,0.9168933386885882,19.85039089620242,12.671113394708177,3139801330.0,-0.004331850993575166
2023-05-24 00:00:00+05:30,667.4629613021749,675.3070126151979,663.5926338984439,669.13427734375,5539360,0.0,0.0,646.3624694824218,622.4222013248448,71.14027827007897,20.153135316355247,0.24219553612226008,19.910939780232987,12.60277520342574,3145340690.0,0.0025039831997785648
2023-05-25 00:00:00+05:30,668.3503098784093,675.2527180421845,665.2047814649771,674.5772705078125,5302600,0.0,0.0,650.2337341308594,624.4674981555494,73.12929930091921,19.876498036386465,-0.02755339507721999,19.904051431463685,12.420286730124426,3150643290.0,0.00931691141212458
2023-05-26 00:00:00+05:30,675.1146584561691,682.3523529584922,674.5822086331866,680.823974609375,6940730,0.0,0.0,653.7068786621094,626.6775560556994,75.23851838521044,19.93155920649133,0.02200622002211361,19.909552986469215,12.088486424449806,3157584020.0,0.008456809642175156
2023-05-29 00:00:00+05:30,684.3442283333137,687.4700164192911,680.5577378269448,683.5405883789062,6407280,0.0,0.0,656.9211853027343,628.9074788919036,76.11653294713408,19.964267954354,0.043771974307826866,19.920495980046173,11.71875729358527,3163991300.0,-0.0011743212277316687
2023-05-30 00:00:00+05:30,685.1132982495279,692.0896727939662,683.3433404437067,690.812744140625,8819230,0.0,0.0,660.6516876220703,631.3351363526377,78.33153066611331,20.342496430630035,0.3376003604670892,20.004896070162946,11.50644122620486,3172810530.0,0.008318983014428735
2023-05-31 00:00:00+05:30,690.7240128850342,692.8045815861975,683.0721903607092,689.239990234375,21476270,0.0,0.0,664.6432495117188,633.6059149362352,76.67532666263385,20.28154411119533,0.2213184328259068,20.060225678369424,11.379723369010819,3151334260.0,-0.0021485030532827345
2023-06-01 00:00:00+05:30,692.6073539275134,695.8908846387429,685.4189506108729,694.2343139648438,5900260,0.0,0.0,667.8491668701172,635.9834992118668,78.24812998178393,20.40106832818617,0.27267411985339507,20.128394208332775,11.314881273215047,3157234520.0,0.002349036619528373
2023-06-02 00:00:00+05:30,697.7102442822181,700.1014237278238,690.7338694666769,692.5975341796875,6642090,0.0,0.0,670.9752197265625,638.2036574458991,76.42919825997505,20.131652522987793,0.002606651724011755,20.12904587126378,11.175786486638751,3150592430.0,-0.007327841527954659
2023-06-05 00:00:00+05:30,697.1431781870032,699.2730375120061,691.5275692679025,694.5005493164062,5771620,0.0,0.0,672.8746124267578,640.411378695723,77.09584144615724,19.8429586976506,-0.22886973889054474,20.071828436541146,10.930763755029094,3156364050.0,-0.0037906544211898725
2023-06-06 00:00:00+05:30,692.7059213095692,703.2567566318401,692.7059213095692,701.4769287109375,6905860,0.0,0.0,675.6439575195312,642.8061061473,79.39640685891797,19.947163786791634,-0.09973171979961037,20.046895506591245,10.903626009832076,3163269910.0,0.012661949510676266
2023-06-07 00:00:00+05:30,702.0734968477877,704.1441951664874,696.3543708485124,698.1243286132812,5344830,0.0,0.0,677.8549438476563,644.9754482047895,75.47313003878352,19.534043962382157,-0.4102812353672718,19.94432519774943,10.681211603270855,3157925080.0,-0.00562500685788269
2023-06-08 00:00:00+05:30,698.1292934267208,701.1860501575832,689.7626029913783,691.2367553710938,4553600,0.0,0.0,679.5640319824219,646.789617113272,68.03521789794077,18.438328354566238,-1.2047974745465524,19.64312582911279,10.73422842919471,3153371480.0,-0.009872867562676633
2023-06-09 00:00:00+05:30,691.4980680414812,698.3758007061263,691.4290367374127,693.904052734375,4473610,0.0,0.0,681.1552856445312,648.6372420395898,69.29712564540141,17.582514168253397,-1.6484893286875142,19.23100349694091,10.477429636754552,3157845090.0,0.003479380209561806
2023-06-12 00:00:00+05:30,695.185982284002,701.0875274059256,694.3428614207065,699.8746948242188,5132550,0.0,0.0,683.0554260253906,650.6465539134967,71.96514209867796,17.187924483372058,-1.6344632108550847,18.822387694227142,10.242147139239982,3162977640.0,0.006744544135962339
2023-06-13 00:00:00+05:30,700.10142221902,709.9620056305556,700.10142221902,706.683349609375,8001340,0.0,0.0,684.9395355224609,652.8440753133351,74.6684538188103,17.226039790233813,-1.2770783231946652,18.503118113428478,10.231087401175474,3170978980.0,0.009401391257702472
2023-06-14 00:00:00+05:30,708.1870722241815,708.1870722241815,698.3314244817312,699.790771484375,4015200,0.0,0.0,686.8712188720704,654.6851222220034,67.56566519068274,16.50975877235919,-1.5946874728554299,18.10444624521462,10.204270282695104,3166963780.0,-0.01185604915582053
2023-06-15 00:00:00+05:30,699.6083863520569,704.2132619095848,695.7627347846771,702.7243041992188,4370180,0.0,0.0,688.5337127685547,656.569011711306,68.92071922676963,15.994438547318396,-1.6880061583169805,17.682444705635376,10.079002914281718,3171333960.0,0.0044538028816508346
2023-06-16 00:00:00+05:30,707.0038668082618,711.7960961474336,703.1582150071616,710.277587890625,14148580,0.0,0.0,690.5995086669922,658.6752303850047,72.14733943344348,16.01096597547769,-1.3371829841261516,17.34814895960384,10.007059273848368,3185482540.0,0.004630414678129347
2023-06-19 00:00:00+05:30,711.1403931912602,729.5698270474933,710.1838852499077,728.3224487304688,11845900,0.0,0.0,693.5239135742188,661.4064938495328,78.01863529188894,17.28092974287813,-0.05377537338057081,17.3347051162587,10.676979454115312,3197328440.0,0.0241612706910146
2023-06-20 00:00:00+05:30,727.3314255517407,727.3314255517407,710.0605989803341,714.7739868164062,8638260,0.0,0.0,695.8325225830079,663.4993367109788,66.65714887849073,16.998192943646927,-0.26920973808941895,17.267402681736346,11.218755903830976,3188690180.0,-0.017265084793783827
2023-06-21 00:00:00+05:30,717.3574417044225,718.4322717751143,707.694082017964,710.5684204101562,5468040,0.0,0.0,697.9042297363281,665.3451831305545,63.562869775471356,16.247477129008303,-0.8159404421824377,17.06341757119074,11.18442975049664,3183222140.0,-0.009463930949312697
2023-06-22 00:00:00+05:30,709.9718981848375,710.3712205297736,692.2129772723484,693.1990356445312,8271940,0.0,0.0,698.835317993164,666.437491072279,52.68498953823849,14.088561086332675,-2.3798851878864546,16.46844627421913,11.696644992447439,3174950200.0,-0.023624685122311067
2023-06-23 00:00:00+05:30,692.3065830320296,695.664140479397,685.9120093103908,689.2202758789062,8152260,0.0,0.0,699.2551330566406,667.3309336137154,50.5508764407331,11.919155304228184,-3.6394327759927574,15.558588080220941,11.557751147915925,3166797940.0,-0.00445800636418413
2023-06-26 00:00:00+05:30,689.2547439666442,693.6920062668586,684.8174816664298,690.1126098632812,5635390,0.0,0.0,699.5837341308594,668.2243326823259,51.029975429357485,10.154830917524123,-4.3230057301574565,14.47783664768158,11.366092108809703,3172433330.0,0.0012446282077073728
2023-06-27 00:00:00+05:30,693.1990017859473,693.1990017859473,685.7049825970861,692.1389770507812,7097890,0.0,0.0,699.6500457763672,669.1621618732456,52.16342480931191,8.818448442413796,-4.527510564214229,13.345959006628025,11.089515471670525,3179531220.0,-0.0015291781038850622
2023-06-28 00:00:00+05:30,695.6000908773693,702.5665957393327,694.18509950946,699.1351318359375,7097820,0.0,0.0,700.1448028564453,670.3375724600179,55.953992881929324,8.229027814378014,-4.093544953800009,12.322572768178023,11.042237130019162,3186629040.0,0.00508200186418806
2023-06-30 00:00:00+05:30,703.0762465535287,712.4836047820618,702.2048232718996,709.0771484375,8879080,3.0,0.0,700.8869445800781,671.8567715179585,60.71765925315686,8.466548272715158,-3.084819596370293,11.551367869085452,11.206968259740956,3195508120.0,0.008535207829005279
2023-07-03 00:00:00+05:30,709.0772368639394,728.3276673624713,709.0178243800536,726.1491088867188,12092270,0.0,0.0,702.5645233154297,673.9858827873215,67.26469585089517,9.918020710122619,-1.3066777271702659,11.224698437292885,11.785745025646433,3207600390.0,0.024076181176374615
2023-07-04 00:00:00+05:30,757.5399413800967,784.276645193512,753.8413785248312,778.3796997070312,41622080,0.0,0.0,706.7584808349609,678.0797579606435,78.8685616098256,15.108731195636324,3.107226206674749,12.001504988961575,15.095872974299777,3249222470.0,0.027509781581903633
2023-07-05 00:00:00+05:30,780.3107142085818,792.1887378823603,770.4131871598928,776.2308959960938,19786660,0.0,0.0,710.4961791992188,681.9288221973279,77.64906931530095,18.83193334614191,5.464342685744267,13.367590660397642,15.572992813454617,3229435810.0,-0.005228453407340324
2023-07-06 00:00:00+05:30,770.0170426093858,774.770282731633,765.9570488149219,769.0515747070312,10459840,0.0,0.0,714.0425415039062,685.3454007271202,73.55675458457425,20.961653750445862,6.075250472038576,14.886403278407286,15.194482411148703,3218975970.0,-0.001253826667372026
2023-07-07 00:00:00+05:30,764.4717306171826,767.3335628708096,753.1432870101274,754.8019409179688,10949150,0.0,0.0,717.22080078125,688.0691866169575,66.10941613534632,21.25463594442897,5.094586132817344,16.160049811611625,15.245468502988356,3208026820.0,-0.012648982705229855
2023-07-10 00:00:00+05:30,754.8019066561827,755.5545050427636,735.9822326747521,745.9788208007812,14515180,0.0,0.0,719.8245391845703,690.340152663382,61.92849271102938,20.538123683136632,3.5024590972200045,17.035664585916628,15.554525921918579,3193511640.0,-0.011689273407493454
2023-07-11 00:00:00+05:30,749.3209113152136,760.5107051757712,730.9022564102615,737.140869140625,16750430,0.0,0.0,721.6878479003906,692.1754748781759,57.97344170196236,19.037679201449237,1.6016116924260864,17.43606750902315,16.55837755360366,3176761210.0,-0.016254774143711147
2023-07-12 00:00:00+05:30,739.7056074117461,743.4784512184384,732.6005875681675,735.9476318359375,11317550,0.0,0.0,723.1510620117188,693.8920300529901,57.44006214735662,17.5499766550073,0.09112731678731834,17.45884933821998,16.152626560508462,3165443660.0,-0.005080366483847358
2023-07-13 00:00:00+05:30,739.7105284519732,744.9538763086766,734.368119500701,740.1710205078125,7470520,0.0,0.0,725.1700744628906,695.7068924237674,58.88203731125146,16.521306500935907,-0.7500342698272604,17.271340770763167,15.754993006756115,3172914180.0,0.0006225300818726495
2023-07-14 00:00:00+05:30,740.1115968859142,744.55780204221,732.7738232030631,740.9384155273438,7266000,0.0,0.0,727.0807800292969,697.4806776435155,59.15284514050665,15.58830804558977,-1.346426180138721,16.93473422572849,15.471349137641171,3180180180.0,0.0011171540142168664
2023-07-17 00:00:00+05:30,744.6667115230531,746.8452698415645,736.9427869755664,743.7705078125,5067440,0.0,0.0,728.7554260253906,699.2959651011228,60.19478513471717,14.905603705366957,-1.6233044162892298,16.528908121656187,15.073572975380952,3185247620.0,-0.0012034964054188839
2023-07-18 00:00:00+05:30,744.6667658145216,748.1326350703073,730.1200150062111,734.7642822265625,13097090,0.0,0.0,729.0775177001954,700.6868794981988,55.358772246360104,13.482411611951079,-2.437197207764086,15.919608819715165,15.283504910289182,3172150530.0,-0.013297872340425539
2023-07-19 00:00:00+05:30,736.9378500047183,752.489716672153,735.754496018757,751.0736083984375,9759430,0.0,0.0,730.8924987792968,702.6628296511493,61.40563801135803,13.514758223561785,-1.9238804769227045,15.43863870048449,15.457928448524992,3181909960.0,0.01918175107117749
2023-07-20 00:00:00+05:30,747.7364235578725,756.2674629345436,742.8842434347506,752.251953125,6494360,0.0,0.0,732.976675415039,704.6075011599278,61.808156512578506,13.480085681232481,-1.5668424154016076,15.046928096634089,15.30973495218699,3188404320.0,0.006038932202395245
2023-07-21 00:00:00+05:30,752.25199836323,758.3024614216893,745.9639458226884,750.781494140625,6733940,0.0,0.0,735.8557983398438,706.4182459827002,60.9538215953881,13.181999802520295,-1.4919426352910357,14.67394243781133,15.09750499838798,3181670380.0,-0.0019548026802248914
2023-07-24 00:00:00+05:30,750.7715576390451,757.0249778798017,748.6623239893866,750.7666015625,5843420,0.0,0.0,738.9331146240235,708.1573971819081,60.944633627008955,12.797046503251181,-1.50151674764812,14.298563250899301,14.616444204961345,3175826960.0,-6.60131100424038e-06
2023-07-25 00:00:00+05:30,757.480577781525,757.480577781525,746.7512151152656,753.2274780273438,8508690,0.0,0.0,742.0888580322265,709.9248513327095,61.96488661806249,12.54591886138121,-1.402115511614472,13.948034372995682,14.33879552362549,3184335650.0,-0.005614797103626747
2023-07-26 00:00:00+05:30,756.054565461532,765.8580476572524,725.9509934269622,736.06640625,22288660,0.0,0.0,744.2852294921875,710.9500103490739,51.802080483260816,10.837218614300241,-2.4886526069563537,13.325871221256595,16.165099716958686,3162046990.0,-0.026437455872421387
2023-07-27 00:00:00+05:30,750.4002635963346,750.4002635963346,719.6828013612031,721.3067626953125,21471720,0.0,0.0,745.3938110351562,711.3561574999068,44.970627628838294,8.19758481961162,-4.10262912131598,12.3002139409276,17.20455418254246,3140575270.0,-0.03877064323190657
2023-07-28 00:00:00+05:30,724.7627662368701,732.2490410838984,713.9690354227336,730.961669921875,10070500,0.0,0.0,746.488037109375,712.1250011242977,49.64837026889058,6.806267923674113,-4.395156813802789,11.201424737476902,17.281372145301205,3150645770.0,0.008553010686780977
2023-07-31 00:00:00+05:30,727.3373917255785,729.8031003743089,721.0047343724219,722.9110107421875,7493150,0.0,0.0,746.3261322021484,712.5479818936267,46.1273517741381,4.996422695444039,-4.964001633626291,9.96042432907033,16.758198102740625,3143152620.0,-0.006085732747617468
2023-08-01 00:00:00+05:30,722.9110162473384,725.8520247717258,717.3359133228306,719.8807983398438,7527650,0.0,0.0,743.4011871337891,712.8355433228901,44.83839116951369,3.2797871518240527,-5.344509741797022,8.624296893621075,16.169477627465955,3135624970.0,-0.004191688657927212
2023-08-02 00:00:00+05:30,721.891001473293,721.891001473293,707.5324013068147,713.3203735351562,8985360,0.0,0.0,740.2556610107422,712.8545562723908,42.09578583036904,1.3741295517269236,-5.800133873515321,7.174263425242245,16.040129237395412,3126639610.0,-0.01187246817129618
2023-08-03 00:00:00+05:30,710.5031816485223,715.3850986961132,694.9612267497707,703.9031982421875,10818980,0.0,0.0,736.9982421875,712.5035226241476,38.45925297309628,-0.8857942842752209,-6.448046167613973,5.562251883338752,16.353253716605916,3115820630.0,-0.009289167982360593
2023-08-04 00:00:00+05:30,706.938291862536,713.4739065249483,700.234291470848,707.8988037109375,7313490,0.0,0.0,734.6530853271485,712.322945411865,40.796180521289834,-2.3275576023335134,-6.3118475885378125,3.984289986204299,16.130850954998376,3123134120.0,0.0013586926319565152
2023-08-07 00:00:00+05:30,709.2158392961569,711.2706165914329,700.2639560488725,705.2697143554688,7184090,0.0,0.0,732.6176300048828,712.0463481155358,39.727180630660875,-3.640347300367239,-6.099709829257231,2.4593625288899914,15.764837354109952,3115950030.0,-0.0055640676956741145
2023-08-08 00:00:00+05:30,706.5421580423962,713.4738961030785,701.6057848004863,710.364501953125,8073620,0.0,0.0,731.2788116455079,711.9803933640687,42.85227080547679,-4.220978995590713,-5.344273219584563,1.1232942239938506,15.486499779001539,3124023650.0,0.005409930415644721
2023-08-09 00:00:00+05:30,712.9787780256469,714.3651498255696,702.0860466946996,705.5865478515625,5115720,0.0,0.0,729.7607574462891,711.7296543243626,40.7199672056192,-5.0089348789178985,-4.905783282329399,-0.10315159658849926,15.257400018420714,3118907930.0,-0.010368092854817716
2023-08-10 00:00:00+05:30,703.0812864816156,710.4041923904916,702.2841438105016,707.4185791015625,6161300,0.0,0.0,728.1231353759765,711.5605925509195,41.913477485042044,-5.423052409969955,-4.255920650705164,-1.1671317592647905,14.747589201389948,3125069230.0,0.0061689774757791
2023-08-11 00:00:00+05:30,707.418573207736,708.9188139551421,696.2485428713566,699.1747436523438,6303960,0.0,0.0,726.0349517822266,711.0748729862695,38.187657500543544,-6.343330199079787,-4.140958751851997,-2.20237144722779,14.599209335846778,3118765270.0,-0.011653397108321945
2023-08-14 00:00:00+05:30,697.1347838515936,699.0063675922397,687.2867575286224,694.961181640625,6937850,0.0,0.0,723.5944854736329,710.4429635217344,36.406306301887355,-7.328181502604139,-4.100648044301079,-3.2275334583030597,14.405550534980677,3111827420.0,-0.00311790813099256
2023-08-16 00:00:00+05:30,692.5796682548784,692.5796682548784,685.2518068381404,691.3418579101562,5987950,0.0,0.0,721.4233642578125,709.6939005565746,34.90032783604532,-8.304997590672201,-4.061971305895312,-4.243026284776889,14.070109411230955,3105839470.0,-0.001787246148650405
2023-08-17 00:00:00+05:30,695.1543096906979,695.1543096906979,683.5683924411943,685.5736694335938,7101180,0.0,0.0,718.1483673095703,708.7480091399872,32.58677102764333,-9.435805884688648,-4.154223679929407,-5.281582204759241,13.892667113964716,3098738290.0,-0.013782033893117884
2023-08-18 00:00:00+05:30,682.627644287526,684.8359391049459,677.8249641883986,679.518310546875,7455330,0.0,0.0,714.511685180664,707.6017464500612,30.314859818337542,-10.697284819571564,-4.332562091849859,-6.3647227277217056,13.453812694766892,3091282960.0,-0.004554948465200621
2023-08-21 00:00:00+05:30,673.4678092266714,699.4123254098687,673.4678092266714,697.94677734375,12308310,0.0,0.0,711.8699493408203,707.223120210598,43.276186229756654,-10.09363951330954,-2.9831334284702677,-7.1105060848392725,14.346005801083349,3103591270.0,0.03634764391365231
2023-08-22 00:00:00+05:30,698.2290021611789,708.3740910712934,698.1250454313697,700.1005859375,12487800,0.0,0.0,709.3366485595703,706.9438051410648,44.57374602820856,-9.333857012169005,-1.778680741863786,-7.555176270305219,14.06609922440192,3116079070.0,0.0026804726966770933
2023-08-23 00:00:00+05:30,703.076283458289,707.9285242384213,693.4708629906559,704.7052612304688,8032480,0.0,0.0,706.9105377197266,706.8560191053551,47.34683030322277,-8.264892556142058,-0.5677730286694711,-7.697119527472587,14.09406794035646,3124111550.0,0.0023169289172536352
2023-08-24 00:00:00+05:30,708.0275565294264,711.5874702675083,705.1558121940917,706.7847900390625,9103600,0.0,0.0,705.4464569091797,706.8532258086378,48.597611811079204,-7.167309643684462,0.4238479070305008,-7.5911575507149625,13.578935161548106,3133215150.0,-0.0017552515843530859
2023-08-25 00:00:00+05:30,704.5616940867121,720.7126420985645,703.1753222343796,714.1176147460938,13032760,0.0,0.0,705.0869995117188,707.1381038061851,52.85086922027502,-5.640746591555171,1.5603287673278334,-7.2010753588830045,13.861676926022167,3146247910.0,0.013562929605147617
2023-08-28 00:00:00+05:30,715.4494724515273,719.0192983908017,706.8491680016248,716.5040893554688,7036260,0.0,0.0,704.3641204833984,707.5053973571374,54.17969053717159,-4.1900653529104375,2.408808004778054,-6.5988733576884915,13.740852173390367,3153284170.0,0.0014740620330989237
2023-08-29 00:00:00+05:30,717.9300301060512,723.9655645893478,716.5436582857241,722.2227783203125,14183050,0.0,0.0,704.3297088623046,708.0825495517718,57.28628512672462,-2.5495499880826173,3.239458695684699,-5.7890086837673165,13.292325249139557,3167467220.0,0.005979340651939606
2023-08-30 00:00:00+05:30,725.4559283872164,725.9412008558795,718.7222515898287,719.722412109375,4602680,0.0,0.0,704.3217895507812,708.5390147501092,55.514050142449136,-1.4346506394394964,3.4834864354622566,-4.918137074901753,12.858512678918931,3162864540.0,-0.00790332817403228
2023-08-31 00:00:00+05:30,720.900798143536,721.3959223180851,706.5421970816112,709.3148803710938,14129800,0.0,0.0,704.1215148925781,708.5694408528929,48.75318266408731,-1.3750351557849854,2.8344815352934143,-4.2095166910784,13.00102786160143,3148734740.0,-0.01607144533932868
2023-09-01 00:00:00+05:30,709.8644007831231,725.7925658866657,708.5226337246128,724.921142578125,6760760,0.0,0.0,705.172412109375,709.210684057804,57.17543597172841,-0.06771395799296442,3.3134421864683485,-3.381156144461313,13.305949597347965,3155495500.0,0.021210729511708593
2023-09-04 00:00:00+05:30,729.8130054640956,729.8130054640956,718.7618609030251,719.935302734375,5813630,0.0,0.0,705.7742370605469,709.6312573392382,54.11553438032617,0.5595813969921437,3.1525900331627654,-2.5930086361706217,13.144892094756717,3149681870.0,-0.013534566602357594
2023-09-05 00:00:00+05:30,721.1978263246934,728.6692328407794,720.9007639220582,727.3472900390625,12213530,0.0,0.0,706.8781158447266,710.3260037196235,57.73665405140352,1.6359447632719366,3.3831627195540466,-1.74721795628211,12.82982338130298,3161895400.0,0.008526736340439949
2023-09-06 00:00:00+05:30,724.3963832665571,732.4866951258737,721.9603506385305,731.57568359375,6051570,0.0,0.0,707.9386749267578,711.1593244990011,59.69101373233772,2.7979138977594857,3.6361054832332766,-0.8381915854737908,12.665289174591564,3167946970.0,0.009910734637877276
2023-09-07 00:00:00+05:30,730.8031971837886,731.5756198180071,723.2475983180876,729.1395874023438,5496220,0.0,0.0,709.1163269042969,711.8644328481519,58.02618951849544,3.48207105739948,3.456210114298617,0.0258609431008634,12.355488896096622,3162450750.0,-0.0022764128398120144
2023-09-08 00:00:00+05:30,731.793513693284,737.7300475787789,729.813017039175,733.83837890625,6246420,0.0,0.0,710.4373168945312,712.7261562229793,60.32474795319615,4.353242273299088,3.4619050641585796,0.8913372091405084,12.08655827326366,3168697170.0,0.0027943199477756648
2023-09-11 00:00:00+05:30,735.259409227331,737.1409052922484,729.0208566309707,731.9569091796875,4068490,0.0,0.0,712.0764251708985,713.4803033977522,58.93309124614784,4.836085472545278,3.155798610723816,1.6802868618214624,11.803236158121804,3164628680.0,-0.004491612084385397
2023-09-12 00:00:00+05:30,734.8632549641076,738.6262469365216,723.4258989425889,735.8832397460938,9635170,0.0,0.0,714.1225280761719,714.3588499212166,60.957279863111545,5.472480896368552,3.0337552276376716,2.4387256687308803,12.045887003536869,3174263850.0,0.001387992630051968
2023-09-13 00:00:00+05:30,735.685152787422,743.5031823559793,730.8676045403863,740.2997436523438,5798460,0.0,0.0,716.5704223632813,715.3761398714569,63.15710975273383,6.26103054691248,3.0578439025452795,3.2031866443672,12.088007775826593,3180062310.0,0.006272507807772966
2023-09-14 00:00:00+05:30,740.299742138298,743.8447874826013,735.4623695946239,742.1217651367188,6503720,0.0,0.0,719.3978271484375,716.424987921075,64.05686531337379,6.952835769916419,2.999719300439375,3.953116469477044,11.82332278383737,3186566030.0,0.0024611963164514277
2023-09-15 00:00:00+05:30,742.5872404051029,749.1377233808694,738.2845800197749,741.913818359375,7874940,0.0,0.0,722.5176025390625,717.4245498990475,63.86516700382717,7.399025466442822,2.756727197572622,4.6422982688702,11.754024253641447,3178691090.0,-0.0009068591662853027
2023-09-18 00:00:00+05:30,741.5870746771276,748.6277256869259,739.2203667001194,747.5037841796875,7066180,0.0,0.0,724.9954528808594,718.6041277139745,66.74612241168137,8.11020810931393,2.7743278723549842,5.335880236958946,11.586405306010384,3185757270.0,0.007978442052992805
2023-09-20 00:00:00+05:30,741.562283735041,757.242887328704,741.0027910277721,746.5482177734375,8441900,0.0,0.0,727.3178344726563,719.6999743829732,65.78063864905346,8.498750944007156,2.530296565638568,5.968454378368588,11.918811805647636,3177315370.0,0.006723553972140779
2023-09-21 00:00:00+05:30,745.6569359620157,750.9696081793201,735.2593292852546,741.12158203125,6757250,0.0,0.0,729.1386505126953,720.5400374280036,60.43429495277145,8.273418963902827,1.8439716684273915,6.429447295475436,12.189630883391768,3170558120.0,-0.0060823600130727636
2023-09-22 00:00:00+05:30,742.087152984034,750.3111579609803,738.0914671994252,739.8491821289062,5263040,0.0,0.0,730.7918701171875,721.2972587888233,59.21895666519447,7.901090850940136,1.1773148443717592,6.723776006568377,12.191778017546289,3165295080.0,-0.003015779004027431
2023-09-25 00:00:00+05:30,750.1130984818814,777.3350149860975,743.6764844355022,774.3593139648438,23475330,0.0,0.0,733.803955078125,723.3781236976869,74.30926085302083,10.272284859309707,2.838807082193064,7.433477777116643,13.998496220378069,3188770410.0,0.032323413005363004
2023-09-26 00:00:00+05:30,774.3642483627634,782.2911907362349,769.9180432240559,779.3897705078125,12468200,0.0,0.0,736.9482391357421,725.5746588667114,75.71965341840789,12.414284848106035,3.984645656791514,8.429639191314521,13.882399884078135,3201238610.0,0.006489868502677559
2023-09-27 00:00:00+05:30,777.8400389937203,777.8400389937203,766.7245260115826,776.112060546875,7441100,0.0,0.0,739.6427032470704,727.5565177561296,72.91096191079087,13.689546895457283,4.207926163314209,9.481620732143075,13.795460213517545,3193797510.0,-0.002221508742441166
2023-09-28 00:00:00+05:30,772.8640448983173,775.2654454620874,764.2786087591097,766.3532104492188,7775050,0.0,0.0,741.9742431640625,729.0779566852702,65.16105732263891,13.75419382624193,3.4180584752790857,10.336135350962845,13.65531675453524,3186022460.0,-0.00842429466356548
2023-09-29 00:00:00+05:30,766.3531715645431,777.1468416018153,764.9667997902343,773.4581909179688,5730050,0.0,0.0,745.1814086914062,730.818358027729,67.84116794658904,14.214879250133208,3.10299511933629,11.111884130796918,13.549939972895649,3191752510.0,0.009271207606436113
2023-10-03 00:00:00+05:30,770.4924036370801,789.772508762903,767.9375461348742,788.990234375,9445550,0.0,0.0,748.38486328125,733.0996080805633,72.77232374472047,15.652845607302538,3.6327691812044947,12.020076426098043,14.141727305405162,3201198060.0,0.024007804166013325
2023-10-04 00:00:00+05:30,794.6742368478396,796.4566716462357,774.3741473084243,777.7459716796875,11763840,0.0,0.0,751.2753967285156,734.8504458687642,65.0016303132318,15.704099197968048,2.947218217496003,12.756880980472046,14.708927093434177,3189434220.0,-0.02130214417834889
2023-10-05 00:00:00+05:30,783.7666789538623,783.7666789538623,775.0574618814913,777.43408203125,7950610,0.0,0.0,753.779736328125,736.5203923849401,64.79495462921147,15.540410965731326,2.226823988207423,13.313586977523903,14.280376377643947,3181483610.0,-0.008079696538088077
2023-10-06 00:00:00+05:30,777.344940938563,811.2114459948342,776.8498167723601,808.8892822265625,21450340,0.0,0.0,757.6454162597656,739.3583880650037,73.83177385550084,17.744313238496943,3.5445810087784313,14.199732229718512,15.714751580846102,3202933950.0,0.040579592953821735
2023-10-09 00:00:00+05:30,802.304144113709,805.5669953523961,793.9810781069081,794.941650390625,7478000,0.0,0.0,760.9355194091797,741.5381238424791,65.76998971906276,18.15617130302769,3.1651512586473416,14.991020044380349,15.65714104790384,3195455950.0,-0.009176686643214554
2023-10-10 00:00:00+05:30,797.6450161467271,805.5670026509778,794.2781477064365,800.4771118164062,9650240,0.0,0.0,764.2674560546875,743.8494567042018,67.29623271242804,18.713519458172186,2.9779995310334684,15.735519927138718,15.345120611949373,3205106190.0,0.003550571510319767
2023-10-11 00:00:00+05:30,806.0423138121209,809.3299455103175,801.6505648997934,802.2942504882812,7123720,0.0,0.0,767.7843231201172,746.1414094016168,67.80373853006809,19.081885690777654,2.6770926109111457,16.404793079866508,14.88138583208951,3212229910.0,-0.00464995851906767
2023-10-12 00:00:00+05:30,804.5767409542985,804.7748027016023,792.4956996482852,793.6146850585938,7640920,0.0,0.0,770.6708953857421,748.0031064862042,62.791425588596184,18.46064734084075,1.6446834087793931,16.815963932061358,14.695508490748628,3204588990.0,-0.013624624399038474
2023-10-13 00:00:00+05:30,792.1540775787929,800.4077582883909,787.8464613086277,797.313232421875,6622820,0.0,0.0,773.5215698242188,749.936836915054,64.01226064255941,18.058585205729287,0.9940970189343403,17.064488186794947,14.54306481139253,3211211810.0,0.006512817378723811
2023-10-16 00:00:00+05:30,796.5854117600973,799.0313564255298,790.4805529095859,795.7634887695312,4382460,0.0,0.0,776.2036560058593,751.7339605171903,63.07834507388891,17.41415714235552,0.27973516444845714,17.134421977907063,14.115046147431915,3206829350.0,-0.0010318077364107467
2023-10-17 00:00:00+05:30,800.1206482472171,807.9436342068068,797.8975455882122,801.407958984375,8382830,0.0,0.0,779.1783630371094,753.68196045708,65.07685278332733,17.16108255551353,0.02132846208517236,17.13975409342836,13.976838953849317,3215212180.0,0.001608895783377095
2023-10-18 00:00:00+05:30,797.1499022078191,800.5761831732102,777.3449356933392,778.9838256835938,15446420,0.0,0.0,780.7523651123047,754.674190465963,52.84011652382613,14.978417102449384,-1.7290695927831798,16.707486695232564,14.697280692219783,3199765760.0,-0.022788783482142846
2023-10-19 00:00:00+05:30,776.6814600741096,784.5737099530811,765.5609306516743,776.5081787109375,10614530,0.0,0.0,782.2503631591796,755.5304252990993,51.684647393940395,12.900169856760385,-3.045853470777743,15.946023327538128,15.005530592876,3189151230.0,-0.00022310480174921212
2023-10-20 00:00:00+05:30,773.3839189344505,775.597109369729,764.7192463471567,769.3436889648438,7711530,0.0,0.0,783.6614685058594,756.0721219134423,48.386997900178514,10.553376737438043,-4.31411727208007,14.867494009518113,14.775773576512053,3181439700.0,-0.005224093584947213
2023-10-23 00:00:00+05:30,772.3937028505403,780.8009015611734,768.566402698476,772.2847900390625,8822300,0.0,0.0,785.2832489013672,756.7079128203294,49.802892721594446,8.82907250756557,-4.830737201562036,13.659809709127606,14.594253954096718,3190262000.0,-0.00014100686097758436
2023-10-25 00:00:00+05:30,772.2847398154616,778.033123785049,760.1145498637628,761.9415893554688,7087740,0.0,0.0,784.6623626708985,756.9131550373937,45.1155391986226,6.552407059172879,-5.685922119963783,12.238329179136661,14.83170538032454,3183174260.0,-0.013392923525155252
2023-10-26 00:00:00+05:30,755.0742705350392,758.1341040557398,732.902595722358,734.9425048828125,13246300,0.0,0.0,782.4399993896484,756.0515609136846,35.67639064193866,2.5402503874375952,-7.758463033359254,10.29871342079685,15.846511684094983,3169927960.0,-0.026661967488259806
2023-10-27 00:00:00+05:30,743.6715123785847,747.5384609760737,734.42752279992,743.399169921875,9119440,0.0,0.0,780.8043548583985,755.5553887179274,39.9166788326234,0.04247983136008315,-8.204986871549414,8.247466702909497,15.65111357638489,3179047400.0,-0.0003662133780526437
2023-10-30 00:00:00+05:30,743.2605626648003,745.3450159302464,728.0800397779321,742.9882202148438,7992760,0.0,0.0,779.6361053466796,755.0625585805516,39.77944603116856,-1.9477293254592496,-8.156156822694998,6.208427497235748,15.76638947466556,3171054640.0,-0.00036641584881100513
2023-10-31 00:00:00+05:30,749.5981671355751,750.5785033192482,738.7747600601365,741.9584350585938,7494100,0.0,0.0,778.0611175537109,754.548671383612,39.41377196203863,-3.5669617619222436,-7.820311407326394,4.253349645404151,15.48334331641171,3163560540.0,-0.01019176995346037
2023-11-01 00:00:00+05:30,744.6667173666049,747.538461596263,738.4925337567952,739.9036254882812,4627780,0.0,0.0,775.606787109375,753.974355858305,38.650291645755466,-4.958858459780799,-7.36976648414796,2.410908024367161,15.023527925201433,3158932760.0,-0.006396273349193766
2023-11-02 00:00:00+05:30,745.6569480945922,754.0740583984489,733.8927937994172,737.6458129882812,8550300,0.0,0.0,773.6017791748047,753.3340208437943,37.784205451292806,-6.172975006994534,-6.867106425089355,0.6941314180948219,15.391937687617881,3150382460.0,-0.010743727563703523
2023-11-03 00:00:00+05:30,745.4589027338948,746.4441949500368,730.0555977921437,733.9225463867188,11387550,0.0,0.0,771.4262023925781,752.57278655136,36.33812709803101,-7.350871346879217,-6.436002211979231,-0.9148691348999859,15.463127649780402,3138994910.0,-0.015475509521541173
2023-11-06 00:00:00+05:30,738.3291249542219,749.8110856804329,737.0022260486762,748.8307495117188,6340430,0.0,0.0,768.4232757568359,752.4260400007859,45.356102550611574,-7.000695622038052,-4.868661189710452,-2.1320344323275995,15.493514195775672,3145335340.0,0.014223500336855802
2023-11-07 00:00:00+05:30,756.549737879262,756.549737879262,737.3388957518926,742.2505493164062,15630070,0.0,0.0,765.788720703125,752.0270011504181,42.49479917350586,-7.171477669471983,-4.0315545897155065,-3.1399230797564766,15.759037619460942,3129705270.0,-0.018900526755767342
2023-11-08 00:00:00+05:30,745.3599076549935,746.2510948612054,733.4422355156058,738.7202758789062,9167170,0.0,0.0,762.70087890625,751.5051687868295,41.00038812932941,-7.505172280914849,-3.4921993609266977,-4.012972919988151,15.548310599899414,3120538100.0,-0.008907954007046755
2023-11-09 00:00:00+05:30,741.2008322502809,741.2008322502809,729.4861782589286,731.4666748046875,7717910,0.0,0.0,759.1595001220703,750.7193454934121,38.040277330868925,-8.259719742741595,-3.3973974582027546,-4.86232228453884,15.274477985003191,3112820190.0,-0.01313295536385266
2023-11-10 00:00:00+05:30,729.8129938282738,738.1311036869679,727.4809784330153,737.2200317382812,4962610,0.0,0.0,756.3397674560547,750.1899606402698,41.63936434997998,-8.29780429798609,-2.7483856107577997,-5.5494186872282905,14.944167075642438,3117782800.0,0.010149227230325769
2023-11-13 00:00:00+05:30,737.5171991246241,737.7350247516235,724.7627954722446,728.906982421875,7322400,0.0,0.0,752.9194549560547,749.35533404347,38.18768870757095,-8.89622998562038,-2.6774490387136716,-6.218780946906708,14.803314375909327,3110460400.0,-0.011674597843912992
2023-11-15 00:00:00+05:30,736.6853213650087,740.3294278495129,704.9725954398369,715.3850708007812,19234400,0.0,0.0,748.9005340576172,748.0231668574822,33.345657430122785,-10.342371494302938,-3.298872437916984,-7.043499056385954,16.271422806892655,3091226000.0,-0.02891363509830775
2023-11-16 00:00:00+05:30,687.6829131673605,730.8725839221772,686.3658659801447,729.0653686523438,45570430,0.0,0.0,745.2834045410157,747.2797237906141,41.436166635988,-10.266220750903472,-2.578177355614013,-7.6880433952894585,18.28822960225979,3136796430.0,0.06017665219335181
2023-11-17 00:00:00+05:30,707.0868016764207,718.9202812029463,703.8734507092711,715.0582885742188,20800340,0.0,0.0,742.0871276855469,746.0161380958535,36.54500341445547,-11.206938428250965,-2.8151160263692034,-8.391822401881761,18.78135019803214,3115996090.0,0.011273703424952338
2023-11-20 00:00:00+05:30,708.1264937547248,716.8407266372312,698.1349228382408,699.9668579101562,19029400,0.0,0.0,738.2600616455078,744.2102839709243,32.142678132267584,-13.020128360306103,-3.702644766739473,-9.31748359356663,18.77595402667202,3096966690.0,-0.011522850672206106
2023-11-21 00:00:00+05:30,701.5909414931566,705.9331900886705,696.1445756805774,703.3882446289062,16662250,0.0,0.0,734.962289428711,742.609419683002,34.08141311395569,-14.019410097482705,-3.761541203132861,-10.257868894349844,18.134001196773525,3113628940.0,0.002561753622309525
2023-11-22 00:00:00+05:30,701.7345242075622,710.7853477134379,699.6599225952698,705.8836669921875,10414040,0.0,0.0,731.6422332763672,741.1691940872838,35.52824413087752,-14.44349275036518,-3.3484990848122695,-11.094993665552911,17.63338861973028,3124042980.0,0.005912695815145638
2023-11-23 00:00:00+05:30,706.5421629793533,709.0177837326096,698.7191772230794,700.4669799804688,6061580,0.0,0.0,728.5685028076172,739.5730288281931,33.7943279536666,-15.04325341950846,-3.158607803164438,-11.884645616344022,17.10947561185884,3117981400.0,-0.00859847199106513
2023-11-24 00:00:00+05:30,703.8685181816903,704.7399415687125,694.263097056534,695.2335815429688,7264990,0.0,0.0,726.583056640625,737.8342269738706,32.16119596200301,-15.759197369897038,-3.099641402842412,-12.659555967054626,16.635716247595962,3110716410.0,-0.012267826185817027
2023-11-28 00:00:00+05:30,696.6396903589022,706.5421735196542,696.1346540473102,705.804443359375,7281580,0.0,0.0,724.7033203125,736.5781570282041,38.61412919683118,-15.29727049245514,-2.1101716203204113,-13.18709887213473,16.25520737110235,3117997990.0,0.013155657260572174
2023-11-29 00:00:00+05:30,706.4431571410454,709.8693775568349,704.4676166296409,706.0569458007812,6824300,0.0,0.0,722.8567565917969,735.3812467839915,38.76396855201819,-14.740891456484292,-1.2430340674796483,-13.497857389004643,15.47996119653747,3124822290.0,-0.0005466983951364548
2023-11-30 00:00:00+05:30,706.2450945281743,709.3742525399076,701.6552840205538,705.2449340820312,12719340,0.0,0.0,721.0210815429688,734.1994305996009,38.43902254199661,-14.201770451946118,-0.563130450353178,-13.63864000159294,14.925604576738635,3112102950.0,-0.0014161662203277985
2023-12-01 00:00:00+05:30,709.0177815702557,720.8858929195809,707.2353467213392,718.8558959960938,9004770,0.0,0.0,719.9686950683594,733.5977233602478,46.53005460037978,-12.531763923030098,0.8855008628502752,-13.417264785880374,14.976701309653707,3121107720.0,0.013875694914237085
2023-12-04 00:00:00+05:30,726.8422763233547,734.7642629862795,724.3716115680519,733.5413208007812,11014260,0.0,0.0,719.7634704589843,733.5955114951707,53.613894043069934,-9.90905524589266,2.8065676319901716,-12.715622877882831,15.04324885826314,3132121980.0,0.00921664121040524
2023-12-05 00:00:00+05:30,735.7544938876816,736.7447421970863,724.8667185609739,727.8126831054688,15222420,0.0,0.0,719.4579772949219,733.3687339112608,50.787298888880784,-8.198288146953587,3.6138677847433964,-11.812155931696983,14.81716134239523,3116899560.0,-0.010794104348923297
2023-12-06 00:00:00+05:30,731.7934424620955,738.6261794296724,729.3227779617806,735.46728515625,7018000,0.0,0.0,718.7898040771485,733.4510300385153,54.25755536872863,-6.1538922431986975,4.526610950798629,-10.680503193997327,14.531185269667263,3123917560.0,0.00502032743255248
2023-12-07 00:00:00+05:30,731.7934675239159,736.744708846811,725.4558544546269,731.9122924804688,6688620,0.0,0.0,718.2728912353516,733.3906873891801,52.409170381233395,-4.76561689395794,4.731909040031509,-9.497525933989449,14.299590206989897,3117228940.0,0.00016237498942828647
2023-12-08 00:00:00+05:30,731.8479427403227,732.595585034497,720.3066303487229,723.6338500976562,11443880,0.0,0.0,717.5185699462891,733.0080663189243,48.2841035727608,-4.284016318749082,4.1708076921922945,-8.454824010941376,14.155973384045913,3105785060.0,-0.011223769533203374
2023-12-11 00:00:00+05:30,725.356856567576,728.0998636116965,719.9154471681803,722.163330078125,5900550,0.0,0.0,717.0534027099609,732.5827825447753,47.567886691382135,-3.975179672280319,3.583715470928846,-7.558895143209165,13.729433602579501,3099884510.0,-0.004402697045648515
2023-12-12 00:00:00+05:30,720.9008184888067,728.2286806549259,720.9008184888067,724.3221435546875,6333120,0.0,0.0,716.4085083007812,732.258835917713,48.76931917603843,-3.5156994050103094,3.2345565905590847,-6.750255995569394,13.272178499975192,3106217630.0,0.00474590259593924
2023-12-13 00:00:00+05:30,722.8663544785938,723.3268465085572,713.67192606828,718.72216796875,6829550,0.0,0.0,715.899267578125,731.7279861942243,45.83533279749215,-3.562364491297899,2.550313203417196,-6.112677694715095,13.084895570434647,3099388080.0,-0.005732991284167687
2023-12-14 00:00:00+05:30,729.664416152559,743.8002344327562,722.891151808195,740.13134765625,17295670,0.0,0.0,717.1365814208984,732.0575297809704,56.58807078698032,-1.8504739201124494,3.4097630196821163,-5.260236939794566,13.941550634261183,3116683750.0,0.01434485672041119
2023-12-15 00:00:00+05:30,745.5431222351219,745.5480783119598,737.2398803329062,744.1765747070312,11739380,0.0,0.0,717.8921417236328,732.5327864447376,58.273619309928186,-0.16546491675524067,4.0758176184314605,-4.241282535186701,13.539168301746356,3128423130.0,-0.001832955716892402
2023-12-18 00:00:00+05:30,747.4394346604513,753.5789864541146,745.2608762252853,751.36083984375,10827980,0.0,0.0,719.7072692871094,733.271141479993,61.15803282850484,1.7296882439807177,4.7767766233339355,-3.0470883793532173,13.243685690698994,3139251110.0,0.005246452088897515
2023-12-19 00:00:00+05:30,756.6486569787952,756.7080694556731,746.1520497973105,755.8218383789062,7914080,0.0,0.0,722.5000183105469,734.1554825348524,62.87419036591496,3.550646435464614,5.278187851854265,-1.7275414163896512,13.05170954553211,3147165190.0,-0.0010927378146554
2023-12-20 00:00:00+05:30,757.5399015709938,761.9960186390584,738.740053290537,742.0870971679688,8745460,0.0,0.0,724.4349609375,734.466526245955,54.840252564569944,3.8412110024445383,4.455001935067352,-0.6137909326228134,13.780584960031344,3138419730.0,-0.020398667279411822
2023-12-21 00:00:00+05:30,735.4177958702268,740.4086861194342,723.4259031369239,729.5308227539062,9130820,0.0,0.0,725.617318725586,734.2729692462669,48.71224608956589,3.023446695652524,2.9097901026202697,0.11365659303225412,14.129199893675166,3129288910.0,-0.00800493698871457
2023-12-22 00:00:00+05:30,734.6603044908218,736.7447578857187,717.2368536870428,722.4158935546875,11294850,0.0,0.0,726.7147644042968,733.8079858858129,45.60264774820931,1.780720232038334,1.3336509112048638,0.4470693208334701,14.513393058318082,3117994060.0,-0.016666765389781915
2023-12-26 00:00:00+05:30,725.3569041575115,727.2384001668058,707.5572145420542,709.2455444335938,12258440,0.0,0.0,727.4153625488282,732.8447528876867,40.454569777949274,-0.2638451064592573,-0.568731541834182,0.30488643537492466,14.88252109877762,3105735620.0,-0.022211630759385686
2023-12-27 00:00:00+05:30,714.9494086011653,725.1985154604574,712.0777246017223,716.2268676757812,16052790,0.0,0.0,727.9364837646484,732.1930711146708,44.05957549017322,-1.3057910804756148,-1.2885420126804314,-0.01724906779518323,14.958981807926623,3121788410.0,0.001786782476141079
2023-12-28 00:00:00+05:30,720.4056256712173,721.8909980952816,712.9787635508955,718.7865600585938,18560640,0.0,0.0,728.572964477539,731.66732558306,45.36562080351886,-1.903057723819984,-1.5086469248198404,-0.3944107990001434,14.527071289102302,3140349050.0,-0.002247436103951909
2023-12-29 00:00:00+05:30,716.1129397045275,727.139364959041,713.4888177917735,725.6292724609375,9128020,0.0,0.0,729.5921813964844,731.430539186114,48.8065228556198,-1.8034570080330923,-1.127236967226359,-0.6762200408067333,14.464462423256961,3149477070.0,0.013288871389946461
2024-01-01 00:00:00+05:30,726.540189480239,726.540189480239,720.2075326465649,722.7871704101562,3314890,0.0,0.0,729.7887451171875,731.0915835478411,47.46926586420254,-1.9315904340967336,-1.004296314632,-0.9272941194647334,13.883619166858182,3146162180.0,-0.005165604221794779
2024-01-02 00:00:00+05:30,725.2578361551232,737.2497278525203,720.9056757935175,735.7593994140625,11129900,0.0,0.0,729.8996490478515,731.274635150438,53.704280398774856,-0.9751457569506101,-0.038281309988701384,-0.9368644469619087,14.05936437343994,3157292080.0,0.014479765312998516
2024-01-03 00:00:00+05:30,737.2349226396825,741.2850648866578,729.6347788255267,731.278564453125,5534050,0.0,0.0,730.0729431152344,731.2747892407396,51.43337998261354,-0.5721272659628767,0.2917897447992257,-0.8639170107621024,13.887287351132164,3151758030.0,-0.00807932180590505
2024-01-04 00:00:00+05:30,748.6277147319797,765.8531032497017,748.6277147319797,763.040771484375,29118790,0.0,0.0,731.4516174316407,732.5205140346077,63.2848227752426,2.2838852438961794,2.5182418037266254,-0.23435655983044607,15.364948168663917,3180876820.0,0.019252635814525482
2024-01-05 00:00:00+05:30,765.9521327919327,771.3044540659923,759.8274492435925,763.5953369140625,10526010,0.0,0.0,733.0357696533204,733.7391345396844,63.45251681379368,4.539713538103797,3.8192560783473946,0.7204574597564026,15.087237929645056,3191402830.0,-0.003076949298750047
2024-01-08 00:00:00+05:30,760.2136017994962,775.364388099659,755.6881599954684,766.0560302734375,11212090,0.0,0.0,735.1568786621094,735.0064637841454,64.23314132031847,6.4516603780388095,4.584962334625925,1.8666980434128844,15.415022942112596,3202614920.0,0.007685245909980673
2024-01-09 00:00:00+05:30,769.819049112983,773.3839188008701,762.2931258030577,765.0113525390625,12470830,0.0,0.0,737.2992797851563,736.1831260882598,63.61193928978222,7.792765115666839,4.7408536578031635,3.0519114578636755,15.106149374662582,3190144090.0,-0.006245229420420393
2024-01-10 00:00:00+05:30,764.0755376906785,765.9818139542482,758.5301715783603,760.5651245117188,5590720,0.0,0.0,739.1114288330078,737.1392828891798,60.91190092633238,8.39999690375646,4.278468356714227,4.1215285470422325,14.559398874750105,3184553370.0,-0.004594327400625264
2024-01-11 00:00:00+05:30,760.5106951884425,771.7302253622628,757.6439070161832,759.4956665039062,6517410,0.0,0.0,741.1501037597657,738.0160038152475,60.2494690671885,8.694708954727616,3.6585443261483075,5.036164628579309,14.525607408416494,3178035960.0,-0.0013346672058105783
2024-01-12 00:00:00+05:30,760.9068186409335,764.367731617625,754.272142936446,758.6341552734375,8086380,0.0,0.0,742.075244140625,738.8245587743921,59.68635547634677,8.757799164827475,2.977307628998532,5.780491535828943,14.209177499328103,3169949580.0,-0.0029867827594911057
2024-01-15 00:00:00+05:30,762.2881976523622,762.2881976523622,738.1311306973521,740.5076904296875,9972200,0.0,0.0,741.8917999267578,738.8905639373448,49.25521374449309,7.2614390380273335,1.1847580017587118,6.076681036268622,14.919741031876818,3159977380.0,-0.028572536331734743
2024-01-16 00:00:00+05:30,740.2106210825511,754.024597269676,735.5465297251031,738.3934936523438,11947230,0.0,0.0,741.2434326171875,738.8710709849919,48.197189841856165,5.837671799315672,-0.1912073895623605,6.028879188878032,15.173907211355102,3148030150.0,-0.002454878893185646
2024-01-17 00:00:00+05:30,723.2080403839248,740.5274730619607,723.0990671391891,728.7088623046875,13802710,0.0,0.0,739.8877838134765,738.472552997529,43.57927766555674,3.883095287699348,-1.716627120942948,5.599722408642296,15.33494283359914,3134227440.0,0.007606140437601552
2024-01-18 00:00:00+05:30,722.4851377926755,728.0057841706555,716.3456466651947,719.4698486328125,16869960,0.0,0.0,738.7569213867188,737.727348904795,39.673957243909406,1.5704647900987538,-3.223406094834834,4.793870884933588,15.122676605448682,3117357480.0,-0.00417349645291697
2024-01-19 00:00:00+05:30,728.822725016226,731.6746448623555,719.0440233728357,724.7725830078125,8308100,0.0,0.0,738.519009399414,737.2193188696193,42.84007623258869,0.16368791402885563,-3.704146376723786,3.8678342907526417,14.944672668596622,3125665580.0,-0.005557101705799961
2024-01-23 00:00:00+05:30,728.119643457653,728.327617356956,697.3922704451179,700.1748657226562,25332970,0.0,0.0,737.4069580078125,735.7665952167972,33.94129680027032,-2.9025641559419455,-5.41631875735567,2.5137546014137246,16.086863685971014,3100332610.0,-0.038379376227640476
2024-01-24 00:00:00+05:30,703.4724066621394,703.4724066621394,692.8569136057544,698.64990234375,20636750,0.0,0.0,736.8771759033203,734.3110386335404,33.47702072892354,-5.393470244909395,-6.325779877058496,0.9323096321491007,15.696051498143445,3079695860.0,-0.006855285683871232
2024-01-25 00:00:00+05:30,698.6499330381237,705.6311716742536,696.7387005747084,701.6404418945312,11683490,0.0,0.0,736.1478546142578,733.0298387614225,35.34480249531949,-7.045009236546207,-6.381855094956246,-0.6631541415899608,15.210081469672135,3091379350.0,0.004280410996968351
2024-01-29 00:00:00+05:30,701.6403800463395,715.4493990390442,701.6007918750287,712.15185546875,18603610,0.0,0.0,735.8161193847657,732.2110943185727,41.55619766916907,-7.420147714255108,-5.405594858132118,-2.0145528561229904,15.112833304982379,3109982960.0,0.014981286313248231
2024-01-30 00:00:00+05:30,692.035041750259,692.035041750259,673.8640085323162,675.0720825195312,41531470,0.0,0.0,733.2882598876953,729.9703487578261,30.444972861737472,-10.587430144713949,-6.858301830872766,-3.7291283138411826,16.768191421514622,3068451490.0,-0.024511705632457425
2024-01-31 00:00:00+05:30,675.3493297640779,685.350813257621,674.5571432247804,679.5974731445312,18105120,0.0,0.0,731.128775024414,727.9949418710302,32.80631165436373,-12.587264931885784,-7.086509294435681,-5.500755637450103,16.34143989375219,3086556610.0,0.006290290362674069
2024-02-01 00:00:00+05:30,679.8946041704468,681.2858715976015,666.7341656345251,667.754150390625,19111370,0.0,0.0,727.7285125732421,725.6325578914065,29.941443216045457,-14.95540893147006,-7.563722635215965,-7.391686296254095,16.213601755846778,3067445240.0,-0.017856376128524483
2024-02-02 00:00:00+05:30,668.9127002015551,684.26154824467,668.7146384613944,678.1517333984375,13675080,0.0,0.0,725.0721710205078,723.770564774035,35.28460583406209,-15.81092357517673,-6.735389823138107,-9.075533752038623,16.234587191432368,3081120320.0,0.013812016417237224
2024-02-05 00:00:00+05:30,682.6771663430438,682.7761669918606,653.5638436760377,654.3758544921875,17712220,0.0,0.0,719.6389251708985,721.0492035865117,29.70551795644091,-18.19766842444642,-7.2977077379262365,-10.899960686520183,17.16156834317455,3063408100.0,-0.04145636216670383
2024-02-06 00:00:00+05:30,658.3170494773939,663.3673520078908,647.1272559160342,653.3806762695312,24395330,0.0,0.0,714.1281921386719,718.395535848591,29.495295238558448,-19.939631815003963,-7.2317369027870235,-12.70789491221694,17.095748896651838,3039012770.0,-0.007498473891541132
2024-02-07 00:00:00+05:30,657.6238796324179,667.1897121699404,656.0642868934387,664.3773803710938,15382370,0.0,0.0,709.0442596435547,716.2771768102577,34.97165042347793,-20.19995571899142,-5.993648645419581,-14.206307073571837,16.860983682634505,3054395140.0,0.010269549126547423
2024-02-08 00:00:00+05:30,666.6203230857526,667.1798158127153,647.295612319553,651.1526489257812,21932090,0.0,0.0,703.3513244628906,713.7232737559646,31.77518104131643,-21.22867859987275,-5.617897221040732,-15.61078137883202,17.076927954815062,3032463050.0,-0.023203124213753718
2024-02-09 00:00:00+05:30,651.5833319957483,661.2580764939784,650.7911455038052,658.960693359375,12098740,0.0,0.0,698.2711029052734,711.5757215835494,35.522353611992465,-21.169871858283614,-4.447272383561277,-16.722599474722337,16.6047853144835,3044561790.0,0.01132220700156718
2024-02-12 00:00:00+05:30,660.4411921156972,660.6788420489693,648.7612297670458,650.5089721679688,5447840,0.0,0.0,692.8217681884765,709.1809470966639,33.38488957814345,-21.556757476486496,-3.8673264014113258,-17.68943107507517,16.26998724072921,3039113950.0,-0.015038765095664219
2024-02-13 00:00:00+05:30,653.5638620184816,657.4258544700286,648.9195951874489,653.92529296875,9480140,0.0,0.0,687.5863250732422,707.0140586994908,35.08524103595446,-21.341684920013677,-2.9218030759508054,-18.41988184406287,15.715435243718536,3048594090.0,0.0005530155066287815
2024-02-14 00:00:00+05:30,649.9841621187883,659.1092666665107,648.6126585063619,658.1685791015625,6361260,0.0,0.0,683.469369506836,705.0985496956504,37.228414867919646,-20.5914749358858,-1.737274473458342,-18.854200462427457,15.342661880606416,3054955350.0,0.012591717552155487
2024-02-15 00:00:00+05:30,658.1190193293368,661.2284136071314,652.1428972206108,655.4849853515625,8808590,0.0,0.0,679.3239440917969,703.1529197213724,36.40970459189311,-19.983118752470773,-0.9031346320346536,-19.07998412043612,14.895722916743141,3046146760.0,-0.004002367201693253
2024-02-16 00:00:00+05:30,658.5200867414612,659.5053789814693,653.7619508320854,655.4651489257812,10294310,0.0,0.0,675.6617584228516,701.2828110627217,36.40333182307377,-19.280340958946113,-0.16028547080799527,-19.120055488138117,14.241987576217484,3035852450.0,-0.004639095871466353
2024-02-19 00:00:00+05:30,658.4061857771701,674.0520963321586,656.0692143689985,664.73388671875,13158810,0.0,0.0,672.9249603271485,699.8495199119777,41.551211426033326,-17.770626100660593,1.0795435099820203,-18.850169610642613,14.552341849800333,3049011260.0,0.009610634101365267
2024-02-20 00:00:00+05:30,664.6447157709205,672.5766138096742,661.6096025107472,669.7642822265625,11067090,0.0,0.0,670.1745452880859,698.6697066694124,44.19155334929201,-15.984001699948635,2.2929343285551838,-18.27693602850382,14.296246810452237,3060078350.0,0.007702711439906434
2024-02-21 00:00:00+05:30,672.3786079480387,672.3786079480387,660.0054600493464,662.3572998046875,8549440,0.0,0.0,668.2836669921875,697.2456907139331,41.23761096964066,-14.99294127492567,2.62719580286252,-17.62013707778819,14.158882602469385,3051528910.0,-0.014904263795563345
2024-02-22 00:00:00+05:30,662.5800640530639,664.1446732775539,649.7018801808894,660.9857788085938,10223740,0.0,0.0,666.4004608154297,695.8237333843119,40.69517127522913,-14.155018784639537,2.772094634518922,-16.92711341915846,14.179161923483326,3041305170.0,-0.0024061775036178295
2024-02-23 00:00:00+05:30,660.8917874071196,665.3479050794903,656.7921446429474,663.2534790039062,12803110,0.0,0.0,664.4811126708985,694.546468506649,42.052425152262416,-13.15631688881058,3.0166372242783055,-16.172954113088885,13.777490388701866,3054108280.0,0.0035734921235021713
2024-02-26 00:00:00+05:30,662.4760781606462,664.2585129197239,655.9602277631728,657.8466796875,8920560,0.0,0.0,661.7658538818359,693.1072611019765,39.71841754041753,-12.655240227702734,2.8141711083089227,-15.469411336011657,13.386118586405379,3045187720.0,-0.006988023606829225
2024-02-27 00:00:00+05:30,656.6335878112523,657.7228971459333,642.7800245187417,649.2315063476562,11503060,0.0,0.0,660.4738250732422,691.3866432684737,36.26457694210884,-12.805689831122095,2.1309772039116517,-14.936667035033746,13.506156913716302,3033684660.0,-0.011272773127962068
2024-02-28 00:00:00+05:30,650.7911907247948,653.2420310757832,641.1857701876596,643.5326538085938,5353210,0.0,0.0,658.6705841064453,689.5100162308313,34.14914861038287,-13.23223898414085,1.363542440714319,-14.595781424855168,13.40259291188825,3028331450.0,-0.01115340376398933
2024-02-29 00:00:00+05:30,643.5624191473722,647.5234125000196,630.411892205401,643.200927734375,16990980,0.0,0.0,657.4429229736328,687.6939735446958,34.02472945331114,-13.44209764859022,0.9229470210119608,-14.365044669602181,13.667516296368989,3011340470.0,-0.0005617037326016474
2024-03-01 00:00:00+05:30,644.8249414375381,654.4254062085582,643.8693856495598,650.7367553710938,9190800,0.0,0.0,656.0721740722656,686.2446708712213,39.42410167920024,-12.852181888764107,1.2102902246704605,-14.062472113434568,13.493013594784292,3020531270.0,0.009168091296804034
2024-03-04 00:00:00+05:30,652.3755415311873,657.5198884941394,649.3503403500013,653.8064575195312,3971180,0.0,0.0,656.0437042236329,684.9725840731159,41.523493367924395,-11.99865704071999,1.651052058171663,-13.649709098891654,13.112766062595282,3024502450.0,0.00219339306465329
2024-03-05 00:00:00+05:30,653.8064656505397,657.1535096458084,621.0837284185262,626.2577514648438,17175580,0.0,0.0,654.6875579833984,682.6700416178895,31.104846412739796,-13.390821736321868,0.20710989005582903,-13.597931626377697,14.75255286007292,3007326870.0,-0.042135885209218474
2024-03-06 00:00:00+05:30,627.074736624053,628.4016959410087,612.7458727194027,624.970458984375,21047920,0.0,0.0,652.7172119140625,680.4073128871635,30.71700249781716,-14.431637103268827,-0.6669643815129032,-13.764672721755923,14.817072171611,2986278950.0,-0.0033557046979865333
2024-03-07 00:00:00+05:30,628.8076887541055,640.5520194274496,626.3716561070027,635.8433837890625,14694210,0.0,0.0,651.9517486572265,678.6597078244928,37.774506102138524,-14.21527181257386,-0.36047927265434865,-13.854792539919512,14.871678476715546,3000973160.0,0.011188945620078654
2024-03-11 00:00:00+05:30,648.6126499090793,648.8107116611659,634.1550486061743,637.1010131835938,12039710,0.0,0.0,650.8587646484375,677.0299550934772,38.55417072364663,-13.783433734971823,0.057087043958151895,-13.840520778929974,14.856248803735262,3013012870.0,-0.017748091603053445
2024-03-12 00:00:00+05:30,634.2540337325687,642.1760201023744,627.9511129974856,637.3287353515625,10946770,0.0,0.0,650.1997528076172,675.4730445153629,38.70393539624283,-13.269857019918959,0.4565310072088131,-13.726388027127772,14.811152968103377,3023959640.0,0.004847744681889147
2024-03-13 00:00:00+05:30,637.645630770947,645.141817728587,632.922187432589,639.3191528320312,11321830,0.0,0.0,649.4694458007813,674.0552448415067,40.07867959927177,-12.557478916863829,0.9351272882111559,-13.492606205074985,14.626044205810132,3035281470.0,0.002624533095382207
2024-03-14 00:00:00+05:30,639.3191615134027,640.6906651114307,623.6386179970806,633.5064086914062,12198650,0.0,0.0,648.2363372802735,672.4650944042478,37.437954858999795,-12.319937440880608,0.9381350113555023,-13.25807245223611,14.7993301278487,3023082820.0,-0.009092098550959214
2024-03-15 00:00:00+05:30,631.2882459253532,651.3853182060526,629.7979174019647,645.0823974609375,19705000,0.0,0.0,647.7162078857422,671.391263151569,45.18397843260504,-11.069990599838547,1.7504654819180523,-12.8204560817566,15.284192319008643,3042787820.0,0.0218507973570213
2024-03-18 00:00:00+05:30,645.0823990470801,649.1077608051406,639.3141906102095,644.1218872070312,6764250,0.0,0.0,647.1490447998046,670.3218758596263,44.68955111090994,-10.041155680817042,2.2234403207516475,-12.26459600156869,14.892005024431677,3036023570.0,-0.0014889754261901125
2024-03-19 00:00:00+05:30,644.6218772288274,660.2182872373994,644.1564895603858,653.1925048828125,14080870,0.0,0.0,646.5719757080078,669.6501358213199,50.22839562588999,-8.397077275187144,3.0940149811052375,-11.491092256292381,14.978033239141427,3050104440.0,0.013295589176758075
2024-03-20 00:00:00+05:30,654.5540835543233,666.5360630258557,654.1579600842082,658.465576171875,14908310,0.0,0.0,646.0070404052734,669.2115256389887,53.16467257493457,-6.592644606404519,3.91875811991029,-10.51140272631481,14.861285017991554,3065012750.0,0.005975812718655384
2024-03-21 00:00:00+05:30,664.2090340572666,670.5614550174464,659.2231605591924,665.0260009765625,18060920,0.0,0.0,646.1404754638672,669.0473874169328,56.59553120730273,-4.58044672357812,4.744764802189351,-9.325211525767472,14.663756005675829,3083073670.0,0.001229984654537857
2024-03-22 00:00:00+05:30,663.9614946079099,673.6659159981542,662.109735095729,669.4970092773438,11252380,0.0,0.0,646.5660369873046,669.065019646753,58.810046878476726,-2.5950779569301403,5.384106855069865,-7.979184812000005,14.441786355443645,3094326050.0,0.008337101947007835
2024-03-26 00:00:00+05:30,668.8632829746981,687.727502599477,667.9225349220263,684.2715454101562,18503210,0.0,0.0,647.6169403076171,669.6613539904159,65.13955918611829,0.16857940596059962,6.518211374368484,-6.349631968407884,14.824870735587005,3112829260.0,0.0230364901582451
2024-03-27 00:00:00+05:30,687.801772256144,698.0260987432098,683.7664980687591,695.4266967773438,15512750,0.0,0.0,649.4959411621094,670.6717595899033,69.01147695503253,3.2217865155115533,7.657134787135551,-4.435348271623997,14.784494302648696,3128342010.0,0.011085933227808226
2024-03-28 00:00:00+05:30,696.3525705978828,727.7632195480331,696.3525705978828,717.459716796875,35745180,0.0,0.0,652.9073516845704,672.5065814411572,74.93350111038599,7.334804662552301,9.41612234734104,-2.081317684788738,16.03821062179446,3164087190.0,0.030311004927963035
2024-04-01 00:00:00+05:30,719.0440325915349,727.1838444450852,714.9642145115625,718.0240478515625,11252380,0.0,0.0,656.6319213867188,674.2915801239183,75.06494013155645,10.518685122145712,10.08000224554756,0.43868287659815186,15.765454858346475,3175339570.0,-0.001418528899122141
2024-04-02 00:00:00+05:30,718.024059843861,718.4251394152941,706.5421598522569,713.7115478515625,9676150,0.0,0.0,660.1574523925781,675.8374612112768,71.95966824600322,12.54929021017881,9.688485866864527,2.860804343314284,15.488135194395813,3165663420.0,-0.006006082850811804
2024-04-03 00:00:00+05:30,712.6817279948768,725.1935251885213,711.6072868092866,723.7972412109375,9589430,0.0,0.0,663.8104766845703,677.718236897538,74.60550698468147,14.801765003429182,9.552768528091917,5.248996475337265,15.352285421884305,3175252850.0,0.015596742247530397
2024-04-04 00:00:00+05:30,727.3373292976197,727.8324534155895,718.4250951741635,721.2374267578125,10405890,0.0,0.0,667.1820251464844,679.4248717940194,72.72973671187725,16.19364165141394,8.75571614086134,7.437925510552601,14.927647766137282,3164846960.0,-0.0083866210272719
2024-04-05 00:00:00+05:30,716.4198455863669,718.8212460018791,708.6216404315537,710.5675048828125,12004940,0.0,0.0,671.3975128173828,680.6461515229917,65.35380210546391,16.248438514918462,7.048410403492689,9.200028111425773,14.76251480614596,3152842020.0,-0.008168870166856527
2024-04-08 00:00:00+05:30,714.4641496935383,715.647503666893,707.314585966275,710.8546752929688,5182100,0.0,0.0,675.6917236328125,681.8307995139711,65.45534488233356,16.129111320868446,5.543266567554138,10.585844753314309,14.303257870036823,3158024120.0,-0.0050520021223147025
2024-04-09 00:00:00+05:30,714.95924060372,716.4792450826136,705.5023818499309,712.344970703125,7102810,0.0,0.0,679.5168029785157,683.0274336782517,66.01206333095054,15.970697781943045,4.307882422902988,11.662815359040057,14.06565825308296,3165126930.0,-0.0036565299839854794
2024-04-10 00:00:00+05:30,716.5337969085956,718.3261439212964,709.0177856874051,715.9743041992188,5679860,0.0,0.0,683.4604675292969,684.3194678163288,67.39035161503426,15.954101837664894,3.433029182899869,12.521072654765025,13.725851108854988,3170806790.0,-0.0007808322674948802
2024-04-12 00:00:00+05:30,715.3553877144531,719.3163808680438,708.6513874612141,715.9049682617188,10925880,0.0,0.0,687.3892791748046,685.5581148926186,67.33417352154424,15.753755118926506,2.5861459713291843,13.167609147597322,13.507218415853181,3159880910.0,0.0007682622605549818
2024-04-15 00:00:00+05:30,707.5374007746223,712.8599856455111,699.4569404079729,700.7244873046875,7584480,0.0,0.0,690.4595458984375,686.1528745950527,56.273426549539344,14.206279805748068,0.8309365265205955,13.375343279227472,13.717276232845517,3152296430.0,-0.009629050651563973
2024-04-16 00:00:00+05:30,694.1590615425832,696.570313594175,686.3410323314664,688.6433715820312,9632930,0.0,0.0,693.2163940429688,686.2505411435617,49.3287050418034,11.868239718621453,-1.205682848484816,13.073922567106269,13.76486042858663,3142663500.0,-0.007945858904866605
2024-04-18 00:00:00+05:30,686.053918302222,692.6786818081642,679.904454636719,682.5979614257812,13851330,0.0,0.0,695.092172241211,686.1073027232566,46.252667251872936,9.418936393238937,-2.923988939093867,12.342925332332804,13.694100910219385,3128812170.0,-0.005037442078886717
2024-04-19 00:00:00+05:30,677.3348268507863,708.0275695954654,674.3640818035325,705.00732421875,12183750,0.0,0.0,698.1364440917969,686.8484800368054,56.96535796246076,9.180269721301443,-2.5301244888250913,11.710394210126534,15.120485687484635,3140995920.0,0.04085497492669139
2024-04-22 00:00:00+05:30,709.7406342690776,723.4753731526715,709.7406342690776,722.1088256835938,11652720,0.0,0.0,701.5822601318359,688.2312386896207,63.02251024787817,10.252884044229177,-1.1660081327178862,11.418892176947063,15.359597347944414,3152648640.0,0.01742635382184848
2024-04-23 00:00:00+05:30,723.772492258192,726.8323255979885,716.6228682455395,718.9103393554688,10815670,0.0,0.0,704.6044982910156,689.4343406765167,61.28510872147036,10.721259501325221,-0.5581061404974754,11.279365641822697,14.991730205409029,3141832970.0,-0.006717791785030606
2024-04-24 00:00:00+05:30,721.197835960809,734.7097935641611,717.9300286082395,725.767822265625,8869290,0.0,0.0,707.6415893554688,690.8591830917759,63.60190613898233,11.513076407822155,0.186968612799566,11.326107795022589,15.11944697330279,3150702260.0,0.006336661144757406
2024-04-25 00:00:00+05:30,725.8520018969267,729.303002707313,705.5618239563134,722.376220703125,11733540,0.0,0.0,710.2855499267578,692.0951453510445,61.637287277442745,11.731687518663762,0.3244637789129392,11.407223739750822,15.735284957423987,3138968720.0,-0.004788553568383325
2024-04-26 00:00:00+05:30,693.1738499100233,693.1738499100233,662.6247122721168,666.5559692382812,58147230,0.0,0.0,709.399771118164,691.093609032897,39.83037364734211,7.316372032598565,-3.2726813657218052,10.58905339832037,18.879300919822864,3080821490.0,-0.0384000069754465
2024-04-29 00:00:00+05:30,672.3736304407932,677.2902397767301,664.758618700192,676.0028686523438,16810300,0.0,0.0,708.428579711914,690.5018152924831,43.47516108967447,4.527300627457294,-4.8494022166904625,9.376702844147756,18.425895216731103,3097631790.0,0.00539765101907886
2024-04-30 00:00:00+05:30,676.3346230707734,690.6981792903523,675.5424365301884,685.6033325195312,17986750,0.0,0.0,706.8357604980469,690.309717928838,46.98950577252327,3.056386523062997,-5.056253056867806,8.112639579930804,18.192312898404875,3115618540.0,0.01370432494890612
2024-05-02 00:00:00+05:30,687.0194010653887,690.1981199169451,679.805468679611,681.5582275390625,11395720,0.0,0.0,705.0124694824219,689.9665222272782,45.700230438309184,1.5464438898612798,-5.252956552055619,6.799400441916899,17.635194208328393,3104222820.0,-0.007949081958758871
2024-05-03 00:00:00+05:30,725.7529944478174,732.7837331166013,683.9595485297828,686.390625,68186010,0.0,0.0,703.6464233398438,689.8262909634635,47.551605992697745,0.7313075058622189,-4.854474348843745,5.585781854705964,20.03450216327199,3172408830.0,-0.05423659254450049
2024-05-06 00:00:00+05:30,693.9610462181726,695.1493562759983,677.8249669593275,679.2954711914062,12299880,0.0,0.0,701.4213348388672,689.4133176390692,45.11916962932819,-0.48166127551610316,-4.853954504177653,4.37229322866155,19.84092267422905,3160108950.0,-0.02113313867786699
2024-05-07 00:00:00+05:30,682.2761229583901,687.5392950930734,672.1805342821367,680.5531005859375,12981260,0.0,0.0,699.3871185302735,689.0658581467895,45.64987368210123,-1.3261802120690618,-4.558778752584489,3.232598540515428,19.52076825542245,3173090210.0,-0.0025254033000327177
2024-05-08 00:00:00+05:30,680.4491480621482,681.246290696173,671.8834760339989,673.3143920898438,7259250,0.0,0.0,697.524462890625,688.4481535955367,43.068311067090384,-2.550174014332356,-4.626218043878227,2.076044029545871,18.79520014161899,3165830960.0,-0.010485362488326315
2024-05-09 00:00:00+05:30,673.3589134795443,676.6069568261288,652.0784877633993,654.0738525390625,13811150,0.0,0.0,694.6854217529296,687.1001417894006,37.067889245061295,-5.014939561303663,-5.672786872679628,0.6578473113759644,19.20471935026974,3152019810.0,-0.028640091568443538
2024-05-10 00:00:00+05:30,657.4159522987914,663.2682931039619,653.682696901609,661.8967895507812,8249080,0.0,0.0,692.1630126953125,686.111775034945,40.68628713424403,-6.264821415559595,-5.538134981548447,-0.7266864340111476,18.517639125418537,3160268890.0,0.006815832862469672
2024-05-13 00:00:00+05:30,661.8820312254041,667.8531974365212,655.5444175145349,665.3231201171875,5122560,0.0,0.0,689.6304534912109,685.2965336656213,42.25239654488582,-6.899354089060353,-4.9381341240393635,-1.9612199650209887,18.074149182316237,3165391450.0,0.005198945929099392
2024-05-14 00:00:00+05:30,664.4566029776364,667.610541365528,659.2677116054027,661.06005859375,7558400,0.0,0.0,686.8882080078125,684.3460836628028,40.808633040860826,-7.657943238669191,-4.557378618918561,-3.1005646197506294,17.379054937874024,3157833050.0,-0.005111762557051036
2024-05-15 00:00:00+05:30,662.6742109924298,666.6302483338962,658.0249877147444,661.4859008789062,5950590,0.0,0.0,684.9262786865235,683.4496059065716,41.025414172274694,-8.13103913383543,-4.02437961126784,-4.10665952256759,16.752355343679582,3163783640.0,-0.0017932041021242633
2024-05-16 00:00:00+05:30,663.5009609697992,669.6157922781831,655.8463613222266,668.1353759765625,10598510,0.0,0.0,683.90087890625,682.8490478701007,44.44675102854582,-7.8785944383967035,-3.017547932663291,-4.8610465057334125,16.539289315985076,3174382150.0,0.006984790195314096
2024-05-17 00:00:00+05:30,668.1205348760594,671.3883421525268,663.5703125443442,666.1796264648438,4801580,0.0,0.0,683.0799621582031,682.1953450698945,43.64475259104781,-7.747039786912069,-2.3087946249429248,-5.438245161969144,15.916342193999181,3169580570.0,-0.0029050273265073707
2024-05-21 00:00:00+05:30,663.9614705518949,671.8834567777191,663.9614705518949,667.7095336914062,7616240,0.0,0.0,681.2150726318359,681.6272740354441,44.48857762614849,-7.433640668251996,-1.5963164050262817,-5.837324263225715,15.345316767700966,3177196810.0,0.005645000961269524
2024-05-22 00:00:00+05:30,671.135824814592,671.135824814592,666.1647590406451,667.8779296875,4160460,0.0,0.0,678.5035278320313,681.0880840610149,44.586929267323136,-7.089952895616307,-1.0021029059124729,-6.087849989703834,14.604298839575671,3181357270.0,-0.004854300734120374
2024-05-23 00:00:00+05:30,669.363285299517,678.6666266834927,666.4420408192653,676.0078125,7093170,0.0,0.0,676.3584014892579,680.8888577252889,49.260833330209415,-6.091347004427462,-0.0027976117789023647,-6.088549392648559,14.434319341336508,3188450440.0,0.00992663826416746
2024-05-24 00:00:00+05:30,675.349366075866,684.2616011120577,672.675683477016,677.0228881835938,7420430,0.0,0.0,673.9211547851562,680.7372510765949,49.829832910305676,-5.158571713158949,0.7439821435916887,-5.902553856750638,14.230862076601165,3195870870.0,0.002478009444877107
2024-05-27 00:00:00+05:30,679.211313666385,689.1682527845275,674.3590729595621,682.82568359375,6554710,0.0,0.0,671.9436279296875,680.8191503909932,53.06982749467055,-3.9060766606349944,1.5971817568925148,-5.503258417527509,14.272170487198604,3202425580.0,0.005321421853023401
2024-05-28 00:00:00+05:30,684.6527422353759,687.7274438639156,679.0033587646801,680.6026000976562,7528670,0.0,0.0,672.6459594726563,680.810658222627,51.69252392424372,-3.057603417911423,1.9565239996928687,-5.014127417604292,13.875878673772666,3194896910.0,-0.005915615154765875
2024-05-29 00:00:00+05:30,681.0927627506776,684.0635076249375,671.9180978250811,674.0322875976562,7213310,0.0,0.0,672.5474304199219,680.5448397667458,47.74835634669158,-2.8821281887927626,1.7055993830492229,-4.587727571841985,13.752273754207224,3187683600.0,-0.010366392860359782
2024-05-30 00:00:00+05:30,671.3784509240202,673.2649029907515,652.9747245203474,655.19287109375,11555750,0.0,0.0,671.0269073486328,679.5506449168244,38.64354950352346,-4.214662266703272,0.2984522441109716,-4.513114510814243,14.274080134428766,3176127850.0,-0.02410798232799088
2024-05-31 00:00:00+05:30,659.9955599839785,670.591229269047,657.7625451507062,663.2386474609375,28417330,0.0,0.0,670.1109283447265,678.9109587420837,43.590627650169274,-4.568811793989198,-0.04455782653996376,-4.524253967449234,14.354385708776494,3204545180.0,0.0049138019610885
2024-06-03 00:00:00+05:30,688.1087009953619,692.0548259731825,676.6316965817714,684.8111572265625,11482120,0.0,0.0,670.0319549560547,679.1423390748083,54.24334117964017,-3.0733291711692345,1.1607398370239999,-4.234069008193234,15.387370909024241,3216027300.0,-0.0047921843802141385
2024-06-04 00:00:00+05:30,684.850762778732,684.850762778732,631.3526331704136,644.6071166992188,32993870,0.0,0.0,668.2975372314453,677.7880166287068,39.33468825355361,-5.073790985429696,-0.6717775817891685,-4.402013403640527,18.109567958973827,3183033430.0,-0.05876265059007543
2024-06-05 00:00:00+05:30,653.960026272195,679.5084212921405,647.181744973111,676.9981079101562,12185170,0.0,0.0,668.1197875976562,677.7570398162147,51.01586585905658,-3.999386658004255,0.3221013965090185,-4.3214880545132734,19.308977718541538,3195218600.0,0.0352285777607639
2024-06-06 00:00:00+05:30,678.3200729763939,694.45615180379,675.5770658952501,685.826171875,14657160,0.0,0.0,668.7453765869141,678.0734763675397,53.63616835200766,-2.407806807036536,1.5309449979813903,-3.9387518050179264,19.27827116068428,3209875760.0,0.01106571837933401
2024-06-07 00:00:00+05:30,692.6786462254263,722.7822169993401,687.3312815353376,712.1271362304688,29840520,0.0,0.0,671.6480407714844,679.4089140092232,60.42783938980113,0.9646794841240762,3.9227450313136023,-2.958065547189526,20.540969300945413,3239716280.0,0.028077218939867702
2024-06-10 00:00:00+05:30,717.9300094744683,717.9300094744683,700.6254448013949,701.97216796875,8723180,0.0,0.0,673.6518096923828,680.2937474978321,56.958495032168535,2.785864386701178,4.595143947112563,-1.8092795604113854,20.309797541811697,3230993100.0,-0.022227572737068896
2024-06-11 00:00:00+05:30,701.3929039741098,709.9090761665562,698.2240971220358,706.8491821289062,12052130,0.0,0.0,675.7281127929688,681.3351370912076,58.19971766854395,4.570020475437104,5.103440028678792,-0.5334195532416874,19.693739077719467,3243045230.0,0.007779203530405058
2024-06-12 00:00:00+05:30,707.8294928776069,720.6037204867982,704.5616854826858,714.7365112304688,12685080,0.0,0.0,678.4119354248047,682.6449949005904,60.198748955379074,6.5449722057628605,5.662713407203638,0.8822587985592223,19.432903072461823,3255730310.0,0.009758025657820673
2024-06-13 00:00:00+05:30,718.1478289756449,725.3568654688912,716.1624367779971,722.3811645507812,13454950,0.0,0.0,681.4566986083985,684.203276063343,62.09106833868374,8.62754237666104,6.1962268624814545,2.4313155141795857,18.80343529860187,3269185260.0,0.005894796870965613
2024-06-14 00:00:00+05:30,722.4901103402605,729.8130160496877,717.6329737314234,726.9957885742188,11874880,0.0,0.0,684.3997192382812,685.8814138088676,63.22760345852473,10.528984257420802,6.478134994592973,4.050849262827829,18.330335800006328,3281060140.0,0.006236318213181243
2024-06-18 00:00:00+05:30,729.3178641364208,735.7000216055895,722.8812502642053,726.3173828125,9469040,0.0,0.0,687.406607055664,687.4671380835198,62.928907466488944,11.84461166155495,6.235009918981696,5.609601742573254,17.936652624390465,3271591100.0,-0.004114092731670059
2024-06-19 00:00:00+05:30,726.3174016509191,727.7285538499344,710.7903153446298,716.3406982421875,5204000,0.0,0.0,689.8381652832031,688.5994345603303,58.5484499456432,11.94453166589085,5.067943938654076,6.876587727236774,17.86533733017005,3266387100.0,-0.013736010435733166
2024-06-20 00:00:00+05:30,714.9592833334166,719.4054885967723,704.1655525253905,713.681884765625,9001580,0.0,0.0,692.1283630371094,689.5830600585772,57.401669915642536,11.67459746983684,3.8384077940800534,7.836189675756787,17.677808668828035,3257385520.0,-0.001786673168066093
2024-06-21 00:00:00+05:30,720.4692511228325,723.0269725475467,704.1178018959247,710.0144653320312,14998180,3.6,0.0,693.8286956787109,690.3842916379283,55.77877250797774,11.037509042672127,2.5610554935322725,8.476453549139855,17.765763096170463,3242387340.0,-0.014511078404120251
2024-06-24 00:00:00+05:30,704.2172742528486,707.2975101059571,698.6987992874766,704.7994995117188,6356540,0.0,0.0,695.2175262451171,690.9495939074887,53.46402431913524,9.996573439795384,1.2160959125244233,8.78047752727096,17.305041878197905,3236030800.0,0.000826769351103855
2024-06-25 00:00:00+05:30,706.7053254379865,710.5867056907908,696.4545769863604,704.0630493164062,15608110,0.0,0.0,696.27939453125,691.4638470607796,53.12871876935042,9.008356374214031,0.1823030775544563,8.826053296659575,17.0784052229288,3220422690.0,-0.003738865445711328
2024-06-26 00:00:00+05:30,703.6201672152828,714.4929278061082,700.1368990607517,712.3980102539062,9125520,0.0,0.0,697.8691650390625,692.2847946369807,56.45715875437497,8.79635007141701,-0.02376258019405242,8.820112651611062,16.883949760245066,3229548210.0,0.012475257884326338
2024-06-27 00:00:00+05:30,711.5819209039548,720.4393984824871,704.9189192644671,713.2489013671875,11376060,0.0,0.0,699.8299957275391,693.1069164695379,56.794468092212064,8.597882315340371,-0.17778426901655386,8.775666584356925,16.78655900722899,3240924270.0,0.002342640269886333
2024-06-28 00:00:00+05:30,713.074748906706,719.1455633648768,707.1333178388605,708.1533813476562,8295840,0.0,0.0,702.4780212402344,693.6969739157387,54.09209913776262,7.937925840328035,-0.6701925952231118,8.608118435551146,16.445536615713795,3232628430.0,-0.006901615246641685
2024-07-01 00:00:00+05:30,704.1177491420017,726.9082984645835,704.1177491420017,724.1962890625,7727450,0.0,0.0,705.5259033203125,694.8930254901215,60.469581611835174,8.610181344675425,0.0016503272994228269,8.608531017376002,16.898751809061512,3240355880.0,0.02851588380631634
2024-07-02 00:00:00+05:30,724.0221638724446,724.116680565202,708.7953181417405,713.1344604492188,12810270,0.0,0.0,706.9420684814453,695.6083758806743,54.81512623848778,8.156330453350392,-0.36176045122048706,8.51809090457088,16.79176745989708,3227545610.0,-0.015037804043170145
2024-07-03 00:00:00+05:30,715.5578163549806,724.9825763011223,713.5723583762906,722.409912109375,8363930,0.0,0.0,710.8322082519531,696.659416517094,58.33343791507513,8.447721705648291,-0.05629535913807082,8.504017064786362,16.438649487897543,3235909540.0,0.009575879960753849
2024-07-04 00:00:00+05:30,726.6147170629202,728.9982872146292,706.6058483582071,707.3074951171875,18979770,0.0,0.0,712.3476776123047,697.0769882269016,51.32578034628507,7.374998149460566,-0.9032151322606374,8.278213281721204,16.863920157077864,3216929770.0,-0.026571471086871565
2024-07-05 00:00:00+05:30,709.9895829416786,711.5719478576069,704.3168199039194,710.3876342773438,9310790,0.0,0.0,713.5757507324219,697.5989743465268,52.57705426037689,6.6962087646597865,-1.2656036136491338,7.96181237830892,16.177577856835697,3226240560.0,0.0005606439097541946
2024-07-08 00:00:00+05:30,711.0793597691429,711.348088475038,701.3312016654444,706.4317016601562,6777050,0.0,0.0,713.2909790039063,697.9453558098064,50.771796766000534,5.772510675884632,-1.7514413619394311,7.523952037824063,15.737528496318406,3219463510.0,-0.006536061053010395
2024-07-09 00:00:00+05:30,707.5860964988311,710.825540715751,700.8335591582369,703.4260864257812,9735030,0.0,0.0,713.3636749267578,698.1602864221976,49.38439629782956,4.74326781639968,-2.2245473771395075,6.967815193539187,15.327132286403813,3209728480.0,-0.005879157453253813
2024-07-10 00:00:00+05:30,703.4211296450874,709.5268109895296,698.743585851773,702.1223754882812,8097140,0.0,0.0,713.1273345947266,698.3156624640047,48.76196260979251,3.7788268936818667,-2.5511906398858564,6.330017533567723,15.002567490071872,3201631340.0,-0.0018463394147136512
2024-07-11 00:00:00+05:30,705.4015659491354,705.4015659491354,689.6870728382282,691.7073974609375,9718010,0.0,0.0,711.97587890625,698.0565148168256,43.99176411297298,2.1493227737736333,-3.344555807835272,5.4938785816089055,15.053419320131535,3191913330.0,-0.01941329470933628
2024-07-12 00:00:00+05:30,696.3500712609647,701.1320933665452,688.1992216421992,697.08154296875,10688330,0.0,0.0,710.7108978271484,698.018280626705,46.879472911396206,1.2768588140838801,-3.3736158140200203,4.6504746281039,14.901951634718282,3202601660.0,0.001050436752969313
2024-07-15 00:00:00+05:30,698.6490646229869,705.1130103666663,696.1809397197112,702.9981689453125,5333730,0.0,0.0,709.5110168457031,698.2135703646896,49.9396380675042,1.0507348914991326,-2.8797917892838143,3.930526680782947,14.475531564163772,3207935390.0,0.006225019888450763
2024-07-16 00:00:00+05:30,704.6153747452905,705.6105942011454,697.1711526533757,702.5353393554688,5582000,0.0,0.0,708.3219146728516,698.3830515015829,49.698449336435694,0.8246772083297174,-2.484679577962584,3.3093567862923012,14.044382277278487,3202353390.0,-0.0029520153325829426
2024-07-18 00:00:00+05:30,701.3411048501887,708.3872146639611,693.7823817093035,707.6010131835938,8646050,0.0,0.0,707.8849304199218,698.7445401949951,52.407699507891685,1.042267793750284,-1.8136711940336139,2.855938987783898,14.08441446851985,3210999440.0,0.00892562590459064
2024-07-19 00:00:00+05:30,707.6010235184735,707.6010235184735,687.6966346712591,689.9159545898438,9385980,0.0,0.0,706.6966339111328,698.3983211516559,43.58234272896912,-0.20990685243009466,-2.452676672171194,2.2427698197410995,14.500126924140893,3201613460.0,-0.024992995121308047
2024-07-22 00:00:00+05:30,689.886169578022,692.5334267210484,681.6656467887318,685.1339721679688,5751930,0.0,0.0,705.4526092529297,697.8781506032759,41.545098376626115,-1.5700319467389363,-3.0502414131840285,1.4802094664450922,14.240673567582014,3195861530.0,-0.006888379010351748
2024-07-23 00:00:00+05:30,690.0852347838461,691.1650090799585,658.8353177704926,669.494140625,19322120,0.0,0.0,703.6873413085938,696.7650521727553,35.67198242365292,-3.865386808138169,-4.276477019666609,0.41109021152844005,15.532746263430868,3176539410.0,-0.029838479539843792
2024-07-24 00:00:00+05:30,659.8305072768011,662.288670205914,650.9780106711574,657.5564575195312,31006260,0.0,0.0,701.36201171875,695.2274602255701,31.958297326143153,-6.571985573395409,-5.586460627939079,-0.9855249454563297,15.745845098460274,3145533150.0,-0.003446414999292939
2024-07-25 00:00:00+05:30,652.8639707725368,663.4132728321819,652.013077565584,661.5970458984375,9509650,0.0,0.0,698.8219635009766,693.9086204480355,34.44593267878966,-8.295319600582957,-5.8478357241013015,-2.4474838764816553,15.43544153904153,3155042800.0,0.013376561606802667
2024-07-26 00:00:00+05:30,664.3139876328984,677.5852613417492,663.5228051499466,675.7291259765625,11101840,0.0,0.0,696.9459747314453,693.1956990962132,42.380563365610506,-8.423631101684805,-4.78091778016252,-3.6427133215222853,15.47492538934654,3166144640.0,0.017183347868887807
2024-07-29 00:00:00+05:30,679.122846021314,682.2229449435104,673.3406233451092,677.98828125,7485650,0.0,0.0,695.4377197265625,692.5993297689107,43.5567168972574,-8.247946744818705,-3.684186738637136,-4.563760006181569,15.004025118564728,3173630290.0,-0.0016706326078719223
2024-07-30 00:00:00+05:30,677.9883014055156,686.6019553092684,675.0573726975103,679.0979614257812,11794130,0.0,0.0,693.1828033447266,692.0698643436899,44.15966434201913,-7.927787115077081,-2.6912216871164087,-5.236565427960672,14.756922082364254,3185424420.0,0.0016366949370147897
2024-07-31 00:00:00+05:30,679.4313568897926,682.2229401873499,676.0525673834427,677.44091796875,8896590,0.0,0.0,691.3981262207031,691.4961801721237,43.41387445173694,-7.718790448859409,-1.985780016718989,-5.73301043214042,14.143597133903034,3176527830.0,-0.0029295658801415255
2024-08-01 00:00:00+05:30,679.8842303229287,681.1282547063466,671.7731670456925,673.9277954101562,8395230,0.0,0.0,688.9740203857422,690.8072239069485,41.801997629326905,-7.7473322911253035,-1.6114574871879075,-6.135874803937396,13.801560742956685,3168132600.0,-0.008760954655387876
2024-08-02 00:00:00+05:30,669.2850952148438,671.7731438959398,664.1199037231532,669.2850952148438,6222180,0.0,0.0,687.072900390625,689.9632188601994,39.70402479575511,-8.0517632966164,-1.5327107941432025,-6.519052502473198,13.516298667531423,3161910420.0,0.0
2024-08-05 00:00:00+05:30,661.8209553024126,661.8209553024126,650.1370883066907,656.5164184570312,9440410,0.0,0.0,684.3793395996094,688.6515796287026,34.5658383928862,-9.217103531779799,-2.1584408234452805,-7.058662708334518,13.918563541861541,3152470010.0,-0.008015063292998148
2024-08-06 00:00:00+05:30,659.4324031633392,666.4984979175011,648.0371887118212,650.7093505859375,8918280,0.0,0.0,681.5932220458984,687.163649078006,32.505547691102194,-10.488323050108647,-2.7437282734193023,-7.744594776689345,14.24304537499143,3143551730.0,-0.01322812245130313
2024-08-07 00:00:00+05:30,656.8448472164708,662.7514723143568,654.9638678483045,660.5421142578125,4642840,0.0,0.0,679.4490234375,686.1196673203514,39.122274556486815,-10.580387701184122,-2.268634339595822,-8.3117533615883,14.085836543093418,3148194570.0,0.0056288285688921354
2024-08-08 00:00:00+05:30,659.3378524910587,664.6125033146595,653.9935290182418,655.0733032226562,6903890,0.0,0.0,677.0965698242187,684.902162845932,36.95247006665772,-10.968202337154025,-2.125159180452579,-8.843043156701446,13.838203525473725,3141290680.0,-0.006467927258067258
2024-08-09 00:00:00+05:30,666.7970155467098,666.7970155467098,655.949099503899,658.6561279296875,6994900,0.0,0.0,675.4440063476562,683.8729065747068,39.32664041454033,-10.86124257574727,-1.6145595352366584,-9.24668304051061,13.687168439657995,3148285580.0,-0.01220894429221089
2024-08-12 00:00:00+05:30,658.7456809677052,661.3233260763367,653.2670537665081,657.6559448242188,6748870,0.0,0.0,673.4727264404297,682.8447904276289,38.88640975485465,-10.73345403518681,-1.189416795740959,-9.544037239445851,13.28496157324161,3141536710.0,-0.0016542592611546426
2024-08-13 00:00:00+05:30,661.3183562044424,661.3183562044424,642.135476641805,643.4143676757812,10723270,0.0,0.0,670.4935363769531,681.2984993393212,33.18929775356656,-11.64709647211373,-1.682447386134303,-9.964649085979428,13.70624142962702,3130813440.0,-0.027073176422047172
2024-08-14 00:00:00+05:30,645.1510021257643,645.8924357492618,640.0206167545856,642.762451171875,7742760,0.0,0.0,667.5048919677735,679.7872817641273,32.95131350534889,-12.282187487429383,-1.8540307211599636,-10.428156766269419,13.146639827130535,3123070680.0,-0.0037023130182221877
2024-08-16 00:00:00+05:30,647.3902472475191,656.8448319498273,639.4284917087333,655.939208984375,7534190,0.0,0.0,664.9218017578125,678.852063223745,42.00349483128949,-11.588660594301473,-0.9284030624256427,-10.66025753187583,13.451618428127922,3130604870.0,0.013205268033003441
2024-08-19 00:00:00+05:30,660.6266741903944,662.4180570935576,656.2078972994581,658.4720458984375,5287300,0.0,0.0,663.3496063232421,678.0528468580467,43.58029666185662,-10.711184891791163,-0.04074188793226696,-10.670443003858896,12.953563405346117,3135892170.0,-0.0032614915142465577
2024-08-20 00:00:00+05:30,661.557205473122,674.1517371305665,658.472049387072,669.0064086914062,9571590,0.0,0.0,662.5432281494141,677.698084577002,49.70500972427644,-9.061291114125652,1.2873215117865957,-10.348612625912248,13.148286821544895,3145463760.0,0.011260104427336397
2024-08-21 00:00:00+05:30,668.9815644272427,671.504419077354,666.2994406443311,670.3151245117188,6331110,0.0,0.0,662.58427734375,677.4085567313045,50.42502092630682,-7.560977734401149,2.2301079132088795,-9.791085647610029,12.580907650936181,3151794870.0,0.0019934182874199336
2024-08-22 00:00:00+05:30,671.7731244559321,673.2659536213897,669.1756162864457,671.1361694335938,7282600,0.0,0.0,663.2632629394532,677.1625807588453,50.89992178955503,-6.233857084331817,2.8457828506225695,-9.079639934954386,11.974438342651027,3159077470.0,-0.0009481698495370036
2024-08-23 00:00:00+05:30,672.2707526184493,672.9674183967808,667.2896743069357,670.3649291992188,6180450,0.0,0.0,663.7016571044921,676.8960061878795,50.41140815412331,-5.1845725243777,3.1160539284613495,-8.30062645283905,11.524674467450602,3152897020.0,-0.0028349045556532795
2024-08-26 00:00:00+05:30,674.3606817541378,678.6401740265555,672.3752237910388,674.5946044921875,8983430,0.0,0.0,663.6449310302735,676.8057551409896,53.07150956444133,-3.9659900392266536,3.467709130889917,-7.43369917011657,11.292572350299617,3161880450.0,0.00034688074850575676
2024-08-27 00:00:00+05:30,674.5945871548513,684.0491717812408,669.7826793221217,683.0787963867188,20359020,0.0,0.0,663.8994567871093,677.0517567584692,57.94481973935839,-2.289262071647272,4.115549678775439,-6.404811750422711,11.504995215215297,3182239470.0,0.012576752605813493
2024-08-28 00:00:00+05:30,684.3128650538731,688.3933012182514,681.9243748354954,686.701416015625,8489860,0.0,0.0,664.2796295166015,677.4301747685538,59.86148262374832,-0.6605139548944408,4.595438236422617,-5.255952191317058,11.145276012896772,3190729330.0,0.003490437026291839
2024-08-29 00:00:00+05:30,685.6116797579643,712.3780653805918,684.8652651754735,702.9782104492188,26391590,0.0,0.0,665.556494140625,678.4320585207369,67.11371725727844,1.9215317205108704,5.741987129462343,-3.8204554089514726,12.31438488376974,3217120920.0,0.025329980809815213
2024-08-30 00:00:00+05:30,703.724620072693,718.0558042528779,703.724620072693,716.5729370117188,20443670,0.0,0.0,667.6887512207031,679.9277792458734,71.7111200390299,5.007083793457923,7.062031361927517,-2.0549475684695935,12.511756949476128,3237564590.0,0.01825759192238936
2024-09-02 00:00:00+05:30,723.9226428716993,741.4384806679826,719.4441554045773,740.4482421875,22963780,0.0,0.0,671.2469085693359,682.3011307337803,77.62663130110131,9.272061086359486,9.061606923863263,0.2104541624962224,13.394170285675253,3260528370.0,0.022827852504027215
2024-09-03 00:00:00+05:30,742.4337279119184,742.4337279119184,717.1650908781681,731.864501953125,18986560,0.0,0.0,675.0143127441406,684.2447923502252,71.81244969660281,11.823160187898111,9.290164820321511,2.5329953675766004,14.242346481966324,3241541810.0,-0.014235918387650743
2024-09-04 00:00:00+05:30,722.0267295636469,734.1733999513934,721.0613958545745,726.46044921875,8867460,0.0,0.0,678.8018676757813,685.9003083058537,68.34194312614648,13.256055161143081,8.578447834853185,4.6776073262898965,14.161607740170085,3232674350.0,0.006140658612157772
2024-09-05 00:00:00+05:30,728.5006582957907,729.1624573814083,715.8613587695792,721.0265502929688,6734470,0.0,0.0,681.8260894775391,687.2778079916229,64.94331056667822,13.79415409868136,7.293237417913171,6.5009166807681895,14.10014280243145,3225939880.0,-0.010259576182547867
2024-09-06 00:00:00+05:30,722.0864550658393,735.964797860335,722.0864550658393,728.217041015625,18428270,0.0,0.0,685.4832763671875,688.8832681102112,67.26328723152241,14.632143647577891,6.504981573447761,8.12716207413013,14.160007428498222,3244368150.0,0.00849009963665178
2024-09-09 00:00:00+05:30,728.8987833833235,734.2679512603347,722.8080449254722,731.2325439453125,8789380,0.0,0.0,689.1120971679687,690.5440240253133,68.21333106179536,15.36249303044815,5.788264765054416,9.574228265393733,13.967143064667095,3253157530.0,0.0032017621859052104
2024-09-10 00:00:00+05:30,733.4717816720117,733.4717816720117,715.8613655432966,720.7230224609375,13089320,0.0,0.0,692.2654510498047,691.7275141600436,61.513179588961954,14.92126655353934,4.277630630516484,10.643635923022856,14.227376854956237,3240068210.0,-0.017381390163384802
2024-09-11 00:00:00+05:30,721.5341419394465,739.6471490995675,717.1850375571577,731.04345703125,11048900,0.0,0.0,696.6469055175781,693.2693158412674,65.13483264021323,15.228815899991446,3.6681439815748718,11.560671918416574,14.81557218977435,3251117110.0,0.013179300242456931
2024-09-12 00:00:00+05:30,738.4528204900248,740.4432593592702,726.1717859396965,739.2788696289062,14467640,0.0,0.0,701.4727264404297,695.0736120682336,67.7433077754337,15.953181596312561,3.514007742316789,12.439173853995772,14.776707991902873,3265584750.0,0.0011186214148837458
2024-09-13 00:00:00+05:30,739.2788746743325,762.3380921237697,731.6853454768674,756.2174682617188,22084380,0.0,0.0,706.4866394042969,697.4714103503311,72.32892478977882,17.6901291798506,4.2007642606838616,13.48936491916674,15.910710752974262,3287669130.0,0.02291231924468017
2024-09-16 00:00:00+05:30,764.3285531359187,764.3285531359187,728.6997082503934,731.0633544921875,26795550,0.0,0.0,710.1162048339844,698.788741493149,58.93098864544365,16.84279266476983,2.6827421964824723,14.16005046828736,17.319148905299336,3260873580.0,-0.04352211952209474
2024-09-17 00:00:00+05:30,730.242267333243,741.9360958050189,725.1318057672759,733.0288696289062,15677860,0.0,0.0,713.3173278808594,700.13149161612,59.561328588834556,16.143777597880558,1.5869817036745584,14.556795894206,17.282373271902458,3276551440.0,0.0038159969921209183
2024-09-18 00:00:00+05:30,735.1934776031048,763.5821372406839,734.3226605681285,759.4619140625,29749930,0.0,0.0,717.7746673583985,702.4581748493114,66.91559537377329,17.52076047638343,2.3711716657419437,15.149588810641486,18.230294296179256,3306301370.0,0.03300959162275989
2024-09-19 00:00:00+05:30,763.8309314814238,771.096021352051,752.3859077523863,755.4063720703125,17206440,0.0,0.0,721.9881774902344,704.5345747403311,64.96351184968435,18.076407410575825,2.34145487994747,15.734952530628355,18.26456710357108,3289094930.0,-0.011029350951750769
2024-09-20 00:00:00+05:30,759.8500613696147,761.840500299201,745.1456694799448,754.6201782226562,16450040,0.0,0.0,726.2009399414062,706.4987160533635,64.57026159085164,18.243028064496684,2.0064604270946624,16.236567637402022,18.152443083262877,3272644890.0,-0.006882783081614338
2024-09-23 00:00:00+05:30,758.9295004999939,759.9445830552573,749.5694322152921,755.879150390625,5734970,0.0,0.0,730.2651672363281,708.4352036744326,64.93630148248002,18.26610438436387,1.6236293975694807,16.64247498679439,17.59692220874162,3278379860.0,-0.004019279929636762
2024-09-24 00:00:00+05:30,756.0682231589351,756.7100983943142,744.812293685911,751.8086547851562,10695400,0.0,0.0,733.70166015625,710.1361233258336,62.68146298544958,17.75131148827529,0.887069201184719,16.864242287090573,17.189842387288877,3267684460.0,-0.005633841290117853
2024-09-25 00:00:00+05:30,750.8930653899712,760.3476500436554,746.2205028429719,758.745361328125,12720380,0.0,0.0,737.303857421875,712.0423679533745,64.91716194952652,17.699045080371206,0.667842234624505,17.0312028457467,16.9710784453885,3280404840.0,0.010457275875994113
2024-09-26 00:00:00+05:30,760.3476976718661,774.221059925614,755.127776256089,773.1263427734375,16681650,0.0,0.0,740.8112640380859,714.4378179463182,69.05605566462691,18.603597895110966,1.257916039491409,17.345681855619556,17.12266453282682,3297086490.0,0.016806317873650174
2024-09-27 00:00:00+05:30,774.2807629866936,777.266421455794,767.4137242104119,771.8922119140625,11781310,0.0,0.0,743.5772277832032,716.6909314352494,68.311256470102,19.001837121351628,1.3249242125856568,17.67691290876597,16.603381155152196,3285305180.0,-0.0030848642854273845
2024-09-30 00:00:00+05:30,770.8969853285822,778.659745871492,763.9453918354238,766.6175537109375,9619520,0.0,0.0,744.885693359375,718.6488381911587,65.08048666331585,18.676532303811086,0.7996955160360919,17.876836787774995,16.468450646646193,3275685660.0,-0.005551236675054165
2024-10-01 00:00:00+05:30,762.3480840070384,777.7292180869225,761.4424002634565,766.6175537109375,7882880,0.0,0.0,746.6233459472656,720.5299642899735,65.08048666331585,18.208825882047904,0.26559127541832694,17.943234606629577,16.455476873561892,3275685660.0,0.005600420324345754
2024-10-03 00:00:00+05:30,757.3620190941917,766.3189943528615,734.5714688608925,739.8312377929688,10406620,0.0,0.0,747.2918853759766,721.2868769763654,50.90182788922194,15.498081109352029,-1.9561227978220401,17.45420390717407,17.56909172902497,3265279040.0,-0.023147161937417827
2024-10-04 00:00:00+05:30,738.4528671673377,739.4480866648678,712.07955048279,717.6876220703125,17681110,0.0,0.0,747.1249389648438,721.1457297251477,42.63289580958421,11.43121963595297,-4.818387416976879,16.24960705292985,18.29641998482167,3247597930.0,-0.028119932930424453
2024-10-07 00:00:00+05:30,717.6876020174645,728.8987639223017,715.5926844715783,723.46484375,9362270,0.0,0.0,746.8873291015625,721.2366753731811,45.13699108313612,8.575522836245455,-6.139267373347517,14.714790209592971,17.939967089528935,3256960200.0,0.008049800102851536
2024-10-08 00:00:00+05:30,723.0120152890242,726.0524035361962,712.5821344908219,715.25927734375,9038050,0.0,0.0,746.0886657714843,721.0022676073211,42.3119475056365,5.585851694822168,-7.303150811816643,12.88900250663881,17.620702943517887,3247922150.0,-0.010722834173336786
2024-10-09 00:00:00+05:30,718.1503568269931,739.1296006007998,717.1650992547567,726.5549926757812,10543750,0.0,0.0,746.3802642822266,721.2200215315745,47.21010972073851,4.08094302993959,-7.046447581359377,11.127390611298967,18.067104394484453,3258465900.0,0.011703170191159452
2024-10-10 00:00:00+05:30,728.500649900989,733.2776911942875,723.8231062570478,728.4707641601562,5594270,0.0,0.0,746.2516296386718,721.5043643797542,48.01628458199124,3.0082021370621987,-6.495350779389415,9.503552916451614,17.451924433252685,3264060170.0,-4.1023629610705873e-05
2024-10-11 00:00:00+05:30,728.9982822473876,729.4958919963619,719.1505658773049,726.7092895507812,3615870,0.0,0.0,745.6231506347656,721.7084790923435,47.30102057776539,1.9929376266575218,-6.008492231835273,8.001429858492795,16.944310267953,3260444300.0,-0.003139915075725175
2024-10-14 00:00:00+05:30,725.7837440725361,727.8886235957176,716.5580398713121,717.433837890625,4451810,0.0,0.0,743.683969116211,721.5408461040408,43.61657035783763,0.4348688592721146,-6.0532487993765445,6.488117658648659,16.54332980055675,3255992490.0,-0.011504675118593773
2024-10-15 00:00:00+05:30,721.0265636722924,722.1461856064324,694.5637112629977,698.3355712890625,14855670,0.0,0.0,742.0475799560547,720.6308353269828,37.192615620937666,-2.3143045062887495,-7.041937731949927,4.727633225661178,17.331840125048032,3241136820.0,-0.031470397245368265
2024-10-16 00:00:00+05:30,697.6488520422936,702.5602577221573,688.6918767664296,692.3095092773438,11256980,0.0,0.0,740.0116119384766,719.5201950897422,35.4199639588915,-4.922552921765146,-7.720148917941058,2.797595996175913,17.084450184382295,3229879840.0,-0.007653338422788871
2024-10-17 00:00:00+05:30,694.7576934861479,696.5341942224653,683.8152604819181,686.6516723632812,6897550,0.0,0.0,736.3710998535156,718.2312334141948,33.79150890238803,-7.361292341032026,-8.127110669766353,0.7658183287343254,16.772627581251214,3222982290.0,-0.011667407498853798
2024-10-18 00:00:00+05:30,686.0047793261567,690.5479587079918,678.8093618826169,686.6566772460938,7449290,0.0,0.0,732.9336151123047,716.9930155252497,33.79440858525944,-9.187696996916657,-7.962812260520786,-1.2248847363958708,16.413053955831476,3230431580.0,0.0009502818924634445
2024-10-21 00:00:00+05:30,687.6021284496353,691.7521765793183,668.5137658003716,674.848388671875,22099660,0.0,0.0,728.9450256347657,715.3402850604116,30.410363415726128,-11.455909454064113,-8.184819774134594,-3.2710896799295193,16.900579443196847,3208331920.0,-0.018548138887406706
2024-10-22 00:00:00+05:30,676.7492469430096,680.0334590809694,661.188980641784,664.5975952148438,17006190,0.0,0.0,724.3809478759765,713.350375654703,27.807187188544127,-13.92017442470842,-8.51926779582312,-5.4009066288853,17.039429371481738,3191325730.0,-0.017955914665671018
2024-10-23 00:00:00+05:30,657.4171162893518,706.4913861302549,656.9443505931021,696.2356567382812,26373910,0.0,0.0,721.6022979736329,712.6792102070003,43.79800737040099,-13.168397919215863,-6.21399303226445,-6.954404886951413,19.361401240458246,3217699640.0,0.05904704865007506
2024-10-24 00:00:00+05:30,697.897671000331,708.8798914026406,695.7181378761351,700.72412109375,8951250,0.0,0.0,718.7012359619141,712.2103831829513,45.637707901923385,-12.071277883203152,-4.09349839700139,-7.9777794862017615,18.918569260890195,3226650890.0,0.004049949170008991
2024-10-25 00:00:00+05:30,700.724115837361,702.6199773749156,686.034666479642,687.7116088867188,10223240,0.0,0.0,714.4304992675782,711.2496469360402,41.40607895992632,-12.11218164491413,-3.3075217269698953,-8.804659917944235,18.751907949060435,3216427650.0,-0.018570085796308495
2024-10-28 00:00:00+05:30,688.6918487443344,701.1320916768549,684.213361288627,687.8309936523438,7149810,0.0,0.0,710.2274383544922,710.3312683758953,41.45970936451054,-11.996674620564932,-2.5536117620965566,-9.443062858468375,18.620966694715253,3223577460.0,-0.001249985887825148
2024-10-29 00:00:00+05:30,687.607067614449,702.6249563693152,676.96816889068,698.8928833007812,14097500,0.0,0.0,706.8412048339844,709.8827042553027,46.35886839052301,-10.887033480010473,-1.155176497233679,-9.731856982776794,19.12352532213811,3237674960.0,0.01641317580618645
2024-10-30 00:00:00+05:30,696.5541610505022,698.6888655991777,689.8861781685131,692.1751708984375,5660440,0.0,0.0,703.1190856933594,709.1882911824845,43.95320961785827,-10.429473650076375,-0.5580933338396648,-9.87138031623671,18.400895308575972,3232014520.0,-0.006286647036119316
2024-10-31 00:00:00+05:30,691.578059622133,693.7476308579068,684.6861159423476,685.6813354492188,7301530,0.0,0.0,700.4115905761719,708.26644978118,41.70049112133343,-10.470158962742858,-0.47902291720491696,-9.99113604553794,17.733796709074774,3224712990.0,-0.008526476644062557
2024-11-01 00:00:00+05:30,689.6870648767863,691.1351261553432,686.9004626219185,689.0501098632812,450110,0.0,0.0,698.9797149658203,707.5128678236152,43.32333213017724,-10.113982727809912,-0.09827734581757674,-10.015705381992335,16.85665342314975,3225163100.0,-0.0009235420612373285
2024-11-04 00:00:00+05:30,694.165563826719,694.165563826719,672.0617180557473,681.0983276367188,7162390,0.0,0.0,696.8613891601562,706.4770035025605,40.46035426947225,-10.353998416772697,-0.27063442782428915,-10.083363988948408,17.231452876565605,3218000710.0,-0.01882437976030478
2024-11-05 00:00:00+05:30,681.2277520688597,698.1415027191196,667.9913447836188,689.721923828125,12234300,0.0,0.0,695.584521484375,705.8199415545434,44.72637264261028,-9.736128409474532,0.2777884635791015,-10.013916873053633,18.1542175236324,3230235010.0,0.012468916208226823
2024-11-06 00:00:00+05:30,690.1846724240997,699.0520507890109,685.9350660341643,697.2706298828125,6962620,0.0,0.0,694.1203033447266,705.4846744301618,48.22354904448498,-8.538913209542557,1.1800029308088629,-9.71891614035142,17.794415183004844,3237197630.0,0.010266755756579055
2024-11-07 00:00:00+05:30,697.2706569465429,700.5300249928792,683.7157726880919,687.1492919921875,4590470,0.0,0.0,692.0542297363281,704.7656398247511,44.186710865246724,-8.311014714152407,1.1263211409592113,-9.437335855111618,17.724403548846453,3232607160.0,-0.014515690361442174
2024-11-08 00:00:00+05:30,687.1492937943423,691.8318183991894,680.8296137268381,686.29833984375,4248400,0.0,0.0,690.0336822509765,704.041431982359,43.85432199670288,-8.105631566196053,1.065363431132452,-9.170994997328505,17.244246486239653,3228358760.0,-0.0012383829224263938
2024-11-11 00:00:00+05:30,682.7205818346309,687.1194350476353,671.9871661782093,674.639404296875,7623160,0.0,0.0,687.8939605712891,702.8884112888106,39.47310710867637,-8.78240451024078,0.3108723896701804,-9.093276899910961,17.093390942181532,3220735600.0,-0.011836727576074985
2024-11-12 00:00:00+05:30,678.6401917592374,680.4166318145528,658.3376899487286,660.6466064453125,10572330,0.0,0.0,686.0095123291015,701.231869922399,34.959003338355714,-10.328789927377784,-0.9884104219734589,-9.340379505404325,17.449501722441727,3210163270.0,-0.026514175747947014
2024-11-13 00:00:00+05:30,660.3280979990767,667.0209244312581,649.5398925495958,653.4610595703125,8673470,0.0,0.0,684.06708984375,699.3585048105525,32.87960916809814,-11.99584446442384,-2.1243719672156107,-9.871472497208229,17.451753876671766,3201489800.0,-0.010399433932271962
2024-11-14 00:00:00+05:30,654.0880540891158,660.7709793657702,649.8782952895152,651.7841186523438,5277030,0.0,0.0,682.3237121582031,697.4928426082698,32.39532228910298,-13.29900960839268,-2.742029688947561,-10.55697991944512,16.98324889092771,3196212770.0,-0.0035223628108916813
2024-11-18 00:00:00+05:30,660.1290588451025,662.5176098579435,652.3663591684324,653.6551513671875,5965350,0.0,0.0,680.6736358642578,695.7737174615608,33.57098347854199,-14.019196104524553,-2.7697729480635473,-11.249423156461006,16.53683762769,3202178120.0,-0.009807033020544621
2024-11-19 00:00:00+05:30,656.2825587928189,661.303424087505,652.9634799420628,656.3771362304688,8040460,0.0,0.0,679.7500732421875,694.2287534917141,35.332870381539564,-14.206543471607915,-2.3656962521175267,-11.840847219490389,15.951345236100876,3210218580.0,0.00014411085039925479
2024-11-21 00:00:00+05:30,658.2381623279068,658.2381623279068,642.0160368509909,643.4740600585938,11010800,0.0,0.0,678.693896484375,692.238373357082,31.11936827546471,-15.220732887203326,-2.703908534170349,-12.516824353032977,15.97068668187338,3199207780.0,-0.022429726980731042
2024-11-22 00:00:00+05:30,643.9069679948395,669.0262965636739,642.5186174590424,665.19970703125,9698550,0.0,0.0,677.1420989990235,691.1780335011671,43.36574528909866,-14.108770045338815,-1.273556553844669,-12.835213491494146,16.723328997784677,3208906330.0,0.03306803636978364
2024-11-25 00:00:00+05:30,675.7440496184742,683.0191014218744,663.5426493525796,665.343994140625,11327510,0.0,0.0,675.3730926513672,690.1649339184007,43.43766986242234,-13.065280299593496,-0.18405344647947963,-12.881226853114017,16.91998064574969,3220233840.0,-0.015390524687151939
2024-11-26 00:00:00+05:30,668.9865129106055,670.7579719092287,657.6857549788816,658.6312255859375,6632780,0.0,0.0,673.9190734863281,688.928317905363,40.83910734679993,-12.634330778946605,0.19751685933393048,-12.831847638280536,16.645140380363788,3213601060.0,-0.015479067402442129
2024-11-27 00:00:00+05:30,661.8209443099273,670.1111394625864,658.06396653172,667.3145751953125,6420100,0.0,0.0,672.8932525634766,688.0807201520277,45.390121209985736,-11.460022430353547,1.097460166341591,-12.557482596695138,16.316714133971118,3220021160.0,0.008300781250000073
2024-11-28 00:00:00+05:30,668.1903989442922,669.4095185387231,646.3950675203874,647.8281860351562,15768820,0.0,0.0,670.3400177001953,686.5021894023465,38.27451501562253,-11.963851521236279,0.47490486036708823,-12.438756381603367,16.795123911425726,3204252340.0,-0.03047366879456394
2024-11-29 00:00:00+05:30,648.7836098051797,657.7405852148598,647.9226939219237,654.4464111328125,7096430,0.0,0.0,668.453579711914,685.2451000584433,41.621824921396815,-11.694299644237503,0.5955653898926929,-12.289865034130196,16.303500716302715,3211348770.0,0.008728335984525331
2024-12-02 00:00:00+05:30,656.3472214969589,663.3137575856301,645.9969150107262,661.8856201171875,9202490,0.0,0.0,667.2637939453125,684.3290420215313,45.21798738634856,-10.756402731661751,1.2267698419747557,-11.983172573636507,16.375882277631373,3220551260.0,0.008438214467636377
2024-12-03 00:00:00+05:30,666.4138713443112,669.0263224360446,659.9101388773098,664.353759765625,13136660,0.0,0.0,666.0289764404297,683.545697619339,46.39776284476578,-9.70211449222802,1.8248464651267895,-11.52696095735481,15.857332369138756,3233687920.0,-0.0030913395823086993
2024-12-04 00:00:00+05:30,666.9711666136085,673.2062308953728,663.4978605361064,670.7778930664062,11304410,0.0,0.0,665.5129547119141,683.0449994015769,49.44929592152808,-8.253073306373153,2.619110120785326,-10.872183427158479,15.418120797005015,3244992330.0,0.005707482786887974
2024-12-05 00:00:00+05:30,672.7683744078934,685.6962658480633,665.3489961109743,681.76513671875,13482430,0.0,0.0,665.1151153564454,682.9948087081327,54.246801824024004,-6.147257233435312,3.779940954978535,-9.927198188413847,15.770202864153868,3258474760.0,0.013372748561159302
2024-12-06 00:00:00+05:30,684.3079287489429,690.1847291031023,674.6244623697032,681.7552490234375,8332070,0.0,0.0,664.3393463134765,682.9461985244192,54.2418128239811,-4.428135884367066,4.399249843237424,-8.82738572760449,15.755207426242814,3250142690.0,-0.0037303085617789674
2024-12-09 00:00:00+05:30,681.7352870570613,689.1894710393265,679.5258682853695,683.5515747070312,8409100,0.0,0.0,664.1594604492187,682.9699387668746,55.050606766317316,-2.887486215786339,4.7519196094545215,-7.6394058252408605,15.320092806793825,3258551790.0,0.0026642124655312125
2024-12-10 00:00:00+05:30,685.1886954236986,692.5583249081254,681.1332245943634,690.3041381835938,12045630,0.0,0.0,664.359750366211,683.2575544302755,58.05216587844171,-1.1088526514940895,5.224442538997417,-6.333295190491507,15.041879057291556,3270597420.0,0.007465743077871281
2024-12-11 00:00:00+05:30,692.6628163603328,713.0747782091687,686.0147573293187,708.108642578125,19931040,0.0,0.0,666.0332122802735,684.2321069066618,64.73826280987166,1.7176025161219286,6.440718165290749,-4.72311564916882,15.90031775890287,3290528460.0,0.02229919934053025
2024-12-12 00:00:00+05:30,708.7803918118142,711.4227287211312,704.1177909193483,709.1735229492188,9667960,0.0,0.0,668.4595581054688,685.2102016534287,65.09659558402429,3.997435597092135,6.976440997008764,-2.979005399916629,15.286362047680015,3300196420.0,0.000554658596578311
2024-12-13 00:00:00+05:30,706.5063086289864,718.2747299768445,694.7228836676622,714.8462524414062,12504360,0.0,0.0,671.5288177490235,686.3723997235455,67.0193255556986,6.190600214356209,7.33568449141827,-1.1450842770620615,15.87675378064446,3312700780.0,0.011804485976358735
2024-12-16 00:00:00+05:30,714.8462835073876,721.3350732682801,712.1890037373007,717.39404296875,7960740,0.0,0.0,674.8093139648438,687.5889347527693,67.875271426702,8.041585979757429,7.349336205455592,0.6922497743018364,15.395990619954096,3320661520.0,0.0035640661777827445
2024-12-17 00:00:00+05:30,716.5580023394192,722.2705522502408,707.6010273101765,711.860595703125,10318560,0.0,0.0,677.7195861816406,688.5407645939597,63.990891766269094,8.95873190035229,6.613185700840363,2.3455461995119276,15.344100214247685,3310342960.0,-0.006555514865451376
2024-12-18 00:00:00+05:30,711.482427516323,714.4481621161997,702.6647367961465,704.0630493164062,7275140,0.0,0.0,680.1038818359375,689.1494816418988,58.877529678896614,8.953173215833885,5.286101613057566,3.6670716027763195,15.089766293233794,3303067820.0,-0.01042805544167364
2024-12-19 00:00:00+05:30,691.6775310550568,699.0869472920388,685.4922153272418,688.5475463867188,9076750,0.0,0.0,682.3575561523437,689.1258763377741,50.26980852459987,7.6090837197166366,3.1536096935522533,4.455474026164383,15.338413985800273,3293991070.0,-0.004525207958633064
2024-12-20 00:00:00+05:30,688.0300971815171,699.0422034152667,677.2169862537253,681.5512084960938,27000190,0.0,0.0,683.1751312255859,688.8288305400612,46.93747878447581,5.911196519578198,1.1645779947310517,4.746618524847146,15.801757069781786,3266990880.0,-0.009416577431661561
2024-12-23 00:00:00+05:30,686.402873220027,694.354666980803,682.3174560341522,683.3873291015625,5829280,0.0,0.0,684.0772979736328,688.6154383267867,47.913327432089474,4.660050111705573,-0.0692547305132587,4.7293048422188315,15.587592885133748,3272820160.0,-0.004393256841012478
2024-12-24 00:00:00+05:30,684.9100319567264,687.696634244934,676.1521130180561,677.5653076171875,6014270,0.0,0.0,685.0240020751953,688.1820998675868,45.0822150303605,3.162266453089387,-1.2536307113035559,4.415897164392943,15.29880205240119,3266805890.0,-0.01072363375749606
2024-12-26 00:00:00+05:30,679.7746739094231,682.5214893210672,676.7542095939873,678.3167114257812,3290960,0.0,0.0,685.5741088867187,687.7952218894767,45.5295634500213,2.0126930477014184,-1.9225632933532202,3.9352563410546386,14.617979029163953,3270096850.0,-0.0021447731720527483
2024-12-27 00:00:00+05:30,681.4118648037507,694.3347755063479,679.7747092790576,687.4727783203125,5554180,0.0,0.0,687.5563385009766,687.7825770436272,50.78983281704567,1.8194919490529173,-1.6926115136013773,3.5121034626542946,14.717985104264146,3275651030.0,0.008894640421776807
2024-12-30 00:00:00+05:30,686.7014141512952,696.1559988388856,683.2181461084988,685.5320434570312,4908760,0.0,0.0,689.1106201171875,687.694320824545,49.694373429910264,1.4925721596043786,-1.615625042439933,3.1081972020443116,14.590832791844337,3270742270.0,-0.0017028808593750056
2024-12-31 00:00:00+05:30,683.7107705419752,684.4124172514394,675.953052058225,679.0382080078125,6153980,0.0,0.0,689.9682495117188,687.3548654199673,46.110603970408306,0.7014022926103962,-1.9254359275471322,2.6268382201575284,14.232844120913045,3264588290.0,-0.0068341215839831946
2025-01-01 00:00:00+05:30,679.0382434708042,691.473506094795,677.3463581951273,690.214599609375,4187210,0.0,0.0,691.2612915039062,687.4670118587676,52.4644460727674,0.9651106750890222,-1.3293820360548052,2.2944927111438274,14.22529439082409,3268775500.0,0.016459096738711623
2025-01-02 00:00:00+05:30,694.6632084592819,739.448085795482,693.767486615207,735.3875732421875,31716510,0.0,0.0,694.4917755126953,689.3462495600781,68.58627461108865,4.764263450587578,1.9758165915550001,2.7884468590325775,16.725879519058587,3300492010.0,0.058624617349793996
2025-01-03 00:00:00+05:30,735.4422648974435,746.414583573321,732.4068577395868,737.1838989257812,15059280,0.0,0.0,697.2627136230469,691.2222358097135,69.03599640133442,7.8298106830674215,4.033091059227875,3.7967196238395466,16.53172568439256,3315551290.0,0.00236814514403881
2025-01-06 00:00:00+05:30,746.4146148527864,756.3568478036852,728.1772056145412,731.421630859375,19059760,0.0,0.0,699.7460327148438,692.7986826744061,65.78265994076598,9.68269598318227,4.708781087474179,4.973914895708091,17.363719720446234,3296491530.0,-0.020086669921874994
2025-01-07 00:00:00+05:30,731.9789532179576,741.13000370871,726.6545532490466,731.8794555664062,10425380,0.0,0.0,702.1624267578125,694.3312620035041,65.92007756375202,11.060564260662773,4.869319491963745,6.191244768699027,17.15741477324746,3306916910.0,-0.00013592966179415956
2025-01-08 00:00:00+05:30,732.6656176143325,735.3128745853908,722.2008706727757,732.023681640625,8444660,0.0,0.0,704.248403930664,695.8093961069206,65.96644709598526,12.025549586425427,4.667443854181119,7.358105732244308,16.868456854630857,3315361570.0,-0.0008761650038905288
2025-01-09 00:00:00+05:30,730.3368057046877,732.0237100022396,720.1407870535306,724.2659912109375,6681410,0.0,0.0,705.0562713623046,696.9253410129605,61.14715017455358,12.025701820635504,3.734076870712956,8.291624949922548,16.51234728992215,3308680160.0,-0.008312349105687688
2025-01-10 00:00:00+05:30,724.2659926368326,733.1831810086039,721.0414912538237,725.3209228515625,8089630,0.0,0.0,705.8636413574219,698.0388932419254,61.55843080301905,11.972930148449564,2.945044158821611,9.027885989627952,16.200157465983445,3316769790.0,0.0014565508051665003
2025-01-13 00:00:00+05:30,720.5389113593618,722.0417025094522,709.9896090539374,711.6764526367188,6642740,0.0,0.0,705.7051513671875,698.5736994927016,53.64822512162584,10.706693406396766,1.3430459334150502,9.363647472981716,16.138097203957845,3310127050.0,-0.012299764222203108
2025-01-14 00:00:00+05:30,719.5436649751565,735.2681201938501,715.6772276788604,729.9934692382812,9980110,0.0,0.0,706.3351226806641,699.8058473258617,60.91008276795607,11.053800492304617,1.3521224154583216,9.701678076846296,16.67049508632738,3320107160.0,0.01452282157676358
2025-01-15 00:00:00+05:30,730.5408655895047,731.4863362680505,707.1233822204324,714.308837890625,6817500,0.0,0.0,706.4575347900391,700.3745920538917,53.221091006371026,9.948585588945662,0.19752600967949263,9.751059579266169,17.219956440705293,3313289660.0,-0.02221919192129165
2025-01-16 00:00:00+05:30,716.5580433236755,725.415521212111,715.9659168752503,722.5044555664062,8608490,0.0,0.0,707.379605102539,701.2424298386961,56.323640352831035,9.62308374889551,-0.10238066429652726,9.725464413192038,16.783294075046772,3321898150.0,0.00829857720269101
2025-01-17 00:00:00+05:30,718.6479689768082,725.0124170492107,712.2089280374046,714.776611328125,6652740,0.0,0.0,708.6910583496094,701.7731820539678,52.76966586337674,8.641929960629795,-0.866827562049794,9.50875752267959,16.4990222848153,3315245410.0,-0.00538700144689082
2025-01-20 00:00:00+05:30,714.776596911135,743.4289435645692,714.776596911135,740.4532470703125,10679710,0.0,0.0,711.6361602783203,703.2900473487265,61.46920102222794,9.823014830047555,0.25140584589437154,9.571608984153183,17.36711688257379,3325925120.0,0.03592262291482068
2025-01-21 00:00:00+05:30,741.4385217465766,744.921789969547,724.2809474186565,725.67919921875,10032060,0.0,0.0,713.7507537841797,704.1680533044137,55.172100672924174,9.457866510748318,-0.09099397872389403,9.548860489472212,17.600954430310697,3315893060.0,-0.021255063050545333
2025-01-22 00:00:00+05:30,730.3915685214428,738.4777264405336,722.5641166313288,736.1787719726562,7273680,0.0,0.0,716.6814270019531,705.423375605129,58.431267822432986,9.901572445959346,0.28216956518970804,9.619402880769638,17.480429814517418,3323166740.0,0.0079234258726846
2025-01-23 00:00:00+05:30,730.5905683879765,748.8031327790817,728.9982415774438,740.7667236328125,10302950,0.0,0.0,719.8039276123047,706.8093892532734,59.806407952634956,10.502357314573601,0.7063635470431695,9.795993767530431,17.646462770740314,3333469690.0,0.013928670427937924
2025-01-24 00:00:00+05:30,740.7667588679516,746.9122270685746,730.3219351823388,740.303955078125,6796870,0.0,0.0,722.4454864501953,708.1229016385618,59.59226697807368,10.816456716509038,0.8163703591828835,10.000086357326154,17.5710219932757,3326672820.0,-0.000624763171789515
2025-01-27 00:00:00+05:30,734.481932608557,743.8768068585628,722.5293370250563,726.057373046875,6928100,0.0,0.0,724.4717529296875,708.8262142428093,53.26878386064152,9.802802049247589,-0.15782744646285352,9.960629495710442,17.840768267577896,3319744720.0,-0.011470070518633042
2025-01-28 00:00:00+05:30,735.4671934619378,766.9957392023324,730.9887058156878,757.0236206054688,24789330,0.0,0.0,728.3710235595703,710.7163086099724,62.56672620715344,11.367157291261037,1.1252222364404751,10.241935054820562,19.49059668814072,3344534050.0,0.029309841873520058
2025-01-29 00:00:00+05:30,762.0643948935343,774.9774038022604,753.2766508179243,772.2554931640625,15149200,0.0,0.0,732.4730682373047,713.1296099650348,66.13590749028712,13.678329638922833,2.7491156672818153,10.929213971641017,19.648464995011814,3359683250.0,0.013373014588815626
2025-01-30 00:00:00+05:30,781.2472865302757,821.1207571572534,781.2472865302757,786.3875732421875,56488830,0.0,0.0,735.0230682373046,716.0024712700211,69.0814629753348,16.460544223648753,4.425064201606187,12.035480022042567,21.735379209167462,3416172080.0,0.006579589843749955
2025-01-31 00:00:00+05:30,788.7114556463886,794.2498546069403,775.3754900169723,784.7405395507812,18335460,0.0,0.0,737.4009002685547,718.6980817908353,68.33543552205111,18.321370122639337,5.0287120804774155,13.292658042161921,21.53102102208178,3397836620.0,-0.0050346879929022426
2025-02-01 00:00:00+05:30,784.232951186829,807.1180182975887,774.7186553762772,796.185546875,16153780,0.0,0.0,740.6390960693359,721.736805911783,70.70306503761259,20.483483646314312,5.752660483321911,14.730823162992401,22.30733115774105,3413990400.0,0.015241129144194138
2025-02-03 00:00:00+05:30,788.4327628230299,839.8955850154017,788.3183222995153,838.5520629882812,43369260,0.0,0.0,745.9727264404297,726.3177963853711,77.43054794069114,25.32368232322972,8.474287328189853,16.849394995039866,24.398040554751432,3457359660.0,0.0635682616559417
2025-02-04 00:00:00+05:30,838.4723732434933,844.9412995652532,826.3306839985922,843.4832763671875,19663000,0.0,0.0,751.5457061767578,730.9125210905405,78.06200394334981,29.220644948495078,9.89699996276417,19.32364498573091,23.98465305560211,3477022660.0,0.005976229251669152
2025-02-05 00:00:00+05:30,845.936524499596,854.7641160781394,840.5125663997178,846.8770141601562,18674930,0.0,0.0,757.6762573242188,735.4601482697411,78.50767522338624,32.21154751361507,10.310322022307332,21.90122549130774,23.289431385803503,3495697590.0,0.0011117733226102399
2025-02-06 00:00:00+05:30,849.3451486144994,862.1387359745517,842.1547123716567,846.6630249023438,17094730,0.0,0.0,763.7433624267578,739.8210453925883,78.39952448380487,34.17069371342927,9.815574577697223,24.35511913573205,23.053330829881464,3478602860.0,-0.0031578725286544487
2025-02-07 00:00:00+05:30,854.3959080209887,854.3959080209887,834.382059221062,843.3738403320312,9665400,0.0,0.0,770.3282318115234,743.8819393117822,76.65161223555191,35.053842608376385,8.558978778115467,26.49486383026092,22.836224970598977,3468937460.0,-0.012900421906850588
2025-02-10 00:00:00+05:30,843.8266703732144,844.7422552571682,818.0703862012288,824.7184448242188,12438380,0.0,0.0,775.0644805908203,747.0519983514856,67.46443705074067,33.858114692302934,5.890600689633608,27.967514002669326,23.11019954812329,3456499080.0,-0.02264472814131874
2025-02-11 00:00:00+05:30,825.9326575777842,831.5158241931363,810.0439521058838,815.2041625976562,9630590,0.0,0.0,780.1092468261719,749.7246322434924,63.2976208599198,31.776469284801124,3.047164225705437,28.729305059095687,22.993176158061086,3446868490.0,-0.012989551728819448
2025-02-12 00:00:00+05:30,811.0690557182354,824.4398267628166,798.6636183951434,817.478271484375,14837310,0.0,0.0,784.8579376220703,752.3816377039192,63.871992985762496,29.964835907666952,0.9884246788570117,28.97641122880994,23.191964173033373,3461705800.0,0.007902182583533493
2025-02-13 00:00:00+05:30,815.7863822318687,845.7374826416708,815.7863822318687,836.8800659179688,18003130,0.0,0.0,790.9631103515625,755.6953015554506,68.41364611721929,29.751706909940594,0.6202365449045217,29.131470365036073,23.67475961851685,3479708930.0,0.0258568715358926
2025-02-14 00:00:00+05:30,836.8352492192139,841.517773840481,824.240778394705,835.218017578125,8633150,0.0,0.0,795.7013488769531,758.8138394386926,67.62932939639197,29.113089657717865,-0.014704565854568585,29.127794223572433,23.217776463321076,3471075780.0,-0.0019325567877282966
2025-02-17 00:00:00+05:30,818.0952895492402,844.7422537748732,818.0952895492402,838.631591796875,8627990,0.0,0.0,801.3489685058594,761.9439473743078,68.4298558434096,28.553283319065258,-0.45960872360574,29.012892042670998,23.46271844634336,3479703770.0,0.02510257974832008
2025-02-18 00:00:00+05:30,838.9699821874159,843.9460793534148,832.0731188045462,842.5428466796875,8689770,0.0,0.0,806.6671722412109,765.1046885235384,69.3646965732628,28.101304003717814,-0.7292704311625471,28.83057443488036,22.634878596523734,3488393540.0,0.004258632094268982
2025-02-19 00:00:00+05:30,841.8710757056809,848.8227300305094,835.9843742711374,839.9105224609375,8961980,0.0,0.0,811.6243621826172,768.0382506387306,67.90727462247551,27.216960397277717,-1.2908912300821171,28.507851627359834,21.93512696529861,3479431560.0,-0.0023288046131054495
2025-02-20 00:00:00+05:30,831.5904841465455,841.5177740796233,830.5753408475086,835.9296264648438,7900700,0.0,0.0,816.4056457519531,770.7006575338722,65.66041182683753,25.896369453543343,-2.0891857390531925,27.985555192596536,21.149934555785475,3471530860.0,0.005217883562907183
2025-02-21 00:00:00+05:30,832.0035062487129,838.00470902118,824.8379136634455,835.6559448242188,6086470,0.0,0.0,821.8855743408203,773.247923702121,65.49995773806508,24.544770954174055,-2.752627390737988,27.297398344912043,20.57971032735326,3465444390.0,0.004389931710713223
2025-02-24 00:00:00+05:30,828.8187916719801,835.8848866039899,827.1318873216844,831.5009155273438,3552600,0.0,0.0,825.6094390869141,775.5323547540906,62.98351423676069,22.874658442904206,-3.53819192160627,26.412850364510476,19.73494525270699,3461891790.0,0.003236079927619654
2025-02-25 00:00:00+05:30,831.5008772332749,848.5887783401782,829.8189539174343,844.8218994140625,10985410,0.0,0.0,829.237759399414,778.2495917995798,67.31856491700998,22.368128455602914,-3.2357775271260536,25.603905982728968,19.66600805056677,3472877200.0,0.01602045475299054
2025-02-27 00:00:00+05:30,850.1762151485832,869.7223406003089,850.1762151485832,866.3783569335938,18382830,0.0,0.0,833.2372985839844,781.7056218048352,72.85801202643984,23.435970479012212,-1.7343484029734064,25.17031888198562,20.039896131686746,3491260030.0,0.01905739245149189
2025-02-28 00:00:00+05:30,862.3576644077538,862.8552741390912,846.936743693077,848.9520874023438,17545800,0.0,0.0,836.4478759765625,784.3427381027767,63.489343837087134,22.61539249509906,-2.043941109509248,24.659333604608307,19.997161639460316,3473714230.0,-0.015545263361944645
2025-03-03 00:00:00+05:30,849.5193120236075,860.944472800711,839.7761353174385,858.660400390625,8749960,0.0,0.0,839.5716186523438,787.257156231712,66.10432661234138,22.48921656380378,-1.7360936326436232,24.225310196447403,20.08081705687547,3482464190.0,0.010760306725979921
2025-03-04 00:00:00+05:30,848.1458934647072,857.8094962253487,847.2950002698851,854.4904174804688,7655060,0.0,0.0,840.3685363769531,789.8937547120554,63.98450555465372,21.801425199570758,-1.939107997501317,23.740533197072075,19.45828727572293,3474809130.0,0.007480463048454915
2025-03-05 00:00:00+05:30,841.4580560640572,845.9365436480765,818.1698963298071,825.9027709960938,16300920,0.0,0.0,839.4895111083985,791.305872997704,51.73582048030983,18.73361201573914,-4.00553694506635,22.73914896080549,20.662732552504266,3458508210.0,-0.01848610867275282
2025-03-06 00:00:00+05:30,832.501105742189,841.9357670962222,823.5988600897275,837.064208984375,8814220,0.0,0.0,838.9988708496094,793.1003175462009,55.33120480295431,17.00693734353183,-4.585769293818931,21.592706637350762,20.496602156360726,3467322430.0,0.005481197815488687
2025-03-07 00:00:00+05:30,836.9695865710349,842.950865120404,832.645387263925,836.4321899414062,4729460,0.0,0.0,838.4873291015625,794.7996066597384,55.080987804863,15.409900826625176,-4.946244648580471,20.356145475205647,19.768664706369176,3462592970.0,-0.0006420742620174985
2025-03-10 00:00:00+05:30,839.7413172127622,859.6605883749307,828.6246722012855,830.2717895507812,10164530,0.0,0.0,837.8322265625,796.1906726554655,52.58483780015684,13.491622033481804,-5.4916187533790755,18.98324078686088,20.573468382603178,3452428440.0,-0.011276719946818645
2025-03-11 00:00:00+05:30,826.5297643035749,833.4963005469524,817.1995818347657,830.0578002929688,8135670,0.0,0.0,838.0991943359375,797.5187953079167,52.49584362220973,11.817876006510005,-5.732291824280701,17.550167830790706,20.267986263287717,3444292770.0,0.004268492366232621
2025-03-12 00:00:00+05:30,830.1224843081748,848.3748358240525,823.3002743879754,844.3889770507812,20882230,0.0,0.0,839.5584350585938,799.3568416507741,57.66346759828112,11.515087652593934,-4.828064142557416,16.34315179515135,20.611313061344106,3465175000.0,0.017186009308609685
2025-03-13 00:00:00+05:30,845.9365188551953,851.907835458879,835.2876587632846,838.01953125,12173510,0.0,0.0,840.585498046875,800.8730255566261,54.80968379672657,10.638530301143192,-4.563697195206528,15.20222749634972,20.326231892361985,3453001490.0,-0.009358843635110343
2025-03-17 00:00:00+05:30,835.9047146099426,858.8694158743518,834.5910176291766,853.93310546875,11020850,0.0,0.0,841.4381500244141,802.9538130041605,60.12006314598048,11.09999094294244,-3.281789242725825,14.381780185668266,20.608529488991504,3464022340.0,0.021567519052958017
2025-03-18 00:00:00+05:30,853.93310546875,853.93310546875,853.93310546875,853.93310546875,0,0.0,0.0,842.3739044189454,804.9530009439484,60.120063145980495,11.335038557537814,-2.437393302504363,13.772431860042177,19.13649166834925,3464022340.0,0.0
2025-03-19 00:00:00+05:30,865.8409121077925,883.6553643669001,864.1092400025167,868.9857788085938,12898200,0.0,0.0,843.8916137695312,807.4640902719736,64.67402690106415,12.590801501410397,-0.9453042869054258,13.536105788315822,19.892617899049313,3476920540.0,0.003632153039691097
2025-03-20 00:00:00+05:30,868.3289672920655,872.6133797211326,850.0318480445701,863.815673828125,7924330,0.0,0.0,844.9552551269531,809.6739562937835,62.05301841377783,13.018746413393615,-0.4138874999377684,13.432633913331383,20.084683168871678,3468996210.0,-0.005197676956482827
2025-03-21 00:00:00+05:30,899.6733977661762,904.5549783031238,878.8782680147848,887.3475952148438,27448010,0.0,0.0,847.3271087646484,812.7199813495114,68.34181137605033,15.08285941615702,1.3201804022605081,13.762679013896513,21.56001326216647,3496444220.0,-0.013700307891659942
2025-03-24 00:00:00+05:30,905.2466303379748,907.1425525970416,888.4324385923167,904.6594848632812,14332170,0.0,0.0,850.7636016845703,816.3254520755416,72.01607608658821,17.909162972429385,3.3171871668262973,14.591975805603088,21.43393784216871,3510776390.0,-0.0006486027730082194
2025-03-25 00:00:00+05:30,908.1377363709296,921.5781797286892,893.4134818069011,902.3903198242188,17482600,0.0,0.0,854.1003204345703,819.700544928431,70.85526171095056,19.738394325681384,4.117134816062636,15.621259509618747,21.91470641928438,3493293790.0,-0.006328793878424738
2025-03-26 00:00:00+05:30,905.8537314484474,908.3268371895086,880.7642273861183,882.3665161132812,8862110,0.0,0.0,856.6436004638672,822.1580339945035,61.443433744000004,19.34927335968507,2.9824110800530583,16.366862279632013,22.318128089577666,3484431680.0,-0.025928264707383228
2025-03-27 00:00:00+05:30,881.8639443906324,901.211013236454,878.007468960471,896.0806884765625,20920440,0.0,0.0,859.2065399169921,825.0569616212509,64.88388958045923,19.917910018044495,2.8408381907299862,17.07707182731451,22.381372102892335,3505352120.0,0.0161212442989195
2025-03-28 00:00:00+05:30,895.4586615867737,898.5737033231289,881.8639298905308,890.2835083007812,9770990,0.0,0.0,860.4017974853516,827.614865412605,62.351130685428934,19.673985220479835,2.0775307145322586,17.596454505947577,21.976257912157035,3495581130.0,-0.005779332433751836
2025-04-01 00:00:00+05:30,874.1311315835428,888.2333744248089,862.9547756620354,865.6618041992188,11834240,0.0,0.0,861.2372833251953,829.1069022277663,52.90526327171435,17.29454654510664,-0.24152636867275135,17.536072913779392,22.358577535484805,3483746890.0,-0.009688852253758939
2025-04-02 00:00:00+05:30,868.8266101668305,871.7973257503307,857.0830323957251,862.7806396484375,6464950,0.0,0.0,861.4432952880859,830.4274409501456,51.914162078822656,15.003388626787796,-2.0261474295932764,17.029536056381072,21.812557236850576,3477281940.0,-0.006958776869451627
2025-04-03 00:00:00+05:30,860.8648121673758,872.3098356817397,841.9755667093747,855.351318359375,13966330,0.0,0.0,861.4863403320312,831.4048479073703,49.34704300390784,12.444690683372983,-3.6678762984064726,16.112566981779455,22.42125093224447,3463315610.0,-0.006404598875541961
2025-04-04 00:00:00+05:30,861.4619306925263,875.4945613683999,854.2764754281042,867.7169189453125,18496580,0.0,0.0,863.5770477294922,832.828850693172,53.471178936101445,11.284622647001811,-3.862355467822116,15.146978114823927,22.335310575676704,3481812190.0,0.007260899210900556
2025-04-07 00:00:00+05:30,830.0130484731559,855.9385038457344,826.7437791999606,852.7040405273438,13981240,0.0,0.0,864.3590393066406,833.6082699023552,48.32662129998105,9.049529210269043,-4.877959123643908,13.927488333912951,23.66658408779636,3467830950.0,0.027338114859674675
2025-04-08 00:00:00+05:30,860.8648157298268,883.0581970964989,860.8648157298268,878.0074462890625,14775630,0.0,0.0,866.4378021240234,835.349414074383,56.008941208046686,9.213764393703514,-3.77097915216755,12.984743545871064,24.144267836464845,3482606580.0,0.01991326657333822
2025-04-09 00:00:00+05:30,877.2859910771771,879.9730958814492,858.3768205377938,869.4038696289062,10487740,0.0,0.0,868.3944061279296,836.6848829196584,53.11728830864633,8.55111331502917,-3.546904184673515,12.098017499702685,23.962268372692744,3472118840.0,-0.008984665808458593
2025-04-11 00:00:00+05:30,878.2861514010438,893.0601550773631,876.8580139105662,887.84521484375,10097220,0.0,0.0,871.2837768554688,838.6911704460935,58.109598577836806,9.405598118790067,-2.1539355047300965,11.559533623520164,23.94041244953304,3482216060.0,0.01088376883485822
2025-04-15 00:00:00+05:30,921.1253777358472,924.5588970911582,903.211427092531,909.7301025390624,12633610,0.0,0.0,874.5508331298828,841.4770109203275,63.12755809586379,11.713682973570258,0.12331948004007387,11.590363493530184,24.85278886366698,3494849670.0,-0.01237103598729931
2025-04-16 00:00:00+05:30,910.5760857615268,912.7655807911772,892.1147763456156,901.320556640625,7198220,0.0,0.0,877.7158843994141,843.823816634849,60.146071875400615,12.717675332584463,0.9018494712434233,11.81582586134104,24.552647119516593,3487651450.0,-0.010164476385475518
2025-04-17 00:00:00+05:30,899.6783738702251,914.606665472054,890.9204549458269,911.8698120117188,11415130,0.0,0.0,880.6127197265625,846.4922870417851,62.5363986880763,14.200884300644816,1.9080467514430204,12.292837549201796,24.490758791424486,3499066580.0,0.013550884955752246
2025-04-21 00:00:00+05:30,912.6162508649966,927.0469331305826,909.7798996825592,922.916748046875,7824150,0.0,0.0,884.0619018554687,849.4893247282592,64.90982831869373,16.08234623226417,3.0316069464499,13.050739285814272,23.974778409752982,3506890730.0,0.011286778174413838
2025-04-22 00:00:00+05:30,925.0565051890594,934.8096439288756,918.5875785793456,921.6229858398438,11293580,0.0,0.0,886.6937622070312,852.318095752243,64.39528938676597,17.269945390296584,3.375364883585849,13.894580506710735,23.421013191165624,3495597150.0,-0.0037116860753429637
2025-04-23 00:00:00+05:30,923.7627031765068,930.380876055342,910.6257943228466,927.8430786132812,10818710,0.0,0.0,889.895132446289,855.2798597860093,65.79898784919736,18.499781813527306,3.684161045453255,14.815620768074051,23.159160944117755,3506415860.0,0.004417125115295802
2025-04-24 00:00:00+05:30,957.401151589913,961.382029559102,922.8670230585244,925.6536254882812,18496710,0.0,0.0,891.810433959961,858.0396153037454,64.83011534554218,19.0778479150498,3.4097817175806,15.668066197469201,24.256007055293455,3487919150.0,-0.033160108538526425
2025-04-25 00:00:00+05:30,926.5990763429896,929.9828468418024,894.7023044455256,906.843994140625,10893540,0.0,0.0,891.9196594238281,859.9535125130349,57.05714879063227,17.812853922240947,1.7158301798173952,16.097023742423552,25.043473865363694,3477025610.0,-0.021319989094239176
2025-04-28 00:00:00+05:30,903.6592907853022,908.137778459899,895.7472837448393,904.9530639648438,9946560,0.0,0.0,892.0477966308594,861.7182008052627,56.326011564510154,16.467922843513747,0.2967192808721535,16.171203562641594,24.139689640341985,3467079050.0,0.001431704617807002
2025-04-29 00:00:00+05:30,908.6353882015208,910.22771507736,891.7166569863775,904.9530639648438,11768180,0.0,0.0,893.1771240234375,863.4136856350502,56.32601156451016,15.226533276493683,-0.7557362289183285,15.982269505412011,23.737644529673446,3467079050.0,-0.0040525873023342165
2025-04-30 00:00:00+05:30,879.7740136349194,884.5510549539451,851.5097563203385,859.322265625,39690570,0.0,0.0,891.3392028808594,863.2532377915188,41.4580950111544,10.440349180903581,-4.433536259606745,14.873885440510326,25.85947760930429,3427388480.0,-0.023246592525982743
2025-05-02 00:00:00+05:30,853.4504336072188,887.238146337099,852.5049629739444,882.6103515625,18933030,0.0,0.0,890.9555450439453,864.0123402923416,48.875180936865284,8.429250557653063,-5.155707906285812,13.584958463938875,26.49331373457931,3446321510.0,0.03416709021053872
2025-05-05 00:00:00+05:30,883.5060953838986,898.9817461844991,882.3615686819392,888.9300537109375,8930610,0.0,0.0,892.1189575195312,864.9895055244434,50.700571670323285,7.2616794366610975,-5.058623221822224,12.320302658483321,25.7880897180065,3455252120.0,0.00613912949257256
2025-05-06 00:00:00+05:30,886.8400279885668,893.1099591210302,870.8170191338537,875.5443115234375,12040870,0.0,0.0,892.7571411132812,865.4034194851884,46.882327062396904,5.196353062674007,-5.699159676647453,10.89551273932146,25.53843616580436,3443211250.0,-0.012737039498261058
2025-05-07 00:00:00+05:30,870.8170390672533,895.4487210294413,868.1299343408848,894.35400390625,11635570,0.0,0.0,894.707275390625,866.5387365213085,52.31660650000905,5.019490446211307,-4.700817834488122,9.72030828069943,25.66560406028666,3454846820.0,0.027028599330357093
2025-05-08 00:00:00+05:30,893.4085212337744,903.1119109670703,873.30507599663,879.027587890625,12018090,0.0,0.0,895.2728088378906,867.0284953985366,48.00687728905341,3.6011006178649723,-4.895366130267567,8.496466748132539,25.961406268154786,3442828730.0,-0.016096704924293447
2025-05-09 00:00:00+05:30,860.8648380276228,873.9021887339279,856.3863504309473,859.9691162109375,12151340,0.0,0.0,895.6360626220703,866.751656999023,43.23708992855375,0.9284544289818086,-6.054409855320585,6.982864284302393,25.724251353263565,3430677390.0,-0.0010404906520953224
2025-05-12 00:00:00+05:30,880.6697141980056,898.683161916931,878.3309120482104,897.5386352539062,10638220,0.0,0.0,896.6126220703125,867.9589894796067,53.12433409059306,1.8209188550340514,-4.129556343414674,5.950475198448725,26.652093807029992,3441315610.0,0.019154651038797828
2025-05-13 00:00:00+05:30,896.0956196341344,911.9693213122264,894.8017857507431,899.87744140625,13363000,0.0,0.0,898.1363006591797,869.2106934767301,53.66541124215565,2.6859633393926288,-2.611609487244877,5.297572826637506,25.974625360919514,3454678610.0,0.004220332840885482
2025-05-14 00:00:00+05:30,900.1760232176907,906.6946986887788,896.8918110693861,903.7587890625,7594000,0.0,0.0,898.9319793701172,870.5655207546034,54.60194194801556,3.6427186505495683,-1.32388334087035,4.966601991419918,24.81950123652474,3462272610.0,0.0039800725107103285
2025-05-15 00:00:00+05:30,905.5999805101644,917.0947533876722,898.484136910891,914.4573974609376,10385000,0.0,0.0,899.168344116211,872.2867708215185,57.17161481142002,5.2042510469090075,0.19011924439127093,5.014131802517737,24.376009467971627,3472657610.0,0.009780716808080568
2025-05-16 00:00:00+05:30,914.457373373886,924.1607630754636,908.9836663627398,912.3176879882812,6251920,0.0,0.0,899.7182006835938,873.8566107104112,56.48300914898926,6.197677085589362,0.9468362264572994,5.2508408591320626,23.718944271168212,3466405690.0,-0.0023398415802700005
2025-05-19 00:00:00+05:30,912.3176982188572,924.5091366985775,912.3176982188572,921.1253662109376,7162740,0.0,0.0,900.1809783935547,875.7102873967065,58.68872731043329,7.607980340658173,1.8857115852208874,5.722268755437286,22.895551731105932,3473568430.0,0.009654167631819303
2025-05-20 00:00:00+05:30,925.3550226969596,926.5492981730328,902.5645339784704,903.5597534179688,8106160,0.0,0.0,899.2131286621094,876.8024233191089,52.926972615471996,7.224972692732763,1.2021631498363812,6.022809542896382,22.97335262135282,3465462270.0,-0.023553413278579575
2025-05-21 00:00:00+05:30,905.649698749448,923.5636488346016,898.5338553904952,915.3530883789062,7321500,0.0,0.0,898.8996337890625,878.3142141057677,56.046920859366494,7.7833384618377295,1.4084231351530772,6.374915326684652,23.120241251549505,3472783770.0,0.010714285714285557
2025-05-22 00:00:00+05:30,915.3530762980172,915.5023835107728,902.7137773116312,909.5310668945312,6159740,0.0,0.0,897.984033203125,879.5384044112095,54.13922495453733,7.667670744156908,1.0342043339778044,6.633466410179103,22.38226731923465,3466624030.0,-0.00636039748403099
2025-05-23 00:00:00+05:30,909.5310964586228,924.2105836173696,906.7444333524312,919.9310913085938,4251690,0.0,0.0,897.6979064941406,881.1224313483618,56.95760196194216,8.31929860243281,1.3486657538029636,6.970632848629846,22.031116101070634,3470875720.0,0.011434457700747917
2025-05-26 00:00:00+05:30,921.0755964137836,929.1866591884672,920.577986691248,922.5186767578124,5476790,0.0,0.0,898.481640625,882.7458135212814,57.65488016327567,8.941443500422224,1.5766485214339019,7.364794978988322,21.11857694241369,3476352510.0,0.0015667338811791547
2025-05-27 00:00:00+05:30,922.5684564101424,924.5588953667984,909.9291568867004,912.7157592773438,7150000,0.0,0.0,898.869775390625,883.9211055117153,54.08053925020972,8.544983054531372,0.9441504604344395,7.600832594096932,20.65508848081971,3469202510.0,-0.010679637987122423
2025-05-28 00:00:00+05:30,920.0803973123589,925.0067458230632,909.7300905574116,922.3196411132812,6507400,0.0,0.0,899.7381042480469,885.4269304372668,56.899678649500515,8.903108799739584,1.0418209645141214,7.861287835225463,20.270914679736276,3475709910.0,0.0024337479718766278
2025-05-29 00:00:00+05:30,920.5779851422768,923.5138946489728,911.6210101517032,916.0,7081750,0.0,0.0,902.5719909667969,886.6258743416877,54.52740443489799,8.578100804188125,0.573450375170129,8.004650429017996,19.672483952417227,3468628160.0,-0.004972946579391947
2025-05-30 00:00:00+05:30,917.0,920.3499755859376,912.0999755859376,918.0499877929688,15041740,4.4,0.0,904.3439727783203,887.8581925162478,55.180187164342534,8.389240565469436,0.3076721091611514,8.081568456308284,18.856592241530283,3483669900.0,0.0011450248560182662
2025-06-02 00:00:00+05:30,913.0,916.5,904.0,911.8499755859376,6619630,0.0,0.0,905.4899688720703,888.7990467542749,52.71538402141582,7.651081392516744,-0.34438965103323227,7.995471043549976,18.513263352347316,3477050270.0,-0.001259610530188813
2025-06-03 00:00:00+05:30,910.5999755859376,912.7999877929688,897.0,897.9000244140625,9080270,0.0,0.0,906.6077545166015,889.1559478389725,47.56701364713894,5.872743127717399,-1.6981823326660619,7.570925460383461,18.319457955248847,3467970000.0,-0.013946794983937005
2025-06-04 00:00:00+05:30,897.5,903.9500122070312,896.4500122070312,898.7000122070312,5544930,0.0,0.0,906.8250549316406,889.5302248730139,47.88136893063427,4.476349004846725,-2.4756611644293898,6.9520101692761145,17.54663952987393,3473514930.0,0.0013370609549094707
2025-06-05 00:00:00+05:30,898.7000122070312,898.7000122070312,886.9500122070312,893.4000244140625,7853320,0.0,0.0,907.5436767578125,889.681981717761,45.917248042364925,2.908504452106172,-3.2348045737359543,6.143309025842126,17.132593849168646,3465661610.0,-0.005897393703103462
2025-06-06 00:00:00+05:30,894.5,943.4000244140624,887.5999755859375,937.1500244140624,19783860,0.0,0.0,911.4027221679687,891.5434735882042,60.36909898427654,5.1370193529264725,-0.8050317383325236,5.942051091258996,19.89455491909409,3485445470.0,0.047680295599846156
2025-06-09 00:00:00+05:30,955.0,978.7999877929688,940.2999877929688,960.75,23496010,0.0,0.0,914.5632904052734,894.2574550161177,65.69443958042754,8.707084414807355,2.2120266588386865,6.495057755968668,21.44851266622354,3508941480.0,0.006020942408376963
2025-06-10 00:00:00+05:30,970.0,970.0,948.5499877929688,949.75,9044040,0.0,0.0,917.056918334961,896.4336332507797,61.543365355605104,10.527425025513821,3.2258938156361223,7.301531209877699,21.44861977628123,3499897440.0,-0.020876288659793813
2025-06-11 00:00:00+05:30,949.0,957.0,940.4000244140624,942.5,11860810,0.0,0.0,918.9939788818359,898.2401574370238,58.901630603481394,11.25529957777087,3.163014694314537,8.092284883456333,21.102288048399544,3488036630.0,-0.00684931506849315
2025-06-12 00:00:00+05:30,944.9000244140624,953.2999877929688,935.5,936.8499755859376,12388330,0.0,0.0,920.1136077880859,899.7542679526674,56.85347938596425,11.246591942346072,2.5234456471117905,8.723146295234281,20.866409458725915,3475648300.0,-0.008519471499767027
2025-06-13 00:00:00+05:30,915.0,936.5499877929688,914.7000122070312,933.0999755859376,10182020,0.0,0.0,921.1527221679687,901.0619427618153,55.474698427803744,10.812458131772814,1.6714494692308257,9.141008662541989,20.958091881595948,3465466280.0,0.019781394082991927
2025-06-16 00:00:00+05:30,956.0,956.0,925.0,938.0,7016290,0.0,2.0,921.9964538574219,902.5104940260578,56.94404130462644,10.739991046755563,1.2791859073708594,9.460805139384703,21.675371032910526,3472482570.0,-0.01882845188284519
2025-06-17 00:00:00+05:30,941.5,943.5,917.5,923.0,6110175,0.0,0.0,922.9684661865234,903.3140040642517,51.35686372357,9.364240583602509,-0.07725164462575584,9.441492228228265,21.984273101988347,3466372395.0,-0.01964949548592671
2025-06-18 00:00:00+05:30,927.0,932.5,915.0,919.0,5002923,0.0,0.0,923.1508117675781,903.9291411597712,49.94942940529173,7.860570100122345,-1.2647377024847373,9.125307802607082,21.66396788041775,3461369472.0,-0.008629989212513484
2025-06-19 00:00:00+05:30,919.0,922.5,894.0,900.5,6585940,0.0,0.0,922.6992584228516,903.7946650358588,43.95030393225334,5.11711806776475,-3.2065517878738667,8.323669855638617,22.15225588895934,3454783532.0,-0.02013057671381937
2025-06-20 00:00:00+05:30,897.0,907.5,886.0,905.0,14320241,0.0,0.0,921.9527038574219,903.8419330736683,45.65993742329833,3.268349460444483,-4.044256316155307,7.31260577659979,22.1056661826051,3469103773.0,0.008918617614269788
2025-06-23 00:00:00+05:30,899.0,918.0,890.5,915.5,5870597,0.0,0.0,921.6017700195313,904.2991121688186,49.52839914168874,2.620244717268406,-3.7538888474651078,6.374133564733514,22.49097574099045,3474974370.0,0.01835372636262514
2025-06-24 00:00:00+05:30,920.0,936.0,914.5,916.5,11555634,0.0,0.0,921.790982055664,904.7775783582767,49.894247526694215,2.1623820869477868,-3.3694011822285814,5.531783269176368,22.420191759491132,3486530004.0,-0.0038043478260869567
2025-06-25 00:00:00+05:30,918.0,930.0,916.0,928.0,6623799,0.0,0.0,922.075,905.6882615599129,54.02176466213465,2.6963941904067497,-2.2683112630156943,4.964705453422444,21.818749490956048,3493153803.0,0.010893246187363835
2025-06-26 00:00:00+05:30,930.0,953.5,928.5,951.5,11677790,0.0,0.0,923.85,907.4848003222694,61.0776986952743,4.95869547727159,-0.0048079809206837965,4.963503458192274,22.08169595588776,3504831593.0,0.023118279569892472
2025-06-27 00:00:00+05:30,950.0,959.5,936.0,947.0,21637194,0.0,0.0,925.2975006103516,909.0344159959059,59.20407174731106,6.315670041313638,1.081733266497091,5.233936774816547,22.18300338761006,3483194399.0,-0.003157894736842105
2025-06-30 00:00:00+05:30,956.0,956.0,934.0,936.5,6086081,0.0,0.0,926.5300018310547,910.1114977215567,54.96701681050369,6.469246465662081,0.9882477526764273,5.480998712985654,22.169931717066483,3477108318.0,-0.020397489539748955
2025-07-01 00:00:00+05:30,932.5,941.7999877929688,928.0,936.6500244140624,5381327,0.0,0.0,928.4675018310547,911.1522242585177,55.01655299747719,6.5278140281319565,0.8374522521170418,5.690361776014915,21.57207857963093,3482489645.0,0.004450428326072264
2025-07-02 00:00:00+05:30,933.0,939.8499755859376,914.0,923.0,9394493,0.0,0.0,929.6825012207031,911.6168429150465,49.66368015418224,5.4104184155193025,-0.22395468839649002,5.6343731039157925,21.877642651509976,3473095152.0,-0.010718113612004287
2025-07-03 00:00:00+05:30,922.0,924.5,905.2000122070312,910.1500244140624,7606558,0.0,0.0,930.5200012207031,911.5593206208903,45.204745231317055,3.4482395450439753,-1.7489068470974543,5.19714639214143,21.69352444732846,3465488594.0,-0.012852468097546218
2025-07-04 00:00:00+05:30,922.0,940.7000122070312,919.0,925.2999877929688,10613046,0.0,0.0,929.9274993896485,912.098170313913,50.81194291925251,3.080167827233481,-1.693582851926359,4.77375067915984,22.326128972017063,3476101640.0,0.003579162465258948
2025-07-07 00:00:00+05:30,925.0,929.2999877929688,918.0999755859376,924.6500244140624,3383973,0.0,0.0,928.1225006103516,912.5903998864679,50.572841441276424,2.7048419915747672,-1.655126950068059,4.359968941642826,21.53140634594664,3472717667.0,-0.0003783519847974202
2025-07-08 00:00:00+05:30,918.7999877929688,929.5,918.7999877929688,927.6500244140624,3851432,0.0,0.0,927.0175018310547,913.1809733973539,51.70252786631218,2.6192751175790363,-1.3925550592510323,4.011830176830069,20.75773533602411,3476569099.0,0.009632168849231413
2025-07-09 00:00:00+05:30,926.5,946.0,924.0,940.5999755859376,5341529,0.0,0.0,926.9225006103516,914.2562283851415,56.34121875296731,3.5554307927739046,-0.36511950724493136,3.920550300018836,20.846468526308097,3481910628.0,0.01521853813916634
2025-07-10 00:00:00+05:30,943.0,951.7000122070312,942.25,947.6500244140624,5409906,0.0,0.0,927.4625030517578,915.5657890137267,58.6685609117632,4.810765421534597,0.7121720972126084,4.098593324321989,20.15029481879278,3487320534.0,0.00493109693962077
2025-07-11 00:00:00+05:30,938.7000122070312,947.1500244140624,931.5499877929688,933.5,4278038,0.0,0.0,927.4825042724609,916.2690914053453,52.60703205470698,4.610689289424272,0.4096767720818262,4.201012517342446,19.86099066181427,3483042496.0,-0.005539588941524784
2025-07-14 00:00:00+05:30,932.0,932.0,911.2999877929688,918.8499755859376,6657978,0.0,0.0,926.5250030517578,916.3703025496823,47.172844214349254,3.232728101157136,-0.7746275329482479,4.007355634105384,20.028063629329772,3476384518.0,-0.014109468255431745
2025-07-15 00:00:00+05:30,919.0,930.5999755859376,918.0,928.4000244140624,3892075,0.0,0.0,926.7950042724609,916.8420563482855,50.7447139972285,2.8781159302436663,-0.903391763089374,3.7815076933330403,19.497485911944615,3480276593.0,0.010228535815084207
2025-07-16 00:00:00+05:30,924.0,927.0,919.4000244140624,921.75,3952491,0.0,0.0,926.932504272461,917.0345247267841,48.295925842385785,2.0370005618221967,-1.3956057052086752,3.432606267030872,18.74766548966286,3476324102.0,-0.002435064935064935
2025-07-17 00:00:00+05:30,925.9500122070312,926.25,916.0,923.2999877929688,4583882,0.0,0.0,928.0725036621094,917.2802291607521,48.914719580097426,1.478439107805002,-1.5633337273806962,3.0417728351856983,18.140689383258373,3480907984.0,-0.002861951918706802
2025-07-18 00:00:00+05:30,920.5,944.9000244140624,920.0,942.0,7893820,0.0,0.0,929.9225036621094,918.2496319387619,55.78930868716452,2.5157102915968608,-0.4208500348710702,2.936560326467931,18.623499028315802,3488801804.0,0.023356871265616513
2025-07-21 00:00:00+05:30,938.9000244140624,951.0,937.3499755859376,948.4500122070312,4660232,0.0,0.0,931.5700042724609,919.4339605767333,57.8940455622382,3.8142489701530167,0.702150914948068,3.1120980552049486,18.268250841583413,3493462036.0,0.010171463994719467
2025-07-22 00:00:00+05:30,955.0,962.0,940.0,952.5499877929688,6237382,0.0,0.0,933.3725036621094,920.7326283107034,59.222943994808745,5.115218933482424,1.6024967026219805,3.5127222308604438,18.534804352898885,3499699418.0,-0.0025654578084096857
2025-07-23 00:00:00+05:30,954.0,970.9500122070312,953.6500244140624,968.2999877929688,9694991,0.0,0.0,935.3875030517578,922.5980149570667,63.9321961288933,7.3326145579314925,3.0559138616568386,4.276700696274654,18.525177214410572,3509394409.0,0.014989505024076259
2025-07-24 00:00:00+05:30,970.0,970.0,954.0,958.9500122070312,5189112,0.0,0.0,935.7600036621094,924.0235834766731,59.536440473920514,8.2404607746995,3.171008062739876,5.069452711959624,18.344807413381243,3504205297.0,-0.011391739992751289
2025-07-25 00:00:00+05:30,906.4000244140624,924.9000244140624,898.0,913.75,24415481,0.0,0.0,934.0975036621094,923.620697850137,43.84276641120749,5.25212893628202,0.1461409794579165,5.105987956824103,21.38803632721339,3479789816.0,0.00810897549422394
2025-07-28 00:00:00+05:30,909.25,913.75,879.0,880.5,14011284,0.0,0.0,931.2975036621094,921.9296900913081,36.26895356483761,0.19856833425944842,-3.925935698051725,4.124504032311173,22.342462303841007,3465778532.0,-0.03161946659334616
2025-07-29 00:00:00+05:30,875.0499877929688,894.0,873.5,886.5499877929688,11323854,0.0,0.0,928.7925018310547,920.5422507854909,38.3556414261584,-3.280416795911833,-5.923936662578406,2.6435198666665722,22.21085785356665,3477102386.0,0.01314210634869562
2025-07-30 00:00:00+05:30,890.9500122070312,892.5999755859375,875.0,884.8499755859375,5054496,0.0,0.0,926.8850006103515,919.1425537188418,37.979339816260435,-6.104347238676269,-6.998293684274273,0.893946445598004,21.88150912016457,3472047890.0,-0.006846665399311175
2025-07-31 00:00:00+05:30,872.0,887.8499755859375,868.0,881.2000122070312,6999179,0.0,0.0,925.4375,917.6546109144571,37.13690997597597,-8.538428313932286,-7.545899807624232,-0.9925285063080542,21.736399582005493,3465048711.0,0.010550472714485379
2025-08-01 00:00:00+05:30,884.7999877929688,895.8499755859375,873.0,875.5999755859375,5300299,0.0,0.0,922.9524993896484,916.005409529025,35.82396354118225,-10.794894433106947,-7.841892741439114,-2.9530016916678328,21.815940725143495,3459748412.0,-0.010397843957909195
2025-08-04 00:00:00+05:30,874.0,886.75,873.7000122070312,885.2999877929688,3969985,0.0,0.0,920.9849975585937,914.8012753432972,39.79445128175485,-11.665972106166123,-6.970376331598632,-4.695595774567491,21.189801229988156,3463718397.0,0.012929047818042048
2025-08-05 00:00:00+05:30,889.0,893.5999755859375,882.4000244140625,891.9000244140625,4446791,0.0,0.0,919.1974975585938,913.9031870715626,42.40547557423425,-11.6889961696304,-5.594720316050326,-6.094275853580074,20.476240511551502,3468165188.0,0.003262119700857705
2025-08-06 00:00:00+05:30,888.0,895.5,874.5999755859375,876.6500244140625,4212648,0.0,0.0,916.0,912.4422787320527,38.275019603690126,-12.790351248759066,-5.356860316143193,-7.433490932615873,20.506510790302286,3463952540.0,-0.012781504038217905
2025-08-07 00:00:00+05:30,871.0,882.0,867.25,879.0999755859375,5998002,0.0,0.0,912.5724975585938,911.134737432205,39.29796297565711,-13.312039593354143,-4.702838928590616,-8.609200664763527,20.095331448137838,3469950542.0,0.009299627538389782
2025-08-08 00:00:00+05:30,877.0,888.2999877929688,876.0,877.1500244140625,3736916,0.0,0.0,909.7549987792969,909.8020035883563,38.747553490415974,-13.72461728339033,-4.092333294901442,-9.632283988488888,19.538521187054332,3466213626.0,0.00017106546643386544
2025-08-11 00:00:00+05:30,877.1500244140625,888.2999877929688,872.75,877.7999877929688,5367926,0.0,0.0,907.7024993896484,908.5470225767725,39.05396927336876,-13.839607086857654,-3.365858478695012,-10.473748608162643,19.253625944619646,3471581552.0,0.0007409945400622048
2025-08-12 00:00:00+05:30,877.2000122070312,884.9000244140625,851.5,853.0,8257312,0.0,0.0,903.9324981689454,906.3687079659188,32.394924609158316,-15.75032909771005,-4.221264391637925,-11.529064706072125,20.264082978151276,3463324240.0,-0.02758779282976083
2025-08-13 00:00:00+05:30,854.5499877929688,864.0,849.0,860.0,10117225,0.0,0.0,900.8449981689453,904.550327261373,35.72621053369426,-16.509438033874062,-3.9842986622415495,-12.525139371632513,19.88807705114047,3473441465.0,0.0063776400267781886
2025-08-14 00:00:00+05:30,860.0,866.9000244140625,855.4500122070312,861.4500122070312,5379250,0.0,0.0,897.7524993896484,902.8601188278694,36.425049226524415,-16.80036926895309,-3.420183917856461,-13.38018535109663,19.285358133704097,3478820715.0,0.0016860607058502906
2025-08-18 00:00:00+05:30,875.0,919.6500244140624,875.0,905.2000122070312,16277779,0.0,0.0,895.9125,902.9518793525424,53.02200951226464,-13.346821156619512,0.02669135558169522,-13.373512512201208,22.064976281798888,3495098494.0,0.03451429966517857
2025-08-19 00:00:00+05:30,905.9500122070312,909.9000244140624,890.5,902.2999877929688,5764382,0.0,0.0,893.6049987792969,902.9263149776572,52.05197318273365,-10.720290296435905,2.1225777726122423,-12.842868069048148,21.87462257696057,3489334112.0,-0.004028946812606678
2025-08-20 00:00:00+05:30,900.5499877929688,902.0,886.0499877929688,887.7999877929688,5561646,0.0,0.0,890.3674987792969,902.3331256762968,47.38413487597378,-9.696993579238665,2.516699591847587,-12.213693171086252,21.472863821463385,3483772466.0,-0.01415801473857901
2025-08-21 00:00:00+05:30,888.0,901.2999877929688,884.0,895.5999755859375,6697533,0.0,0.0,886.7324981689453,902.0690805747141,49.98256263686066,-8.162537084226301,3.240924869487962,-11.403461953714263,21.174801247999483,3490469999.0,0.008558531065244932
2025-08-22 00:00:00+05:30,895.0,903.9000244140624,892.0,894.5,6424895,0.0,0.0,883.5099975585938,901.7722538855097,49.61047850073203,-6.955054554143544,3.5587259196565775,-10.513780473800121,20.512317188432547,3484045104.0,-0.0005586592178770949
2025-08-25 00:00:00+05:30,902.0999755859376,908.0,898.1500244140625,900.7999877929688,5837876,0.0,0.0,882.8624969482422,901.7341258034493,51.82259202575402,-5.427198223110963,4.069265800551328,-9.496464023662291,20.011437389258795,3489882980.0,-0.001441068427171265
2025-08-26 00:00:00+05:30,899.9500122070312,901.9000244140624,873.5,876.25,6712926,0.0,0.0,882.6499969482422,900.7347483209611,43.760532024147125,-6.126714958941989,2.6957992517762435,-8.822514210718232,20.610622176744766,3483170054.0,-0.02633480958448959
2025-08-27 00:00:00+05:30,876.25,876.25,876.25,876.25,0,0.0,0.0,882.1349975585938,899.774562112296,43.760532024147125,-6.604949268109408,1.77405195408706,-8.379001222196468,19.138434878405857,3483170054.0,0.0
2025-08-28 00:00:00+05:30,870.2000122070312,884.5,869.7000122070312,876.8499755859375,8349342,0.0,0.0,881.7349975585937,898.8755587191056,44.00742515023032,-6.856502890737374,1.2179986651672756,-8.07450155590465,18.828545800874636,3491519396.0,0.00764187920664398
2025-08-29 00:00:00+05:30,870.8499755859375,888.0,870.8499755859375,877.8499755859375,5672446,0.0,0.0,881.567495727539,898.0510260472166,44.44518967937356,-6.895680197460138,0.9430570867556103,-7.838737284215748,18.70865141610234,3497191842.0,0.008038123897621013
2025-09-01 00:00:00+05:30,877.8499755859375,894.7999877929688,877.8499755859375,889.3499755859375,4101526,0.0,0.0,882.254995727539,897.7098083820686,49.34948402063576,-5.930412501046703,1.5266598265352362,-7.4570723275819395,18.58303432974012,3501293368.0,0.013100188323550511
