Date,Open,High,Low,Close,Volume,Dividends,Stock Splits,SMA_20,EMA_50,RSI_14,MACD_12_26_9,MACDh_12_26_9,MACDs_12_26_9,ATRr_14,OBV,Daily_Return
2020-03-12 00:00:00+05:30,2631.06227994422,2652.459160465384,2488.1630326752083,2511.033935546875,774263,0.0,0.0,2719.0998291015626,2764.92720703125,30.780539511992995,-32.40591407518059,-13.372843417203104,-19.033070657977486,90.20726231175604,-2091659.0,-0.04561972755730038
2020-03-13 00:00:00+05:30,2412.178964718695,2724.7794033078503,2153.093075915576,2468.999267578125,1108162,0.0,0.0,2702.4289794921874,2753.322189797794,28.66230301218774,-47.821998269132564,-23.031142088924064,-24.7908561802085,125.46564224461706,-3199821.0,0.023555591724536962
2020-03-16 00:00:00+05:30,2416.4674915396977,2452.069337822142,2324.670674668418,2420.2197265625,791034,0.0,0.0,2683.3906372070314,2740.2593481022923,26.392474236906697,-63.246392311006275,-30.764428904638223,-32.48196340636805,126.8444801876186,-3990855.0,0.0015527769506270151
2020-03-17 00:00:00+05:30,2430.0467266613923,2497.721741199849,2384.528064136108,2399.671142578125,567266,0.0,0.0,2665.0468994140624,2726.9029478856583,25.477176916669244,-76.24947819087447,-35.01401182760513,-41.23546636326934,125.8483008728919,-4558121.0,-0.012499999999999963
2020-03-18 00:00:00+05:30,2437.194511663608,2452.337593763703,2215.6313742396437,2235.241455078125,649481,0.0,0.0,2639.042272949219,2707.6221050304607,19.61505725043643,-98.68503931395207,-45.959658360546186,-52.72538095340589,133.92575630418057,-5207602.0,-0.08286292112467936
2020-03-19 00:00:00+05:30,2134.331879712805,2147.732875190281,2019.083318606504,2071.034423828125,786857,0.0,0.0,2605.6157348632814,2682.657882238212,15.724035964517027,-128.23727870594803,-60.40951820203371,-67.82776050391432,139.90888210527345,-5994459.0,-0.029656801028149958
2020-03-20 00:00:00+05:30,2091.716634263277,2234.3030868590085,2049.68213730679,2204.731689453125,742455,0.0,0.0,2578.16826171875,2663.9156785995815,28.210768027019576,-139.26404018878293,-57.14902374789489,-82.11501644088804,143.15775496943277,-5252004.0,0.05402981137053167
2020-03-23 00:00:00+05:30,2054.8192604601268,2164.1712938576816,1876.1393247679416,1909.95458984375,613493,0.0,0.0,2537.002648925781,2634.3485770797447,20.868975688104832,-169.83116849672297,-70.17292164466795,-99.65824685205502,156.61522352182902,-5865497.0,-0.07049995754076095
2020-03-24 00:00:00+05:30,1891.32724322207,2188.82935564198,1886.7708173173187,2112.622314453125,929170,0.0,0.0,2507.0067749023438,2613.8887236434066,33.65340532498921,-175.67714947004015,-60.8151220943881,-114.86202737565205,167.15835905008186,-4936327.0,0.11700517296734765
2020-03-25 00:00:00+05:30,2112.532918175932,2243.8626678784995,2070.0964344285035,2190.079833984375,1249005,0.0,0.0,2481.0021362304688,2597.2687671861895,37.79013824946131,-172.07636776892014,-45.77147231461447,-126.30489545430567,167.63685385489015,-3687322.0,0.03670802719391509
2020-03-26 00:00:00+05:30,2208.081932589292,2384.3050122755594,2159.615001927796,2312.520263671875,944116,0.0,0.0,2460.77109375,2586.102159205236,43.759575347975286,-157.52693053207213,-24.97762806221317,-132.54930246985896,171.76417138235817,-2743206.0,0.047298213685446885
2020-03-27 00:00:00+05:30,2403.2450997161336,2420.1749797509547,2237.966161631567,2259.631103515625,472582,0.0,0.0,2438.579052734375,2573.2993727076046,41.889719588503304,-148.55169840134158,-12.801916745186077,-135.7497816561555,172.5190647526804,-3215788.0,-0.05975836431226761
2020-03-30 00:00:00+05:30,2202.4534663280856,2304.390452674858,2182.3519743932384,2210.04736328125,701815,0.0,0.0,2416.402624511719,2559.0541958673557,40.15728576219104,-143.78232260933646,-6.426032762544764,-137.3562898467917,168.87363669022324,-3917603.0,0.0034479261738160094
2020-03-31 00:00:00+05:30,2304.926325367212,2421.112990547705,2224.565072495862,2402.306884765625,734769,0.0,0.0,2404.7817260742186,2552.907242490817,48.96997125729291,-123.07014530221022,11.428915635665192,-134.4990609378754,171.91811570635582,-3182834.0,0.04224888159186549
2020-04-01 00:00:00+05:30,2412.178902999212,2483.650870495485,2237.9659822270464,2291.43603515625,1167150,0.0,0.0,2384.159814453125,2542.6534696541676,44.86665594024689,-114.28454544008491,16.171612398232412,-130.45615783831732,177.23708141434162,-4349984.0,-0.05005551938657402
2020-04-03 00:00:00+05:30,2312.967165155038,2331.7732729140253,2211.1643105219205,2290.0068359375,726903,0.0,0.0,2361.833776855469,2532.745758528024,44.81452639560627,-106.21286291666684,19.394635937320402,-125.60749885398724,173.15666204854912,-5076887.0,-0.00992678562992005
2020-04-07 00:00:00+05:30,2358.709454126134,2571.830025406442,2358.709454126134,2532.341796875,1062855,0.0,0.0,2348.761120605469,2532.729916894572,54.473527535757896,-79.34692829599226,37.008456446395996,-116.35538474238825,180.98186965388916,-4014032.0,0.07361328138365145
2020-04-08 00:00:00+05:30,2527.427457764785,2671.264792759529,2464.88948602794,2479.67529296875,1037961,0.0,0.0,2335.0987915039063,2530.6493434072845,52.32984726527406,-61.595197172076496,43.80815005624942,-105.40334722832591,182.80941687149172,-5051993.0,-0.018893584719644536
2020-04-09 00:00:00+05:30,2546.189089997763,2546.189089997763,2441.571900141617,2503.037841796875,893108,0.0,0.0,2326.3970947265625,2529.5665394225625,53.20948281379256,-45.1215270440066,48.22545614745546,-93.34698319146206,177.18502022433233,-4158885.0,-0.016947385553728007
2020-04-13 00:00:00+05:30,2501.5189830022223,2501.5189830022223,2409.811597532145,2417.67333984375,501533,0.0,0.0,2311.1132568359376,2525.178570811629,49.6074713469893,-38.51030385680497,43.86934346772567,-82.37964732453064,171.14886251615525,-4660418.0,-0.03351789202008938
2020-04-15 00:00:00+05:30,2476.503938379178,2598.4529959508804,2461.048080133506,2534.8876953125,1011691,0.0,0.0,2312.305944824219,2525.5593207920556,54.19287204413039,-23.54127381397666,47.07069880844318,-70.61197262241984,171.84093938984105,-3648727.0,0.023575071304563645
2020-04-16 00:00:00+05:30,2535.021576383492,2585.4539443857816,2514.920083707323,2534.396240234375,675907,0.0,0.0,2315.575793457031,2525.9058666525384,54.170615249632135,-11.584329042335412,47.22211486406755,-58.80644390640296,164.56407360203835,-4324634.0,-0.00024667882709278175
2020-04-17 00:00:00+05:30,2576.5643091160146,2586.3917041923933,2503.484182106828,2530.241455078125,705271,0.0,0.0,2321.0768798828126,2526.075889728052,53.968819138996594,-2.4157730765355154,45.112536663893955,-47.52830974042947,158.70105330753444,-5029905.0,-0.017978535941834232
2020-04-20 00:00:00+05:30,2555.2124385813963,2559.4113733336944,2502.4124317647206,2531.001220703125,667917,0.0,0.0,2327.6433837890627,2526.269039962369,54.00256328226465,4.855706753667164,41.90721319527731,-37.051506441610144,151.4014605952781,-4361988.0,-0.009475226995886463
2020-04-21 00:00:00+05:30,2483.561424373446,2596.5319766288844,2441.794993685935,2558.0263671875,1129799,0.0,0.0,2343.7826293945313,2527.5144253437466,55.25895626191072,12.653251562366677,39.763806403181455,-27.11055484081478,151.64078247922163,-3232189.0,0.02998312909971223
2020-04-22 00:00:00+05:30,2557.803526840545,2653.1292381297994,2526.043121576161,2637.896728515625,737395,0.0,0.0,2372.1257446289064,2531.843143115193,58.83742085965119,24.989667326840845,41.6801777341245,-16.690510407283654,149.87956390951962,-2494794.0,0.03131327360941313
2020-04-23 00:00:00+05:30,2644.463222765696,2899.082147930636,2606.94043379402,2633.206298828125,3426363,0.0,0.0,2393.5494750976563,2535.8181688294258,58.54130295863336,33.99600246835962,40.549210300514616,-6.553207832154999,160.08048186993994,-5921157.0,-0.004256789748733275
2020-04-24 00:00:00+05:30,2662.330939299024,2789.9976611891498,2640.889347841582,2735.7236328125,2613797,0.0,0.0,2434.837927246094,2543.6575987895462,62.932416498428026,48.842850062680554,44.316846315868446,4.526003746812112,159.8447005073633,-3307360.0,0.027567081323405945
2020-04-27 00:00:00+05:30,2747.963315461229,2939.284757328191,2742.736840424786,2896.4462890625,1993378,0.0,0.0,2474.0291259765627,2557.4924493884855,68.55543035864434,72.73956249341472,54.57084699728209,18.168715496132634,162.97771921515306,-1313982.0,0.05403382671298478
2020-04-28 00:00:00+05:30,2927.670513839986,2939.150786042662,2823.142759760255,2853.4736328125,1379063,0.0,0.0,2507.1988159179687,2569.0995546207996,65.68630519377322,87.20509894206998,55.22910675674988,31.975992185320102,159.6123508672939,-2693045.0,-0.025343316700678915
2020-04-29 00:00:00+05:30,2879.5339818568395,2925.556980014235,2845.389266551861,2851.53173828125,1177520,35.0,0.0,2534.1493896484376,2580.1753265290527,65.55279421975114,97.38979717778784,52.33104399397419,45.05875318381365,153.92141867136917,-3870565.0,-0.00972457479301306
2020-04-30 00:00:00+05:30,2886.0379290767146,2895.070911640335,2845.389507540423,2859.616455078125,1021592,0.0,0.0,2564.1486572265626,2591.1338021584284,65.86387998807038,104.90434104224278,47.8764702867433,57.02787075549948,146.45582915483055,-2848973.0,-0.009154929577464771
2020-05-04 00:00:00+05:30,2808.3539363833274,2854.422141837026,2760.4791346373268,2793.85595703125,591353,0.0,0.0,2593.3390869140626,2599.0836905848137,61.03558061905193,104.3504614218541,37.8580725330837,66.4923888887704,143.0675600247728,-3440326.0,-0.005162447355459874
2020-05-05 00:00:00+05:30,2806.5477095244964,2823.710376560533,2683.24749634455,2690.69970703125,905266,0.0,0.0,2607.7587280273438,2602.676475543498,54.30983416861053,94.49834250078811,22.40476288961416,72.09357961117395,142.88108343100774,-4345592.0,-0.041277759897006765
2020-05-06 00:00:00+05:30,2664.7296381755305,2768.608929155255,2626.474871936806,2698.783935546875,995972,0.0,0.0,2628.126123046875,2606.44539554363,54.73083947552767,86.3474374442103,11.403086266429085,74.94435117778121,142.8276104418376,-3349620.0,0.012779644465042471
2020-05-07 00:00:00+05:30,2689.750928754664,2691.8285586613288,2589.7558649939697,2633.430419921875,994651,0.0,0.0,2645.2973022460938,2607.5036317937574,50.666406239014854,73.76399847601715,-0.9442821614112518,74.7082806374284,140.4085698615266,-4344271.0,-0.020938930899027545
2020-05-08 00:00:00+05:30,2660.213101799547,2743.3165331630644,2640.746982194454,2705.061767578125,1102857,0.0,0.0,2653.93330078125,2611.3294410402036,54.64232515002929,68.77874498376059,-4.7436285229342445,73.52237350669483,138.22438025109278,-3241414.0,0.01685905003183364
2020-05-11 00:00:00+05:30,2736.089953704455,2785.2292822898758,2702.532517394176,2758.627197265625,1095855,0.0,0.0,2667.880895996094,2617.105823637279,57.40673153394245,68.3621419665078,-4.128185232149619,72.49032719865743,134.25134185063936,-2145559.0,0.008237025807816049
2020-05-12 00:00:00+05:30,2754.1110641583355,2821.180957002972,2738.1679387857616,2806.818603515625,1329390,0.0,0.0,2683.069934082031,2624.5455404952536,59.7816310934986,71.10101654596474,-1.1114485221541486,72.21246506811889,130.58565276771452,-816169.0,0.019137768277837086
2020-05-13 00:00:00+05:30,2872.4882111604898,2879.714596597372,2761.8341841582383,2781.751953125,850975,0.0,0.0,2701.2738647460938,2630.710497853283,57.97101421059606,70.43697162354147,-1.4203947556619454,71.85736637920341,129.67679826017346,-1667144.0,-0.031588034959709084
2020-05-14 00:00:00+05:30,2768.6088990343424,2834.549665634508,2738.5290257802394,2817.115966796875,777257,0.0,0.0,2715.3852783203124,2638.020516243228,59.81993933007777,71.93506889605396,0.06216201348043171,71.87290688257353,127.26949772114352,-889887.0,0.01752037558625609
2020-05-15 00:00:00+05:30,2842.588884682145,2886.9409124446147,2813.77376165988,2823.393798828125,870248,0.0,0.0,2729.83515625,2645.2900567367537,60.155041023041065,72.78981468303846,0.733526240371944,72.05628844266651,123.40013508710427,-19639.0,-0.006752677447469256
2020-05-18 00:00:00+05:30,2809.2575143186427,2858.9389173049854,2798.508353521589,2808.85107421875,730350,0.0,0.0,2743.7656372070314,2651.7042142850673,58.92896992401746,71.46987036288556,-0.46913446382477275,71.93900482671033,118.89700328343194,-749989.0,-0.00014467883340033068
2020-05-19 00:00:00+05:30,2827.503769300993,2843.4921021345504,2787.6232449771437,2803.83740234375,537217,0.0,0.0,2757.4074462890626,2657.670221659918,58.48638843732948,69.22130346261883,-2.1741610912731915,71.39546455389203,114.39006234547828,-1287206.0,-0.00837005673138106
2020-05-20 00:00:00+05:30,2809.7994537913264,2853.5189982199045,2806.412085559821,2825.38134765625,439150,0.0,0.0,2770.7751953125,2664.247128561735,59.880737000794234,68.38936430970261,-2.404880195351538,70.79424450505415,109.76332901479671,-848056.0,0.005545553738327688
2020-05-21 00:00:00+05:30,2818.3805444687287,2851.71215678993,2799.3208659778247,2810.115234375,574325,0.0,0.0,2779.386120605469,2669.967446436765,58.38427849222549,65.74038454854599,-4.043087965206539,69.78347251375253,105.66145707996539,-1422381.0,-0.002932645170983001
2020-05-22 00:00:00+05:30,2803.83773047511,2876.282205049197,2782.158572765251,2860.8359375,630580,0.0,0.0,2790.7676025390624,2677.45248530199,61.799999419633224,66.96189085905235,-2.2572653237601514,69.2191561828125,104.83660424787634,-791801.0,0.020328639708843434
2020-05-26 00:00:00+05:30,2890.5537948920955,2930.2989095718617,2837.2592092987725,2857.899658203125,718134,0.0,0.0,2796.8764038085938,2684.528845023603,61.48537418432992,66.9215798950654,-1.8380610301976787,68.75964092526308,103.99328234498103,-1509935.0,-0.011296844482421929
2020-05-27 00:00:00+05:30,2863.4556523106403,2925.7380268878164,2837.26000123272,2908.8916015625,739328,0.0,0.0,2797.498669433594,2693.3273844957166,64.83365024384896,70.19509151724696,1.148360473587104,69.04673104365986,102.88421210866292,-770607.0,0.015867523289629287
2020-05-28 00:00:00+05:30,2906.361721196365,3038.017423096713,2880.933967155249,3001.885498046875,1453514,0.0,0.0,2804.9192626953127,2705.4277026741934,69.96226745656101,79.37818106594614,8.265160017829018,71.11302104811712,106.75830355090257,682907.0,0.03286713286713286
2020-05-29 00:00:00+05:30,2971.7605816611367,3086.569868068617,2971.7605816611367,3052.109130859375,1658714,0.0,0.0,2814.948132324219,2719.0230527991025,72.31092553002574,89.67475833198205,14.84938982709194,74.82536850489011,107.3337484863721,2341621.0,0.027037356136316186
2020-06-01 00:00:00+05:30,3085.6663459175134,3134.44444389162,3072.11687425804,3102.693603515625,883460,0.0,0.0,2827.1019897460938,2734.06895674877,74.4756431119932,100.75517129268519,20.743842230236055,80.01132906244914,105.54706556743561,3225081.0,0.005518178470799196
2020-06-02 00:00:00+05:30,3102.739279685902,3143.4781217174373,3071.2142568503696,3117.282470703125,786444,0.0,0.0,2843.2733154296875,2749.0969376881562,75.0807291920218,109.45198371511424,23.55252372213208,85.89945999298216,103.16835845334643,4011525.0,0.004687210141193396
2020-06-03 00:00:00+05:30,3252.7765069022253,3349.429405052333,3135.5283676567697,3170.847412109375,3415126,0.0,0.0,2867.2807006835938,2765.6361719791844,77.21637363749663,119.29139636663149,26.713549098919458,92.57784726771203,112.38591981435722,7426651.0,-0.02518743437152873
2020-06-04 00:00:00+05:30,3170.576470033824,3211.2248863163086,3091.0862337480758,3116.69482421875,1309771,0.0,0.0,2888.1762451171876,2779.4031779493635,70.62639613704003,121.32102722920536,22.994543969194652,98.3264832600107,112.9399546741764,6116880.0,-0.01699427417200862
2020-06-05 00:00:00+05:30,3138.961041727716,3159.6916899688867,3073.2008929198428,3131.463623046875,1200548,0.0,0.0,2913.0779052734374,2793.209469913972,71.3446708443728,122.706755848802,19.504218071033037,103.20253777776897,111.04987941698678,7317428.0,-0.0023885032598920638
2020-06-08 00:00:00+05:30,3148.8975734340124,3173.512449761057,3080.2469091824387,3095.42236328125,768759,0.0,0.0,2932.5959350585936,2805.0609559283753,67.03658178396172,119.51898682759474,13.053159239860605,106.46582758773414,109.77903898300306,6548669.0,-0.016982200565655536
2020-06-09 00:00:00+05:30,3102.739034041789,3134.3544724181343,3079.343697856013,3085.395751953125,567611,0.0,0.0,2948.934362792969,2816.0544773411107,65.84537458921703,114.85956362152683,6.714988827034148,108.14457479449268,105.86550307027929,5981058.0,-0.005589668321564228
2020-06-10 00:00:00+05:30,3090.0924433036284,3114.2106794769115,3032.733012817123,3050.437744140625,628261,0.0,0.0,2961.1153198242187,2825.2459779999153,61.726982670614724,107.11140449074401,-0.8265362429989409,107.93794073374295,104.12288750553594,5352797.0,-0.0128328520555872
2020-06-11 00:00:00+05:30,3062.0904555877214,3074.330190206629,3007.982982051226,3044.43115234375,673105,0.0,0.0,2974.2492797851564,2833.841475033007,61.02075279046494,99.34110833906107,-6.877465915745518,106.21857425480658,101.42372253469259,4679692.0,-0.005767074323930112
2020-06-12 00:00:00+05:30,3010.692826122165,3110.0556256641507,2986.0779507810826,3040.546875,1373475,0.0,0.0,2985.4208251953123,2841.94756914936,60.538395614880635,91.8113201889355,-11.525803252696875,103.33712344163237,103.0352192794757,3306217.0,0.009916006249062453
2020-06-15 00:00:00+05:30,3026.95232952789,3077.085380643616,3020.132383873356,3032.552734375,609721,0.0,0.0,2995.878771972656,2849.42228151115,59.496017430656806,84.22792144380674,-15.287361598260517,99.51528304206725,99.74268306843905,2696496.0,0.001850179400738522
2020-06-16 00:00:00+05:30,3054.0960867528547,3071.168332639326,3007.9826746167173,3021.848388671875,701355,0.0,0.0,3006.5286376953127,2856.1840896351,58.05455368740026,76.47274189858354,-18.434032914786968,94.9067748133705,97.1307680226798,1995141.0,-0.010558835467179355
2020-06-17 00:00:00+05:30,3033.139529605135,3102.828887884511,3030.610250888572,3072.523193359375,1100079,0.0,0.0,3019.962927246094,2864.66797605566,62.66599843266277,73.56769685219979,-17.071262368936573,90.63895922113636,95.97689066208363,3095220.0,0.012984455007701885
2020-06-18 00:00:00+05:30,3084.7631895103546,3122.7017118996478,3054.5479104280944,3075.052734375,898020,0.0,0.0,3032.446496582031,2872.91835873485,62.885345552650726,70.65507284443129,-15.987109101364055,86.64218194579534,93.98906847004804,3993240.0,-0.00314787701317711
2020-06-19 00:00:00+05:30,3087.382649610062,3116.3786083526616,3054.954334332957,3106.035888671875,782740,0.0,0.0,3047.242529296875,2882.060222653949,65.55481243068402,70.03950710881418,-13.282139869584938,83.32164697839912,91.6625132301358,4775980.0,0.006041764555543196
2020-06-22 00:00:00+05:30,3116.3790480927496,3138.961504962987,3085.666906749227,3090.364013671875,735172,0.0,0.0,3058.7189331054688,2890.228998772299,63.08324122416623,67.50887717795968,-12.650215840351564,80.15909301831124,88.9214025059086,4040808.0,-0.008347840240036276
2020-06-23 00:00:00+05:30,3098.267819810901,3165.969980226648,3094.9708693777825,3131.7802734375,765553,0.0,0.0,3072.4129638671875,2899.7015977787773,66.66058832004838,68.06071915442817,-9.678699091106466,77.73941824553464,87.97012419242527,4806361.0,0.010816512830916057
2020-06-24 00:00:00+05:30,3149.800455695177,3165.969403374914,3107.345445251336,3113.12646484375,573266,0.0,0.0,3082.62470703125,2908.0712004087763,63.66804560197641,66.22940014099913,-9.208014483628403,75.43741462462754,85.87360981508469,4233095.0,-0.01164327434936914
2020-06-25 00:00:00+05:30,3093.7056440259275,3138.4189009811125,3089.279571449132,3116.73974609375,546489,0.0,0.0,3088.3674194335936,2916.2542806317165,64.0051239319626,64.3280940035147,-8.887456496890266,73.21555050040497,83.24931460987847,4779584.0,0.007445473072818759
2020-06-26 00:00:00+05:30,3122.97301283497,3161.4533850910934,3111.230135851928,3122.159912109375,448352,0.0,0.0,3091.8699584960937,2924.3290112778996,64.53664127897098,62.53776091125019,-8.542231671323833,71.07999258257402,80.88996094833884,5227936.0,-0.00026036111175263126
2020-06-29 00:00:00+05:30,3118.9082483135776,3202.0568965085827,3112.5851605501825,3178.932373046875,940186,0.0,0.0,3095.6818969726564,2934.3134568374676,69.60021449968377,64.95125453584387,-4.902990437384119,69.85424497322799,81.50302908434675,6168122.0,0.019245235817935014
2020-06-30 00:00:00+05:30,3199.482038578933,3265.4228033491936,3197.6754422838576,3255.305908203125,1236537,0.0,0.0,3102.5830688476562,2946.9013961067094,74.81074963870293,72.19445884637025,1.8721710985138031,70.32228774785645,81.85931747023024,7404659.0,0.01744778340715
2020-07-01 00:00:00+05:30,3256.3900971970183,3261.8098865404804,3194.0625197472,3203.05029296875,586225,0.0,0.0,3104.193212890625,2956.946450885613,66.4219780469837,72.87806603567788,2.0446226302571375,70.83344340542074,80.85120160024604,6818434.0,-0.016380041283807278
2020-07-02 00:00:00+05:30,3209.418461066716,3222.6516913045025,3172.428444384814,3193.24951171875,422319,0.0,0.0,3108.020947265625,2966.213237584952,64.95091246758807,71.8013077391447,0.7742914669791787,71.02701627216553,78.6632499372051,6396115.0,-0.005037968574092426
2020-07-03 00:00:00+05:30,3206.256499721729,3233.7618818490805,3175.092716304234,3196.184814453125,323231,0.0,0.0,3111.2570068359373,2975.2317307954686,65.19950185047671,70.37360037179224,-0.5227327202986345,70.89633309209087,77.23495519845498,6719346.0,-0.0031412599926045415
2020-07-06 00:00:00+05:30,3215.741701646943,3293.425349495717,3198.5790352617487,3273.959228515625,538078,0.0,0.0,3120.1838500976564,2986.9465346276315,71.0570648008579,74.65727463458643,3.008753233996444,71.64852140058998,78.66406069966968,7257424.0,0.018103918868504213
2020-07-07 00:00:00+05:30,3284.3920978996985,3329.060147644041,3233.8074011223653,3322.737060546875,664348,0.0,0.0,3132.050915527344,3000.1147905460334,74.01155300970498,81.05374363915917,7.524177790855333,73.52956584830383,79.8490711701134,7921772.0,0.01167490406267186
2020-07-08 00:00:00+05:30,3320.117441345345,3353.4942626953125,3278.97216796875,3328.653564453125,531417,0.0,0.0,3145.961706542969,3012.998664032586,74.35352824775036,85.6135046393756,9.667151032857419,75.94635360651819,79.4685417403206,8453189.0,0.0025710304706333107
2020-07-09 00:00:00+05:30,3333.1704479796927,3341.300131999155,3297.038519004303,3318.3564453125,397351,0.0,0.0,3159.6579711914064,3024.9734789847394,72.56387028744254,87.38889187745144,9.15403061674661,78.23486126070483,76.95357017709993,8055838.0,-0.004444417979336084
2020-07-10 00:00:00+05:30,3314.743137556813,3390.6201857759397,3301.871138305354,3366.276123046875,706136,0.0,0.0,3175.94443359375,3038.3578963989407,75.51720266620715,91.60663233193418,10.697416856983466,80.90921547495071,77.79616367051774,8761974.0,0.0155465999480265
2020-07-13 00:00:00+05:30,3396.4011609539875,3464.1485245368463,3387.594003688216,3429.642578125,1108644,0.0,0.0,3195.79892578125,3053.7023937215313,78.77138151578183,98.92205352236851,14.410270437934244,84.51178308443427,79.23027453779612,9870618.0,0.009787247028756626
2020-07-14 00:00:00+05:30,3428.513356448704,3428.8745874980077,3368.3988201247826,3374.04443359375,399210,0.0,0.0,3213.408728027344,3066.2648266576966,69.98210816836412,99.09101240101563,11.663383453265084,87.42762894775055,77.94544525638402,9471408.0,-0.015887038255955263
2020-07-15 00:00:00+05:30,3380.141428911653,3412.9311934534653,3352.7714528715696,3363.20458984375,506574,0.0,0.0,3227.9427978515623,3077.909523253228,68.38011109498072,97.22942840393262,7.841439564945659,89.38798883898696,76.67496606804512,8964834.0,-0.005010689470871107
2020-07-16 00:00:00+05:30,3368.398783625823,3505.022628094422,3332.763715902186,3481.988525390625,987220,0.0,0.0,3248.289587402344,3093.7557586311655,75.10525705873937,104.13853633127974,11.800437993834208,92.33809833744553,83.50274865419905,9952054.0,0.03372217752748723
2020-07-17 00:00:00+05:30,3522.862934228451,3557.188265382472,3402.5436596580826,3418.983642578125,4503046,0.0,0.0,3263.936975097656,3106.5097932957524,66.96913849952253,103.33886059323231,8.800609804629417,94.5382507886029,88.5845572000415,5449008.0,-0.029487179487179507
2020-07-20 00:00:00+05:30,3485.828009541386,3606.869977221756,3439.0371152421662,3597.520751953125,3785159,0.0,0.0,3289.294812011719,3125.7651250078065,75.17572397768112,115.77695971620642,16.990967142082823,98.7859925741236,95.67786186834353,9234167.0,0.032041954481407064
2020-07-21 00:00:00+05:30,3612.289456514668,3622.225736590102,3500.280481118864,3505.158203125,1880670,0.0,0.0,3307.9637084960937,3140.6432849339712,66.03521672737375,116.83456100613694,14.438854745610655,102.39570626052628,97.55418300761158,7353497.0,-0.029657438773755977
2020-07-22 00:00:00+05:30,3536.231951345691,3544.903482025873,3424.4487954958727,3437.094970703125,1019300,0.0,0.0,3324.1621337890624,3152.268841238644,60.22404212851867,110.90217241039318,6.805172919893508,104.09699949049967,99.18999700218114,6334197.0,-0.028034637435149015
2020-07-23 00:00:00+05:30,3455.1154479089923,3504.571021967298,3450.598957127412,3457.464111328125,791770,0.0,0.0,3341.198352050781,3164.2372832029378,61.32104525473845,106.61533589765486,2.01466912572414,104.60066677193072,96.92463319437154,7125967.0,0.0006797640931373378
2020-07-24 00:00:00+05:30,3455.070168364948,3477.607412798616,3403.627383519228,3449.19873046875,665233,0.0,0.0,3357.55029296875,3175.412241919244,60.590799985998345,101.38236709806506,-2.5746397390925324,103.95700683715759,95.28567784713194,6460734.0,-0.0016993686408912172
2020-07-27 00:00:00+05:30,3473.18176882588,3474.627134237591,3398.569245215236,3412.07373046875,523512,0.0,0.0,3369.2073608398437,3184.69308460746,57.29066760521056,93.16556969555904,-8.63314971327884,101.79871940883788,93.91222150882302,5937222.0,-0.017594252885240726
2020-07-28 00:00:00+05:30,3414.7382025923807,3459.6320786713936,3399.4273423296827,3409.724853515625,599914,0.0,0.0,3376.9283081054687,3193.517859858761,57.07884206785929,85.47881721932345,-13.05592175161155,98.534738970935,91.50447424265741,5337308.0,-0.0014681503469137769
2020-07-29 00:00:00+05:30,3430.4555000450605,3480.40793417474,3414.4671661511857,3427.74560546875,785425,0.0,0.0,3388.1630737304686,3202.703261647388,58.35115721697212,79.91986808782895,-14.891896706484857,94.8117647943138,90.01719183384667,6122733.0,-0.0007899518230960564
2020-07-30 00:00:00+05:30,3449.1537332445014,3499.738432071655,3423.951801862973,3437.90771484375,855542,0.0,0.0,3400.3959838867186,3211.9269656943043,59.087658059927705,75.46445093394777,-15.477851088292837,90.94230202224061,89.00069775443889,6978275.0,-0.003260515265630864
2020-07-31 00:00:00+05:30,3442.4694287239777,3486.7310403764245,3433.526864786504,3453.85107421875,681895,0.0,0.0,3413.279296875,3221.4141856364395,60.27457284287131,72.38558068165912,-14.845377072465197,87.23095775412432,86.44374400404196,7660170.0,0.0033062444650354297
2020-08-03 00:00:00+05:30,3456.922261297452,3477.6077021633123,3403.718084762214,3411.03466796875,369180,0.0,0.0,3420.1330688476564,3228.850282982805,55.6087981047009,65.73289972124348,-17.19844642630467,82.93134614754815,85.54700136052617,7290990.0,-0.013274117801966334
2020-08-04 00:00:00+05:30,3432.5330164757825,3482.214415398458,3418.983544042326,3448.43115234375,642559,0.0,0.0,3426.4177734375,3237.461297467548,58.62158700928532,62.75478775400916,-16.141246714831198,78.89603446884036,84.52074841154278,7933549.0,0.004631604646381617
2020-08-05 00:00:00+05:30,3468.5748845937824,3498.9710032236885,3457.780514542212,3477.653076171875,569216,0.0,0.0,3433.8677490234377,3246.8805829069333,60.85715021013123,62.037448509513524,-13.48686876746146,75.52431727697498,82.09349636681478,8502765.0,0.0026172684402504427
2020-08-06 00:00:00+05:30,3491.246994956121,3533.7020036916806,3473.181033792053,3484.607666015625,786063,0.0,0.0,3442.180310058594,3256.2032136170783,61.391764395512574,61.323233208518104,-11.360867254765509,72.68410046328361,80.5525750457463,9288828.0,-0.001901707026196635
2020-08-07 00:00:00+05:30,3491.2471125879283,3563.5109596790107,3477.6976412583504,3554.29736328125,1061884,0.0,0.0,3451.5813720703127,3267.893180270575,66.35127067832423,65.62411464108163,-5.647988657761587,71.27210329884322,80.92834844705948,10350712.0,0.01805952104220573
2020-08-10 00:00:00+05:30,3577.015645764587,3617.709273585054,3549.0586107155245,3561.524169921875,826722,0.0,0.0,3458.1754516601563,3279.4081210412146,66.82715754176476,68.82239532862559,-1.959766376174116,70.7821617047997,80.05135786536195,11177434.0,-0.004330838155839498
2020-08-11 00:00:00+05:30,3568.027939974968,3586.0939042280056,3491.247591899557,3504.390625,422055,0.0,0.0,3464.692761230469,3288.230964333716,59.645242309730904,65.98620829143965,-3.8367627306880507,69.8229710221277,81.10815491866103,10755379.0,-0.017835430676424124
2020-08-12 00:00:00+05:30,3505.293888968584,3509.313521869258,3432.533174543933,3441.34033203125,619436,0.0,0.0,3468.5995483398438,3294.235253263031,52.8899925221801,57.98249184837141,-9.472383339005034,67.45487518737644,80.79902184139928,10135943.0,-0.01824484878103954
2020-08-13 00:00:00+05:30,3454.03168260296,3484.789030253124,3425.351964907927,3439.9853515625,513264,0.0,0.0,3466.4993896484375,3299.9509433924222,52.75172096702373,50.94291508950437,-13.209568078297664,64.15248316780203,79.27314963986025,9622679.0,-0.004066648001871966
2020-08-14 00:00:00+05:30,3457.825494257347,3468.665072609251,3389.1748313619555,3433.752685546875,537499,0.0,0.0,3467.237841796875,3305.198070535734,52.0772965636011,44.34983840151608,-15.84211581302877,60.19195421454485,79.28865635467524,9085180.0,-0.006961834468064263
2020-08-17 00:00:00+05:30,3459.6320469721363,3518.346428970358,3434.339697803672,3494.54443359375,987819,0.0,0.0,3462.0890258789063,3312.6234181066366,57.75102195109862,43.52839538872331,-13.330847060657234,56.859242449380545,79.66759503524537,10072999.0,0.010091358314294994
2020-08-18 00:00:00+05:30,3504.796858324404,3558.994747886122,3500.2803675275945,3535.780029296875,768897,0.0,0.0,3463.6201171875,3321.374657761156,61.114061052551214,45.678213820673136,-8.944822902965932,54.62303672363907,78.58063604973347,10841896.0,0.008840218770135353
2020-08-19 00:00:00+05:30,3562.291700991503,3567.12443436092,3491.834444501214,3500.6416015625,505661,0.0,0.0,3466.7974487304687,3328.4047339886597,56.95368781147868,44.03892959543373,-8.467285702564276,52.506215297998004,78.34558781283174,10336235.0,-0.017306302965544314
2020-08-20 00:00:00+05:30,3504.79676702556,3532.076326621311,3466.18077171877,3494.047607421875,523854,0.0,0.0,3468.6266235351563,3334.900532946825,56.18077625403407,41.72670533258497,-8.623607972330433,50.3503133049154,77.4562924386747,9812381.0,-0.0030669851401419106
2020-08-21 00:00:00+05:30,3519.24946176196,3533.702231625459,3491.292429163608,3507.28076171875,401007,0.0,0.0,3471.530725097656,3341.660541918273,57.429359877710155,40.49525184739605,-7.884049166015487,48.379301013411535,74.95295262068767,10213388.0,-0.003400924024640669
2020-08-24 00:00:00+05:30,3533.7027120794182,3546.348887429396,3517.623959313802,3530.40576171875,444407,0.0,0.0,3477.4473266601562,3349.062315243782,59.595969622059954,40.91368285646604,-5.9724945255563995,46.88617738202244,72.38973253349349,10657795.0,-0.0009330016216129662
2020-08-25 00:00:00+05:30,3539.122246295429,3549.916615370092,3500.2804248072457,3520.017578125,358587,0.0,0.0,3482.961962890625,3355.7664431999083,58.16389209386951,39.94657361271538,-5.551683015445647,45.49825662816103,70.76446884036795,10299208.0,-0.005398137402692597
2020-08-26 00:00:00+05:30,3548.767520998931,3560.166123194943,3506.403910425583,3534.23095703125,608530,83.0,0.0,3488.28623046875,3362.765051585451,59.59453787596044,39.86746612807838,-4.504632400066129,44.372098528144505,69.55001455715252,10907738.0,-0.004096228868660648
2020-08-27 00:00:00+05:30,3544.152754779472,3556.4743134734754,3516.4640613827573,3522.5556640625,385945,0.0,0.0,3492.5186279296877,3369.0313501139626,57.84469319010578,38.41979482918305,-4.761842959169165,43.18163778835221,67.44001955152345,10521793.0,-0.006093724568684963
2020-08-28 00:00:00+05:30,3524.7706137412715,3532.7081291887853,3495.23600791783,3501.558349609375,512488,0.0,0.0,3494.9039916992188,3374.228487349077,54.73214445956774,35.17274756080542,-6.407112182037437,41.57985974284286,65.29944411035628,10009305.0,-0.006585468013550673
2020-08-31 00:00:00+05:30,3513.141099919815,3517.386789430753,3400.171328329282,3438.981689453125,600226,0.0,0.0,3496.3013427734377,3376.7678286080595,46.672007355896795,27.236065300343398,-11.475035553999575,38.71110085434297,69.00774918102562,9409079.0,-0.02110914658918276
2020-09-01 00:00:00+05:30,3447.24255982902,3495.928515660608,3431.8292312007056,3480.468994140625,387446,0.0,0.0,3497.9032348632813,3380.8345409818858,51.74569316852006,24.017013016643887,-11.755270270159272,35.77228328680316,68.65714296528485,9796525.0,0.009638554216867426
2020-09-02 00:00:00+05:30,3496.066884231156,3519.7870468718606,3462.932835558576,3506.496337890625,305952,0.0,0.0,3499.3453979492188,3385.76245458615,54.66008755214016,23.29752069446795,-9.979810073868173,33.27733076833612,67.81407286222364,10102477.0,0.002983196261636311
2020-09-03 00:00:00+05:30,3505.388575351509,3515.310357127452,3451.857101583635,3458.179443359375,414160,0.0,0.0,3498.0239868164062,3388.602336498826,48.77124514939075,18.613977907427397,-11.730682288726982,30.34466019615438,67.50258469075457,9688317.0,-0.013467588821419095
2020-09-04 00:00:00+05:30,3442.627687878949,3515.5412501691467,3413.6007515018077,3420.33837890625,759852,0.0,0.0,3491.326037597656,3389.8468871814703,44.70867886218297,11.713750036335114,-14.904728127855414,26.618478164190527,69.96244463652401,8928465.0,-0.006474504649798995
2020-09-07 00:00:00+05:30,3445.3040156492825,3461.086660955706,3373.405798878161,3437.135986328125,437318,0.0,0.0,3485.1066284179688,3391.70136165781,46.826084307049896,7.514078649203384,-15.283519611989718,22.7975982611931,71.22805015697723,9365783.0,-0.0023707717182741036
2020-09-08 00:00:00+05:30,3439.766172631828,3472.577318248455,3425.3219948707965,3444.104248046875,379275,0.0,0.0,3482.0923095703124,3393.7563768103228,47.720501586048435,4.693980022613232,-14.482894590863896,19.17687461347713,69.51570715944258,9745058.0,0.0012611541591293614
2020-09-09 00:00:00+05:30,3405.7092450619207,3460.163674725512,3402.109805097978,3450.2880859375,332884,0.0,0.0,3482.539697265625,3395.973306580016,48.54761558107525,2.9243060013450304,-13.00205488970568,15.92636089105071,68.69700209428626,10077942.0,0.013089444126863158
2020-09-10 00:00:00+05:30,3475.3922996041497,3475.3922996041497,3414.9848487178924,3432.70556640625,357927,0.0,0.0,3482.1757080078123,3397.4137873575155,46.30443497203264,0.10188968587726777,-12.659576964138754,12.761466650016022,68.10488969248196,9720015.0,-0.012282565396361654
2020-09-11 00:00:00+05:30,3437.089667711164,3533.0771342637845,3433.3978420745243,3481.622314453125,829715,0.0,0.0,3484.569189453125,3400.7160825377355,52.83403018465167,1.7916244431858104,-8.77587376546417,10.56749820864998,70.40965820607582,10549730.0,0.012956498388829113
2020-09-14 00:00:00+05:30,3496.9901084697985,3503.543190343964,3425.0918807603925,3432.93701171875,397741,0.0,0.0,3481.488818359375,3401.979648387972,46.74177578039993,-0.7886545199917236,-9.084922182913362,8.296267662921638,70.98406321526096,10151989.0,-0.018316636525768353
2020-09-15 00:00:00+05:30,3433.443795243574,3476.3150723896124,3428.782820636509,3446.411376953125,366110,0.0,0.0,3477.0203857421875,3403.7220691160173,48.511358416940034,-1.7263749480011938,-8.018114088738265,6.2917391407370715,69.308930198128,10518099.0,0.003776844032663384
2020-09-16 00:00:00+05:30,3453.7031140773347,3562.611977642574,3449.2266850610413,3548.30615234375,917526,0.0,0.0,3479.40361328125,3409.392033164164,59.47660244829564,5.686975744382835,-0.4838107170833892,6.170786461466224,72.65834196732271,11435625.0,0.027391769107429124
2020-09-17 00:00:00+05:30,3551.536196208793,3591.1771281766505,3478.3919021470606,3521.678466796875,741010,0.0,0.0,3480.78515625,3413.795422718388,56.11349769995119,9.306201790296655,2.508332263064344,6.797869527232311,75.52455332276571,10694615.0,-0.008406990035408004
2020-09-18 00:00:00+05:30,3542.030051664242,3543.9221575216525,3484.022371874929,3504.92724609375,947698,0.0,0.0,3480.66748046875,3417.3692197135006,54.043198973281854,10.69944445632973,3.121259943277934,7.578184513051795,74.40849655399886,9746917.0,-0.010475011512976565
2020-09-21 00:00:00+05:30,3498.0048431235227,3502.619625238461,3335.103034466187,3349.685791015625,604282,0.0,0.0,3471.631481933594,3414.714967607702,39.498806742347185,-0.7148483837099775,-6.634426317409418,5.919577933699441,81.22391574462378,9142635.0,-0.042401042525560685
2020-09-22 00:00:00+05:30,3378.020489032452,3394.633704552284,3267.3119117873603,3311.567626953125,670648,0.0,0.0,3461.208984375,3410.669973856542,36.874640872565436,-12.690289213413507,-14.887893717690359,2.1976045042768515,84.51662616789517,8471987.0,-0.019672131147541044
2020-09-23 00:00:00+05:30,3340.0870171421825,3371.4675365396065,3288.309295335132,3345.624755859375,405856,0.0,0.0,3451.778674316406,3408.1191809939082,40.66745061499577,-19.211330415521388,-17.127147935838593,-2.0841824796827964,84.4195985358342,8877843.0,0.0016579624089945568
2020-09-24 00:00:00+05:30,3313.413629598514,3373.4057983795456,3285.9094825372854,3334.410888671875,517316,0.0,0.0,3442.371435546875,3405.2286597263774,39.81908983390398,-24.9960292479077,-18.329477414579923,-6.666551833327778,84.63936434096729,8360527.0,0.006337047353760418
2020-09-25 00:00:00+05:30,3359.5613866265985,3430.582838456223,3336.487476004163,3402.386474609375,507368,0.0,0.0,3437.412841796875,3405.1172014864947,47.03227660132086,-23.820791799658764,-13.723391973064789,-10.097399826593975,85.46312142993085,8867895.0,0.01274722591861255
2020-09-28 00:00:00+05:30,3424.998998596924,3486.9294664958998,3404.786342483688,3449.411376953125,390640,0.0,0.0,3437.934326171875,3406.8542279753824,51.374316139048865,-18.87728544327092,-7.0239084933415565,-11.853376949929364,85.39739781807711,9258535.0,0.0071277037938409825
2020-09-29 00:00:00+05:30,3478.6226651033726,3503.5424878568324,3416.4614615470027,3448.94970703125,449330,0.0,0.0,3436.358361816406,3408.505031075613,51.32982836863727,-14.825870537380979,-2.3779948699612916,-12.447875667419687,85.51765712015823,8809205.0,-0.008530088178230394
2020-09-30 00:00:00+05:30,3446.3192909376758,3530.3083256123746,3427.906355325222,3505.52685546875,535771,0.0,0.0,3436.3098876953127,3412.3098085027946,56.32160780524734,-6.969452481770986,4.382738548518962,-11.352191030289948,86.72368064486238,9344976.0,0.017179941709627555
2020-10-01 00:00:00+05:30,3525.693487946751,3533.030946343655,3472.1620161402293,3515.171875,336322,0.0,0.0,3439.1595092773437,3416.3436150320967,57.12885096505142,0.03468803701844081,9.109503253846711,-9.07481521682827,84.87691111298155,9681298.0,-0.002984267629253908
2020-10-05 00:00:00+05:30,3521.078990419275,3560.5815730451286,3493.436488758627,3535.338623046875,460889,0.0,0.0,3444.909521484375,3421.010085934637,58.84167544761727,7.130610646224795,12.964340690442452,-5.833730044217657,83.61035100749204,10142187.0,0.004049790608617335
2020-10-06 00:00:00+05:30,3571.8416495072065,3581.025021601849,3462.932782674687,3475.7158203125,666856,0.0,0.0,3446.838513183594,3423.1554088514163,52.20133228164206,7.852598675809531,10.94906297602175,-3.0964643002122196,86.07334489136989,9475331.0,-0.02691211946866923
2020-10-07 00:00:00+05:30,3488.775543776263,3542.3070203738885,3477.700065859513,3494.26708984375,590795,0.0,0.0,3449.3466552734376,3425.9441022236647,53.94292955150205,9.808643861870678,10.324086529666317,-0.5154426677956403,84.68176212643266,10066126.0,0.0015740611565807155
2020-10-08 00:00:00+05:30,3506.219145436573,3530.308398760581,3480.9302290001388,3502.3427734375,371495,0.0,0.0,3451.9493896484373,3428.940128545776,54.71643415779935,11.87359255516003,9.911228178364537,1.962364376795494,82.16007528929546,10437621.0,-0.0011055703703284302
2020-10-09 00:00:00+05:30,3513.695369926721,3524.4477229409927,3447.2425024103763,3456.564453125,347685,0.0,0.0,3453.142333984375,3430.02343539202,49.628271509047146,9.704286434600817,6.193537646244259,3.5107487883565587,81.80615687484709,10089936.0,-0.016259496281520982
2020-10-12 00:00:00+05:30,3478.7154618386176,3483.5147906104,3435.521052230224,3444.01220703125,286506,0.0,0.0,3451.261828613281,3430.57201467199,48.30193417195868,6.892778686688416,2.705623918665486,4.18715476802293,79.39098274763805,9803430.0,-0.009975881956446568
2020-10-13 00:00:00+05:30,3444.4735117860027,3494.590092674846,3417.384649528424,3457.07177734375,368886,0.0,0.0,3452.4685668945312,3431.6112210512747,49.80499808210574,5.653269351439576,1.1728916667333165,4.4803776847062595,79.23487269343936,10172316.0,0.003657530102826918
2020-10-14 00:00:00+05:30,3454.6261477711078,3508.8960345389028,3451.857278296537,3497.820556640625,545911,0.0,0.0,3455.039025878906,3434.2076655841906,54.27237125323903,7.868333954611444,2.710365015924147,5.157968938687297,77.6494350243344,10718227.0,0.012503352612376268
2020-10-15 00:00:00+05:30,3498.004720008459,3540.414521085868,3428.782990720693,3443.55029296875,526411,0.0,0.0,3449.801232910156,3434.5740431286836,48.12870086741108,5.184864003731491,0.021516052035354782,5.163347951696136,80.07672865719034,10191816.0,-0.01556728232189962
2020-10-16 00:00:00+05:30,3460.117370975083,3487.85225602372,3434.5515236116084,3458.502197265625,263967,0.0,0.0,3446.6424194335937,3435.512402114446,49.81427768587085,4.21608801457387,-0.7578079496978134,4.973895964271684,78.16415668577226,10455783.0,-0.0004667973760100176
2020-10-19 00:00:00+05:30,3475.8541046747805,3502.6198426024407,3451.857236187913,3481.80712890625,473267,0.0,0.0,3445.4864135742187,3437.3278815964777,52.41008449074381,5.268111766314178,0.23537264163399474,5.032739124680183,76.20690232425149,10929050.0,0.0017126795464352481
2020-10-20 00:00:00+05:30,3397.402406068229,3409.400838906829,3270.1268124743065,3279.40234375,3187477,0.0,0.0,3441.9722412109377,3431.134723249557,35.321954481537496,-10.113939230015603,-12.117342683756629,2.003403453741026,85.88357829877341,7741573.0,-0.0347324362011002
2020-10-21 00:00:00+05:30,3304.1839562329824,3304.1839562329824,3121.438586586577,3135.513671875,3538724,0.0,0.0,3433.169543457031,3419.5417408427115,28.266275944296282,-33.52844373021708,-28.425477747166482,-5.102965983050595,92.80228002985658,4202849.0,-0.0510474860335195
2020-10-22 00:00:00+05:30,3147.281700865249,3224.2102161493685,3147.281700865249,3191.90673828125,2266246,0.0,0.0,3425.483642578125,3410.614877997164,33.84388229695228,-46.99245826941751,-33.511593829093535,-13.480864440323977,92.50901309771818,6469095.0,0.014178914268694968
2020-10-23 00:00:00+05:30,3211.888526505872,3233.0241396081697,3176.862373416676,3202.42822265625,1022334,0.0,0.0,3418.8845092773436,3402.4506954347753,34.861531307533596,-56.1663403283992,-34.148380710460174,-22.017959617939024,89.91278041577625,7491429.0,-0.0029454022988505343
2020-10-26 00:00:00+05:30,3213.734352661682,3235.470022083223,3198.967049490347,3216.872314453125,893740,0.0,0.0,3409.6088012695313,3395.1731118668677,36.3099610253536,-61.561547264563615,-31.63487011729967,-29.926677147263945,86.09779310561896,8385169.0,0.0009764222698880442
2020-10-27 00:00:00+05:30,3211.8885156414026,3311.5678144026874,3211.8885156414026,3297.03125,1753963,0.0,0.0,3401.989794921875,3391.3244114015,43.78112726858791,-58.69256015081555,-23.01270640284129,-35.67985374797426,87.06790089733595,10139132.0,0.026508620689655135
2020-10-28 00:00:00+05:30,3296.985380171838,3322.459071372724,3253.375682690594,3268.835205078125,667035,0.0,0.0,3392.9840698242188,3386.5209131143088,41.91842773379878,-58.02517428451574,-17.87625642923318,-40.14891785528256,85.78329258085353,9472097.0,-0.008538155875063664
2020-10-29 00:00:00+05:30,3265.4200851238866,3282.0333020634657,3228.501825258156,3260.482177734375,654253,0.0,0.0,3380.7318359375,3381.5782176092134,41.357061950582306,-57.50737643623734,-13.886766864763821,-43.620609571473516,83.47959095261463,8817844.0,-0.0015121813612915982
2020-10-30 00:00:00+05:30,3267.265789482563,3276.357000526441,3194.029106018053,3205.658447265625,475859,0.0,0.0,3365.2561645507812,3374.6794030859355,37.78085909334484,-60.81974264450946,-13.759306458428753,-47.06043618608071,83.39732690425784,8341985.0,-0.01885593220338976
2020-11-02 00:00:00+05:30,3214.6574120266114,3217.380088569759,3129.883769412189,3156.7880859375,764391,0.0,0.0,3346.3286376953124,3366.1346455507028,34.88502820889572,-66.62028923677235,-15.647882440553317,-50.97240679621903,83.69011212015653,7577594.0,-0.018001708633900406
2020-11-03 00:00:00+05:30,3179.584746814333,3190.890962532323,3128.8221456315205,3141.42041015625,623300,0.0,0.0,3329.6138671875,3357.3223225940574,34.00243871016571,-71.63158290571891,-16.527340887599898,-55.10424201811902,82.14573362106763,6954294.0,-0.012002931104862119
2020-11-04 00:00:00+05:30,3159.279953688759,3235.8853396531663,3149.035046879125,3203.304931640625,714800,0.0,0.0,3315.0657592773437,3351.2824249096093,40.52763279254999,-69.80483881960754,-11.760477441190815,-58.044361378416724,83.02567632602046,7669094.0,0.013935130345274556
2020-11-05 00:00:00+05:30,3241.4232128982994,3258.0364298208992,3198.459542957231,3229.655517578125,999876,0.0,0.0,3301.431396484375,3346.5127422691594,43.10702346177665,-65.47609128339946,-5.945383923986178,-59.53070735941328,81.35076254132059,8668970.0,-0.0036304100227789785
2020-11-06 00:00:00+05:30,3239.577219221261,3281.110260493329,3220.7949648690915,3242.853759765625,582470,0.0,0.0,3290.7458618164064,3342.447684131766,44.4075763196661,-60.28560490493555,-0.6039180364178236,-59.68168686851773,79.84822898045435,9251440.0,0.001011409922542739
2020-11-09 00:00:00+05:30,3274.6498257824137,3294.954869797976,3242.854017833374,3274.9267578125,566460,0.0,0.0,3282.2915893554687,3339.799804668265,47.545621863361006,-52.97343932371132,5.366598035845129,-58.34003735955645,77.86629165594884,9817900.0,8.456844084699425e-05
2020-11-10 00:00:00+05:30,3296.8005329361413,3296.8005329361413,3180.3696635977544,3238.054443359375,976298,0.0,0.0,3271.34072265625,3335.809790499289,44.4399021929459,-49.58222995777351,7.0062459214263555,-56.58847587919986,80.62090467895246,8841602.0,-0.017819121596794583
2020-11-11 00:00:00+05:30,3238.6538022678674,3268.7422691327056,3187.014440028057,3223.65576171875,1141508,0.0,0.0,3257.6324829101563,3331.411593292209,43.25177570852926,-47.50887266567588,7.263682570819185,-54.772555236495066,80.69997071819212,7700094.0,-0.004630948988315762
2020-11-12 00:00:00+05:30,3230.071025822328,3254.298635506251,3213.134908156281,3244.46923828125,615256,0.0,0.0,3247.678430175781,3328.0020891741324,45.51923431341418,-43.6827014698365,8.871883013326858,-52.55458448316336,77.87595304179926,8315350.0,0.004457552897077989
2020-11-13 00:00:00+05:30,3246.0381545581868,3268.6043969184343,3234.9626760666606,3243.6845703125,473523,0.0,0.0,3236.937548828125,3324.6955198070095,45.44551113296947,-40.24977502650245,9.84384756532873,-50.09362259183118,74.71636472387867,7841827.0,-0.0007250636417756784
2020-11-14 00:00:00+05:30,3262.6511029949697,3264.035537692139,3244.1919736993827,3255.590576171875,56492,0.0,0.0,3225.6267211914064,3321.9855220173968,46.85207759389118,-36.15170654762687,11.15353283536345,-47.30523938299032,70.83312170909768,7898319.0,-0.002164045924681766
2020-11-17 00:00:00+05:30,3268.189020474966,3276.495629112152,3234.4087218846053,3239.392822265625,694643,0.0,0.0,3223.6262451171874,3318.7465926153664,45.14666741081039,-33.821112392338364,10.787301592521565,-44.60841398485993,68.77982050416274,7203676.0,-0.008811056529758544
2020-11-18 00:00:00+05:30,3237.5466346861044,3250.606378136832,3179.5849253778606,3230.670654296875,914389,0.0,0.0,3228.3840942382812,3315.2926342499354,44.2133954891319,-32.30550800729907,9.842324782048692,-42.14783278934776,68.93993710614063,6289287.0,-0.002123824353775242
2020-11-19 00:00:00+05:30,3220.1953178483004,3275.5727093848145,3211.888709117823,3240.823486328125,739067,0.0,0.0,3230.829931640625,3312.372275507904,45.62251889032067,-29.940002210177227,9.766264463336427,-39.70626667351365,68.56451301931564,7028354.0,0.006405874937302903
2020-11-20 00:00:00+05:30,3253.374949442137,3302.1070899168226,3249.867670236664,3278.433349609375,1197247,0.0,0.0,3234.6301879882812,3311.0413372373737,50.600371344074254,-24.745272082187967,11.968795673060555,-36.71406775524852,68.04444802540193,8225601.0,0.007702278574295469
2020-11-23 00:00:00+05:30,3299.569564364005,3321.720520880016,3278.341564369496,3283.325439453125,952758,0.0,0.0,3237.952844238281,3309.9544392850503,51.22581800883436,-20.00307724130198,13.368792411157237,-33.37186965245922,66.28262709411943,9178359.0,-0.004923104239510469
2020-11-24 00:00:00+05:30,3299.569208050236,3316.182423643216,3259.6051499186688,3287.801513671875,752974,0.0,0.0,3237.491357421875,3309.0856971041417,51.82679750247121,-15.70266137710314,14.135366620284863,-29.838027997388004,65.58938752797212,9931333.0,-0.0035664335664335207
2020-11-25 00:00:00+05:30,3295.5081883602334,3304.0455349990634,3259.42050324634,3281.848388671875,385590,0.0,0.0,3238.1420166015623,3308.0175673617,50.92800644799895,-12.629335143019944,13.76695428349445,-26.396289426514393,64.09193346429701,9545743.0,-0.004144975192780557
2020-11-26 00:00:00+05:30,3294.770075776872,3297.631105656101,3221.118103865798,3275.341796875,741800,0.0,0.0,3238.8849975585936,3306.736164597516,49.90923095659012,-10.596578776546266,12.639768519974503,-23.23634729652077,64.97915267430429,8803943.0,-0.00589670248759046
2020-11-27 00:00:00+05:30,3289.2782554293462,3401.0019473557877,3233.2086541437184,3357.669189453125,5383773,0.0,0.0,3246.4855346679688,3308.7335381212656,60.63847670415092,-2.3157773290417936,16.736455973983183,-19.052233303024977,72.32302019271845,14187716.0,0.020792079207920873
2020-12-01 00:00:00+05:30,3417.2463538501547,3417.2463538501547,3318.536203766011,3349.732177734375,1042234,0.0,0.0,3256.1327392578123,3310.341327910015,59.319294409701484,3.565268765701603,18.094001654981263,-14.528732889279661,74.20781526531046,13145482.0,-0.019756894623565145
2020-12-02 00:00:00+05:30,3356.792524654334,3366.945045350292,3285.7248797826314,3319.874267578125,680870,0.0,0.0,3265.0554321289064,3310.7151686813136,54.51469497315127,5.750468528141937,16.22336113393728,-10.472892605795343,74.70869744959109,12464612.0,-0.010998075336815986
2020-12-03 00:00:00+05:30,3366.02244513156,3372.390755018667,3330.0733335655304,3355.82373046875,450558,0.0,0.0,3272.6813720703126,3312.4841318886643,58.83763500835621,10.26475064066608,16.590114597169137,-6.325363956503058,73.12353953353646,12915170.0,-0.0030299009674046367
2020-12-04 00:00:00+05:30,3356.792328221049,3389.0958012723927,3333.7184188986607,3367.12939453125,482933,0.0,0.0,3279.555065917969,3314.627083364844,60.12125919175869,14.586480475798908,16.729475545841574,-2.142995070042665,71.8559568360004,13398103.0,0.0030794476689236057
2020-12-07 00:00:00+05:30,3368.791071474583,3387.250200633348,3333.8111118511906,3349.36279296875,492080,0.0,0.0,3284.880517578125,3315.9892680551934,57.107400192898005,16.388944689497748,14.82555180763233,1.5633928818654177,70.54046621903353,12906023.0,-0.005767136665239663
2020-12-08 00:00:00+05:30,3359.007183884095,3373.313007027266,3338.9328836670647,3364.544921875,413743,0.0,0.0,3289.36142578125,3317.8934113422447,58.9988877784301,18.82547314928115,13.809664213932587,5.015808935348565,67.95758451024666,13319766.0,0.001648623443699109
2020-12-09 00:00:00+05:30,3367.7757884499965,3383.5584342906945,3340.271865784801,3347.655517578125,434686,0.0,0.0,3294.8414794921873,3319.0605527632597,56.03833577156417,19.172595979853668,11.325429635604083,7.847166344249585,66.19536903320741,12885080.0,-0.005974349878301069
2020-12-10 00:00:00+05:30,3347.6555084451265,3458.3178992631942,3344.7942532505517,3451.62646484375,1443681,0.0,0.0,3306.2400146484374,3324.259215982103,67.01229465920429,27.520045888473305,15.738303635378976,11.781742253094329,69.57596033180843,14328761.0,0.031057842163369574
2020-12-11 00:00:00+05:30,3458.179547874409,3486.0065953778003,3416.3233817291307,3445.165771484375,695958,0.0,0.0,3316.2748413085938,3329.0006495312114,65.91126089992056,33.231069043043135,17.159461431959045,16.07160761108409,69.58362128319331,13632803.0,-0.0037631870207643935
2020-12-14 00:00:00+05:30,3456.472034603918,3499.850989377318,3449.134575618056,3485.96044921875,685712,0.0,0.0,3328.388635253906,3335.155935793468,69.33711044400157,40.58109202850483,19.607587533936588,20.97350449456824,68.51944958917717,14318515.0,0.008531362128671496
2020-12-15 00:00:00+05:30,3484.160614127888,3505.1116805691254,3438.658815875825,3475.438720703125,648902,0.0,0.0,3339.3810424804688,3340.6572214762,67.45417912850073,45.03785429189611,19.2514798378623,25.786374454033812,68.37183637932976,13669613.0,-0.0025032983236756424
2020-12-16 00:00:00+05:30,3476.0386451778345,3494.313228523192,3456.472012894705,3463.486572265625,466183,0.0,0.0,3350.585729980469,3345.47405876206,65.28533690895343,47.06291995860602,17.02123640365776,30.041683554948257,66.19107771312771,13203430.0,-0.0036110280101812075
2020-12-17 00:00:00+05:30,3451.948928017184,3476.7763622127195,3434.3203726555694,3442.396240234375,488772,0.0,0.0,3361.172009277344,3349.2749286237195,61.52609257294692,46.430760647026545,13.111261673662625,33.31949897336392,64.49571424371518,12714658.0,-0.002767331725355479
2020-12-18 00:00:00+05:30,3450.0111124176856,3470.1316075242344,3405.709204072033,3433.859375,1043126,0.0,0.0,3370.8238037109377,3352.591965736515,60.019563798248704,44.725350163166695,9.124680951842222,35.60066921132447,64.49047775852186,11671532.0,-0.004681647940074845
2020-12-21 00:00:00+05:30,3432.4750009582926,3439.90484536782,3262.5126626351325,3344.84033203125,670146,0.0,0.0,3374.144152832031,3352.2879801010145,47.0752294817247,35.778277551089104,0.14208667181170398,35.6361908792774,72.55488537848977,11001386.0,-0.025531043606312188
2020-12-22 00:00:00+05:30,3341.102514452138,3380.2357797375607,3268.2813370734834,3350.701171875,662139,0.0,0.0,3377.512939453125,3352.2257523274457,47.87233673255679,28.82826455137183,-5.446341062324457,34.27460561369629,75.36913950979049,11663525.0,0.0028729011999309413
2020-12-23 00:00:00+05:30,3361.0385708718736,3385.7276579104773,3327.489011062644,3346.04052734375,451656,0.0,0.0,3380.4248901367187,3351.983194484948,47.262733277167506,22.682781132561104,-9.27345958490815,31.956240717469253,74.1455328751427,11211869.0,-0.004462324133410059
2020-12-24 00:00:00+05:30,3373.4062021603804,3400.0795564170794,3313.460219092469,3339.487548828125,579767,0.0,0.0,3383.306848144531,3351.4931691650727,46.368676821480626,17.086705738997352,-11.895627982777519,28.98233372177487,75.03651891802309,10632102.0,-0.010054719562243467
2020-12-28 00:00:00+05:30,3354.9471048413425,3365.2379803812128,3320.7977120272767,3325.920166015625,463358,0.0,0.0,3385.8357666015627,3350.4903062964668,44.4920805768251,11.425297548296385,-14.04562893878279,25.470926487079176,72.85107242461697,10168744.0,-0.008651981065165014
2020-12-29 00:00:00+05:30,3335.564626196065,3344.101973399251,3299.661710252431,3316.45947265625,414932,0.0,0.0,3383.775280761719,3349.155763800772,43.17976587653804,6.104819324084929,-15.4928857303954,21.59770505448033,70.82172888361247,9753812.0,-0.005727712001072195
2020-12-30 00:00:00+05:30,3324.7200332174043,3328.0427667309787,3289.416947293172,3307.78369140625,407808,0.0,0.0,3381.6778564453125,3347.5333295892224,41.95758339217544,1.1746977743569005,-16.338405824098746,17.513103598455647,68.52202104378662,9346004.0,-0.005094065557984633
2020-12-31 00:00:00+05:30,3304.784206639328,3324.25867954082,3287.663543285068,3300.815673828125,459383,0.0,0.0,3380.7249267578127,3345.7012646574144,40.95493797660297,-3.257173192766004,-16.61622143297732,13.359048240211317,66.24152925270782,8886621.0,-0.0012008447641544647
2021-01-01 00:00:00+05:30,3299.569313649259,3327.258007190372,3288.540029121616,3292.924072265625,453083,0.0,0.0,3377.579943847656,3343.6315708381285,39.795074627158876,-7.321847457545573,-16.54471655820551,9.222869100659938,64.27556129458274,8433538.0,-0.002013972355769251
2021-01-04 00:00:00+05:30,3312.490692915764,3317.013089379924,3264.496957604641,3279.171875,698402,0.0,0.0,3373.1820678710938,3341.10373962879,37.78675963430203,-11.520022831966799,-16.59431354610139,5.074290714134591,63.43560203669215,7735136.0,-0.01005853933024513
2021-01-05 00:00:00+05:30,3275.5724435085795,3289.370597380203,3267.2658354523446,3277.5107421875,725278,0.0,0.0,3369.589465332031,3338.609896591877,37.54031612781716,-14.810421280365517,-15.907769595600087,1.0973483152345698,60.4833991505224,7009858.0,0.0005917434928852823
2021-01-06 00:00:00+05:30,3293.1087271739343,3324.489247556197,3239.5772512277213,3266.989013671875,1099588,0.0,0.0,3364.711669921875,3335.801234516583,35.941349053474205,-18.058929219469974,-15.325022027763634,-2.733907191706339,62.228298960611994,5910270.0,-0.007931628034788458
2021-01-07 00:00:00+05:30,3285.724830952479,3293.0622893710997,3245.530034091871,3279.07958984375,621487,0.0,0.0,3361.2828735351563,3333.576856294119,39.1487670850719,-19.43376635212917,-13.359887328338264,-6.073879023790905,61.17858154828294,6531757.0,-0.002022458194346892
2021-01-08 00:00:00+05:30,3298.6463532652874,3313.3674635808625,3260.666785469139,3299.800048828125,961239,0.0,0.0,3353.691552734375,3332.252275609178,44.29629724644747,-18.63653642195868,-10.05012591853422,-8.58641050342446,60.573017013609665,7492996.0,0.0003497481813094499
2021-01-11 00:00:00+05:30,3326.1508602648623,3345.71749406044,3274.32671477884,3334.503662109375,1043630,0.0,0.0,3348.158447265625,3332.3405652758524,51.670304848073414,-15.031164489310413,-5.155803188708761,-9.875361300601652,61.34571432260177,8536626.0,0.002511251652562606
2021-01-12 00:00:00+05:30,3344.7942095447484,3367.683574808749,3309.9987960845365,3351.854736328125,893653,0.0,0.0,3341.453161621094,3333.1058268857455,54.885947030854894,-10.651016291132237,-0.6205239924244665,-10.03049229870777,61.08421892141722,9430279.0,0.0021109002052289595
2021-01-13 00:00:00+05:30,3359.561638405014,3366.9452903575525,3322.6433786423213,3342.163818359375,798273,0.0,0.0,3334.789416503906,3333.4610422376527,52.773935071676696,-7.870961828059535,1.7276243765185892,-9.598586204578124,59.885482686871825,8632006.0,-0.005178598257211565
2021-01-14 00:00:00+05:30,3343.871565091657,3419.4616160524765,3340.7336029687326,3383.051025390625,1192074,0.0,0.0,3330.7676391601562,3335.4057474593383,59.802152938833046,-2.3415013678531977,5.805667869379942,-8.14716923723314,61.23137772098741,9824080.0,0.011716795796818858
2021-01-15 00:00:00+05:30,3396.4795613024958,3401.0943433151347,3295.8773134269595,3330.995849609375,597621,0.0,0.0,3325.197619628906,3335.232810288752,49.667731974378555,-2.1351688602949253,4.809600301550573,-6.944769161845498,64.3732100311457,9226459.0,-0.01927987803583567
2021-01-18 00:00:00+05:30,3330.996174599857,3382.6355452932835,3299.5694609613884,3329.888671875,826497,0.0,0.0,3319.9990844726562,3335.023236233311,49.47568298401906,-2.037501799162783,3.9258138901461725,-5.963315689308955,65.70841534327566,8399962.0,-0.00033248393777881007
2021-01-19 00:00:00+05:30,3349.177931060314,3368.652400619675,3310.644502573434,3323.796630859375,594091,0.0,0.0,3318.9468994140625,3334.582977199039,48.367475001908986,-2.423737410073045,2.8316626233887288,-5.255400033461774,65.15837839160028,7805871.0,-0.007578367206338235
2021-01-20 00:00:00+05:30,3327.2581233692044,3360.484556778717,3308.798993697253,3315.53662109375,607449,0.0,0.0,3317.188671875,3333.8360612733413,46.835652392245926,-3.3576408767330577,1.5182073253829724,-4.87584820211603,64.19603443781024,7198422.0,-0.003522871337552004
2021-01-21 00:00:00+05:30,3326.981301488848,3384.0662520214737,3325.043228007842,3351.070556640625,834432,0.0,0.0,3317.4401733398436,3334.5119238367643,53.6380796854131,-1.216451972208688,2.927516983925874,-4.143968956134562,64.50557704514839,8032854.0,0.007240574253001266
2021-01-22 00:00:00+05:30,3367.8680697354403,3405.7092840021305,3314.336595894756,3330.02685546875,791205,0.0,0.0,3316.967138671875,3334.3360388027245,49.59127544051356,-1.2037194257113697,2.352199624338554,-3.5559190500499236,66.42465641200785,7241649.0,-0.01123595505617975
2021-01-25 00:00:00+05:30,3353.8852300521203,3359.422968494686,3300.7228508710264,3335.149169921875,467367,0.0,0.0,3317.4285888671875,3334.367926297593,50.56889103947706,-0.7714085064035316,2.227608434917114,-2.9990169413206456,65.87290364000408,7709016.0,-0.0055863748593311625
2021-01-27 00:00:00+05:30,3335.14902015567,3368.6983488483093,3316.92063193411,3332.564697265625,646880,0.0,0.0,3318.233850097656,3334.2972114335944,50.04155963054478,-0.6300811489672924,1.8951486338826826,-2.525229782849975,64.8661045857761,7062136.0,-0.0007748747880309812
2021-01-28 00:00:00+05:30,3312.2137086530383,3368.7909831067896,3285.032686745984,3326.104248046875,643832,0.0,0.0,3319.1498779296876,3333.9759187517625,48.67514371754297,-1.027537645361008,1.1981537099911739,-2.2256913553521818,66.21554685838913,6418304.0,0.004193732837210392
2021-01-29 00:00:00+05:30,3327.4429233199544,3341.8411356944207,3212.0733540732344,3231.36328125,733173,0.0,0.0,3315.6772583007814,3329.9518937516937,34.00924117491475,-8.884909315558616,-5.327374368165147,-3.557534947393469,70.75499220786017,5685131.0,-0.028874918153093662
2021-02-01 00:00:00+05:30,3266.342979179241,3283.786766499863,3214.6574163552687,3249.4990234375,544282,0.0,0.0,3313.506005859375,3326.7968792295687,37.86843046925064,-13.492991340607205,-7.948365114570988,-5.5446262260362165,70.63887491740668,6229413.0,-0.005156823961571073
2021-02-02 00:00:00+05:30,3274.5572956923456,3280.1874205083004,3215.3497259976907,3231.50146484375,869950,0.0,0.0,3311.1224853515623,3323.059804155615,35.64089558672994,-18.385248412261717,-10.272497748980399,-8.112750663281318,70.22450488762004,5359463.0,-0.01314859596600592
2021-02-03 00:00:00+05:30,3254.390695341193,3270.95771885664,3231.270590777962,3245.576416015625,786972,0.0,0.0,3309.525769042969,3320.021239914831,38.678811548184655,-20.885906726345638,-10.218524850451455,-10.667381875894183,68.04326368341448,6146435.0,-0.0027084269071276333
2021-02-04 00:00:00+05:30,3250.6061750060853,3330.072809396193,3240.5460406041843,3304.183837890625,958717,0.0,0.0,3311.3855102539064,3319.4001653256464,49.39111642456027,-17.931859994060233,-5.811582494532839,-12.120277499527393,69.57779976492988,7105152.0,0.016482360519861922
2021-02-05 00:00:00+05:30,3337.410475426423,3337.410475426423,3258.4515071929536,3268.78857421875,1159183,0.0,0.0,3310.870959472656,3317.4153970469447,44.351912527848214,-18.23663803240106,-4.893088426298933,-13.343549606102128,70.24788322791322,5945969.0,-0.020561420812016007
2021-02-08 00:00:00+05:30,3323.566129977105,3338.2410471944427,3197.21348387134,3206.07373046875,2388271,0.0,0.0,3306.1846435546877,3313.049057181133,37.12448978512758,-23.270492828452916,-7.941554577880629,-15.328938250572287,75.30357466990314,3557698.0,-0.035351304867571376
2021-02-09 00:00:00+05:30,3234.9623215782835,3234.9623215782835,3188.814499587153,3195.644287109375,951124,0.0,0.0,3299.2416748046876,3308.444948550868,36.07176707368672,-27.781183744871214,-9.96179639543914,-17.819387349432073,73.2210209046018,2606574.0,-0.012154093482524993
2021-02-10 00:00:00+05:30,3200.7206445013617,3216.59567601221,3153.7884433131635,3160.987548828125,893690,0.0,0.0,3289.6983154296877,3302.662305424486,32.74856317076425,-33.76324624889003,-12.755087119566362,-21.008159129323666,72.47717888907954,1712884.0,-0.012413796793386406
2021-02-11 00:00:00+05:30,3166.432680254077,3202.6587190793985,3156.5108989197533,3195.96728515625,873772,0.0,0.0,3282.3884887695312,3298.4781869825947,38.87005282718285,-35.27487470023516,-11.413372456729196,-23.861502243505964,70.5965104064342,2586656.0,0.00932740654375868
2021-02-12 00:00:00+05:30,3211.8882387194008,3220.1948462333303,3146.404527884153,3157.66455078125,618874,0.0,0.0,3271.1191650390624,3292.9560836021496,35.10224788164348,-39.11269489345159,-12.2009541199565,-26.91174077349509,70.82463954542362,1967782.0,-0.016882183908045963
2021-02-15 00:00:00+05:30,3164.817419894439,3179.5847219411903,3140.820554068468,3153.741943359375,513578,0.0,0.0,3262.2564697265625,3287.4967055534134,34.730952349348414,-41.986719911608816,-12.059983310490978,-29.926736601117838,68.5346058524465,1454204.0,-0.0034995625546807426
2021-02-16 00:00:00+05:30,3167.586786520991,3167.909911436472,3124.254022838055,3128.31494140625,693631,0.0,0.0,3252.177783203125,3281.254283429995,32.34277247366869,-45.78833260401461,-12.689276802317423,-33.09905580169719,66.75755461852435,760573.0,-0.01239803287532779
2021-02-17 00:00:00+05:30,3110.363178049058,3142.5282998595667,3101.133613722503,3104.825439453125,866571,0.0,0.0,3241.2292236328126,3274.335505234824,30.27189998940835,-50.118806150120236,-13.615800278738433,-36.5030058713818,64.94592115415098,-105998.0,-0.0017804154302671152
2021-02-18 00:00:00+05:30,3108.5175439763084,3129.699350939245,3082.7671473282167,3100.626220703125,616156,0.0,0.0,3230.4837036132812,3267.523376429659,29.9032838308914,-53.27545323154027,-13.417957888126772,-39.8574953434135,63.659227042996775,-722154.0,-0.0025386130724837667
2021-02-19 00:00:00+05:30,3100.2104785081565,3122.3614316144963,3064.215179710354,3074.55224609375,765676,0.0,0.0,3216.6577880859377,3259.9558811223687,27.651739182398103,-57.22145728717214,-13.891169555006911,-43.33028773216523,63.265443104242564,-1487830.0,-0.008276287236714782
2021-02-22 00:00:00+05:30,3091.904288865157,3113.8245058384555,3061.7236562460525,3083.7822265625,666371,0.0,0.0,3204.345556640625,3253.0471103553155,29.67046642936481,-58.92466478866845,-12.47550164520257,-46.44916314346588,62.46797213861355,-821459.0,-0.0026268802472013486
2021-02-23 00:00:00+05:30,3091.719560398838,3108.517322717838,3069.107127380255,3078.9365234375,484686,0.0,0.0,3191.5349243164064,3246.219244201676,29.209661853308457,-59.974132285126416,-10.819975313328428,-49.15415697179799,60.82098808044278,-1306145.0,-0.004134604291111367
2021-02-24 00:00:00+05:30,3101.134087688461,3151.896699242885,3083.5979127878413,3143.1748046875,512568,0.0,0.0,3182.0654296875,3242.1782857893554,42.057049012481365,-54.9884774628631,-4.667456392852088,-50.321021070011014,61.688072918405176,-793577.0,0.013556562151227552
2021-02-25 00:00:00+05:30,3156.51109495457,3161.7719017132613,3114.6089617797456,3142.666748046875,586357,0.0,0.0,3172.8935546875,3238.2758725445524,41.99213899509716,-50.49621706389871,-0.14015679511015833,-50.35606026878855,60.65056341896615,-1379934.0,-0.004385964912280589
2021-02-26 00:00:00+05:30,3127.899376683853,3146.312312604592,3085.44338042317,3104.5947265625,748717,0.0,0.0,3166.555126953125,3233.0334746629032,37.34120910239027,-49.43826869806344,0.7342332565800973,-50.172501954643536,60.66616118772025,-2128651.0,-0.007450575390970604
2021-03-01 00:00:00+05:30,3111.747922232217,3156.511313668748,3107.6408107645866,3148.943115234375,377869,0.0,0.0,3161.5273315429686,3229.7358135088434,44.985010919340176,-44.50822950088468,4.531417963007087,-49.03964746389177,60.041191610202986,-1750782.0,0.011953151068700887
2021-03-02 00:00:00+05:30,3148.942590381065,3184.199478672895,3133.436878288255,3182.307373046875,383968,0.0,0.0,3159.067626953125,3227.8758746671974,49.93339973804271,-37.47691065194567,9.250189449556885,-46.72710010150256,59.37843509382626,-1366814.0,0.010595551270997355
2021-03-03 00:00:00+05:30,3193.4295111997585,3218.4876902086376,3170.355598546581,3212.949951171875,409493,0.0,0.0,3157.4363037109374,3227.290544334048,54.023614643415655,-29.09653312041837,14.10445358486735,-43.20098670528572,58.57512484840147,-957321.0,0.006112688538655968
2021-03-04 00:00:00+05:30,3184.199725009764,3244.007347519658,3184.199725009764,3232.10107421875,537283,0.0,0.0,3153.832165527344,3227.4791925648206,56.419907017162835,-20.671400929637457,18.023668620518613,-38.69506955015607,58.66316039568133,-420038.0,0.015043449954710141
2021-03-05 00:00:00+05:30,3217.426398497351,3236.4853603238494,3194.121746586261,3222.7333984375,612423,0.0,0.0,3151.529406738281,3227.2930829912,54.912270424444344,-14.582221344713616,19.29027856435397,-33.872499909067585,57.498907062587534,-1032461.0,0.0016494549627079824
2021-03-08 00:00:00+05:30,3224.4408244802958,3238.608071143352,3185.1227885946737,3196.3828125,463984,0.0,0.0,3151.0448608398438,3226.080915520957,50.800092338258345,-11.747358481514311,17.70011314204262,-29.447471623556932,57.21221959722304,-1496445.0,-0.008701667516201992
2021-03-09 00:00:00+05:30,3205.8889327048905,3220.333109679625,3135.605895667209,3162.74072265625,589556,0.0,0.0,3149.3996826171874,3223.5969863890077,46.0578519378712,-12.076138522309066,13.897066480998294,-25.97320500330736,59.17757634170813,-2086001.0,-0.01345904707067792
2021-03-10 00:00:00+05:30,3185.953377844905,3220.1951533280385,3173.5858511660817,3212.211669921875,270942,0.0,0.0,3151.960888671875,3223.1505033902968,53.005224470356076,-8.249709558469021,14.178796355870674,-22.428505914339695,59.054494508110885,-1815059.0,0.00824189464276848
2021-03-12 00:00:00+05:30,3222.871433427312,3224.671378711552,3161.125739051012,3169.6630859375,344205,0.0,0.0,3150.6456787109373,3221.0529576078343,47.3560220901047,-8.551970379758131,11.101228427665252,-19.653198807423383,59.37529059050364,-2159264.0,-0.016509609082739057
2021-03-15 00:00:00+05:30,3178.292924055844,3190.245165027277,3137.1289762183646,3184.56884765625,311078,0.0,0.0,3151.9908935546873,3219.6222081979686,49.39095611949342,-7.5022624487342,9.720749086951347,-17.223011535685547,58.92821189171969,-1848186.0,0.0019746208893788963
2021-03-16 00:00:00+05:30,3195.829250532528,3230.347733321839,3189.783840422504,3220.28759765625,383099,0.0,0.0,3155.3181762695312,3219.6483019022153,53.981468403602825,-3.7449868623334623,10.78241973868167,-14.527406601015132,57.98897430394608,-1465087.0,0.007653208355748803
2021-03-17 00:00:00+05:30,3219.272218599744,3229.424739931337,3180.784978254393,3200.720703125,378136,0.0,0.0,3158.9384643554686,3218.906043126638,51.23958513465895,-2.3194663870217482,9.766352171194708,-12.085818558216456,57.32117340189005,-1843223.0,-0.005762642676677165
2021-03-18 00:00:00+05:30,3211.888354485114,3219.179620099901,3163.3407564658933,3174.64697265625,430166,0.0,0.0,3162.429541015625,3217.1703933042695,47.758453292622804,-3.2561286572954486,7.063751920736806,-10.319880578032254,57.21529413273686,-2273389.0,-0.011594855648347778
2021-03-19 00:00:00+05:30,3160.7568242682223,3225.5945164287778,3118.669919010896,3199.52099609375,1312375,0.0,0.0,3167.3742797851564,3216.478260080328,51.16690150106922,-1.9686214021562591,6.681007340700797,-8.649628742857056,60.765958653688,-961014.0,0.012264205688934122
2021-03-22 00:00:00+05:30,3175.0625819080283,3294.9545349375767,3175.0625819080283,3289.785888671875,820046,0.0,0.0,3178.1359619140626,3219.3530690447024,61.08840007951021,6.263161996589133,11.930232591556951,-5.667070594967818,64.98924396689411,-140968.0,0.03613261276094428
2021-03-23 00:00:00+05:30,3294.954603690188,3302.3382554631635,3253.4215624672024,3293.477783203125,461046,0.0,0.0,3188.620739746094,3222.2599205803267,61.43353423020225,12.935699983891936,14.882216463087804,-1.946516479195867,63.84120461166474,320078.0,-0.00044820662640054486
2021-03-24 00:00:00+05:30,3263.574035183026,3293.293188061616,3250.652644772233,3265.189208984375,480657,0.0,0.0,3197.9333740234374,3223.943422086368,57.24382441673979,15.759418127617664,14.164747685450825,1.5946704421668396,62.34005702712625,-160579.0,0.0004949095022624545
2021-03-25 00:00:00+05:30,3262.650571281319,3290.154714515631,3164.8172019585977,3178.523193359375,486516,0.0,0.0,3199.700793457031,3222.1622366460942,46.72928932716234,10.87861009204562,7.427151719903024,3.4514583721425955,66.8398752798124,-647095.0,-0.02578497944660538
2021-03-26 00:00:00+05:30,3189.137656599585,3244.191918657133,3189.137656599585,3234.59326171875,273033,0.0,0.0,3204.297119140625,3222.649727825414,52.77318586726043,11.403468393788899,6.361608017317042,5.041860376471856,66.75622170965617,-374062.0,0.014253259035432113
2021-03-30 00:00:00+05:30,3243.2690832087424,3345.717252883236,3239.6234501649387,3337.41064453125,567450,0.0,0.0,3215.9379150390623,3227.150155931525,61.417638180427396,19.88668457086669,11.875859355515868,8.010825215350824,69.92534809962085,193388.0,0.029026750142288
2021-03-31 00:00:00+05:30,3337.410383005892,3373.4056830438426,3315.7209073419986,3345.76318359375,441583,0.0,0.0,3225.778918457031,3231.801647212397,62.025737938180725,26.972749539991582,15.169539459712606,11.803210080278976,69.0510214996941,634971.0,0.002502778990078782
2021-04-01 00:00:00+05:30,3354.946799473949,3387.2502762226663,3332.1036266302126,3339.718017578125,460658,0.0,0.0,3233.649450683594,3236.0336617365433,61.27302438075405,31.734892616664183,15.945346029108165,15.789546587556018,68.05785207765813,174313.0,-0.004539202200825283
2021-04-05 00:00:00+05:30,3354.9469090564567,3433.3982122943657,3350.3321265130503,3415.26220703125,807938,0.0,0.0,3243.7650634765623,3243.0622321402575,66.7099109501062,41.13058230414481,20.272828573271035,20.857753730873775,69.88801940913987,982251.0,0.017978018612448438
2021-04-06 00:00:00+05:30,3422.322490739528,3448.5343635889944,3396.4797103348064,3443.181396484375,462351,0.0,0.0,3254.3190795898436,3250.9100425066936,68.47158382769324,50.250324866903156,23.514056908823505,26.73626795807965,68.61420754082923,1444602.0,0.006094956217974571
2021-04-07 00:00:00+05:30,3444.4736123574758,3525.6937832812314,3425.5991972488146,3515.1259765625,633677,0.0,0.0,3268.9387084960936,3261.2714516853525,72.50881591919409,62.56193782268156,28.66053589168152,33.90140193100004,70.86280600467764,2078279.0,0.020511803008607797
2021-04-08 00:00:00+05:30,3546.5097898039894,3597.1742153726177,3528.7303751618297,3580.98974609375,613388,62.0,0.0,3288.169055175781,3273.8094240150936,75.59040873854033,76.74892174981369,34.27801585505092,42.47090589476277,71.66176549083447,2691667.0,0.009722222222222106
2021-04-09 00:00:00+05:30,3580.9895391812697,3606.274793187408,3555.8918853728987,3563.1162109375,526934,0.0,0.0,3308.1878295898437,3285.1547882081295,73.19269086323828,85.56363943809629,34.47418683466681,51.08945260342948,70.14184708528731,2164733.0,-0.004991170191425955
2021-04-12 00:00:00+05:30,3544.586121177933,3612.1856411311146,3518.362637465372,3577.236572265625,1108910,0.0,0.0,3326.439074707031,3296.6089758182275,73.89712400797498,92.62108366519806,33.225304849414854,59.3957788157832,71.83335826970408,3273643.0,0.009211357820484194
2021-04-13 00:00:00+05:30,3578.503174476202,3609.370850195938,3498.7066662755324,3514.609619140625,411660,0.0,0.0,3343.6864013671875,3305.1580206544,65.65642675521822,92.09902708483423,26.162598615240825,65.93642846959341,74.60698867347564,2861983.0,-0.017854827066048126
2021-04-15 00:00:00+05:30,3519.300908365514,3565.180266066752,3446.1189646565003,3464.60205078125,494464,0.0,0.0,3357.6880615234377,3311.410727718198,59.911243403910305,86.65123910192278,16.5718485058635,70.07939059605928,77.78229672626198,2367519.0,-0.01554253501149689
2021-04-16 00:00:00+05:30,3467.2292503915232,3503.304151048877,3449.449836240092,3468.16748046875,251741,0.0,0.0,3370.0820556640624,3317.5580513554746,60.178791526627336,81.67997237697045,9.28046542472893,72.39950695224152,76.0731551606482,2619260.0,0.0002705993776214298
2021-04-19 00:00:00+05:30,3457.37768002354,3523.053782493458,3427.4012762082125,3511.607421875,560398,0.0,0.0,3385.6263916015623,3325.1678305915348,63.38505865402189,80.31957385989108,6.336053526119642,73.98352033377144,77.47168024103715,3179658.0,0.015685223562584786
2021-04-20 00:00:00+05:30,3501.380610479107,3520.9427985255606,3462.162777877887,3499.504150390625,331477,0.0,0.0,3401.869250488281,3332.0045490150287,61.889846227012306,77.3729086484982,2.71151065178141,74.66139799671679,76.13656169860036,2848181.0,-0.0005359200547538303
2021-04-22 00:00:00+05:30,3495.0009603013614,3533.3744789237408,3464.0860959379147,3520.2392578125,424370,0.0,0.0,3417.905163574219,3339.386302301204,63.479283835408005,75.8366079080015,0.9401679290277656,74.89643997897373,75.64740607624107,3272551.0,0.0072212562450805215
2021-04-23 00:00:00+05:30,3523.053680973491,3528.5891463981334,3415.626345029026,3424.821044921875,491834,0.0,0.0,3424.6569213867188,3342.73668436476,52.60626948738784,66.15700934331107,-6.991544508530126,73.1485538518412,78.31279145439535,2780717.0,-0.027882809899300816
2021-04-26 00:00:00+05:30,3434.954120527293,3435.7984359465067,3312.890299652407,3320.583740234375,1031406,0.0,0.0,3426.0122192382814,3341.8679414576864,43.78349892004567,49.50412565694933,-18.915542555913504,68.41966821286283,81.4981732287625,1749311.0,-0.03329604305613296
2021-04-27 00:00:00+05:30,3352.0144516338232,3353.797226163701,3299.755083694968,3322.460205078125,813608,0.0,0.0,3428.875769042969,3341.106853756527,43.96568847000703,36.04253448671443,-25.901706980918725,61.944241467633155,79.53702817441604,2562919.0,-0.00881686131791378
2021-04-28 00:00:00+05:30,3272.54605865972,3309.137026632119,3254.719689647525,3263.867431640625,1498181,0.0,0.0,3433.1429809570313,3338.0778568108058,39.64514868072755,20.41089526730866,-33.226676960259596,53.637572227568256,78.69442012126295,1064738.0,-0.0026519495412845096
2021-04-29 00:00:00+05:30,3280.75577385662,3289.34048678848,3234.0788310527687,3254.6259765625,611087,0.0,0.0,3434.1446166992187,3334.8052340559702,38.99426135683628,7.194071596102731,-37.154800505172425,44.348872101275155,77.02065123653755,453651.0,-0.007964566427754503
2021-04-30 00:00:00+05:30,3246.2760973515874,3254.1104101932165,3224.696805374973,3235.95556640625,436187,0.0,0.0,3429.0718627929687,3330.928776501079,37.64941646572463,-4.732350855011191,-39.26497836502908,34.53262751001789,73.65697409009915,17464.0,-0.0031791907514450803
2021-05-03 00:00:00+05:30,3226.6674625675823,3263.8212397863344,3219.630736307201,3226.80810546875,570022,0.0,0.0,3423.1241088867187,3326.845612931184,36.97654940501976,-14.752196088305482,-39.4278588786587,24.67566279035322,71.5522261892691,-552558.0,4.3587665230228434e-05
2021-05-04 00:00:00+05:30,3220.005642480958,3248.1525449501974,3208.746881493262,3223.617919921875,337838,0.0,0.0,3417.3191040039064,3322.7974681072897,36.7300067378114,-22.688873723961024,-37.891629211451395,15.202755487490371,69.25604313691214,-890396.0,0.0011218233264130694
2021-05-05 00:00:00+05:30,3228.5436037405943,3245.243915832882,3223.9930962513563,3238.39501953125,234116,0.0,0.0,3408.4757446289063,3319.487568163131,38.76663504596795,-27.469705820391482,-34.137969046305486,6.668263225914,65.85389690642515,-656280.0,0.003051349772461429
2021-05-06 00:00:00+05:30,3238.769937219569,3275.8300219589005,3227.229662488727,3238.81689453125,384450,0.0,0.0,3398.25751953125,3316.32401233443,38.827176352314574,-30.86867306608019,-30.02954903359535,-0.8391240324848379,64.62150137524237,-271830.0,1.4498501774237858e-05
2021-05-07 00:00:00+05:30,3269.450424920027,3269.450424920027,3239.0049036028067,3247.448974609375,189156,0.0,0.0,3384.873669433594,3313.623030462859,40.13147949748881,-32.49130286127274,-25.321743063030326,-7.169559798242419,62.193789161883316,-82674.0,-0.006729403248617965
2021-05-10 00:00:00+05:30,3263.164008960929,3263.164008960929,3193.265872483761,3202.9296875,694001,0.0,0.0,3365.970666503906,3309.282115052551,35.88218947584652,-36.94371887635907,-23.81932726249332,-13.12439161386575,62.7440996844121,-776675.0,-0.018458870377192342
2021-05-11 00:00:00+05:30,3202.929884548072,3222.5388015448107,3186.276300671581,3207.24560546875,455412,0.0,0.0,3348.177136230469,3305.280683304167,36.58323297159849,-39.666778208320466,-21.23390927556377,-18.432868932756694,60.85255691215784,-321263.0,0.0013474290965588356
2021-05-12 00:00:00+05:30,3193.7352299200543,3232.2026636529336,3191.061182536541,3227.08935546875,252497,0.0,0.0,3330.669775390625,3302.2143567223857,39.840161234510845,-39.76520898739773,-17.065872043712826,-22.6993369436849,59.44462292672742,-68766.0,0.010443610114020204
2021-05-14 00:00:00+05:30,3236.893637603674,3306.7917755751155,3225.822477321016,3285.16552734375,677498,0.0,0.0,3319.1975708007812,3301.5457751781255,48.221484774059526,-34.756305328699,-9.645574708011278,-25.110730620687722,60.982099735844315,608732.0,0.014913029325181171
2021-05-17 00:00:00+05:30,3301.584667911566,3315.6111616838493,3280.099290874698,3290.607421875,338003,0.0,0.0,3310.497839355469,3301.1168201466303,48.9393274848214,-30.001756114077125,-3.9128203947115203,-26.088935719365605,59.1627976696312,946735.0,-0.003324841595993317
2021-05-18 00:00:00+05:30,3307.4485479547247,3315.611103630788,3265.0405952309807,3307.68310546875,474368,0.0,0.0,3302.4736206054686,3301.374321531812,51.224374857679614,-24.572618794697973,1.213053539734105,-25.78567233443208,58.54906272178014,1421103.0,7.091796308374977e-05
2021-05-19 00:00:00+05:30,3316.6431077588286,3335.4077080856114,3298.8636947612144,3316.080078125,688416,0.0,0.0,3292.6972534179686,3301.9510178687997,52.35356838895154,-19.369147363407137,5.133219976819955,-24.502367340227092,56.97727347909445,2109519.0,-0.00016975888437060398
2021-05-20 00:00:00+05:30,3283.805028474334,3300.411653806321,3204.0554777828147,3211.13916015625,1046540,0.0,0.0,3278.27900390625,3298.389768546739,39.91635213480846,-23.44297776245685,0.8475116622161991,-24.290489424673048,60.90922539792257,1062979.0,-0.022128557477678504
2021-05-21 00:00:00+05:30,3235.9554740652056,3235.9554740652056,3206.870342231045,3223.52392578125,521688,0.0,0.0,3263.4432373046875,3295.4538531441713,41.67728282729022,-25.3796102729666,-0.8712966786348417,-24.50831359433176,58.63607585763458,1584667.0,-0.0038416932444185837
2021-05-24 00:00:00+05:30,3245.337781271797,3245.337781271797,3163.148736297259,3170.373291015625,1643611,0.0,0.0,3250.720849609375,3290.548733060699,36.70539602897055,-30.8476252950054,-5.07144936053891,-25.77617593446649,60.31843079456952,-58944.0,-0.023099133374891657
2021-05-25 00:00:00+05:30,3187.700534603731,3246.0867777781564,3187.700534603731,3239.02392578125,1318946,12.5,0.0,3246.642858886719,3288.5281523830736,45.71351907148369,-29.30373884612618,-2.8220503293277517,-26.481688516798428,61.418077649431986,1260002.0,0.016100443131462246
2021-05-26 00:00:00+05:30,3240.483771525882,3252.5377521171854,3214.115789568274,3216.893798828125,373186,0.0,0.0,3241.364538574219,3285.718962047585,43.56127161536135,-29.525561711826867,-2.435098556022748,-27.09046315580412,59.775497999383646,886816.0,-0.007279768812620454
2021-05-27 00:00:00+05:30,3230.0777104568538,3237.140562593421,3201.8734335736044,3215.622314453125,444547,0.0,0.0,3238.952282714844,3282.970073906626,43.434740718267975,-29.464309870574198,-1.899077371816059,-27.56523249875814,58.0249002151178,442269.0,-0.0044752471301020905
2021-05-28 00:00:00+05:30,3217.835660684427,3247.9704985954318,3211.2436648913945,3223.90966796875,249529,0.0,0.0,3237.416467285156,3280.6539795561216,44.56497839412693,-28.41944549945083,-0.6833704005541534,-27.736075098896677,56.503609750031714,691798.0,0.0018876064301653265
2021-05-31 00:00:00+05:30,3228.900628763792,3256.8223461011653,3227.4880583100858,3246.887451171875,352802,0.0,0.0,3237.9630615234373,3279.3298019724257,47.6861227310987,-25.44396568821412,1.8336875285460472,-27.277653216760168,54.81854320590709,1044600.0,0.005570571682464328
2021-06-01 00:00:00+05:30,3256.4455962534903,3266.898709073236,3241.378178804081,3245.851318359375,236580,0.0,0.0,3238.9152221679688,3278.01692026211,47.55609744343492,-22.905444058319517,3.4977673267525233,-26.40321138507204,52.72582799612853,808020.0,-0.0032533256217465783
2021-06-02 00:00:00+05:30,3245.851347970273,3282.813606738049,3245.192194432957,3272.690185546875,420074,0.0,0.0,3241.3688354492188,3277.80802870465,51.26313382746653,-18.514550879674516,6.31092840431802,-24.825479283992536,51.646941161049455,1228094.0,0.008268658881555148
2021-06-03 00:00:00+05:30,3277.163218962281,3295.526633551294,3265.297536032857,3292.466064453125,380896,0.0,0.0,3244.0723876953125,3278.382853635963,53.85161296681668,-13.28583738388852,9.231713520083215,-22.517550903971735,50.117095186570474,1608990.0,0.00466954022988506
2021-06-04 00:00:00+05:30,3295.997921379765,3307.2984856816383,3277.1636475433093,3285.921630859375,312826,0.0,0.0,3246.427624511719,3278.6784919584497,52.851237156804,-9.559924505678737,10.366101118634397,-19.926025624313134,48.689791111690326,1296164.0,-0.0030571289062500326
2021-06-07 00:00:00+05:30,3302.118792611414,3347.791902961237,3275.7508113785266,3336.11474609375,357312,0.0,0.0,3250.8609130859377,3280.9308940814026,59.12313299152312,-2.5278077931629923,13.918574264920114,-16.446382058083106,50.357741145340896,1653476.0,0.010295193970126995
2021-06-08 00:00:00+05:30,3337.903791952805,3410.886594569914,3336.114628110925,3391.81689453125,787313,0.0,0.0,3260.3052734375,3285.279364687279,64.73029206706167,7.453968512718802,19.120280456641527,-11.666311943922725,52.101614382036125,2440789.0,0.016151784454789122
2021-06-09 00:00:00+05:30,3388.2857241009424,3398.0325523754623,3349.769727650567,3366.34375,546202,0.0,0.0,3268.2601806640623,3288.458360189739,60.63412477754644,13.157457296740631,19.859015392530686,-6.701558095790054,51.827415120810905,1894587.0,-0.006475833470851853
2021-06-10 00:00:00+05:30,3362.8592138116296,3401.092877347046,3347.791796443669,3367.850341796875,355092,0.0,0.0,3275.298229980469,3291.571771233156,60.79215523984739,17.596244068055512,19.438241731076452,-1.841997663020941,51.93267696242306,2249679.0,0.0014841917748879517
2021-06-11 00:00:00+05:30,3366.626344818329,3385.4606180760543,3344.0252169090595,3350.52294921875,301375,0.0,0.0,3278.5661010742188,3293.8835821345524,57.912657807025724,19.491156870482428,17.066523626802695,2.424633243679733,51.182871548461804,1948304.0,-0.004783244099650148
2021-06-14 00:00:00+05:30,3350.522714655332,3388.2855218575964,3305.8384504617484,3381.928955078125,312420,0.0,0.0,3283.132177734375,3297.3363418578297,61.47455210514598,23.258976121901014,16.667474302577027,6.591501819323989,53.41602868042375,2260724.0,0.009373534548928949
2021-06-15 00:00:00+05:30,3383.9071075055795,3428.308817698882,3383.5774157374217,3420.1630859375,451019,0.0,0.0,3288.7561767578127,3302.153076919778,65.3222712939403,28.995927841886896,17.923540818050327,11.072387023836571,52.913445390446356,2711743.0,0.010714235728133315
2021-06-16 00:00:00+05:30,3419.4095212305288,3432.358084396739,3394.9249654253326,3427.31982421875,232534,0.0,0.0,3294.3181640625,3307.0615768138555,66.0066526984938,33.73116055842138,18.127018827667847,15.604141730753533,51.80770778908388,2944277.0,0.0023133535012719387
2021-06-17 00:00:00+05:30,3414.559180381043,3449.4968461901008,3399.1151696213947,3444.929443359375,300185,0.0,0.0,3306.007678222656,3312.4681598156403,67.69601636198199,38.46145597366558,18.285851394329637,20.175604579335943,51.70584841619954,3244462.0,0.008894343712895573
2021-06-18 00:00:00+05:30,3447.990023106077,3464.564274142025,3385.4603331178528,3408.249755859375,731807,0.0,0.0,3315.2439697265627,3316.2243008369633,60.90629789505727,38.80320573234803,14.902080922409674,23.90112480993836,53.66285503105851,2512655.0,-0.011525632899280384
2021-06-21 00:00:00+05:30,3390.1688312817946,3440.9742320907017,3372.3705368817805,3436.171630859375,231475,0.0,0.0,3328.53388671875,3320.9281177005873,63.876475414935214,40.85614265744289,13.564014278003619,27.29212837943927,54.73005790090776,2744130.0,0.013569471571180458
2021-06-22 00:00:00+05:30,3437.254844595651,3451.380549436455,3405.2365802898285,3438.102294921875,235555,0.0,0.0,3338.4878051757814,3325.523183473971,64.07969354841846,42.152985043543595,11.888685331283458,30.264299712260136,54.11676584702952,2979685.0,0.00024654858732880075
2021-06-23 00:00:00+05:30,3439.1381399050592,3469.555535810207,3419.362153886985,3446.0126953125,378997,0.0,0.0,3349.94375,3330.2482623695996,64.94973527088699,43.31968284109598,10.444306503068674,32.87537633802731,53.83652413818567,3358682.0,0.001998918079990397
2021-06-24 00:00:00+05:30,3446.012814905078,3488.907917762669,3438.196545606468,3474.075927734375,385390,0.0,0.0,3362.8664306640626,3335.88856297214,67.91851777536182,45.97875312820497,10.482701432142129,35.49605169606284,53.61329899661501,3744072.0,0.008143647263270583
2021-06-25 00:00:00+05:30,3493.663381510792,3493.663381510792,3432.451994202272,3456.13623046875,176772,0.0,0.0,3374.4777587890626,3340.6041577759283,64.17634236076502,46.107008948730254,8.488765802133926,37.61824314659633,54.156019590323226,3567300.0,-0.010741490219304964
2021-06-28 00:00:00+05:30,3456.1363560191708,3470.2149296294483,3430.6629548548385,3453.49951171875,181793,0.0,0.0,3384.8083618164064,3345.0314265579996,63.62149542031868,45.47172174032494,6.282782874982885,39.18893886534205,53.112873532056696,3385507.0,-0.000762945679451698
2021-06-29 00:00:00+05:30,3441.9632006972643,3453.358027197307,3399.633220449184,3443.98779296875,357263,0.0,0.0,3394.715185546875,3348.912068378029,61.55404682206796,43.69702375094357,3.606467908481214,40.09055584246236,53.16668908473598,3028244.0,0.000588208575581403
2021-06-30 00:00:00+05:30,3460.7975812507702,3474.9232856640388,3421.1984772301303,3436.925048828125,428387,0.0,0.0,3402.9269287109373,3352.3635578074445,59.99504932073284,41.245209283646545,0.9237227529473415,40.321486530699204,53.20655475253406,2599857.0,-0.006897985756802754
2021-07-01 00:00:00+05:30,3427.8375630423325,3447.6135489829617,3371.9467679554305,3386.2138671875,612678,0.0,0.0,3407.6143188476562,3353.691020920388,50.16975196848949,34.80890472074407,-4.410065447964108,39.218970168708175,54.81085662932116,1987179.0,-0.012142843728537097
2021-07-02 00:00:00+05:30,3398.644584610085,3398.644584610085,3328.95777406391,3338.657470703125,292855,0.0,0.0,3410.251110839844,3353.1014699314755,43.04959946999384,25.575860631731302,-10.914487629581501,36.4903482613128,55.87342476624026,1694324.0,-0.017650305118280613
2021-07-05 00:00:00+05:30,3356.267318512068,3375.572447588807,3307.674804091276,3318.175048828125,519061,0.0,0.0,3409.3541259765625,3351.7318063587954,40.39079273810946,16.416605989265918,-16.058993817637514,32.47559980690343,56.73229753276174,1175263.0,-0.01134959348256872
2021-07-06 00:00:00+05:30,3320.482376501892,3327.8749207223677,3304.143552480858,3313.890380859375,282115,0.0,0.0,3405.457800292969,3350.24782888823,39.836524936668,8.71167107826841,-19.01114298290802,27.72281406117643,54.375088297670445,893148.0,-0.001985252410663741
2021-07-07 00:00:00+05:30,3315.7735797607365,3335.54956532591,3301.647875785613,3316.103271484375,524482,0.0,0.0,3402.9457763671876,3348.9088266370986,40.29224221503524,2.7522897468224983,-19.976419451483146,22.728709198305644,52.91270267214269,1417630.0,9.943131390239615e-05
2021-07-08 00:00:00+05:30,3295.0557967701607,3320.3877999568786,3270.806672229769,3287.898681640625,627227,0.0,0.0,3398.948193359375,3346.516271931355,36.49759542540405,-4.198045127137448,-21.541403460354474,17.343358333217026,52.674733033211595,790403.0,-0.002172077066661854
2021-07-09 00:00:00+05:30,3287.5222009973527,3312.948468378312,3265.8627880432023,3273.349365234375,595359,0.0,0.0,3395.0895141601563,3343.6469814726497,34.683022833773215,-10.756252446811231,-22.479688624022607,11.723436177211376,52.27551498334693,195044.0,-0.004311099635670292
2021-07-12 00:00:00+05:30,3279.2353142259185,3295.9978636287724,3262.1904346489205,3268.123046875,146119,0.0,0.0,3389.39921875,3340.685258547252,34.02855019345173,-16.18878497440528,-22.329776921293323,6.140991946888045,50.95636598309651,48925.0,-0.003388676409622532
2021-07-13 00:00:00+05:30,3285.403342656743,3286.062496198778,3263.1319078409315,3282.3427734375,182918,0.0,0.0,3382.508203125,3338.397317954713,37.485064879273764,-19.12621791298261,-20.213767887896523,1.0875499749139141,48.954524724148975,231843.0,-0.0009315657470440376
2021-07-14 00:00:00+05:30,3271.5132337071022,3284.8383899458017,3252.820125712629,3282.578369140625,458955,0.0,0.0,3375.271130371094,3336.208339569847,37.543452550603796,-21.190868929419594,-17.822735123466806,-3.3681338059527874,47.744791831935785,690798.0,0.0033822682786413005
2021-07-15 00:00:00+05:30,3298.822775363543,3298.822775363543,3254.091378894868,3259.129638671875,264604,0.0,0.0,3365.9811401367188,3333.185645416985,34.127023300124,-24.43753561582298,-16.855521447896155,-7.582014167926826,47.52954930598849,426194.0,-0.012032515656223309
2021-07-16 00:00:00+05:30,3258.329081980165,3270.2887988134166,3236.763932332435,3240.4365234375,399006,0.0,0.0,3357.590478515625,3329.5484249472015,31.65407581889919,-28.19391858693416,-16.489523535205866,-11.704395051728294,46.529214818487546,27188.0,-0.005491329479768597
2021-07-19 00:00:00+05:30,3239.8715146674526,3255.974909873566,3226.4051935456614,3249.05322265625,226731,0.0,0.0,3348.2345581054688,3326.3917503475564,34.027225686575974,-30.128283443295913,-14.739110713254094,-15.38917273004182,45.3178220691597,253919.0,0.002833972874303875
2021-07-20 00:00:00+05:30,3253.620609932393,3264.8740418920165,3226.781771326584,3233.4208984375,152954,0.0,0.0,3338.00048828125,3322.745834586378,31.86549998577296,-32.54749221780094,-13.726655590207294,-18.820836627593643,44.80171124746471,100965.0,-0.006208379499819076
2021-07-22 00:00:00+05:30,3248.4412801285016,3248.4412801285016,3215.952158758902,3225.65185546875,389457,0.0,0.0,3326.9824462890624,3318.9382275621574,30.817642757051384,-34.691724831027386,-12.696710562746993,-21.995014268280393,43.9222405419026,-288492.0,-0.007015495338998432
2021-07-23 00:00:00+05:30,3227.252659992203,3251.266357929116,3225.6517927785203,3239.306640625,247778,0.0,0.0,3315.2439819335937,3315.8154202312885,34.871377267108706,-34.88706125535282,-10.31363758965794,-24.57342366569488,42.61454944252312,-40714.0,0.003735059477130035
2021-07-26 00:00:00+05:30,3239.447770691137,3294.1142931504883,3231.019479645319,3279.046875,433827,0.0,0.0,3306.389514160156,3314.3735164967284,44.97643713655979,-31.47236811907942,-5.519155562707631,-25.95321255637179,44.0774254469983,393113.0,0.012224029251879081
2021-07-27 00:00:00+05:30,3292.230951265123,3300.565209109982,3234.9275831611726,3249.618408203125,210607,0.0,0.0,3296.195458984375,3311.8341004852145,40.024097311617744,-30.78594927395443,-3.86618937406611,-26.91975989988832,45.61743976855666,182506.0,-0.012943363844393485
2021-07-28 00:00:00+05:30,3266.8043311448305,3266.8043311448305,3211.2432312493147,3224.521484375,352127,0.0,0.0,3285.2221435546876,3308.4100763240294,36.348334771081646,-31.899353512364996,-3.983674889981341,-27.915678622383655,46.32770120619678,-169621.0,-0.012943183148962195
2021-07-29 00:00:00+05:30,3224.6158335958294,3229.0889734322864,3203.7098365528173,3207.10009765625,321411,0.0,0.0,3273.7308959960938,3304.4371359841166,34.013157957179,-33.79789362529527,-4.705772002329294,-29.09212162296598,44.83137518285873,-491032.0,-0.005431883003578521
2021-07-30 00:00:00+05:30,3224.4274248219576,3239.4948426949577,3181.1085984370834,3223.8623046875,988317,0.0,0.0,3265.613317871094,3301.277338678367,38.13163857928886,-33.56303653036548,-3.5767319259195993,-29.98630460444588,45.79958011678863,497285.0,-0.0001752621659607778
2021-08-02 00:00:00+05:30,3245.8042078948897,3335.549559646134,3239.5419044408004,3300.37646484375,1887580,0.0,0.0,3263.699267578125,3301.242010292696,52.65709746418391,-26.8928532494474,2.4747610839987857,-29.367614333446184,50.505842605492866,2384865.0,0.016813169696472192
2021-08-03 00:00:00+05:30,3343.083199193322,3370.392892933211,3325.190641225808,3364.930908203125,1326045,0.0,0.0,3266.037060546875,3303.7396141323206,60.98067466240709,-16.21081271009507,10.525441298680892,-26.736254008775962,51.899455854348,3710910.0,0.006535197513204252
2021-08-04 00:00:00+05:30,3370.3930402695228,3389.227312637612,3333.6662091517496,3369.73388671875,478788,0.0,0.0,3268.829235839844,3306.3276248219845,61.522711469103925,-7.273810437731299,15.569954856835732,-22.84376529456703,52.161002113741944,4189698.0,-0.0001955717160868752
2021-08-05 00:00:00+05:30,3369.73379176594,3406.837215321349,3340.823230477679,3400.6689453125,497146,0.0,0.0,3273.05751953125,3310.0272844490637,64.90435079166215,2.278760808069819,20.09802088210948,-17.81926007403966,53.15050088016555,4686844.0,0.009180295969417803
2021-08-06 00:00:00+05:30,3400.668951245015,3409.00320851181,3380.8460640300327,3393.935791015625,258380,0.0,0.0,3278.359375,3313.3178141183407,63.59428466142382,9.19988254325608,21.615314093836595,-12.415431550580514,51.36526113742326,4428464.0,-0.0019799516877185962
2021-08-09 00:00:00+05:30,3408.909094252069,3436.313052985786,3396.054795102765,3424.1650390625,444706,0.0,0.0,3285.9001586914064,3317.664764116151,66.83127665514081,16.92902183760316,23.47556271054694,-6.546540872943781,50.723261196904424,4873170.0,0.004475315823515206
2021-08-10 00:00:00+05:30,3424.1649365729245,3431.604382100086,3400.99868988871,3425.20068359375,249493,0.0,0.0,3293.754040527344,3321.881858997626,66.93973088533711,22.874307494212644,23.53667869372514,-0.6623711995124957,49.286291983652184,5122663.0,0.00030248163859248505
2021-08-11 00:00:00+05:30,3425.200865126054,3436.266000588916,3362.95373038344,3414.182861328125,233115,0.0,0.0,3300.346044921875,3325.5015061478416,64.52260449962667,26.392704366444377,21.644060452765498,4.748643913678879,51.00243328521125,4889548.0,-0.003216746763703581
2021-08-12 00:00:00+05:30,3422.563758596208,3430.615455723565,3397.23175514438,3409.756591796875,232971,0.0,0.0,3306.7049560546875,3328.805627153686,63.53012423635767,28.49541882662379,18.99741993035593,9.49799889626786,49.74395237763781,4656577.0,-0.0037419804867524454
2021-08-13 00:00:00+05:30,3409.756573816922,3431.6985461961112,3366.720309226215,3370.910888671875,323144,0.0,0.0,3312.2940185546877,3330.4568138798895,55.46649539414681,26.71930803956593,13.777047314638455,12.942260724927475,50.83211556279926,4333433.0,-0.011392509788920967
2021-08-16 00:00:00+05:30,3361.9176316442795,3459.808716701223,3345.9556317282468,3442.245849609375,348972,0.0,0.0,3322.384484863281,3334.8406976339875,64.40202409442587,30.71381290466843,14.217241743792762,16.496571160875668,55.333613377812355,4682405.0,0.023893571100315092
2021-08-17 00:00:00+05:30,3456.089022396608,3491.4975468518687,3454.2055951364464,3481.04443359375,579154,0.0,0.0,3333.9840454101563,3340.5741774755465,68.14571028370044,36.5884395082212,16.073494677876425,20.514944830344774,54.89919079671813,5261559.0,0.007220708446866561
2021-08-18 00:00:00+05:30,3492.627671250875,3512.5919548782585,3472.0511357976184,3503.881103515625,426843,0.0,0.0,3347.5070556640626,3346.978370653589,70.13646146039696,42.59583357020574,17.66471099188877,24.93112257831697,53.87359281699819,5688402.0,0.003222053228685382
2021-08-20 00:00:00+05:30,3427.8375849920767,3736.248796279139,3423.4115769496098,3668.869140625,1567252,0.0,0.0,3369.667919921875,3359.6015381034485,79.90669275159888,59.978497592505846,28.0379000113511,31.940597581154748,72.37099471075187,7255654.0,0.07031592065161409
2021-08-23 00:00:00+05:30,3682.100115810904,3733.564671245425,3626.162420849503,3640.900146484375,645088,0.0,0.0,3389.747595214844,3370.6328560791712,75.40307314800957,70.68273343246346,30.993708681046968,39.6890247514165,74.87322725969277,6610566.0,-0.011189258312020512
2021-08-24 00:00:00+05:30,3648.999230571508,3665.1495277132144,3574.274160440777,3590.000732421875,437167,0.0,0.0,3405.2952880859375,3379.235517896532,67.90264811446691,74.20338963904032,27.611491910099062,46.59189772894126,76.01623726060319,6173399.0,-0.016168405204183285
2021-08-25 00:00:00+05:30,3590.000609985393,3670.7996844240406,3575.68660896821,3618.817138671875,360778,0.0,0.0,3423.755224609375,3388.630875573997,69.73794753178801,78.41486050300728,25.458370219252814,52.95649028375446,77.38029713169097,6534177.0,0.00802688684963737
2021-08-26 00:00:00+05:30,3602.243136197142,3716.89677716502,3602.243136197142,3701.7822265625,1114234,0.0,0.0,3447.61826171875,3400.911320710801,74.29510290369929,87.439126903339,27.586109295667626,59.853017607671376,80.0426788342759,7648411.0,0.027632529677172335
2021-08-27 00:00:00+05:30,3714.7775851672495,3741.3809943187616,3683.748168085914,3711.811279296875,475524,0.0,0.0,3472.8538208007812,3413.103475949471,74.78933280363678,94.31300219974992,27.567987673662827,66.74501452608709,78.44197507703093,8123935.0,-0.0007985150664790003
2021-08-30 00:00:00+05:30,3729.185997872378,3760.780536336464,3703.0063128142942,3754.000244140625,466524,0.0,0.0,3499.3607177734375,3426.47197666285,76.80932706312697,101.98922645427729,28.195369542552157,73.79385691172513,76.9657071088265,8590459.0,0.006654065064709704
2021-08-31 00:00:00+05:30,3762.1457160725454,3792.563110397368,3729.18574108818,3764.5,688613,0.0,0.0,3522.56689453125,3439.7279775780326,77.29687404159965,107.67867924128677,27.107857863649315,80.57082137763746,75.99511155170941,9279072.0,0.0006257822277847197
2021-09-01 00:00:00+05:30,3752.352363380666,3791.244953835968,3732.811804822243,3781.31005859375,352460,0.0,0.0,3543.385852050781,3453.123353304139,78.09101939444402,112.25009360051081,25.343417778298672,86.90667582221214,74.74068565613902,9631532.0,0.007717211074227287
2021-09-02 00:00:00+05:30,3780.980346085654,3864.792861851936,3768.785200166942,3847.936279296875,525680,0.0,0.0,3567.2959716796877,3468.6062131469916,80.93719550623081,119.86739489416277,26.368575257560494,93.49881963660228,76.25975537248584,10157212.0,0.0177086170999377
2021-09-03 00:00:00+05:30,3865.7345875656288,3893.703667292056,3835.740915427478,3883.815673828125,426377,0.0,0.0,3591.4533081054688,3484.8889370952716,82.27276133830912,127.33152971767504,27.066168064858203,100.26536165281684,74.95282655049238,10583589.0,0.004677270478075537
2021-09-06 00:00:00+05:30,3902.8377203160303,3907.452024954499,3824.298898675343,3841.296875,312608,0.0,0.0,3613.8213623046877,3498.8657189738883,75.52029042235844,128.3366140208309,22.45700189441125,105.87961212641964,75.53856224539693,10270981.0,-0.01576823063784652
2021-09-07 00:00:00+05:30,3858.106405552347,3888.900624597288,3842.191537471648,3856.740966796875,259534,0.0,0.0,3635.450158691406,3512.900042417927,76.28176445316683,128.89355503962543,18.411154330564628,110.4824007090608,73.54321848481764,10530515.0,-0.0003539142294020162
2021-09-08 00:00:00+05:30,3842.003205359282,3849.6309476009424,3781.639271413575,3824.675537109375,236283,0.0,0.0,3655.4239013671877,3525.126532405827,71.32124534887114,125.30310640361449,11.856564555642947,113.44654184797155,73.65453826328067,10294232.0,-0.004510060852041074
2021-09-09 00:00:00+05:30,3822.2272686450383,3878.729855665545,3814.034406172145,3833.52783203125,295134,0.0,0.0,3676.391149902344,3537.220701018589,71.8651889757818,121.76828719362857,6.657396276525603,115.11089091710296,73.01460335114633,10589366.0,0.002956538842918596
2021-09-13 00:00:00+05:30,3833.528072956644,3863.851207299917,3822.2275088602273,3855.234619140625,171201,0.0,0.0,3698.6650512695314,3549.69183506259,73.20714108493962,119.3427647079925,3.3854990327116354,115.95726567528087,70.7723958574708,10760567.0,0.005662289611783055
2021-09-14 00:00:00+05:30,3858.2007652021366,3910.936728797772,3844.451654157624,3862.4384765625,419441,0.0,0.0,3723.2414306640626,3561.9564092390574,73.6562227310149,116.65706176050207,0.5598368681769585,116.09722489232512,70.46615862766201,11180008.0,0.0010983646570660954
2021-09-15 00:00:00+05:30,3865.92302496565,3893.985907553552,3833.763366162495,3848.171630859375,218163,0.0,0.0,3743.5377197265625,3573.1805355771094,71.1140265769937,112.08535738075989,-3.2094940092521824,115.29485139001207,69.7344716821902,10961845.0,-0.004591760878744483
2021-09-16 00:00:00+05:30,3848.171565717508,3879.860137252938,3804.334750466193,3835.646728515625,243636,0.0,0.0,3761.2678344726564,3583.4733274570513,68.86683145730143,106.22707419108156,-7.2542217591444285,113.48129595022598,70.1481084753727,10718209.0,-0.0032547502074658386
2021-09-17 00:00:00+05:30,3839.7432174735327,3875.151743350266,3805.464931926713,3815.6826171875,621517,0.0,0.0,3776.85791015625,3592.5795741131474,65.32347293321935,98.83410754973283,-11.71775072039452,110.55185827012735,70.11515868595701,10096692.0,-0.006266200348122249
2021-09-20 00:00:00+05:30,3799.8143760185226,3875.15146401889,3766.854400018362,3846.42919921875,291097,0.0,0.0,3785.7359130859377,3602.534461372191,68.04998605514251,94.36830139675658,-12.946845498696618,107.3151468954532,72.84243763699783,10387789.0,0.012267657992565106
2021-09-21 00:00:00+05:30,3825.429007815208,3871.902436853491,3816.765288523591,3838.0009765625,424258,0.0,0.0,3795.590954589844,3611.7684423600463,66.50630124243003,89.1216913339913,-14.55476444916954,103.67645578316083,71.57777411506224,9963531.0,0.0032864206136378206
2021-09-22 00:00:00+05:30,3844.075094853009,3865.734508665263,3813.092807929269,3821.94482421875,259937,0.0,0.0,3807.1881591796873,3620.010653413329,63.548779355798786,82.71463492880139,-16.76945668348756,99.48409161228895,70.22519744512879,9703594.0,-0.005756981871631517
2021-09-23 00:00:00+05:30,3823.35723715211,3837.906666370493,3783.33440893069,3806.736083984375,322858,0.0,0.0,3816.5841064453125,3627.333219318076,60.7911130509544,75.5390116304975,-19.156063985433164,94.69507561593066,69.1071303018912,9380736.0,-0.004347266587130506
2021-09-24 00:00:00+05:30,3804.523028713412,3860.037230597956,3795.105892503725,3807.25390625,373614,0.0,0.0,3821.8576904296874,3634.388932531093,60.85340052278222,69.09754886662813,-20.478021399442042,89.57557026607017,68.80885942991546,9754350.0,0.0007177976098390724
2021-09-27 00:00:00+05:30,3813.845894456797,3827.6892685875614,3766.854476822655,3775.89501953125,248898,0.0,0.0,3825.061877441406,3639.938190844825,55.14056165949476,60.761818713763205,-23.051001241845583,83.81281995560879,68.23928316812908,9505452.0,-0.00995081499771827
2021-09-28 00:00:00+05:30,3771.751205945606,3831.785447009821,3757.4843370922094,3770.29150390625,354948,0.0,0.0,3825.8764404296876,3645.0500854746847,54.16209238951023,53.09152952745853,-24.577032342520212,77.66856186997875,68.67227079309211,9150504.0,-0.00038700909992557634
2021-09-29 00:00:00+05:30,3749.903722281873,3785.594577347908,3728.3854735988807,3741.19287109375,332446,0.0,0.0,3824.711083984375,3648.8203907930797,49.27245260705431,44.15575356422869,-26.810246644600042,70.96600020882873,67.85347314708747,8818058.0,-0.0023229532898039855
2021-09-30 00:00:00+05:30,3740.486329095471,3760.2623142190873,3710.634054676691,3718.77978515625,217501,0.0,0.0,3821.5845703125,3651.5638964543805,45.839740820641175,34.863651540311366,-28.881878934813898,63.745530475125264,66.5516721753238,8600557.0,-0.005803134146053668
2021-10-01 00:00:00+05:30,3728.0557787569983,3728.0557787569983,3658.557270342136,3692.55322265625,181917,0.0,0.0,3813.8154174804686,3653.1713210113166,42.140150443597044,25.09406062082826,-30.921175883437613,56.01523650426587,66.76216047814799,8418640.0,-0.009523075352854694
2021-10-04 00:00:00+05:30,3682.100466105474,3736.013573953182,3654.790769553797,3665.9970703125,372752,0.0,0.0,3802.9244873046873,3653.6742915721475,38.73148700871811,15.035411016935996,-32.783860389863904,47.8192714067999,67.7950636153792,8045888.0,-0.00437342651054994
2021-10-05 00:00:00+05:30,3667.0329212524784,3677.627199722969,3640.194082460569,3655.920654296875,131731,0.0,0.0,3793.6556762695313,3653.762384228019,37.4922478146895,6.179542260310427,-33.311783317191576,39.491325577502,65.62635316159498,7914157.0,-0.003030315569626258
2021-10-06 00:00:00+05:30,3666.091454483265,3760.403990098409,3655.96803215198,3709.03369140625,409840,0.0,0.0,3786.2703125,3655.929886470303,47.10008572413627,3.4076988470601464,-28.866901384353483,32.27460023141363,68.40185192159063,8323997.0,0.011713356705946608
2021-10-07 00:00:00+05:30,3728.997692140073,3732.623151682933,3651.4474824524536,3673.248291015625,187556,0.0,0.0,3778.6989501953126,3656.609039589727,42.37420479382711,-1.6574833323402345,-27.145666851003092,25.488183518662858,69.31426744365412,8136441.0,-0.014950237497318861
2021-10-08 00:00:00+05:30,3686.808818711584,3699.992809378752,3622.6311275352696,3656.95654296875,316870,0.0,0.0,3769.8703857421874,3656.6226671732184,40.38740757856365,-6.906668834671564,-25.91588188266754,19.009213047995978,69.88908275792758,7819571.0,-0.008097050107758625
2021-10-11 00:00:00+05:30,3653.8487853803977,3673.389342673347,3607.8931154996894,3616.745361328125,253051,0.0,0.0,3757.9459228515625,3655.0588512577247,35.91179094389923,-14.148299671537643,-26.526010175626897,12.377710504089254,69.57530735905115,7566520.0,-0.010154614006121183
2021-10-12 00:00:00+05:30,3598.2875701968605,3648.904674854825,3592.637288746669,3642.5009765625,253262,0.0,0.0,3746.9490478515627,3654.5663855834023,40.462774543713,-17.606128887746763,-23.987071513468813,6.380942625722051,68.62474155541575,7819782.0,0.012287346551131978
2021-10-13 00:00:00+05:30,3645.750128090486,3667.127211847224,3629.835259389595,3657.333251953125,174222,0.0,0.0,3737.40712890625,3654.674890146921,42.974193159030804,-18.93141324093449,-20.24988469332523,1.3184714523907433,66.3866851912881,7994004.0,0.0031771579114517135
2021-10-14 00:00:00+05:30,3683.983547986856,3696.225824603377,3654.790426824384,3667.833251953125,299078,0.0,0.0,3729.016455078125,3655.1909043354,44.75092438587154,-18.916391999233383,-16.1878907612993,-2.728501237934082,64.60445037612415,8293082.0,-0.004383921867011757
2021-10-18 00:00:00+05:30,3729.1858967923354,3729.1858967923354,3602.0545594016867,3613.684814453125,256837,0.0,0.0,3718.9165649414062,3653.563214536095,38.14972278086908,-23.00858527711125,-16.224067231341735,-6.7845180457695164,69.07065659144735,8036245.0,-0.03097219756155326
2021-10-19 00:00:00+05:30,3635.34426144486,3642.877970397635,3559.677480186205,3574.650634765625,282932,0.0,0.0,3705.32763671875,3650.468603564704,34.229867647547565,-29.0663512074766,-17.825466529365666,-11.240884678110934,70.07993042144614,7753313.0,-0.016695427534313467
2021-10-20 00:00:00+05:30,3578.5116792929293,3689.0218621953127,3522.0088633040937,3542.7265625,523002,0.0,0.0,3690.563916015625,3646.2434254837353,31.389221807148324,-36.02787328570412,-19.82959088607455,-16.19828239962957,77.00372102642993,7230311.0,-0.01000000000000001
2021-10-21 00:00:00+05:30,3577.099111422404,3577.099111422404,3465.506049765552,3497.85400390625,335589,0.0,0.0,3674.359375,3640.424232480697,27.886159874213483,-44.651060519307975,-22.762222495742723,-21.888838023565253,79.47438821431724,6894722.0,-0.022153455928326998
2021-10-22 00:00:00+05:30,3516.3584930502625,3540.8430460281165,3437.254552660273,3474.923095703125,192033,0.0,0.0,3657.7687255859373,3633.933991822753,26.272563802789843,-52.72752113711795,-24.670946490842155,-28.05657464627579,81.19682429671198,6702689.0,-0.011783610069630412
2021-10-25 00:00:00+05:30,3474.9231498803083,3481.0914198818523,3406.8372112867232,3419.4091796875,289025,0.0,0.0,3638.3764892578124,3625.521254091959,22.8286543872059,-62.882809552465005,-27.860987924951374,-35.02182162751363,80.70092317517035,6413664.0,-0.01597559652354339
2021-10-26 00:00:00+05:30,3436.313197814397,3489.096295245536,3395.678344729105,3477.560302734375,326825,0.0,0.0,3623.459753417969,3619.718863842642,32.77016211044588,-65.48378285929721,-24.36956898542686,-41.11421387387035,81.60928227097469,6740489.0,0.01200330195344606
2021-10-27 00:00:00+05:30,3485.1877163352365,3513.721683955723,3466.8714330808284,3482.315673828125,441016,0.0,0.0,3609.0609619140623,3614.330503449916,33.52433318950739,-66.39598268071222,-20.225415045473497,-46.170567635238726,79.12649431411184,7181505.0,-0.0008240711091830367
2021-10-28 00:00:00+05:30,3507.883360601528,3511.367655138671,3441.021691177982,3467.29541015625,193658,0.0,0.0,3595.3660888671875,3608.564421359968,32.2921300001415,-67.5522174470334,-17.105319849435737,-50.44689759759766,78.49931357458163,6987847.0,-0.01157049601510063
2021-10-29 00:00:00+05:30,3466.447902851459,3492.7687530618764,3428.826488980564,3461.50390625,283538,0.0,0.0,3582.502294921875,3602.797342336048,31.806686061239887,-68.15027385821577,-14.162701008494487,-53.98757284972128,77.45952432506239,6704309.0,-0.0014262428687856373
2021-11-01 00:00:00+05:30,3478.68992390796,3484.340205321996,3438.2905037618207,3463.763671875,139766,0.0,0.0,3571.0628173828127,3597.3450415336542,32.2347475710994,-67.66192907229697,-10.939484978060548,-56.72244409423642,75.21596555614188,6844075.0,-0.0042907681798185935
2021-11-02 00:00:00+05:30,3465.694479709963,3491.497571301197,3453.311037351906,3468.237060546875,151547,0.0,0.0,3561.1748168945314,3592.2819834557413,33.1296097633547,-66.1513951257748,-7.5431608252307,-58.6082343005441,72.5710061556525,6995622.0,0.000733642521519849
2021-11-03 00:00:00+05:30,3479.6320961595966,3484.152367868792,3407.1672734544354,3418.279541015625,185296,0.0,0.0,3549.292761230469,3585.458358262011,28.589155163642644,-68.19928153910314,-7.6728377908472325,-60.52644374825591,72.88629817413138,6810326.0,-0.01763190861806489
2021-11-04 00:00:00+05:30,3418.279541015625,3418.279541015625,3418.279541015625,3418.279541015625,0,0.0,0.0,3534.7550537109373,3578.9023262131336,28.58915516364264,-69.02655116163578,-6.800085930703894,-62.226465230931886,67.68013401883627,6810326.0,0.0
2021-11-08 00:00:00+05:30,3452.322239361311,3511.509034201655,3409.003411480618,3501.0087890625,336938,0.0,0.0,3526.1430786132814,3575.8476776974226,43.468969064002756,-62.28858533895027,-0.04969608641469847,-62.23888925253557,70.16766892613633,7147264.0,0.014102550783381159
2021-11-09 00:00:00+05:30,3380.7517685296702,3426.8957341725545,3329.09868645296,3410.510009765625,1399094,0.0,0.0,3513.820751953125,3569.36384758245,34.901607646316926,-63.518986699970355,-1.0240779579478243,-62.49490874202253,77.43498561780804,5748170.0,0.008802255614554326
2021-11-10 00:00:00+05:30,3417.902604179719,3503.17482224635,3390.1691828190483,3482.927978515625,706755,0.0,0.0,3507.1298828125,3565.974205658261,44.35303744358985,-57.98218129393217,3.610181958472289,-61.59236325240446,79.97574660420044,6454925.0,0.01902493484056184
2021-11-11 00:00:00+05:30,3483.4931870072623,3501.2914837041453,3421.528380501283,3431.03955078125,298625,0.0,0.0,3496.5568115234373,3560.6826505650447,39.88473264494849,-57.12271053816676,3.5757221713901615,-60.69843270955692,79.96055778981913,6156300.0,-0.015057769144390462
2021-11-12 00:00:00+05:30,3454.770655301864,3486.1766663735,3429.01469600207,3472.99267578125,275060,0.0,0.0,3487.3397827148438,3557.2438280245037,44.73276642711894,-52.45167691996721,6.597404631671765,-59.04908155163898,78.3320872599342,6431360.0,0.005274451562051377
2021-11-15 00:00:00+05:30,3484.340426975366,3529.166087675811,3459.855872623647,3524.45751953125,320669,0.0,0.0,3480.17099609375,3555.958090436533,50.05400299802814,-44.08883766730378,11.968195107468162,-56.05703277477194,77.68766781652205,6752029.0,0.011513539907094633
2021-11-16 00:00:00+05:30,3532.367637712313,3540.843059930231,3466.447687128505,3475.62939453125,199179,0.0,0.0,3473.2682250976563,3552.807945499071,45.57092065415035,-40.929439817869024,12.102074365522334,-53.03151418339136,77.45250388689374,6552850.0,-0.016062383364436158
2021-11-17 00:00:00+05:30,3475.629470438289,3484.2931895792663,3397.514373272568,3404.341796875,250996,0.0,0.0,3464.752783203125,3546.985743592245,39.94573418372404,-43.67445567686946,7.485646805217527,-51.160102482086984,78.11866905973693,6301854.0,-0.02051072307034483
2021-11-18 00:00:00+05:30,3432.357704523469,3432.357704523469,3347.791779004208,3363.42431640625,248828,0.0,0.0,3455.7876708984377,3539.7872562516177,37.113915255274705,-48.59146704907016,2.0549083464134625,-50.64637539548362,78.57918737827436,6053026.0,-0.020083392831222742
2021-11-22 00:00:00+05:30,3379.810141474226,3417.007829016224,3361.9175829097203,3372.841552734375,364653,0.0,0.0,3449.5370483398438,3533.2403659176084,38.19980120451531,-51.1388449464248,-0.39397564075293445,-50.74486930567186,76.90140585886218,6417679.0,-0.0020618284602256765
2021-11-23 00:00:00+05:30,3369.262886673338,3456.088832616919,3365.684329093425,3448.6962890625,365672,0.0,0.0,3448.2257080078125,3529.9249119232904,46.25073255947978,-46.500784903118074,3.395267522043028,-49.8960524251611,77.8659128349073,6783351.0,0.02357589925777238
2021-11-24 00:00:00+05:30,3446.671669392629,3459.855659384841,3399.585990849014,3412.157958984375,149025,0.0,0.0,3447.863146972656,3525.3066000433328,43.32303759176919,-45.251792283931536,3.7154081129836527,-48.96720039691519,76.60903824211589,6634326.0,-0.010013634520150317
2021-11-25 00:00:00+05:30,3400.0570523123943,3421.9990258166986,3358.150795885888,3365.119384765625,232784,0.0,0.0,3442.241101074219,3519.0247484638153,39.82774847943711,-47.50991176744401,1.1658309035769463,-48.675742671020956,75.69755193416552,6401542.0,-0.01027561214686324
2021-11-26 00:00:00+05:30,3352.5004709009963,3423.223255383381,3327.968785237153,3348.074462890625,372530,0.0,0.0,3435.5290405273436,3512.320815696239,38.61208598459598,-50.09737907056797,-1.1373091196376066,-48.96006995093036,77.09447466359853,6029012.0,-0.0013202110033356171
2021-11-29 00:00:00+05:30,3343.0832429147263,3343.0832429147263,3266.8987054840704,3322.9306640625,281082,0.0,0.0,3428.3108032226564,3504.8937509262887,36.82639215620946,-53.559459866192356,-3.679511932209593,-49.87994793398276,77.38599485952396,5747930.0,-0.006028141505281779
2021-11-30 00:00:00+05:30,3309.1817235315893,3357.209119063778,3297.033709567082,3338.845703125,633377,0.0,0.0,3422.1778930664063,3498.382062777219,38.75703284838651,-54.3919763493318,-3.6096227322792274,-50.78235361705257,76.15666733360767,6381307.0,0.00896414342629482
2021-12-01 00:00:00+05:30,3343.554493306255,3396.4787572871915,3322.3659350470266,3329.193359375,312855,0.0,0.0,3415.4493774414063,3491.7472116634062,37.99855549640925,-55.194368806499824,-3.5296121515577994,-51.664756654942025,76.01067839836176,6068452.0,-0.004295169694409325
2021-12-02 00:00:00+05:30,3333.6661455240496,3397.043516815133,3324.2490095197445,3369.922119140625,377041,0.0,0.0,3410.5336303710938,3486.96975705467,43.062014334831176,-51.945010336579344,-0.2242029453098482,-51.720807391269496,75.78095189100652,6445493.0,0.010875706214689343
2021-12-03 00:00:00+05:30,3349.675315330417,3384.0007304795395,3343.083320051442,3346.61474609375,313990,0.0,0.0,3406.950390625,3481.465638977771,40.9985779031439,-50.66652835577543,0.8434232283952596,-51.509951584170686,73.29069892937017,6131503.0,-0.0009136913129042201
2021-12-06 00:00:00+05:30,3348.7337112315377,3372.3708156119333,3286.5806108543493,3292.419189453125,165986,0.0,0.0,3400.657373046875,3474.052052721903,36.60613913252154,-53.41076461729472,-1.5206504264992233,-51.890114190795494,74.18352077424258,5965517.0,-0.01681666165020398
2021-12-07 00:00:00+05:30,3297.928232324051,3323.3073684272663,3264.9211239267024,3271.701416015625,254445,0.0,0.0,3389.192004394531,3466.1167336353824,35.059780586498036,-56.60483746543923,-3.7717786197149863,-52.833058845724246,73.05514389755125,5711072.0,-0.007952512747660324
2021-12-08 00:00:00+05:30,3286.533443925765,3373.641954883365,3279.988580165656,3367.33251953125,326189,0.0,0.0,3387.0331298828123,3462.242842886201,46.32991996193075,-50.83355480145201,1.5996032354177885,-52.4331580368698,75.1183863954219,6037261.0,0.024584893774569527
2021-12-09 00:00:00+05:30,3357.209183026584,3422.6111504417217,3356.267469370756,3412.676025390625,284117,0.0,0.0,3383.5205322265624,3460.299046121668,50.69883250446326,-42.11544905824712,8.254167182898144,-50.369616241145266,74.49162172938932,6321378.0,0.016521711737377244
2021-12-10 00:00:00+05:30,3412.675598190349,3429.7207051913447,3394.312184200445,3420.727294921875,190379,0.0,0.0,3383.004919433594,3458.7472127412843,51.45448851763116,-34.16280967793591,12.965445250567484,-47.128254928503395,71.69997167664008,6511757.0,0.002359350163782264
2021-12-13 00:00:00+05:30,3428.77924299569,3445.118066040924,3368.4624404868364,3379.57470703125,311904,0.0,0.0,3378.334020996094,3455.642408595793,47.45107489747013,-30.825617064375365,13.042110291302428,-43.86772735567779,72.05394695360063,6199853.0,-0.014350453172205496
2021-12-14 00:00:00+05:30,3371.334574525621,3387.7674303104054,3336.5383041589243,3371.0048828125,297867,0.0,0.0,3370.6613891601564,3452.3232899376244,46.63730782024182,-28.543351084712413,12.259501016772305,-40.80285210148472,70.56645975344924,5901986.0,-9.77926414103992e-05
2021-12-15 00:00:00+05:30,3362.8591383909743,3370.9579670088337,3316.244316954303,3335.1728515625,152079,0.0,0.0,3363.638562011719,3447.729155099384,43.29407427186464,-29.28836625922486,9.211588673807888,-38.49995493303275,69.43746733235979,5749907.0,-0.008232960611523366
2021-12-16 00:00:00+05:30,3343.0834172939544,3363.4714256070315,3330.511448253429,3353.065673828125,121782,0.0,0.0,3361.074755859375,3444.0168617161976,45.3989494453801,-28.110949405995143,8.311204421630087,-36.42215382762523,66.83193233387712,5871689.0,0.002985943001760534
2021-12-17 00:00:00+05:30,3339.3164984703885,3348.733634675889,3295.997671925087,3330.04052734375,307396,0.0,0.0,3359.40556640625,3439.5472015447294,43.17785414501912,-28.704882936765443,6.173816712687831,-34.878699649453274,66.13450873167432,5564293.0,-0.0027778053176113994
2021-12-20 00:00:00+05:30,3316.715592020816,3324.249301485939,3230.172196504431,3269.53564453125,382144,0.0,0.0,3354.240270996094,3432.880081661848,37.92686583932077,-33.669694640369016,0.9672040072674051,-34.63689864763642,68.54406745364892,5182149.0,-0.014224899959185276
2021-12-21 00:00:00+05:30,3271.418684297049,3334.9374486275715,3259.317802848757,3301.412353515625,222991,0.0,0.0,3346.87607421875,3427.7244844796433,41.93344556912933,-34.63293278386482,0.0031726910172835687,-34.6361054748821,69.04946590544648,5405140.0,0.009168398212844781
2021-12-22 00:00:00+05:30,3316.715448481511,3332.347986909332,3281.4954502205187,3293.172607421875,257611,0.0,0.0,3340.926806640625,3422.4479402812995,41.193292312968644,-35.65023092902402,-0.811300363313535,-34.838930565710484,67.74968524711555,5147529.0,-0.007098239636570142
2021-12-23 00:00:00+05:30,3298.9170323876174,3352.5004447224733,3297.881055454523,3347.415283203125,163291,0.0,0.0,3340.0416015625,3419.505483140979,47.733566167127975,-31.713937892920512,2.499994138231976,-34.21393203115249,67.14812467950718,5310820.0,0.014701264184387997
2021-12-24 00:00:00+05:30,3352.500624432745,3357.209192725488,3313.890364432256,3334.890625,136780,0.0,0.0,3339.3824096679687,3416.18725340996,46.44900455396427,-29.267653258126757,3.9570230184205855,-33.22467627654734,65.44603208048751,5174040.0,-0.005252795272998576
2021-12-27 00:00:00+05:30,3333.6659474900293,3337.9507900995595,3302.3068404764485,3308.427978515625,94111,0.0,0.0,3338.657275390625,3411.961399492535,43.768917276080295,-29.1284943235446,3.2769455624021973,-32.4054398859468,63.31731190496062,5079929.0,-0.007570635262182286
2021-12-28 00:00:00+05:30,3325.1907321654226,3354.3838538581804,3306.450723430097,3343.6953125,99497,0.0,0.0,3338.899755859375,3409.2842980418473,48.0694246741182,-25.874169435035128,5.225016360729338,-31.099185795764466,62.2184417994694,5179426.0,0.005564968095086363
2021-12-29 00:00:00+05:30,3343.695258757128,3361.729211910899,3319.728693928298,3352.123779296875,163737,0.0,0.0,3340.046276855469,3407.042709071456,49.07187208463588,-22.357266037904992,6.993535806287582,-29.350801844192574,60.77430438397879,5343163.0,0.0025207203071729014
2021-12-30 00:00:00+05:30,3361.917740749277,3376.9851591952124,3320.529471687711,3365.59033203125,167005,0.0,0.0,3339.8296875,3405.417125658115,50.70905844410454,-18.2728188158967,8.862386422636703,-27.135205238533402,60.46583174994469,5510168.0,0.0010924096200980841
2021-12-31 00:00:00+05:30,3376.9850634142745,3412.016764325363,3361.023063432952,3395.8193359375,244207,0.0,0.0,3342.2899169921875,3405.0407417475026,54.26337878902391,-12.453085566065056,11.745695737974678,-24.198781304039734,59.789250974406585,5754375.0,0.005577244841048628
2022-01-03 00:00:00+05:30,3399.5863049633595,3414.6537234895127,3373.4066192920554,3406.6962890625,149689,0.0,0.0,3348.003771972656,3405.1056651716203,55.50661319934069,-6.883872821141722,13.851926786318412,-20.735799607460134,58.4648119189102,5904064.0,0.002091426268178586
2022-01-04 00:00:00+05:30,3411.828256903216,3431.4630767604567,3399.585980519075,3426.377685546875,317247,0.0,0.0,3355.737585449219,3405.9398620490815,57.74482991588844,-0.8720548789742679,15.890995782788693,-16.76305066176296,56.56568937051532,6221311.0,0.0042644082726676176
2022-01-05 00:00:00+05:30,3425.9542640421223,3473.981660267012,3421.292827449465,3446.389404296875,245395,0.0,0.0,3359.6904296875,3407.5261186078187,59.950867690467135,5.444373265219383,17.765939141585875,-12.321565876366492,56.28877104530329,6466706.0,0.0059648024111805375
2022-01-06 00:00:00+05:30,3446.3893178877884,3472.051014246904,3414.465317867642,3460.891845703125,340345,0.0,0.0,3362.101220703125,3409.6188922193996,61.5187854304782,11.487987527234964,19.047642722881164,-7.559655195646203,56.38140856915746,6807051.0,0.0042080352733407655
2022-01-07 00:00:00+05:30,3470.2146286307207,3523.8923040260943,3468.19003634757,3519.513427734375,241905,0.0,0.0,3367.04052734375,3413.928481847438,67.1219933713398,20.768461227577973,22.66249313857934,-1.8940319110013677,56.854197837286875,7048956.0,0.01420626802069205
2022-01-10 00:00:00+05:30,3519.5134337344616,3557.793999814836,3510.614056238461,3548.659423828125,351447,0.0,0.0,3375.494763183594,3419.212048199622,69.49990246670208,30.12784673558008,25.617502917265156,4.510343818314921,56.163179675793145,7400403.0,0.008281255532170921
2022-01-11 00:00:00+05:30,3548.6595275093136,3579.406385647754,3520.2198217885025,3525.163818359375,206008,0.0,0.0,3383.2027099609377,3423.367019578436,65.39389800463479,35.24306803083164,24.586179370013372,10.656888660818264,56.37913568889733,7194395.0,-0.006621009698957935
2022-01-12 00:00:00+05:30,3531.426194437998,3540.607902543537,3475.8650889788405,3484.52880859375,311095,0.0,0.0,3390.6705078125,3425.7655211084484,58.91152660681184,35.60755039730884,19.960529389192462,15.64702100811638,56.97654125145441,6883300.0,-0.013280013020833247
2022-01-13 00:00:00+05:30,3484.528691825104,3540.7960806375954,3476.1475325687197,3530.531494140625,129143,0.0,0.0,3399.543798828125,3429.873990639122,63.341843626829736,39.157059356010905,18.808030678315617,20.349028677695287,57.52454173841307,7012443.0,0.013202015648040457
2022-01-14 00:00:00+05:30,3530.53163779041,3536.0405247469366,3479.914528640173,3495.688232421875,97013,0.0,0.0,3407.8261840820314,3432.454941297269,58.2212899550587,38.71225992038126,14.690584994148775,24.021674926232482,57.424645621866674,6915430.0,-0.009869166727066033
2022-01-17 00:00:00+05:30,3481.515154284569,3496.394275040196,3430.0505983770936,3451.521484375,170221,0.0,0.0,3416.9254760742188,3433.202648868945,52.43489672622329,34.399331630374945,8.30212536331397,26.097206267060976,58.06171926766923,6745209.0,-0.008615119733905713
2022-01-18 00:00:00+05:30,3454.2055704696813,3479.349278231175,3400.622157264948,3410.79248046875,168104,0.0,0.0,3422.394482421875,3432.323818735604,47.724469699094136,27.37920423536616,1.0255983746441437,26.353605860722016,59.5378193889948,6577105.0,-0.012568183657647305
2022-01-19 00:00:00+05:30,3409.0033731029284,3416.113357059329,3357.2091229591,3367.23828125,129227,0.0,0.0,3426.097766113281,3429.771444716561,43.25004358984921,18.092681646494384,-6.608739371382107,24.70142101787649,59.49256329694007,6447878.0,-0.012251408192334287
2022-01-20 00:00:00+05:30,3380.7516861932672,3412.7699472881336,3368.038553111482,3395.0185546875,173547,0.0,0.0,3428.4779296875,3428.408586284049,46.68362990497541,12.826821867931358,-9.499679319956108,22.326501187887466,58.495356349882464,6621425.0,0.004220028508008315
2022-01-21 00:00:00+05:30,3395.8194638703526,3417.4788780880504,3367.285493940577,3407.402587890625,162594,0.0,0.0,3432.1035278320314,3427.5848216411696,48.18856689572104,9.542873728646555,-10.226901967392731,19.769775696039286,57.90235833542467,6784019.0,0.0034109952379714125
2022-01-24 00:00:00+05:30,3399.586303294584,3415.1717103070355,3300.70636926524,3318.457763671875,240598,0.0,0.0,3432.605017089844,3423.3053291717856,39.553170119930606,-0.23408442332765844,-16.003088095493556,15.769003672165898,61.94257138587973,6543421.0,-0.023864238876385127
2022-01-25 00:00:00+05:30,3297.881357439239,3357.6330453604714,3230.313399873201,3333.00732421875,306411,0.0,0.0,3432.0706176757812,3419.764230938333,41.40298247804049,-6.730778038106109,-17.999825368217607,11.269047330111496,66.61236239312193,6849832.0,0.010651070482046084
2022-01-27 00:00:00+05:30,3328.95761840487,3328.95761840487,3235.398279088876,3290.488525390625,353612,0.0,0.0,3428.9888549804687,3414.6945954266585,37.7657729562005,-15.135889146650698,-21.123949181409756,5.988060034759058,68.8264111600328,6496220.0,-0.011555897498231977
2022-01-28 00:00:00+05:30,3290.4886435679587,3385.4605567128465,3290.4886435679587,3305.085205078125,249034,0.0,0.0,3425.9635986328126,3410.39618796201,39.723457882886,-20.38419389597584,-21.09780314458792,0.7136092486120784,70.693955457332,6745254.0,0.004435985986062825
2022-01-31 00:00:00+05:30,3305.4148336093235,3424.070750713248,3305.4148336093235,3329.240234375,462842,0.0,0.0,3422.6346435546875,3407.213601546833,42.92317425488196,-22.336918141468686,-18.44042191206461,-3.8964962294040753,74.14335475574563,7208096.0,0.007207991119123921
2022-02-01 00:00:00+05:30,3352.500584546058,3493.757631647717,3338.4220115003704,3443.47021484375,631482,0.0,0.0,3424.47333984375,3408.6354295192614,55.069867633871446,-14.49991541160989,-8.482735345764652,-6.017180065845238,80.59864350695787,7839578.0,0.027134858892205047
2022-02-02 00:00:00+05:30,3456.0890237281046,3456.0890237281046,3394.689341005291,3409.9921875,209928,0.0,0.0,3423.6540649414064,3408.6886357145845,51.60374505189171,-10.865184224337554,-3.878403326793852,-6.986780897543702,79.22728916523327,7629650.0,-0.01333786135473434
2022-02-03 00:00:00+05:30,3410.886721597852,3439.138130114676,3347.7919092436123,3354.760498046875,203975,0.0,0.0,3419.072619628906,3406.573806786439,46.41350545010721,-12.299587333426643,-4.250245148706352,-8.049342184720292,80.09292714422116,7425675.0,-0.016455024201063
2022-02-04 00:00:00+05:30,3374.583990696004,3384.2365563452945,3333.666575462345,3354.38427734375,162672,0.0,0.0,3413.7472412109373,3404.527158573,46.37928629410978,-13.31325310366401,-4.2111287351549755,-9.102124368509035,77.98414526841604,7263003.0,-0.00598583807898879
2022-02-07 00:00:00+05:30,3354.336853119129,3371.1465335528574,3239.4949207339423,3247.59375,279194,0.0,0.0,3400.151257324219,3398.3729072564124,37.84915308808586,-22.4746201692642,-10.697996640604131,-11.776623528660068,81.8175358077374,6983809.0,-0.03182241611180786
2022-02-08 00:00:00+05:30,3240.436798155877,3286.580768835807,3219.1539768576413,3270.995361328125,363856,0.0,0.0,3386.2680541992186,3393.377709376872,40.43453098668227,-27.529413175462196,-12.6022317174417,-14.927181458020495,80.78962553419655,7347665.0,0.009430383949978187
2022-02-09 00:00:00+05:30,3304.4732688112904,3334.325546175236,3270.995301852762,3312.336669921875,172750,0.0,0.0,3375.6266967773436,3390.1996293982447,44.802872641260535,-27.87811341300494,-10.360745563987557,-17.517367849017383,79.54252687621636,7520415.0,0.002379623156526032
2022-02-10 00:00:00+05:30,3316.715383584077,3337.291918231805,3281.871979497589,3328.533935546875,172088,0.0,0.0,3367.826953125,3387.78136689427,46.4595806397547,-26.541522741130848,-7.219323913690772,-19.322198827440076,77.81948486607348,7692503.0,0.0035633301613076495
2022-02-11 00:00:00+05:30,3295.055966846453,3304.802794808634,3229.1360132370646,3277.681396484375,340217,0.0,0.0,3355.1844482421875,3383.463720995843,42.17919050505142,-29.248481624379565,-7.94102623755159,-21.307455386827975,79.3608018263404,7352286.0,-0.005272921169441131
2022-02-14 00:00:00+05:30,3228.194279608409,3253.620547271603,3190.572866585165,3199.94287109375,209831,0.0,0.0,3340.397180175781,3376.2668249212506,36.62418628748883,-37.23736617518625,-12.743928630686622,-24.49343754449963,79.91421097440254,7142455.0,-0.008751458576429305
2022-02-15 00:00:00+05:30,3225.369231204457,3286.5806180740306,3201.8263901007745,3275.185791015625,209065,0.0,0.0,3331.5803955078127,3372.302862807305,44.274111351613975,-37.06982209814532,-10.061107642916554,-27.00871445522877,80.39446354625096,7351520.0,0.015445226961678766
2022-02-16 00:00:00+05:30,3277.1637375433274,3294.868001417918,3234.786620247509,3260.212890625,190567,0.0,0.0,3324.051416015625,3367.907177623685,43.15771839592552,-37.71052666042078,-8.561449764153608,-29.149076896267175,78.94352909083369,7160953.0,-0.0051724137931034135
2022-02-17 00:00:00+05:30,3279.6118872100137,3279.98848068716,3230.0776597062754,3262.190185546875,173362,0.0,0.0,3318.7990112304688,3363.761413228516,43.36082980331638,-37.62502064951332,-6.780755002596912,-30.844265646916405,76.86976422583733,7334315.0,-0.005312122977441538
2022-02-18 00:00:00+05:30,3248.9118977440176,3291.2890094537224,3243.402781257538,3278.717041015625,121161,0.0,0.0,3312.983935546875,3360.426339808403,45.12578858416269,-35.81087196369435,-3.9732850534223587,-31.837586910271995,74.79951165229068,7455476.0,0.009173884737318845
2022-02-21 00:00:00+05:30,3231.11362210734,3295.997597126556,3230.0776451840243,3272.690185546875,138287,0.0,0.0,3306.2483154296874,3356.985706307951,44.580225250206404,-34.46220409095895,-2.099693744549562,-32.36251034640939,74.16525738730788,7317189.0,0.012867564654819811
2022-02-22 00:00:00+05:30,3206.5349828907424,3294.114352467494,3206.5349828907424,3286.34521484375,246372,0.0,0.0,3304.642687988281,3354.2154909564138,46.168207893827955,-31.923533715806116,0.35118130448261553,-32.27471502028873,75.12340825798242,7563561.0,0.02488986784140973
2022-02-23 00:00:00+05:30,3293.8789317408896,3324.2491970682127,3267.7463778545884,3306.497802734375,326853,0.0,0.0,3303.3172119140627,3352.3442090653534,48.51298507729471,-27.96313215179589,3.449266294794274,-31.412398446590164,73.7933661833854,7890414.0,0.0038310063165606567
2022-02-24 00:00:00+05:30,3239.024124898263,3299.7646558056445,3215.0104266325543,3245.145263671875,529995,0.0,0.0,3301.050048828125,3348.1403288538445,42.450728797405795,-29.435804901198026,1.581274836313714,-31.01707973751174,75.0572240347022,7360419.0,0.0018898095653438018
2022-02-25 00:00:00+05:30,3234.7864808256795,3243.2619039195456,3155.117411779109,3223.25048828125,722637,0.0,0.0,3296.9583129882812,3343.242688047076,40.50544769616783,-32.00074933828682,-0.7869356806200649,-31.21381365766676,76.1265545959925,6637782.0,-0.0035662299854440334
2022-02-28 00:00:00+05:30,3206.534844949741,3239.4948213295474,3133.410875031333,3227.67626953125,426929,0.0,0.0,3291.8801147460936,3338.7106716346907,41.09306928806364,-33.29258651163764,-1.6630182831767009,-31.629568228460936,78.26636828900835,7064711.0,0.006593230887481707
2022-03-02 00:00:00+05:30,3221.5553665113507,3221.5553665113507,3175.2230994533206,3194.057373046875,416582,0.0,0.0,3279.40947265625,3333.037993258698,38.02105716343399,-36.60715625006378,-3.982070417282273,-32.62508583278151,76.42256841678844,6648129.0,-0.00853562653317162
2022-03-03 00:00:00+05:30,3206.5348072279667,3239.0710580822424,3154.740559240437,3170.1845703125,429892,0.0,0.0,3267.419091796875,3326.6515845157096,35.96498269810255,-40.691248927070774,-6.452930475431408,-34.238318451639365,76.98742059000394,6218237.0,-0.011336298871145348
2022-03-04 00:00:00+05:30,3154.7409995618814,3196.976952370994,3084.112469720944,3174.8466796875,331936,0.0,0.0,3258.4234008789062,3320.698450993035,36.685068953909294,-43.055412539516965,-7.0536752703020795,-36.001737269214885,79.55006788000722,6550173.0,0.006373163479477657
2022-03-07 00:00:00+05:30,3107.654903626988,3108.172892093035,2955.6152877331647,2969.646728515625,711477,0.0,0.0,3239.1865234375,3306.9317167782347,23.929878216118173,-60.78624438019233,-19.827605688781958,-40.95863869141037,89.52730531388781,5838696.0,-0.0444091057054925
2022-03-08 00:00:00+05:30,2933.437884195604,2994.6492686170213,2872.2264997741872,2932.2607421875,541966,0.0,0.0,3223.419873046875,3292.2387373825195,22.40163127473549,-76.96755889829046,-28.807136165504076,-48.16042273278639,91.87698128024111,5296730.0,-0.00040128410914923714
2022-03-09 00:00:00+05:30,2960.747654488488,2985.2322088831124,2913.379412889083,2941.772216796875,483468,0.0,0.0,3206.9587158203126,3278.494952261514,23.736061801388058,-88.00935367840793,-31.879144756497233,-56.1302089219107,90.44668233122599,5780198.0,-0.006409002017732344
2022-03-10 00:00:00+05:30,3037.026506220683,3058.685920063497,2961.501117846547,3035.095947265625,490457,0.0,0.0,3193.0966796875,3268.949893242067,35.46291853764243,-88.21274882568378,-25.66603192301846,-62.54671690266532,92.33718382661142,6270655.0,-0.0006356740552325786
2022-03-11 00:00:00+05:30,3060.569349932364,3066.784751961065,3006.703375355665,3013.389404296875,362091,0.0,0.0,3177.339453125,3258.927913283432,34.147673223560126,-89.09840658443864,-21.241351745418655,-67.85705483901998,90.03319759652491,5908564.0,-0.015415414663461706
2022-03-14 00:00:00+05:30,3013.3893397820825,3027.6093074984738,2961.783617007285,3000.158447265625,335292,0.0,0.0,3163.4633056640623,3248.780091086656,33.336091518242306,-89.83239249382632,-17.580270123845068,-72.25212236998125,88.30408994614376,5573272.0,-0.004390701308253226
2022-03-15 00:00:00+05:30,3000.299471531788,3059.627427183547,2996.2029254868544,3035.001708984375,258636,0.0,0.0,3155.2162475585938,3240.396625121861,37.545736310085864,-86.60420225730559,-11.481663909859464,-75.12253834744612,86.52697649975438,5831908.0,0.01156625789587256
2022-03-16 00:00:00+05:30,3054.919254003069,3124.935759819064,3043.854117987491,3120.509521484375,239522,0.0,0.0,3147.4824340820314,3235.695170077254,46.47794983769981,-76.2669148667851,-0.9155012154711812,-75.35141365131392,86.77033895224972,6071430.0,0.02147037680140272
2022-03-17 00:00:00+05:30,3128.372377186013,3166.040918753575,3108.172667752515,3160.343505859375,436218,0.0,0.0,3142.48896484375,3232.740202853023,50.06112773455325,-64.12112211932026,8.98423322559492,-73.10535534491518,84.70590409859334,6507648.0,0.010219732441864868
2022-03-21 00:00:00+05:30,3154.7403684713186,3154.7403684713186,3041.7347433320474,3048.8447265625,354460,0.0,0.0,3131.8216918945313,3225.528615547513,41.65487387709247,-62.76895210872908,8.269122588948875,-71.03807469767796,87.12753684350294,6153188.0,-0.033567149603544726
2022-03-22 00:00:00+05:30,3041.735140033792,3060.5694133466945,2949.68262921698,2974.308349609375,583821,0.0,0.0,3116.6012573242188,3215.6768404126838,37.16237310000943,-66.94016576496824,3.2783271461677828,-70.21849291113602,88.82462593537521,5569367.0,-0.022167212896671857
2022-03-23 00:00:00+05:30,2982.783704291267,2988.857941224022,2911.7785874919414,2921.43115234375,1044283,0.0,0.0,3099.0383056640626,3204.137793821745,34.33342910052591,-73.66348375882444,-2.755992678150733,-70.90749108067371,87.98567792085416,4525084.0,-0.020568890683977648
2022-03-24 00:00:00+05:30,2907.070264217906,2947.5639543252496,2900.99625668392,2922.938232421875,459226,0.0,0.0,3080.867956542969,3193.1103600413585,34.486504101465194,-77.97134777901647,-5.651085358674209,-72.32026242034226,85.02725075803097,4984310.0,0.00545840546039853
2022-03-25 00:00:00+05:30,2928.7293736871866,2940.736222405679,2894.921946514633,2914.1328125,339040,0.0,0.0,3061.24970703125,3182.1700640593444,33.987982767637014,-81.16031920992646,-7.072045431667348,-74.08827377825911,82.22632398181779,4645270.0,-0.00498392282958187
2022-03-28 00:00:00+05:30,2914.1327231421847,2937.1575745848054,2881.6907357385294,2914.415283203125,310240,0.0,0.0,3044.7132080078127,3171.669876574787,34.02093226344911,-82.71136390215725,-6.898472099118507,-75.81289180303874,80.31493218642194,4955510.0,9.696197386496127e-05
2022-03-29 00:00:00+05:30,2930.612630293086,2951.330328836289,2910.0832284818043,2922.890625,359318,0.0,0.0,3029.69521484375,3161.913827493423,35.06818571633625,-82.30789457008404,-5.196002213636248,-77.1118923564478,77.52437276985499,5314828.0,-0.002634945749317216
2022-03-30 00:00:00+05:30,2941.5837008400654,2975.815083399724,2933.10827813418,2964.89111328125,450273,0.0,0.0,3016.55595703125,3154.1874465439264,40.13893207715809,-77.70333811288947,-0.4731566051533349,-77.23018150773613,75.76723602913133,5765101.0,0.007923423166414891
2022-03-31 00:00:00+05:30,2965.739027392432,3030.905570021626,2963.85559997592,3019.5107421875,413897,0.0,0.0,3007.8286254882814,3148.9060071574,46.04042584181603,-68.8531501141565,6.7016251148637025,-75.55477522902021,75.14457417317236,6178998.0,0.018130966446614723
2022-04-01 00:00:00+05:30,3022.900630118837,3049.1743473696706,3005.6200937425688,3042.346923828125,260712,0.0,0.0,3001.4367431640626,3144.72721957586,48.333843106921876,-59.31290115106367,12.993499262365233,-72.3064004134289,72.88812270559589,6439710.0,0.006432991384345829
2022-04-04 00:00:00+05:30,3041.7347781680046,3085.430195091405,3027.609074863819,3079.4033203125,275388,0.0,0.0,2996.6645751953124,3142.165498036121,51.9059947689124,-48.20635080628517,19.280039685714996,-67.48639049200017,71.8119082428809,6715098.0,0.012383900928792567
2022-04-05 00:00:00+05:30,3088.820682644819,3121.7335277780853,3081.192710336262,3110.856689453125,236853,0.0,0.0,3003.7250732421876,3140.9377016211015,54.76482692287744,-36.44617677786118,24.832170971311193,-61.278347749172376,69.70607247307407,6951951.0,0.00713411656821642
2022-04-06 00:00:00+05:30,3090.7041920042366,3102.946469425338,3064.948231773312,3091.175048828125,245111,0.0,0.0,3011.670788574219,3138.9862250409847,52.655610364238775,-28.387069577211605,26.31302253756862,-54.700092114780226,68.00624284498402,6706840.0,0.00015234613040825747
2022-04-07 00:00:00+05:30,3084.112055140605,3128.37259455789,3075.30694097316,3102.098876953125,302703,0.0,0.0,3019.687121582031,3137.539662370873,53.72098368287349,-20.878038392062535,27.05764297817415,-47.935681370236686,66.93905789782299,7009543.0,0.005832090887404469
2022-04-08 00:00:00+05:30,3095.4126719044225,3158.790044573228,3095.4126719044225,3152.762939453125,168952,0.0,0.0,3025.5704711914063,3138.1366536290006,58.39692025188409,-10.715390302363176,29.776232854298804,-40.49162315666198,66.68465181003603,7178495.0,0.018527502994752008
2022-04-11 00:00:00+05:30,3152.7630706378886,3173.575034490015,3104.877068968849,3155.352783203125,186130,0.0,0.0,3032.6686401367188,3138.811795965241,58.6270428617858,-2.4244916958768954,30.45370516862807,-32.878196864504964,66.82845993225959,7364625.0,0.0008214104603529247
2022-04-12 00:00:00+05:30,3145.3234525532303,3168.7720294418773,3109.8208954930474,3149.1845703125,238043,0.0,0.0,3040.1199462890627,3139.2185714298394,57.806910324323546,3.6068049497921493,29.188001451437692,-25.581196501645543,66.26579379058605,7126582.0,0.0012275741485777772
2022-04-13 00:00:00+05:30,3145.323687774623,3190.525944365396,3145.323687774623,3154.4111328125,205852,0.0,0.0,3046.0904174804687,3139.8143581507284,58.33872472105527,8.70801038500531,27.431365509320685,-18.723355124315376,64.76125541917081,7332434.0,0.0028891923184880455
2022-04-18 00:00:00+05:30,3150.032070700101,3171.597220714664,3113.3523710458085,3148.99609375,197878,0.0,0.0,3047.51474609375,3140.1744262134453,57.529664715135674,12.173475796382718,24.717464736558476,-12.543988940175758,64.29579786557687,7134556.0,-0.00032887822309402156
2022-04-19 00:00:00+05:30,3148.9960148447494,3190.525676565921,3056.14319183789,3077.42578125,296680,0.0,0.0,3043.368859863281,3137.7136950384083,48.04561974024466,9.04054227770257,17.267624974302663,-8.227082696600093,69.30198978432361,6837876.0,-0.022727953054674777
2022-04-20 00:00:00+05:30,3075.636693002063,3140.6149329950645,3053.0355660479754,3111.610107421875,235572,0.0,0.0,3046.50712890625,3136.690024935799,52.106818485447214,9.209893406092306,13.949580882153919,-4.739687476061613,70.60751672452115,7073448.0,0.011696249593348104
2022-04-21 00:00:00+05:30,3104.830021835251,3173.5279892267745,3083.54720057364,3164.063720703125,152205,0.0,0.0,3055.9948974609374,3137.7635032011844,57.585538445851995,13.421953686883626,14.529312930356191,-1.1073592434725654,71.99132186227924,7225653.0,0.019077920031467997
2022-04-22 00:00:00+05:30,3146.547682866973,3180.637669044572,3131.19770527704,3168.018798828125,148494,0.0,0.0,3068.3242797851562,3138.9499853826333,57.9759010128219,16.884548985943184,14.3935265835326,2.4910224024105845,70.38051056979728,7374147.0,0.006823705891400517
2022-04-25 00:00:00+05:30,3088.820547190868,3151.9624888099115,2949.494068795876,3103.793701171875,630312,0.0,0.0,3077.367053222656,3137.5713075704466,49.93836524401962,14.281622424469333,9.432480017646999,4.8491424068223346,80.96224053140098,6743835.0,0.004847531202362718
2022-04-26 00:00:00+05:30,3115.471167403906,3203.70968626695,3108.879172164673,3176.117431640625,398545,0.0,0.0,3090.4662841796876,3139.0829202790815,57.143652444607994,17.848953361853546,10.399848764024968,7.449104597828578,82.31607942880626,7142380.0,0.019466161289258585
2022-04-27 00:00:00+05:30,3154.7406723032746,3187.4180894044243,3119.0967193101933,3143.675537109375,248769,0.0,0.0,3101.929296875,3139.2630228998773,53.428878428871286,17.85250648851479,8.32272151254897,9.529784975965821,81.31645733347946,6893611.0,-0.003507462686567166
2022-04-28 00:00:00+05:30,3079.4036378473743,3193.868978074241,3072.905905621645,3162.18017578125,322548,0.0,0.0,3113.8937744140626,3140.161734777578,55.21715690690109,19.127996422105753,7.678569156911944,11.449427265193808,84.14835841341635,7216159.0,0.026880704080657583
2022-04-29 00:00:00+05:30,3164.251892734448,3174.4222154719823,3076.107409665177,3088.1142578125,259398,0.0,0.0,3120.054931640625,3138.1206572495357,47.375702844577766,14.000936715336593,2.041207560114227,11.959729155222366,85.16024751294414,6956761.0,-0.024061812239654645
2022-05-02 00:00:00+05:30,3053.0354316232,3093.434852310628,3016.308601939885,3080.627685546875,215783,0.0,0.0,3123.1107788085938,3135.866030908255,46.65448697557496,9.227235320292948,-2.1859950679435354,11.413230388236483,84.58639057421546,6740978.0,0.009037646153030389
2022-05-04 00:00:00+05:30,3145.323430353774,3386.402112440769,3134.164032207012,3188.124267578125,2871830,0.0,0.0,3130.3996459960936,3137.91537352276,56.81922819312196,13.95722811789119,2.0351981837237645,11.922029934167426,100.38553602562108,9612808.0,0.013607769811938585
2022-05-05 00:00:00+05:30,3211.24326583122,3224.00353065556,3069.986230677353,3085.995361328125,623098,0.0,0.0,3130.729248046875,3135.8792946131666,47.54921253078073,9.356970943725173,-2.052047192353802,11.409018136078975,104.21637630794866,8989710.0,-0.039002932551319806
2022-05-06 00:00:00+05:30,3055.860824493833,3130.1150384954503,3001.335695583422,3115.00048828125,560373,0.0,0.0,3130.9364379882813,3135.0605178942683,50.04208584375304,7.959948003602221,-2.759256105981404,10.719204109583625,105.97087392252578,9550083.0,0.019352865586479244
2022-05-09 00:00:00+05:30,3091.1748889691503,3143.7225537797376,3037.026357022242,3062.499755859375,403409,0.0,0.0,3129.5026733398436,3132.2149978144685,45.79902103446124,2.5866100880448357,-6.506075217231032,9.092685305275868,106.02268269645221,9146674.0,-0.009276451232863733
2022-05-10 00:00:00+05:30,3070.9280279419204,3127.0542500703027,3046.443474514601,3057.3203125,285192,0.0,0.0,3127.2637451171877,3129.277951331548,45.390129524529975,-2.065922052105634,-8.926885885905202,6.860963833799568,104.2075464721129,8861482.0,-0.004431141113730377
2022-05-11 00:00:00+05:30,3051.152107652093,3092.3992099043157,3008.774995045814,3069.84521484375,269579,0.0,0.0,3123.1178588867188,3126.947255783007,46.6309733499638,-4.688387535603852,-9.239481095522736,4.551093559918884,102.73730849971207,9131061.0,0.006126573350694596
2022-05-12 00:00:00+05:30,3037.497293381151,3051.105009262118,2972.8956468282004,3029.3515625,310942,0.0,0.0,3116.8177978515623,3123.1199736934777,43.212350782048894,-9.919859682170227,-11.576762593671289,1.6569029115010623,102.32389846512905,8820119.0,-0.0026817244903891333
2022-05-13 00:00:00+05:30,3037.0262826672592,3127.4307859652613,3037.0262826672592,3087.407958984375,326757,0.0,0.0,3113.728967285156,3121.719502528415,48.98675801339053,-9.274265095316878,-8.744934405454352,-0.5293306898625256,102.02070739370991,9146876.0,0.0165891472868217
2022-05-16 00:00:00+05:30,3142.498431432298,3143.393013412386,3063.771078794494,3093.43505859375,270772,0.0,0.0,3110.6801635742186,3120.610308648624,49.560174361659826,-8.181973469025252,-6.122114223330181,-2.059859245695071,100.42079505258009,9417648.0,-0.015612855156203073
2022-05-17 00:00:00+05:30,3097.296020671348,3185.72283546938,3093.9528914197394,3172.491943359375,277190,0.0,0.0,3111.8549560546876,3122.6448825588495,56.47171290989065,-0.9264154503821374,0.9067550362503469,-1.8331704866324843,99.83986518279794,9694838.0,0.02427792570880204
2022-05-18 00:00:00+05:30,3154.74076651674,3232.5733086876226,3154.74076651674,3196.505859375,435712,0.0,0.0,3117.8089599609375,3125.5413914536007,58.339114105436984,6.68433601789684,6.814005203623459,-0.12966918572661945,98.26791353908968,10130550.0,0.013238835121268642
2022-05-19 00:00:00+05:30,3168.866331864921,3191.090865265104,3115.2357871784707,3137.8369140625,394058,0.0,0.0,3119.1203002929688,3126.023568810813,52.42200399131641,7.890856932298902,6.416420894420417,1.474436037878485,97.05378201462108,9736492.0,-0.009791961715267352
2022-05-20 00:00:00+05:30,3164.157567839287,3261.907481542144,3156.623859344432,3249.147216796875,525530,0.0,0.0,3123.374475097656,3130.8519471632076,60.58926012599793,17.62566690464655,12.920984693414452,4.7046822112320985,98.98355240497987,10262022.0,0.026860119047619077
2022-05-23 00:00:00+05:30,3250.088855374976,3331.7825049812864,3250.088855374976,3283.80224609375,524978,0.0,0.0,3129.1636474609377,3136.8499981016603,62.73411101811121,27.81629623538629,18.489291219323352,9.327005016062937,97.81581924636784,10787000.0,0.010373067389532756
2022-05-24 00:00:00+05:30,3310.1233087979194,3312.948449602014,3239.4947886955456,3268.169921875,230532,0.0,0.0,3137.382458496094,3141.9997990339484,61.118281204799516,34.23638969090371,19.927507739872613,14.308881951031093,96.07566507923217,10556468.0,-0.012674267091927437
2022-05-25 00:00:00+05:30,3288.1813453091136,3319.540454306373,3269.770798367659,3311.535888671875,286553,0.0,0.0,3144.1533813476562,3148.6482731373967,63.89641026089545,42.33561251659103,22.421384452447946,19.91422806414308,92.88244131867077,10843021.0,0.0071025715768623255
2022-05-26 00:00:00+05:30,3343.0835449168503,3369.310362719368,3308.710995793057,3353.395263671875,545260,0.0,0.0,3154.639367675781,3156.6775668838472,66.39256079967736,51.53790974450476,25.29894534428934,26.23896440021542,90.57650743350223,11388281.0,0.003084493287852057
2022-05-27 00:00:00+05:30,3374.1596667016656,3374.489358410045,3305.650005592945,3350.240234375,165721,0.0,0.0,3164.042370605469,3164.268259726638,66.02204672371296,57.90867691939275,25.335770015341858,32.57290690405089,89.02385353233065,11222560.0,-0.007089004282375154
2022-05-30 00:00:00+05:30,3353.8189270222533,3406.7903202434554,3335.1731805368386,3367.803466796875,213495,0.0,0.0,3178.0268310546876,3172.2500325529218,67.12200534449244,63.64114635879196,24.85459156379285,38.786554794999105,87.78051683049395,11436055.0,0.004169736076669499
2022-05-31 00:00:00+05:30,3368.132900058565,3484.3402644827734,3348.027223054697,3435.182861328125,562987,0.0,0.0,3195.75458984375,3182.5611238774395,71.00060858309432,72.78213655045738,27.19646540436662,45.58567114609076,91.24712573032126,11999042.0,0.01990716021579611
2022-06-01 00:00:00+05:30,3436.4072549990497,3455.8535492442147,3327.074211998041,3344.3076171875,241386,0.0,0.0,3203.563757324219,3188.904123615089,60.614563831986025,71.8651477201688,21.023581259262436,50.84156646090637,93.92799798145359,11757656.0,-0.02680114170914097
2022-06-02 00:00:00+05:30,3361.917757497698,3374.913451954171,3301.412654999315,3368.556884765625,213099,0.0,0.0,3217.6918334960938,3195.9493299347178,62.2033980824876,72.26214764318138,17.13646494582001,55.12568269736137,92.46891219383947,11970755.0,0.00197480359331235
2022-06-03 00:00:00+05:30,3366.626135634295,3387.438098255163,3289.4056200756904,3324.2490234375,271462,0.0,0.0,3228.154260253906,3200.9806904642387,57.62883501229212,68.21515696246388,10.471579412082008,57.74357755038187,92.86630976424182,11699293.0,-0.012587412587412557
2022-06-06 00:00:00+05:30,3324.2489963837725,3328.957564367319,3248.959040308974,3288.416748046875,153889,0.0,0.0,3239.4501098632813,3204.4095554674795,54.159933913143526,61.40864193116886,2.932051504629584,58.476590426539275,91.9471822138206,11545404.0,-0.010779050659525493
2022-06-07 00:00:00+05:30,3263.0377600612355,3276.127487682829,3158.507546102564,3186.240966796875,338018,0.0,0.0,3245.896142578125,3203.6970617941224,45.71052135886355,47.225314078374595,-9.00102107853175,56.226335156906345,94.65875505171277,11207386.0,-0.02353536762716449
2022-06-08 00:00:00+05:30,3187.700828269676,3204.2750811135325,3117.0723017939813,3165.570556640625,320103,0.0,0.0,3250.682409667969,3202.2019047292797,44.20795177155777,33.925918351289056,-17.840333444493837,51.76625179578289,94.12618535655837,10887283.0,-0.006942392909896655
2022-06-09 00:00:00+05:30,3165.2406061120346,3184.9225584938386,3113.305192520446,3152.15087890625,347351,0.0,0.0,3256.822375488281,3200.2391194028864,43.2147709811945,22.049028109363007,-23.77377894913591,45.82280705849892,92.51841254347511,10539932.0,-0.004135460407183109
2022-06-10 00:00:00+05:30,3122.7223049297686,3175.693695054105,3108.6908642210524,3164.958251953125,503822,0.0,0.0,3260.6998901367188,3198.855555973484,44.496369408071146,13.514172030574628,-25.846908022339434,39.36108005291406,90.69587099273063,11043754.0,0.013525361174984886
2022-06-13 00:00:00+05:30,3144.381791964568,3178.2834824439706,3117.9666788172567,3163.216064453125,463899,0.0,0.0,3264.1889404296876,3197.457928855039,44.34973794795719,6.534333398697072,-26.261397323373593,32.795730722070665,88.52593760944373,10579855.0,0.00598981731057206
2022-06-14 00:00:00+05:30,3163.734051966022,3195.234326711438,3135.953500053853,3185.676025390625,224645,0.0,0.0,3264.84814453125,3196.995893425062,46.784408819467956,2.7830113157592677,-24.010175525049117,26.793186840808385,86.43700111288238,10804500.0,0.006935467098117093
2022-06-15 00:00:00+05:30,3190.5256957762817,3204.5571365355177,3156.6711376370345,3188.0771484375,245702,0.0,0.0,3264.426708984375,3196.6461387196678,47.05110698845342,0.0037686583277718455,-21.43153454598449,21.435303204312262,83.68335809756816,11050202.0,-0.000767443227936763
2022-06-16 00:00:00+05:30,3201.9206950673392,3231.8670054122003,3175.505581023393,3192.785888671875,481507,0.0,0.0,3267.1741577148437,3196.4947563648525,47.605656775978844,-1.7981176062430677,-18.586736648444262,16.788619042201194,81.73179140408524,11531709.0,-0.0028529146301270666
2022-06-17 00:00:00+05:30,3192.7857531113723,3192.7857531113723,3107.9374942191853,3137.884033203125,527370,0.0,0.0,3261.6109985351563,3194.19629663302,42.07277051138475,-7.5689956844685184,-19.486091781335773,11.917096096867253,81.95440590755699,11004339.0,-0.017195554025116005
2022-06-20 00:00:00+05:30,3161.2579564651305,3256.9577628694547,3133.4292601034304,3236.553466796875,364703,56.5,0.0,3259.2485595703124,3195.8573621296423,52.71028520266021,-4.133016619366117,-12.840090172986695,8.707073553620578,84.92398425459037,11369042.0,0.02381821141098487
2022-06-21 00:00:00+05:30,3236.5536959541787,3326.841145497347,3233.15290174256,3285.1220703125,223641,0.0,0.0,3260.0961669921876,3199.357938921127,56.905347924856976,2.4805081892327507,-4.981252291510263,7.461760480743013,85.55000279031869,11592683.0,0.01500620070633579
2022-06-22 00:00:00+05:30,3268.5493275758804,3309.645589873282,3243.8339898711347,3260.55029296875,170854,0.0,0.0,3257.5468872070314,3201.757639079857,54.281784783853006,5.6736350381861484,-1.430500354045492,7.10413539223164,84.14011687687787,11421829.0,-0.0024472736389947285
2022-06-23 00:00:00+05:30,3271.375066149057,3302.891990385297,3247.9530653069114,3268.022216796875,351311,0.0,0.0,3253.2782348632813,3204.3562499707205,54.96177127944214,8.706766692023848,1.2821050398337661,7.424661652190082,82.05431746269986,11773140.0,-0.001024905210923735
2022-06-24 00:00:00+05:30,3284.834621938294,3357.5914108399843,3284.834621938294,3323.48828125,301133,0.0,0.0,3251.940637207031,3209.028094334614,59.747848664762536,15.408572796653061,6.387128915570383,9.021443881082678,82.59109436130053,12074273.0,0.011767307569626649
2022-06-27 00:00:00+05:30,3354.7652044955585,3358.549087634012,3302.317062020935,3313.6689453125,419730,0.0,0.0,3249.2339111328124,3213.1316571180605,58.5613990288188,19.700370464277967,8.54314126655623,11.157229197721737,80.70830373642742,11654543.0,-0.012250114889705949
2022-06-28 00:00:00+05:30,3309.741496109295,3324.0149621223445,3245.606320550381,3290.294921875,182574,0.0,0.0,3241.9895141601564,3216.157667500686,55.7247151998191,20.973789895872414,7.8532485585205425,13.120541337351872,80.54404215325143,11471969.0,-0.005875556824348682
2022-06-29 00:00:00+05:30,3290.2949306183573,3310.316372666958,3218.735587982212,3261.029296875,374478,0.0,0.0,3237.8255981445313,3217.917339240855,52.30823751722,19.397885861983923,5.021875619705641,14.376010242278282,81.33238090550104,11097491.0,-0.00889453205881981
2022-06-30 00:00:00+05:30,3237.894716676712,3336.707889405868,3237.894716676712,3320.662109375,479308,0.0,0.0,3235.430859375,3221.9465459127828,57.96369151081133,22.69917816179168,6.658534335610717,16.04064382618096,82.58100889290498,11576799.0,0.025562101285133254
2022-07-01 00:00:00+05:30,3268.5495676258647,3448.64549925355,3268.5495676258647,3433.653564453125,292487,0.0,0.0,3240.901086425781,3230.248781933973,66.15363836969875,34.040544007910285,14.399920145383458,19.640623862526827,89.54636051681787,11869286.0,0.0505129242837779
2022-07-04 00:00:00+05:30,3424.696406812332,3557.325511791817,3424.696406812332,3544.8720703125,614359,0.0,0.0,3253.7238525390626,3242.58695010568,71.94723577775673,51.41043459398861,25.415848585169428,25.994586008819184,92.62369940700837,12483645.0,0.035090895432692115
2022-07-05 00:00:00+05:30,3553.0623291680004,3557.8521139201816,3483.131471786155,3502.865478515625,612519,0.0,0.0,3269.555078125,3252.7939512197954,67.26401952334275,61.08249613952421,28.07032810456402,33.01216803496019,91.34490960179538,11871126.0,-0.014127770920396339
2022-07-06 00:00:00+05:30,3496.6866279350147,3679.416924531966,3489.1188612332567,3669.74169921875,1043070,0.0,0.0,3294.763635253906,3269.1448432981856,74.39458036201415,81.27628850462861,38.61129637573474,42.66499212889387,98.41299200871781,12914196.0,0.049491158258563706
2022-07-07 00:00:00+05:30,3667.059400834919,3718.884968153738,3640.0930047998527,3650.0556640625,519620,0.0,0.0,3319.6588745117188,3284.082522543845,72.39133831883383,94.60101432232204,41.54881775474253,53.052196567579514,97.01148996194406,12394576.0,-0.004636886102403342
2022-07-08 00:00:00+05:30,3668.975262416236,3689.04441453071,3633.0518753821343,3656.473876953125,379513,0.0,0.0,3344.234655761719,3298.686105069699,72.64991617781111,104.4745342753522,41.137870166218136,63.33666410913406,94.08156490384633,12774089.0,-0.0034073234538185993
2022-07-11 00:00:00+05:30,3668.208826733871,3678.93789815128,3621.0773900199656,3635.829833984375,208602,0.0,0.0,3367.865344238281,3311.9074277722357,70.36704903145642,109.37278683050044,36.828898177093095,72.54388865340735,91.4943465629512,12565487.0,-0.00882692187901574
2022-07-12 00:00:00+05:30,3623.9511775107785,3628.597362314482,3559.911661222627,3568.86865234375,283587,0.0,0.0,3387.0249755859377,3321.984338539746,63.407238776855806,106.62240284020527,27.262811349438323,79.35959149076695,90.38176272000811,12281900.0,-0.01519957705524709
2022-07-13 00:00:00+05:30,3574.18563017633,3603.930242788165,3556.032391199455,3569.347900390625,164377,0.0,0.0,3406.088513183594,3331.6848703770356,63.43511373436916,103.29070408413781,19.14489007469669,84.14581400944112,87.34719763920108,12446277.0,-0.0013535194548544992
2022-07-14 00:00:00+05:30,3569.3478517707385,3629.699143950437,3556.94235515349,3615.473388671875,265732,0.0,0.0,3427.2228881835936,3342.813831878794,66.11085977514881,103.18282288077626,15.229607097068097,87.95321578370816,86.30502557904005,12712009.0,0.012922679104602755
2022-07-15 00:00:00+05:30,3625.867448364088,3700.396553919448,3620.215595297581,3687.080810546875,660790,0.0,0.0,3454.682727050781,3356.3144977089155,69.80503081924155,107.63470091511363,15.74518810512437,91.88951280998926,86.20632126964952,13372799.0,0.01688240484643341
2022-07-18 00:00:00+05:30,3697.714285714286,3716.873427091044,3600.9606217616583,3616.239990234375,455399,0.0,0.0,3473.6670532226562,3366.5076542785414,62.54169201490443,104.24491369868156,9.88432071095383,94.36059298772773,88.32821298820211,12917400.0,-0.022033691406250017
2022-07-19 00:00:00+05:30,3616.239892432129,3637.45878125876,3584.962688530968,3628.21435546875,228968,0.0,0.0,3490.821667480469,3376.7706621683533,63.23800147442319,101.35634129768096,5.596598647962566,95.75974264971839,85.76877582674425,13146368.0,0.003311302179283052
2022-07-20 00:00:00+05:30,3645.026478381059,3687.176587460892,3634.34535110791,3667.346923828125,440495,0.0,0.0,3511.1614990234375,3388.165809684423,65.49536796939843,101.0598431170447,4.240080373861048,96.81976274318365,83.85402269570122,13586863.0,0.00612353451461886
2022-07-21 00:00:00+05:30,3682.3868144939047,3703.222379846465,3660.3538028567145,3693.4033203125,282104,0.0,0.0,3532.430554199219,3400.135908140426,66.95058388981435,101.75443778775525,3.947740035657276,97.80669775209797,80.9264908595619,13868967.0,0.002991675338189418
2022-07-22 00:00:00+05:30,3697.714056205348,3763.813089852542,3682.051365551502,3708.6826171875,433423,0.0,0.0,3551.6902709960937,3412.2357790834485,67.8079616463663,102.35790244813779,3.6409637568318516,98.71693869130594,80.98615039109603,14302390.0,0.002966308593750032
2022-07-25 00:00:00+05:30,3708.682470879544,3750.401543767449,3688.1343406142223,3722.52490234375,290157,0.0,0.0,3572.1330688476564,3424.403979995617,68.60263870792701,102.76845844867239,3.241215805893148,99.52724264277924,79.64908273124821,14592547.0,0.0037324391001107423
2022-07-26 00:00:00+05:30,3736.0323394394513,3736.0323394394513,3635.925831882677,3647.0859375,267527,0.0,0.0,3589.972619628906,3433.136605780103,59.92113693945498,95.90104548778163,-2.900957723998104,98.80200321177973,81.11032736164294,14325020.0,-0.02380771734775634
2022-07-27 00:00:00+05:30,3640.2363227762544,3701.449676864037,3622.178741150949,3692.492919921875,200264,0.0,0.0,3611.54580078125,3443.3074416288,62.95951819912488,93.04991375449526,-4.601671565827573,97.65158532032284,80.97894224388902,14525284.0,0.014355276007401278
2022-07-28 00:00:00+05:30,3701.066756607952,3718.78896056738,3675.106029149333,3706.6708984375,316008,0.0,0.0,3630.846240234375,3453.6354203271803,63.88028064694504,90.88673004157727,-5.411884222996463,96.29861426457373,78.31494147061458,14841292.0,0.0015141963650189129
2022-07-29 00:00:00+05:30,3719.746925426692,3783.307464123215,3713.903294342057,3736.415283203125,418970,0.0,0.0,3645.984326171875,3464.7248267144723,65.80098252350768,90.52895321029155,-4.615728843425757,95.1446820537173,78.19505748597891,15260262.0,0.004481046186904473
2022-08-01 00:00:00+05:30,3736.415204489591,3751.359426501111,3676.8303288112143,3693.546630859375,323129,0.0,0.0,3653.4180541992187,3473.698230798586,60.78419415616934,85.79725319015006,-7.477943090853799,93.27519628100386,77.9332032148302,14937133.0,-0.011473182524979026
2022-08-02 00:00:00+05:30,3712.0834257632414,3744.653964208648,3600.0983444823187,3628.884765625,355859,0.0,0.0,3659.7190185546874,3479.783977262367,54.085813154589026,75.9541228629073,-13.856858734477257,89.81098159738455,82.69194725136586,14581274.0,-0.022412928427419414
2022-08-03 00:00:00+05:30,3621.077372502901,3633.8661916943697,3569.3956403769453,3611.497802734375,428088,0.0,0.0,3656.8068237304688,3484.949225320093,52.413257725302834,65.98970037749223,-19.057024975913876,85.0467253534061,81.39041897037004,14153186.0,-0.0026455026455026467
2022-08-04 00:00:00+05:30,3604.552531898733,3632.572772828382,3569.347613807635,3616.33544921875,506667,0.0,0.0,3655.120812988281,3490.1016262572953,52.85014819669102,57.816706407586935,-21.78401515665533,79.60072156424226,80.09290040253983,14659853.0,0.003268898765032094
2022-08-05 00:00:00+05:30,3587.548918813398,3674.6271154418528,3524.1801576297044,3533.041259765625,798850,0.0,0.0,3648.949182128906,3491.7855334537003,45.16195038973629,44.10993298296671,-28.39263086502045,72.50256384798716,85.11819021751187,13861003.0,-0.015193565378838546
2022-08-08 00:00:00+05:30,3533.0412009125284,3546.2608200211494,3460.9069941675552,3478.724853515625,310094,0.0,0.0,3641.0939331054688,3491.2733499267174,40.97587032321769,28.535397943928274,-35.17373272324711,63.70913066717539,85.13502133437488,13550909.0,-0.015373822242116619
2022-08-10 00:00:00+05:30,3486.9632848374,3520.300233346801,3471.683918317818,3494.387451171875,191222,0.0,0.0,3637.369873046875,3491.395471544175,42.6272907320778,17.2573751714599,-37.161404396572394,54.41877956803229,82.52654231256119,13742131.0,0.0021291208791208416
2022-08-11 00:00:00+05:30,3511.870425129818,3527.964149794365,3479.491431172525,3487.2509765625,167070,0.0,0.0,3633.265026855469,3491.2329423292076,42.04999464118645,7.655360777793248,-37.41073503219123,45.06609580998448,80.09412633465251,13575061.0,-0.007010352201820797
2022-08-12 00:00:00+05:30,3496.542976088061,3513.115678612982,3455.973404445156,3505.883056640625,228587,0.0,0.0,3627.785510253906,3491.80745661593,44.17566890339446,1.53149422741717,-34.82768126605385,36.35917549347102,78.45470832273632,13803648.0,0.0026712328767123017
2022-08-16 00:00:00+05:30,3523.4139068274826,3567.38404102713,3520.492091105877,3535.29248046875,239514,0.0,0.0,3620.19609375,3493.5127516689818,47.452152669914334,-0.9378089380402344,-29.837587545209004,28.89977860716877,77.24372804157694,14043162.0,0.003371325071473928
2022-08-17 00:00:00+05:30,3537.735090879655,3558.762199599893,3526.3832072325213,3549.422119140625,353941,0.0,0.0,3616.8552001953126,3495.705275883556,49.00088496965275,-1.7346102256074118,-24.50751106622095,22.772900840613538,74.03910406484799,14397103.0,0.0033035340297522986
2022-08-18 00:00:00+05:30,3555.936441794801,3570.257852402324,3526.2877189381634,3537.783203125,232262,0.0,0.0,3612.333642578125,3497.355390677338,47.752401474556585,-3.2675776376190697,-20.832382782586084,17.564805144967014,71.89132045051316,14164841.0,-0.005105051501043796
2022-08-19 00:00:00+05:30,3537.783117959011,3553.4935190856645,3489.3104005875903,3508.5654296875,177955,0.0,0.0,3604.394567871094,3497.795000050286,44.67514218592785,-6.762145683210747,-19.46156066254221,12.699414979331463,71.34073459676752,13986886.0,-0.008258756203338775
2022-08-22 00:00:00+05:30,3508.565351028142,3576.0533728620967,3482.2215343247644,3521.880859375,366371,0.0,0.0,3595.8184448242187,3498.739543553216,46.371272128926805,-8.36079411214223,-16.848167273178955,8.487373161036725,72.94724202109357,14353257.0,0.003795143317754158
2022-08-23 00:00:00+05:30,3496.543057767295,3549.1827482589856,3485.0475737417587,3524.036376953125,189150,0.0,0.0,3586.5861328125,3499.7315762355656,46.65637553255158,-9.346066617328233,-14.266751822691967,4.920685205363734,72.31780862796023,14542407.0,0.007863000321061596
2022-08-24 00:00:00+05:30,3522.40773070077,3532.945257227207,3483.5625293212543,3505.30810546875,187721,0.0,0.0,3575.72529296875,3499.9502636564753,44.44550378036477,-11.505489050431152,-13.140939404635908,1.6354503542047567,70.67958857638827,14354686.0,-0.004854527510538426
2022-08-25 00:00:00+05:30,3522.838966301068,3523.557434059924,3486.9635229840724,3493.2861328125,208578,0.0,0.0,3568.035302734375,3499.688925192006,43.035745649881505,-14.025245310478567,-12.52855653174666,-1.4966887787319083,68.24489732634994,14146108.0,-0.008388925457923522
2022-08-26 00:00:00+05:30,3510.7689230526244,3513.7863941536007,3474.606045086621,3496.686767578125,220796,0.0,0.0,3558.2449951171875,3499.5711935208733,43.580890532442496,-15.568305757297367,-11.257293582852366,-4.3110121744450005,66.16885816496634,14366904.0,-0.004011131402591682
2022-08-29 00:00:00+05:30,3465.888294722153,3573.1794746582727,3434.515204160475,3551.76904296875,525684,0.0,0.0,3550.49990234375,3501.6181680090253,51.65186245959448,-12.205811993504085,-6.315839855247267,-5.889972138256818,71.34710190302572,14892588.0,0.024778856369195683
2022-08-30 00:00:00+05:30,3560.726171835914,3607.809664872925,3560.726171835914,3590.183349609375,467342,0.0,0.0,3543.1883056640627,3505.09131238551,56.34242595272722,-6.3678928511831145,-0.3823365703410371,-5.9855562808420775,70.25378190310782,15359930.0,0.008272800645681987
2022-09-01 00:00:00+05:30,3573.179520434692,3587.931964314419,3517.7139050754813,3561.82763671875,314888,0.0,0.0,3536.6023559570312,3507.316266280931,52.30831140570799,-3.9834501884893143,1.6016848738822116,-5.585135062371526,70.41204351959253,15045042.0,-0.003176969881032235
2022-09-02 00:00:00+05:30,3579.645809441594,3600.8644633800013,3544.4408897929743,3548.51220703125,202152,0.0,0.0,3532.5837280273436,3508.9317933691786,50.48048275201916,-3.1321011806694514,1.9624271053616598,-5.094528286031111,69.41286709583785,14842890.0,-0.00869739747106448
2022-09-05 00:00:00+05:30,3526.23959589415,3558.8101327755417,3504.302474898051,3508.61328125,234232,0.0,0.0,3527.439501953125,3508.9193026978382,45.3651082642594,-5.6122166792506505,-0.4141507145756309,-5.19806596467502,68.34820929452734,14608658.0,-0.004998615143643028
2022-09-06 00:00:00+05:30,3517.618029657727,3537.352036991152,3443.855342216648,3457.0751953125,390746,0.0,0.0,3519.4764892578123,3506.886200447433,39.76036117540214,-11.602670530085106,-5.1236836523280695,-6.478986877757037,70.14452968595425,14217912.0,-0.017211315678615106
2022-09-07 00:00:00+05:30,3448.6450025220124,3520.3002287941,3437.1495191802724,3513.690185546875,287734,0.0,0.0,3518.508935546875,3507.153023392509,47.442105712401315,-11.647526371385538,-4.134831594902801,-7.512694776482737,71.0735425379452,14505646.0,0.018861083984374933
2022-09-08 00:00:00+05:30,3528.155426441255,3531.9872542190897,3480.161689973393,3518.240478515625,384831,0.0,0.0,3520.484716796875,3507.5878255542,48.01587963552358,-11.186948159838721,-2.9394027066847865,-8.247545453153935,69.69868694564173,14890477.0,-0.0028102355841025735
2022-09-09 00:00:00+05:30,3530.550415791654,3544.440791867893,3488.735687567806,3496.06396484375,134487,0.0,0.0,3520.5685424804688,3507.135909447908,45.41375066889756,-12.467676313678567,-3.376104688419705,-9.091571625258862,68.6991453281021,14755990.0,-0.00976800976800979
2022-09-12 00:00:00+05:30,3496.06396484375,3496.06396484375,3496.06396484375,3496.06396484375,0,0.0,0.0,3521.0091918945313,3506.7017155418625,45.41375066889756,-13.329014026075129,-3.3899539206530136,-9.939060105422115,63.792063518951956,14755990.0,0.0
2022-09-13 00:00:00+05:30,3510.9125179100024,3606.708220990767,3510.9125179100024,3599.715087890625,398871,0.0,0.0,3525.700793457031,3510.349298771226,57.808086426570846,-5.583488013232454,3.484457673751729,-9.067945686984183,67.1386487066709,15154861.0,0.025293301820429732
2022-09-14 00:00:00+05:30,3552.104521116893,3603.546764736466,3552.104521116893,3589.46484375,389253,0.0,0.0,3528.4094116210936,3513.451869162551,56.44320001195747,-0.26910975212922494,7.039068747883967,-7.308178500013192,66.01747691473533,14765608.0,0.010517799352750953
2022-09-15 00:00:00+05:30,3606.708146288748,3629.699114551944,3556.942326344285,3565.0849609375,311462,0.0,0.0,3529.1925537109373,3515.4766962909803,53.22435257896977,1.9528097409242946,7.408790592749989,-5.455980851825695,66.49885629280132,14454146.0,-0.011540491679116818
2022-09-16 00:00:00+05:30,3547.8414707015786,3584.100000542482,3468.8579678007723,3486.5322265625,559137,0.0,0.0,3526.6300048828125,3514.341619046726,44.43210294897775,-2.5949393783748747,2.2888331787606564,-4.883772557135531,69.98051175343764,13895009.0,-0.017280716921930228
2022-09-19 00:00:00+05:30,3482.173666698699,3489.022965642543,3414.254609501198,3441.31689453125,211795,0.0,0.0,3523.267578125,3511.4779043598446,40.304893568603724,-9.73533979765898,-3.881253792418759,-5.854086005240221,70.32250063828816,13683214.0,-0.011733123065680855
2022-09-20 00:00:00+05:30,3458.5601506479343,3510.912407179952,3450.5611161424795,3497.117919921875,346604,0.0,0.0,3522.029431152344,3510.914767715218,46.86460433446341,-10.767362718385812,-3.930621370516473,-6.836741347869339,70.27057292474629,14029818.0,0.011148503306127905
2022-09-21 00:00:00+05:30,3492.7113450105558,3629.69920083516,3484.089731706909,3607.330810546875,773841,0.0,0.0,3526.1941528320312,3514.6957890027343,56.931218845232266,-2.661311193673555,3.340344123356628,-6.001655317030183,75.65192265356806,14803659.0,0.03281675873388639
2022-09-22 00:00:00+05:30,3605.75007087892,3674.196050289728,3593.2966301452784,3665.095458984375,687172,0.0,0.0,3534.1835205078123,3520.5938152765243,61.09180939991454,8.327918351399148,11.463658934743465,-3.135740583344317,76.02674390291675,15490831.0,0.01645854175660862
2022-09-23 00:00:00+05:30,3665.095436793541,3681.237105351053,3623.328653065479,3637.0751953125,326581,0.0,0.0,3541.3729736328123,3525.161712532837,58.15694044193206,14.607573817714183,14.1946515208468,0.4129222968673827,74.73258021596367,15164250.0,-0.007645160123184924
2022-09-26 00:00:00+05:30,3637.0751200912496,3666.915619530914,3616.766479443843,3628.261962890625,626882,0.0,0.0,3547.9517333984377,3529.2048596056916,57.225736498342904,18.658013846641552,14.596073239819336,4.061940606822216,72.97662020675705,14537368.0,-0.0024231441225782166
2022-09-27 00:00:00+05:30,3646.4153019689056,3726.261109851072,3640.2365262193816,3663.37109375,584760,0.0,0.0,3553.5318359375,3534.466280552527,59.97516449004131,24.41953697094641,16.286077091299354,8.133459879647056,74.76394354630634,15122128.0,0.004649989202255428
2022-09-28 00:00:00+05:30,3657.383779608917,3705.377516797341,3636.0215265277297,3691.19970703125,364917,0.0,0.0,3558.582653808594,3540.612689434046,62.05700560654234,30.87521185178639,18.193401577711466,12.681810274074923,74.37766116939953,15487045.0,0.009245933557989637
2022-09-29 00:00:00+05:30,3708.682656854904,3710.1675370105686,3649.816244774146,3702.02490234375,450207,0.0,0.0,3565.5925170898436,3546.9425801363873,62.866133286713826,36.444770864817656,19.010368472594184,17.434402392223472,73.37577767418689,15937252.0,-0.0017951804258173082
2022-09-30 00:00:00+05:30,3707.293455941196,3724.2013028293054,3659.443552296732,3681.4765625,309896,0.0,0.0,3572.2407348632814,3552.2184225820192,60.24011971908431,38.753876646866956,17.055579403714788,21.69829724315217,72.7602043069288,15627356.0,-0.006963811672319242
2022-10-03 00:00:00+05:30,3699.629887873253,3715.148744304521,3595.97898854081,3610.491943359375,251830,0.0,0.0,3577.33466796875,3554.5036586909355,52.13786875420788,34.4587747880023,10.208382035880103,24.2503927521222,76.07517226812755,15375526.0,-0.02409374645989778
2022-10-04 00:00:00+05:30,3646.9421644102986,3665.765925215123,3616.8144646473993,3657.623291015625,153835,0.0,0.0,3587.3620727539064,3558.5475658409237,56.337037688266754,34.46073952884308,8.1682774213767,26.292462107466378,74.58937295295758,15529361.0,0.0029287896884028423
2022-10-06 00:00:00+05:30,3675.92043386145,3685.8830929364526,3602.5887800207056,3609.15087890625,308216,0.0,0.0,3592.135107421875,3560.5320094905446,51.34750244113916,30.20281874979355,3.128285313861735,27.074533435931816,75.21115437887111,15221145.0,-0.018164037050459346
2022-10-07 00:00:00+05:30,3617.245554791552,3635.446737403056,3575.3349369361144,3626.48974609375,318472,0.0,0.0,3597.547570800781,3563.118587396553,52.952639502669676,27.905806761224085,0.665018660233816,27.24078810099027,74.13262909944757,15539617.0,0.0025555885444251353
2022-10-10 00:00:00+05:30,3592.338667011571,3651.731999639496,3560.726086741869,3638.177001953125,185199,0.0,0.0,3604.65322265625,3566.0620546340656,54.05301402396172,26.72045530869127,-0.4162662338391989,27.13672154253047,75.33786365646039,15724816.0,0.012760026041666723
2022-10-11 00:00:00+05:30,3656.378434866417,3660.0664291579847,3561.684287570276,3571.16796875,202644,0.0,0.0,3608.4084228515626,3566.2622865601807,47.232025530233905,20.141804595389203,-5.595933557713014,25.737738153102217,76.98388350869241,15522172.0,-0.02330460799786722
2022-10-12 00:00:00+05:30,3589.0336471818528,3615.7126078347146,3569.682963624331,3604.7919921875,271156,0.0,0.0,3608.6622680664063,3567.7732554083113,50.600628564191254,17.440313118780978,-6.637940027456995,24.078253146237973,74.77286641595607,15793328.0,0.004390693026247013
2022-10-13 00:00:00+05:30,3612.934800695045,3634.488833047064,3591.2848790931967,3625.484130859375,156770,0.0,0.0,3610.463232421875,3570.0364269946276,52.60577113238489,16.775664897328625,-5.8420705991274815,22.617735496456106,72.51794409723544,15950098.0,0.003473444957245245
2022-10-14 00:00:00+05:30,3640.332515136089,3654.5100917359264,3610.779447925456,3636.644287109375,350141,0.0,0.0,3614.0411987304688,3572.648499940304,53.697409279294355,16.95402231758817,-4.530970543094348,21.484992860682517,70.4617083624665,16300239.0,-0.0010131569056889393
2022-10-17 00:00:00+05:30,3642.056535494125,3642.056535494125,3594.7814990284205,3618.8740234375,93315,0.0,0.0,3620.6582885742187,3574.461265567645,51.65712016140123,15.482981914421998,-4.801608757008417,20.284590671430415,68.80551751269778,16206924.0,-0.006365225753828059
2022-10-18 00:00:00+05:30,3636.979689892914,3644.97849062746,3590.9977532589687,3608.48046875,189866,0.0,0.0,3629.016467285156,3575.7953519669536,50.44971775196831,13.324897670038808,-5.567754401113287,18.892652071152096,67.74660464525445,16017058.0,-0.007835958287617784
2022-10-19 00:00:00+05:30,3611.497726450552,3630.177887104607,3584.674931665243,3610.060791015625,182278,0.0,0.0,3634.663610839844,3577.139094674745,50.638636574924035,11.608305834005023,-5.82747698971766,17.435782823722683,66.15777255911942,16199336.0,-0.00039787798408477915
2022-10-20 00:00:00+05:30,3604.792341167039,3643.014733508804,3590.087607053986,3630.80078125,230082,0.0,0.0,3635.837109375,3579.2434745404416,53.16252495971399,11.785581470236139,-4.520161082789237,16.305742553025375,65.21272640881217,16429418.0,0.0072149620897554514
2022-10-21 00:00:00+05:30,3633.530842073708,3654.17486186416,3603.4510863120095,3633.243408203125,404955,0.0,0.0,3634.2445068359375,3581.361118997802,53.464313264871194,11.985017449638235,-3.4565800827097117,15.441597532347947,64.17780134762207,16834373.0,-7.910593939497218e-05
2022-10-24 00:00:00+05:30,3633.243408203125,3633.243408203125,3633.243408203125,3633.243408203125,0,0.0,0.0,3634.0529174804688,3583.395718574481,53.4643132648712,12.004689314416282,-2.7495265743453334,14.754215888761616,59.59367267993477,16834373.0,0.0
2022-10-25 00:00:00+05:30,3644.0684322254833,3644.9304999759943,3534.861334098852,3556.990234375,228569,0.0,0.0,3630.4893310546877,3582.360209390188,43.35128817269123,5.800421902360995,-7.163035189120498,12.963457091481493,63.19906505116389,16605804.0,-0.023895873381637747
2022-10-27 00:00:00+05:30,3557.852344235612,3611.402047681021,3545.6863369527537,3597.416015625,317971,0.0,0.0,3627.1915771484373,3582.9506331641023,48.872757252929254,4.098275603430466,-7.092145190440823,11.190420793871288,63.37882545667128,16923775.0,0.011120099307518703
2022-10-28 00:00:00+05:30,3608.6239305639415,3632.572854977029,3575.09543638562,3618.8740234375,215005,0.0,0.0,3623.57529296875,3584.3593935669805,51.571027953225766,4.429731113773869,-5.408551744077936,9.838282857851805,62.95729639486682,17138780.0,0.0028404436346894896
2022-10-31 00:00:00+05:30,3628.7412468500834,3640.236731264603,3582.1367306700427,3608.193115234375,198318,0.0,0.0,3618.8837036132813,3585.2940493186434,50.15220996104441,3.7868989519556635,-4.841107124716913,8.628006076672577,62.61034669484492,16940462.0,-0.005662605905986024
2022-11-01 00:00:00+05:30,3621.077554736999,3648.4752192042815,3597.176573736929,3628.7412109375,338873,0.0,0.0,3616.246936035156,3586.9978595782063,52.84027775859564,4.8792643063134165,-2.9989934162873286,7.878257722600745,61.80236803573831,17279335.0,0.0021164021164019574
2022-11-02 00:00:00+05:30,3628.7412277173617,3634.872059155622,3558.1398414190144,3567.384033203125,185469,0.0,0.0,3614.0915405273436,3586.2286899164387,45.03140593729099,0.7849122797056225,-5.674676354316098,6.459588634021721,62.8687858715147,17093866.0,-0.016908671813127066
2022-11-03 00:00:00+05:30,3551.146341363484,3602.444981767,3549.6614613459683,3596.21826171875,140994,0.0,0.0,3611.0212890625,3586.620437830255,48.856493222310235,-0.1316918741358677,-5.273024406526071,5.141332532390203,62.14840976790879,17234860.0,0.012692217110365589
2022-11-04 00:00:00+05:30,3590.470817217915,3654.5580476205782,3588.6505585736318,3644.260009765625,258490,0.0,0.0,3612.776745605469,3588.8808132002696,54.53343004575998,2.9840618879798058,-1.7258165155283187,4.7098784035081245,62.416915430697195,17493350.0,0.014981097267179255
2022-11-07 00:00:00+05:30,3764.81906909445,4013.839952040677,3764.81906909445,3965.2236328125,3142443,0.0,0.0,3629.7134399414062,3603.6393551458473,74.72154529633674,30.995108846219864,21.02818435416939,9.966924492050474,84.3571316338654,20635793.0,0.053230861839597896
2022-11-09 00:00:00+05:30,3965.9417921658655,4058.8636167649206,3965.9417921658655,3999.8056640625,1198458,0.0,0.0,3647.794873046875,3619.1752888288534,75.96010112813768,55.34654574972819,36.30369700614217,19.042848743586017,85.02019251376218,21834251.0,0.008538670931461365
2022-11-10 00:00:00+05:30,3978.012164920456,4013.504283181009,3935.574390948748,3960.816650390625,417581,0.0,0.0,3667.277307128906,3632.572989282256,71.69499039482899,70.68434228150318,41.31319483033373,29.37114745116945,84.51374249365497,21416670.0,-0.00432264000634975
2022-11-11 00:00:00+05:30,3980.646670682344,4001.386345958768,3913.2543029067674,3926.330322265625,344558,0.0,0.0,3683.3542236328126,3644.092884693369,68.05504798807031,79.14456874763482,39.8187370371723,39.32583171046252,84.7721925335368,21072112.0,-0.013645106664894798
2022-11-14 00:00:00+05:30,3927.623841596975,3978.874542944643,3903.291826470256,3931.407958984375,336120,0.0,0.0,3698.6504150390624,3655.3601425087027,68.31015661615602,85.27607254057102,36.7601926640868,48.51587987648422,84.11580138645466,21408232.0,0.0009634622713414554
2022-11-15 00:00:00+05:30,3951.093824436982,3978.970467942891,3911.578096407396,3965.319580078125,325881,0.0,0.0,3715.0841796875,3667.515414570249,70.03147004056548,91.81335072723869,34.63797668060357,57.17537404663511,82.92127068281468,21734113.0,0.0036004600936476996
2022-11-16 00:00:00+05:30,3953.249020689699,3970.731735811184,3921.636439922083,3957.79931640625,149924,0.0,0.0,3732.0304443359373,3678.8990969951906,69.13465096397385,95.28893681160389,30.490850211975015,64.79808659962887,80.50512962612086,21584189.0,0.0011510268370994248
2022-11-17 00:00:00+05:30,3946.782840794895,3975.521550800683,3932.557085791542,3951.764404296875,238478,0.0,0.0,3749.1946411132812,3689.5996972815315,68.3779052806934,96.44464304206349,25.31724515394768,71.12739788811581,77.8236535820509,21345711.0,0.0012621833282767236
2022-11-18 00:00:00+05:30,3964.026102989705,3964.026102989705,3890.359302552783,3933.419189453125,281217,0.0,0.0,3765.3625610351564,3699.161245994143,66.0124404130385,94.78759069329817,18.928154244145887,75.85943644915228,77.52673550025598,21064494.0,-0.00772116851437888
2022-11-21 00:00:00+05:30,3944.8669416494367,3974.563608767244,3922.9298198129,3946.83056640625,288522,0.0,0.0,3781.1640502929686,3708.8737683632453,66.91356721435622,93.47898327450503,14.095637460282191,79.38334581422284,75.67723931840514,21353016.0,0.000497767044074806
2022-11-22 00:00:00+05:30,3960.146413106621,3989.172322269024,3934.904153333697,3982.802001953125,319387,0.0,0.0,3798.641979980469,3719.616052033437,69.2671921132331,94.25794971908226,11.899683123887542,82.35826659519472,74.14802000532809,21672403.0,0.005720896775816789
2022-11-23 00:00:00+05:30,3985.1012632925513,4017.719513214432,3965.4631440864223,3980.455078125,247440,0.0,0.0,3816.0025634765625,3729.8450334487925,68.92270299138927,93.60686740054825,8.99888064428282,84.60798675626543,72.58433065694821,21424963.0,-0.0011658888596754295
2022-11-24 00:00:00+05:30,3996.596540743266,4032.567638422952,3980.454871998262,4014.989501953125,231515,0.0,0.0,3838.9025268554688,3741.0271694685703,71.19300576078943,94.78489805578647,8.141529039616827,86.64336901616964,71.12207606892974,21656478.0,0.004602156115172553
2022-11-25 00:00:00+05:30,4034.9146821427744,4034.9146821427744,3973.8926371945854,4007.8046875,244021,0.0,0.0,3859.4219604492187,3751.4890329207833,70.04650320813509,94.05453917624163,5.928936128057586,88.12560304818405,70.40064527459111,21412457.0,-0.006718852015075917
2022-11-28 00:00:00+05:30,3993.579234472496,4051.487455942408,3986.059178280932,4035.920654296875,222792,0.0,0.0,3880.2742919921875,3762.6432141512187,71.95016648810588,94.65334322676244,5.222192142862724,89.43115108389972,70.0454761593686,21635249.0,0.010602373795138145
2022-11-29 00:00:00+05:30,4047.368353437065,4121.131042955327,4047.368353437065,4105.18115234375,598884,0.0,0.0,3905.1236938476563,3776.0760744724944,75.99708023712378,99.56887509655917,8.11017921012754,91.45869588643163,71.12868419501741,22234133.0,0.014284046782544517
2022-11-30 00:00:00+05:30,4117.251350925869,4203.419299822464,4109.683116652447,4178.8955078125,1101544,0.0,0.0,3932.6314086914062,3791.872914995632,79.40309665693206,108.16573468896058,13.365631042023153,94.80010364693743,73.06507442956719,23335677.0,0.014972162647482998
2022-12-01 00:00:00+05:30,4181.05128500943,4225.06959886884,4153.079219603329,4216.20849609375,501703,0.0,0.0,3965.0726318359375,3808.5135260190877,80.88193037887784,116.64504272608156,17.475951263315295,99.16909146276626,72.98831048927748,23837380.0,0.008408701230327196
2022-12-02 00:00:00+05:30,4215.01113775625,4257.208959886659,4196.139196243032,4246.52783203125,530333,0.0,0.0,3997.5881103515626,3825.690557627408,82.01209653835272,124.37772348264525,20.16690561590319,104.21081786674206,72.13698571458816,24367713.0,0.0074772505326705435
2022-12-05 00:00:00+05:30,4236.900377075964,4241.498383755217,4186.2722540909845,4218.22021484375,212913,0.0,0.0,4026.2861206054686,3841.083877518245,77.4109209522342,126.76052414610513,18.039765023490446,108.72075912261468,71.28831373070797,24154800.0,-0.004408921751685252
2022-12-06 00:00:00+05:30,4213.957208121086,4264.489442921417,4197.815538146221,4238.33740234375,349352,0.0,0.0,4039.9418090820313,3856.6624471192454,78.34091389629168,128.7876162710827,16.05348571877441,112.73413055230829,70.95871309102856,24504152.0,0.005785581822159583
2022-12-07 00:00:00+05:30,4238.337389190964,4248.539538274659,4199.0611499419765,4208.83203125,252294,0.0,0.0,4050.3931274414062,3870.473019045942,73.5576175964697,126.55442390259122,11.05623468022634,115.49818922236489,69.42440417971814,24251858.0,-0.00696154063058115
2022-12-08 00:00:00+05:30,4208.8321526693935,4255.867938970109,4199.875628150105,4210.12548828125,282421,0.0,0.0,4062.8585693359373,3883.7927237218364,73.63361955305948,123.46573786250383,6.374038912111146,117.09169895039268,68.4649689397386,24534279.0,0.00030729085051210974
2022-12-09 00:00:00+05:30,4216.926585649227,4240.3006421873015,4199.875138669199,4224.87744140625,233437,0.0,0.0,4077.785925292969,3897.168595003578,74.53268149135631,120.81560417311903,2.979124178181067,117.83647999493796,66.46214998105027,24767716.0,0.001885462218877905
2022-12-12 00:00:00+05:30,4233.259962491504,4252.419103707794,4199.683754610943,4246.1923828125,233360,0.0,0.0,4093.525146484375,3910.855802368634,75.81586553228166,119.06280980873726,0.9810638510394369,118.08174595769782,65.48166420360751,25001076.0,0.003054955385585347
2022-12-13 00:00:00+05:30,4264.824528485455,4264.824528485455,4224.590334820497,4240.4443359375,158169,0.0,0.0,4107.281384277344,3923.7808429007464,74.72246877057965,115.87416307956346,-1.7660663025074967,117.64022938207096,63.67827345084678,24842907.0,-0.005716575766509375
2022-12-14 00:00:00+05:30,4253.328641380763,4259.076382788034,4205.526685560768,4224.302734375,195654,0.0,0.0,4120.606555175781,3935.566015115423,71.59969954287497,110.767783174746,-5.49795696585997,116.26574014060597,62.954803720590995,24647253.0,-0.006824280335022509
2022-12-15 00:00:00+05:30,4242.120510022196,4296.436855361509,4226.505999075804,4277.708984375,370501,0.0,0.0,4136.903784179687,3948.983386458936,75.28061974008568,109.76507489405049,-5.200532197244399,114.96560709129488,63.61046923958511,25017754.0,0.008389312436722321
2022-12-16 00:00:00+05:30,4272.009608968547,4288.917457922433,4231.009232942764,4257.83203125,346508,0.0,0.0,4153.124426269531,3961.09509801937,71.56300445335621,106.14296730354545,-7.0581118301995645,113.20107913374501,63.20316607816248,24671246.0,-0.003318713911312988
2022-12-19 00:00:00+05:30,4267.698456960055,4346.250931364258,4237.5228113047815,4336.1923828125,330662,0.0,0.0,4172.592517089844,3975.804795462238,76.49171630139115,108.34649547205572,-3.8836669293514348,112.23016240140716,66.45494850539917,25001908.0,0.016049382716049207
2022-12-20 00:00:00+05:30,4338.587504577925,4343.329579103875,4279.2418778857245,4319.47607421875,206833,0.0,0.0,4189.426220703125,3989.2821005115134,73.56260739049604,107.50469383053678,-3.780374856696298,111.28506868723308,66.28585941345287,24795075.0,-0.0044049890290351725
2022-12-21 00:00:00+05:30,4319.47579964128,4339.545185780246,4220.902118441925,4233.068359375,303234,0.0,0.0,4202.056884765625,3998.8423459571404,60.63688508814246,98.72711479246118,-10.046363115817528,108.7734779082787,70.02565997951488,24491841.0,-0.020004149640902233
2022-12-22 00:00:00+05:30,4257.160764046793,4259.412056471155,4192.977647217104,4206.8203125,243325,0.0,0.0,4211.648425292969,4006.9983446450956,57.34085600218639,88.63113756413895,-16.113872275311806,104.74500983945076,69.76914207055314,24248516.0,-0.01182488854354185
2022-12-23 00:00:00+05:30,4191.205566940118,4214.0052246917285,4142.302048118319,4149.77392578125,224215,0.0,0.0,4218.746887207031,4012.597387042592,50.86907484431182,75.1604335294669,-23.667661047987096,98.828094577454,69.90728739218571,24024301.0,-0.009885375579207396
2022-12-26 00:00:00+05:30,4134.063638099496,4214.915119350439,4132.434924017913,4191.3974609375,166686,0.0,0.0,4226.520727539062,4019.609154646314,54.871354696501754,67.07032994178098,-25.40621170853842,92.4765416503194,70.80535224506721,24190987.0,0.013868635767871678
2022-12-27 00:00:00+05:30,4196.522505920893,4215.010889311667,4167.113038296761,4185.5537109375,138087,0.0,0.0,4230.53935546875,4026.116784304792,54.203750289145994,59.50142735949885,-26.380091432656457,85.8815187921553,69.16910215719851,24052900.0,-0.002613781998766213
2022-12-28 00:00:00+05:30,4178.608500198054,4222.147833638785,4178.608500198054,4201.5517578125,159245,0.0,0.0,4231.67216796875,4032.9965871874474,55.78958572233638,54.169494006036985,-25.369619828894656,79.53911383493164,67.33840439173659,24212145.0,0.0054906454178128665
2022-12-29 00:00:00+05:30,4191.062014854495,4205.191881076004,4115.910098595721,4165.484375,244626,0.0,0.0,4229.135961914062,4038.1921867095084,51.46290500407279,46.497567034594795,-26.43323744026948,72.93080447486427,68.9057885409185,23967519.0,-0.006102901785714312
2022-12-30 00:00:00+05:30,4172.094497354219,4191.014148030997,4117.825859312295,4126.35205078125,117753,0.0,0.0,4223.127172851562,4041.6494362809494,47.18698440194408,36.83524434681749,-28.876448102437436,65.71169244925493,69.21168141076018,23849766.0,-0.010963904725067282
2023-01-02 00:00:00+05:30,4195.803724974376,4195.803724974376,4095.361845342767,4111.69482421875,255314,0.0,0.0,4217.8009033203125,4044.3963142392945,45.65680724615032,27.67603619788224,-30.42852500109815,58.10456119898039,71.44240985510649,23594452.0,-0.02004595692953662
2023-01-03 00:00:00+05:30,4076.202695161638,4115.047662227515,4029.454115537515,4063.509765625,496975,0.0,0.0,4209.059521484375,4045.1458613524596,40.954933247277076,16.34079965550609,-33.41100923477944,49.75180889028553,72.45320534331314,23097477.0,-0.00311391029491843
2023-01-04 00:00:00+05:30,4076.059182492564,4096.223989540289,4039.08195002808,4056.94775390625,216319,0.0,0.0,4201.465307617187,4045.6086806682947,40.34557782254522,6.750231063198044,-34.40126226167,41.15149332486804,71.35955064109142,22881158.0,-0.0046887024281691645
2023-01-05 00:00:00+05:30,4056.947926480234,4202.557391610103,4056.947926480234,4131.8603515625,686633,0.0,0.0,4197.55205078125,4048.991099134734,49.57030156629058,5.135260827407365,-28.81298599796854,33.948246825375904,76.66312828843154,23567791.0,0.018465217311098025
2023-01-06 00:00:00+05:30,4131.8602728107735,4185.314085705766,4128.794623344439,4175.7822265625,297438,0.0,0.0,4195.0972900390625,4053.963300210333,54.05618964967839,7.315188581960683,-21.30644659473218,28.621635176692863,75.22429500792407,23865229.0,0.010630067536588742
2023-01-09 00:00:00+05:30,4195.852125387919,4203.419892976818,4153.893791235037,4180.81201171875,170110,0.0,0.0,4191.828271484375,4058.937759485173,54.554734182334684,9.340981637656114,-15.4245228312294,24.765504468885513,73.38870977462817,24035339.0,-0.0035845194777397995
2023-01-10 00:00:00+05:30,4176.692705850065,4179.566576977943,4135.787753028943,4144.9365234375,235445,0.0,0.0,4187.052880859375,4062.310260032323,50.35740207526225,7.959829192899633,-13.444540220788706,21.40436941368834,71.36267755428378,23799894.0,-0.007603188610951894
2023-01-11 00:00:00+05:30,4144.12185788404,4175.399059446803,4117.299062687379,4132.91357421875,224668,0.0,0.0,4182.483422851563,4065.079017451399,48.99687512888575,5.827923730777911,-12.461156546328343,18.289080277106255,70.41534321179383,23575226.0,-0.0027046221249422252
2023-01-12 00:00:00+05:30,4137.703432546075,4158.395397044257,4103.887737959382,4118.49658203125,248083,0.0,0.0,4174.522802734375,4067.1738239055107,47.34504016699947,2.941138892440904,-12.278353107732281,15.219492000173185,69.27908005987103,23327143.0,-0.004641910863825918
2023-01-13 00:00:00+05:30,4123.047335274477,4186.943260587091,4107.193332459396,4153.7978515625,183772,0.0,0.0,4169.32109375,4070.570844597942,51.64386906988611,3.461951316266095,-9.406032547125672,12.867983863391768,70.02699777900132,23510915.0,0.00745820112831091
2023-01-16 00:00:00+05:30,4153.797481841823,4163.712430439202,4119.215140253393,4128.41162109375,84814,0.0,0.0,4158.932055664062,4072.8391103428758,48.57275339467541,1.8054303993476424,-8.8500427712353,10.655473170582942,68.20344723663045,23426101.0,-0.006111482531116824
2023-01-17 00:00:00+05:30,4127.836816970949,4189.098355764966,4111.312058304728,4178.65625,169798,0.0,0.0,4151.891064453125,4076.9888020941357,54.35795627614538,4.4951302159443,-4.928274363710914,9.423404579655214,68.88793653831668,23595899.0,0.012311395843002967
2023-01-18 00:00:00+05:30,4176.692734559358,4236.086071610432,4172.429638589383,4208.97607421875,192855,0.0,0.0,4150.686450195312,4082.164773550003,57.46730840127307,8.96989376815236,-0.3628086492022842,9.332702417354644,68.51425771565467,23788754.0,0.007729402594610127
2023-01-19 00:00:00+05:30,4195.659588535785,4214.9627949398855,4173.914246805625,4188.57080078125,139431,0.0,0.0,4149.773974609375,4086.33755893162,54.76337818862266,10.745770536057535,1.1304544949623114,9.615316041095223,66.55242131698364,23649323.0,-0.001689552644810383
2023-01-20 00:00:00+05:30,4178.608514891111,4178.608514891111,4131.525020980138,4137.36865234375,154486,0.0,0.0,4149.1537109375,4088.3387782811155,48.58584823348831,7.930166185002236,-1.3481198848743894,9.278286069876625,65.87337549442138,23494837.0,-0.00986928122134344
2023-01-23 00:00:00+05:30,4147.954064631626,4174.250172996849,4137.560136993083,4155.47412109375,119143,0.0,0.0,4147.3575439453125,4090.9715368227876,50.70346466795255,7.078146993320843,-1.7601112612446261,8.838258254565469,63.80252872004121,23613980.0,0.0018129555788105125
2023-01-24 00:00:00+05:30,4167.879009487763,4223.584581649077,4141.439771244673,4211.2265625,135586,0.0,0.0,4148.641186523438,4095.6874201826786,56.627502872898745,10.777436149131063,1.5513423156524748,9.226093833478588,65.11269169749575,23749566.0,0.010400386602768567
2023-01-25 00:00:00+05:30,4199.6832636191375,4257.160680548232,4176.6922968475,4203.65869140625,288089,0.0,0.0,4148.746533203125,4099.921587681642,55.64990466324248,12.949215017011738,2.978496946826521,9.970718070185217,66.20952684058408,23461477.0,0.0009466018119867954
2023-01-27 00:00:00+05:30,4248.539410453102,4252.371238557232,4170.753112838301,4196.23486328125,340484,0.0,0.0,4150.2840576171875,4103.698578881627,54.65315276174144,13.910967555756542,3.1521995884570586,10.758767967299484,67.31014104618028,23120993.0,-0.012311183237034905
2023-01-30 00:00:00+05:30,4211.657991435812,4232.254067135998,4138.374280223521,4221.47705078125,218721,0.0,0.0,4155.040307617188,4108.317342485534,57.444187838400644,16.519569629635953,4.608641329869174,11.910928299766779,69.20797289377293,23339714.0,0.0023313999772547624
2023-01-31 00:00:00+05:30,4232.253983598428,4232.253983598428,4084.728607076436,4136.0751953125,605699,0.0,0.0,4156.259326171875,4109.40588573365,46.921729605536655,11.56240535235247,-0.2788183579314456,11.841223710283916,74.80207315293143,22734015.0,-0.022725192925249032
2023-02-01 00:00:00+05:30,4147.858199047587,4257.640172163831,4144.936617102541,4187.1826171875,622541,0.0,0.0,4162.44296875,4112.455953633802,52.5261063220596,11.623767217985915,-0.17396519383840214,11.797732411824317,78.14228055996,23356556.0,0.009480656341854377
2023-02-02 00:00:00+05:30,4328.960538257135,4402.770947656777,4186.272637349895,4380.78564453125,1669243,0.0,0.0,4178.63486328125,4122.978686610172,66.81883252131382,26.983494311440154,12.14860951969267,14.834884791747484,88.02485411331155,25025799.0,0.011971720651207357
2023-02-03 00:00:00+05:30,4397.022535610928,4463.840034926584,4377.959285270639,4434.2392578125,517467,0.0,0.0,4193.75380859375,4135.184983520067,69.54509160472512,42.97407022405878,22.511348345849036,20.46272187820974,87.87170379492821,25543266.0,0.008464073563453184
2023-02-06 00:00:00+05:30,4411.392109069133,4440.4180198845015,4406.602323934421,4431.173828125,315190,0.0,0.0,4206.523388671875,4146.792389190849,69.19398195784348,54.7680305198528,27.444246913314444,27.323783606538356,84.01056037743908,25228076.0,0.004484235036645013
2023-02-07 00:00:00+05:30,4443.962776537868,4467.911702904207,4403.44138022701,4413.16455078125,327040,0.0,0.0,4218.141015625,4157.238356312041,67.05218248460449,61.947538194037406,27.699003669999236,34.24853452403817,82.61482911313607,24901036.0,-0.0069303518740568715
2023-02-08 00:00:00+05:30,4411.34375379224,4445.159444801624,4385.526628587217,4401.6201171875,252710,0.0,0.0,4230.9751953125,4166.821954777745,65.64936224900448,65.94563026526157,25.35767659297872,40.58795367228285,80.97325676322686,24648326.0,-0.002204234615899302
2023-02-09 00:00:00+05:30,4401.668664826532,4460.343529074692,4382.79672546942,4442.3818359375,284415,0.0,0.0,4246.4486083984375,4177.628224627148,68.18066852578522,71.57816850892414,24.79217186931303,46.785996639611106,80.7285101090872,24932741.0,0.009249485640821687
2023-02-10 00:00:00+05:30,4464.079754607707,4472.893146374438,4403.776172538365,4428.34814453125,207919,0.0,0.0,4261.941186523438,4187.460378348877,66.36737281046469,74.05592344794604,21.815941446667942,52.2399820012781,79.89911466101476,24724822.0,-0.008004249932939966
2023-02-13 00:00:00+05:30,4406.601928604512,4441.088378480547,4386.484832843491,4395.1064453125,185536,0.0,0.0,4274.006616210938,4195.603361367059,62.15088659435058,72.50148281066413,16.209200647508823,56.292282163155306,78.0922883021606,24539286.0,-0.0026086956521739805
2023-02-14 00:00:00+05:30,4397.309726308018,4429.593063547736,4388.40091351907,4406.45849609375,245495,0.0,0.0,4287.908959960938,4203.872190179871,63.015051975852366,71.362965190664,12.056546422006946,59.30641876865705,75.45656413976815,24784781.0,0.002080537955058544
2023-02-15 00:00:00+05:30,4406.458702440892,4406.458702440892,4339.737089390251,4395.5380859375,197822,0.0,0.0,4298.7530517578125,4211.388499817425,61.55898316438158,68.78656721163952,7.584118754385969,61.20244845725355,74.83263906197335,24586959.0,-0.0024783204021276086
2023-02-16 00:00:00+05:30,4403.728221289233,4423.749428549047,4374.989511992153,4379.779296875,160313,0.0,0.0,4307.293212890625,4217.99206048635,59.42507410011629,64.72701790443534,2.8196555577454276,61.907362346689915,72.97030174018194,24426646.0,-0.005438329345225121
2023-02-17 00:00:00+05:30,4377.863612138435,4395.106838619506,4324.984197162171,4342.65869140625,203456,0.0,0.0,4314.997607421875,4222.8809479734055,54.62190165627979,57.84764159610586,-3.2477766004672475,61.09541819657311,72.7668974342643,24223190.0,-0.0080415754923413
2023-02-20 00:00:00+05:30,4344.574615228263,4353.914696259843,4257.161036342958,4266.548828125,308681,0.0,0.0,4321.456616210938,4224.593413861703,46.34978347284294,45.727142385137086,-12.294620649148818,58.021763034285904,74.48023761159436,23914509.0,-0.01795936173584701
2023-02-21 00:00:00+05:30,4267.651084121992,4337.486061760361,4263.483877270103,4314.01611328125,229380,0.0,0.0,4329.383715820312,4228.10018638796,51.303030469866215,39.496481792026316,-14.820224993807678,54.31670678583399,74.44609096007031,24143889.0,0.010864297067715063
2023-02-22 00:00:00+05:30,4315.596125587092,4349.986687066257,4289.444087554093,4295.9580078125,262918,0.0,0.0,4333.620288085937,4230.761277424217,49.43321048175722,32.72427511567639,-17.273945336126083,49.998220451802474,73.45298442807702,23880971.0,-0.00455049944506103
2023-02-23 00:00:00+05:30,4301.227048642311,4306.974790800854,4238.768063418506,4264.345703125,210031,0.0,0.0,4336.654638671875,4232.078313726209,46.25498996595059,24.5237096806095,-20.379608616954386,44.903318297563885,73.0782517819535,23670940.0,-0.008574610244988793
2023-02-24 00:00:00+05:30,4272.488510544009,4306.543697108903,4233.834849414938,4255.77197265625,234456,0.0,0.0,4339.631494140625,4233.0074768215045,45.40239584947213,17.135348465534662,-22.214375865623374,39.349724331158036,73.05186577566862,23436484.0,-0.0039125998458520005
2023-02-27 00:00:00+05:30,4242.360363523824,4282.067869007435,4191.061952328306,4203.7548828125,162723,0.0,0.0,4338.745385742188,4231.860316272132,40.522195857504016,7.001960307037734,-25.87821121929624,32.880171526333974,74.33429798305863,23273761.0,-0.009100000330772788
2023-02-28 00:00:00+05:30,4205.431137542374,4287.096969996927,4195.851567752984,4274.16455078125,349283,0.0,0.0,4345.649853515625,4233.519305860726,48.57912011762857,4.599627310770302,-22.62443537245094,27.22406268322124,75.54223400169326,23623044.0,0.016343963553530762
2023-03-01 00:00:00+05:30,4252.370906583514,4267.266950074431,4172.046122671006,4195.65966796875,331092,0.0,0.0,4346.073706054687,4232.034614178688,41.78297329631921,-3.597457595117703,-24.657216222671156,21.059758627553453,77.44053358087547,23291952.0,-0.013336381012052234
2023-03-02 00:00:00+05:30,4205.431471393067,4219.800827217872,4160.455200560438,4209.455078125,147032,0.0,0.0,4337.507177734375,4231.149142176582,43.28451496836789,-8.878189886751898,-23.950358811444282,15.072168924692383,76.14804022920107,23438984.0,0.0009567643080865731
2023-03-03 00:00:00+05:30,4215.011210010454,4257.879789930446,4196.235157433546,4226.458984375,212204,0.0,0.0,4327.1181640625,4230.965214419657,45.16196346966702,-11.557902837328584,-21.304057409616775,9.74615457228819,75.11208253403673,23651188.0,0.0027159534801135914
2023-03-06 00:00:00+05:30,4204.473595105625,4204.473595105625,4099.960384848357,4138.23095703125,681562,0.0,0.0,4312.471020507813,4227.328576875014,38.112221835323425,-20.563812283722655,-24.247973484808675,3.684161201086022,78.78254803350865,22969626.0,-0.015755275084016886
2023-03-08 00:00:00+05:30,4138.23039353688,4186.271840675152,4124.723107090855,4157.19775390625,228626,0.0,0.0,4299.672680664063,4224.578348523298,40.27075880159556,-25.87235797068479,-23.645215337416648,-2.22714263326814,77.5515612871364,23198252.0,0.004583447165965764
2023-03-09 00:00:00+05:30,4157.197916718016,4167.1128650163,4095.457869978602,4111.26416015625,242653,0.0,0.0,4285.1548828125,4220.134654861845,36.912960589297576,-33.400851580461676,-24.938967157754828,-8.461884422706849,77.13037798360509,22955599.0,-0.011049210906472661
2023-03-10 00:00:00+05:30,4126.30370281075,4178.368756971401,4102.690157372446,4129.75244140625,367075,0.0,0.0,4269.523413085937,4216.5902543341745,39.113536368340505,-37.4437588778037,-23.18549956407748,-14.25825931372622,77.02667952755864,23322674.0,0.0008357936894346101
2023-03-13 00:00:00+05:30,4127.836651698346,4163.328770920283,4109.635468968649,4126.49560546875,282671,0.0,0.0,4254.4307861328125,4213.057130849256,38.856412197096894,-40.44437391343854,-20.94889167976985,-19.49548223366869,75.36000970070693,23040003.0,-0.0003248787059062221
2023-03-14 00:00:00+05:30,4133.584189171883,4161.269051140998,4097.181825512895,4112.46142578125,197998,0.0,0.0,4240.29853515625,4209.112201238747,37.70613200966428,-43.45391428493622,-19.16674564101402,-24.287168643922197,74.55481083837812,22842005.0,-0.005110035848783458
2023-03-15 00:00:00+05:30,4133.584535624184,4141.870770285317,4059.438755928484,4064.70751953125,195193,0.0,0.0,4223.210986328125,4203.449272544335,34.016085581104974,-49.12604340180769,-19.871099806308393,-29.2549435954993,75.11746823255345,22646812.0,-0.01666278153968701
2023-03-16 00:00:00+05:30,4084.680868449904,4138.374170294534,4071.317181424021,4129.9443359375,260044,0.0,0.0,4209.931298828125,4200.566726010734,42.32051437486137,-47.8061017327409,-14.840926509793277,-32.96517522294762,75.01383841331995,22906856.0,0.01108127389760386
2023-03-17 00:00:00+05:30,4144.074400812055,4186.272220880358,4124.579881702086,4179.13525390625,294948,0.0,0.0,4199.899096679687,4199.726276124284,47.668740135044295,-42.303098687016245,-7.470338771254902,-34.83275991576134,74.06230275367366,23201804.0,0.00846047867464084
2023-03-20 00:00:00+05:30,4181.099165592386,4183.015079569402,4083.291663515234,4149.72607421875,176552,0.0,0.0,4190.252465820313,4197.765483892695,44.98325998951599,-39.85557389763653,-4.018251185500148,-35.837322712136384,75.89523941799465,23025252.0,-0.007503551131199078
2023-03-21 00:00:00+05:30,4171.902993563394,4201.599662403914,4080.8970729230905,4085.399658203125,231876,0.0,0.0,4181.195007324219,4193.358980924476,39.71321367301108,-42.61525491121938,-5.422345759266392,-37.19290915195299,79.09576442248246,22793376.0,-0.02073474275258335
2023-03-22 00:00:00+05:30,4099.098205446128,4099.098205446128,4052.1583101278634,4066.0009765625,146015,0.0,0.0,4168.794250488281,4188.364549380869,38.25759145738979,-45.8392274041762,-6.917054601778567,-38.92217280239763,76.79891662932407,22647361.0,-0.008074270784645947
2023-03-23 00:00:00+05:30,4071.317117521478,4076.585880850035,4020.305908931356,4064.32421875,197372,0.0,0.0,4157.212561035156,4183.500222689463,38.127504179457716,-47.976505879094475,-7.243466461357471,-40.733039417737004,75.33327772142086,22449989.0,-0.001717601102941117
2023-03-24 00:00:00+05:30,4063.653732291748,4063.653732291748,4013.6963665921176,4023.371826171875,198393,0.0,0.0,4145.1638671875,4177.220677727989,34.99748061359217,-52.37112852659811,-9.31047128708888,-43.06065723950923,73.56860446688239,22251596.0,-0.009912730949434376
2023-03-27 00:00:00+05:30,4046.458270638959,4066.814857854303,4022.269855241903,4037.59716796875,283791,0.0,0.0,4134.255126953125,4171.745245972725,36.93421969935563,-54.08260187031465,-8.817555704644327,-45.26504616567032,71.49549004870511,22535387.0,-0.002189841604077632
2023-03-28 00:00:00+05:30,4051.678919474284,4051.678919474284,3978.3952128092446,4023.419189453125,224554,0.0,0.0,4125.238342285156,4165.928537873917,35.789669353211806,-55.93818067509619,-8.538507607540694,-47.3996730675555,71.6232198070147,22310833.0,-0.00697481971864294
2023-03-29 00:00:00+05:30,4028.209288373672,4117.251580909691,4022.4138354759234,4096.416015625,316461,0.0,0.0,4116.350915527344,4163.202556609253,45.204734986005576,-50.9314009480363,-2.8253823043846396,-48.10601864365166,73.28140020892566,22627294.0,0.016932269991082216
2023-03-31 00:00:00+05:30,4097.613198158767,4151.593698817576,4078.0705019131856,4140.43359375,244995,0.0,0.0,4113.589611816406,4162.309656104969,49.968685166764146,-42.91692169950784,4.151277555315062,-47.0681992548229,73.29867140145888,22872289.0,0.010450082406624954
2023-04-03 00:00:00+05:30,4161.365336089238,4163.28125014821,4102.307378771888,4142.25390625,365323,0.0,0.0,4110.229553222656,4161.523156110657,50.161656266365355,-36.003479448387225,8.851775845148545,-44.85525529353577,72.41832854252057,23237612.0,-0.004592586397905203
2023-04-05 00:00:00+05:30,4151.785943799841,4175.63898130625,4114.425618048066,4145.60693359375,390846,0.0,0.0,4106.186950683594,4160.898990521759,50.54008105980532,-29.909190837342976,11.956851564954235,-41.86604240229721,71.61797387935364,23628458.0,-0.0014882776447853463
2023-04-06 00:00:00+05:30,4145.84623425539,4145.84623425539,4108.00693168975,4119.0234375,208718,0.0,0.0,4105.226574707031,4159.256811971886,47.463053802834736,-26.91423858446069,11.961443054269218,-38.87568163872991,69.20521164265985,23419740.0,-0.006469800190312117
2023-04-10 00:00:00+05:30,4119.0235036960285,4119.0235036960285,4064.6117307902055,4087.02783203125,253654,0.0,0.0,4101.718078613281,4156.424302954607,43.991476294107166,-26.813407043845473,9.649819675907551,-36.463226719753024,68.14853744717149,23166086.0,-0.007767780794663715
2023-04-11 00:00:00+05:30,4087.02776159082,4124.292196346394,4079.220505380528,4097.517578125,248398,0.0,0.0,4101.030749511719,4154.11423531423,45.40145193185993,-25.592053219146692,8.696938800485071,-34.28899201963176,66.50019126993541,23414484.0,0.0025666124983934825
2023-04-12 00:00:00+05:30,4097.5176003769175,4118.065498041791,4083.770823430642,4091.7216796875,325329,0.0,0.0,4099.129211425781,4151.667468426908,44.73139698359675,-24.80585561681437,7.586509122253915,-32.392364739068285,64.19979722287925,23089155.0,-0.001414495617757523
2023-04-13 00:00:00+05:30,4130.40485855967,4238.56124905274,4114.376086056012,4154.95947265625,454438,72.0,0.0,4100.552404785156,4151.796566631981,52.899269343468454,-18.862590755749807,10.82381918665478,-29.686409942404588,70.10263809019075,23543593.0,0.005944844376621803
2023-04-17 00:00:00+05:30,4168.405490637337,4292.151983697399,4150.574493363619,4227.453125,631457,0.0,0.0,4106.301989746094,4154.76349048955,60.166753851718525,-8.208258945376656,17.18252079762235,-25.390779742999005,75.2079846790186,24175050.0,0.014165520723761232
2023-04-18 00:00:00+05:30,4239.486773809031,4262.822932955365,4180.098011518255,4191.64453125,190132,0.0,0.0,4112.648840332031,4156.20980581349,55.602956777257425,-2.6238325675030865,18.213557740396734,-20.83739030789982,75.74490873316802,23984918.0,-0.01128491374347326
2023-04-19 00:00:00+05:30,4215.175890754912,4215.175890754912,4161.049169198072,4183.849609375,347248,0.0,0.0,4115.344104003906,4157.293719678647,54.63150313960751,1.1595143603753968,17.597523734620175,-16.43800937424478,74.2007525062874,23637670.0,-0.007431785100265796
2023-04-20 00:00:00+05:30,4184.970121968217,4207.868095860244,4137.517534700039,4147.35888671875,164008,0.0,0.0,4113.755285644531,4156.904118386102,50.209065559370934,1.1995203813157786,14.110023804448447,-12.910503423132669,73.92573883871007,23473662.0,-0.008987217149301565
2023-04-21 00:00:00+05:30,4149.891924302977,4223.944938213995,4139.465849140777,4216.92919921875,273401,0.0,0.0,4117.115441894532,4159.258043124637,57.30517035192507,6.766962900499493,15.74197305890573,-8.975010158406237,74.67954956974631,23747063.0,0.016153980908076997
2023-04-24 00:00:00+05:30,4216.929482987739,4228.281411896668,4186.918713007966,4200.56005859375,182843,0.0,0.0,4122.873461914062,4160.877730005779,55.307870411777664,9.746002512105406,14.976810136409314,-5.2308076243039086,72.29977452110028,23564220.0,-0.003881834984442539
2023-04-25 00:00:00+05:30,4202.508465220461,4297.997876208545,4200.559701730908,4289.76416015625,353719,0.0,0.0,4134.06162109375,4165.932099815602,62.89714748104951,19.084939055959694,19.452597344210883,-0.3676582882511883,74.09537451799571,23917939.0,0.020762764824368108
2023-04-26 00:00:00+05:30,4287.279946438706,4309.544665860481,4258.827807394303,4292.15185546875,306037,0.0,0.0,4145.4530029296875,4170.881894154942,63.07787935957151,26.37474891945294,21.393925766163303,4.980823153289638,72.42548051429442,24223976.0,0.0011363636363635823
2023-04-27 00:00:00+05:30,4294.100746699815,4315.878275865805,4284.356928350145,4302.72412109375,179769,0.0,0.0,4159.420617675782,4176.0521775643065,63.91601781048621,32.6289430912002,22.118495950328448,10.51044714087175,69.50375672867773,24403745.0,0.0020081909816769164
2023-04-28 00:00:00+05:30,4302.821916340445,4447.907285243773,4295.708643048779,4436.896484375,482939,0.0,0.0,4179.385583496094,4186.281366066686,72.46018643183518,47.860321429491705,29.879899430895964,17.98042199859574,75.41053426198606,24886684.0,0.031159683259349466
2023-05-02 00:00:00+05:30,4448.296547567117,4487.759010778655,4384.718134615197,4395.48486328125,261449,0.0,0.0,4197.9888671875,4194.485424780983,67.17334627618737,55.944829596692216,30.37152607847718,25.573303518215035,77.38413011209114,24625235.0,-0.011872338932697993
2023-05-03 00:00:00+05:30,4374.974362835101,4431.488508279296,4329.519546179718,4411.1240234375,525015,0.0,0.0,4213.724267578125,4202.981056100846,68.11936466726418,62.88886638292661,29.85245029176926,33.03641609115735,79.14018953976876,25150250.0,0.008262827985801809
2023-05-04 00:00:00+05:30,4411.075174790949,4478.258993825816,4394.46215451576,4469.5380859375,244670,0.0,0.0,4230.1794921875,4213.434272957185,71.43109678805601,72.27248006008449,31.38885117514171,40.88362888494278,79.47280738050358,25394920.0,0.013253664657692383
2023-05-05 00:00:00+05:30,4476.943269603654,4518.159905459218,4466.955856092554,4507.490234375,332347,0.0,0.0,4248.44130859375,4224.965879287296,73.36686835601142,81.82821794392567,32.75567124718631,49.07254669673936,77.45361037951501,25727267.0,0.006823174414280785
2023-05-08 00:00:00+05:30,4521.13203864753,4579.594952940386,4456.3841707592255,4480.59765625,831450,0.0,0.0,4265.190844726562,4234.990654854461,69.75986199497221,86.23711497748991,29.731654624600438,56.50546035288947,80.72197979391828,24895817.0,-0.008965538287984966
2023-05-09 00:00:00+05:30,4505.541675596945,4514.55470771184,4465.1533575947615,4477.4306640625,367650,0.0,0.0,4283.1112060546875,4244.498106195953,69.32759478181241,88.4559823366626,25.560417587018506,62.895564749644095,78.48479195985828,24528167.0,-0.006239207970642278
2023-05-10 00:00:00+05:30,4511.09544083439,4548.21900540627,4469.00195834179,4486.9794921875,368807,0.0,0.0,4303.1087890625,4254.007180156406,69.93256067996232,89.94809567548327,21.64202474067133,68.30607093481194,78.53709589590272,24896974.0,-0.005345918516507603
2023-05-11 00:00:00+05:30,4492.095706620458,4532.824680465284,4487.028730340205,4516.40625,282060,0.0,0.0,4324.05322265625,4264.297339758116,71.77978804821082,92.43951449093584,19.306754844899103,73.13275964603673,76.20195963746563,25179034.0,0.005411848938060875
2023-05-12 00:00:00+05:30,4515.28507925038,4555.234731440553,4483.958800797187,4498.2333984375,311033,0.0,0.0,4344.37880859375,4273.471302843583,68.96205744512122,91.88835287422899,15.004474582553797,76.88387829167519,75.85010042360139,24868001.0,-0.003776435045317329
2023-05-15 00:00:00+05:30,4528.780800129531,4559.132699759732,4503.057214310797,4512.21630859375,276965,0.0,0.0,4362.241650390625,4282.833852088687,69.93985193153819,91.5248162026719,11.71275032879737,79.81206587387453,74.78218620207498,25144966.0,-0.0036576050524032688
2023-05-16 00:00:00+05:30,4513.336472730961,4540.8142296485,4448.052892490681,4488.87939453125,263119,0.0,0.0,4375.312963867187,4290.914069439376,66.19193236559116,88.33534200540998,6.818620905228357,81.51672110018163,76.06641127034241,24881847.0,-0.005418846644268069
2023-05-17 00:00:00+05:30,4491.900390159065,4520.352530878575,4466.2253329046525,4513.2392578125,268353,0.0,0.0,4391.3927001953125,4299.632704277538,68.11280251585636,86.7730326025794,4.205049201918214,82.56798340066119,74.4993246063124,25150200.0,0.004750521115780887
2023-05-18 00:00:00+05:30,4530.875632729836,4536.234732940592,4441.23250193174,4447.419921875,155214,0.0,0.0,4404.571215820312,4305.428281438223,58.449572227898706,79.30958923380786,-2.6067153334826685,81.91630456729052,75.96381792077948,24994986.0,-0.018419333837365628
2023-05-19 00:00:00+05:30,4470.463930601855,4475.433373194447,4369.2742802614575,4384.572265625,367664,0.0,0.0,4416.431884765625,4308.531967092607,51.00818770477261,67.54486086244742,-11.497154963874493,79.04201582632192,78.12062327879448,24627322.0,-0.019213143492534956
2023-05-22 00:00:00+05:30,4384.718223109775,4423.937091660923,4370.102495699409,4383.6953125,172174,0.0,0.0,4424.770190429687,4311.479549265447,50.910788768835744,57.487782705541576,-17.243386496624282,74.73116920216586,76.3859070418459,24455148.0,-0.00023328993055555448
2023-05-23 00:00:00+05:30,4372.051241536622,4464.178852628895,4371.076859713236,4405.8134765625,297514,0.0,0.0,4435.032861328125,4315.17891896337,53.33124859619453,50.71758603824492,-19.21086653113676,69.92845256938168,77.57991317568964,24752662.0,0.007722287128092251
2023-05-24 00:00:00+05:30,4421.939748221994,4452.827366329556,4386.03368314352,4404.0107421875,302733,0.0,0.0,4440.745190429688,4318.66251987412,53.101429882761295,44.69151484120812,-20.189550182538852,64.88106502374697,76.80946817642867,24449929.0,-0.004054556835990998
2023-05-25 00:00:00+05:30,4462.668851500561,4584.905244303128,4417.116500232514,4446.396484375,861989,0.0,0.0,4448.457421875,4323.671694952586,57.71524503794038,42.84212778337405,-17.631149792298338,60.47327757567239,84.24411345780004,25311918.0,-0.0036463308542575897
2023-05-26 00:00:00+05:30,4464.6176888220125,4505.736793681011,4446.250495580608,4478.4541015625,231911,0.0,0.0,4457.243920898438,4329.741593251015,60.852171890861285,43.462251228423156,-13.60882107779939,57.07107230622255,82.47569807512879,25543829.0,0.0030991259957441585
2023-05-29 00:00:00+05:30,4493.313340370554,4506.613557373498,4449.027495295681,4458.04052734375,194968,0.0,0.0,4458.301123046875,4334.77292399975,57.906267531142554,41.82437334907809,-12.197359165715575,54.02173251479366,80.69786693246371,25348861.0,-0.007850067501389819
2023-05-30 00:00:00+05:30,4465.591530593157,4505.053991206079,4446.103895722578,4456.09130859375,199772,0.0,0.0,4461.3314453125,4339.530507709318,57.61942884776851,39.90901142538496,-11.290176871526967,51.19918829691193,79.14445468610924,25149089.0,-0.0021274274492689167
2023-05-31 00:00:00+05:30,4453.899264262283,4563.322151480497,4448.296568841258,4537.74462890625,1536463,0.0,0.0,4467.6624755859375,4347.303610501355,65.36021818128559,44.46722337419669,-5.385571938172191,49.85279531236888,81.70739239704712,26685552.0,0.018825159634106418
2023-06-01 00:00:00+05:30,4535.747459283648,4535.747459283648,4470.025213952422,4516.50341796875,188427,0.0,0.0,4470.0107421875,4353.938897068704,62.17859004581068,45.83726749435755,-3.21242225440907,49.04968974876662,80.7082511511029,26497125.0,-0.004242749731471429
2023-06-02 00:00:00+05:30,4518.208879130572,4597.816070825125,4516.601244146913,4534.91943359375,359550,0.0,0.0,4471.3822021484375,4361.036173010863,63.82285319590592,47.85738572959053,-0.9538432153408749,48.81122894493141,80.7514227014795,26856675.0,0.0036984909087233826
2023-06-05 00:00:00+05:30,4540.521966312898,4591.774547665189,4537.744882837816,4562.640625,349558,0.0,0.0,4475.484350585937,4368.942229951614,66.20458211493875,51.106093225732366,1.8358914246407636,49.2702018010916,79.04454351361946,27206233.0,0.00487139118612459
2023-06-06 00:00:00+05:30,4562.6402426371205,4596.8411384529,4553.334611124833,4584.85595703125,185910,0.0,0.0,4480.855615234375,4377.409434935129,68.02152536279543,54.84113449470988,4.456746154894617,50.38438833981526,76.50611378608,27392143.0,0.004869048010081372
2023-06-07 00:00:00+05:30,4594.2103577516045,4782.217523358154,4594.2103577516045,4767.79638671875,1390193,0.0,0.0,4494.896459960937,4392.718727161938,78.34592404649942,71.7360172361332,17.08130311705434,54.654714119078854,85.13864611042456,28782336.0,0.037783648429215166
2023-06-08 00:00:00+05:30,4776.322404675751,4788.843306889293,4732.085562827784,4750.16015625,381452,0.0,0.0,4506.584155273437,4406.736038106568,75.80503427425938,82.74836547494306,22.47492108469136,60.2734443902517,83.11143882121628,28400884.0,-0.005477487951847642
2023-06-09 00:00:00+05:30,4761.121528891432,4852.421292515372,4712.207848715434,4753.76513671875,820375,0.0,0.0,4519.3607421875,4420.34502236587,75.97654320962289,90.72084911282946,24.3579237780622,66.36292533476725,87.19015346255358,29221259.0,-0.0015450964920852698
2023-06-12 00:00:00+05:30,4773.496866390746,4784.215067152186,4740.36788221902,4774.71484375,233763,0.0,0.0,4532.485668945313,4434.241878106424,76.9970254702884,97.60444284742334,24.99321401012486,72.61122883729848,84.09422713902586,29455022.0,0.00025515411308423203
2023-06-13 00:00:00+05:30,4779.294517920259,4824.797865541654,4766.968206712983,4813.5439453125,326814,0.0,0.0,4548.718896484375,4449.116468977251,78.79495715488235,104.98274868609406,25.89721587903645,79.0855328070576,82.21818654542903,29781836.0,0.007166209837837117
2023-06-14 00:00:00+05:30,4820.266748704782,4849.498202608389,4795.907203785109,4815.0537109375,234174,0.0,0.0,4563.809619140625,4463.466949054124,78.86413167524317,109.68752517723351,24.481593896140723,85.20593128109279,80.17338742241837,30016010.0,-0.0010814832537395902
2023-06-15 00:00:00+05:30,4823.190073291499,4891.2992682628965,4788.404451544869,4847.98828125,452909,0.0,0.0,4583.838037109375,4478.546216983374,80.36860765144215,114.75086250801542,23.635944981538103,91.11491752647731,81.79634665781906,30468919.0,0.005141453598484817
2023-06-16 00:00:00+05:30,4847.987930139937,4929.007678530665,4842.677359225811,4915.4638671875,407485,0.0,0.0,4610.3826171875,4495.680242481575,83.03327250341023,122.79283037748246,25.342330280804106,97.45050009667835,82.12020184689293,30876404.0,0.013918338498341806
2023-06-19 00:00:00+05:30,4920.628467457802,4934.6594712996375,4874.150261723547,4892.419921875,197576,0.0,0.0,4635.81884765625,4511.238661281317,79.08523079809913,125.8559055166379,22.724324335967637,103.13158118067027,80.57655954183558,30678828.0,-0.005732711943069252
2023-06-20 00:00:00+05:30,4892.419589298434,4932.807905570025,4879.752625787835,4926.9130859375,251372,0.0,0.0,4661.873828125,4527.539619110971,80.57414795792243,129.57308681279574,21.15320450570036,108.41988230709538,78.61075384471798,30930200.0,0.0070503962322683595
2023-06-21 00:00:00+05:30,4940.700632484918,4954.975231227001,4916.389615369199,4939.67724609375,272200,0.0,0.0,4688.657153320312,4543.701878992649,81.11005809867073,132.0270155693961,18.885706609840568,113.14130895955553,75.75181541708109,31202400.0,-0.0002071338596067395
2023-06-22 00:00:00+05:30,4935.244274281494,4941.9674141699625,4847.549904156057,4859.291015625,145196,0.0,0.0,4709.3018798828125,4556.077923566466,68.32591911608247,126.0324511610279,10.312913761177882,115.71953739985001,77.08507931685426,31057204.0,-0.015389969459526202
2023-06-23 00:00:00+05:30,4844.675008542779,4859.193678490616,4818.6102944772965,4843.45703125,191942,0.0,0.0,4727.552026367188,4567.347692495232,66.11540809064452,118.6364780002159,2.3335524802927097,116.30292551992319,74.48476801905777,30865262.0,-0.0002514053658153794
2023-06-26 00:00:00+05:30,4851.398970843845,4893.345921498742,4825.431312486379,4880.8740234375,179192,0.0,0.0,4748.693701171875,4579.642842728263,68.69298815985488,114.4747607638219,-1.4625318048810243,115.93729256870293,74.01547094715102,31044454.0,0.006075577945824628
2023-06-27 00:00:00+05:30,4872.445234768974,4908.740960655958,4822.362100108935,4827.33154296875,175475,0.0,0.0,4767.255712890625,4589.356125090634,61.48530727613105,105.63840539006469,-8.2391097429106,113.87751513297529,74.89857020428472,30868979.0,-0.009258942815467682
2023-06-28 00:00:00+05:30,4861.191046235384,4891.348354780655,4832.836439265823,4864.26025390625,253814,0.0,0.0,4783.581494140625,4600.136679161836,64.26993589029658,100.45735854364466,-10.736125271464516,111.19348381510918,74.1213017476862,31122793.0,0.000631369481609336
2023-06-30 00:00:00+05:30,4862.360442578133,4903.4305419315215,4828.110540324369,4895.830078125,196106,0.0,0.0,4802.547827148437,4611.7324987290185,66.49981225436927,97.77171113961231,-10.737418140397494,108.5091292800098,74.2069231662195,31318899.0,0.006883413095784495
2023-07-03 00:00:00+05:30,4906.012277666428,4919.263965070406,4862.262630761868,4879.99609375,139105,0.0,0.0,4819.80166015625,4622.252639710233,64.33125088749718,93.29025403657215,-12.175100194750115,105.46535423132227,72.97795253352793,31179794.0,-0.00530291863207549
2023-07-04 00:00:00+05:30,4879.996614760668,4896.1714492407,4845.16246229751,4881.79931640625,121493,0.0,0.0,4835.759594726563,4632.430940757136,64.47333631839842,88.85985094509851,-13.284402628978995,102.14425357407751,71.40874070564668,31301287.0,0.00036940633117019133
2023-07-05 00:00:00+05:30,4896.0736529993455,4984.35274238319,4833.42109133315,4965.54736328125,186513,0.0,0.0,4854.794165039062,4645.494329875729,70.37562992521734,91.05684541394294,-8.86992652810767,99.9267719420506,77.08894858738907,31487800.0,0.014189678343450718
2023-07-06 00:00:00+05:30,5065.8113927419645,5135.333635015533,4989.80960612264,5041.01318359375,966410,0.0,0.0,4868.455004882812,4661.004873158789,74.48864420714958,97.76051796672527,-1.733003180260269,99.49352114698554,83.71018595502437,32454210.0,-0.0048952097158105985
2023-07-07 00:00:00+05:30,5041.013155418896,5056.60326540752,4913.710258697518,4925.01318359375,224712,0.0,0.0,4877.19765625,4671.35814023467,60.56832922459159,92.64504184179077,-5.478783444155823,98.1238252859466,87.93753029466562,32229498.0,-0.02301124163908402
2023-07-10 00:00:00+05:30,4943.039076957921,4968.811666948628,4863.626956955542,4902.943359375,308544,0.0,0.0,4884.656567382813,4680.439913534291,58.33469778799835,85.82085044620999,-9.84237987178929,95.66323031799928,89.16947170169568,31920954.0,-0.008111551812290497
2023-07-11 00:00:00+05:30,4920.628219235683,5025.082141248013,4920.628219235683,4953.65966796875,385742,0.0,0.0,4893.60380859375,4691.154413708192,61.81922679094104,83.54199177115333,-9.696990837476761,93.2389826086301,91.52442242821833,32306696.0,0.0067128519492573565
2023-07-12 00:00:00+05:30,4953.659834207903,4983.817143030947,4913.174458304896,4943.916015625,180640,0.0,0.0,4900.122412109375,4701.066633391204,60.76774562044233,80.02724428297643,-10.569390660522942,90.59663494349937,90.03286973520638,32126056.0,-0.00196699388109303
2023-07-13 00:00:00+05:30,4959.505673832249,5016.117349799334,4941.528615646902,4959.9443359375,232034,0.0,0.0,4907.366943359375,4711.218700157725,61.915315676969534,77.64014579969898,-10.365191315040306,88.00533711473929,88.92971719357965,32358090.0,8.844875560186305e-05
2023-07-14 00:00:00+05:30,4986.8864707136845,5018.066690929167,4954.829401959122,5001.697265625,220335,0.0,0.0,4915.052392578125,4722.61001645056,64.80346398621498,78.21584199670633,-7.831596094426374,86.0474380911327,87.09454374904143,32578425.0,0.0029699482830207466
2023-07-17 00:00:00+05:30,5018.018052405263,5065.811292350158,4989.90704057752,5011.6845703125,272290,0.0,0.0,4919.863427734375,4733.946273464754,65.47785676213677,78.57224546519683,-5.980154100748706,84.55239956594554,86.2952371792983,32850715.0,-0.0012621481283287149
2023-07-18 00:00:00+05:30,5018.066797096124,5028.346335856938,4922.577370665945,4934.416015625,189358,0.0,0.0,4921.963232421875,4741.807831980843,56.4637646770586,71.79219543877025,-10.208163301740228,82.00035874051048,87.68621775156222,32661357.0,-0.016669921875000025
2023-07-19 00:00:00+05:30,4951.760208460352,5012.22041408726,4920.726050283189,4936.12109375,353528,0.0,0.0,4922.4236328125,4749.427959893359,56.605731246031034,65.79806338315029,-12.961836285888154,78.75989966903845,87.9582281838843,33014885.0,-0.003158294031207727
2023-07-20 00:00:00+05:30,4940.11594644644,4963.501110689973,4887.54785568171,4923.11279296875,327126,0.0,0.0,4921.59541015625,4756.2391298178845,55.12875215324797,59.314271386844666,-15.55650262575503,74.8707740125997,87.10073009991136,32687759.0,-0.003441853118836361
2023-07-21 00:00:00+05:30,4931.882143390989,4978.068222582919,4871.909132281553,4917.705078125,438176,0.0,0.0,4924.51611328125,4762.571127790713,54.492211316762884,53.12704660007421,-17.394981930020393,70.5220285300946,88.46204154287238,32249583.0,-0.002874575031154578
2023-07-24 00:00:00+05:30,4917.7052758923255,4918.679657757967,4817.539010413344,4841.60595703125,224646,0.0,0.0,4924.423559570312,4765.67053285897,46.376976643476084,41.603484225752254,-23.13483544347389,64.73831966922614,89.36765624299744,32024937.0,-0.015474558679661252
2023-07-25 00:00:00+05:30,4878.729799857261,4878.729799857261,4750.111398902366,4760.43994140625,396810,0.0,0.0,4918.40185546875,4765.46541162553,39.60259625641875,25.626156512529633,-31.289730525357214,56.91588703788685,92.17128086527585,31628127.0,-0.024246036018324296
2023-07-26 00:00:00+05:30,4774.4707861616025,4866.988527724841,4754.983150299719,4855.92919921875,231869,0.0,0.0,4919.83173828125,4769.013011138989,49.034665834369456,20.433647884505262,-29.18579132270527,49.61943920721053,93.58800204812206,31859996.0,0.017061244419642855
2023-07-27 00:00:00+05:30,4837.80571557792,4887.499188185065,4641.759903924706,4748.55224609375,558492,0.0,0.0,4914.046337890625,4768.210628196039,41.236208592563685,7.566898164433951,-33.64203283422127,41.20893099865522,104.45595077756754,31301504.0,-0.01844916367698896
2023-07-28 00:00:00+05:30,4778.368604612141,4832.349264085622,4726.726366430158,4777.7353515625,357681,0.0,0.0,4908.1416015625,4768.584146759429,43.84993916652928,-0.27212409354888223,-33.18484407376328,32.9127199802144,104.5393041259887,31659185.0,-0.0001325249477467842
2023-07-31 00:00:00+05:30,4779.440633929649,4784.604667562201,4643.173233450567,4671.13818359375,800189,0.0,0.0,4897.698706054687,4764.7627364392065,37.32022579907096,-14.914184856216707,-38.26152386914488,23.347339012928177,107.17445626782053,30858996.0,-0.022660068119070485
2023-08-01 00:00:00+05:30,4701.489935861889,4719.418466656929,4628.411297480704,4693.9384765625,413904,0.0,0.0,4888.3056640625,4761.985314483258,39.398893743270605,-24.397095873833678,-38.195547909409484,13.798452035575806,106.01965004699228,31272900.0,-0.0016061842952779337
2023-08-02 00:00:00+05:30,4715.033514441071,4715.033514441071,4647.80117046578,4686.24072265625,395487,0.0,0.0,4874.34033203125,4759.014938333179,38.929491986615794,-32.16276326906063,-36.76897224370915,4.606208974648519,103.2491281847279,30877413.0,-0.006106593239822214
2023-08-03 00:00:00+05:30,4686.72796550799,4695.156272988777,4647.801221987638,4676.009765625,239070,0.0,0.0,4856.090161132813,4755.759833521093,38.276763136255674,-38.69659311944724,-34.64224167527661,-4.054351444170634,99.25669410018584,30638343.0,-0.002286925966659638
2023-08-04 00:00:00+05:30,4667.289043369673,4708.213080910701,4644.537132106077,4675.5712890625,401478,0.0,0.0,4843.61806640625,4752.615184718796,38.247164743693006,-43.40968195172263,-31.484264406041596,-11.925417545681034,96.71521229336004,30236865.0,0.0017745302713987115
2023-08-07 00:00:00+05:30,4629.287825489397,4691.648259257303,4499.890115729933,4540.37548828125,1079453,0.0,0.0,4825.489672851562,4744.292059368304,30.433048308993833,-57.39242589173409,-36.37360667684244,-21.018819214891646,103.5039930957893,29157412.0,-0.01920648284571658
2023-08-08 00:00:00+05:30,4514.067596922821,4557.62265671156,4478.307592074536,4487.36962890625,533341,0.0,0.0,4802.1751708984375,4734.21666993842,28.01627260076499,-71.92191005821951,-40.72247267466229,-31.199437383557218,101.77621249159179,28624071.0,-0.005914392605633783
2023-08-09 00:00:00+05:30,4501.546457633316,4514.652083370519,4457.796809239191,4483.033203125,912658,0.0,0.0,4779.131030273437,4724.366337906521,27.821617411094095,-82.83171184575622,-41.305819569759194,-41.52589227599702,98.56757403728723,27711413.0,-0.004112643217737537
2023-08-10 00:00:00+05:30,4483.130955768471,4500.328700511692,4415.21634954622,4424.13232421875,587011,0.0,0.0,4752.3404296875,4712.592455016805,25.254911964242822,-95.13397182742119,-42.88646364113933,-52.24750818628186,97.6064866750147,27124402.0,-0.013160140118995838
2023-08-11 00:00:00+05:30,4423.693726620082,4444.155746060395,4374.633503902755,4394.75439453125,1112908,0.0,0.0,4721.9932861328125,4700.128217350704,24.062520469544697,-106.0318853285562,-43.02750171381946,-63.00438361473674,95.60046920948793,26011494.0,-0.00654189324063878
2023-08-14 00:00:00+05:30,4403.913292916465,4409.077325773634,4340.870604711942,4384.328125,557851,0.0,0.0,4690.625463867187,4687.7439000036175,23.636000427028776,-114.19352127833645,-40.95131013087976,-73.24221114745669,93.64377291321676,25453643.0,-0.0044472192374830095
2023-08-16 00:00:00+05:30,4373.610063386067,4396.946221076238,4308.131418800704,4383.25634765625,518358,0.0,0.0,4663.06748046875,4675.80321167627,23.589711058439473,-119.37211263645895,-36.90392119120182,-82.46819144525713,93.29884643909656,24935285.0,0.0022055656838128974
2023-08-17 00:00:00+05:30,4383.256664920687,4409.07778343139,4357.727670650211,4386.27734375,394002,0.0,0.0,4635.57529296875,4664.449256071318,24.041270817564303,-121.82805646071301,-31.487892012364696,-90.34016444834832,90.30250832067392,25329287.0,0.0006891403037123445
2023-08-18 00:00:00+05:30,4383.7438426095705,4438.114158283641,4346.717333158767,4418.8701171875,423415,0.0,0.0,4610.3631591796875,4654.818701605285,28.92168154454791,-119.76388173016221,-23.53897382545111,-96.2249079047111,90.38067380668816,25752702.0,0.00801284834129802
2023-08-21 00:00:00+05:30,4439.235062975852,4443.181119055537,4383.256636857748,4394.94921875,244783,0.0,0.0,4584.225366210938,4644.627741493314,27.523930001794216,-118.69004007326203,-17.972105734840724,-100.7179343384213,88.20523154890965,25507919.0,-0.009976007937765062
2023-08-22 00:00:00+05:30,4408.882360820903,4409.028898701564,4374.974066162698,4396.0693359375,217446,0.0,0.0,4561.94853515625,4634.880353040146,27.700133527129115,-116.40676401288965,-12.551063739574673,-103.85570027331498,84.33734590533506,25725365.0,-0.002906184342150935
2023-08-23 00:00:00+05:30,4438.308874275577,4438.308874275577,4369.810027512817,4396.84912109375,346764,0.0,0.0,4543.768994140625,4625.545794924601,27.831675020739617,-113.22909461964446,-7.49871547706357,-105.73037914258089,83.20602453800826,26072129.0,-0.009341340216794683
2023-08-24 00:00:00+05:30,4422.037156479729,4442.694242928639,4399.772910833609,4426.421875,357303,0.0,0.0,4522.293627929687,4617.737013751088,32.82333721765863,-107.09002746581154,-1.0877186585845209,-106.00230880722702,80.53738863064261,26429432.0,0.000991560759241064
2023-08-25 00:00:00+05:30,4428.175596786931,4443.229510042923,4390.759431046564,4409.85693359375,333873,0.0,0.0,4505.358862304687,4609.584853744917,31.508682732710035,-102.38123767153047,2.896856908557254,-105.27809458008772,78.53258079962235,26095559.0,-0.004136842090560545
2023-08-28 00:00:00+05:30,4409.07805885981,4409.857374064016,4370.687507490738,4395.38818359375,343698,0.0,0.0,4486.24150390625,4601.184984327225,30.36468931234736,-98.6794794261923,5.27889212311635,-103.95837154930865,75.72095835488342,25751861.0,-0.003104929212707153
2023-08-29 00:00:00+05:30,4395.388093316791,4423.693696373393,4371.174608656832,4414.6806640625,340257,0.0,0.0,4473.418627929687,4593.871089414883,33.81527478406643,-93.11568772164082,8.674147062134267,-101.78983478377509,74.06368188071757,26092118.0,0.004389275835515712
2023-08-30 00:00:00+05:30,4436.312098500749,4441.76825632184,4396.118846606282,4434.216796875,367571,0.0,0.0,4460.432543945312,4587.6101367662595,37.208401096320685,-86.13700627324215,12.522262808426362,-98.65926908166851,72.03409101177762,26459689.0,-0.0004723070828260985
2023-08-31 00:00:00+05:30,4447.955533498002,4457.796885163988,4328.2041013985645,4353.29443359375,874564,0.0,0.0,4443.785229492188,4578.421285661455,30.282859003878926,-86.14310527173802,10.012931047944392,-96.15603631968241,76.14542620846662,25585125.0,-0.021281934855542056
2023-09-01 00:00:00+05:30,4360.358673050123,4376.874635316212,4312.613963557506,4369.46923828125,383124,0.0,0.0,4428.458203125,4570.227087724976,32.968493556703024,-83.87589807016866,9.824110599611004,-93.70000866977966,75.29651517634085,25968249.0,0.002089407297485957
2023-09-04 00:00:00+05:30,4369.469167193722,4395.436347289808,4335.755461394994,4391.73388671875,394391,0.0,0.0,4414.266333007812,4563.227354352182,36.589505576180564,-79.36764813010632,11.465888431738676,-90.833536561845,74.18111308480316,26362640.0,0.00509552045639626
2023-09-05 00:00:00+05:30,4391.734184986798,4422.719338357008,4370.102717015021,4399.28564453125,453349,0.0,0.0,4407.211840820312,4556.7982676925385,37.81650126148452,-74.3286494270078,13.203909707869755,-87.53255913487756,72.64079224603061,26815989.0,0.0017194709940020363
2023-09-06 00:00:00+05:30,4404.205907507027,4472.41263616311,4387.689945044923,4452.0966796875,300673,0.0,0.0,4405.448193359375,4552.69232306489,45.72577865938482,-65.32081972491414,17.769391527970726,-83.09021125288487,73.50378502261322,27116662.0,0.010873872199944635
2023-09-07 00:00:00+05:30,4472.412486687501,4472.80214425518,4405.180142116382,4414.6318359375,479124,0.0,0.0,4402.028125,4547.278186314797,41.67599724292203,-60.50765498994133,18.066045010354827,-78.57370000029616,73.08365767376928,26637538.0,-0.012919347426470537
2023-09-08 00:00:00+05:30,4424.375730735906,4432.073251977443,4398.164479098673,4424.1806640625,278293,0.0,0.0,4402.030541992188,4542.450832500981,43.06019232931479,-55.285381173481255,18.630655061451918,-73.91603623493317,70.28545161698361,26915831.0,-4.408908403742592e-05
2023-09-11 00:00:00+05:30,4424.570157517766,4456.822289793392,4423.6933090647135,4451.51171875,302448,0.0,0.0,4404.868408203125,4538.884592746041,46.941648880609115,-48.383568194933105,20.42597443200006,-68.80954262693317,67.63141798210467,27218279.0,0.006089079904509452
2023-09-12 00:00:00+05:30,4451.511988647574,4457.212217596558,4393.390206734982,4450.14794921875,321129,0.0,0.0,4408.159399414062,4535.404724372422,46.770324805966816,-42.5335759014697,21.02077338037077,-63.55434928184047,67.35931747349548,26897150.0,-0.0003064216006387717
2023-09-13 00:00:00+05:30,4450.147638026382,4511.826289978818,4432.560237259069,4490.19482421875,435792,0.0,0.0,4413.506323242187,4533.631787111493,52.27825812210195,-34.27091298321284,23.42674903890211,-57.69766202211495,68.20979856251355,27332942.0,0.00899906912080082
2023-09-14 00:00:00+05:30,4500.66962733457,4513.288062214634,4436.019298412256,4457.16357421875,473085,0.0,0.0,4417.050634765625,4530.633033664719,47.87768668030586,-30.04173647479911,22.12474043785268,-52.16647691265179,68.85686750821817,26859857.0,-0.009666573358681572
2023-09-15 00:00:00+05:30,4465.5922074715645,4471.682094291704,4402.8421088313335,4416.72705078125,408326,0.0,0.0,4416.9434814453125,4526.166132375171,43.095233871674964,-29.611628698550703,18.04387857128087,-47.655507269831574,68.85566164765761,26451531.0,-0.010942592699923702
2023-09-18 00:00:00+05:30,4423.693650644246,4485.079707910895,4404.206013416739,4478.4541015625,304844,0.0,0.0,4421.118725585938,4524.295072343302,51.12163096893234,-24.013099994454933,18.913925820301316,-42.92702581475625,69.71409256526468,26756375.0,0.012378897645925086
2023-09-20 00:00:00+05:30,4478.453768160382,4479.233083282509,4392.220979848331,4411.416015625,357295,0.0,0.0,4421.886059570313,4519.868442668075,43.882389986849496,-24.70090230968526,14.580898804056794,-39.281801113742056,70.94966477018707,26399080.0,-0.014968950447136036
2023-09-21 00:00:00+05:30,4404.205837459873,4448.735277054644,4363.281800917103,4441.76806640625,367638,0.0,0.0,4424.132006835937,4516.80568281467,47.50684041605517,-22.53704078710598,13.395808261308858,-35.93284904841484,71.98565129642662,26766718.0,0.008528717851216791
2023-09-22 00:00:00+05:30,4441.768089759848,4454.873715649615,4394.46204234028,4447.7119140625,210753,0.0,0.0,4425.196508789062,4514.096123255761,48.21223877926298,-20.110722222339973,12.657701460859897,-32.76842368319987,71.15893858306295,26977471.0,0.0013381662848077588
2023-09-25 00:00:00+05:30,4456.871160255851,4467.540831940981,4394.997912092655,4452.9736328125,498354,0.0,0.0,4427.35234375,4511.699162846222,48.86728989292925,-17.560840116358122,12.1660668534734,-29.72690696983152,71.2577943877246,27475825.0,-0.0008744985670904639
2023-09-26 00:00:00+05:30,4453.168811159878,4490.92610921413,4432.901858255203,4482.302734375,330231,0.0,0.0,4431.698071289063,4510.546361729704,52.47572859554929,-13.023302272024921,13.362883758245282,-26.386186030270203,70.31254128566763,27806056.0,0.006542290321918862
2023-09-27 00:00:00+05:30,4483.326160970198,4515.334225570088,4451.950873674515,4508.80615234375,358156,0.0,0.0,4436.404345703125,4510.478118224372,55.52978832752734,-7.205604780843714,15.344464999541191,-22.550069780384906,69.81759918637519,28164212.0,0.0056832785433657725
2023-09-28 00:00:00+05:30,4508.805898687459,4515.577567006336,4389.638714292226,4408.63916015625,390490,0.0,0.0,4435.125463867187,4506.484433594251,44.0168022655854,-10.555993818028583,9.595260769885058,-20.15125458791364,73.82626015264196,27773722.0,-0.022215801873477967
2023-09-29 00:00:00+05:30,4438.308824835078,4443.619395625976,4386.227930533293,4420.916015625,230125,0.0,0.0,4438.50654296875,4503.128809360163,45.50802228265203,-12.081295974236127,6.455966890942012,-18.53726286517814,72.65234621978773,28003847.0,-0.003918792021130719
2023-10-03 00:00:00+05:30,4408.882883441172,4436.604237878532,4371.66178156876,4380.28515625,543482,0.0,0.0,4439.047338867187,4498.311411198981,41.56221179585667,-16.379862844777563,1.7259200163204618,-18.105782861098024,72.10163979764381,27460365.0,-0.006486388490512969
2023-10-04 00:00:00+05:30,4374.974513496277,4423.693606074186,4352.320135447549,4416.3857421875,318564,0.0,0.0,4440.279931640625,4495.098639865198,46.03904404856229,-16.681201966629487,1.1396647155748312,-17.82086668220432,72.04962771400052,27778929.0,0.009465478841870842
2023-10-05 00:00:00+05:30,4423.936931252596,4431.683456808158,4384.718064123492,4417.74951171875,302015,0.0,0.0,4441.203125,4492.0653407222,46.20669910723273,-16.61840397166543,0.9619701684311117,-17.58037414009654,70.25789664047662,28080944.0,-0.0013986229076041687
2023-10-06 00:00:00+05:30,4417.700854201569,4432.901304868712,4399.33366280262,4422.18310546875,238131,0.0,0.0,4439.707446289062,4489.324860908339,46.78554933243319,-16.026142748013626,1.2433851136663314,-17.269527861679958,67.63716417087772,28319075.0,0.0010146117664164241
2023-10-09 00:00:00+05:30,4395.436698128282,4418.82186344752,4378.385015083005,4406.64208984375,255764,0.0,0.0,4439.307958984375,4486.082399297963,44.95927710004486,-16.619225454576736,0.5202419256825799,-17.139467380259315,65.93437318622539,28063311.0,0.002549323874972351
2023-10-10 00:00:00+05:30,4406.349907652449,4425.593949693387,4387.6415853340695,4413.9013671875,222750,0.0,0.0,4438.793994140625,4483.251770587749,46.01924188687509,-16.315410858740506,0.659245217215048,-16.974656075955554,63.935658270017676,28286061.0,0.001713767561204551
2023-10-11 00:00:00+05:30,4406.154670324546,4451.902087916059,4404.8391596891015,4438.2607421875,368192,0.0,0.0,4438.1314453125,4481.487416532837,49.53149029645924,-13.948250866461422,2.4211241675953055,-16.369375034056727,62.730463266941946,28654253.0,0.007286642041685147
2023-10-12 00:00:00+05:30,4464.617233536494,4473.971393606273,4414.923763673909,4443.91162109375,518582,0.0,0.0,4437.81962890625,4480.013855927383,50.338722858476174,-11.483901548178437,3.908378788702633,-15.39228033688107,62.46740374304349,29172835.0,-0.004637712789175063
2023-10-13 00:00:00+05:30,4433.436974929838,4464.617191017256,4399.333613584224,4457.50439453125,445822,0.0,0.0,4436.185107421875,4479.131131951064,52.31451457481307,-8.337949055384343,5.643465025197383,-13.981414080581725,62.66855900661413,29618657.0,0.005428614354395627
2023-10-16 00:00:00+05:30,4443.13297762891,4473.826007771912,4438.309596868901,4468.56396484375,292118,0.0,0.0,4436.755126953125,4478.716733240974,53.920872722653684,-4.895907173646265,7.268405525548369,-12.164312699194634,60.72911985635677,29910775.0,0.005723661061436647
2023-10-17 00:00:00+05:30,4468.710150817435,4491.802714785792,4445.324986835881,4482.49755859375,196669,0.0,0.0,4440.04365234375,4478.8650009018675,55.93487852545195,-1.0318451475131951,8.905974041345152,-9.937819188858347,59.71116329161066,30107444.0,0.0030853215605835004
2023-10-18 00:00:00+05:30,4487.028158536417,4504.567030817341,4468.758499910455,4489.6591796875,217179,0.0,0.0,4440.60390625,4479.288302030715,56.97576299493698,2.57861020405835,10.013143514333358,-7.434533310275008,58.003832406987506,30324623.0,0.0005863616313789451
2023-10-19 00:00:00+05:30,4482.20504824965,4497.746629098928,4444.837884841143,4484.5439453125,228881,0.0,0.0,4444.260302734375,4479.494405688825,55.95900769974232,4.9698757834476055,9.923527274978092,-4.953651491530486,57.63989753918731,30095742.0,0.0005218183991300509
2023-10-20 00:00:00+05:30,4485.079728225641,4489.9516375545845,4441.963330664489,4462.6689453125,351045,0.0,0.0,4445.305346679687,4478.834583713283,51.709271972597485,5.041723450679456,7.996299953767954,-2.954576503088498,56.95049820710932,29744697.0,-0.004996741255702673
2023-10-23 00:00:00+05:30,4455.556240524785,4482.156675704241,4400.649726092927,4414.53466796875,203004,0.0,0.0,4443.646484375,4476.3130183899675,43.82279452917346,1.2007874081182308,3.324291128965383,-2.123503720847152,58.70453045026678,29541693.0,-0.009206835317873373
2023-10-25 00:00:00+05:30,4355.486675454921,4468.125307451137,4355.486675454921,4417.603515625,330082,0.0,0.0,4441.877978515625,4474.010684948204,44.404973005016075,-1.5773687940518357,0.4369079414362531,-2.014276735488089,62.55696627497742,29871775.0,0.014261744966443012
2023-10-26 00:00:00+05:30,4401.867587068992,4408.882850999435,4362.063992922857,4392.318359375,488909,0.0,0.0,4437.378759765625,4470.8070643374895,40.66560469441998,-5.753060689837184,-2.991027163479276,-2.762033526357908,62.055720305489224,29382866.0,-0.002169358233774266
2023-10-27 00:00:00+05:30,4396.410967491974,4427.591187119577,4375.94894836136,4398.65185546875,382794,0.0,0.0,4431.871044921875,4467.977448303422,41.98349939430626,-8.453816068631568,-4.553426033818928,-3.90039003481264,61.31190019496978,29765660.0,0.0005097084857048029
2023-10-30 00:00:00+05:30,4384.717922261328,4393.195233886638,4327.22939839168,4347.3017578125,450526,0.0,0.0,4428.804174804687,4463.24506828417,35.163968209862425,-14.569756807289195,-8.535493417981243,-6.034263389307951,62.03408282940553,29315134.0,-0.008533311631944398
2023-10-31 00:00:00+05:30,4345.840398130425,4364.986905508064,4289.131186581326,4313.10107421875,504625,0.0,0.0,4423.413427734375,4457.357068516899,31.494608446555834,-21.923670814487195,-12.711525940143394,-9.212144874343801,63.0213425506436,28810509.0,-0.0075334851058402805
2023-11-01 00:00:00+05:30,4328.788707062305,4341.845328109957,4236.319968815154,4284.64892578125,395359,0.0,0.0,4418.631616210938,4450.584200174325,28.801961329376123,-29.705129005289564,-16.39438730475661,-13.310741700532954,66.05734374665498,28415150.0,-0.010196797364824425
2023-11-02 00:00:00+05:30,4396.5082303639165,4451.755393154387,4340.1401478816215,4411.27001953125,822845,0.0,0.0,4418.375830078125,4449.042467600087,49.49598059295584,-25.362365077795403,-9.641298701809959,-15.721066375985444,73.2751382914037,29237995.0,0.0033576166343515807
2023-11-03 00:00:00+05:30,4412.000962891462,4465.007239729322,4408.249497660323,4423.2548828125,335012,0.0,0.0,4418.651098632812,4448.031189765279,50.949211152862325,-20.714827436065207,-3.9950088480638115,-16.719818588001395,72.09532427551763,29573007.0,0.002550751918617528
2023-11-06 00:00:00+05:30,4438.211634462165,4509.585102418524,4429.588260244022,4505.15185546875,205763,0.0,0.0,4422.799536132812,4450.2712158712975,59.52077745897431,-10.304435995623862,5.132306073902027,-15.43674206952589,73.11210251341095,29778770.0,0.015082701439201778
2023-11-07 00:00:00+05:30,4491.997668118177,4550.363043261642,4473.240818314582,4535.9423828125,282612,0.0,0.0,4429.26455078125,4453.630869476835,62.19557429019082,0.42550746799224726,12.68979963001451,-12.264292162022263,73.39853983010019,30061382.0,0.00978288902646129
2023-11-08 00:00:00+05:30,4551.289371010347,4566.440819395844,4531.363070649819,4550.9482421875,385727,0.0,0.0,4436.11689453125,4457.4472370341155,63.46271075557764,10.0243578529562,17.83092001198277,-7.806562159026571,70.661340466952,30447109.0,-7.495212785633974e-05
2023-11-09 00:00:00+05:30,4550.947939127414,4565.466133459341,4511.875131999462,4532.921875,208210,0.0,0.0,4440.849951171875,4460.407026758268,60.82518792379286,15.992586181170736,19.039318672157847,-3.046732490987109,69.44203053787538,30238899.0,-0.003960947118826126
2023-11-10 00:00:00+05:30,4538.134968729949,4565.807318305346,4502.6185597447975,4562.00732421875,142336,0.0,0.0,4446.754736328125,4464.391352148876,63.4636735586166,22.80650362749384,20.682588894784757,2.12391473270908,68.99536825378058,30381235.0,0.005260389048208947
2023-11-13 00:00:00+05:30,4542.860100007513,4582.663691903815,4525.029103281565,4576.0380859375,260394,0.0,0.0,4452.681420898438,4468.769655434704,64.6988440171472,29.00440280513976,21.504390457944545,7.5000123471952165,68.18388399438552,30641629.0,0.007303325482097042
2023-11-15 00:00:00+05:30,4602.005324264246,4603.954087899336,4547.829600054279,4590.11767578125,269650,0.0,0.0,4458.759106445313,4473.528401330646,65.94307465786471,34.65293037852007,21.72233442505988,12.930595953460188,67.32249855514777,30911279.0,-0.0025831453128309263
2023-11-16 00:00:00+05:30,4589.338634945468,4607.851890585375,4559.717521076096,4581.64111328125,178375,0.0,0.0,4463.716284179687,4477.768115524787,64.4698032572051,38.007316735118366,20.06137662532654,17.945940109791824,65.9519179090143,30732904.0,-0.001677261644108147
2023-11-17 00:00:00+05:30,4582.517928966319,4624.026691731678,4569.948498013278,4597.42578125,138652,0.0,0.0,4469.1046142578125,4482.460573004208,65.99342387052764,41.4614411916682,18.8124008655011,22.6490403261671,65.10379475254179,30871556.0,0.003253201081756278
2023-11-20 00:00:00+05:30,4571.068686726542,4618.034080488775,4570.727557937034,4591.287109375,126069,0.0,0.0,4474.4417724609375,4486.728280312866,64.8291024465923,43.20547437766436,16.445147241197805,26.760327136466554,63.83256102391311,30745487.0,0.004423128164135451
2023-11-21 00:00:00+05:30,4608.826125018286,4608.826125018286,4545.491305118457,4579.35107421875,129602,0.0,0.0,4480.27587890625,4490.360546740549,62.519393089563906,43.12734971744612,13.093618064783652,30.03373165266247,63.79700808647855,30615885.0,-0.006395348837209377
2023-11-22 00:00:00+05:30,4589.240868584647,4592.115485281212,4543.298860628589,4573.943359375,72533,0.0,0.0,4488.246313476562,4493.638304098763,61.451184755719034,42.14327650931227,9.687635885319843,32.45564062399243,62.72698069834604,30543352.0,-0.0033333419726048422
2023-11-23 00:00:00+05:30,4578.6199996513615,4590.264052270547,4559.08383520546,4585.24560546875,109775,0.0,0.0,4496.62841796875,4497.230747289743,62.87876106152316,41.79361739920114,7.470381420166966,34.32323597903417,60.47364043882755,30653127.0,0.0014470748430516266
2023-11-24 00:00:00+05:30,4585.245837797435,4594.21034096681,4521.6188944340365,4525.17529296875,123628,0.0,0.0,4503.271264648438,4498.3266118261745,51.88158147269464,36.25145365311073,1.5425741392612409,34.70887951384949,61.33919801696653,30529499.0,-0.013100834056378704
2023-11-28 00:00:00+05:30,4513.580200952104,4601.9078180792,4507.490314556519,4592.7001953125,182790,0.0,0.0,4512.973681640625,4502.027536668776,60.28922773598285,36.882782487406985,1.7391223788459982,35.14366010856099,63.701934124517614,30712289.0,0.01752932059204494
2023-11-29 00:00:00+05:30,4595.136351283762,4708.310709865481,4580.958809669987,4680.58935546875,363702,0.0,0.0,4529.6380615234375,4509.0299609354415,68.10167353913958,43.96819782603052,7.05963017397562,36.9085676520549,68.24836027244449,31075991.0,0.018596402294159167
2023-11-30 00:00:00+05:30,4691.648602914785,4751.037366920034,4674.596920557358,4728.333984375,961054,0.0,0.0,4550.39970703125,4517.630118717385,71.39404634796928,52.82707542202024,12.73480621597227,40.09226920604797,68.83350927888961,32037045.0,0.007819294360072703
2023-12-01 00:00:00+05:30,4748.162384716215,4856.318761630539,4735.5439504339365,4843.408203125,485597,0.0,0.0,4578.337670898438,4530.405729870625,77.43839267403162,68.34548329156132,22.602571268410678,45.742912023150645,73.05859984865025,32522642.0,0.020059511594500375
2023-12-04 00:00:00+05:30,4862.165357133816,4866.988737526498,4789.086719501544,4811.25390625,310152,0.0,0.0,4598.336865234375,4541.419383846286,72.80900379441586,77.15989901366265,25.133589592409606,52.026309421253046,73.40455828981477,32212490.0,-0.010470941883767458
2023-12-05 00:00:00+05:30,4811.254275470596,4847.550001613329,4806.625961398704,4821.63134765625,280497,0.0,0.0,4618.255688476563,4552.408088309422,73.3624776577679,84.0142952726319,25.59038868110308,58.42390659152882,71.08452128444408,32492987.0,0.002156833040099208
2023-12-06 00:00:00+05:30,4826.113360421086,4894.027966482386,4825.431102809021,4874.978515625,295686,0.0,0.0,4636.747021484375,4565.057908988464,76.06020574692828,92.68273542434417,27.407063066252277,65.2756723580919,71.17824253742205,32788673.0,0.010125156944023815
2023-12-07 00:00:00+05:30,4874.978609402072,4896.26894864169,4836.003334189003,4887.49951171875,268095,0.0,0.0,4654.324877929687,4577.702677722985,76.65773548927638,99.41686075382768,27.312950716588617,72.10391003723906,70.39876910279813,33056768.0,0.0025684014884762327
2023-12-08 00:00:00+05:30,4895.294579744401,4930.372327529193,4804.677064633686,4815.59033203125,282713,0.0,0.0,4667.556982421875,4587.031605342917,66.4064257230142,97.82358437588664,20.575739470918066,77.24784490496857,74.34851865942018,32774055.0,-0.01628180825786228
2023-12-11 00:00:00+05:30,4832.8362596501065,4847.062329275869,4774.519412981478,4817.48974609375,147976,0.0,0.0,4681.785375976562,4596.0691794900085,66.5337322441215,95.6120124451536,14.691334032148006,80.92067841300559,74.21954706191809,32922031.0,-0.0031754673098458312
2023-12-12 00:00:00+05:30,4840.729164305619,4844.090972089792,4750.11164975642,4777.44287109375,184238,0.0,0.0,4692.557153320313,4603.181873278391,61.26238078463439,89.59508130346603,6.939522312368339,82.65555899109769,75.63095958130764,32737793.0,-0.013073710811694804
2023-12-13 00:00:00+05:30,4784.214806437416,4801.753679454906,4735.495714722168,4793.2763671875,153558,0.0,0.0,4703.4190673828125,4610.636559314043,62.52652585546863,85.1230058090132,1.9739574543324068,83.14904835468079,74.96145994926697,32891351.0,0.0018940539078410974
2023-12-14 00:00:00+05:30,4805.846249278588,4837.805782973976,4771.547818574736,4819.92578125,174503,0.0,0.0,4714.90947265625,4618.843979782119,64.61931628137035,82.77505939744424,-0.29919116578923877,83.07425056323348,74.33978169569365,33065854.0,0.0029296675842522208
2023-12-15 00:00:00+05:30,4811.49734505325,4842.531500645136,4755.470391359332,4788.0146484375,216579,0.0,0.0,4725.2281494140625,4625.478123650957,60.27820113804888,77.44657729054688,-4.502138618149274,81.94871590869616,75.24844795213006,32849275.0,-0.004880538204991961
2023-12-18 00:00:00+05:30,4787.966204443016,4799.317657498847,4713.13339515543,4754.49609375,223278,0.0,0.0,4733.0816650390625,4630.537651890135,56.02106031378945,69.71541370134673,-9.786641765879537,79.50205546722627,76.02957755150776,32625997.0,-0.006990465108537592
2023-12-19 00:00:00+05:30,4766.042514514122,4801.2177926628365,4734.229043885714,4785.4326171875,200718,0.0,0.0,4742.7889404296875,4636.611964254738,58.905815772777004,65.33162741762771,-11.336342439678845,76.66796985730656,75.38380406762306,32826715.0,0.00406838642633365
2023-12-20 00:00:00+05:30,4793.958350126895,4922.528216106414,4790.060823012971,4828.01318359375,457942,0.0,0.0,4755.2220458984375,4644.117894424896,62.54725077371969,64.54925739392911,-9.694969970701962,74.24422736463107,79.79178941414386,33284657.0,0.00710369823424796
2023-12-21 00:00:00+05:30,4803.702441049131,4982.306440891154,4752.595923552953,4929.982421875,796081,0.0,0.0,4773.023999023438,4655.32826805039,69.51406385586401,71.33498356424843,-2.327395040306115,73.66237860455455,90.50026998014799,34080738.0,0.02628805226293099
2023-12-22 00:00:00+05:30,4944.987470592292,5050.902959039829,4920.676455181623,5028.8818359375,582688,0.0,0.0,4795.205810546875,4669.977427575375,74.4736783471162,83.72791335436432,8.052427799847806,75.67548555451651,93.33785811429495,34663426.0,0.016965536483990195
2023-12-26 00:00:00+05:30,5022.938538738249,5110.145716083947,5014.16910191019,5101.81494140625,574310,0.0,0.0,4824.03779296875,4686.912232039331,77.39433998952289,98.30133498396481,18.10067954355864,80.20065544040617,93.52634068997084,35237736.0,0.015703238663918546
2023-12-27 00:00:00+05:30,5107.709887471048,5110.633033152546,5027.810572176766,5083.1552734375,241944,0.0,0.0,4848.560546875,4702.451174839259,75.02903969200612,107.11049425769488,21.527871053830964,85.58262320386392,92.76177785324292,34995792.0,-0.004807362707459056
2023-12-28 00:00:00+05:30,5091.096762989651,5201.883696602718,5053.875185092982,5146.68505859375,655367,0.0,0.0,4871.86533203125,4719.872111457082,77.54523192605869,117.85952789763724,25.821523755018646,92.03800414261859,96.70797311442102,35651159.0,0.010918726983978102
2023-12-29 00:00:00+05:30,5125.784238294669,5248.069160173514,5104.445370985826,5201.68896484375,535691,0.0,0.0,4895.5330810546875,4738.766890021266,79.47373093761865,129.3257829243994,29.83022302542463,99.49555989897476,100.0591028339401,36186850.0,0.014808412336593794
2024-01-01 00:00:00+05:30,5202.224434164453,5212.845100638074,5154.479725928068,5183.51611328125,130032,0.0,0.0,4912.5384765625,4756.208036031461,77.1171832398102,135.38583180449132,28.712217524413248,106.67361428007807,97.08097939651624,36056818.0,-0.003596215641974233
2024-01-02 00:00:00+05:30,5183.51620681372,5198.2784719792335,5090.268152263488,5153.359375,193517,0.0,0.0,4929.64375,4771.782598343953,73.23634733512324,136.18520913478278,23.609275883763758,112.57593325101902,97.86164656217544,35863301.0,-0.00581783303273531
2024-01-03 00:00:00+05:30,5153.359399608785,5197.255110424969,5105.76075240186,5119.20703125,123303,0.0,0.0,4944.522534179688,4785.407085908897,69.00135553811627,132.53513022962852,15.967357582887587,116.56777264674093,97.40684023795636,35739998.0,-0.006627204840667126
2024-01-04 00:00:00+05:30,5119.207078071883,5237.302346405837,5087.247544294861,5223.953125,413391,0.0,0.0,4961.971264648438,4802.604969794822,73.97253820528796,136.52082369163418,15.962440835914592,120.55838285571959,101.16740894317206,36153389.0,0.020461381094895804
2024-01-05 00:00:00+05:30,5223.953206396089,5225.950974646017,5121.350988208402,5137.2822265625,299017,0.0,0.0,4974.460400390625,4815.7295680994375,64.72345182390475,131.17380731281628,8.492339565677355,122.68146774713892,101.41259304991802,35854372.0,-0.016591071246095917
2024-01-08 00:00:00+05:30,5169.095564712318,5169.095564712318,5038.57692937166,5044.7158203125,236628,0.0,0.0,4985.916674804687,4824.709421127402,56.58577610259884,118.1054765195795,-3.6607929820475533,121.76626950162705,103.49159607068516,35617744.0,-0.02406218705819971
2024-01-09 00:00:00+05:30,5065.811082413668,5076.72434910712,4980.065482249712,4991.17333984375,194434,0.0,0.0,4994.600854492188,4831.2374179398075,52.47590314353068,102.2496294331313,-15.613312054796609,117.86294148792791,103.00354398402256,35423310.0,-0.014733621399548183
2024-01-10 00:00:00+05:30,4980.065648734495,5011.879121068019,4922.089928503679,4956.33935546875,191450,0.0,0.0,5003.545678710938,4836.143376274276,49.93484737480572,85.88293989180329,-25.5840012768997,111.46694116870299,102.0596617397595,35231860.0,-0.004764253112160109
2024-01-11 00:00:00+05:30,4972.173029995595,5053.533914188903,4946.497973182511,5005.107421875,277823,0.0,0.0,5014.137231445313,4842.769417278226,53.341311865135935,75.97164210246683,-28.396239252988934,104.36788135545576,102.41511025880469,35509683.0,0.006623742110486033
2024-01-12 00:00:00+05:30,5017.092374742084,5115.894603689146,4969.39619069771,5019.138671875,462298,0.0,0.0,5024.097875976562,4849.685858634962,54.304665394550135,68.45990859683388,-28.726378206897508,97.18628680373139,105.56391759684975,35971981.0,0.0004078651497863535
2024-01-15 00:00:00+05:30,5027.761671767447,5094.0681644328,4987.860545855298,5044.7158203125,400069,0.0,0.0,5036.932934570313,4857.3340924262375,56.0846252466972,63.8348197302048,-26.68117365882128,90.51599338902608,105.60989623832486,36372050.0,0.0033721066454394373
2024-01-16 00:00:00+05:30,5035.995017541073,5084.324452063575,4976.411663051302,4999.16357421875,203028,0.0,0.0,5049.16630859375,4862.896032888689,52.18580604560253,55.84991486448325,-27.732862819634263,83.58277768411752,105.7743885793212,36169022.0,-0.0073136377605684845
2024-01-17 00:00:00+05:30,4984.011699759132,5003.694403470571,4925.50025987902,4932.02880859375,270672,0.0,0.0,5056.496118164063,4865.607122132024,47.00007284213176,43.60198912365286,-31.984630848371722,75.58661997202458,103.80437108019478,35898350.0,-0.010429929602270878
2024-01-18 00:00:00+05:30,4931.346400121429,4947.86236230986,4846.770248298282,4886.6708984375,514119,0.0,0.0,5059.42900390625,4866.433152575377,43.831019233071544,29.890852315679695,-36.55661412507591,66.4474664407556,103.61063843243645,35384231.0,-0.009059493708012224
2024-01-19 00:00:00+05:30,4900.165968972691,5037.2126711011815,4883.893602946541,5007.0068359375,329252,0.0,0.0,5063.280224609375,4871.9458460405585,52.90386127180183,28.4073201747824,-30.432117012778562,58.83943718756096,107.161240555451,35713483.0,0.02180352005244585
2024-01-23 00:00:00+05:30,5034.04603199984,5056.895475498969,4799.707209303066,4918.77685546875,491135,0.0,0.0,5057.774975585938,4873.782356214213,46.91964788489637,19.88298948369811,-31.165158163090283,51.048147646788394,117.87745667262618,35222348.0,-0.022897918651986968
2024-01-24 00:00:00+05:30,4918.777179440525,5041.110632072895,4901.140772559738,5010.51513671875,611741,0.0,0.0,5053.209985351563,4879.14442603792,52.886974322638984,20.295949532179293,-24.601758491687285,44.89770802386658,119.4554854469498,35834089.0,0.018650561700918365
2024-01-25 00:00:00+05:30,5018.066416089247,5102.398973025446,4975.291148978418,5010.173828125,342129,0.0,0.0,5049.5609130859375,4884.282833962904,52.86316316802328,20.360973961178388,-19.62938725015055,39.99036121132894,120.00208106124109,35491960.0,-0.0015728344963591627
2024-01-29 00:00:00+05:30,5010.27120013163,5085.785789398492,4980.260431093229,5005.3017578125,275710,0.0,0.0,5042.491748046875,4889.028674113869,52.499800426848594,19.79122995371381,-16.159305006092104,35.950534959805914,118.96802943581406,35216250.0,-0.0009918509638759349
2024-01-30 00:00:00+05:30,5031.025422124769,5059.86721892897,4950.833989265724,4961.30859375,146422,0.0,0.0,5030.472729492188,4891.863180766267,49.2105154950388,15.609882045971062,-16.272522331067883,31.882404377038945,118.25840088063062,35069828.0,-0.013857379465461936
2024-01-31 00:00:00+05:30,4961.308832354607,5086.273305816478,4902.845920793498,5065.2265625,549238,0.0,0.0,5024.558251953125,4898.661744755826,56.192549451940884,20.445759317159172,-9.14931604790382,29.595075365062993,122.91332831936981,35619066.0,0.020945628191437162
2024-02-01 00:00:00+05:30,5062.936278626552,5068.685511770243,4995.752940080746,5016.7021484375,344394,0.0,0.0,5017.725390625,4903.290780194323,52.55916821200011,20.13065851533065,-7.571533479785874,27.702191995116525,119.34327427437884,35274672.0,-0.009131880719935528
2024-02-02 00:00:00+05:30,5034.387629737564,5075.55526458663,4999.992139332396,5016.9462890625,176167,0.0,0.0,5012.612353515625,4907.747858973467,52.57578307776873,19.6738510593068,-6.422672748647781,26.09652380795458,116.21612077293995,35450839.0,-0.003464441349736284
2024-02-05 00:00:00+05:30,5037.456566833126,5105.517233340981,4948.398162034863,4993.2197265625,231620,0.0,0.0,5001.07568359375,4911.099696918136,50.71679833640258,17.199032812459336,-7.117992796396194,24.31702560885553,119.13776009673836,35219219.0,-0.00878158246800255
2024-02-06 00:00:00+05:30,4993.219655821216,4993.706846733093,4864.649783868084,4878.7783203125,336609,0.0,0.0,4988.15048828125,4909.83219195321,42.84730712752565,5.934843285014722,-14.705745859072646,20.640589144087368,119.84628172304338,34882610.0,-0.022919347314372163
2024-02-07 00:00:00+05:30,5008.322866283292,5051.098135687145,4798.830761954321,4948.15478515625,1258830,0.0,0.0,4983.322436523437,4911.335038745487,48.104327202885514,2.5762949158915944,-14.451435382556621,17.027730298448216,129.30493115231343,36141440.0,-0.012013618677042835
2024-02-08 00:00:00+05:30,4970.3220496166,4991.173727028633,4709.333763717204,4750.6474609375,623680,0.0,0.0,4971.296142578125,4905.033565105958,37.52269459754699,-15.839975908318593,-26.294164965413447,10.454189057094855,140.20029059225024,35517760.0,-0.04419725452117246
2024-02-09 00:00:00+05:30,4750.647514194595,4850.521659616468,4735.5445946429945,4844.1396484375,411953,0.0,0.0,4965.6861572265625,4902.645568373861,43.822247060270406,-22.630099335738123,-26.467430714266385,3.83733137852826,138.39863161948048,35929713.0,0.019679871841376862
2024-02-12 00:00:00+05:30,4844.139553019608,4869.912144249292,4814.17730998323,4842.873046875,158487,0.0,0.0,4957.574438476562,4900.301547922926,43.75787565090045,-27.793143178893843,-25.304379645937683,-2.4887635329561606,132.4940746656649,35771226.0,-0.0002614512093934813
2024-02-13 00:00:00+05:30,4842.872611387413,4923.940891662542,4813.641157395147,4853.98046875,262011,0.0,0.0,4949.3165283203125,4898.485035014184,44.52742177876049,-30.63546987875816,-22.517365076641596,-8.11810480211656,130.908764637217,36033237.0,0.002293650536350794
2024-02-14 00:00:00+05:30,4840.290181546468,4896.268606973955,4823.18997104897,4882.2861328125,277479,0.0,0.0,4941.195043945312,4897.849783947452,46.53506594266569,-30.255240161372058,-17.709708287404396,-12.545531873967661,126.77804115777185,36310716.0,0.008676329246982039
2024-02-15 00:00:00+05:30,4882.578626741687,4914.148501620925,4806.479313697314,4823.7255859375,189625,0.0,0.0,4932.42314453125,4894.942952652945,43.06269543598343,-34.2840469407829,-17.39081205345219,-16.89323488733071,125.41312306961754,36121091.0,-0.012053680094745688
2024-02-16 00:00:00+05:30,4827.0877109580215,4843.213540353619,4769.355586033867,4787.8203125,352139,0.0,0.0,4925.212719726563,4890.74206480381,41.04061963275669,-39.91405643601138,-18.416657238944534,-21.497399197066844,121.73061101605565,35768952.0,-0.008134801107690702
2024-02-19 00:00:00+05:30,4793.910185241002,4821.777125602991,4761.462984091182,4799.07421875,182521,0.0,0.0,4920.8328857421875,4887.147247311504,41.96053809980867,-42.97242398713388,-17.180019832053627,-25.792404155080252,117.34372033718087,35951473.0,0.0010772069791579145
2024-02-20 00:00:00+05:30,4784.360901311768,4807.600003373513,4754.10653545843,4795.0791015625,129279,0.0,0.0,4910.236499023437,4883.5367317919345,41.71172941452534,-45.19756547391353,-15.52412905506662,-29.673436418846908,112.78298802131673,35822194.0,0.0022402574704999513
2024-02-21 00:00:00+05:30,4808.330822647284,4860.508780279514,4762.778471270059,4796.8818359375,235932,0.0,0.0,4904.141748046875,4880.138500581957,41.87920170449855,-46.28203010202924,-13.286874946545865,-32.995155155483374,111.70779666332665,36058126.0,-0.002381073002685007
2024-02-22 00:00:00+05:30,4798.782182493819,4840.72913170172,4735.495889708204,4829.96240234375,255308,0.0,0.0,4895.114111328125,4878.170810454968,45.0019362599445,-43.96534575145688,-8.776152476778805,-35.189193274678075,111.24532847262586,36313434.0,0.006497527636006846
2024-02-23 00:00:00+05:30,4829.962498802486,4843.067649756443,4786.261375891837,4809.89013671875,115910,0.0,0.0,4885.099926757813,4875.493136975117,43.47557622197564,-43.25045645825594,-6.44901054686229,-36.80144591139365,107.356824572053,36197524.0,-0.004155800813922009
2024-02-26 00:00:00+05:30,4823.1415986894535,4830.010800380233,4766.286322941435,4776.322265625,78084,0.0,0.0,4873.650952148438,4871.604083196681,40.972737557560755,-44.875254205155215,-6.459046635009251,-38.416207570145964,104.24022834824909,36119440.0,-0.009707227562461633
2024-02-27 00:00:00+05:30,4754.009284646353,4813.007918314707,4754.009284646353,4778.7099609375,434014,0.0,0.0,4864.521020507813,4867.961176441419,41.231898149796365,-45.44637356363637,-5.624132794792324,-39.82224076884405,101.00868587111374,36553454.0,0.005195756846946163
2024-02-28 00:00:00+05:30,4768.965493846245,4790.158297266832,4742.511124041225,4762.5830078125,96877,0.0,0.0,4849.388842773437,4863.8286992402855,39.95588492494145,-46.662404950610835,-5.47213134541343,-41.190273605197405,97.19714925357754,36456577.0,-0.0013383376419857115
2024-02-29 00:00:00+05:30,4759.90340987024,4853.297996396787,4705.14344061157,4838.00048828125,447941,0.0,0.0,4840.453759765625,4862.815828222284,48.05229653730024,-41.06716152750687,0.09848966215243138,-41.1656511896593,100.83696400583749,36904518.0,0.016407282183303687
2024-03-01 00:00:00+05:30,4838.000743582701,4858.949952455533,4788.258266818905,4801.46142578125,316277,0.0,0.0,4829.679516601563,4860.409773224596,44.893812522690084,-39.13021897063027,1.6283457752232238,-40.75856474585349,98.68372983660822,36588241.0,-0.007552565561284402
2024-03-04 00:00:00+05:30,4780.317149621693,4815.833556829072,4709.674468547993,4714.93603515625,307520,0.0,0.0,4815.76533203125,4854.704920751328,38.44887103668743,-44.06905332526367,-2.6483908635281352,-41.42066246173553,99.21768401121332,36280721.0,-0.013677149950315947
2024-03-05 00:00:00+05:30,4715.082501096046,4742.75532742871,4687.751279352249,4702.02587890625,156956,0.0,0.0,4806.927709960937,4848.717507345639,37.58194049369221,-48.466169021055975,-5.636405247456352,-42.82976377359962,96.05956715873101,36123765.0,-0.0027691185014813765
2024-03-06 00:00:00+05:30,4715.033912024439,4762.583557406074,4666.07122260943,4755.71435546875,190965,0.0,0.0,4797.305688476563,4845.070324919095,43.306813353336764,-47.07604023618023,-3.397021170064484,-43.67901906611575,96.0919077042962,36314730.0,0.008627815664393516
2024-03-07 00:00:00+05:30,4745.239608512112,4776.419827705621,4711.233777108669,4763.89892578125,216747,0.0,0.0,4797.96826171875,4841.887132796042,44.14781193143552,-44.79752871043911,-0.8948077154586898,-43.90272099498042,93.88434648234308,36531477.0,0.003932218140400487
2024-03-11 00:00:00+05:30,4768.673051528928,4830.643829079553,4746.311274712602,4810.91259765625,295000,0.0,0.0,4796.306909179688,4840.672445143501,48.84230133855674,-38.751478576760746,4.120993934575743,-42.87247251133649,93.20207561695791,36826477.0,0.008857714855032672
2024-03-12 00:00:00+05:30,4809.256528248136,4813.446179755574,4728.479894937579,4744.4111328125,140625,0.0,0.0,4791.383813476563,4836.897491718756,43.298442432659115,-38.87789257834629,3.195663946392159,-42.07355652473845,92.61380484560343,36685852.0,-0.013483455302239324
2024-03-13 00:00:00+05:30,4767.260662600911,4847.549630676125,4698.469209873422,4732.2314453125,410729,0.0,0.0,4785.296362304687,4832.792940879295,42.350324396060195,-39.50548098325362,2.05446043318787,-41.55994141644149,96.64713455682482,36275123.0,-0.00734787119219528
2024-03-14 00:00:00+05:30,4728.918799896232,4826.064862424766,4660.4684736833415,4812.37451171875,240217,0.0,0.0,4781.80078125,4831.992218167117,50.09415803946065,-33.15379730246059,6.724915291184729,-39.87871259364532,101.57208128429623,36515340.0,0.017647947734765444
2024-03-15 00:00:00+05:30,4791.47433646468,4880.386682464479,4786.163764942582,4846.7705078125,491571,0.0,0.0,4782.95302734375,4832.5717589375245,53.011436808425216,-25.055745758149897,11.858373468396337,-36.914119226546234,101.04714101555345,37006911.0,0.011540533761601928
2024-03-18 00:00:00+05:30,4852.42138671875,4885.5503680738575,4832.93375062751,4852.42138671875,143928,0.0,0.0,4786.183081054687,4833.350175713259,53.49243444730774,-17.974800552757188,15.15145493903124,-33.12625549178843,97.58781790346733,37150839.0,0.0
2024-03-19 00:00:00+05:30,4870.934853058971,4871.8607061225575,4677.032865509715,4693.548828125,265081,0.0,0.0,4780.906811523438,4827.867769925485,40.83599616321281,-24.895804846008105,6.584360516624262,-31.480165362632366,104.53353381127987,36885758.0,-0.03641724438637731
2024-03-20 00:00:00+05:30,4698.566719891585,4709.0413245692,4638.057513064566,4679.8583984375,300159,0.0,0.0,4775.145776367188,4822.063480847525,39.958626592228036,-31.126645280509365,0.2828160656984018,-31.409461346207767,102.13712507509088,36585599.0,-0.003981708161104283
2024-03-21 00:00:00+05:30,4689.212259102437,4700.417649435877,4645.657203758303,4683.56103515625,449591,0.0,0.0,4769.479736328125,4816.632012389045,40.33201385754608,-35.35827123561194,-3.159047911523338,-32.1992233240886,98.75307654669685,37035190.0,-0.0012051542207792707
2024-03-22 00:00:00+05:30,4677.0328558581705,4767.601838657129,4662.31959484464,4740.36767578125,264787,0.0,0.0,4765.0,4813.6412540907,45.89164410155632,-33.73912056669633,-1.2319177940861863,-32.50720277261014,99.21944563711054,37299977.0,0.013541666666666695
2024-03-26 00:00:00+05:30,4626.754355694605,4847.549362516669,4619.251901441157,4834.3466796875,554559,0.0,0.0,4766.222827148437,4814.453231565085,53.59508756982876,-24.589163228823054,6.334431635029674,-30.923594863852728,108.43930388271063,37854536.0,0.04486780754577791
2024-03-27 00:00:00+05:30,4832.934016237668,4852.421653399917,4754.983467588673,4794.15380859375,327107,0.0,0.0,4767.114404296875,4813.657175762288,50.296976216147684,-20.346443769547477,8.461720875444204,-28.80816464499168,107.65350973474872,37527429.0,-0.008024154170866982
2024-03-28 00:00:00+05:30,4815.686981780804,4843.846996430096,4739.977801353569,4785.4326171875,648795,0.0,0.0,4767.450537109375,4812.550330327982,49.58397035439884,-17.486215088624704,9.057559645093583,-26.543774733718287,107.38320154487573,36878634.0,-0.00628246078031341
2024-04-01 00:00:00+05:30,4803.6537126328085,4833.615952779556,4758.637083469239,4769.7939453125,181877,0.0,0.0,4767.811083984375,4810.873609346983,48.26275957955882,-16.293551455837587,8.200178622304563,-24.49373007814215,105.06860638526442,36696757.0,-0.007048752750695361
2024-04-02 00:00:00+05:30,4784.214710210104,4788.989085947694,4745.239437621834,4774.42236328125,93480,0.0,0.0,4764.632177734375,4809.444148716955,48.698450666583405,-14.804228356222666,7.751601377535589,-22.555829733758255,100.68868080959263,36790237.0,-0.0020468033986761314
2024-04-03 00:00:00+05:30,4745.239604329186,4771.4993854670265,4682.879165997139,4710.74658203125,246246,0.0,0.0,4760.096435546875,4805.5736559057505,43.296455916256406,-18.548220120271253,3.2060876907896017,-21.754307811060855,100.03543198634391,36543991.0,-0.007268973787217579
2024-04-04 00:00:00+05:30,4715.9597254162445,4730.62398226136,4658.1300662355625,4690.28466796875,372526,0.0,0.0,4758.8638671875,4801.052519123908,41.695835501701936,-22.902460713953587,-0.9185223223141854,-21.983938391639402,98.06818084630487,36171465.0,-0.0054442910759226965
2024-04-05 00:00:00+05:30,4690.284242318665,4723.413222916051,4668.847843108591,4689.748046875,189143,0.0,0.0,4758.249975585937,4796.687637859244,41.65234627944924,-26.095713451935808,-3.2894200482371225,-22.806293403698685,94.9608379149588,35982322.0,-0.00011432045819887595
2024-04-08 00:00:00+05:30,4701.440827902359,4716.982408298556,4658.519498879446,4703.14599609375,235219,0.0,0.0,4755.621557617187,4793.019338182166,43.24402645991374,-27.231380320916287,-3.54006953377408,-23.691310787142207,92.35384302239821,36217541.0,0.00036269055674824564
2024-04-09 00:00:00+05:30,4725.751776100443,4725.751776100443,4660.8578524329205,4671.86865234375,180114,0.0,0.0,4751.020043945313,4788.268330894386,40.468617422372965,-30.305877451076412,-5.291653331147362,-25.01422411992905,90.39242021133565,36037427.0,-0.011402021585051526
2024-04-10 00:00:00+05:30,4695.059005852632,4695.107534636814,4625.926422378739,4685.51025390625,509880,0.0,0.0,4744.749926757812,4784.238602385048,42.21069903073298,-31.281086446060726,-5.013489860905338,-26.26759658515539,88.8773267861028,36547307.0,-0.00203378742087783
2024-04-12 00:00:00+05:30,4694.571346658468,4697.348429844896,4623.441477769703,4630.0185546875,620568,0.0,0.0,4739.030297851563,4778.1907573773005,37.41437644418408,-36.115347716606266,-7.878200905160703,-28.237146811445562,87.80801430675207,35926739.0,-0.013750518887505293
2024-04-15 00:00:00+05:30,4623.441733810168,4654.719485372505,4572.627817074611,4639.90869140625,421873,0.0,0.0,4734.41416015625,4772.767931260789,38.750201122268685,-38.70234666363922,-8.372159881754921,-30.330186781884297,87.39970387754794,36348612.0,0.0035616232547416946
2024-04-16 00:00:00+05:30,4626.364749899938,4650.237103811595,4571.1171119668725,4619.251953125,516581,0.0,0.0,4724.758032226562,4766.747696824092,36.975079435881334,-41.9359762808881,-9.284631599203038,-32.65134468168506,86.80829587520329,35832031.0,-0.0015374483335089117
2024-04-18 00:00:00+05:30,4623.441747370874,4636.790968646942,4547.050307647819,4574.72265625,670722,0.0,0.0,4711.1556396484375,4759.217303076089,33.420887174253366,-47.54373853764173,-11.913915084765335,-35.629823452876394,87.01775052691184,35161309.0,-0.010537407797681841
2024-04-19 00:00:00+05:30,4562.104293238135,4577.645873859574,4522.1061091064885,4548.70654296875,424834,0.0,0.0,4695.969897460937,4750.961979150311,31.514862664806916,-53.47083494314393,-14.272809192214027,-39.1980257509299,84.76932297163852,34736475.0,-0.002936747914606651
2024-04-22 00:00:00+05:30,4554.163469137511,4641.85784017375,4542.860543938358,4631.529296875,321925,0.0,0.0,4692.868920898438,4746.27834455128,42.715431686819635,-50.898273867262105,-9.36019849306576,-41.538075374196346,85.78560677619235,35058400.0,0.01698793384598045
2024-04-23 00:00:00+05:30,4634.160188172191,4688.725573062359,4602.054115146605,4674.88916015625,279440,0.0,0.0,4692.620458984375,4743.478768692651,47.55157464470445,-44.843790781189455,-2.6445723255944884,-42.199218455594966,85.84888185758963,35337840.0,0.008788857167262387
2024-04-24 00:00:00+05:30,4674.1095219364815,4716.007939581524,4658.519413045303,4705.2412109375,412282,0.0,0.0,4693.7044677734375,4741.979256623821,50.68979281236542,-37.16796333483671,4.025004096606601,-41.192967431443314,83.82314219177758,35750122.0,0.0066604534735250735
2024-04-25 00:00:00+05:30,4692.769065929904,4734.521423483283,4625.877846879375,4720.0517578125,509266,0.0,0.0,4692.688671875,4741.119354709652,52.19297001454886,-29.549103751970506,9.315090943578248,-38.864194695548754,85.59603036407258,36259388.0,0.005813772529458484
2024-04-26 00:00:00+05:30,4719.9543489788375,4736.470312130962,4670.212344382576,4677.4716796875,205462,0.0,0.0,4684.844921875,4738.623367453882,47.69168926597819,-26.639871236881845,9.77945876693353,-36.419330003815375,84.21474017723786,36053926.0,-0.009000652580576049
2024-04-29 00:00:00+05:30,4691.648508310145,4701.9770508557085,4653.647616965577,4676.88671875,147362,0.0,0.0,4678.9815673828125,4736.202322406671,47.630915225337255,-24.10363328717449,9.852557373312713,-33.9561906604872,81.65150401387312,35906564.0,-0.0031463971638110086
2024-04-30 00:00:00+05:30,4676.057941472298,4701.391866556332,4643.026495844119,4653.5986328125,489132,0.0,0.0,4672.389868164062,4732.962962030429,45.163433363427906,-23.699606041966945,8.205267694816207,-31.904873736783152,79.98820877804025,35417432.0,-0.004803043277245274
2024-05-02 00:00:00+05:30,4667.240363038835,4688.725291741295,4628.362148019343,4637.71630859375,356664,0.0,0.0,4665.785986328125,4729.227799150559,43.50804625167993,-24.37994553349108,6.019942562633659,-30.39988809612474,78.58641841689108,35060768.0,-0.0063258054328837335
2024-05-03 00:00:00+05:30,4658.6166917768,4658.6166917768,4587.291757188775,4623.0517578125,262493,0.0,0.0,4658.217456054687,4725.064032823576,41.97810471338337,-25.80496262725228,3.6759403750979693,-29.48090300235025,78.06774100054349,34798275.0,-0.00763422627731476
2024-05-06 00:00:00+05:30,4695.497497097764,5072.096073358956,4679.176601490067,4931.93115234375,2837757,0.0,0.0,4669.276684570313,4733.17646888319,67.72340046498728,-1.9874036625806184,21.994799471815703,-23.982203134396322,104.56606775382299,37636032.0,0.0503532704238738
2024-05-07 00:00:00+05:30,4928.374902033945,5086.175758251203,4919.458927427897,5041.3056640625,1156073,0.0,0.0,4686.827734375,4745.259966733359,72.39444796612446,25.42075775639296,39.522368712631426,-14.101610956238467,109.00540797307175,38792105.0,0.02291440165843486
2024-05-08 00:00:00+05:30,5019.040947208115,5113.994649515796,4992.58657493555,5094.4580078125,323414,0.0,0.0,4707.063232421875,4758.9540075599925,74.33804914778757,50.84476625836578,51.9571017716834,-1.1123355133176176,109.89131273072704,39115519.0,0.015026189544505861
2024-05-09 00:00:00+05:30,5094.116702477872,5113.555810167318,4915.756299979824,4940.21337890625,379667,0.0,0.0,4718.9166015625,4766.062218201022,60.93130018252729,57.88001886131224,47.19388349970389,10.686135361608354,116.17046969192468,38735852.0,-0.030211974432537245
2024-05-10 00:00:00+05:30,4940.213304026259,4987.081164184723,4844.382757974852,4936.99755859375,223289,0.0,0.0,4732.173046875,4772.76556488309,60.68556681181425,62.47583487730844,41.43175961256007,21.044075264748372,118.06532230034941,38512563.0,-0.0006509325072842479
2024-05-13 00:00:00+05:30,4944.939011389315,5037.553809394286,4925.499904543156,4999.1142578125,323879,0.0,0.0,4747.853247070312,4781.641984213655,63.72848752983225,70.3197483901713,39.42053850033834,30.89920988983296,117.63593533969087,38836442.0,0.01095569557044224
2024-05-14 00:00:00+05:30,4999.114636765693,5029.271945492355,4906.012640812556,5009.10205078125,205585,0.0,0.0,4766.807421875,4790.561986824149,64.2081858254534,76.46064703860884,36.4491497190207,40.01149731958814,118.03760457827005,39042027.0,0.0019978365653200336
2024-05-15 00:00:00+05:30,5017.6282020838335,5032.438997506719,4923.99048063286,4934.27001953125,166198,0.0,0.0,4781.52548828125,4796.197595949918,58.017172289126336,74.43103924705883,27.53563354197655,46.89540570508228,117.35266974224065,38875829.0,-0.016613064817748872
2024-05-16 00:00:00+05:30,4934.415771474769,5018.066548806932,4888.960953133744,5006.13037109375,312988,0.0,0.0,4800.869409179688,4804.430253798695,61.82388077009273,77.72512341824222,24.66377417052795,53.06134924771427,118.19216445159402,39188817.0,0.01453355431326928
2024-05-17 00:00:00+05:30,5008.225122401764,5008.225122401764,4935.244017767341,4956.4853515625,116594,0.0,0.0,4819.957543945313,4810.393198809041,57.91679044585994,75.45991574453183,17.91885319745404,57.541062547077786,114.96280303608181,39072223.0,-0.010330959486591755
2024-05-21 00:00:00+05:30,4916.730839174034,5058.016208115817,4915.804986103046,5045.44677734375,376474,0.0,0.0,4844.7945556640625,4819.610986202559,62.49125675898902,79.92187628192914,17.904650987881084,62.01722529404806,116.9091186772739,39448697.0,0.02617917115660916
2024-05-22 00:00:00+05:30,5086.077828181673,5166.659391748052,5061.91335033119,5132.45849609375,748236,0.0,0.0,4869.841015625,4831.879516002214,66.34467432340007,89.44802946613618,21.944643337670485,67.50338612846569,117.21651122920449,40196933.0,0.009119142388086244
2024-05-23 00:00:00+05:30,5126.368808943653,5158.133751379349,5054.995340742748,5145.8564453125,423256,0.0,0.0,4893.389379882812,4844.19233675948,66.908411196321,96.96097130635644,23.566068142312602,73.39490316404384,116.21093261544705,40620189.0,0.003801450323833194
2024-05-24 00:00:00+05:30,5125.346272879644,5149.7543489063055,5085.299082060726,5106.443359375,268208,0.0,0.0,4913.449487304688,4854.47669058754,63.53681996749419,98.5981471313853,20.16259517387317,78.43555195751213,112.51409934617081,40351981.0,-0.0036881241770272554
2024-05-27 00:00:00+05:30,5130.120321081047,5130.120321081047,4995.899224361406,5078.7216796875,329998,0.0,0.0,4931.382983398437,4863.270611728715,61.20080761204065,96.54579309180554,14.488192907434723,82.05760018437081,114.06459915856158,40021983.0,-0.010018993352326718
2024-05-28 00:00:00+05:30,5075.55515103236,5149.997830602179,5047.8337965754135,5116.04052734375,259151,0.0,0.0,4953.31142578125,4873.183157439109,63.16422588849787,96.81458853660115,11.805590681784267,85.00899785481688,113.21455879200474,40281134.0,0.007976541502687649
2024-05-29 00:00:00+05:30,5068.734639138875,5133.043844479736,5066.785875340666,5095.822265625,286144,0.0,0.0,4974.258203125,4881.9141028581635,61.352782849054286,94.30903031736216,7.440025970036217,86.86900434732594,109.86051667393798,39994990.0,0.005344060878027594
2024-05-30 00:00:00+05:30,5068.831899612789,5107.807173478792,5040.477292720795,5065.37255859375,357619,0.0,0.0,4994.846899414062,4889.108552102696,58.62589679289547,88.84220288592314,1.5785588308777534,87.26364405504539,106.8226141085136,39637371.0,-0.000682473020915014
2024-05-31 00:00:00+05:30,5074.580295487561,5087.247258590736,4979.724134325848,5047.1025390625,651525,0.0,0.0,5015.3162109375,4895.3043947285705,56.9892086804957,82.0891917689305,-4.139561828891914,86.22875359782242,106.87265054825463,38985846.0,-0.005414784046179079
2024-06-03 00:00:00+05:30,5164.223622578743,5164.223622578743,5027.810168397417,5035.41015625,199328,0.0,0.0,5035.934130859375,4900.798738317647,55.91338545621636,74.93015603389176,-9.038878051144522,83.96903408503628,108.98270795061684,38786518.0,-0.024943433077830222
2024-06-04 00:00:00+05:30,5072.193033382472,5275.692769260395,4995.704061408373,5188.6806640625,989039,0.0,0.0,5048.7716064453125,4912.088225601759,65.19005151385639,80.69402716630975,-2.6200055349812317,83.31403270129098,121.19742222928868,39775557.0,0.02296593010427016
2024-06-05 00:00:00+05:30,5188.681081620298,5578.336303077276,5188.583548277117,5346.09228515625,1188965,0.0,0.0,5064.0109375,4929.107992643112,71.76185066683749,96.84734295940052,10.826648206487619,86.0206947529129,140.37994598435085,40964522.0,0.030337421217415908
2024-06-06 00:00:00+05:30,5324.997057092407,5372.839303299632,5175.380907398345,5301.076171875,629293,0.0,0.0,5074.341845703125,4943.694980063971,67.81867531064294,104.80837230238467,15.030142039577413,89.77823026280726,144.4569781212749,40335229.0,-0.00449218749999994
2024-06-07 00:00:00+05:30,5292.501297240966,5329.86893787396,5256.790296129801,5323.583984375,226777,0.0,0.0,5093.5103759765625,4958.592588076169,68.74346560074821,111.6467436132425,17.494810680348195,94.15193293289431,139.35852552290945,40562006.0,0.005872967315140357
2024-06-10 00:00:00+05:30,5324.996922664394,5418.29398677146,5267.605925642308,5347.79736328125,306665,0.0,0.0,5114.050366210938,4973.855520437152,69.75054495352096,117.66366596483203,18.809386425550173,98.85427953928186,140.16777806621252,40868671.0,0.004281775360247031
2024-06-11 00:00:00+05:30,5359.09974308765,5463.114997192123,5359.09974308765,5376.39501953125,476899,0.0,0.0,5132.914404296875,4989.641383146725,70.94139573468686,123.31817695579412,19.571117933209806,103.74705902258431,138.39276776940255,41345570.0,0.0032272727272726087
2024-06-12 00:00:00+05:30,5408.355060404572,5425.358214226146,5291.8678989695045,5299.955078125,279376,0.0,0.0,5147.457055664063,5001.810547655677,63.72046297844471,120.24524093105356,13.19854552677539,107.04669540427817,138.0425925899196,41066194.0,-0.020043059501249415
2024-06-13 00:00:00+05:30,5300.247645429441,5310.332592805654,5204.855756766742,5241.638671875,434594,0.0,0.0,5162.82548828125,5011.215572134866,58.80292636483995,111.81533282413693,3.814909935887002,108.00042288824993,135.71646712199046,40631600.0,-0.011057780216171837
2024-06-14 00:00:00+05:30,5259.274603463922,5310.381122187324,5237.887207160015,5255.474609375,149569,0.0,0.0,5175.292700195312,5020.79435790899,59.59955758534258,105.04017666830077,-2.3681969759593358,107.40837364426011,131.20057054379888,40781169.0,-0.0007225319792998414
2024-06-18 00:00:00+05:30,5280.954322857232,5295.765116620203,5237.594332481961,5257.6181640625,155277,0.0,0.0,5190.349340820312,5030.0815659934415,59.729481422028826,98.7059626561122,-6.9619287905183285,105.66789144663053,125.98415722911625,40936446.0,-0.004418928354242249
2024-06-19 00:00:00+05:30,5277.251953275328,5283.926563917235,5212.942752958457,5223.31982421875,135179,0.0,0.0,5199.242993164063,5037.659536904238,56.59336998437036,89.88235519286081,-12.628429003015782,102.5107841958766,122.05556106694925,40801267.0,-0.010219737381139186
2024-06-20 00:00:00+05:30,5223.31978073188,5261.661800301515,5182.736873296992,5240.6640625,296418,0.0,0.0,5204.653271484375,5045.620498692307,57.8000212966386,83.32855803818711,-15.34578092615159,98.6743389643387,118.97480149106165,41097685.0,0.0033205475628929533
2024-06-21 00:00:00+05:30,5231.553369267109,5251.77179143057,5181.275173696513,5193.7470703125,244120,0.0,0.0,5207.047802734375,5051.429383853883,53.46994940327686,73.50153743722421,-20.1382412216916,93.63977865891582,115.51207407984707,40853565.0,-0.007226591470270157
2024-06-24 00:00:00+05:30,5178.839826145975,5193.455554723998,5115.505002307878,5162.03173828125,463385,0.0,0.0,5209.827221679688,5055.766731086329,50.70467100165336,62.4346824175982,-24.964076993054107,87.3987594106523,112.84993078875954,40390180.0,-0.003245531514581235
2024-06-25 00:00:00+05:30,5162.080211895288,5232.430775007896,5153.700908218045,5214.9404296875,160890,0.0,0.0,5216.638159179687,5062.008836913826,54.8954246166039,57.27319950964193,-24.100447920808307,81.37364743045023,110.41278336026609,40551070.0,0.010240100041530382
2024-06-26 00:00:00+05:30,5214.940077339267,5295.326578227895,5182.785476983817,5282.80615234375,221391,0.0,0.0,5224.9764404296875,5070.66755516598,59.635586233875365,57.99040645166042,-18.706592783031866,76.69699923469229,110.56480606625266,40772461.0,0.013013778489878449
2024-06-27 00:00:00+05:30,5250.748700274788,5310.381059545983,5244.269156154773,5291.185546875,357573,0.0,0.0,5234.744604492187,5079.315319546726,60.19186341319704,58.55990311867936,-14.509676892810347,73.0695800114897,107.38959873232105,41130034.0,0.007701158236366609
2024-06-28 00:00:00+05:30,5295.765373340256,5349.356375278381,5277.495713588622,5335.2763671875,215576,0.0,0.0,5248.239794921875,5089.353007689502,63.07541940574318,61.85595707795437,-8.970898346828264,70.82685542478264,104.85181751499523,41345610.0,0.007460865627874864
2024-07-01 00:00:00+05:30,5334.789104460103,5348.527983562898,5291.916303486625,5336.2021484375,223560,0.0,0.0,5262.694775390625,5099.033366150208,63.13580122923825,63.80727584003125,-5.615663667801101,69.42293950783235,101.40609341222935,41569170.0,0.000264873446677728
2024-07-02 00:00:00+05:30,5359.100079646889,5359.100079646889,5246.363911298819,5263.26953125,163333,0.0,0.0,5274.087744140625,5105.47400007569,55.44376270746367,58.79095183707068,-8.505590136609342,67.29654197368002,102.21538447907508,41405837.0,-0.0178818359375
2024-07-03 00:00:00+05:30,5282.854954973483,5357.1515732824655,5251.723263615709,5309.50439453125,211361,0.0,0.0,5280.128930664063,5113.475192015125,58.8651928881782,57.8790523034877,-7.533991736153865,65.41304403964156,102.44487913533806,41617198.0,0.005044514715036541
2024-07-04 00:00:00+05:30,5315.204205863758,5346.774081122208,5259.274309761243,5287.2392578125,138170,0.0,0.0,5277.186279296875,5120.289469105218,56.6107534120852,54.72887449985774,-8.54733563182706,63.2762101316848,101.37737143716859,41479028.0,-0.005261312071586445
2024-07-05 00:00:00+05:30,5306.435140800365,5412.204102590828,5294.742558348104,5404.701171875,172330,0.0,0.0,5282.367529296875,5131.442869213837,64.36461222258409,61.007276778354026,-1.8151466826646185,62.822423461018644,103.06219096153715,41651358.0,0.018518276105757448
2024-07-08 00:00:00+05:30,5412.691358766229,5472.080124829791,5392.277868013316,5425.89404296875,171210,0.0,0.0,5287.4830322265625,5142.989974066971,65.56044570287371,66.92161270455927,3.2793513948324957,63.64226130972677,101.40076709403273,41822568.0,0.0024392087646264962
2024-07-09 00:00:00+05:30,5553.9764104565065,5558.8483195884855,5440.022265550558,5523.62451171875,389812,0.0,0.0,5296.274389648437,5157.9168186807665,70.48004546900323,78.58887496634907,11.957290925297826,66.63158404105124,103.65458920301151,42212380.0,-0.005464895148026343
2024-07-10 00:00:00+05:30,5524.793382720855,5651.414489038519,5524.793382720855,5608.10302734375,526095,0.0,0.0,5307.859790039062,5175.571179804805,73.94476595744538,93.57331958067061,21.553388431695495,72.01993114897512,105.37854549706559,42738475.0,0.015079232624961308
2024-07-11 00:00:00+05:30,5651.414823213417,5656.286732543773,5573.464273927714,5613.7060546875,372798,0.0,0.0,5323.547338867187,5192.752939604127,74.16137820875714,104.69387159275266,26.139152355022034,78.55471923773062,103.76739643413651,43111273.0,-0.006672447467672402
2024-07-12 00:00:00+05:30,5631.927184873149,5656.286731520524,5566.83866654032,5638.79638671875,222315,0.0,0.0,5343.405224609375,5210.244839490975,75.15736603024557,114.21497020764309,28.528200775929974,85.68676943171312,102.74458704456987,43333588.0,0.0012196893923009818
2024-07-15 00:00:00+05:30,5658.235189732689,5697.941248623959,5639.721935280317,5660.8662109375,135373,0.0,0.0,5363.6748046875,5227.916265822211,76.03251949156449,122.13348108054652,29.157369319066717,92.9761117614798,99.63032096318693,43468961.0,0.00046498972145683716
2024-07-16 00:00:00+05:30,5663.106775534722,5729.364735055776,5622.28027504313,5712.1669921875,162459,0.0,0.0,5386.40224609375,5246.906490385556,77.97481755454729,131.03797806267266,30.449493040954295,100.58848502171837,100.1627594667197,43631420.0,0.008663127607751222
2024-07-18 00:00:00+05:30,5696.771990449995,5768.340527335434,5670.902342752065,5721.0830078125,523157,0.0,0.0,5411.2904052734375,5265.501647931711,78.30390147603119,137.23237463057558,29.31511168708576,107.91726294348982,99.96814697505177,44154577.0,0.004267507529397225
2024-07-19 00:00:00+05:30,5700.133514237614,5824.854384292727,5696.869240062168,5727.36767578125,451294,0.0,0.0,5435.6255859375,5283.614041180713,78.54721543281325,141.02297366412586,26.48456857650882,114.53840508761704,101.96936106473092,44605871.0,0.004777811164530021
2024-07-22 00:00:00+05:30,5727.367875181559,5781.689662272576,5692.338658039924,5737.01416015625,347520,0.0,0.0,5462.7889404296875,5301.394438003283,78.9376635504249,143.1552369178862,22.89346546421534,120.26177145367087,101.06804986243961,44953391.0,0.0016842439991486505
2024-07-23 00:00:00+05:30,5737.014310473634,5851.163049838487,5690.974767741766,5792.45654296875,336696,0.0,0.0,5494.3101806640625,5320.651775452909,81.07014143714731,147.61716901436012,21.884318048551393,125.73285096580872,105.29092359345967,45290087.0,0.009663952274600205
2024-07-24 00:00:00+05:30,5796.987472155377,5821.347019199237,5666.030642402061,5680.1591796875,233649,0.0,0.0,5517.571118164063,5334.750105030736,66.4048652703625,140.47254359725957,11.791754105160663,128.6807894920989,108.864170250868,45056438.0,-0.02015327668535379
2024-07-25 00:00:00+05:30,5675.67656279763,5714.749368897165,5653.071190058426,5680.25634765625,303638,0.0,0.0,5537.443627929688,5348.2993694474235,66.41052728189611,133.28182718424978,3.6808301537206773,129.6009970305291,105.49374229285884,45360076.0,0.0008069143489674845
2024-07-26 00:00:00+05:30,5680.64577126374,5731.946876770853,5664.178814353998,5722.34912109375,146736,0.0,0.0,5559.001806640625,5362.967987159044,68.85900391415109,129.48702186782612,-0.09118013016239956,129.57820199798851,102.7990508731443,45506812.0,0.007341304406089073
2024-07-29 00:00:00+05:30,5746.904306033513,5804.977561011595,5690.43868599674,5746.5146484375,129350,0.0,0.0,5579.563720703125,5378.009032699376,70.20193657361283,126.96598259756138,-2.089775520341732,129.0557581179031,103.63760974040935,45636162.0,-6.780304234478567e-05
2024-07-30 00:00:00+05:30,5747.293664537476,5835.962410660486,5681.912548890099,5692.53369140625,191681,0.0,0.0,5597.380297851562,5390.3433330408225,63.60362814513202,119.23773038506079,-7.854422186273865,127.09215257133465,107.23848488540776,45444481.0,-0.00952795808383886
2024-07-31 00:00:00+05:30,5745.929668577039,5745.929668577039,5622.329237919936,5636.26318359375,271796,0.0,0.0,5616.02998046875,5399.98724874878,57.5331030881689,107.33518195563556,-15.805576492559268,123.14075844819483,108.40719529767172,45172685.0,-0.019085942799304614
2024-08-01 00:00:00+05:30,5636.263223268268,5690.292410819143,5553.976486592173,5583.35400390625,304411,0.0,0.0,5629.7224609375,5407.178101892211,52.462834194232684,92.56595524006752,-24.459842566501862,117.02579780656939,110.40067593547869,44868274.0,-0.009387286800870516
2024-08-02 00:00:00+05:30,5561.819993853148,5659.2096477104205,5486.0618068508265,5573.80517578125,406998,0.0,0.0,5644.050756835937,5413.712496946683,51.57936198913096,79.17801120804052,-30.278229278823105,109.45624048686362,114.8826162872012,44461276.0,0.0021549028809540642
2024-08-05 00:00:00+05:30,5636.089240847109,5767.368821822796,5576.963690610042,5624.19482421875,1114298,73.5,0.0,5655.025439453125,5421.966705859313,55.80853521848082,71.80625480522212,-30.11998854531319,101.92624335053532,120.502689841083,45575574.0,-0.0021104024652688655
2024-08-06 00:00:00+05:30,5650.499820012115,5844.408831397723,5636.286187782918,5778.76904296875,727869,0.0,0.0,5672.669189453125,5435.958954373409,65.70422378241729,77.5430641926987,-19.50654332626931,97.049607518968,127.62492679378941,46303443.0,0.02270050916599438
2024-08-07 00:00:00+05:30,5814.007481166951,5848.159527121483,5733.90681182657,5761.2978515625,314935,0.0,0.0,5684.5528564453125,5448.717342498471,63.96084420624528,79.7603205044079,-13.83142961164809,93.59175011605599,126.6697688295839,45988508.0,-0.009065972098452045
2024-08-08 00:00:00+05:30,5769.145094157327,5786.122795924837,5650.944123196149,5670.33984375,271628,0.0,0.0,5687.664697265625,5457.4084209789235,55.677902041617216,73.33262815384387,-16.207297569769693,89.53992572361356,127.27754767951991,45716880.0,-0.017126497738354885
2024-08-09 00:00:00+05:30,5695.756634926995,5710.710565027724,5646.008682786365,5666.0458984375,232215,0.0,0.0,5690.281689453125,5465.590282840044,55.31373246679901,67.11845043939866,-17.937180227371925,85.05563066677058,122.80785729107986,45484665.0,-0.005216293179962281
2024-08-12 00:00:00+05:30,5670.685387047918,5699.8037889483385,5552.237650503836,5572.71923828125,622193,0.0,0.0,5686.97783203125,5469.791418347542,47.96988904017716,54.040048280980045,-24.812465908632433,78.85251418961248,124.57630594489572,44862472.0,-0.017275892080069695
2024-08-13 00:00:00+05:30,5605.48982873321,5641.024148791337,5544.390153950104,5593.20068359375,236505,0.0,0.0,5683.594555664063,5474.630997376806,49.552837402517454,44.81144338656668,-27.232856642436644,72.04430002900332,122.58042658034842,45098977.0,-0.0021923409933716836
2024-08-14 00:00:00+05:30,5602.577933499046,5621.529764115093,5521.7866102108765,5585.94580078125,164575,0.0,0.0,5677.28349609375,5478.996283784823,48.98434613760288,36.4916461265675,-28.442123121948654,64.93376924851616,120.94919281776755,44934402.0,-0.0029686570923625187
2024-08-16 00:00:00+05:30,5597.1489259755335,5668.168405460075,5589.252410428791,5655.53369140625,144969,0.0,0.0,5674.006030273437,5485.91931937782,54.38949994068498,35.10859799692025,-23.860137001276726,58.96873499819698,118.18300795070019,45079371.0,0.010431161686579659
2024-08-19 00:00:00+05:30,5670.685474048054,5688.699400923838,5644.1335357584085,5658.34716796875,102452,0.0,0.0,5670.555004882813,5492.68119579315,54.598942473275855,33.8493521738701,-20.0955062594615,53.9448584333316,112.92464060889512,45181823.0,-0.0021758050478677265
2024-08-20 00:00:00+05:30,5666.194609058814,5699.112824603851,5654.152229357375,5691.21630859375,189035,0.0,0.0,5668.265112304687,5500.466886491213,57.0786645271715,35.09905567092301,-15.07664220992688,50.17569788084989,108.07006594015085,45370858.0,0.004415961904120307
2024-08-21 00:00:00+05:30,5699.112584718548,5774.228286495901,5682.036562351499,5761.8408203125,169215,0.0,0.0,5666.734326171875,5510.716844680283,61.89454775577901,41.312043041664765,-7.090923871348103,48.40296691301287,106.9358986690259,45540073.0,0.01100666720677711
2024-08-22 00:00:00+05:30,5782.223811642289,5782.223811642289,5733.512082421593,5761.2978515625,160154,0.0,0.0,5670.791259765625,5520.543550832527,61.83710226928067,45.66566192994924,-2.189843986450903,47.85550591640014,102.77702942271661,45379919.0,-0.00361901592907127
2024-08-23 00:00:00+05:30,5761.495154445031,5774.326992205488,5709.526307908194,5717.71875,124435,0.0,0.0,5672.664379882813,5528.275911584193,57.2448272612634,45.079814929404165,-2.2205527895967805,47.300367719000945,100.06443334232925,45255484.0,-0.007598097936654102
2024-08-26 00:00:00+05:30,5724.97422119019,5784.198092443882,5701.531438818937,5721.9638671875,265107,0.0,0.0,5672.6451171875,5535.871517686283,57.575343790777936,44.44572973391223,-2.283710388070979,46.72944012198321,98.82173479108752,45520591.0,-0.0005258283943965875
2024-08-27 00:00:00+05:30,5753.401007862568,5769.786373939008,5660.814556292834,5689.7353515625,175740,0.0,0.0,5669.80615234375,5541.9053935245665,54.15271308986081,40.87149957665861,-4.686352436259682,45.55785201291829,99.54674070930797,45344851.0,-0.011065742890694171
2024-08-28 00:00:00+05:30,5672.2151145036405,5700.692020741746,5616.445972172701,5629.57421875,161445,0.0,0.0,5666.658178710937,5545.343386670662,48.372041418661375,32.806226043036986,-10.20130077590504,43.007526818942026,98.45383412786063,45183406.0,-0.007517503284494508
2024-08-29 00:00:00+05:30,5636.138240685299,5769.391946901151,5622.467301099026,5755.9677734375,351330,0.0,0.0,5672.643408203125,5553.603166543871,58.41549777403259,36.196096143697105,-5.449144540195938,41.64524068389304,101.91603496173661,45534736.0,0.021260928606611124
2024-08-30 00:00:00+05:30,5767.368577066064,5832.465190127028,5718.311279786803,5779.50927734375,519387,0.0,0.0,5682.451171875,5562.462229712493,59.977204989937846,40.31744088011237,-1.0622398430245354,41.37968072313691,102.79016891734291,46054123.0,0.0021050675217747345
2024-09-02 00:00:00+05:30,5805.96256238125,5857.191595617517,5789.13330540477,5845.5439453125,307023,0.0,0.0,5696.038110351563,5573.563473461513,64.05503108268063,48.35467946164681,5.579998990807923,42.77468047083889,100.99675101423036,46361146.0,0.00681736792236846
2024-09-03 00:00:00+05:30,5856.253396192,5867.11110516859,5794.068335689708,5839.5224609375,258133,0.0,0.0,5706.8044921875,5583.993237676258,63.420479320360734,53.62026444619369,8.676467180283836,44.94379726590985,99.00003804741978,46103013.0,-0.002856934992836728
2024-09-04 00:00:00+05:30,5774.277966219172,5858.57317523068,5752.611708402354,5849.88671875,219283,0.0,0.0,5710.360375976563,5594.420433012483,64.08006121134653,57.96144402373011,10.41411740625621,47.5473266174739,99.49728296034162,46322296.0,0.013094061798402473
2024-09-05 00:00:00+05:30,5835.278379448784,5843.421661324786,5757.842979005503,5774.3271484375,170014,0.0,0.0,5711.0118408203125,5601.475598323268,56.13334681007596,54.674579747313146,5.701802503871399,48.97277724344175,98.96488701635269,46152282.0,-0.010445299615173069
2024-09-06 00:00:00+05:30,5771.070087902759,5808.67685901805,5751.723527702076,5767.96044921875,213556,0.0,0.0,5715.89287109375,5608.004416005444,55.50869892769424,50.96844421133301,1.596533574313007,49.37191063702,95.96406160918275,45938726.0,-0.0005388322506301604
2024-09-09 00:00:00+05:30,5784.148493722378,5884.088768890222,5770.576357588473,5862.6201171875,321187,0.0,0.0,5725.72158203125,5617.989345463564,62.237141153701984,55.035138381946126,4.5305821959408945,50.50455618600523,97.40436575648913,46259913.0,0.013566668205404605
2024-09-10 00:00:00+05:30,5902.69487782577,5932.2576524238,5853.341652764007,5892.67626953125,337831,0.0,0.0,5741.71943359375,5628.761381701513,64.09392132502238,59.991755501649095,7.589759452515089,52.401996049134006,96.08376817815368,46597744.0,-0.001697293948253424
2024-09-11 00:00:00+05:30,5876.043924008485,5968.827983772587,5870.319142894176,5930.9248046875,437060,0.0,0.0,5758.605639648437,5640.610927700963,66.36069786441121,66.24264345118354,11.072517921639623,55.17012552954392,96.25698765674345,47034804.0,0.009339766922908992
2024-09-12 00:00:00+05:30,5940.795495148819,6049.422229602,5927.026234926918,6030.2236328125,548745,0.0,0.0,5780.81953125,5655.88985731318,71.407406976586,78.30643490365492,18.509047499288798,59.79738740436612,98.12405958662477,47583549.0,0.01505322607666041
2024-09-13 00:00:00+05:30,6058.601656180295,6069.2617595635,5978.995003865108,6053.76513671875,274846,0.0,0.0,5800.731103515625,5671.492809446732,72.46219544342324,88.74369706658854,23.15704772977793,65.58664933681061,97.56282359460818,47858395.0,-0.0007982897269061509
2024-09-16 00:00:00+05:30,5922.386716817169,6050.705095681542,5860.004050614003,5984.57177734375,352336,0.0,0.0,5817.042333984375,5683.7704160309295,64.88558512074154,90.39001685018047,19.84269401069588,70.5473228394846,104.43412805961809,47506059.0,0.010500000000000098
2024-09-17 00:00:00+05:30,5994.886762340567,6124.389328692662,5990.642096036652,6032.0,527917,0.0,0.0,5834.081518554687,5697.426478147364,67.4016196829003,94.43323083155337,19.10872639365502,75.32450443789836,106.96151543742481,48033976.0,0.006190815461699102
2024-09-18 00:00:00+05:30,6055.640487923208,6086.782178982979,5981.659813544703,6044.04248046875,218424,0.0,0.0,5848.1916015625,5711.019262552124,68.02803770320281,97.4854826112587,17.72878253868828,79.75670007257042,106.83014758034273,48252400.0,-0.0019152404237978938
2024-09-19 00:00:00+05:30,6049.619315248177,6144.47630691746,6034.566582126813,6055.14697265625,362388,0.0,0.0,5862.884057617188,5724.514466869933,68.62671887108799,99.65173073155529,15.916024527187886,83.7357062043674,107.0501173810787,48614788.0,0.0009137198755862316
2024-09-20 00:00:00+05:30,6085.597866929947,6177.690786780041,6046.608821387324,6130.212890625,663556,0.0,0.0,5883.508764648437,5740.4242089779755,72.39041814099282,106.2014658121252,17.97260768620623,88.22885812591898,108.76667795333861,49278344.0,0.007331247425581333
2024-09-23 00:00:00+05:30,6154.593687998888,6169.152888816495,6110.718479867597,6130.85498046875,312563,0.0,0.0,5903.9533203125,5755.735219624673,72.42089518366272,110.1739723635028,17.556091390067053,92.61788097343575,105.17151588159284,49590907.0,-0.0038570714385950068
2024-09-24 00:00:00+05:30,6120.540321232968,6165.106187909523,6105.043215485858,6122.9091796875,234706,0.0,0.0,5925.61201171875,5770.134198450666,71.37096334078427,111.39693814783186,15.023245739516895,96.37369240831497,101.94947706316944,49356201.0,0.0003870342045315401
2024-09-25 00:00:00+05:30,6122.76104896054,6122.76104896054,6022.623163377949,6100.3544921875,357145,0.0,0.0,5949.151025390625,5783.084013891326,68.34216888631086,109.28638711677559,10.330155766768499,98.95623135000709,101.83065843791098,48999056.0,-0.0036595510740770045
2024-09-26 00:00:00+05:30,6119.799909387569,6189.289153901145,6074.740511286466,6173.2001953125,327297,0.0,0.0,5970.012646484375,5798.38268767255,72.41399204838402,112.19844582188216,10.59377157750005,101.60467424438211,102.7390858791087,49326353.0,0.008725822202620876
2024-09-27 00:00:00+05:30,6157.012153628499,6251.030043118253,6100.8478004767385,6187.70947265625,400543,0.0,0.0,5990.42265625,5813.650404730734,73.15462619687113,114.35879375989316,10.203295612408837,104.15549814748432,106.12788279070914,49726896.0,0.004985749298815417
2024-09-30 00:00:00+05:30,6171.768585153988,6280.592443380589,6160.36818326866,6256.16259765625,442617,0.0,0.0,6010.953588867187,5831.003824061147,76.37704039737274,120.20878808443285,12.842631949558822,107.36615613487403,107.13476688508203,50169513.0,0.013674202351862187
2024-10-01 00:00:00+05:30,6225.317062007801,6379.9902635178405,6225.317062007801,6362.6669921875,416639,0.0,0.0,6037.110815429687,5851.853360066102,80.33267474440878,131.91829330889323,19.641709739215344,112.27658356967788,110.53036935829329,50586152.0,0.022063122056533588
2024-10-03 00:00:00+05:30,6360.841299917261,6386.20856861246,6208.635759885696,6249.845703125,495791,0.0,0.0,6057.1087646484375,5867.460902931158,67.44835716123733,130.58907584376811,14.649993819272183,115.93908202449593,115.3191150274698,50090361.0,-0.017449829599380882
2024-10-04 00:00:00+05:30,6197.037576707993,6257.939647960617,6099.910528188323,6125.72216796875,395753,0.0,0.0,6074.678515625,5877.58879567773,56.67797150736474,118.15787900428222,1.7750375838290324,116.38284142045319,118.36982965210008,49694608.0,-0.01150798391271455
2024-10-07 00:00:00+05:30,6142.156514120604,6154.346856492394,6026.028477768416,6041.13037109375,374593,0.0,0.0,6088.33701171875,5884.002190792084,50.73227161396173,100.32374521688689,-12.847276962853044,113.17102217973994,119.08044030009135,49320015.0,-0.016447992296288478
2024-10-08 00:00:00+05:30,6058.3056684789535,6154.149241016583,5973.763212751454,6124.142578125,708471,0.0,0.0,6101.413134765625,5893.419460883571,55.649145523802105,91.8298991327656,-17.072898437579482,108.90279757034509,123.45941086902258,50028486.0,0.010867214902772645
2024-10-09 00:00:00+05:30,6078.984568985075,6104.993814450162,5991.5305595831205,6018.37890625,551094,0.0,0.0,6107.698266601563,5898.319831290099,48.946755657072785,75.69169377047456,-26.568883039896434,102.26057681037099,124.11316855994093,49477392.0,-0.009969701690687772
2024-10-10 00:00:00+05:30,6047.743881973281,6080.169045531761,5902.694568335946,5924.5087890625,287475,0.0,0.0,6107.377465820313,5899.346849241958,43.89375406136275,54.69700279907374,-38.05085920903781,92.74786200811155,127.9246906053605,49189917.0,-0.020377035687326597
2024-10-11 00:00:00+05:30,5952.541552855576,5961.375972805548,5883.990213371434,5901.1650390625,94953,0.0,0.0,6100.924536132812,5899.418150803548,42.712856864129016,35.762663687018176,-45.5881586568747,81.35082234389287,124.31476695027149,49094964.0,-0.008631021444685147
2024-10-14 00:00:00+05:30,5927.421086855685,5946.372435953579,5823.680512186264,5900.720703125,219597,0.0,0.0,6093.272314453125,5899.469231286743,42.68931428468521,20.48507019182398,-48.69260172165511,69.17767191347909,124.19884958006028,48875367.0,-0.004504553217906857
2024-10-15 00:00:00+05:30,5938.525321649915,6004.263910650922,5909.505723107867,5990.1982421875,426219,0.0,0.0,6093.553637695312,5903.0272317142235,48.80833538149326,15.419806949099438,-43.00629197150373,58.42609892060317,122.72344657619328,49301586.0,0.008701305078081001
2024-10-16 00:00:00+05:30,5986.545875033324,6034.912032968465,5943.263002610598,6011.3212890625,276677,0.0,0.0,6092.519702148437,5907.274057492587,50.16115996540703,12.960600946121303,-36.37239837958549,49.332999325706794,120.50384541774137,49578263.0,0.004138515689406357
2024-10-17 00:00:00+05:30,6011.32149219493,6017.04627339876,5889.073459828766,5911.03564453125,188121,0.0,0.0,6085.869360351562,5907.42157070979,44.19030981514156,2.8861790045866655,-37.15745625689611,40.04363526148278,121.03734314290224,49390142.0,-0.01668282885782949
2024-10-18 00:00:00+05:30,5907.531942748258,5920.412941841352,5794.068684329566,5811.04638671875,354901,0.0,0.0,6073.664331054688,5903.6421517297495,39.18237552623659,-13.016128598519572,-42.44781108800188,29.431682489482306,121.41640845496538,49035241.0,-0.016332633824849348
2024-10-21 00:00:00+05:30,5811.04639862858,5819.238841307363,5688.058063811865,5703.5546875,296733,0.0,0.0,6052.3314208984375,5895.795584505054,34.63784794508908,-33.901705962010055,-50.66671076119389,16.765004799183835,122.11386338643197,48738508.0,-0.0184978235854301
2024-10-22 00:00:00+05:30,5712.537057129359,5728.922424412323,5637.914883671287,5652.91845703125,320607,0.0,0.0,6028.434594726563,5886.270991270787,32.71302909199855,-53.91806323903802,-56.546454430577484,2.628391191539464,119.89198319747517,48417901.0,-0.010436448727050901
2024-10-23 00:00:00+05:30,5624.885848783208,5722.605234156217,5616.446158140123,5674.48583984375,123095,0.0,0.0,6006.013427734375,5877.965691214825,34.385503667008884,-67.26546859367227,-55.91508782816938,-11.350380765502884,118.91106125594797,48540996.0,0.008817955136151252
2024-10-24 00:00:00+05:30,5676.460055981315,5705.726422424536,5529.140677286244,5539.80078125,269803,0.0,0.0,5977.9857421875,5864.704322196596,29.46080354312779,-87.70038665286029,-61.08000470988593,-26.620381942974362,123.0306815332583,48271193.0,-0.024074735554127022
2024-10-25 00:00:00+05:30,5539.800799090728,5632.634506098209,5537.43194064283,5596.0634765625,176680,0.0,0.0,5949.12890625,5854.169387073691,33.730563643271964,-98.22302326515364,-57.28211305774342,-40.94091020741022,121.04295895626693,48447873.0,0.010156083135878556
2024-10-28 00:00:00+05:30,5603.564981009909,5704.245556677165,5596.0631946652165,5648.27880859375,131887,0.0,0.0,5922.157373046875,5846.095246741144,37.51097376517605,-101.18257790459847,-48.1933341577506,-52.989243746847876,120.12434488881561,48579760.0,0.00797953226836356
2024-10-29 00:00:00+05:30,5656.668977614,5685.3926506208645,5538.468005122305,5594.18798828125,204751,0.0,0.0,5889.058642578125,5836.21653072311,35.26657932071487,-106.6631767165045,-42.939146375725294,-63.7240303407792,122.0386520752259,48375009.0,-0.011045544574026817
2024-10-30 00:00:00+05:30,5593.299521686193,5723.98675877513,5568.622910379178,5707.7001953125,218180,0.0,0.0,5856.310302734375,5831.176674432498,42.97725833710026,-100.68645355278022,-29.569938569600822,-71.1165149831794,124.419023240992,48593189.0,0.020453164215997372
2024-10-31 00:00:00+05:30,5704.2454904814185,5706.219619393161,5634.1639141145415,5652.8193359375,208893,0.0,0.0,5826.458984375,5824.182269001321,40.46749153110664,-99.23437200937406,-22.494285620955722,-76.74008638841833,120.78454166648962,48384296.0,-0.009015417486805663
2024-11-01 00:00:00+05:30,5693.930594556951,5693.930594556951,5578.937583015844,5619.4072265625,31706,0.0,0.0,5801.143237304687,5816.151875180191,38.97520987310023,-99.63117870460519,-18.31287385294948,-81.31830485165571,120.370860943248,48352590.0,-0.013088211518716274
2024-11-04 00:00:00+05:30,5611.461812557019,5625.231555437195,5470.163622500164,5552.435546875,249780,0.0,0.0,5776.70849609375,5805.81005838391,36.10150720885725,-104.1491392676262,-18.264667532776386,-85.88447173484981,122.84922322851824,48102810.0,-0.010518875054969271
2024-11-05 00:00:00+05:30,5561.2692452100255,5595.668538741006,5512.310750594827,5532.59521484375,185870,0.0,0.0,5747.131127929688,5795.0957507941,35.27180269567738,-108.08467173097324,-17.760159996898736,-90.3245117340745,120.02840643692257,47916940.0,-0.005156022681507947
2024-11-06 00:00:00+05:30,5563.391323643272,5645.021748746372,5535.506752144393,5621.2333984375,233799,0.0,0.0,5727.273852539062,5788.277619329136,41.716470786141535,-102.86547970781521,-10.03277437899257,-92.83270532882264,119.48541554161541,48150739.0,0.010396909264392613
2024-11-07 00:00:00+05:30,5636.138192119093,5639.790523488459,5533.483485992931,5615.31103515625,284538,0.0,0.0,5711.81396484375,5781.494616028239,41.41973275194518,-98.07655220546621,-4.195077501314856,-93.88147470415136,118.54410282403778,47866201.0,-0.0036952885562609953
2024-11-08 00:00:00+05:30,5608.698067403403,5717.916657404109,5568.5735101015125,5672.8076171875,306281,0.0,0.0,5700.39609375,5777.232380779583,45.47476983902047,-88.62024004352043,4.208987728504752,-92.82922777202518,120.74403457250628,48172482.0,0.011430379923049966
2024-11-11 00:00:00+05:30,5726.602776525374,5825.802760793349,5331.283436233592,5364.35009765625,804824,0.0,0.0,5673.577563476562,5761.040918696315,32.48365571655333,-104.80782905254,-9.582881024411847,-95.22494802812815,147.44226957159563,47367658.0,-0.06325786736144484
2024-11-12 00:00:00+05:30,5349.889256675766,5356.699904908412,4940.257514697824,4962.515625,2441209,0.0,0.0,5622.193432617188,5729.72620129646,23.189594088596763,-148.35119342759754,-42.500996319575506,-105.85019710802203,167.20300624208352,44926449.0,-0.07240778511300743
2024-11-13 00:00:00+05:30,4944.205786575473,5021.789148056293,4874.56858302632,4981.220703125,928244,0.0,0.0,5570.688403320312,5700.373044505423,24.275701867357412,-179.28361007127387,-58.746730370601455,-120.53687970067242,165.77568901264704,45854693.0,0.007486524256338568
2024-11-14 00:00:00+05:30,4981.220801688741,4985.169059532148,4837.6029226348,4852.01416015625,479979,0.0,0.0,5517.737329101563,5667.104068648594,21.965241562914905,-211.78236602526613,-72.99638905967495,-138.78597696559117,164.4750067186971,45374714.0,-0.025938750092886244
2024-11-18 00:00:00+05:30,4905.710572558681,4905.710572558681,4729.667522319418,4847.8193359375,439087,0.0,0.0,5469.5759765625,5634.975255601101,21.89239084222127,-235.1655099038171,-77.10362635058073,-158.06188355323638,165.30129554159464,44935627.0,-0.01180078517982896
2024-11-19 00:00:00+05:30,4861.243474475613,4887.301880734725,4815.492938767209,4829.41064453125,436205,0.0,0.0,5425.8687744140625,5603.384486539539,21.554535821197675,-252.27418764273807,-75.36984327160133,-176.90434437113674,158.62327028630332,44499422.0,-0.006548289570663131
2024-11-21 00:00:00+05:30,4811.939382822109,4821.810027709949,4685.496325415859,4741.21630859375,1036549,0.0,0.0,5380.283666992187,5569.573969757351,19.964868999973714,-269.83894842303016,-74.34768324151472,-195.49126518151544,157.57263091695242,43462873.0,-0.014697415865384696
2024-11-22 00:00:00+05:30,4727.101063163329,4807.991191933547,4703.954689757525,4785.63427734375,410476,0.0,0.0,5335.841088867188,5538.831236721524,23.043212288830347,-276.9821116591784,-65.19267718213032,-211.78943447704805,153.74862172117173,43873349.0,0.0123824757284227
2024-11-25 00:00:00+05:30,4841.5513616553935,4915.581198989575,4810.952362223933,4840.51513671875,722912,0.0,0.0,5300.876806640625,5511.446291623376,26.789955694650576,-275.0441554791332,-50.60377680166812,-224.4403786774651,152.04850028721836,44596261.0,-0.00021402745922522262
2024-11-26 00:00:00+05:30,4840.515058001768,4965.230269697216,4829.657348702658,4948.74658203125,314200,0.0,0.0,5268.510961914062,5489.379636345254,33.65054780980834,-261.7575599230677,-29.85374499648202,-231.90381492658565,150.87167319488546,44910461.0,0.02235950569982556
2024-11-27 00:00:00+05:30,4948.74648731055,4959.998925793964,4877.085510915021,4919.67724609375,255840,0.0,0.0,5232.080883789063,5467.0383661393125,32.76250407564638,-250.6837633095056,-15.023958706335947,-235.65980460316965,146.0175118866039,44654621.0,-0.00587406150049081
2024-11-28 00:00:00+05:30,4922.095863127929,4947.70989736499,4827.880365136978,4859.9599609375,321308,0.0,0.0,5195.369482421875,5443.231369856889,30.95522268562933,-243.91468884343067,-6.603907392208811,-237.31078145122186,144.1469419109902,44333313.0,-0.012623870789656362
2024-11-29 00:00:00+05:30,4816.874503865072,4891.842241439735,4816.874503865072,4877.2333984375,212644,0.0,0.0,5153.846142578125,5421.035370977697,32.1216122028497,-234.45369031481368,2.2856729091265606,-236.73936322394025,139.20557017268106,44545957.0,0.01253071769339135
2024-12-02 00:00:00+05:30,4866.721220883721,4894.852557420621,4803.253170184738,4843.77197265625,314800,0.0,0.0,5113.393774414062,5398.397590651366,31.028112949341057,-227.038677680187,7.760548435002619,-234.7992261151896,135.80512853433837,44231157.0,-0.004715546090660123
2024-12-03 00:00:00+05:30,4836.171509816325,4856.159565245435,4812.778371159816,4846.091796875,289449,0.0,0.0,5074.728002929687,5376.738539915038,31.202971211517067,-218.45680228597666,13.073939063370375,-231.53074134934704,129.20341893085842,44520606.0,0.002051268661282822
2024-12-04 00:00:00+05:30,4852.853350730084,4909.5599158715095,4778.379143000978,4788.79248046875,392107,0.0,0.0,5036.545849609375,5353.681831701458,29.23169664504248,-213.81446016866448,14.173024944546057,-227.98748511321054,129.34465849797795,44128499.0,-0.013200660648790462
2024-12-05 00:00:00+05:30,4797.133253877386,4829.706380909887,4743.437043889549,4808.97802734375,526114,0.0,0.0,5000.364990234375,5332.320898197234,30.88815088801386,-206.13042246087025,17.485650121872254,-223.6160725827425,126.26784982100365,44654613.0,0.002469135802469181
2024-12-06 00:00:00+05:30,4808.978289511474,4843.229620771659,4777.3922252125485,4807.84326171875,236965,0.0,0.0,4959.695483398437,5311.7531477470975,30.84444218543914,-197.851622968029,20.61155969177082,-218.46318265979983,121.95138880229699,44417648.0,-0.0002360226485529288
2024-12-09 00:00:00+05:30,4782.278191951479,4793.086258708175,4688.605388269677,4731.0,467154,0.0,0.0,4915.479931640625,5288.978514502114,27.959183287221975,-195.24061150284888,18.578056925560787,-213.81866842840967,121.7575662770667,43950494.0,-0.010722544756551334
2024-12-10 00:00:00+05:30,4737.761327030055,4767.472062931004,4721.178355334962,4725.32421875,264213,0.0,0.0,4868.10576171875,5266.87442447262,27.752684545664536,-191.42275189049542,17.916733230331403,-209.33948512082682,116.36729065699348,43686281.0,-0.0026251023260920017
2024-12-11 00:00:00+05:30,4745.806195035279,4851.422098294176,4731.246993417814,4826.251953125,358246,0.0,0.0,4841.200854492187,5249.5951118707535,36.70493704590712,-178.1988801997295,24.912483936877862,-203.11136413660736,117.06233272036367,44044527.0,0.016950915141431006
2024-12-12 00:00:00+05:30,4836.616142795123,4845.450563025654,4747.780336090723,4765.89306640625,406271,0.0,0.0,4831.3697265625,5230.626404205479,33.992214092915354,-170.62249442299162,25.9910957708926,-196.61359019388422,115.67718230711853,43638256.0,-0.01462242904974497
2024-12-13 00:00:00+05:30,4761.598849894871,4800.193165821649,4711.258563546479,4787.361328125,284721,0.0,0.0,4821.6767578125,5213.24346004546,35.80937305183566,-161.02959586339057,28.467195464394933,-189.4967913277855,113.76699801912218,43922977.0,0.0054104680050269015
2024-12-16 00:00:00+05:30,4806.017056747621,4806.017056747621,4728.038961146252,4783.80810546875,208757,0.0,0.0,4818.266455078125,5196.4028579051965,35.63451772615329,-151.96214500023234,30.02771706204254,-181.98986206227488,111.21064784642547,43714220.0,-0.004621072088724583
2024-12-17 00:00:00+05:30,4754.196263916284,4777.293477307473,4703.510404385695,4714.96044921875,312523,0.0,0.0,4811.623510742187,5177.522763446905,32.339437246559044,-148.61837522140195,26.69718947269834,-175.3155646941003,109.0025802204704,43401697.0,-0.008252880722516339
2024-12-18 00:00:00+05:30,4713.23274476315,4736.823488705182,4691.072955093369,4720.78369140625,228821,0.0,0.0,4806.192163085938,5159.611427288448,32.90456739167483,-143.8404237361774,25.18011276633834,-169.02053650251574,104.48457689128058,43630518.0,0.001602073789267076
2024-12-19 00:00:00+05:30,4688.556195476153,4741.660070756781,4664.521079428435,4723.84375,247805,0.0,0.0,4805.32353515625,5142.522498767333,33.220218584347684,-138.21370010652936,24.645469116789116,-162.85916922331847,102.53132077964243,43878323.0,0.0075263157894736475
2024-12-20 00:00:00+05:30,4728.03876421538,4745.312392268359,4619.95520582674,4637.32763671875,363168,0.0,0.0,4797.908203125,5122.710935549741,29.057939186960287,-139.13178379113197,18.98190834574922,-158.11369213688118,104.16173975549789,43515155.0,-0.01918578337030272
2024-12-23 00:00:00+05:30,4644.138565857378,4673.750501452643,4603.471314853842,4643.4970703125,332554,0.0,0.0,4788.057299804687,5103.918234952203,29.734032670034157,-137.77338418280215,16.272246363263235,-154.04563054606538,101.7415573871624,43847709.0,-0.00013813014744957247
2024-12-24 00:00:00+05:30,4641.22655769464,4704.892219566803,4629.381783392842,4682.73291015625,227672,0.0,0.0,4774.756616210938,5087.401163391578,34.03939700864455,-132.0091193832386,17.629208930261427,-149.63832831350004,99.8679058719337,44075381.0,0.008942970558676322
2024-12-26 00:00:00+05:30,4693.39297856838,4735.047293999137,4647.099749083739,4700.0556640625,398117,0.0,0.0,4763.775537109375,5072.2111438100455,35.90662223259271,-124.60670796788872,20.02529627648906,-144.63200424437778,99.01645151789543,44473498.0,0.0014195882434187143
2024-12-27 00:00:00+05:30,4714.219970133686,4745.164538064326,4677.15589158837,4707.6064453125,131505,0.0,0.0,4756.157861328125,5057.912920339553,36.7471495376884,-116.7847368963985,22.277813878383427,-139.06255077478193,96.80160830061406,44605003.0,-0.0014028884657663256
2024-12-30 00:00:00+05:30,4698.130887067212,4755.676552103441,4676.711395572043,4737.36669921875,271403,0.0,0.0,4749.164526367187,5045.342480295601,40.08235671319533,-106.95149444163962,25.688845066513835,-132.64033950815346,95.52757603138434,44876406.0,0.00835136634007889
2024-12-31 00:00:00+05:30,4732.973941144001,4732.973941144001,4679.870067603944,4701.14111328125,255918,0.0,0.0,4742.032983398438,5031.8443874715085,37.49096646034927,-100.91835698700925,25.377586016915373,-126.29594300392462,92.81108000162872,44620488.0,-0.006725755995828941
2025-01-01 00:00:00+05:30,4690.7281371278295,4757.354991267611,4690.7281371278295,4732.7275390625,87260,0.0,0.0,4736.364770507813,5020.11431498488,41.06860176502676,-92.5217582694986,27.01934778754081,-119.54110605703941,90.94077815435391,44707748.0,0.008953706270512413
2025-01-02 00:00:00+05:30,4728.08808260958,4744.76985811582,4662.004403972483,4725.8671875,402766,0.0,0.0,4733.218505859375,5008.575211946258,40.526078416341896,-85.43611201125532,27.283995236627277,-112.7201072478826,90.35682643928132,44304982.0,-0.0004697237172354371
2025-01-03 00:00:00+05:30,4737.909365200045,4796.590539602976,4723.843696772107,4771.568359375,341848,0.0,0.0,4731.3480224609375,4999.280825570914,45.67454108854676,-75.26537132304566,29.963788739869557,-105.22916006291521,89.09897046725183,44646830.0,0.007104187011718858
2025-01-06 00:00:00+05:30,4810.458510488684,4810.458510488684,4711.554461592892,4729.2724609375,619930,0.0,0.0,4727.419482421875,4988.692262251957,42.04677493844065,-69.81314904868577,28.332808811383558,-98.14595786006933,89.79933321214753,44026900.0,-0.016876987791115197
2025-01-07 00:00:00+05:30,4742.795520806745,4822.599296000254,4742.795520806745,4769.7421875,450200,0.0,0.0,4729.356591796875,4980.105984810703,46.431023230413345,-61.51751923274969,29.302750901855717,-90.82027013460541,90.051297630048,44477100.0,0.005681599928784465
2025-01-08 00:00:00+05:30,4787.262825810114,4808.879441970755,4698.574984077089,4797.03466796875,371105,0.0,0.0,4732.942114257812,4972.926717483568,49.220990929982825,-52.139861883922094,30.94432660054666,-83.08418848446875,91.49795193459214,44848205.0,0.0020412169780927732
2025-01-09 00:00:00+05:30,4797.676192317951,4984.675755783838,4777.441369942987,4862.57568359375,832814,0.0,0.0,4734.75830078125,4968.599225958476,55.248627094556554,-38.97016485838594,35.29121890086624,-74.26138375925218,99.76484007075351,45681019.0,0.013527276263395211
2025-01-10 00:00:00+05:30,4864.747299288359,4894.260430905634,4818.503231916006,4875.30908203125,305669,0.0,0.0,4740.2291015625,4964.9407889417225,56.33312999227304,-27.19215204440843,37.65538537187501,-64.84753741628344,98.05000856495882,45986688.0,0.0021710855863852256
2025-01-13 00:00:00+05:30,4858.529040749257,4933.249533698282,4842.538403174916,4863.31591796875,448698,0.0,0.0,4744.026831054687,4960.955499883959,54.98162985980453,-18.611201792923566,36.98906849868791,-55.60027029161147,97.5258029905593,45537990.0,0.0009852523632863078
2025-01-14 00:00:00+05:30,4884.93316507168,4885.969390035041,4787.361740556445,4799.50244140625,283367,0.0,0.0,4744.811547851563,4954.624007394637,48.336671471870005,-16.76667534682656,31.06687595582794,-47.8335513026545,97.60307773970483,45254623.0,-0.017488616686975038
2025-01-15 00:00:00+05:30,4807.991187209253,4873.335050000062,4741.95666844639,4813.91357421875,242422,0.0,0.0,4749.759204101562,4949.105951191662,49.8118554746377,-13.980854284678571,27.082157614380748,-41.06301189905932,100.01559944070253,45497045.0,0.0012317799219873666
2025-01-16 00:00:00+05:30,4822.8459865242885,4836.615728169079,4681.745414817247,4781.8828125,454269,0.0,0.0,4752.81416015625,4942.548181046891,46.62517777538699,-14.19406544962385,21.495157159548377,-35.689222609172226,103.9337932914975,45042776.0,-0.008493568763909396
2025-01-17 00:00:00+05:30,4783.413514220014,4859.812212432926,4753.406848907345,4791.60595703125,492847,0.0,0.0,4756.2022705078125,4936.628878144316,47.718572605627664,-13.423720041322667,17.812402054279648,-31.236122095602315,104.11033402250342,45535623.0,0.001712677105352028
2025-01-20 00:00:00+05:30,4797.133249091306,4844.512342909493,4774.085197684655,4822.20458984375,155962,0.0,0.0,4765.446118164063,4932.1416511521375,51.112615608318684,-10.226279624804192,16.8078739766385,-27.034153601442693,101.7043919655273,45691585.0,0.0052263173546810895
2025-01-21 00:00:00+05:30,4822.204484052141,4880.194519484481,4787.361302357115,4840.416015625,377457,0.0,0.0,4775.292065429688,4928.544567405976,53.065552561430344,-6.1518603800268465,16.70583457713268,-22.857694957159527,101.07073661994434,46069042.0,0.0037765987803062826
2025-01-22 00:00:00+05:30,4866.227706105668,4910.843211734689,4820.033282939208,4892.58251953125,460132,0.0,0.0,4785.7845458984375,4927.134291018731,58.21482757223916,1.2718856120218334,19.30366445534509,-18.031778843323256,100.33782177533982,46529174.0,0.005415861118154036
2025-01-23 00:00:00+05:30,4880.194524062959,4977.716779303105,4820.033236000851,4947.75927734375,361082,0.0,0.0,4798.1697265625,4927.9431140118695,62.85661251828925,11.475281122321576,23.605647972515865,-12.130366850194289,104.433944741548,46890256.0,0.01384468445830317
2025-01-24 00:00:00+05:30,4972.5349124168415,5041.925352417607,4948.302190308694,5035.55859375,509954,0.0,0.0,4814.567333984375,4932.163328903561,68.79658673996164,26.34255605171893,30.778338321530576,-4.435782269811646,103.7005254795701,47400210.0,0.01267435673016252
2025-01-27 00:00:00+05:30,5037.631503306447,5147.541228813239,5037.039168229388,5109.29248046875,937878,0.0,0.0,4833.163623046875,4939.1095701414115,72.73934391970555,43.57241134944525,38.40655489540551,5.165856454039734,104.29210473554647,48338088.0,0.014225132806015839
2025-01-28 00:00:00+05:30,5114.129089375868,5148.7751493909545,4953.287219802317,4995.28662109375,456912,0.0,0.0,4847.8708984375,4941.312591747386,60.09536810005851,47.48054952316852,33.85175445530303,13.62879506786549,110.80609222505298,47881176.0,-0.02323806579873044
2025-01-29 00:00:00+05:30,5034.028969710576,5034.028969710576,4926.438938789312,4971.89306640625,298533,0.0,0.0,4859.829174804688,4942.511826047734,57.872369098661636,48.135239746619845,27.605155743003483,20.530084003616363,110.57637356049668,47582643.0,-0.012343175551470605
2025-01-30 00:00:00+05:30,4971.9425379310205,5038.964119046976,4969.820445713663,5009.69775390625,354016,0.0,0.0,4874.020703125,4945.146568316695,60.420395013662144,51.11538248867873,24.468238788049895,26.64714370062884,107.6168949728407,47936659.0,0.007593654932090303
2025-01-31 00:00:00+05:30,5037.977301653616,5103.123559864654,4974.90397532413,5063.29541015625,316771,0.0,0.0,4888.6070556640625,4949.779856231972,63.76644609771553,57.143337187001634,24.39695478909823,32.7463823979034,109.08851565624666,48253430.0,0.005025451086157808
2025-02-01 00:00:00+05:30,5093.252658916588,5309.419777579908,4985.662631819319,5134.06787109375,634040,0.0,0.0,4908.846826171875,4957.0068372069445,67.6548667240372,66.86055399481029,27.291337277525507,39.56921671728478,124.42198923512825,48887470.0,0.008013584817102678
2025-02-03 00:00:00+05:30,5164.913666625163,5164.913666625163,4950.128340540883,5039.5068359375,517520,0.0,0.0,4922.33505859375,4960.242131274809,58.605227514414146,66.16848397142894,21.27941380331532,44.88907016811362,130.87651329578196,48369950.0,-0.024280527958874133
2025-02-04 00:00:00+05:30,5051.795896334271,5051.795896334271,4925.747572254401,4963.3056640625,434664,0.0,0.0,4930.648608398437,4960.362269815503,52.509768168781704,58.793481108706146,11.123528752474016,47.66995235623213,130.5316426375025,47935286.0,-0.017516588969079656
2025-02-05 00:00:00+05:30,4992.572385037636,4992.572385037636,4860.65130719968,4868.84375,384948,0.0,0.0,4930.96201171875,4956.773308254111,46.1076608857871,44.809910437956205,-2.2880335346207374,47.09794397257694,130.6308880089635,47550338.0,-0.02478254204354485
2025-02-06 00:00:00+05:30,4868.301011911162,4914.396635782265,4842.58769200498,4891.94091796875,466931,0.0,0.0,4931.793603515625,4954.230861576254,47.78404204562125,35.18597632660749,-9.52957411677557,44.71555044338306,126.42932056384355,48017269.0,0.0048558842191040565
2025-02-07 00:00:00+05:30,4945.1930538044735,5009.746974521001,4781.340349826121,4807.49755859375,701024,0.0,0.0,4929.002685546875,4948.47661440047,42.570360310529715,20.50865482111658,-19.365516497813182,39.87417131892976,133.71341371606042,47316245.0,-0.027844311377245533
2025-02-10 00:00:00+05:30,4851.422004735373,4944.206067491248,4813.913553834062,4846.14111328125,625074,0.0,0.0,4931.334619140625,4944.4634574938345,45.50089747244464,11.858288718425683,-22.41270608040326,34.270994798828944,133.9273490861631,47941319.0,-0.0010885244468463672
2025-02-11 00:00:00+05:30,4847.42441160868,4875.654069644955,4791.21089772145,4840.61328125,279638,0.0,0.0,4932.669604492187,4940.390901562704,45.14600813637475,4.504832507631363,-23.812929832958066,28.31776234058943,130.39276500311604,47661681.0,-0.0014051029537188475
2025-02-12 00:00:00+05:30,4835.678207352436,4869.140079899475,4780.8961269067,4854.67919921875,336331,0.0,0.0,4936.309423828125,4937.029658333529,46.293883311085445,-0.185691950699038,-22.802763433030773,22.617071482331735,127.38213557380591,47998012.0,0.003929333394729084
2025-02-13 00:00:00+05:30,4852.359909904134,4886.70956163558,4804.289676083578,4825.46240234375,341650,0.0,0.0,4938.00224609375,4932.654471824127,44.22378240972487,-6.1891727790125515,-23.04499540907543,16.855822630062878,124.17054628653419,47656362.0,-0.0055431806501994065
2025-02-14 00:00:00+05:30,4828.423477366528,4890.904465747361,4810.705477282785,4875.7529296875,489241,0.0,0.0,4940.679663085937,4930.423038799161,48.49321913286551,-6.810442781990787,-18.933012329642935,12.122569547652146,121.02972072782292,48145603.0,0.009802257930115613
2025-02-17 00:00:00+05:30,4870.669711690084,4904.723436495699,4848.361957888173,4899.4921875,275352,0.0,0.0,4943.633471679687,4929.210064238409,50.42239874058987,-5.325850932818867,-13.958736384376811,8.632885451557945,116.4105605763732,48420955.0,0.005917559086533649
2025-02-18 00:00:00+05:30,4899.492353522327,4902.798634094146,4796.541234848174,4827.93017578125,314216,0.0,0.0,4940.400854492187,4925.238303906756,44.956059512053386,-9.81066622020262,-14.754841337408452,4.944175117205832,115.68533476705882,48106739.0,-0.014606039274585201
2025-02-19 00:00:00+05:30,4817.861620336725,4835.628780583818,4750.099741676242,4774.92431640625,215919,0.0,0.0,4931.759106445313,4919.343637730266,41.37784048502022,-17.440995569631923,-17.908136549470203,0.4671409798382813,113.53131363423863,47890820.0,-0.008912108174554357
2025-02-20 00:00:00+05:30,4756.663569523546,4784.301374036238,4730.012829457736,4769.89013671875,319761,0.0,0.0,4918.47568359375,4913.482716121972,41.04371098534761,-23.622003034202862,-19.271315211232913,-4.350687822969948,109.29968727311454,47571059.0,0.0027806396231063466
2025-02-21 00:00:00+05:30,4787.262936916939,4787.460542607594,4721.672306572523,4769.39697265625,334003,0.0,0.0,4901.480908203125,4907.83229480959,41.00877514541035,-28.234816807336756,-19.107303187493446,-9.12751361984331,106.19172647039717,47237056.0,-0.003731978898195827
2025-02-24 00:00:00+05:30,4688.556398758193,4767.028026905829,4641.177302518109,4742.15380859375,259886,0.0,0.0,4888.824267578125,4901.335099271714,39.032264645847135,-33.70032425500813,-19.65824850813185,-14.042075746876275,107.76515101809315,46977170.0,0.01143153782894732
2025-02-25 00:00:00+05:30,4723.991638367387,4790.914897022752,4698.426765594664,4735.984375,479647,0.0,0.0,4877.028833007813,4894.850757143412,38.57879995779283,-38.09051625419579,-19.23875240585561,-18.85176384834018,106.67393533309274,46497523.0,0.0025386870999537852
2025-02-27 00:00:00+05:30,4735.984373429951,4797.824346558076,4704.842682937537,4720.931640625,386556,0.0,0.0,4862.59052734375,4888.030399632886,37.436015999190715,-42.29683334040601,-18.75605559365266,-23.54077774675335,105.69591592505324,46110967.0,-0.0031783746773745053
2025-02-28 00:00:00+05:30,4720.932012365072,4724.535183449571,4494.894236380376,4536.005859375,676501,0.0,0.0,4836.226049804687,4874.225515701204,26.89550140557349,-59.86227989409781,-29.057201717875564,-30.805078176222246,114.5491324353491,45434466.0,-0.03917153488034003
2025-03-03 00:00:00+05:30,4536.005597256066,4611.565189412139,4489.317158792092,4537.140625,412033,0.0,0.0,4806.3796875,4861.006500379588,27.031270951089652,-72.8516680570292,-33.63727190464556,-39.21439615238364,115.09905373425607,45846499.0,0.000250226266171451
2025-03-04 00:00:00+05:30,4471.451231513411,4521.742359293106,4447.712523679271,4516.017578125,321501,0.0,0.0,4780.205224609375,4847.477523036271,26.061018559841852,-83.88335006579928,-35.7351631307325,-48.148186935066775,113.26541427614701,45524998.0,0.009966864068090343
2025-03-05 00:00:00+05:30,4520.6564849215865,4673.947886805747,4501.013998295723,4661.06640625,350741,0.0,0.0,4765.09326171875,4840.167283162299,41.57037282286814,-79.99962346935627,-25.481149227431587,-54.51847424192468,117.5274481499954,45875739.0,0.031059630785206405
2025-03-06 00:00:00+05:30,4663.87951620329,4737.810546956019,4594.439435902362,4641.7197265625,460852,0.0,0.0,4753.737060546875,4832.385026040739,40.35449735733147,-77.58846598602486,-18.45599339528014,-59.13247259074472,119.3734240716855,45414887.0,-0.004751364087301675
2025-03-07 00:00:00+05:30,4629.332593340309,4703.362432253001,4599.720657775233,4686.8291015625,191644,0.0,0.0,4743.481469726563,4826.676950571004,44.43533159798008,-71.21671478414373,-9.667393754719207,-61.549321029424526,118.24973481497712,45606531.0,0.01242004264392329
2025-03-10 00:00:00+05:30,4687.569163056888,4761.54983779093,4649.122809205147,4676.41552734375,290019,0.0,0.0,4736.9273681640625,4820.784345738563,43.69215435744447,-66.24372799916091,-3.7555255757891004,-62.48820242337181,117.83382722717752,45316512.0,-0.0023794071778270084
2025-03-11 00:00:00+05:30,4658.944326881294,4732.974162583856,4650.603439272774,4700.4501953125,147357,0.0,0.0,4729.642822265625,4816.065359447345,45.939485866610696,-59.675303551891375,2.2503190971843523,-61.92562264907573,115.30074837602781,45463869.0,0.008908856925317734
2025-03-12 00:00:00+05:30,4708.198630512452,4739.389963570848,4651.442424554871,4730.06201171875,223033,0.0,0.0,4724.115258789063,4812.692679144263,48.65830332925421,-51.48684544197113,8.351021765683683,-59.83786720765481,113.34694770745274,45686902.0,0.004643682843924197
2025-03-13 00:00:00+05:30,4728.038631042471,4775.417723796132,4651.837064077643,4667.08740234375,284758,0.0,0.0,4714.735668945313,4806.982668289342,43.632607876161735,-49.50825769411949,8.263687610828256,-57.77194530494775,114.07792713681249,45402144.0,-0.012891440501043891
2025-03-17 00:00:00+05:30,4540.496699722536,4681.696083652872,4540.496699722536,4614.427734375,322411,0.0,0.0,4704.183935546875,4799.431494410348,39.91962476200307,-51.594656673291865,4.941830905324707,-56.53648757861657,116.01517405063566,45079733.0,0.016282587466032568
2025-03-18 00:00:00+05:30,4614.427734375,4614.427734375,4614.427734375,4614.427734375,0,0.0,0.0,4691.11767578125,4792.176444997197,39.919624762003075,-52.64132645272002,3.116128900717243,-55.757455353437265,107.7283759041617,45079733.0,0.0
2025-03-19 00:00:00+05:30,4734.948428347677,4734.948428347677,4612.848356348256,4646.21142578125,469240,0.0,0.0,4678.453637695313,4786.452326596572,43.297250365112724,-50.32601455573058,4.345152638165352,-54.67116719389593,108.75492562525163,45548973.0,-0.018740859358713804
2025-03-20 00:00:00+05:30,4680.561075328332,4777.392199567965,4654.009136562593,4768.607421875,265168,0.0,0.0,4675.4875,4785.752526411412,54.01778248042484,-38.174724753679584,13.197153952173082,-51.371878705852666,110.35677192249901,45814141.0,0.01881106669257424
2025-03-21 00:00:00+05:30,4777.392192693186,4790.371994509655,4724.633402241975,4751.728515625,304441,0.0,0.0,4674.327709960938,4784.418251478612,52.542468464225756,-29.565909313284465,17.444775514054562,-47.01068482733903,107.16975909001196,45509700.0,-0.005371900826446208
2025-03-24 00:00:00+05:30,4754.097210545367,4770.284971438663,4708.544281708913,4734.80029296875,173845,0.0,0.0,4672.573217773437,4782.472449184107,51.03695643713986,-23.834576979988015,18.54088627788081,-42.37546325786882,103.92482556427895,45335855.0,-0.00405900778255288
2025-03-25 00:00:00+05:30,4730.0128804178585,4802.068585816544,4677.303734779504,4782.52490234375,422209,0.0,0.0,4673.2296142578125,4782.47450617076,54.95555438229787,-15.265506432761867,21.68796546008557,-36.95347189284744,105.41339881233331,45758064.0,0.011101877152024271
2025-03-26 00:00:00+05:30,4784.20272715459,4813.518734968652,4732.036273043344,4786.966796875,453242,0.0,0.0,4675.470263671875,4782.650674433671,55.31401723576051,-8.02354212195496,23.143943816713985,-31.167485938668946,103.70404617754576,46211306.0,0.0005777492882400518
2025-03-27 00:00:00+05:30,4767.521345409852,4861.687198572138,4718.217282809493,4778.57666015625,6750074,0.0,0.0,4677.599877929688,4782.49090916789,54.43286772334046,-2.9275007378109876,22.591988160686366,-25.519488898497354,106.54446543362432,39461232.0,0.002318881017080696
2025-03-28 00:00:00+05:30,4799.058380025166,4963.601740989118,4799.058380025166,4873.03857421875,415586,0.0,0.0,4685.205224609375,4786.041797993414,61.809272250499426,8.633909454042623,27.322718682031983,-18.68880922798936,112.15022367642747,39876818.0,0.015415564541058142
2025-04-01 00:00:00+05:30,4826.84397298044,4900.775004040117,4819.391347189015,4837.4052734375,557968,0.0,0.0,4700.2751953125,4788.056051932397,57.995363494869714,14.751059719195837,26.75189515774816,-12.00083543855232,109.95261176033281,39318850.0,0.002188034358719551
2025-04-02 00:00:00+05:30,4842.340505399765,4989.610711673765,4837.405183231937,4972.23828125,459267,0.0,0.0,4722.030078125,4795.278884454656,66.43506879812203,30.13150502629105,33.7058723718747,-3.5743673455836467,112.97067723758244,39778117.0,0.026825411328547467
2025-04-03 00:00:00+05:30,4925.500705925926,5024.157989287446,4917.555029986258,5007.822265625,339959,0.0,0.0,4746.6203125,4803.613919010356,68.24824820504978,44.67694092898637,38.60104661965601,6.075894309330357,112.5158402421257,40118076.0,0.016713338321123775
2025-04-04 00:00:00+05:30,4968.339720438982,5083.381888647495,4913.458840937465,4958.41943359375,722283,0.0,0.0,4761.487963867187,4809.684723503822,63.147942850273076,51.62283213311821,36.43755025903028,15.185281874087927,116.61635506126173,39395793.0,-0.001996700588814727
2025-04-07 00:00:00+05:30,4562.21216159614,5006.391190743319,4545.481225378892,4990.4501953125,841464,0.0,0.0,4778.924487304687,4816.773565535535,64.97552300254131,59.03163578191743,35.0770831262636,23.954552655653828,141.20875579720212,40237257.0,0.09386631277720689
2025-04-08 00:00:00+05:30,4996.964797107449,5120.98935331011,4973.472373174902,5112.3525390625,303185,0.0,0.0,4800.200659179687,4828.36489783071,70.89192476794531,73.88793232121225,39.946703732446736,33.94122858876551,141.65934324991684,40540442.0,0.023091565908537993
2025-04-09 00:00:00+05:30,5082.888737867842,5282.868105703142,5082.888737867842,5270.3818359375,549745,0.0,0.0,4829.898974609375,4845.698895403526,76.44650861874392,97.29177884976252,50.680440208797606,46.61133864096492,145.8250592917299,41090187.0,0.03688711434362565
2025-04-11 00:00:00+05:30,5330.888593423873,5330.888593423873,5237.857764385277,5280.99267578125,304650,0.0,0.0,4858.926098632813,4862.769239732064,76.76709013674926,115.36583638701995,55.003598196844024,60.36223819017593,142.0540428450775,41394837.0,-0.00935977497338331
2025-04-15 00:00:00+05:30,5358.674267776252,5361.734264062234,5240.325332825184,5321.560546875,446075,0.0,0.0,4888.501025390625,4880.761055698454,77.99997764422676,131.4478958395066,56.86852611946453,74.57936972004207,140.57939201593265,41840912.0,-0.006925914703274869
2025-04-16 00:00:00+05:30,5281.288344663336,5371.604741922787,5281.288344663336,5346.138671875,215423,0.0,0.0,4922.453588867187,4899.011158293612,78.73620481205562,144.51046639812648,55.94487734246752,88.56558905565896,136.9891781047554,42056335.0,0.01227926274413598
2025-04-17 00:00:00+05:30,5349.889464893137,5398.551550819142,5326.98937624262,5384.0419921875,186873,0.0,0.0,4960.934301757812,4918.031975309059,79.85577779831158,156.12145787042755,54.04469505181487,102.07676281861268,132.3158207098816,42243208.0,0.0063837818553966865
2025-04-21 00:00:00+05:30,5409.607062622439,5409.607062622439,5300.536433953563,5323.4365234375,201975,0.0,0.0,4996.384741210937,4933.9301928827235,73.21763529620424,158.6046023103172,45.222271593363615,113.38233071695359,130.6554498498098,42041233.0,-0.01592916790210745
2025-04-22 00:00:00+05:30,5369.630754990341,5414.048656456254,5314.355144277205,5365.18896484375,286928,0.0,0.0,5032.3336181640625,4950.842301587078,74.77343299262434,162.07330507699317,38.95277948803165,123.12052558896151,128.4438828733269,42328161.0,-0.0008272058823529462
2025-04-23 00:00:00+05:30,5365.189117597378,5477.2209389288655,5336.366641261742,5472.58154296875,266881,0.0,0.0,5067.53232421875,4971.302663994202,78.26999411865589,171.51088977223026,38.71229134661499,132.79859842561527,129.33034107288378,42595042.0,0.020016521881611564
2025-04-24 00:00:00+05:30,5478.208038443869,5549.967821210964,5357.490241481854,5391.24755859375,339754,0.0,0.0,5099.508276367187,4987.7710912334005,70.32037020457591,170.46228769132176,30.130951412565196,140.33133627875657,133.84085811975706,42255288.0,-0.01587389146959459
2025-04-25 00:00:00+05:30,5391.444789715814,5449.58278900701,5292.639542592934,5350.3828125,244513,0.0,0.0,5130.28740234375,5001.991158734052,66.65717848439316,164.43827739605058,19.285552893835217,145.15272450221536,135.49102871220845,42010775.0,-0.007616136085477505
2025-04-28 00:00:00+05:30,5342.980256934093,5410.890103253367,5333.405538285821,5358.57568359375,107666,0.0,0.0,5159.08994140625,5015.974865591295,67.02802606377159,158.49823309360363,10.676406873110608,147.82182622049302,131.34770987330393,42118441.0,0.002918862864862286
2025-04-29 00:00:00+05:30,5358.575406526699,5463.4018461162605,5335.576997142086,5397.564453125,294207,0.0,0.0,5189.61982421875,5030.9391631416365,68.80610407281509,155.14831979254268,5.861194857639703,149.28712493490298,131.09607695193753,42412648.0,0.007276009692951684
2025-04-30 00:00:00+05:30,5413.061626465241,5475.049083230999,5316.428109942329,5368.544921875,284371,0.0,0.0,5219.118237304688,5044.178604660592,65.95515062147142,148.44072346216853,-0.6771211781875763,149.1178446403561,133.06214097598985,42128277.0,-0.008223941950446713
2025-05-02 00:00:00+05:30,5310.406803403839,5337.0575438670185,5208.245631628319,5232.4287109375,262909,0.0,0.0,5237.087744140625,5051.560961769491,54.53998288922267,130.6355787586008,-14.785812705404282,145.42139146400507,135.0076516381821,41865368.0,-0.014684014869888523
2025-05-05 00:00:00+05:30,5250.19613052371,5310.40706565474,5241.312549930608,5289.6787109375,97149,0.0,0.0,5259.701416015625,5060.898912717256,57.844712696325324,119.76390608476777,-20.525988303389852,140.28989438815762,130.9341304295434,41962517.0,0.0075202105658958565
2025-05-06 00:00:00+05:30,5280.795115793317,5345.447841042748,5242.299599995945,5323.732421875,175899,0.0,0.0,5277.276123046875,5071.206109154815,59.72041944005152,112.59791832581323,-22.15358084987554,134.75149917568876,128.94942404506196,42138416.0,0.008130841121495208
2025-05-07 00:00:00+05:30,5291.652871725203,5325.213065278394,5249.702629783715,5281.7822265625,168716,0.0,0.0,5290.97412109375,5079.463996111978,56.39166304235136,102.35391896465717,-25.918064168825282,128.27198313348245,125.13235343432038,41969700.0,-0.0018653236336504157
2025-05-08 00:00:00+05:30,5281.782068964768,5409.11338776433,5245.7542151959,5321.2646484375,265391,0.0,0.0,5309.116381835937,5088.946374634548,58.72359315315159,96.31116201970872,-25.568656891019003,121.87981891072772,127.86284051532822,42235091.0,0.007475238273219923
2025-05-09 00:00:00+05:30,5304.978150491946,5432.309470877742,5285.236860509652,5365.6826171875,476782,0.0,0.0,5327.878002929688,5099.798776303292,61.235045145839315,94.0225589344127,-22.28580798105203,116.30836691546473,129.23496693338262,42711873.0,0.01144292492324876
2025-05-12 00:00:00+05:30,5468.337254557814,5548.78301019797,5344.95419376003,5535.951171875,192712,0.0,0.0,5349.057934570313,5116.902791815908,69.01726058508861,104.74068841320423,-9.254142801808413,113.99483121501264,134.563099040851,42904585.0,0.012364620938628156
2025-05-13 00:00:00+05:30,5556.679649576971,5567.043826914312,5391.346344433683,5414.048828125,366566,0.0,0.0,5356.241284179688,5128.5555775535195,59.766377542436366,102.22005373518277,-9.419821983863898,111.63987571904667,137.50126928654947,42538019.0,-0.025668354205524473
2025-05-14 00:00:00+05:30,5385.4237184308895,5513.2485665864615,5367.163025837237,5413.0615234375,389963,0.0,0.0,5362.8447265625,5139.712673470538,59.696586642396944,99.00153726040753,-10.110670766911326,109.11220802731886,138.1144315338834,42148056.0,0.0051319648093842325
2025-05-15 00:00:00+05:30,5437.738456191389,5457.9732789091095,5386.904633266383,5394.3076171875,462518,0.0,0.0,5366.482080078125,5149.696788910419,58.30386465163703,93.85564679144773,-12.205248988696908,106.06089578014463,133.3254468273722,41685538.0,-0.007986930477400666
2025-05-16 00:00:00+05:30,5401.217045919295,5455.505594443703,5381.969287806095,5430.33544921875,154274,0.0,0.0,5370.691918945313,5160.70222656957,60.223727007414965,91.62840129499455,-11.545995588120078,103.17439688311462,129.05479395667473,41839812.0,0.005391081871345012
2025-05-19 00:00:00+05:30,5430.335377960385,5475.740345221346,5389.372200974953,5448.1025390625,147864,0.0,0.0,5373.894946289062,5171.972827059489,61.17317038964694,90.2565277876447,-10.33429527637594,100.59082306402064,126.00574754879746,41987676.0,0.003271834954103402
2025-05-20 00:00:00+05:30,5446.62193825707,5478.208002415139,5349.889616772983,5357.7861328125,275067,0.0,0.0,5375.6124267578125,5179.259623363528,54.103410560859494,80.94840613331053,-15.713933544568093,96.66233967787862,126.1709359840374,41712609.0,-0.016310257339615802
2025-05-21 00:00:00+05:30,5364.695690165792,5462.415078082336,5346.434996464216,5422.43896484375,166304,0.0,0.0,5378.474926757813,5188.796068127458,57.85801546455606,77.89072014299563,-15.017295627906392,92.90801577090203,125.44301781504328,41878913.0,0.010763569457221763
2025-05-22 00:00:00+05:30,5422.438696569684,5424.412825520833,5344.954135237069,5367.1630859375,211388,0.0,0.0,5373.20400390625,5195.790853139617,53.80533853940759,70.19798186013577,-18.168027128613005,88.36600898874877,122.1584229913805,41667525.0,-0.010193865477382377
2025-05-23 00:00:00+05:30,5388.385023537889,5427.867602937324,5336.070605833637,5415.529296875,100229,0.0,0.0,5374.4180908203125,5204.408047011593,56.66557896960916,67.229203942823,-16.90944403674061,84.13864797956361,119.98974971368807,41767754.0,0.005037552665323287
2025-05-26 00:00:00+05:30,5428.854638009049,5475.740200791855,5417.996928733031,5453.53125,140009,0.0,0.0,5379.575512695313,5214.177584383688,58.82290126550315,67.16858839999622,-13.576047663653924,80.74463606365015,115.71983215677145,41907763.0,0.004545454545454639
2025-05-27 00:00:00+05:30,5453.531239961651,5468.337207128969,5404.178016070596,5425.39990234375,166840,0.0,0.0,5382.916723632812,5222.460812538984,56.57749439577827,64.11154748189801,-13.306470865401707,77.41801834729972,112.03692922117155,41740923.0,-0.005158371040723923
2025-05-28 00:00:00+05:30,5423.919520936586,5434.283698365128,5340.0190369912525,5402.2041015625,321303,0.0,0.0,5383.148706054688,5229.509568971279,54.72260142069899,59.135436757454045,-14.626065271876541,73.76150202933059,110.76748151779323,41419620.0,-0.004003639672429439
2025-05-29 00:00:00+05:30,5430.829005336753,5461.921537810055,5381.969311450135,5424.4130859375,201350,0.0,0.0,5385.942114257812,5237.152844146424,56.20314792893125,56.33452327098166,-13.941583006679139,70.2761062776608,108.56639186365943,41620970.0,-0.0011813885859687286
2025-05-30 00:00:00+05:30,5424.412782982487,5460.4406360584335,5367.163043848108,5439.21875,401901,0.0,0.0,5396.2816162109375,5245.076997317154,57.20773986753632,54.6791651282083,-12.477552919562001,67.1567180477703,107.47433474556415,42022871.0,0.0027295059594214435
2025-06-02 00:00:00+05:30,5443.660776075351,5647.983129773918,5440.206050288178,5532.49658203125,625172,0.0,0.0,5408.422509765625,5256.348353580452,62.97049234393213,60.200074379203215,-5.565314934853674,65.76538931405689,114.70933796187516,42648043.0,0.01631912964641884
2025-06-03 00:00:00+05:30,5532.496331431878,5566.056523272857,5473.765995710166,5503.3779296875,166545,0.0,0.0,5417.40478515625,5266.035787937591,60.24308830347017,61.51667688883754,-3.3989699401754905,64.91564682901303,113.10799436193342,42481498.0,-0.005263157894736857
2025-06-04 00:00:00+05:30,5507.81997487933,5522.625942553737,5449.089636437517,5470.3115234375,334358,0.0,0.0,5426.83125,5274.04660109445,57.21265386170408,59.20938232357912,-4.565011604347127,63.77439392792625,110.28144520152537,42147140.0,-0.006810035842293877
2025-06-05 00:00:00+05:30,5470.31129586356,5538.41874433245,5449.0894097464425,5527.56103515625,218004,0.0,0.0,5437.146069335938,5283.988343606678,60.88165318523879,61.293834726384375,-1.9844473612334994,63.278282087617875,108.78486587184553,42365144.0,0.010465535907614594
2025-06-06 00:00:00+05:30,5533.976802743953,5572.47231604227,5483.142983901304,5534.9638671875,152475,0.0,0.0,5445.610131835938,5293.830521002004,61.343255890748175,62.81898677407844,-0.3674362508315525,63.18642302490999,107.39518489106838,42517619.0,0.00017836439846611183
2025-06-09 00:00:00+05:30,5566.056414440303,5646.995699062418,5516.20965988644,5623.30615234375,174499,0.0,0.0,5449.977880859375,5306.751133995798,66.43360909476296,70.34526839913451,5.727076299379604,64.6181920997549,109.06596019713335,42692118.0,0.010285511615534608
2025-06-10 00:00:00+05:30,5656.866461841859,5656.866461841859,5583.823691264944,5593.6943359375,456712,0.0,0.0,5458.96015625,5318.003808581748,63.419052133392704,73.07807613109799,6.7679072250744525,66.31016890602353,106.49287522426063,42235406.0,-0.011167335543535207
2025-06-11 00:00:00+05:30,5586.785196003872,5626.267776894359,5561.121518425055,5576.91455078125,138866,0.0,0.0,5467.152807617187,5328.157171020944,61.710222405776975,73.04780786155516,5.390111164425292,67.65769669712986,103.53954545604941,42096540.0,-0.001766784452296956
2025-06-12 00:00:00+05:30,5624.293350818352,5624.293350818352,5488.078453939986,5497.45556640625,305696,0.0,0.0,5472.310205078125,5334.796323781152,54.2550074725337,65.85303131434557,-1.4437323062274459,67.29676362057302,105.87349912907207,41790844.0,-0.022551772551772577
2025-06-13 00:00:00+05:30,5437.738284756508,5521.1452343048695,5354.824867453995,5497.94921875,324985,0.0,0.0,5475.690893554687,5341.194476525028,54.291952721870885,59.50501590091244,-6.2333981757284675,65.73841407664091,110.19113253777228,42115829.0,0.011072789980032742
2025-06-16 00:00:00+05:30,5480.18221720169,5499.923507609477,5443.16729768709,5488.572265625,239006,0.0,0.0,5477.714379882813,5346.973997666204,53.40956529904016,53.105360659323196,-10.106442733854166,63.21180339317736,106.3743523509591,41876823.0,0.001530979827089421
2025-06-17 00:00:00+05:30,5478.208056478405,5524.600088668402,5458.466766184789,5496.46875,277917,0.0,0.0,5484.648510742188,5352.836536973412,54.086306774445276,48.116115441163856,-12.076550361610806,60.19266580277466,103.49999307472012,42154740.0,0.003333333333333462
2025-06-18 00:00:00+05:30,5502.884653467082,5546.809024243636,5473.272718112102,5500.4169921875,220971,0.0,0.0,5488.547412109375,5358.624005805337,54.44262611882556,43.973790325754635,-12.97510038161603,56.948890707370666,101.35972972163539,42375711.0,-0.000448430493273604
2025-06-19 00:00:00+05:30,5514.729362693696,5536.938313948504,5451.063702429915,5486.1044921875,114523,0.0,0.0,5494.494482421875,5363.623240565423,52.84170335674192,39.08551520313176,-14.290700403391128,53.37621560652289,100.25364984998926,42261188.0,-0.005190621084660852
2025-06-20 00:00:00+05:30,5492.027008149499,5527.561330991588,5439.712588409758,5514.7294921875,395396,0.0,0.0,5499.4544921875,5369.548975923151,55.65058772706367,37.09372682839239,-13.0259910225044,50.11971785089679,99.36758504512076,42656584.0,0.004133716750539128
2025-06-23 00:00:00+05:30,5479.194873708788,5516.703323573845,5379.994894460412,5497.45556640625,221233,0.0,0.0,5501.650708007813,5374.564920647978,53.57671513665939,33.73251135191822,-13.10976519918286,46.84227655110108,102.03478819285738,42435351.0,0.0033327328409295687
2025-06-24 00:00:00+05:30,5527.561212057149,5565.069663138965,5483.636841711337,5544.34130859375,183157,0.0,0.0,5507.5977783203125,5381.22281821448,58.13685911471548,34.45483750522817,-9.909951236698333,44.3647887419265,100.56321913819811,42618508.0,0.0030357142857141625
2025-06-25 00:00:00+05:30,5557.173032914331,5660.32127126949,5537.925275517914,5634.1640625,282474,0.0,0.0,5519.195776367187,5391.142082696266,65.19127497697296,41.793462723218,-2.0570608149668104,43.85052353818481,102.12270318201084,42900982.0,0.013854351687388928
2025-06-26 00:00:00+05:30,5650.944174489668,5764.456590221775,5636.138207220262,5752.61181640625,456290,0.0,0.0,5535.605712890625,5405.317366371168,71.91273784256798,56.515642761478375,10.132095378634851,46.383547382843524,104.13483350627968,43357272.0,0.017991266375545805
2025-06-27 00:00:00+05:30,5773.339934083506,5773.339934083506,5673.646425220036,5719.544921875,350140,0.0,0.0,5549.622021484375,5417.640015606613,67.96702726193342,64.76824644410226,14.70775924900699,50.06048719509527,103.81759603179327,43007132.0,-0.00931783210805264
2025-06-30 00:00:00+05:30,5724.974163070416,5784.198033722868,5686.478647146321,5775.314453125,257865,0.0,0.0,5561.762915039062,5431.666464136746,70.87003159455028,74.94471340120981,19.90738096489163,55.03733243631818,103.3820096421328,43264997.0,0.008793103448275798
2025-07-01 00:00:00+05:30,5789.133417463763,5793.575207809644,5646.996126395599,5669.205078125,178343,0.0,0.0,5570.054272460938,5440.981703900991,59.771057770503226,73.59909248838903,14.84940804165668,58.74968444673235,106.46751476869794,43086654.0,-0.020716112531969276
2025-07-02 00:00:00+05:30,5673.153273929998,5757.053757320002,5604.058758197053,5715.103515625,300622,0.0,0.0,5582.293872070312,5451.73157887056,62.50636771695002,75.3675088103846,13.294259490921796,62.07324931946281,109.79090650828728,43387276.0,0.007394519356241772
2025-07-03 00:00:00+05:30,5724.480244095964,5811.341915184928,5706.219551878397,5719.544921875,224236,0.0,0.0,5591.89306640625,5462.23406290995,62.77016259098522,76.24843139815584,11.340145662954427,64.90828573520142,109.45743913673326,43611512.0,-0.000862143288214498
2025-07-04 00:00:00+05:30,5744.221869534702,5768.404949834315,5682.036805907124,5696.8427734375,145106,0.0,0.0,5599.98701171875,5471.434404499266,60.42975855432004,74.2586873234959,7.480321270635585,66.77836605286032,107.80820376462306,43466406.0,-0.008248131282756276
2025-07-07 00:00:00+05:30,5724.973793470641,5823.186705962076,5713.12902010484,5807.88720703125,259829,0.0,0.0,5609.216064453125,5484.62863204954,66.92570828080811,80.71176359358014,11.146718032575862,69.56504556100428,109.132184390334,43726235.0,0.014482758620689627
2025-07-08 00:00:00+05:30,5813.8100170325615,5845.396081641227,5736.325452289428,5763.4697265625,423998,0.0,0.0,5617.704833984375,5495.563576932401,62.50558303277959,81.30452560718095,9.391584036941325,71.91294157023962,109.12778760186727,43302237.0,-0.00865874363327679
2025-07-09 00:00:00+05:30,5782.22353917407,5823.6802460100735,5738.299171216875,5805.9130859375,232000,0.0,0.0,5629.154760742187,5507.734145912993,64.89170095446583,84.2281880396913,9.852197175561344,74.37599086412996,107.43159382981949,43534237.0,0.0040969614202798835
2025-07-10 00:00:00+05:30,5828.615583930547,5853.785727434395,5774.820571343888,5801.96484375,191446,0.0,0.0,5644.380224609375,5519.272604651699,64.48061448495481,85.24398187311454,8.694392807187654,76.54958906592688,105.39827684844002,43342791.0,-0.004572396274343855
2025-07-11 00:00:00+05:30,5801.964946180103,5828.122154596873,5643.04756674237,5684.0107421875,175941,0.0,0.0,5653.68330078125,5525.732923770751,53.56351977641606,75.65894635445147,-0.7125141691803378,76.37146052363181,111.08944192030167,43166850.0,-0.020330044232732124
2025-07-14 00:00:00+05:30,5692.401079356773,5733.364256882923,5669.698595426618,5703.2587890625,218865,0.0,0.0,5664.417626953125,5532.694722409643,54.90524098528603,68.822549657727,-6.039128692723864,74.86167835045086,107.70202903001615,43385715.0,0.0019074041962892996
2025-07-15 00:00:00+05:30,5724.974056234336,5744.71534608342,5687.465605521076,5710.66162109375,164143,0.0,0.0,5675.127270507813,5539.673816475686,55.43852487144424,63.272635146743596,-9.271234562965816,72.54386970970941,104.09829413946811,43549858.0,-0.0025000000000000066
2025-07-16 00:00:00+05:30,5710.661373050419,5753.598676607189,5661.801682796164,5711.6484375,261589,0.0,0.0,5685.6888427734375,5546.417919260954,55.5140477320264,58.28207625291998,-11.409434765431541,69.69151101835152,103.21962983029363,43811447.0,0.00017284590787320438
2025-07-17 00:00:00+05:30,5717.570985962387,5784.197838194145,5710.661534619834,5732.376953125,196555,0.0,0.0,5698.002465820313,5553.710430392877,57.156600467107424,55.36146781043135,-11.464034566336139,66.82550237676749,101.0993922405806,44008002.0,0.002589555459646154
2025-07-18 00:00:00+05:30,5732.376745272385,5744.7150507938495,5651.930993272437,5661.30810546875,196043,0.0,0.0,5705.331396484375,5557.929947062519,50.299286859304026,46.773032120115204,-16.04197620532183,62.815008325437034,100.50543976064,43811959.0,-0.012397761515281928
2025-07-21 00:00:00+05:30,5660.8147855498655,5666.73717242228,5595.668529953302,5608.0068359375,329167,0.0,0.0,5710.858959960938,5559.893746626243,45.85579105647478,35.259221606746905,-22.04462937495211,57.303850981699014,98.40281138266418,43482792.0,-0.009328683522231861
2025-07-22 00:00:00+05:30,5621.825876305961,5664.269649930956,5561.12140937719,5634.65771484375,235846,0.0,0.0,5715.374780273438,5562.825666948498,48.31440928356187,27.962611440854744,-23.472991632675416,51.43560307353016,98.74177060917148,43718638.0,0.0022825037310156755
2025-07-23 00:00:00+05:30,5662.788764639474,5682.530053691729,5596.6554463144175,5645.51513671875,246735,0.0,0.0,5715.942333984375,5566.068391253214,49.32399070861173,22.793350959703275,-22.913801691061515,45.70715265076479,97.82268752118149,43965373.0,-0.00305037476032775
2025-07-24 00:00:00+05:30,5650.450519068876,5677.101259572826,5578.394813261902,5599.61669921875,229097,0.0,0.0,5708.292578125,5567.384011173432,45.296007402764424,14.822193449288534,-24.707967361181005,39.53016081046954,97.8858131490203,43736276.0,-0.008996418901214057
2025-07-25 00:00:00+05:30,5599.616765381994,5624.293377251296,5497.94912448047,5521.638671875,233003,0.0,0.0,5698.397265625,5565.590076298983,39.40794658757952,2.1876012704115055,-29.874047632046427,32.06164890245793,99.9185588362921,43503273.0,-0.013925612550678618
2025-07-28 00:00:00+05:30,5524.106335320084,5595.668509770313,5498.936191203107,5551.744140625,173142,0.0,0.0,5687.21875,5565.047098429415,42.51483719610324,-5.334649810137307,-29.91703897007619,24.582389159938884,99.69097024564309,43676415.0,0.005003126954346408
2025-07-29 00:00:00+05:30,5529.0415302904485,5581.849478495489,5499.923128943743,5553.224609375,363002,0.0,0.0,5681.4197265625,5564.583471407674,42.67051506077888,-11.049257567717177,-28.50531738212485,17.456059814407674,98.4220687675076,44039417.0,0.004373828438811015
2025-07-30 00:00:00+05:30,5554.211928251289,5684.010909691674,5554.211928251289,5672.65966796875,176798,0.0,0.0,5679.297534179687,5568.821753625755,53.589954831138314,-5.873013870961586,-18.663258948295407,12.790245077333822,100.73379959244805,44216215.0,0.021325750844144335
2025-07-31 00:00:00+05:30,5671.672509063366,5749.650603079379,5645.51530031116,5696.34912109375,344973,0.0,0.0,5678.137744140625,5573.822826859795,55.40431317223323,0.139133592262624,-10.120889188056958,10.260022780319582,100.97676410500313,44561188.0,0.004350852767142377
2025-08-01 00:00:00+05:30,5724.480596757502,5822.693515005174,5701.778113142463,5723.0,244870,0.0,0.0,5679.44560546875,5579.67291208098,57.42104103178636,6.973916006486434,-2.6288854190665187,9.602801425552952,102.78873766260463,44806058.0,-0.00025864298646426505
2025-08-04 00:00:00+05:30,5752.5,5802.0,5714.0,5787.0,189672,75.0,0.0,5678.4012451171875,5587.80338611702,61.87932883284699,17.354740792485245,6.201551493545834,11.153189298939411,101.73239925813287,44995730.0,0.005997392438070404
2025-08-05 00:00:00+05:30,5795.0,5795.0,5610.5,5635.5,380387,0.0,0.0,5672.002758789063,5589.673841563411,48.84211317791458,13.204620715504461,1.6411451332520386,11.563475582252423,107.6443707396948,44615343.0,-0.027523727351164796
2025-08-06 00:00:00+05:30,5599.5,5625.0,5371.0,5402.5,1123534,0.0,0.0,5651.832104492188,5582.333690913865,36.2074177065604,-8.784272458375199,-16.278198432502098,7.493925974126898,118.84834425828804,43491809.0,-0.03518171265291544
2025-08-07 00:00:00+05:30,5380.5,5560.0,5380.5,5476.5,795974,0.0,0.0,5635.558862304688,5578.183350093714,41.39281105697907,-20.00879819337024,-22.00217933399771,1.9933811406274708,123.18060538269604,44287783.0,0.017842207973236688
2025-08-08 00:00:00+05:30,5479.5,5503.0,5380.0,5387.0,551451,0.0,0.0,5620.708325195313,5570.685963815528,37.4299671284316,-35.714522935109926,-30.16632326058992,-5.548199674520008,123.16770499821774,43736332.0,-0.01688110229035496
2025-08-11 00:00:00+05:30,5361.0,5400.0,5310.5,5381.5,598841,0.0,0.0,5604.620385742188,5563.266906410998,37.19430875438384,-48.05132126057288,-34.00249726884229,-14.048823991730583,120.76286892691647,43137491.0,0.0038239134489833986
2025-08-12 00:00:00+05:30,5390.5,5390.5,5317.5,5338.0,323204,0.0,0.0,5585.9873046875,5554.432910081155,35.30124721753974,-60.63939605960422,-37.27245765429891,-23.366938405305312,117.35123543213672,42814287.0,-0.009739356274928114
2025-08-13 00:00:00+05:30,5363.5,5393.0,5299.0,5375.5,388683,0.0,0.0,5569.1798828125,5547.415933215228,38.220420540472524,-66.81934758523221,-34.761927343941515,-32.05742024129069,115.68329004412695,43202970.0,0.0022373450172462014
2025-08-14 00:00:00+05:30,5395.0,5398.5,5298.0,5302.5,215308,0.0,0.0,5547.68603515625,5537.811386814631,34.91760238077384,-76.72307772542263,-35.73252598730555,-40.99055173811708,114.59876932668931,42987662.0,-0.017145505097312327
2025-08-18 00:00:00+05:30,5400.0,5667.0,5400.0,5439.0,509058,0.0,0.0,5536.570629882813,5533.936430468959,44.564196837536436,-72.71918449935583,-25.382906208991002,-47.33627829036483,132.44885723192579,43496720.0,0.007222222222222222
2025-08-19 00:00:00+05:30,5446.0,5513.0,5399.0,5499.0,153026,0.0,0.0,5531.120288085937,5532.566374372137,48.19877325507849,-63.967197675521675,-13.304735508125475,-50.6624621673962,131.13108171535967,43649746.0,0.009731913330885054
2025-08-20 00:00:00+05:30,5482.0,5734.5,5475.5,5701.0,453573,0.0,0.0,5534.43740234375,5539.1716145928385,58.147540076247836,-40.267296914107646,8.316132202630847,-48.58342911673849,140.26457587854827,44103319.0,0.039948923750456035
2025-08-21 00:00:00+05:30,5701.0,5711.5,5586.0,5597.5,273141,0.0,0.0,5532.036645507813,5541.459002255864,52.57582421562197,-29.496522278651355,15.269525470469716,-44.76604774912107,139.20996331579482,43830178.0,-0.01815470970005262
2025-08-22 00:00:00+05:30,5622.0,5667.5,5525.5,5545.5,269981,0.0,0.0,5529.330810546875,5541.617472755634,49.98439284179011,-24.869886626612242,15.916928898007065,-40.78681552461931,139.4092516503809,43560197.0,-0.013607257203842048
2025-08-25 00:00:00+05:30,5565.5,5608.5,5545.0,5550.5,145718,0.0,0.0,5530.773876953125,5541.965807157374,50.238372853888144,-20.56275172400001,16.179251040495437,-36.742002764495446,133.98716224678225,43705915.0,-0.002695175635612254
2025-08-26 00:00:00+05:30,5574.5,5794.5,5574.5,5765.5,1307463,0.0,0.0,5541.461669921875,5550.7318539355165,59.71211574136139,0.19711467233719304,29.551293949466114,-29.35417927712892,141.8452220862978,45013378.0,0.03426316261548121
2025-08-27 00:00:00+05:30,5765.5,5765.5,5765.5,5765.5,0,0.0,0.0,5552.075439453125,5559.154134173339,59.71211574136138,16.459720941008527,36.65112017450996,-20.191399233501436,131.7134205087051,45013378.0,0.0
2025-08-28 00:00:00+05:30,5765.5,5780.0,5702.5,5721.0,379247,0.0,0.0,5554.492456054688,5565.501030872424,57.10252012284736,25.463646411436457,36.524036515950314,-11.060390104513857,127.84103332951187,44634131.0,-0.007718324516520683
2025-08-29 00:00:00+05:30,5671.0,5893.5,5671.0,5824.0,699161,0.0,0.0,5560.875,5575.6382453480155,61.31655211365343,40.444344185573755,41.20378743207009,-0.7594432464963354,134.6023880916896,45333292.0,0.026979368718039146
2025-09-01 00:00:00+05:30,5838.5,5873.0,5779.0,5846.5,210421,0.0,0.0,5567.05,5586.260274942211,62.19032579830631,53.51532569880874,43.419815156244056,10.095510542564679,131.70221751371176,45543713.0,0.0013702149524706688
