Date,Open,High,Low,Close,Volume,Dividends,Stock Splits,SMA_20,EMA_50,RSI_14,MACD_12_26_9,MACDh_12_26_9,MACDs_12_26_9,ATRr_14,OBV,Daily_Return
2020-03-12 00:00:00+05:30,1608.0643375205789,1634.711264881661,1579.7053344821625,1596.519287109375,3635550,0.0,0.0,1697.2083068847655,1845.8902294921875,34.911421955562965,-61.18742272742429,6.34456329010203,-67.53198601752632,75.46578377229552,-22864920.0,-0.007179470461365249
2020-03-13 00:00:00+05:30,1504.0307583913132,1752.6829789049812,1438.0047078411776,1671.6639404296875,2794020,0.0,0.0,1689.6138793945313,1839.0578259995405,44.08075762873412,-56.4616768831288,8.856247307518018,-65.31792419064682,92.98314926813117,-20070900.0,0.11145595334610847
2020-03-16 00:00:00+05:30,1596.249694567383,1641.8294523781549,1547.5436982885644,1560.1907958984375,1924950,0.0,0.0,1676.0794921875,1828.1218640347913,35.982657026349465,-61.008176120055396,3.4477984564731514,-64.45597457652855,95.2591985379573,-21995850.0,-0.022589760732087794
2020-03-17 00:00:00+05:30,1580.6512793338911,1651.5961302914268,1570.2507688023218,1613.8629150390625,1675350,0.0,0.0,1668.311260986328,1819.7195523094688,41.55039597750087,-59.59346173184235,3.8900102757489634,-63.48347200759132,94.97795942637208,-20320500.0,0.021011361670593927
2020-03-18 00:00:00+05:30,1618.498242841598,1650.650444847754,1497.2344911999417,1509.1533203125,1589120,0.0,0.0,1656.1004821777344,1807.5404843880192,35.13100018289269,-66.1588416425484,-2.140295707965663,-64.01854593458273,99.23593485619148,-21909620.0,-0.06755949412532024
2020-03-19 00:00:00+05:30,1444.4028465075437,1532.1157586386948,1416.0916485228502,1434.5303955078125,1611810,12.5,0.0,1639.0969787597655,1792.912637765266,31.40695232604112,-76.50153680894482,-9.98639269948967,-66.51514410945515,100.45742162751895,-23521430.0,-0.006834970606435757
2020-03-20 00:00:00+05:30,1467.713552451422,1525.346729598039,1379.1568653380714,1494.785400390625,2113350,0.0,0.0,1624.5630310058593,1781.2213735544958,37.196127665841956,-78.92630856622259,-9.928931565413947,-68.99737700080864,103.78043709882516,-21408080.0,0.018444912424489635
2020-03-23 00:00:00+05:30,1368.2259632216708,1643.6635779546134,1270.569148877079,1306.7220458984375,1443300,0.0,0.0,1600.751483154297,1762.6135567836702,28.976114858886024,-94.92881832339572,-20.74515305806966,-74.18366526532606,123.3252490588437,-22851380.0,-0.04495157888863188
2020-03-24 00:00:00+05:30,1334.7617440216818,1387.6755131596842,1323.3209290729244,1354.64013671875,1126980,0.0,0.0,1583.5863830566407,1746.6145991340654,33.03672646928175,-102.5620615341088,-22.702717015026195,-79.85934451908261,120.25373326816452,-21724400.0,0.014892839704241096
2020-03-25 00:00:00+05:30,1306.6364463619616,1411.0338858925231,1306.6364463619616,1384.0145263671875,761180,0.0,0.0,1569.8653442382813,1732.394988437325,35.47222431713521,-105.03046816275082,-20.136898914934562,-84.89356924781626,119.10553435913923,-20963220.0,0.05921928798226007
2020-03-26 00:00:00+05:30,1394.8259698968866,1445.9282514642855,1382.4317541698467,1407.0247802734375,2048910,0.0,0.0,1559.0700988769531,1719.635372430898,37.39314831309441,-103.9319007577667,-15.230665207960342,-88.70123554980636,115.08268676452057,-18914310.0,0.00874575799406195
2020-03-27 00:00:00+05:30,1453.269400994694,1467.8563685747863,1334.761593005751,1365.2513427734375,1106270,0.0,0.0,1546.675927734375,1705.7379595031546,35.336542641210286,-105.219144662605,-13.214327290238913,-92.00481737236609,116.38452173955876,-20020580.0,-0.06056554838422411
2020-03-30 00:00:00+05:30,1344.1052228333417,1344.1052228333417,1248.9557248741037,1271.1795654296875,2263090,0.0,0.0,1531.7114868164062,1688.6964538532147,31.177916281577147,-112.53289184438631,-16.422459577616166,-96.11043226677015,116.37810159715012,-22283670.0,-0.054255914019832964
2020-03-31 00:00:00+05:30,1302.2507769517013,1303.8858274912936,1234.6546057614162,1248.564697265625,1672550,0.0,0.0,1513.6721740722655,1671.4363849674269,30.2560715472669,-118.78464459710995,-18.139369864271828,-100.64527473283812,112.97608892906581,-23956220.0,-0.04122560772184312
2020-04-01 00:00:00+05:30,1248.5647274866176,1269.835165528549,1213.203107227166,1239.57421875,1387180,0.0,0.0,1491.0446533203126,1654.500613743214,29.87786100874471,-123.04625948898479,-17.920787804917325,-105.12547168406746,108.91339299769476,-25343400.0,-0.00720067493394246
2020-04-03 00:00:00+05:30,1245.1418282960756,1248.9458893491485,1201.2853779885568,1208.9173583984375,1806810,0.0,0.0,1469.8840759277343,1637.0267605924384,28.56654213276742,-127.4284564894217,-17.84238784428338,-109.58606864513833,104.49972980777872,-27150210.0,-0.029092645572119075
2020-04-07 00:00:00+05:30,1246.1717399829763,1259.6337617990314,1186.994171993054,1248.5791015625,2405590,0.0,0.0,1448.241717529297,1621.7935190618527,32.682899016689554,-126.24572583577151,-13.327725752506552,-112.91800008326496,102.20544272814479,-24744620.0,0.0019318056270129999
2020-04-08 00:00:00+05:30,1239.4215730812807,1301.3926517353448,1220.3535488800303,1254.532958984375,2799990,0.0,0.0,1427.0474670410156,1607.3911441568537,33.304227084431375,-123.40543569073043,-8.389948485972369,-115.01548720475806,100.68211662529943,-21944630.0,0.01219228891225963
2020-04-09 00:00:00+05:30,1277.557719646265,1339.1617342573052,1254.9239824908525,1310.192626953125,3618730,0.0,0.0,1407.9634033203124,1595.736300344943,38.97485620465496,-115.33371991929403,-0.2545861716287732,-115.07913374766525,99.5273936723357,-18325900.0,0.02554476154384325
2020-04-13 00:00:00+05:30,1309.019984093252,1309.019984093252,1268.5004288682242,1277.6102294921875,1266210,0.0,0.0,1387.8754821777343,1583.260768154639,36.9921012476592,-110.29454730414886,3.8276691548131225,-114.12221645896199,95.3693725761611,-19592110.0,-0.023994862555762966
2020-04-15 00:00:00+05:30,1296.6256926614058,1322.5533883003363,1251.1198698775763,1269.4442138671875,2755930,0.0,0.0,1371.521728515625,1570.9542366139547,36.491049331223735,-105.74097972328991,6.704989388537669,-112.44596911182758,93.64932209901166,-22348040.0,-0.020963242474724197
2020-04-16 00:00:00+05:30,1269.4537465959334,1290.3189419705193,1243.4258462826665,1274.826171875,2501460,0.0,0.0,1351.6798400878906,1559.341371330074,37.095788682639416,-100.53901440178538,9.525563768033777,-110.06457816981916,90.29083236003262,-19846580.0,0.004232076429308998
2020-04-17 00:00:00+05:30,1311.8799907866785,1427.9995264907773,1298.4370577621348,1408.2069091796875,5656840,0.0,0.0,1344.0806457519532,1553.4145296771178,49.842699313690645,-84.6775979757108,20.3095841552867,-104.9871821309975,94.8058589844505,-14189740.0,0.0734266236770986
2020-04-20 00:00:00+05:30,1408.2069302458185,1411.0671337568906,1340.5106754893109,1355.207275390625,2999770,0.0,0.0,1331.1478637695313,1545.6416961756868,45.865513194973744,-75.51346645725039,23.57897253899769,-99.09243899624808,93.06537645440743,-17189510.0,-0.03763626901476889
2020-04-21 00:00:00+05:30,1330.485762833511,1333.331651606353,1282.324684598173,1286.614990234375,1656250,0.0,0.0,1320.020947265625,1535.4837861387728,41.27512090867207,-72.94478825488409,20.918120593091203,-93.86290884797529,91.61727274398876,-18845760.0,-0.03297350022423781
2020-04-22 00:00:00+05:30,1286.6149377818465,1329.5132207334543,1258.4896019800203,1306.4742431640625,2765770,0.0,0.0,1313.6181396484376,1526.5030197476076,43.05222403340731,-68.51679754063457,20.276889045872593,-88.79368658650716,90.140163426513,-16079990.0,0.015435313860457663
2020-04-23 00:00:00+05:30,1315.6937131707018,1358.596769034964,1307.1131019978495,1341.2781982421875,2072670,0.0,0.0,1305.9427795410156,1519.239301257199,46.12900025333738,-61.490371960097264,21.842651701127934,-83.3330236612252,87.41410592538067,-14007320.0,0.019445623867753697
2020-04-24 00:00:00+05:30,1341.2449258689962,1343.4376789161374,1287.5779322316014,1295.5960693359375,1799440,0.0,0.0,1305.3864807128907,1510.4689784367574,42.856089929326366,-58.928751125017016,19.523418028966546,-78.45216915398356,85.15212371498293,-15806760.0,-0.034034690944670466
2020-04-27 00:00:00+05:30,1325.4183273776357,1353.8297302411236,1317.114240006913,1334.7139892578125,1836150,0.0,0.0,1304.3901733398438,1503.576625919936,46.36538080286363,-53.129712686385346,20.257965174078578,-73.38767786046392,83.2229620902359,-13970610.0,0.0070133796162064775
2020-04-28 00:00:00+05:30,1345.249264605392,1371.4678009460356,1344.3435799027868,1365.923828125,1846940,0.0,0.0,1303.4856384277343,1498.1784769868013,49.05359231385784,-45.49116593524445,22.317209540175583,-67.80837547542004,79.89345750652993,-12123670.0,0.01536857448175046
2020-04-29 00:00:00+05:30,1373.841666512394,1377.6648148593447,1346.7317623178617,1364.8653564453125,1477410,0.0,0.0,1301.377667236328,1492.9505114753704,48.963959472404994,-39.07256817663074,22.98864583903144,-62.06121401566218,76.38623091399162,-13601080.0,-0.006533729676337949
2020-04-30 00:00:00+05:30,1390.0780884363096,1420.5678413359458,1373.088413240513,1402.2578125,3472310,0.0,0.0,1303.2279907226562,1489.3939350449637,52.281188078746425,-30.615606849404003,25.15648573300654,-55.772092582410544,74.90487696263662,-10128770.0,0.00876189918034842
2020-05-04 00:00:00+05:30,1371.9444643473414,1371.9444643473414,1297.9939487186195,1310.8123779296875,1924440,0.0,0.0,1305.2096313476563,1482.3907367267177,44.63963276706431,-30.935679144514552,19.8691307503168,-50.80480989483135,77.00714416063524,-12053210.0,-0.04455871794106151
2020-05-05 00:00:00+05:30,1334.7617494539918,1350.2926930523747,1302.9181244406202,1316.7376708984375,1524890,0.0,0.0,1308.6182800292968,1475.8945380667853,45.19856700222021,-30.361231741244637,16.354862522869368,-46.716094264114005,74.88566199833903,-10528320.0,-0.013503592354910807
2020-05-06 00:00:00+05:30,1318.0771691933228,1351.4843847419113,1296.6256420274278,1321.4093017578125,1871230,0.0,0.0,1312.7100341796875,1469.836293505649,45.6643567606868,-29.192503459402133,14.018872643769498,-43.21137610317163,73.45211225139168,-8657090.0,0.002528025401220637
2020-05-07 00:00:00+05:30,1321.4094316570497,1344.7725351956828,1307.3897074219533,1335.762939453125,1270450,0.0,0.0,1319.052313232422,1464.5785149153542,47.15068765766201,-26.799135519763922,13.129792466726173,-39.928927986490095,70.87062554651442,-7386640.0,0.010862271338623615
2020-05-08 00:00:00+05:30,1356.766275453495,1366.3002884207983,1293.8608765163465,1321.3045654296875,1643300,0.0,0.0,1322.6885864257813,1458.9599286610144,45.79186985063607,-25.771961010295627,11.325573580955577,-37.097534591251204,70.98288803267728,-9029940.0,-0.02613693357903848
2020-05-11 00:00:00+05:30,1340.4775108668998,1387.198948136211,1334.761874495323,1362.3104248046875,1958240,0.0,0.0,1328.077459716797,1455.1697520391976,50.17729448566047,-21.402374410167567,12.55612814486691,-33.95850255503448,70.61880203812615,-7071700.0,0.016287415313419262
2020-05-12 00:00:00+05:30,1357.6433362138275,1360.4510515964494,1314.6449645019916,1350.688232421875,1479050,0.0,0.0,1330.1022399902345,1451.0724375444008,48.96812405836991,-18.662133880375222,12.237094939727406,-30.89922882010263,68.97667543737775,-8550750.0,-0.005122924118899149
2020-05-13 00:00:00+05:30,1427.2417536370522,1427.2417536370522,1352.3711212209928,1360.6610107421875,2529370,0.0,0.0,1334.2547790527344,1447.5268913952946,50.07977790184788,-15.506998626292216,12.313784155048332,-27.820782781340547,69.51867623862239,-6021380.0,-0.04664994050601196
2020-05-14 00:00:00+05:30,1346.2025156913176,1360.5178489015643,1332.854898680214,1337.79833984375,1481780,0.0,0.0,1337.6724853515625,1443.2238109422929,47.52392516730959,-14.682111434777426,10.510937077250496,-25.19304851202792,66.53513079009757,-7503160.0,-0.006242876350035453
2020-05-15 00:00:00+05:30,1342.389061081217,1353.734560086925,1301.3928042442196,1344.2576904296875,2350250,0.0,0.0,1341.144061279297,1439.3427866084653,48.326322321511896,-13.35323895668057,9.471847644277883,-22.825086600958453,65.52003037796759,-5152910.0,0.0013920177112925636
2020-05-18 00:00:00+05:30,1339.547787154998,1339.547787154998,1225.6402008275563,1238.2965087890625,2752580,0.0,0.0,1332.6485412597656,1431.4586188508417,38.04836787863563,-20.612669722019973,1.769933503150785,-22.382603225170758,69.31717957838538,-7905490.0,-0.0755861637314025
2020-05-19 00:00:00+05:30,1268.023509140681,1272.4377610495849,1227.508732577213,1236.198974609375,2506930,0.0,0.0,1326.6981262207032,1423.801377900196,37.87663979517019,-26.232680373334915,-3.080061718531322,-23.152618654803593,67.57326097413332,-10412420.0,-0.025097748032189834
2020-05-20 00:00:00+05:30,1236.1990215601438,1315.6936158452622,1226.8366732699533,1303.78564453125,2665330,0.0,0.0,1327.556658935547,1419.0948785523942,46.28878822877309,-24.94534547249691,-1.434181454154654,-23.511164018342257,69.09506985690845,-7747090.0,0.05467293032299002
2020-05-21 00:00:00+05:30,1284.8987904535836,1353.7344290531696,1273.372202175802,1343.113525390625,3221910,0.0,0.0,1329.388623046875,1416.1152176440896,50.48995115102509,-20.515205462003905,2.3967668450706796,-22.911972307074585,69.90062665104361,-4525180.0,0.045306864143354775
2020-05-22 00:00:00+05:30,1325.3232324755656,1344.100537791949,1306.1598880513588,1327.363525390625,1836960,0.0,0.0,1328.692889404297,1412.634759124346,48.842299596045684,-18.066916787549417,3.876044415620136,-21.942961203169553,67.61576984881667,-6362140.0,0.0015394681577024039
2020-05-26 00:00:00+05:30,1344.7725085250756,1418.1844072534916,1340.9589033963268,1411.5201416015625,3191320,0.0,0.0,1334.4890930175782,1412.5910486332564,56.93004121682167,-9.22950280882742,10.170766715473707,-19.400269524301127,69.27462705935362,-3170820.0,0.04963488817130458
2020-05-27 00:00:00+05:30,1418.660911799069,1441.5425394087313,1382.9083686589715,1426.95068359375,3017880,0.0,0.0,1339.100927734375,1413.1541715728836,58.233862794668745,-0.9694970220321011,14.74461800181522,-15.714115023847322,68.51402002398902,-152940.0,0.005843377882434452
2020-05-28 00:00:00+05:30,1441.542601835464,1566.43815794687,1434.6781598080877,1547.9898681640625,8154230,0.0,0.0,1348.2042297363282,1418.4418459490084,66.73942387176965,15.168613369493869,24.706182714672956,-9.537569345179085,73.5871102112043,8001290.0,0.07384260873945943
2020-05-29 00:00:00+05:30,1516.193994410978,1620.4912222653704,1506.4692322167286,1577.731201171875,8504020,0.0,0.0,1358.8475219726563,1424.6884873302972,68.44014378390018,30.01209835072018,31.639734156719413,-1.6276358059992324,76.47719794748151,16505310.0,0.04058663138604736
2020-06-01 00:00:00+05:30,1611.2482143018842,1657.0114771932986,1601.8381480251169,1619.423583984375,4643120,0.0,0.0,1369.705810546875,1432.3251577873198,70.70179201366975,44.62547924868113,37.00249204374429,7.622987204936841,76.6775389537956,21148430.0,0.005073935604659755
2020-06-02 00:00:00+05:30,1639.8501691950491,1668.4522070298465,1620.782143971851,1658.5606689453125,3968190,0.0,0.0,1387.0932250976562,1441.197138617045,72.68091435921079,58.6882034904213,40.85217302838757,17.836030462033733,74.70150685399646,25116620.0,0.011409883720930278
2020-06-03 00:00:00+05:30,1706.5882917963918,1706.5882917963918,1658.922999441414,1672.53759765625,2850790,0.0,0.0,1404.8832214355468,1450.2693134813278,73.37269244071285,70.15216461983186,41.85290732623851,28.29925729359336,72.79523551532166,27967410.0,-0.019952494871683015
2020-06-04 00:00:00+05:30,1666.068728723058,1687.5202574190632,1626.006788510556,1646.8052978515625,3037820,0.0,0.0,1421.1530212402345,1457.976606986043,69.86507436346545,76.28172660723158,38.38597545091057,37.895751156321005,71.98900470884968,24929590.0,-0.011562206612124457
2020-06-05 00:00:00+05:30,1663.6852038184531,1679.8930252883176,1650.3471294605768,1668.0089111328125,1950650,0.0,0.0,1437.7653198242188,1466.213167932975,71.09144077299874,81.90623889207791,35.20839018860552,46.69784870347239,69.20909229397591,26880240.0,0.0025988734554083168
2020-06-08 00:00:00+05:30,1701.821084515675,1703.294131217432,1600.76056072931,1610.7569580078125,2735380,0.0,0.0,1452.237939453125,1471.8815518574784,63.56897149190243,80.81239625750345,27.29163804322485,53.5207582142786,71.59040625315228,24144860.0,-0.053509812127976224
2020-06-09 00:00:00+05:30,1616.015096646238,1653.9700557529468,1587.6800398154803,1623.342041015625,3252740,0.0,0.0,1465.2895202636719,1477.8211788832882,64.4592385342346,80.03839629932918,21.21411046804046,58.82428583128872,71.21166012943942,27397600.0,0.004533957872418957
2020-06-10 00:00:00+05:30,1623.342108849645,1646.485831738344,1613.8318380079827,1629.3675537109375,1626270,0.0,0.0,1479.223486328125,1483.7641739745686,64.9014808163693,79.00053527874093,16.140999557961763,62.859535720779164,68.4565494063614,29023870.0,0.0037117529499449335
2020-06-11 00:00:00+05:30,1629.367566245374,1644.6172151298051,1552.7808829884698,1567.65869140625,2190020,0.0,0.0,1489.5733703613282,1487.0541550503208,57.06943333706196,72.36446101575507,7.603940235980716,64.76052077977435,70.12709224423489,26833850.0,-0.03787289996285039
2020-06-12 00:00:00+05:30,1487.3058865273906,1619.804796315189,1486.4573454852646,1607.177001953125,3796470,0.0,0.0,1503.042303466797,1491.7648549288622,60.36783833531276,69.49304913236006,3.7860226820685625,65.7070264502915,74.6442340955254,30630320.0,0.08059614132612176
2020-06-15 00:00:00+05:30,1582.6412945213692,1654.2464763825792,1551.7653859015738,1571.39111328125,5365180,0.0,0.0,1514.398974609375,1494.8874532956224,56.159968161436346,63.59670911163198,-1.6882538709276105,65.28496298255959,76.63315417489636,25265140.0,-0.007108484581480327
2020-06-16 00:00:00+05:30,1620.7821506256478,1620.7821506256478,1561.871449214494,1593.04296875,3577860,0.0,0.0,1532.136297607422,1498.7366891957943,58.06457673196711,59.97953421413399,-4.24434301474048,64.22387722887447,75.36692583811717,28843000.0,-0.01711468864889708
2020-06-17 00:00:00+05:30,1601.7142059799503,1616.9686269892834,1577.879173152868,1601.4139404296875,2521910,0.0,0.0,1550.3970458984375,1502.7632480677116,58.80964462502406,57.129807642518244,-5.675255669084983,62.80506331160323,72.77503376902709,31364910.0,-0.0001874651227676954
2020-06-18 00:00:00+05:30,1600.61765115327,1637.9433330375964,1583.6090055904065,1631.8463134765625,2089520,0.0,0.0,1566.8000793457031,1507.8253290641371,61.48850354387962,56.67371763553274,-4.905076540856392,61.57879417638913,71.45753645547086,33454430.0,0.019510382320719676
2020-06-19 00:00:00+05:30,1639.8500090201728,1673.2190499013973,1609.3411716430533,1654.089111328125,3119310,0.0,0.0,1582.348858642578,1513.561163662725,63.36393585227217,57.444882072514474,-3.307129683099724,60.7520117556142,70.91601627108403,36573740.0,0.008683173601017443
2020-06-22 00:00:00+05:30,1654.0892821547616,1696.5536954248212,1641.4947722845718,1676.9327392578125,2342470,0.0,0.0,1599.8273193359375,1519.9678921174345,65.23632872725537,59.216711912717074,-1.2282398743177083,60.44495178703478,69.78314136721062,38916210.0,0.013810292678574783
2020-06-23 00:00:00+05:30,1678.9396393937675,1716.122288988519,1678.9396393937675,1705.7445068359375,2064180,0.0,0.0,1614.5385375976562,1527.2532495573757,67.49293327944004,62.22843798278086,1.4267889565968659,60.801649026183995,67.59748102817456,40980390.0,0.015965355045074
2020-06-24 00:00:00+05:30,1725.6563499191047,1762.8390005527208,1701.8260891234297,1757.771728515625,3383890,0.0,0.0,1631.07958984375,1536.2931899086796,71.13648142630751,68.0292161148825,5.782053670958803,62.2471624439237,67.1270739296707,44364280.0,0.018610529609806588
2020-06-25 00:00:00+05:30,1751.870008068827,1751.870008068827,1708.495023279845,1724.76953125,2768290,0.0,0.0,1639.9185729980468,1543.6844189808883,66.07713043890753,69.16606967166581,5.535125782193688,63.63094388947212,65.85184445427285,41595990.0,-0.01546945646309752
2020-06-26 00:00:00+05:30,1743.771000175836,1768.6642944738517,1725.3703082958675,1761.25634765625,2248860,0.0,0.0,1649.0948303222656,1552.2166514779615,68.72545511057622,72.17917881355675,6.838587939267697,65.34059087428905,64.28324948492913,43844850.0,0.010027318655173676
2020-06-29 00:00:00+05:30,1752.1084044046445,1760.932137774109,1718.0290808169705,1726.943359375,1948400,0.0,0.0,1654.4708190917968,1559.0686792386298,63.68980209382717,70.9801036764934,4.511610241763478,66.46849343472992,62.77904411747905,41896450.0,-0.014362721488226303
2020-06-30 00:00:00+05:30,1739.9574045909376,1766.6526414832915,1735.2857148583764,1747.99462890625,2009460,0.0,0.0,1658.9425170898437,1566.477540009909,65.36644169583396,70.91107082599956,3.554061913015701,67.35700891298386,61.130993778286154,43905910.0,0.004619207512842511
2020-07-01 00:00:00+05:30,1767.60596972035,1778.0504388251447,1744.8196558957766,1754.4442138671875,2334860,0.0,0.0,1663.0378479003907,1573.8487821219592,65.88617397899421,70.56337869413733,2.5650958249227784,67.99828286921455,59.13788552723191,46240770.0,-0.007446091537722518
2020-07-02 00:00:00+05:30,1754.444252766464,1768.459321695444,1713.2621348510625,1749.8345947265625,2765680,0.0,0.0,1668.1893127441406,1580.750186537826,65.13384591614236,69.11911035517392,0.8966619887674909,68.22244836640643,58.85637609159993,43475090.0,-0.0026274177892131804
2020-07-03 00:00:00+05:30,1749.8345453872382,1835.202132562172,1749.8345453872382,1809.8892822265625,2507160,0.0,0.0,1675.2833312988282,1589.7360334275804,69.94831451653997,71.99056623940305,3.0144942983972953,68.97607194100576,60.750227421080744,45982250.0,0.034320237303369826
2020-07-06 00:00:00+05:30,1875.3402465051884,1875.3402465051884,1818.3078353106496,1835.387939453125,2833920,0.0,0.0,1686.5148803710938,1599.3694415070136,71.73306735128783,75.45395799310427,5.182308841678804,70.27164915142546,61.08602618098769,48816170.0,-0.021304031162620723
2020-07-07 00:00:00+05:30,1835.3880165001003,1912.093991272488,1835.2974713098176,1900.190673828125,2872780,0.0,0.0,1700.3573120117187,1611.1663525784297,75.68527153403183,82.47701629166659,9.764293712192895,72.71272257947369,62.20830312485735,51688950.0,0.03530733378743357
2020-07-08 00:00:00+05:30,1900.190716561507,1916.3366235290764,1841.1466389020136,1848.8072509765625,3568650,0.0,0.0,1711.329296875,1620.4856034960037,67.61284198765114,82.9405408702828,8.182254632647286,74.75828623763552,63.13564190927538,48120300.0,-0.02704121493548059
2020-07-09 00:00:00+05:30,1865.8062025936488,1873.433412415187,1839.9356509696624,1857.535400390625,2742010,0.0,0.0,1725.8231323242187,1629.7816739624593,68.23265072280743,83.05477243504652,6.6371889579287995,76.41758347711772,61.01848971178185,50862310.0,-0.004432830264754492
2020-07-10 00:00:00+05:30,1859.132355102058,1882.4906846918016,1844.8313369858884,1854.160400390625,2044230,0.0,0.0,1738.1723022460938,1638.5808397047404,67.69318224696258,81.92854619735385,4.408770176188909,77.51977602116494,59.3498619338421,48818080.0,-0.0026743414463141126
2020-07-13 00:00:00+05:30,1869.619850626431,1880.9653487740447,1854.3654306315188,1873.91015625,1331720,0.0,0.0,1753.2982543945313,1647.809440353574,69.22647038891135,81.68799566717621,3.334575716809013,78.3534199503672,57.025073065677205,50149800.0,0.00229474757776647
2020-07-14 00:00:00+05:30,1873.9102715877689,1874.348798947377,1782.3408010285116,1797.17578125,2475010,0.0,0.0,1763.5048950195312,1653.6669439181399,57.75691693278974,74.44735213877857,-3.1248542492709106,77.57220638804948,59.524005313447844,47674790.0,-0.040948860519747055
2020-07-15 00:00:00+05:30,1812.415919083236,1830.4352274047028,1760.4555468633323,1769.7559814453125,2823590,0.0,0.0,1771.9219970703125,1658.2194551937152,54.295175958338376,65.73874594676795,-9.46676835302523,75.20551429979318,60.27088141536358,44851200.0,-0.023537609214722637
2020-07-16 00:00:00+05:30,1773.3263857230866,1815.1807253076809,1747.107850450299,1777.0970458984375,2654550,0.0,0.0,1779.1845336914062,1662.8813214958611,55.071585914302375,58.75221636869787,-13.162638344876243,71.91485471357412,60.828195871616366,47505750.0,0.002126320459509447
2020-07-17 00:00:00+05:30,1783.8137076603232,1823.189225151852,1778.2315620599811,1793.4239501953125,1672170,0.0,0.0,1786.1512756347656,1668.0006402683885,56.82813137668994,53.911329818465674,-14.402819916086756,68.31414973455243,59.775572025879946,49177920.0,0.005387469831473741
2020-07-20 00:00:00+05:30,1806.6954318799544,1838.1576742293155,1789.248141842512,1829.35302734375,1604480,0.0,0.0,1793.7722900390625,1674.328184859579,60.48899291931001,52.3703755152419,-12.755019375448427,65.12539489069033,58.99939125971389,50782400.0,0.012540904827671622
2020-07-21 00:00:00+05:30,1839.3064044982011,1934.1650565870943,1839.3064044982011,1917.9239501953125,3687060,0.0,0.0,1804.3812622070313,1683.8809599707843,67.7492509204369,57.63174846224001,-5.994917142760258,63.62666560500027,62.271859872086914,54469460.0,0.04274303917218175
2020-07-22 00:00:00+05:30,1929.6842330333247,1935.40464083876,1882.2048016954188,1896.36767578125,3357870,0.0,0.0,1811.3110595703124,1692.2137723555084,64.63626316529096,59.377545849652506,-3.3992958042782178,62.776841653930724,61.623833139722755,51111590.0,-0.01726528966850888
2020-07-23 00:00:00+05:30,1895.3618410438264,2006.4663810647048,1883.9353400876796,1990.9356689453125,4460610,0.0,0.0,1824.619366455078,1703.9283565355008,70.9438845851371,67.61255413094455,3.86856998161106,63.743984149333485,65.9745054089258,55572200.0,0.05042510924924553
2020-07-24 00:00:00+05:30,1925.8705491886392,1989.8438669727248,1925.8705491886392,1983.10791015625,3947910,0.0,0.0,1835.7119445800781,1714.8765743245497,69.83356090539803,72.66953366011217,7.140439608622941,65.52909405148922,65.90954710836046,51624290.0,0.029720253519492607
2020-07-27 00:00:00+05:30,1983.1078758273852,1987.8415968061784,1944.9385407600016,1958.06689453125,1922910,0.0,0.0,1847.2681213378905,1724.4134496267734,66.26090501059281,73.80583792900302,6.621395102011036,67.18444282699198,64.26617504620815,49701380.0,-0.012627140258664802
2020-07-28 00:00:00+05:30,1960.1643813571757,2018.1789417483933,1959.239610056856,2007.219482421875,2622890,0.0,0.0,1860.2293640136718,1735.5038822854049,69.55353554599196,77.77601679842314,8.473259177144925,69.30275762127822,63.969443033299264,52324270.0,0.024005691314582193
2020-07-29 00:00:00+05:30,2002.0473532568624,2054.5798594747857,1992.6325151537003,2040.369384765625,2264820,0.0,0.0,1874.5256225585938,1747.4593921865899,71.5687708226211,82.64465607911188,10.673518766266923,71.97113731284496,63.825003525372594,54589090.0,0.01914142112893666
2020-07-30 00:00:00+05:30,2045.0457915888087,2071.264327378409,2005.1363106943743,2021.3394775390625,2464430,0.0,0.0,1888.1008666992188,1758.1997876906084,68.75535130978366,83.99924233418096,9.6224840170688,74.37675831711216,63.98950857459274,52124660.0,-0.011592070039335704
2020-07-31 00:00:00+05:30,2044.22093562466,2048.5349830426726,1960.8602440306868,1967.6962890625,2190550,0.0,0.0,1895.9912170410157,1766.415336764016,61.42509184268149,79.8240428283791,4.357827609013555,75.46621521936555,65.68134999196755,49934110.0,-0.03743462618377694
2020-08-03 00:00:00+05:30,1975.9241526947435,2030.17259241826,1969.078796678624,1981.3729248046875,2018580,0.0,0.0,1903.2904663085938,1774.8450460989443,62.5221677675239,76.73421310009462,1.0143983045832528,75.71981479551137,65.45241315836334,51952690.0,0.002757581611881725
2020-08-04 00:00:00+05:30,2006.4328098480369,2028.3563819988087,1983.0744806290884,2003.634521484375,1557610,0.0,0.0,1908.4626586914062,1783.817182388569,64.30183728576843,75.21479623215328,-0.4040148506864796,75.61881108283976,64.1331756329312,53510300.0,-0.001394658395699682
2020-08-05 00:00:00+05:30,2022.244893582876,2123.062412537528,2017.396885851312,2093.5498046875,2380920,0.0,0.0,1920.6997863769532,1795.9635597336253,70.41304517290368,80.33995038051557,3.776911438140644,76.56303894237493,68.0828715154946,55891220.0,0.03526027501955547
2020-08-06 00:00:00+05:30,2093.626231162014,2107.012021409093,2055.413836133801,2067.09765625,2035230,0.0,0.0,1931.1778991699218,1806.596269400934,66.79054592473106,81.32968665694739,3.8133181716579685,77.51636848528942,66.90537362078628,53855990.0,-0.01267111317061113
2020-08-07 00:00:00+05:30,2068.8808571059767,2111.102150618284,2055.5332386730347,2079.11572265625,1952900,0.0,0.0,1942.4256652832032,1817.2833067834956,67.60596076784758,82.13699317764804,3.696499753886883,78.44049342376115,66.09561339127451,55808890.0,0.004947054111463039
2020-08-10 00:00:00+05:30,2087.758200248733,2097.387413660177,2025.0243485478888,2035.807373046875,1681940,0.0,0.0,1950.520526123047,1825.8528780095105,61.72436435456804,78.37866705633633,-0.049461093939868306,78.4281281502762,66.54329517102559,54126950.0,-0.02488354599477495
2020-08-11 00:00:00+05:30,2057.4400401962494,2066.020652041368,2025.9777967641471,2044.344970703125,1619100,0.0,0.0,1962.8789855957032,1834.4211953700444,62.41848231152051,75.22196729220195,-2.564928686459396,77.78689597866135,64.65038047089755,55746050.0,-0.006364739305780829
2020-08-12 00:00:00+05:30,2068.8760917802047,2129.8937727994803,2049.8127217413,2108.604248046875,2986670,0.0,0.0,1979.8213989257813,1845.1734719456063,67.23473620491596,77.01763527316871,-0.6154085643941158,77.63304383756282,66.14314401171175,58732720.0,0.019202772183657204
2020-08-13 00:00:00+05:30,2108.6040352996247,2126.079953225296,2055.070419960746,2066.301513671875,2203610,0.0,0.0,1994.2816223144532,1853.8451598564404,61.63485606921827,74.17222670101228,-2.7686537092404393,76.94088041025272,66.49074738240927,56529110.0,-0.020061861269149404
2020-08-14 00:00:00+05:30,2068.690035831727,2073.661874278256,1913.1569168331696,1920.5457763671875,5919120,0.0,0.0,2000.637713623047,1856.4608703078425,47.0836996759238,59.47041214637352,-13.976374611103353,73.44678675747687,73.20612233964447,50609990.0,-0.07161259391138192
2020-08-17 00:00:00+05:30,1951.802945347305,2034.5677617259216,1920.5457699153687,2014.98486328125,6533930,0.0,0.0,2009.9193054199218,1862.6774974832701,54.567890155467126,54.807773350027674,-14.911210725959364,69.71898407598704,76.12157151569448,57143920.0,0.03237105368887655
2020-08-18 00:00:00+05:30,2013.173361953499,2065.982150035245,2008.9449719258937,2040.7265625,3396910,0.0,0.0,2016.0594360351563,1869.659813758436,56.37890511229338,52.58358763985643,-13.708317148904484,66.29190478876092,74.75838756406874,60540830.0,0.01368645198035237
2020-08-19 00:00:00+05:30,2054.579732746147,2076.6033951447494,2017.873783924464,2027.059814453125,2854830,0.0,0.0,2022.59404296875,1875.8323628052867,55.122582016707504,49.151523918576686,-13.712304696147385,62.86382861472407,73.61346483408448,57686000.0,-0.013394427022911791
2020-08-20 00:00:00+05:30,2021.210822160445,2052.6730660903013,1992.6087822242123,2037.54736328125,2243200,0.0,0.0,2024.924627685547,1882.1741275298345,55.934068246806596,46.73906736063168,-12.899809003273916,59.638876363905595,72.6456582390918,59929200.0,0.008082551776238258
2020-08-21 00:00:00+05:30,2068.8808121401644,2082.609697695776,2047.9059836299875,2069.109619140625,2613150,0.0,0.0,2029.2247131347656,1889.5049311224145,58.37357025554367,46.834113916714614,-10.243809957752788,57.0779238744674,70.67540578618916,62542350.0,0.00011059457805301465
2020-08-24 00:00:00+05:30,2096.9582572573345,2276.00705211336,2051.433349208989,2075.030029296875,11491305,0.0,10.0,2035.0728698730468,1896.7804251684718,58.83393915448425,46.847141927059056,-8.18462555792668,55.031767484985735,81.66821919858762,74033655.0,-0.010457159976632045
2020-08-25 00:00:00+05:30,2110.8304009664985,2145.1528465106694,2080.4644775669663,2113.928955078125,4757108,0.0,0.0,2040.4083435058594,1905.2960537923798,61.821560046621016,49.42652670486973,-4.484192624092813,53.91071932896254,80.84354220136974,78790763.0,0.0014679313459801287
2020-08-26 00:00:00+05:30,2173.8024675763413,2181.3819606157226,2130.851696667893,2144.056396484375,2439339,0.0,0.0,2045.5926940917968,1914.6592044861836,64.00072098113522,53.28747561214436,-0.4985949734545443,53.78607058559891,79.88706945222668,81230102.0,-0.013683888732140133
2020-08-27 00:00:00+05:30,2144.9143992853783,2149.9197557010903,2111.7837068194744,2132.138916015625,1370404,0.0,0.0,2051.132666015625,1923.1878206245933,62.48147095161145,54.75448870025548,0.7747344917252548,53.979754208530224,76.90483677571125,79859698.0,-0.005956173949883364
2020-08-28 00:00:00+05:30,2135.61892005939,2150.8733409169567,2097.482867915472,2110.44921875,1470617,0.0,0.0,2058.2703125,1930.5314048648054,59.70368211514119,53.54964289111604,-0.3440890539313486,53.893731945047385,75.22523051375266,78389081.0,-0.011785670689174238
2020-08-31 00:00:00+05:30,2121.3178747698635,2125.1314799379893,1976.162528058083,1994.5155029296875,3087530,0.0,0.0,2058.92744140625,1933.0405851810754,47.53814779497914,42.747149409501844,-8.91726602843643,51.664415437938274,80.49266495347358,75301551.0,-0.059775280898876335
2020-09-01 00:00:00+05:30,2011.676718807889,2072.6944012741,2007.8631136537508,2031.7935791015625,2255675,0.0,0.0,2060.3353942871095,1936.9132516093298,50.9958779975455,36.77026002981711,-11.915324326496936,48.685584356314045,80.32739515914885,77557226.0,0.010000046282582914
2020-09-02 00:00:00+05:30,2031.7932547943212,2085.7079028441062,2003.4770548333825,2068.737548828125,1972531,0.0,0.0,2059.0947814941405,1942.08283189242,54.21644090058273,34.61557493811074,-11.256007534562649,45.87158247267339,80.4633566506718,79529757.0,0.018183097097417843
2020-09-03 00:00:00+05:30,2073.647764091307,2154.6868721132664,2061.7302482057253,2127.18115234375,2577059,0.0,0.0,2062.098956298828,1949.3415895571782,58.82639094987299,37.19511966308437,-6.9411702476712165,44.136289910755586,81.35573637891466,82106816.0,0.025816047054597856
2020-09-04 00:00:00+05:30,2066.020640536488,2122.2713178745835,2064.113837914858,2079.225341796875,1516060,0.0,0.0,2062.1044372558595,1954.4350700371665,54.01988730234213,34.96671973545767,-7.335656140238328,42.302375875696,80.04941577375897,80590756.0,0.0063913694768113205
2020-09-07 00:00:00+05:30,2102.2496264244137,2111.7836383356357,2055.532968059427,2090.71337890625,1354383,0.0,0.0,2064.849737548828,1959.7793174437975,54.96908595083214,33.73876583239007,-6.85088803464474,40.58965386703481,78.3494996394981,81945139.0,-0.005487572633220052
2020-09-08 00:00:00+05:30,2101.2009764144523,2113.690626219856,2049.8127408086107,2060.77685546875,1180325,0.0,0.0,2065.6713317871095,1963.740005209482,51.95893982751551,30.004107590443937,-8.468437021272706,38.47254461171664,77.31580966693521,80764814.0,-0.019238578983854802
2020-09-09 00:00:00+05:30,2040.1832725394545,2088.7115365547443,2026.597304522051,2075.5068359375,1357699,0.0,0.0,2064.016461181641,1968.1230181792082,53.31364418913651,27.9112073232875,-8.449069830743312,36.36027715403081,76.22997953080969,82122513.0,0.017313916780661378
2020-09-10 00:00:00+05:30,2094.574702354713,2095.575820159174,2052.291499145002,2074.2197265625,948267,0.0,0.0,2064.4123718261717,1972.2836734099255,53.172547319509185,25.850718818269797,-8.407646668608812,34.25836548687861,73.8767118443255,81174246.0,-0.009717951701283244
2020-09-11 00:00:00+05:30,2064.113751921352,2077.1753027825607,2040.374153376671,2059.6328125,1143868,0.0,0.0,2071.3667236328124,1975.7091298448304,51.508778746783605,22.778152413987755,-9.184170458312686,31.96232287230044,71.22845073437213,80030378.0,-0.0021708781394344586
2020-09-14 00:00:00+05:30,2064.113798547457,2095.5760412043005,2048.1920435133065,2058.774658203125,1180377,0.0,0.0,2073.5562133789062,1978.9666015451555,51.406869580447726,20.042834205594772,-9.535590933364539,29.57842513895931,69.52527154561432,78850001.0,-0.0025866501876443196
2020-09-15 00:00:00+05:30,2058.774710695724,2069.166924708772,2021.2107919138657,2040.8509521484373,1264201,0.0,0.0,2073.562432861328,1981.3934388237158,49.21663308609971,16.24155895299691,-10.669492948769921,26.911051901766832,67.98461544189561,77585800.0,-0.008706032017087365
2020-09-16 00:00:00+05:30,2054.5796143847488,2085.898937343022,2045.045602253033,2062.921875,1031516,0.0,0.0,2075.355535888672,1984.5906323992563,51.93244238703119,14.838906273701923,-9.65771650245193,24.496622776153853,66.34628141602147,78617316.0,0.004060324825986047
2020-09-17 00:00:00+05:30,2045.9992708041852,2061.205975588444,2025.977842711507,2045.474853515625,768952,0.0,0.0,2075.7519104003904,1986.9782489136237,49.67109640735625,12.17907233221058,-9.85404035515462,22.0331126873652,64.24611684321002,77848364.0,-0.0002563135266192545
2020-09-18 00:00:00+05:30,2059.346524793437,2101.1055425434283,2035.7021292522763,2052.625,1310088,0.0,0.0,2074.9276794433595,1989.552631309168,50.620076291575806,10.526746059628294,-9.205093302189525,19.73183936181782,64.32878101851011,79158452.0,-0.003263911494502393
2020-09-21 00:00:00+05:30,2052.720698023835,2060.20475850666,1990.797330669364,2004.9552001953125,1944477,0.0,0.0,2071.423937988281,1990.1566536184287,44.58428253344993,5.309506447862077,-11.537866331164594,16.84737277902667,64.69154208951892,77213975.0,-0.023269360451476328
2020-09-22 00:00:00+05:30,2005.956320904378,2023.260461270463,1938.8845632037696,1968.154052734375,1519039,0.0,0.0,2064.1351928710938,1989.2938065249364,40.56317023499755,-1.774285711492439,-14.897326792415289,13.12304108092285,66.09756961813774,75694936.0,-0.018845010619652915
2020-09-23 00:00:00+05:30,1987.793808405014,2027.7414588059696,1954.47248263196,1980.023681640625,1353975,0.0,0.0,2055.933557128906,1988.9302722157477,42.36861392993072,-6.357180559360131,-15.584177312226386,9.226996752866254,66.60981365454887,77048911.0,-0.003908919894777067
2020-09-24 00:00:00+05:30,1956.8084400957,1982.121291014264,1928.7308185290312,1939.647216796875,1346209,0.0,0.0,2046.3089721679687,1986.997603375792,38.12607141890267,-13.096235763209279,-17.858586012860428,4.762350249651147,65.66557378261257,75702702.0,-0.008770006786144952
2020-09-25 00:00:00+05:30,1967.724986253072,2035.5119164837288,1954.472800370794,2018.827392578125,1532674,0.0,0.0,2041.727880859375,1988.2458304033346,48.92669359087601,-11.910510168140263,-13.338288334233129,1.4277781660928657,67.82265678592128,77235376.0,0.025970299041819744
2020-09-28 00:00:00+05:30,2035.511573661805,2106.063262866008,2028.8377652235692,2079.3203125,1138014,0.0,0.0,2045.9681213378906,1991.817378720851,55.34065317173194,-6.020144535294094,-5.958338161109568,-0.06180637418452628,69.20931643420714,78373390.0,0.021522225373243567
2020-09-29 00:00:00+05:30,2087.949066613245,2115.1210065212254,2078.415052610445,2096.052978515625,1337331,0.0,0.0,2049.1810913085938,1995.9050493010382,56.951075661014464,-0.0017805022132506565,0.0480206975770205,-0.04980119979027116,66.88764528673912,79710721.0,0.0038812785388126427
2020-09-30 00:00:00+05:30,2102.1543467392034,2117.504200142995,2083.8013724696166,2100.15234375,925934,0.0,0.0,2050.7518310546875,1999.993178495115,57.35678365770529,5.040497154962168,4.072238683801951,0.9682584711602167,64.51729890019111,80636655.0,-0.0009523577525641217
2020-10-01 00:00:00+05:30,2087.9487609611388,2126.0848113896527,2079.225232531208,2095.2421875,999891,0.0,0.0,2049.1548828125,2003.7284337502085,56.66789078115831,8.54186465383259,6.058884946137899,2.4829797076946916,63.256032060681555,79636764.0,0.0034931060930364407
2020-10-05 00:00:00+05:30,2107.63661278698,2121.3180153398284,2080.5123907840866,2107.159912109375,930504,0.0,0.0,2050.551611328125,2007.7845701564504,57.98686029947932,12.13845978954896,7.724384065483415,4.414075724065546,61.65243019968913,80567268.0,-0.00022617783099466169
2020-10-06 00:00:00+05:30,2120.173645082795,2130.8516920202146,2074.6964541817338,2095.194580078125,2754316,0.0,0.0,2050.775671386719,2011.2124136827906,56.139261310363345,13.863475533961719,7.559519847916938,6.30395568604478,61.25977330121251,77812952.0,-0.01178161282336586
2020-10-07 00:00:00+05:30,2105.1096368130025,2149.9194886835694,2068.880394875098,2133.711669921875,1517302,0.0,0.0,2054.422412109375,2016.0163060843236,60.502067134230565,18.12958363425423,9.46050235856756,8.669081275686672,62.672582915363066,79330254.0,0.01358695652173924
2020-10-08 00:00:00+05:30,2148.013092936026,2151.636064368165,2073.647792781117,2105.872802734375,1515381,0.0,0.0,2055.940710449219,2019.5400902666786,56.15439792447678,19.044606744776956,8.300420375272228,10.744186369504728,63.766561401311286,77814873.0,-0.019618265056313706
2020-10-09 00:00:00+05:30,2108.1609765626,2130.565907841187,2094.2889406436966,2114.596435546875,1207901,0.0,0.0,2057.9595458984377,2023.2677900815884,57.192492037514455,20.24037497031668,7.59695088064956,12.64342408966712,61.80301775204413,79022774.0,0.0030526411672642997
2020-10-12 00:00:00+05:30,2128.94473570227,2128.94473570227,2069.9767823623934,2079.70166015625,1098858,0.0,0.0,2058.96298828125,2025.4808830256927,51.89927508036183,18.16294206776638,4.415614382479408,13.747327685286972,61.600513035668484,77923916.0,-0.02313027422469767
2020-10-13 00:00:00+05:30,2082.4667149345464,2130.851829176473,2076.8417405716195,2116.121826171875,1587481,0.0,0.0,2061.8303466796874,2029.035429815739,56.43157586392669,19.233650990743627,4.389058644365322,14.844592346378304,61.058339574878154,79511397.0,0.016161176068730774
2020-10-14 00:00:00+05:30,2098.626653435748,2161.2650650826854,2087.948606657688,2148.870849609375,1358092,0.0,0.0,2067.231341552734,2033.7348580429405,60.07456499241485,22.46579630728411,6.096963168724642,16.368833138559467,61.93391992336766,80869489.0,0.023941464810508507
2020-10-15 00:00:00+05:30,2147.107302950167,2195.683049436357,2122.318870781107,2143.818115234375,1900928,0.0,0.0,2071.276153564453,2038.051848521036,59.25138028778136,24.339016291100506,6.376146522032833,17.962869769067673,62.750367348504824,78968561.0,-0.0015319158531447346
2020-10-16 00:00:00+05:30,2139.4322466983094,2178.521695055988,2139.4322466983094,2164.125244140625,815976,0.0,0.0,2077.208673095703,2042.9959032512159,61.532793973276675,27.149212985574195,7.349074573205218,19.800138412368977,61.06030098960453,79784537.0,0.011541845964238025
2020-10-19 00:00:00+05:30,2173.75473115153,2173.75473115153,2083.372251040332,2095.71875,1263185,0.0,0.0,2079.363360595703,2045.0634658688155,51.14491080406483,23.584612994407053,3.027579665630462,20.55703332877659,63.15474318017137,78521352.0,-0.03589916563870618
2020-10-20 00:00:00+05:30,2107.0168428053416,2130.851874963773,2087.948817078596,2092.19140625,976226,0.0,0.0,2083.7251708984377,2046.9116203935678,50.66989770717401,20.24168115808652,-0.25228173655205666,20.493962894638578,61.70819370160082,77545126.0,-0.007036221189196872
2020-10-21 00:00:00+05:30,2109.2093787489976,2118.934023778905,2043.234066721135,2079.70166015625,1308299,0.0,0.0,2089.3025512695312,2048.19750430583,48.93677615844095,16.395567567643866,-3.278716261595772,19.674283829239638,62.70760570922938,76236827.0,-0.013989942814614737
2020-10-22 00:00:00+05:30,2077.365873230374,2077.365873230374,2040.278658019626,2058.822265625,1021353,0.0,0.0,2093.24248046875,2048.614161612464,46.098129896159094,11.529793908049669,-6.515591936951974,18.045385845001643,61.04441921539111,75215474.0,-0.008926500547800904
2020-10-23 00:00:00+05:30,2061.253482632212,2096.0526279217934,2059.346680150591,2080.22607421875,1153577,0.0,0.0,2100.2714233398438,2049.85384445977,49.34212879028173,9.293610741680823,-7.001420082656658,16.29503082433748,59.343414651793715,76369051.0,0.009204395163621483
2020-10-26 00:00:00+05:30,2086.042026558181,2111.450077880272,1993.70501833734,2009.8653564453125,1551460,0.0,0.0,2099.823321533203,2048.285668459203,40.675772166591024,1.8228844984487296,-11.577717060711002,13.400601559159732,63.51496184946917,74817591.0,-0.03651732282621103
2020-10-27 00:00:00+05:30,2016.4435603235088,2035.416151307964,1984.0279191646443,2019.5421142578125,1019769,0.0,0.0,2096.8344116210938,2047.158470255227,42.17989007078608,-3.279087114464801,-13.343750938899626,10.064663824434826,62.64876665180536,75837360.0,0.0015366430260049487
2020-10-28 00:00:00+05:30,2026.40669003605,2046.332916308901,2002.6193748170376,2035.51171875,1041016,0.0,0.0,2093.8073486328126,2046.701734902081,44.67296952724594,-5.965061243559376,-12.82378005439536,6.858718810835985,61.29625025192426,76878376.0,0.004493189229348688
2020-10-29 00:00:00+05:30,2030.744621160171,2045.0456396190448,2002.190300856746,2037.2755126953125,834115,0.0,0.0,2090.663507080078,2046.3320791292665,44.95526981748812,-7.860777511530614,-11.775597057893279,3.9148195463626654,59.97904200168137,77712491.0,0.003216008289319237
2020-10-30 00:00:00+05:30,2024.261691382807,2047.3339574044423,1974.065203618819,1988.4139404296875,1013498,0.0,0.0,2085.3220947265627,2044.0607795724202,39.0161433273528,-13.154233030286832,-13.655242061319598,0.501009031032766,60.928307320960954,76698993.0,-0.017709049726980328
2020-11-02 00:00:00+05:30,1982.88402011298,1998.4245074625028,1921.294204586006,1935.0709228515625,1131510,0.0,0.0,2076.717645263672,2039.7866675441514,33.77075587299547,-21.406904904145676,-17.526331148142752,-3.880573756002923,62.08559293497591,75567483.0,-0.024112906643270603
2020-11-03 00:00:00+05:30,1943.031739330064,2016.4436352713865,1943.031739330064,1997.3756103515625,1939408,0.0,0.0,2071.826696777344,2038.1234888307167,43.35056099139296,-22.658545632619962,-15.022377501293631,-7.636168131326331,63.463244566830724,77506891.0,0.02796859666339553
2020-11-04 00:00:00+05:30,1995.4688238786164,2025.9299473797728,1973.5405950447853,1999.6636962890625,1114904,0.0,0.0,2065.124298095703,2036.6152616722204,43.67278762025621,-23.198433414813735,-12.449812226789923,-10.748621188023812,62.67225213655793,78621795.0,0.0021021989220019487
2020-11-05 00:00:00+05:30,2023.1174557318047,2042.3761144597745,2005.002831952868,2021.02001953125,828400,0.0,0.0,2060.881658935547,2036.0036835490453,46.71911173093074,-21.653414485077974,-8.723834637643328,-12.929579847434646,61.246549496198156,79450195.0,-0.0010367347652566479
2020-11-06 00:00:00+05:30,2028.837673338356,2053.5783869468105,2013.583254741827,2039.372802734375,996379,0.0,0.0,2057.120477294922,2036.1358058700387,49.25879054510159,-18.73212732466436,-4.642037981783771,-14.09008934288059,59.728590906456006,80446574.0,0.005192692118479862
2020-11-09 00:00:00+05:30,2052.672882862161,2099.341827306162,2042.1854691550157,2090.666015625,1129889,0.0,0.0,2057.6686950683593,2038.2742454682725,55.62509530760998,-12.138131770961081,1.5615660575356092,-13.69969782849669,59.74576474191902,81576463.0,0.01850910248780759
2020-11-10 00:00:00+05:30,2108.923429961243,2152.2554674463067,2090.046039867206,2130.708740234375,986762,0.0,0.0,2058.3980407714844,2041.899127615963,59.85919508126083,-3.639278228468811,8.048335680022303,-11.687613908491114,59.921740680031796,82563225.0,0.010330062231577695
2020-11-11 00:00:00+05:30,2130.708802353268,2224.2850386714267,2118.1714366946594,2218.278564453125,2127849,0.0,0.0,2061.8684265136717,2048.815968276244,67.2244693971886,10.04646796875113,17.387265501793795,-7.340797533042665,63.221159712676304,84691074.0,0.041098887845744315
2020-11-12 00:00:00+05:30,2217.611326671009,2258.1308801462965,2194.7296964732,2241.2080078125,1905794,0.0,0.0,2066.737921142578,2056.360754140411,68.83685124313016,22.483558414400704,23.859484757954696,-1.3759263435539912,63.23401856832594,86596868.0,0.010640584694755054
2020-11-13 00:00:00+05:30,2209.9840746453183,2454.4360595117128,2209.5073740252483,2397.4228515625,9475210,0.0,0.0,2078.402801513672,2069.7357383530416,77.10169956908653,44.43307768475961,36.64720322265088,7.785874462108729,76.21221031260303,96072078.0,0.0848145373840596
2020-11-14 00:00:00+05:30,2421.6391569823563,2467.402416641866,2386.1249606840915,2422.16357421875,1043101,0.0,0.0,2094.7250427246095,2083.5564377987557,78.09266361444496,63.097253533718686,44.24910325728796,18.848150276430722,76.57401360533377,97115179.0,0.0002165546567421543
2020-11-17 00:00:00+05:30,2422.163691388839,2444.520905063712,2375.0655280525425,2423.260009765625,2112263,0.0,0.0,2111.2784729003906,2096.878146503339,78.13781837627576,77.088591253495,46.592352781651414,30.49623847184358,76.06553952066176,99227442.0,0.00045261944132156775
2020-11-18 00:00:00+05:30,2408.291750556009,2507.445488504475,2396.564867688151,2492.333984375,1880217,0.0,0.0,2131.910089111328,2112.3862185767375,80.81994810480002,92.68213768365695,49.74871936945069,42.93341831420626,78.5523312335698,101107659.0,0.03489703180671027
2020-11-19 00:00:00+05:30,2446.5233377620207,2534.140830169035,2420.209366961661,2432.365234375,2433481,0.0,0.0,2150.587237548828,2124.934415274709,72.50345524475492,99.05926508411267,44.90067741592513,54.158587668187536,81.07941226981687,98674178.0,-0.0057870297693427795
2020-11-20 00:00:00+05:30,2445.474305132396,2478.843350231668,2423.8321424350934,2469.928955078125,1394396,0.0,0.0,2170.072381591797,2138.4636129140586,74.28822424186912,105.92324558119662,41.41172633040726,64.51151925078936,79.21739754076302,100068574.0,0.00999996192738785
2020-11-23 00:00:00+05:30,2474.6007256835887,2485.0881397077605,2440.7072638072195,2476.31689453125,823238,0.0,0.0,2193.3949584960938,2151.712761212772,74.590275547372,110.60348478080004,36.87357242400854,73.7299123567915,76.72907441280964,100891812.0,0.000693513434247938
2020-11-24 00:00:00+05:30,2475.0299006767464,2588.484661146905,2469.4049258262635,2567.7958984375,2418981,0.0,0.0,2220.807647705078,2168.029746986291,78.4877235888807,120.30737067864266,37.26196665748091,83.04540402116174,79.75412179396358,103310793.0,0.03748075840836859
2020-11-25 00:00:00+05:30,2570.369975718588,2599.9254168340462,2460.967173525076,2474.171875,1758420,0.0,0.0,2242.740655517578,2180.035320633887,67.13768590032893,119.07052305169691,28.82009522442813,90.25042782726878,83.98298784162108,101552373.0,-0.037425779801094385
2020-11-26 00:00:00+05:30,2488.3769925134484,2491.237195953119,2404.9543921897216,2430.41015625,2083338,0.0,0.0,2262.3973876953123,2189.8539416384406,62.58216633493255,113.2535905314212,18.402530163321927,94.85106036809927,84.14726041558386,99469035.0,-0.02329503786518196
2020-11-27 00:00:00+05:30,2446.4277988496547,2496.0046677273563,2397.8997645345794,2416.53857421875,2597507,0.0,0.0,2283.8036193847656,2198.7435350729625,61.16541451642011,106.29896061097543,9.158320194300927,97.1406404166745,85.14423494543858,96871528.0,-0.012217497138055334
2020-12-01 00:00:00+05:30,2440.65938220421,2464.446695852783,2407.338056450881,2414.67919921875,1227343,0.0,0.0,2307.784033203125,2207.2116003335814,60.96618307894598,99.4904661079363,1.8798605530094363,97.61060555492686,83.14169232124766,95644185.0,-0.010644739358097888
2020-12-02 00:00:00+05:30,2410.198220014808,2431.077613071534,2390.176794927659,2414.488525390625,1293136,0.0,0.0,2328.639678955078,2215.340107198563,60.9442604043266,93.0071706094891,-3.6827479563502266,96.68991856583932,80.12448690342997,94351049.0,0.0017800632911389683
2020-12-03 00:00:00+05:30,2435.939995510762,2459.775024821043,2416.8719720625368,2430.6962890625,1073359,0.0,0.0,2350.19130859375,2223.785447663816,62.188891465713,88.16068182972185,-6.823389388893986,94.98407121861584,77.63605913531954,95424408.0,-0.002152641878669289
2020-12-04 00:00:00+05:30,2445.283735301085,2476.6505454081434,2414.488826323704,2434.51025390625,1140298,0.0,0.0,2370.8658203125,2232.049165555676,62.491806057949184,83.66314300883914,-9.05674256782136,92.7198855766605,76.53074909395953,96564706.0,-0.0044058205758721455
2020-12-07 00:00:00+05:30,2434.510040493896,2453.625781705748,2421.6391238905403,2441.803466796875,723083,0.0,0.0,2390.987353515625,2240.27482442788,63.10056780821069,79.76779888678584,-10.361669351899735,90.12946823868558,73.34902818749487,97287789.0,0.002995849752790154
2020-12-08 00:00:00+05:30,2441.803530948498,2487.423874102305,2398.137939684063,2429.45703125,1303426,0.0,0.0,2407.926904296875,2247.6937344993357,61.287149432614214,74.82195551235782,-12.246010181062218,87.06796569342004,74.48737866604941,95984363.0,-0.0050563034830661295
2020-12-09 00:00:00+05:30,2432.2217128421667,2441.326507411254,2412.2002891369148,2428.551025390625,954150,0.0,0.0,2422.8190185546873,2254.7861772793863,61.14827475957762,70.02206117025071,-13.636723618535456,83.65878478878616,71.247295692384,95030213.0,-0.0015091911367127301
2020-12-10 00:00:00+05:30,2438.800221628158,2438.800221628158,2371.204170983376,2376.495361328125,1106304,0.0,0.0,2430.7298583984375,2259.5590864577684,53.62901458033891,61.310899396716195,-17.878308313655978,79.18920771037217,70.98649246808012,93923909.0,-0.025547340756939017
2020-12-11 00:00:00+05:30,2376.495249389384,2391.0823333281573,2337.5966692379197,2355.66357421875,1488286,0.0,0.0,2436.45263671875,2263.327889899376,50.92998482873623,52.1254204099032,-21.651029840375188,73.77645025027839,69.73643326877911,92435623.0,-0.008765712944718207
2020-12-14 00:00:00+05:30,2350.1343904946207,2350.1343904946207,2280.8221570519013,2288.59228515625,2480823,0.0,0.0,2431.0111083984375,2264.3186504976848,43.363013052483396,38.984381957586265,-27.833654634153703,66.81803659173997,70.1010749837624,89954800.0,-0.026186632384634916
2020-12-15 00:00:00+05:30,2298.459935180404,2372.0624700951894,2297.2204669189546,2359.85888671875,2907490,0.0,0.0,2427.8958740234375,2268.0653264279226,51.59286506232772,33.929515124345926,-26.31081717391524,60.240332298261166,71.05601142853368,92862290.0,0.026713083225236557
2020-12-16 00:00:00+05:30,2383.503434138569,2389.6528264458457,2332.0197599611765,2354.996826171875,1462297,0.0,0.0,2424.48271484375,2271.474404849254,51.047875041735466,29.194631548986763,-24.83656059941952,54.031192148406284,70.09722962874085,91399993.0,-0.011959960937499833
2020-12-17 00:00:00+05:30,2356.521874792077,2378.736170957422,2326.299101056557,2351.65966796875,1059879,0.0,0.0,2417.4489990234374,2274.618924971587,50.652381054182904,24.88605052588946,-23.316113298013462,48.20216382390292,68.83578962608004,90340114.0,-0.0020632979796786945
2020-12-18 00:00:00+05:30,2344.41370911214,2373.9691483079414,2312.188699823276,2365.3408203125,849960,0.0,0.0,2414.0977783203125,2278.1766463575054,52.284501659619806,22.318153893894305,-20.707207944006896,43.0253618379012,68.3318366792098,91190074.0,0.008926372985715563
2020-12-21 00:00:00+05:30,2345.367126836378,2380.976757416499,2231.53110817601,2284.730712890625,1194154,0.0,0.0,2404.8378662109376,2278.4336685744906,43.21519604098703,13.621495212450554,-23.523093300360514,37.14458851281107,74.12568052110312,89995920.0,-0.025853698234247928
2020-12-22 00:00:00+05:30,2288.163215699399,2349.180901451383,2271.430975631797,2332.68701171875,1197777,0.0,0.0,2397.6563720703125,2280.5612506585794,48.894669878440496,10.478216719403918,-21.333097434725723,31.81131415412964,74.38455518891146,91193697.0,0.019458312988281164
2020-12-23 00:00:00+05:30,2332.019677333637,2359.620599570212,2304.37103847727,2332.68701171875,954704,0.0,0.0,2385.900927734375,2282.605398151135,48.89466987844049,7.896124262237663,-19.13215191351358,27.028276175751245,73.01776987854089,91193697.0,0.00028616155841189946
2020-12-24 00:00:00+05:30,2344.4133703799885,2358.714387279419,2314.381234891184,2323.2001953125,599386,0.0,0.0,2378.35234375,2284.1973509809923,47.7978667224421,5.026349954132911,-17.60154097729467,22.62789093142758,70.96886860445404,90594311.0,-0.0090483936559576
2020-12-28 00:00:00+05:30,2327.3479980388024,2347.27399203046,2312.52256132513,2337.120361328125,711668,0.0,0.0,2373.687854003906,2286.272763151468,49.58491497582871,3.8311115321735087,-15.037423519403259,18.868535051576767,68.38190872546481,91305979.0,0.004198926545388789
2020-12-29 00:00:00+05:30,2340.600177825616,2386.363439958255,2322.342636142877,2345.8916015625,1955329,0.0,0.0,2370.1555053710936,2288.610756814646,50.72946964117348,3.5507118580849237,-12.254258554793477,15.8049704128784,68.07040122863881,93261308.0,0.0022607123536151122
2020-12-30 00:00:00+05:30,2363.481647484363,2407.3381040330846,2339.980400287213,2400.044677734375,2429452,0.0,0.0,2369.423779296875,2292.9807144977726,57.19129136843123,7.610465063229185,-6.555604279719372,14.166069342948557,68.01949426509108,95690760.0,0.01546998695290443
2020-12-31 00:00:00+05:30,2412.104922690889,2428.64652583943,2369.297303927372,2412.962890625,1763710,0.0,0.0,2369.3474975585937,2297.6858978753107,58.586607242962955,11.734967148982378,-1.9448817551729434,13.679848904155321,67.40018909144885,97454470.0,0.00035569262598820654
2021-01-01 00:00:00+05:30,2413.058630525365,2435.9402611585574,2398.5669776771406,2424.21337890625,914818,0.0,0.0,2369.0233520507813,2302.647759876524,59.8150569550766,15.730157681350647,1.6402470217562595,14.089910659594388,65.25541010139654,98369288.0,0.004622659491061084
2021-01-04 00:00:00+05:30,2470.2627371274584,2545.5814388770027,2459.7753229598,2531.94775390625,3287511,0.0,0.0,2373.895227050781,2311.6399165051407,69.22824021013996,27.27522681433038,10.548252923788795,16.726973890541586,69.26345655170994,101656799.0,0.024971034801958725
2021-01-05 00:00:00+05:30,2507.445546388911,2559.8826205529376,2494.097927510795,2550.253173828125,1494362,0.0,0.0,2379.3177124023437,2320.997299145258,70.49300068743855,37.46994152123807,16.594374104557186,20.875567416680884,69.01497344209484,103151161.0,0.0170722062143535
2021-01-06 00:00:00+05:30,2543.6745232320054,2547.488128214362,2488.3772509878318,2522.080078125,949386,0.0,0.0,2383.948864746094,2328.8828983209337,65.99706459138443,42.78281929510467,17.52580150273903,25.257017792365644,68.50504125284306,102201775.0,-0.008489468644584058
2021-01-07 00:00:00+05:30,2536.04715531215,2589.103838219017,2517.694182477654,2526.322509765625,1250528,0.0,0.0,2388.837438964844,2336.62562818151,66.34515074469802,46.79620447051866,17.231349342522407,29.564855127996253,68.71251371759661,103452303.0,-0.003834568109727515
2021-01-08 00:00:00+05:30,2537.0007878185165,2642.160994798364,2537.0007878185165,2632.197998046875,2585123,0.0,0.0,2401.6225708007814,2348.2167015095633,73.60670000360098,57.853212382859965,22.63068580389097,35.222526578968996,72.07865454522336,106037426.0,0.03752352410982711
2021-01-11 00:00:00+05:30,2638.061594576837,2677.770668588735,2599.639472757882,2647.738525390625,1616318,0.0,0.0,2416.226318359375,2359.962655387252,74.47719261653681,67.09651463923456,25.499190448212445,41.59732419102211,72.51097892508227,107653744.0,0.0036681974498553927
2021-01-12 00:00:00+05:30,2647.785701832524,2811.580070570465,2647.785701832524,2747.368408203125,4829997,0.0,0.0,2439.1651245117187,2375.15503785062,79.21102631049482,81.52146843039145,31.93931539149547,49.58215303889598,79.03459083284412,112483741.0,0.03760980592261684
2021-01-13 00:00:00+05:30,2735.785093604335,2774.779114570324,2704.4657670696024,2734.974609375,1878124,0.0,0.0,2457.9209106445314,2389.265609282949,77.29054351331791,90.90537171147116,33.05857493806013,57.84679677341103,78.41164487767479,110605617.0,-0.00029625288595578014
2021-01-14 00:00:00+05:30,2745.795837007509,2771.48995636004,2708.6131850480324,2752.08837890625,1159961,0.0,0.0,2477.77548828125,2403.493953189745,78.08081287545342,98.58667502294202,32.59190259962479,65.99477242331723,77.30201104680059,111765578.0,0.0022917005750868157
2021-01-15 00:00:00+05:30,2745.7954811983186,2766.7703077908054,2707.659432848342,2724.1533203125,882692,0.0,0.0,2496.4001708984374,2416.068830331814,73.57974781153906,101.25285755837649,28.206468108047403,73.04638945032909,76.00264417703463,110882886.0,-0.00788192749023447
2021-01-18 00:00:00+05:30,2720.1967180125025,2776.9718097266405,2683.824552966874,2739.121826171875,2069601,0.0,0.0,2515.089221191406,2428.737575266718,74.43031739923872,103.38193713408418,24.268438147004076,79.1134989870801,77.22725936604041,112952487.0,0.006957257184399522
2021-01-19 00:00:00+05:30,2753.4226295625976,2792.512078250986,2719.2431038843606,2749.13232421875,1447495,0.0,0.0,2538.3093017578126,2441.3020752256216,75.00975323765985,104.67043593777635,20.445549560556998,84.22488637721935,76.94452472225498,114399982.0,-0.001558171745152395
2021-01-20 00:00:00+05:30,2752.6598168748665,2825.881073427396,2732.113975068242,2747.273193359375,1760329,0.0,0.0,2559.038610839844,2453.300942603416,74.67132016003366,104.33881133151317,16.091139963435054,88.24767136807812,78.14613712871896,112639653.0,-0.0019568794816088005
2021-01-21 00:00:00+05:30,2761.0499504728064,2817.300622806334,2760.1442658609085,2790.22412109375,1451173,0.0,0.0,2581.9154663085938,2466.5136162697036,77.22761454179198,106.31623003383265,14.454846932603616,91.86138310122904,77.56622943544907,114090826.0,0.010566332063622324
2021-01-22 00:00:00+05:30,2764.863782742282,2895.479761444245,2764.863782742282,2834.080810546875,3091826,0.0,0.0,2607.4594970703124,2480.928016045279,79.50244177991075,110.15244806143983,14.632851968168623,95.5195960932712,81.35549725060955,117182652.0,0.02503451643318974
2021-01-25 00:00:00+05:30,2888.758240019991,2888.758240019991,2718.38547322255,2735.832763671875,2024082,0.0,0.0,2627.3951171875,2490.924280658087,64.06333416342797,104.06528240003263,6.836549045409143,97.22873335462349,87.71387366303121,115158570.0,-0.05293813591927912
2021-01-27 00:00:00+05:30,2764.815896638281,2795.753720516545,2640.444750656972,2659.89404296875,2574644,0.0,0.0,2643.0952392578124,2497.5505458467405,55.148743904741096,92.05241668443523,-4.1410533361506054,96.19347002058583,92.54209483136353,112583926.0,-0.037948947630511265
2021-01-28 00:00:00+05:30,2650.455447966582,2698.1255099803698,2610.746379414687,2668.045654296875,1430646,0.0,0.0,2656.4952880859373,2504.2366285310595,55.858813187254405,82.24186790569047,-11.161281691916301,93.40314959760677,92.17331166871804,114014572.0,0.006636673083408358
2021-01-29 00:00:00+05:30,2681.3454270167776,2736.690412924962,2599.877341477956,2616.4189453125,2067268,0.0,0.0,2666.6680908203125,2508.6359350715084,50.41501884922073,69.49994130358209,-19.122566635219755,88.62250793880185,95.36186594510797,111947304.0,-0.024214143038076903
2021-02-01 00:00:00+05:30,2647.595146523874,2734.402372799749,2572.800868537669,2710.376708984375,1847361,0.0,0.0,2680.9762573242188,2516.5473379700525,58.36723496688924,66.22013447172549,-17.921898773661084,84.14203324538657,100.09326869100761,113794665.0,0.02371267470516751
2021-02-02 00:00:00+05:30,2783.931729211635,2783.931729211635,2694.264292545018,2769.48779296875,2125895,0.0,0.0,2692.8532592773436,2526.466571499413,62.447579987533175,67.61125394441751,-13.224623440775247,80.83587738519276,99.34856640223967,115920560.0,-0.005188322720462354
2021-02-03 00:00:00+05:30,2769.488018246688,2810.627193595512,2737.6919899625213,2780.976318359375,1349528,0.0,0.0,2704.3894165039064,2536.447345886078,63.202430261476465,68.84712730666934,-9.591000062818736,78.43812736948807,97.46189762992243,117270088.0,0.004148167472470187
2021-02-04 00:00:00+05:30,2765.721398898521,2839.228723219768,2746.7488084607626,2825.356689453125,1259327,0.0,0.0,2719.5532470703124,2547.7771240651778,66.04214346503959,72.57113601327183,-4.693593084973003,77.26472909824483,97.10604171003088,118529415.0,0.02156229133503994
2021-02-05 00:00:00+05:30,2834.6523011489653,2850.669487295928,2769.821021839225,2795.51513671875,915838,0.0,0.0,2733.0128784179688,2557.4923402476707,62.54690859833267,72.28126243406996,-3.9867733313399043,76.26803576540986,95.94478626172724,117613577.0,-0.01380668959447051
2021-02-08 00:00:00+05:30,2797.279439765301,2846.856307818401,2793.5612677669155,2831.983154296875,654484,0.0,0.0,2743.0021362304688,2568.2566858966593,64.98570744930203,74.13956502145129,-1.7027765951668528,75.84234161661814,92.89837581415,118268061.0,0.012406238017638196
2021-02-09 00:00:00+05:30,2853.816121337281,2877.365086593249,2799.2338976104875,2810.293212890625,1127584,0.0,0.0,2751.1298706054686,2577.7483144062267,62.383804606737215,73.0203530330432,-2.257590866859971,75.27794389990316,91.84357675348275,117140477.0,-0.01525077531143155
2021-02-10 00:00:00+05:30,2829.694592899112,2859.154595117178,2742.6967385857547,2766.102783203125,2160932,0.0,0.0,2752.0665893554688,2585.1347641629677,57.34611127332486,67.78617428605094,-5.993415691081779,73.77958997713272,93.60173959674901,114979545.0,-0.02247302937057789
2021-02-11 00:00:00+05:30,2621.853434706079,2708.4223146666245,2575.422840433352,2686.82763671875,4481414,0.0,0.0,2749.6592407226562,2589.1227199494692,49.606919012332064,56.58888666744815,-13.752562647747652,70.3414493151958,100.53589697351958,110498131.0,0.02478178267045459
2021-02-12 00:00:00+05:30,2707.6597893258427,2712.379079377678,2636.202405875131,2651.6474609375,1907486,0.0,0.0,2744.6371948242186,2591.574670576451,46.60129089289498,44.3647995914921,-20.781319778962967,65.14611937045507,98.79595243818504,108590645.0,-0.02068661971830985
2021-02-15 00:00:00+05:30,2665.709708292479,2678.1039236743823,2629.480463329992,2640.968994140625,930514,0.0,0.0,2740.477978515625,2593.511702873085,45.69624810061611,33.430098125490986,-25.37281699597127,58.802915121462256,95.21220299967477,107660131.0,-0.009281098416264342
2021-02-16 00:00:00+05:30,2640.969127585065,2648.6915379010006,2566.985098923041,2599.87744140625,1525475,0.0,0.0,2733.515759277344,2593.761339678307,42.29246048967856,21.204095925448655,-30.079055356810883,51.28315128225954,94.2475055687426,106134656.0,-0.015559320913527604
2021-02-17 00:00:00+05:30,2593.2513970042664,2617.086428226732,2559.8823532928145,2569.89306640625,1491311,0.0,0.0,2724.5537963867187,2592.825328961756,39.953800233844596,8.991761199769371,-33.83311206599213,42.824873265761504,91.60154623562153,104643345.0,-0.009007352941176496
2021-02-18 00:00:00+05:30,2575.232119000229,2586.434583294132,2502.678193318808,2526.703857421875,1924724,0.0,0.0,2713.5253295898438,2590.2323300778394,36.797438941649844,-4.12407055499807,-37.559155056607665,33.435084501609595,91.04117793090903,102718621.0,-0.018844228145614265
2021-02-19 00:00:00+05:30,2522.6997570353665,2524.511126340344,2450.241260612582,2464.20849609375,1588781,0.0,0.0,2697.2245483398438,2585.2902189412084,32.76393994751259,-19.33839410921064,-42.218782888656186,22.880388779445546,89.99985070723667,101129840.0,-0.023185977950207756
2021-02-22 00:00:00+05:30,2465.59091057218,2469.309082107606,2335.832915507195,2366.675537109375,2189183,0.0,0.0,2673.854284667969,2576.7170941634895,27.66694833508579,-38.81847460076051,-49.35909070416484,10.540616103404336,93.1053018444012,98940657.0,-0.04011832337581499
2021-02-23 00:00:00+05:30,2360.8121184407178,2430.982543241455,2342.3639439917515,2397.51806640625,1821712,0.0,0.0,2656.9385498046877,2569.6896813102644,31.306251877207156,-51.17789743967978,-49.3748108344673,-1.8030866052124885,92.78482308745137,100762369.0,0.01554801742960214
2021-02-24 00:00:00+05:30,2412.152952411546,2443.424560914568,2383.503197425692,2417.635009765625,807585,0.0,0.0,2644.8255981445313,2563.7267530143963,33.65108535332203,-58.673211618829555,-45.496100010893656,-13.177111607935903,90.43743311486156,101569954.0,0.002272682314195089
2021-02-25 00:00:00+05:30,2435.9399024394165,2439.705790373764,2399.71065927202,2433.031982421875,1351820,0.0,0.0,2633.074914550781,2558.601467893121,35.46675293241953,-62.648719648504084,-39.57728643245454,-23.07143321604954,86.83441154069592,102921774.0,-0.0011937568798924218
2021-02-26 00:00:00+05:30,2411.819096256273,2428.2652678234385,2348.8468971231173,2382.16845703125,1695786,0.0,0.0,2621.3623901367187,2551.682526290695,32.320217717898196,-69.10697759865798,-36.82843550608675,-32.27854209257123,86.64517395189826,101225988.0,-0.01229389023042732
2021-03-01 00:00:00+05:30,2405.4314613481006,2449.192487574998,2380.7859448275835,2437.03662109375,1283153,0.0,0.0,2607.6953857421877,2547.1866084398343,38.64386733673624,-69.00237484124409,-29.37906619893829,-39.6233086423058,85.34241457958821,102509141.0,0.013139081388723757
2021-03-02 00:00:00+05:30,2463.58884329058,2489.330677179452,2412.105175512836,2481.0361328125,1491743,0.0,0.0,2593.272802734375,2544.592472140723,43.22505106604366,-64.62413670512205,-20.000662450253003,-44.62347425486905,84.76263508557255,104000884.0,0.007082062239986439
2021-03-03 00:00:00+05:30,2484.37295826774,2504.442100603633,2451.289982318228,2477.9375,1289447,0.0,0.0,2578.1208618164064,2541.9785516646166,42.98165708812628,-60.704620136734775,-12.864916705492575,-47.8397034312422,82.50474102757909,102711437.0,-0.0025903752680625546
2021-03-04 00:00:00+05:30,2450.2410027277056,2510.305276335428,2426.739757032807,2472.35986328125,1353079,0.0,0.0,2560.4710205078127,2539.2484070221317,42.51756148440915,-57.386922960869924,-7.637775623702183,-49.74914733716774,82.58051090439392,101358358.0,0.009027218354815238
2021-03-05 00:00:00+05:30,2464.351331528276,2511.449255088506,2440.706936527872,2467.163818359375,1153319,0.0,0.0,2544.0534545898436,2536.4215604079063,42.06192260474352,-54.548104848637195,-3.839166009175557,-50.70893883946164,81.73492573671167,100205039.0,0.0011412686150373784
2021-03-08 00:00:00+05:30,2479.462867942863,2520.3162046148414,2455.008218983626,2462.873779296875,950809,0.0,0.0,2525.5979858398437,2533.5373336976695,41.66491759502171,-52.044554117843745,-1.068492222705686,-50.97606189513806,80.5615728716844,99254230.0,-0.0066905977340775274
2021-03-09 00:00:00+05:30,2478.843176251982,2496.290465160704,2453.101343267827,2471.88330078125,677915,0.0,0.0,2508.677490234375,2531.119528485261,42.88415598282834,-48.771274149176406,1.7638301967693266,-50.53510434594573,77.8921120867467,99932145.0,-0.0028077110877403454
2021-03-10 00:00:00+05:30,2478.8434515306,2561.789367024124,2477.7946169647385,2547.7744140625,1977416,0.0,0.0,2497.7610717773437,2531.772661252996,51.98725436142283,-39.59694862252309,8.750524578738123,-48.34747320126121,78.7502516695473,101909561.0,0.0278077110877404
2021-03-12 00:00:00+05:30,2573.229877813981,2573.229877813981,2488.472602954521,2514.595703125,1109504,0.0,0.0,2489.1494750976562,2531.099055051898,48.35849101321196,-34.60457424055858,10.994319168562107,-45.598893409120684,79.17932475464325,100800057.0,-0.02278621711745095
2021-03-15 00:00:00+05:30,2517.5513987451104,2558.4522186941053,2464.8759804172364,2545.056884765625,839684,0.0,0.0,2483.8199462890625,2531.646420923025,51.692367023493155,-27.86886387605773,14.184023626450362,-42.05288750250809,80.2076757207439,101639741.0,0.010925491346164716
2021-03-16 00:00:00+05:30,2528.849239672709,2558.5953137744896,2503.631821760328,2537.048583984375,654829,0.0,0.0,2478.62392578125,2531.8582704548426,50.764493272959754,-22.912842839398763,15.312035730487466,-38.22487856988623,78.4045197413321,100984912.0,0.0032423223112847143
2021-03-17 00:00:00+05:30,2542.7685715505027,2544.532224011232,2507.492729168502,2523.65283203125,634977,0.0,0.0,2474.8126953125,2531.5364885558783,49.17443424918581,-19.837412350079376,14.709972975845481,-34.54738532592486,75.44987510515435,100349935.0,-0.00751768750531491
2021-03-18 00:00:00+05:30,2541.386506734367,2572.228898018689,2512.212334900893,2540.43310546875,1066000,0.0,0.0,2473.339697265625,2531.885375493638,51.234961586260646,-15.863222349471926,14.947330381162349,-30.810552730634274,74.34749567729074,101415935.0,-0.0003751500462800043
2021-03-19 00:00:00+05:30,2520.7930164498403,2552.255259090856,2478.8433595951533,2537.4775390625,906718,0.0,0.0,2473.878381347656,2532.1046760257505,50.84397484898667,-12.804534941523343,14.404814231288746,-27.20934917281209,74.28066737859488,100509217.0,0.006618759455370676
2021-03-22 00:00:00+05:30,2543.674853603187,2566.5564864691823,2526.561345574962,2552.112548828125,694227,0.0,0.0,2478.273583984375,2532.889298488589,52.76612013105187,-9.094741635571154,14.49168602979275,-23.586427665363903,71.83170120076574,101203444.0,0.003317128057065113
2021-03-23 00:00:00+05:30,2554.161654561182,2589.437496748104,2541.76743973875,2576.804931640625,1134037,0.0,0.0,2488.7800537109374,2534.6114801808253,55.89946352257014,-4.114801907852325,15.577300606009263,-19.692102513861588,70.10586947256313,102337481.0,0.008865248226950364
2021-03-24 00:00:00+05:30,2574.183177461011,2580.380285110454,2506.539410517189,2536.666748046875,1149589,0.0,0.0,2495.7374877929688,2534.6920789206706,50.08341881045492,-3.368153782128502,13.059158985386471,-16.427312767514973,70.37265555264838,101187892.0,-0.0145741102430556
2021-03-25 00:00:00+05:30,2512.736601248781,2527.466603365166,2429.266278903977,2460.2041015625,1119611,0.0,0.0,2497.8659423828126,2531.77098176937,41.27357049558087,-8.84437387289745,6.066351115694021,-14.91072498859147,73.0174993808466,100068281.0,-0.020906488829817396
2021-03-26 00:00:00+05:30,2497.911348889442,2498.8170335509367,2432.1743773102053,2441.231689453125,676278,0.0,0.0,2498.275927734375,2528.22042128638,39.42065257914999,-14.547537885810016,0.29054968222516386,-14.83808756803518,72.56215344221528,99392003.0,-0.0226908210579676
2021-03-30 00:00:00+05:30,2454.054873310346,2530.040908110632,2441.994440329157,2516.931640625,980304,0.0,0.0,2505.0140869140623,2527.7777240055416,49.21692526782077,-12.811302327961585,1.6214281920588771,-14.432730520020462,73.72265810057267,100372307.0,0.025621581651855116
2021-03-31 00:00:00+05:30,2512.2122861349367,2525.273836667549,2459.8706507741863,2482.609130859375,829495,0.0,0.0,2507.2927124023436,2526.0064066272607,45.61517388984999,-14.042984053652162,0.3117971730946394,-14.354781226746802,73.12841008571381,99542812.0,-0.01178369974501893
2021-04-01 00:00:00+05:30,2489.13992891545,2525.5598086328628,2468.2128188810443,2508.54150390625,744423,0.0,0.0,2508.6679809570314,2525.3215084813387,48.671540119497216,-12.779263520996665,1.2604141646001104,-14.039677685596775,72.00116577604743,100287235.0,0.007794489480249262
2021-04-05 00:00:00+05:30,2475.029929146649,2481.7037386628385,2390.177208155104,2399.90185546875,1205767,0.0,0.0,2504.7661987304687,2520.403090716139,38.827057410534415,-20.309947155428745,-5.016215575865575,-15.29373157956317,75.3128179174053,99081468.0,-0.030354410180325364
2021-04-06 00:00:00+05:30,2416.6816796498847,2434.0335368853016,2362.576155475094,2370.727783203125,916830,0.0,0.0,2499.6845947265624,2514.5334708136684,36.681415310740746,-28.305879446837935,-10.409718293819811,-17.896161153018124,75.03742959544104,98164638.0,-0.019015287298167146
2021-04-07 00:00:00+05:30,2383.503213158855,2428.5037072704968,2373.96920030622,2419.923095703125,684434,0.0,0.0,2497.32255859375,2510.8232600250194,42.456162516897265,-30.323512245556685,-9.94188087403085,-20.381631371525835,73.80446491477495,98849072.0,0.015279980468749914
2021-04-08 00:00:00+05:30,2439.277154261301,2474.076300687151,2429.26644090592,2434.033447265625,760845,0.0,0.0,2495.8805419921873,2507.811894818769,44.03280814013683,-30.433099501725792,-8.041174504159965,-22.391924997565827,72.40080349105521,99609917.0,-0.0021496970881375193
2021-04-09 00:00:00+05:30,2431.173182020887,2455.0082132171706,2397.8041383460904,2404.0966796875,719036,0.0,0.0,2492.4912109375,2503.7446314802883,41.43867150415499,-32.560260725734224,-8.134668582534715,-24.42559214319951,71.31532287527462,98890881.0,-0.01113721660539211
2021-04-12 00:00:00+05:30,2373.969103818208,2393.0371287484745,2283.538902480828,2314.095458984375,1050225,0.0,0.0,2480.807263183594,2496.307409029468,34.800735456171616,-41.035367487520034,-13.287820275456419,-27.747547212063616,74.8326410420079,97840656.0,-0.025220903143825465
2021-04-13 00:00:00+05:30,2314.095557144188,2388.2225072049328,2307.4217481355035,2377.639892578125,720904,0.0,0.0,2473.95947265625,2491.653780933337,41.87968760354768,-42.13869725651193,-11.51292003555865,-30.62577722095328,75.25893518684677,98561560.0,0.02745968516198894
2021-04-15 00:00:00+05:30,2359.6681722645494,2373.873758256629,2267.188247937413,2300.176025390625,1979939,0.0,0.0,2461.7154296875,2484.144849343427,36.65494187546034,-48.702370130291456,-14.461274327470534,-34.24109580282092,77.77270014796339,96581621.0,-0.025212081755050502
2021-04-16 00:00:00+05:30,2302.464051965147,2354.805688239632,2302.464051965147,2321.38916015625,789681,0.0,0.0,2450.9324584960937,2477.7622732968707,38.90282244974131,-51.5976202337979,-13.885219544781577,-37.71240068901632,76.11962605510372,97371302.0,0.00821950213509323
2021-04-19 00:00:00+05:30,2264.327998155105,2274.8154120412973,2210.0795594312126,2259.894775390625,882318,0.0,0.0,2437.7445556640623,2469.2184498495667,35.022861012810864,-58.183506475867944,-16.376884629481296,-41.80662184638665,78.63319567449354,96488984.0,-0.0019578536184210117
2021-04-20 00:00:00+05:30,2288.020143811723,2292.405650020053,2210.842124359017,2230.958984375,1040931,0.0,0.0,2422.270849609375,2459.874941399584,33.33797658319806,-64.98859718556423,-18.54558027134206,-46.44301691422217,78.842504959255,95448053.0,-0.024939098368977605
2021-04-22 00:00:00+05:30,2218.3740494438225,2238.681542387188,2196.350387717473,2228.9091796875,834721,0.0,0.0,2406.842431640625,2450.8174605481295,33.21606961112085,-69.74312734987825,-18.640088348524863,-51.10303900135339,76.23455136704763,94613332.0,0.0047490324034032
2021-04-23 00:00:00+05:30,2202.35701843966,2247.309796944206,2196.732043835821,2209.31689453125,962271,0.0,0.0,2389.7026489257814,2441.346850116095,32.01117725835118,-74.23631045575257,-18.50661716351935,-55.72969329223322,74.40192291993675,93651061.0,0.0031601942978895774
2021-04-26 00:00:00+05:30,2220.948376496074,2265.424454999638,2220.948376496074,2259.418212890625,1330072,0.0,0.0,2373.8333129882812,2434.212393754312,38.18614352843526,-72.9139264051255,-13.747386490313815,-59.16653991481168,73.09518274478405,94981133.0,0.017321355508156198
2021-04-27 00:00:00+05:30,2259.417914638094,2294.8366759198884,2256.414561216048,2288.25830078125,523800,0.0,0.0,2361.412890625,2428.4887038337997,41.48092510813494,-68.74630879691858,-7.663815105685515,-61.08249369123307,70.61853502749977,95504933.0,0.012764520435244798
2021-04-28 00:00:00+05:30,2314.8583766468623,2421.63932318082,2297.840070187416,2403.71533203125,1681975,0.0,0.0,2358.5884521484377,2427.517199057229,52.41576383612469,-55.48740010049596,4.476074872589685,-59.963474973085646,75.10156983991497,97186908.0,0.03838548236073927
2021-04-29 00:00:00+05:30,2408.2912972770323,2428.551071650404,2338.597580327053,2348.131591796875,1170842,0.0,0.0,2353.933447265625,2424.404037988196,47.786302877087756,-48.90106173765889,8.849930588341408,-57.7509923260003,76.16242137447348,96016066.0,-0.024980244519497163
2021-04-30 00:00:00+05:30,2328.205762874332,2355.139347150008,2301.5105289019807,2308.803955078125,646257,0.0,0.0,2343.527062988281,2419.870701403487,44.77315158625895,-46.320795445334625,9.144157504532544,-55.46495294986717,74.5528782939745,95369809.0,-0.008333373323607784
2021-05-03 00:00:00+05:30,2271.478379863964,2303.6556706595184,2257.177361732606,2284.587646484375,461085,0.0,0.0,2333.6259887695314,2414.5654835635223,42.97618443685326,-45.703132278538305,7.809456537063092,-53.5125888156014,72.91528651190555,94908724.0,0.005771248688352443
2021-05-04 00:00:00+05:30,2286.6376035265826,2304.228043866721,2246.3089144177534,2257.654296875,623484,0.0,0.0,2321.0816284179687,2408.4121036933843,41.00500373945774,-46.846904042296956,5.332547818643555,-52.17945186094051,71.84413243595928,94285240.0,-0.012675076543341563
2021-05-05 00:00:00+05:30,2266.2348601213293,2275.95950669989,2246.7378503470413,2261.84912109375,382620,0.0,0.0,2314.178991699219,2402.6645357483008,41.45539869450543,-46.87452381648336,4.243942435565728,-51.11846625204909,68.79966985853589,94667860.0,-0.0019352535364955707
2021-05-06 00:00:00+05:30,2273.670969551739,2333.878155374117,2266.2343944852846,2329.397216796875,628779,0.0,0.0,2312.1124633789063,2399.791307554127,48.30006615536333,-40.97352855422696,8.115950158257704,-49.08947871248466,69.03033874581364,95296639.0,0.02450937184465295
2021-05-07 00:00:00+05:30,2335.833242598513,2342.554768482055,2291.118813631512,2304.513916015625,464237,0.0,0.0,2306.342004394531,2396.0549392584994,46.15913489290856,-37.8682995244194,8.976943350452217,-46.845242874871616,67.77359703898783,94832402.0,-0.01340820312499995
2021-05-10 00:00:00+05:30,2314.047965770674,2335.833279462279,2304.8954525789354,2333.21142578125,350564,0.0,0.0,2301.3009033203125,2393.5904877495877,48.9685371233865,-32.714620166207624,11.304498166931197,-44.01911833313882,65.16972321092402,95182966.0,0.008281358162856226
2021-05-11 00:00:00+05:30,2298.1737556232515,2362.432907955953,2298.1737556232515,2356.045166015625,500446,0.0,0.0,2298.898327636719,2392.118122191393,51.15257947395369,-26.482526061548015,14.029273817272646,-40.51179987882066,65.10468243390719,95683412.0,0.02518147735817264
2021-05-12 00:00:00+05:30,2349.1806477665277,2369.20207374181,2324.5351326866016,2341.982421875,334233,0.0,0.0,2300.29267578125,2390.1520162966326,49.74065255435514,-22.41985042881288,14.47355956000623,-36.89340998881911,63.64484376398083,95349179.0,-0.003064143193232673
2021-05-14 00:00:00+05:30,2340.7908373541472,2343.0791401444158,2288.163131873847,2302.65478515625,429170,0.0,0.0,2296.543420410156,2386.720752330343,45.92307313771676,-22.11859295703971,11.81985362542352,-33.93844658246323,63.02135551444375,94920009.0,-0.016291952099831076
2021-05-17 00:00:00+05:30,2304.3708513980782,2373.9214269427125,2297.7447591766845,2368.58251953125,577279,0.0,0.0,2299.9637451171875,2386.00944908332,52.50402074520419,-16.37130880015684,14.053710225845112,-30.42501902600195,63.961020675281915,95497288.0,0.027865162456040482
2021-05-18 00:00:00+05:30,2383.5031532238786,2463.4934259404804,2376.448076995928,2452.005126953125,1022419,0.0,0.0,2306.4945434570313,2388.597514882136,59.26012595480046,-5.027088326778085,20.318344559379092,-25.345432886157177,66.17172679915879,96519707.0,0.028740039062500087
2021-05-19 00:00:00+05:30,2431.173522807353,2493.144612604404,2421.973292581549,2445.1884765625,1086010,0.0,0.0,2315.759228515625,2390.816768281366,58.52751803470625,3.374344073645716,22.975821567842313,-19.601477494196597,66.52884060085489,95433697.0,0.005764686734068842
2021-05-20 00:00:00+05:30,2445.4739078455523,2461.681727117823,2403.714891638324,2412.677001953125,509274,0.0,0.0,2324.8451293945313,2391.6740323469253,55.03303577281416,7.324700896322156,21.540942712415003,-14.216241816092847,65.91726880646674,94924423.0,-0.013411267970272948
2021-05-21 00:00:00+05:30,2431.173329773937,2440.2306421789776,2396.4218987305558,2404.76416015625,743110,0.0,0.0,2333.6378784179688,2392.187370692389,54.185061258668725,9.705013581046387,19.137004317711387,-9.431990736665,64.33808842373585,94181313.0,-0.01086272594975474
2021-05-24 00:00:00+05:30,2422.5924928096124,2458.821739061783,2408.863608388062,2432.317138671875,850202,0.0,0.0,2344.787890625,2393.7610870837416,56.687662774475655,13.657290881366407,18.471425294425124,-4.814134413058719,63.603766315287,95031515.0,0.004014148434425471
2021-05-25 00:00:00+05:30,2445.4742808568103,2511.2589691137773,2445.4742808568103,2502.72607421875,1018896,0.0,0.0,2356.9532836914063,2398.034223834134,62.34770820636862,22.214833016338616,21.62317394351787,0.5916590728207476,64.69934232433896,96050411.0,0.02341132507919103
2021-05-26 00:00:00+05:30,2516.979334773116,2532.3766720677454,2485.5648097044063,2510.7822265625,1026040,0.0,0.0,2368.079479980469,2402.4557141372075,62.944395479828884,29.30895558236989,22.973837207639313,6.335118374730576,63.421665184258856,97076451.0,-0.002462121212121392
2021-05-27 00:00:00+05:30,2525.5596814382343,2552.254914009118,2468.498528712388,2482.704345703125,1507004,0.0,0.0,2372.0289306640625,2405.6027192966553,59.41060593727967,32.2931926742981,20.766459439654017,11.52673323464408,64.87414519230164,95569447.0,-0.01696864898900524
2021-05-28 00:00:00+05:30,2507.445514246156,2583.717621143377,2503.7273421405152,2515.501708984375,2284342,0.0,0.0,2380.3974365234376,2409.9124835981347,62.08804204041193,36.879570456228976,20.282269777267917,16.59730067896106,67.45551163859892,97853789.0,0.003212909190826794
2021-05-31 00:00:00+05:30,2515.501159959817,2560.835430155152,2493.525217403648,2551.4443359375,838679,0.0,0.0,2392.5294555664063,2415.462752317326,64.82633399841572,42.91982448156705,21.05801904208479,21.861805439482257,67.44513314666351,98692468.0,0.014288673982665626
2021-06-01 00:00:00+05:30,2488.37731109576,2577.997030345952,2488.37731109576,2541.5771484375,1126551,0.0,0.0,2405.3789306640624,2420.408414910274,63.47099757446325,46.37597635917882,19.61133673575725,26.764639623421573,69.02903215406641,97565917.0,0.021379329052921402
2021-06-02 00:00:00+05:30,2522.270982139062,2568.4632308855967,2515.1681886509946,2552.970458984375,659428,0.0,0.0,2420.144738769531,2425.606926442592,64.39660804853888,49.46415458202546,18.159611966883105,31.304542615142353,67.90517573124227,98225345.0,0.01217136345091577
2021-06-03 00:00:00+05:30,2555.3060393783526,2645.211825765231,2553.256319751779,2638.7763671875,1265747,0.0,0.0,2438.991101074219,2433.966512354157,70.46622577518723,58.16488911946726,21.488277203459923,36.67661191600734,69.64347509193652,99491092.0,0.03266549153910889
2021-06-04 00:00:00+05:30,2638.490402488564,2645.688628914625,2597.160595457427,2616.705322265625,621362,0.0,0.0,2453.3565063476562,2441.132740193823,67.28860633961546,62.55820303259043,20.705272893266468,41.85293013932396,68.13522926087768,98869730.0,-0.008256645619173712
2021-06-07 00:00:00+05:30,2622.091708689251,2667.521183775297,2617.181785505502,2626.095947265625,602326,0.0,0.0,2469.4356079101562,2448.3861992946777,67.95081394337926,66.03645378466581,19.346818916273477,46.68963486839233,66.89813156435832,99472056.0,0.0015271161428505986
2021-06-08 00:00:00+05:30,2636.1545330274,2649.5021509161456,2617.0865074720477,2635.010498046875,441932,0.0,0.0,2484.5255615234373,2455.7047992457447,68.60065237088187,68.72015909394531,17.624419380442383,51.09573971350293,64.43509669861685,99913988.0,-0.00043397872400559393
2021-06-09 00:00:00+05:30,2637.298648253668,2645.164209034578,2591.4401850560903,2601.8798828125,471760,0.0,0.0,2496.8172973632813,2461.437155464049,63.451398496452185,67.39674341620639,13.040802962162765,54.355940454043626,63.670020075748006,99442228.0,-0.01342994107422046
2021-06-10 00:00:00+05:30,2601.879922729312,2626.6206404669365,2565.6029558971054,2578.998291015625,571287,0.0,0.0,2508.6680908203125,2466.0473960739146,60.09630047733712,63.766513059068075,7.5284580840195545,56.23805497504852,63.48056753961051,98870941.0,-0.008794268910643945
2021-06-11 00:00:00+05:30,2594.585869021327,2624.2844553322543,2584.5276728188696,2618.4208984375,596669,0.0,0.0,2524.456396484375,2472.0228275391532,63.66143246209373,63.34045496038698,5.681919988270764,57.658534972116215,62.18096730939394,99467610.0,0.009186448481338306
2021-06-14 00:00:00+05:30,2612.319528537624,2642.685452659249,2584.670891191788,2617.038818359375,525550,0.0,0.0,2536.8792114257812,2477.7097291399464,63.44741513807005,62.17456880891632,3.6128270694400797,58.56174173947624,61.88336689211226,98942060.0,0.0018065515225822012
2021-06-15 00:00:00+05:30,2617.0861995304303,2657.1767650960646,2612.9388113545538,2634.72412109375,646742,0.0,0.0,2546.0151611328124,2483.86715627539,65.06581956198495,61.96337652878037,2.7213078314432977,59.242068697337075,60.62298023849483,99588802.0,0.006739526411657487
2021-06-16 00:00:00+05:30,2622.806852575334,2648.2149029161737,2597.351085618947,2613.320556640625,312868,0.0,0.0,2554.421765136719,2488.9437602112816,61.51592996552397,59.38437029561783,0.11384127862459792,59.27052901699323,59.92589717125985,99275934.0,-0.0036168488447382943
2021-06-17 00:00:00+05:30,2593.251300257129,2643.68613133669,2540.5281666071965,2549.156494140625,701970,0.0,0.0,2561.245739746094,2491.3050438947853,52.3033390122195,51.56853569361783,-6.1615946587003165,57.73013035231815,63.013901996854365,98573964.0,-0.017003676470588067
2021-06-18 00:00:00+05:30,2549.299259083866,2588.484139718894,2520.983291290561,2581.38134765625,649498,0.0,0.0,2570.0765991210938,2494.837447963863,55.87722577339797,47.427986520150625,-8.241715065734027,55.66970158588465,63.33439817053203,99223462.0,0.012584669476549811
2021-06-21 00:00:00+05:30,2537.954137262865,2614.226237556265,2537.954137262865,2572.70556640625,528922,0.0,0.0,2577.0960205078127,2497.891099667486,54.689117418333005,42.9513915236148,-10.174648049815886,53.12603957343069,64.25851975073854,98694540.0,0.013692693903784917
2021-06-22 00:00:00+05:30,2574.183300554611,2630.767756211279,2572.276498109756,2591.53515625,477522,0.0,0.0,2581.536474609375,2501.563415611898,56.83435971711007,40.456688747213775,-10.135480660973535,50.59216940818731,63.84657249007959,99172062.0,0.0067407226562500805
2021-06-23 00:00:00+05:30,2594.2044976954007,2634.247345509883,2582.382416684324,2601.450439453125,432919,0.0,0.0,2586.0698852539062,2505.48055380175,57.9629973281982,38.83206741156755,-9.408081597295812,48.24014900886336,62.99074079975535,99604981.0,0.0027931266652884553
2021-06-24 00:00:00+05:30,2601.4508074114083,2607.552482454887,2568.463030249896,2580.618896484375,402741,0.0,0.0,2590.965612792969,2508.4271554755787,54.72551653944163,35.45490974753966,-10.228191409058965,45.683101156598624,61.2835059001269,99202240.0,-0.008007805055426828
2021-06-25 00:00:00+05:30,2575.1367689072813,2598.018398842037,2557.975546456215,2594.01416015625,455803,0.0,0.0,2594.8912353515625,2511.783508600311,56.41146071909455,33.47351198746719,-9.767671335305145,43.241183322772336,59.76631636338883,99658043.0,0.007330636367317698
2021-06-28 00:00:00+05:30,2596.5884297413163,2624.666051356641,2586.1964487201703,2612.74853515625,243077,0.0,0.0,2597.9564453125,2515.7429214064264,58.72637506513769,33.03415035792341,-8.165626371879142,41.19977672980255,58.24512252574996,99901120.0,0.006223591397787919
2021-06-29 00:00:00+05:30,2612.319510040081,2620.9001215694097,2574.18345879862,2579.0458984375,290136,0.0,0.0,2599.8298828125,2518.2253910939194,53.24773117829613,29.624934182193556,-9.259874038087197,38.88480822028075,57.42166111468043,99610984.0,-0.012737190636405066
2021-06-30 00:00:00+05:30,2581.3814331361395,2598.0182373140374,2540.9570831063443,2546.677490234375,391735,0.0,0.0,2599.515234375,2519.3411596876626,48.56198800008263,24.03419453905417,-11.880490944981268,35.91468548403544,57.39591062132416,99219249.0,-0.013443942245916935
2021-07-01 00:00:00+05:30,2555.115461001244,2582.764098452377,2543.5792122694866,2550.634521484375,463026,0.0,0.0,2595.1081420898436,2520.568350346357,49.151091804265576,19.69575207461139,-12.97514672753924,32.67089880215063,56.09512316143474,99682275.0,-0.0017537131238340056
2021-07-02 00:00:00+05:30,2549.394948702027,2565.6982032222795,2518.8861086278066,2537.000732421875,621222,0.0,0.0,2591.122912597656,2521.2127574865735,47.147549350187674,14.984638741932486,-14.149008048174519,29.133646790107004,55.43204969236543,99061053.0,-0.0048616305160807125
2021-07-05 00:00:00+05:30,2550.9677963310414,2593.251232137097,2546.6774909837554,2575.184326171875,489159,0.0,0.0,2588.5773315429688,2523.3292895918794,52.93406324800239,14.168815105309932,-11.97186534783766,26.140680453147592,55.4905104082838,99550212.0,0.009493075481259808
2021-07-06 00:00:00+05:30,2577.996994831997,2603.881745812829,2567.9385650338327,2584.813720703125,331769,0.0,0.0,2586.067492675781,2525.7404437531045,54.29312826277852,14.136325892724926,-9.603483648338134,23.73980954106306,54.094272577619314,99881981.0,0.0026441946537536726
2021-07-07 00:00:00+05:30,2589.9621725201123,2611.2705504724368,2571.1324981213884,2584.52783203125,517132,0.0,0.0,2585.1998901367188,2528.0458315287183,54.2430487301834,13.926967716530271,-7.85027345962623,21.7772411761565,53.09739970429209,99364849.0,-0.0020982316060525743
2021-07-08 00:00:00+05:30,2579.045899603779,2609.459307377004,2579.045899603779,2602.1181640625,509968,0.0,0.0,2586.3558837890623,2530.950628882984,56.878591753778316,15.007446142613844,-5.415836026834125,20.42328216944797,51.4771145663576,99874817.0,0.008946046467131681
2021-07-09 00:00:00+05:30,2612.319407584828,2636.154438675931,2560.8834570430245,2585.76708984375,971880,0.0,0.0,2584.723193359375,2533.1002940187004,53.777797318388046,14.378590599815197,-4.835753255706219,19.214343855521417,53.1766764996836,98902937.0,-0.010164269217609285
2021-07-12 00:00:00+05:30,2593.25119083318,2616.085102376144,2578.950173236673,2583.240478515625,273843,0.0,0.0,2583.0332763671877,2535.066575763678,53.29431360788074,13.520485887973337,-4.555086374038467,18.075572262011804,52.030837402524874,98629094.0,-0.0038602941176471774
2021-07-13 00:00:00+05:30,2598.018333863551,2616.943441254347,2574.1833032776467,2580.571044921875,488409,0.0,0.0,2580.3256225585938,2536.8510647502744,52.75467236655696,12.481155745713295,-4.475533213038808,16.956688958752103,51.36864458639418,98140685.0,-0.006715614248853274
2021-07-14 00:00:00+05:30,2583.1929447802127,2587.53096697772,2562.361267331574,2574.183349609375,830881,0.0,0.0,2578.368762207031,2538.3150759212194,51.413118965083896,11.015070615073455,-4.75329467494292,15.768365290016375,49.49729137637551,97309804.0,-0.0034877747668996613
2021-07-15 00:00:00+05:30,2583.71730574918,2585.0044905015434,2528.4200349988287,2543.19775390625,730937,0.0,0.0,2578.0708251953124,2538.50655348926,45.38404543246913,7.269115136230539,-6.7994001230286685,14.068515259259208,50.003517385399974,96578867.0,-0.015682656826568293
2021-07-16 00:00:00+05:30,2543.1977172466777,2546.820688382616,2486.279711795862,2495.289306640625,1037591,0.0,0.0,2573.766223144531,2536.8117594951964,37.9700155306921,0.42965433661811403,-10.911088738112875,11.34074307473099,50.75619304263987,95541276.0,-0.018837863167760083
2021-07-19 00:00:00+05:30,2487.4238516896926,2495.2894119719613,2451.194604328938,2459.536865234375,561172,0.0,0.0,2568.1077880859375,2533.781371484968,33.563487828520984,-7.785840525532876,-15.301266880211093,7.515426354678217,50.280379799809914,94980104.0,-0.011211192027596791
2021-07-20 00:00:00+05:30,2459.775312465777,2479.7967394277084,2419.3986749869564,2435.79736328125,890122,0.0,0.0,2560.3208984375,2529.938861359332,30.99160936130811,-16.02750371549564,-18.834344056139088,2.8068403406434457,51.003071559877476,94089982.0,-0.00974802416424391
2021-07-22 00:00:00+05:30,2464.4946167608814,2464.4946167608814,2411.151861165707,2440.802734375,1321161,0.0,0.0,2552.2885131835938,2526.4433269677893,32.17177554700681,-21.902708763223927,-19.7676392830939,-2.135069480130029,51.17019184811302,95411143.0,-0.009613282262722067
2021-07-23 00:00:00+05:30,2446.380087787987,2457.868620327967,2423.5461725654354,2430.839599609375,379798,0.0,0.0,2544.7995483398436,2522.694161189028,31.03408381115527,-27.050966103708106,-19.93271729886246,-7.118248804845646,49.9667815562854,95031345.0,-0.0063524422293118835
2021-07-26 00:00:00+05:30,2426.2158089965,2464.542496823705,2421.639435950565,2443.75830078125,309303,0.0,0.0,2537.286755371094,2519.598637251468,34.279411449530144,-29.74567627865372,-18.101941979046458,-11.64373429960726,49.46223007891771,95340648.0,0.007230392168619833
2021-07-27 00:00:00+05:30,2446.523207549329,2476.9366163925088,2424.165760501182,2451.528564453125,492846,0.0,0.0,2529.2257568359373,2516.9292226319253,36.22337083371392,-30.898084284872766,-15.403479988212403,-15.494604296660363,49.69856049408986,95833494.0,0.0020459061611803678
2021-07-28 00:00:00+05:30,2456.438555611013,2456.438555611013,2405.4315838566217,2431.5546875,383896,0.0,0.0,2521.8511962890625,2513.5812016463597,33.481762850067526,-33.042210835465994,-14.038085231044505,-19.00412560442149,49.79201844125426,95449598.0,-0.010130059249466234
2021-07-29 00:00:00+05:30,2431.172973033524,2440.6592680813933,2400.664135724868,2410.341064453125,341346,0.0,0.0,2515.034375,2509.5325688152525,30.814257143085623,-36.03778748328341,-13.626929503089535,-22.410857980193875,49.09224086377344,95108252.0,-0.008568665747548972
2021-07-30 00:00:00+05:30,2410.341270134555,2444.23473102716,2392.08372935527,2412.343505859375,606230,0.0,0.0,2508.11982421875,2505.7212330130615,31.370084804843348,-37.81432329194877,-12.322772249403915,-25.491551042544852,49.31072377863895,95714482.0,0.0008306855753700547
2021-08-02 00:00:00+05:30,2439.5632429881525,2493.1443483970825,2417.158312897395,2481.322265625,691444,0.0,0.0,2505.335900878906,2504.7644107625492,47.12774216141985,-33.27268449074563,-6.224906758560621,-27.04777773218501,51.560017975715745,96405926.0,0.017117417536467724
2021-08-03 00:00:00+05:30,2488.1868388520998,2531.185099198567,2466.5446752028934,2525.84619140625,678468,0.0,0.0,2502.868994140625,2505.5911472583807,54.404861278604834,-25.783478421888503,1.0114394482372084,-26.794917870125712,52.4943326914272,97084394.0,0.01513525912367739
2021-08-04 00:00:00+05:30,2534.1406108764654,2554.8293721701766,2512.6890820033577,2518.695556640625,548192,0.0,0.0,2499.5630859375,2506.1050456655275,53.139868825904124,-20.192459022498497,5.281967078101772,-25.47442610060027,51.75475822538362,96536202.0,-0.006094789756160588
2021-08-05 00:00:00+05:30,2526.513383301376,2628.5273199101484,2518.886173087636,2604.835205078125,2173169,0.0,0.0,2500.5784545898437,2509.976816622884,63.99924770097813,-8.710378318304265,13.411238225836804,-22.12161654414107,55.90311572853716,98709371.0,0.030999963148584796
2021-08-06 00:00:00+05:30,2607.2664823627606,2630.767964010319,2607.2664823627606,2619.3271484375,799082,0.0,0.0,2501.4389038085938,2514.2650649293396,65.44988615191966,1.540869889642181,18.9299891470266,-17.38911925738442,53.76237595736944,99508453.0,0.0046257895601871
2021-08-09 00:00:00+05:30,2634.3404739173,2656.165399547897,2606.51968959698,2618.03173828125,516622,17.0,0.0,2503.052136230469,2518.3343462372577,65.19699099405487,9.451577277823617,21.47255722816643,-12.020979950342813,53.46832838547995,98991831.0,-0.006190823015294934
2021-08-10 00:00:00+05:30,2618.079771591033,2642.015192816935,2598.941037352816,2623.164306640625,733892,0.0,0.0,2505.0483276367186,2522.4453250766055,65.76148414583497,15.951150316858275,22.37770421376087,-6.426553896902596,52.7258874625255,99725723.0,0.0019420856097528514
2021-08-11 00:00:00+05:30,2624.3153329872225,2638.177710843373,2588.292168674699,2607.71875,361517,0.0,0.0,2506.405712890625,2525.7893809559546,62.477370824786355,19.629504728623033,20.844846900420503,-1.2153421717974702,52.5230056558218,99364206.0,-0.006324157306329058
2021-08-12 00:00:00+05:30,2622.8284265878565,2628.488423508588,2495.236553604614,2510.154296875,2248827,0.0,0.0,2503.2042602539063,2525.1762404037604,46.63469862460701,14.50478893608988,12.576104886309881,1.92868404978,58.28935310211903,97115379.0,-0.042959016522265935
2021-08-13 00:00:00+05:30,2470.2939925475184,2522.0021886479703,2420.6482783283595,2443.24072265625,4134045,0.0,0.0,2498.206408691406,2521.9630828450345,39.27829405391865,4.986566495018451,2.4463059561907605,2.5402605388276904,61.36539290336877,92981334.0,-0.010951437348300976
2021-08-16 00:00:00+05:30,2450.147929737273,2452.594287159732,2381.075631013278,2394.362548828125,1022752,0.0,0.0,2493.1600708007813,2516.9591403345676,34.942258543341424,-6.426670839631697,-7.17354510276751,0.746874263135813,62.09062599216067,91958582.0,-0.022768168497944448
2021-08-17 00:00:00+05:30,2392.5873734557363,2436.716891971761,2370.714434826889,2413.35693359375,1298630,0.0,0.0,2490.85107421875,2512.896308697673,37.8151533472722,-13.78020591152017,-11.621664139724786,-2.1585417717953836,62.37004250306865,93257212.0,0.008680794845128348
2021-08-18 00:00:00+05:30,2423.286171118012,2493.317798391018,2423.286171118012,2484.347900390625,1901521,0.0,0.0,2493.278601074219,2511.776763273867,47.19981700269229,-13.721386113259996,-9.25027547317169,-4.471110640088306,63.6265298097973,95158733.0,0.025197902748911122
2021-08-20 00:00:00+05:30,2436.7170491081474,2524.784271190216,2418.7294724661087,2495.860107421875,2187864,0.0,0.0,2496.0314697265626,2511.152580691436,48.555667683029675,-12.600580455568888,-6.503575852384465,-6.097004603184423,66.65712044653395,97346597.0,0.02427161509596458
2021-08-23 00:00:00+05:30,2513.4640886798597,2515.8144185613583,2431.920406413528,2440.554443359375,1271399,0.0,0.0,2496.5172119140625,2508.3840262862573,42.86139291107848,-15.990707851758543,-7.9149625988592955,-8.075745252899248,67.88832699662665,96075198.0,-0.029007633587786363
2021-08-24 00:00:00+05:30,2453.409359546622,2470.293791378814,2415.611559880332,2444.295654296875,1277071,0.0,0.0,2496.544079589844,2505.8707567964775,43.34541017948518,-18.166116103311197,-8.072296680329558,-10.093819422981639,66.94503446104481,97352269.0,-0.003714710394449285
2021-08-25 00:00:00+05:30,2454.944423012272,2478.2083551178007,2437.868170335464,2474.61083984375,721584,0.0,0.0,2497.698193359375,2504.6448777002925,47.2450721182856,-17.24516912169156,-5.721079758967935,-11.524089362723625,65.04468805542268,98073853.0,0.008010941774130545
2021-08-26 00:00:00+05:30,2460.2207992664657,2479.887216261967,2442.952725807001,2473.891357421875,440543,0.0,0.0,2499.8150268554687,2503.4388572972175,47.162100484861554,-16.38449792904248,-3.8883268530550836,-12.496171075987398,63.03681679824707,97633310.0,0.005556638720998228
2021-08-27 00:00:00+05:30,2465.689133598882,2481.4224087308485,2444.0082471725186,2471.349365234375,541875,0.0,0.0,2502.865441894531,2502.1804458437728,46.84905126123832,-15.726244970510379,-2.584059115618384,-13.142185854891995,61.20662713825288,97091435.0,0.002295598240006559
2021-08-30 00:00:00+05:30,2475.7623772096263,2502.1441599280506,2442.2815902813704,2450.10009765625,926194,0.0,0.0,2504.753271484375,2500.1380792481837,44.207437773885246,-16.72640151953965,-2.8673725317181216,-13.859028987821528,61.11062303171197,96165241.0,-0.010365404931267927
2021-08-31 00:00:00+05:30,2450.1481455427124,2588.19672771629,2441.51410744174,2570.30517578125,2381821,0.0,0.0,2509.2024169921874,2502.889730092618,58.47235630357173,-7.73037661186072,4.902921900768646,-12.633298512629366,67.2229085490578,98547062.0,0.049040720438527835
2021-09-01 00:00:00+05:30,2571.024584130457,2654.486949361557,2553.804522284624,2593.233154296875,1997385,0.0,0.0,2512.5717651367186,2506.432609473177,60.544537652800315,1.2348990419754955,11.09455804368389,-9.859659001708394,69.61287415819186,100544447.0,0.008638023262593324
2021-09-02 00:00:00+05:30,2593.0893328534844,2636.067700862188,2577.3082773929773,2622.061279296875,898434,0.0,0.0,2517.7400512695312,2510.967067113322,63.04165148919477,10.544581972565538,16.323392779419144,-5.778810806853608,68.83762768040745,101442881.0,0.011172752930771317
2021-09-03 00:00:00+05:30,2627.289583045724,2740.827271254285,2602.6826695529835,2688.639404296875,2305890,0.0,0.0,2521.9302612304687,2517.934609747971,68.06804573788513,23.029402422771,23.046570583699687,-0.017168160928686227,73.78812582475719,103748771.0,0.02335099322398643
2021-09-06 00:00:00+05:30,2688.6389672177115,2770.5662837228424,2688.6389672177115,2729.21875,1197932,0.0,0.0,2527.424841308594,2526.2202623068742,70.68497744593367,35.78561237662507,28.642224430043,7.143387946582065,74.36949658764105,104946703.0,0.015093057594222744
2021-09-07 00:00:00+05:30,2729.219105835403,2762.89194510163,2691.900971512213,2708.353515625,545226,0.0,0.0,2531.9409301757814,2533.362742829154,67.6165030228392,43.707517576919145,29.251303704269663,14.456213872649482,74.12817351633933,104401477.0,-0.007645260201275035
2021-09-08 00:00:00+05:30,2689.1190594881773,2708.353589132428,2649.930028642927,2686.14501953125,616049,0.0,0.0,2535.0899658203125,2539.3542046606085,64.41142323488154,47.64442916993403,26.550572237827637,21.09385693210639,73.00641544299371,103785428.0,-0.0011059532475640374
2021-09-09 00:00:00+05:30,2684.2261668127967,2717.7549636192216,2659.283393282728,2703.604736328125,456149,0.0,0.0,2539.8842651367186,2545.795401980903,65.78455149260625,51.57874552808789,24.3879108767852,27.190834651302694,71.96821222110083,104241577.0,0.007219425007818206
2021-09-13 00:00:00+05:30,2700.534780247326,2700.534780247326,2664.12797277012,2690.94140625,287427,0.0,0.0,2548.923620605469,2551.487402148319,63.86002031024242,53.063214970231,20.697904255142646,32.365310715088356,69.64739445945108,103954150.0,-0.00355239786856125
2021-09-14 00:00:00+05:30,2704.1803786290848,2753.2984079136777,2695.4023006682464,2705.619384765625,672701,0.0,0.0,2562.0425537109377,2557.5317936235074,65.1332747450452,54.7924446999923,17.941707187923157,36.850737512069145,69.12665211689583,104626851.0,0.0005321413275211136
2021-09-15 00:00:00+05:30,2705.619596975132,2735.982535152288,2687.2961570473967,2726.38916015625,412751,0.0,0.0,2578.6438842773437,2564.1536511345953,66.90982148936764,57.17968717241911,16.263159728279973,40.916527444139135,67.66663254460977,105039602.0,0.007676453557750037
2021-09-16 00:00:00+05:30,2751.379606925222,2766.153308897758,2727.923854817616,2743.896728515625,570872,0.0,0.0,2595.1708740234376,2571.202399267185,68.37269372671842,59.795028611992166,15.102800934282428,44.69222767770974,65.67359798724532,105610474.0,-0.0027196822971147644
2021-09-17 00:00:00+05:30,2748.789531078477,2815.6072880814263,2747.830193667303,2780.6875,1375879,0.0,0.0,2609.9878540039062,2579.417501256707,71.2491376434265,64.09753682565906,15.524247318359457,48.573289507299606,66.10480952857075,106986353.0,0.011604369327253637
2021-09-20 00:00:00+05:30,2739.963996048843,2742.3143261400483,2644.557691914096,2698.616455078125,1190719,0.0,0.0,2620.1256713867188,2584.0919700340173,58.47335605369563,60.19101361666526,9.294179287492518,50.89683432917274,71.10659513980895,105795634.0,-0.01509054171162216
2021-09-21 00:00:00+05:30,2695.738273953777,2743.6091197240976,2675.4003665587675,2738.332763671875,595121,0.0,0.0,2635.0145874023438,2590.140628608051,62.02230734585557,59.61266234511322,6.972662412752385,52.63999993236084,70.89960642734617,106390755.0,0.015800676990658156
2021-09-22 00:00:00+05:30,2743.7049842524,2762.4120636904845,2710.128175004556,2727.25244140625,424342,0.0,0.0,2649.1624267578127,2595.5175624432745,60.46963872073042,57.59629119840429,3.965033012834759,53.63125818556953,69.56991230295918,105966413.0,-0.005996469350961641
2021-09-23 00:00:00+05:30,2735.64665794686,2759.7258864619,2727.77990379729,2740.875,452680,0.0,0.0,2662.475634765625,2601.2178541121657,61.73784885013373,56.446845074433895,2.2524695110914905,54.194375563342405,66.92016464243704,106419093.0,0.001911190554508155
2021-09-24 00:00:00+05:30,2745.14392293919,2828.174620325392,2745.14392293919,2811.81787109375,806905,0.0,0.0,2679.371960449219,2609.476678307522,67.57242902612546,60.56227335430731,5.0943182327719185,55.46795512153539,68.3758400483624,107225998.0,0.024287960859688977
2021-09-27 00:00:00+05:30,2844.435718780805,2872.256506586756,2751.71584207145,2762.2685546875,1331462,0.0,0.0,2693.917919921875,2615.468516596933,60.61952337095003,59.14379137189371,2.940669000286654,56.20312237160706,72.10189893885844,105894536.0,-0.02888698224072502
2021-09-28 00:00:00+05:30,2764.810519932597,2824.912917251386,2748.022114624193,2765.81787109375,838118,0.0,0.0,2709.70380859375,2621.3645697144557,60.92964771979754,57.64157812039457,1.1507645990300048,56.490813521364565,72.44396348802519,106732654.0,0.0003643472686069165
2021-09-29 00:00:00+05:30,2753.298507498572,2772.485256679746,2719.7216964315157,2727.63623046875,386614,0.0,0.0,2717.570361328125,2625.5320858224673,55.83562549580319,52.76191745331789,-2.983116854437341,55.74503430775523,71.03822039946839,106346040.0,-0.009320557491289416
2021-09-30 00:00:00+05:30,2727.395976815828,2731.089519150687,2658.8513727462328,2676.742919921875,861344,0.0,0.0,2721.745849609375,2627.540353826366,49.85272388860449,44.27768084770014,-9.17388276804408,53.45156361574422,71.12392939982452,105484696.0,-0.018571948233600165
2021-10-01 00:00:00+05:30,2673.673494743507,2680.484884378816,2640.288504371229,2659.715087890625,411006,0.0,0.0,2723.6285400390625,2628.8021081033958,47.999530249477786,35.76755239524755,-14.147208976397337,49.914761371644886,68.91481872895038,105073690.0,-0.005220684904242994
2021-10-04 00:00:00+05:30,2647.771626126524,2658.324339129202,2597.8860737502278,2634.244873046875,874865,0.0,0.0,2720.9088134765625,2629.015549865885,45.287655185691,26.660653393451867,-18.603286382554423,45.26393977600629,68.40868982976801,104198825.0,-0.005108731034873141
2021-10-05 00:00:00+05:30,2618.9912802500053,2675.592190702295,2618.0799565006264,2647.867431640625,452282,0.0,0.0,2716.8412475585938,2629.7548393472475,47.01198793550342,20.308493283928783,-19.96435719366201,40.272850477590794,67.63037157061804,104651107.0,0.0110256767971611
2021-10-06 00:00:00+05:30,2657.364735874631,2670.3157914465837,2603.258197392662,2617.98388671875,589264,0.0,0.0,2712.3227661132814,2629.2932333618164,43.75426423718387,12.716421315076786,-22.045143330011207,34.761564645087994,67.589458890854,104061843.0,-0.014819512212319452
2021-10-07 00:00:00+05:30,2642.9746622365737,2742.6497291343544,2634.436652657296,2706.242919921875,897524,0.0,0.0,2713.3276611328124,2632.3108681288777,53.91215940057496,13.663906936139028,-16.878126167159174,30.542033103298202,71.6663434283362,104959367.0,0.023938276287431955
2021-10-08 00:00:00+05:30,2724.518428396086,2756.12855134768,2700.0553227890086,2703.364990234375,572893,0.0,0.0,2713.315673828125,2635.0973042898777,53.5724082077451,14.02094649966466,-13.216869282906835,27.237815782571495,70.55254950907442,104386474.0,-0.007764101700043965
2021-10-11 00:00:00+05:30,2714.9249381547515,2780.783359311972,2713.246097645292,2735.79052734375,622401,0.0,0.0,2715.5581298828124,2639.0460581351276,56.87034219201037,16.727548018278867,-8.408214211434103,25.13576222971297,71.04296519254034,105008875.0,0.007685512367491138
2021-10-12 00:00:00+05:30,2743.705099011372,2814.120373951051,2736.0784131487267,2791.288330078125,786357,0.0,0.0,2719.8415771484374,2645.016343309363,61.863547121557254,23.08465258268916,-1.640887717619048,24.725540300308207,71.56345672216611,105795232.0,0.01734269148819906
2021-10-13 00:00:00+05:30,2792.63124805074,2839.398947584396,2739.148186532764,2787.5947265625,687451,0.0,0.0,2722.90185546875,2650.607652456545,61.354440730215,27.507570663728075,2.2256242907358903,25.281946372992184,73.61254988855653,105107781.0,-0.0018035039505324734
2021-10-14 00:00:00+05:30,2786.875368741597,2804.6711257701872,2729.315120161736,2737.181640625,497012,0.0,0.0,2722.5661010742188,2654.002710816092,54.73370477559436,26.637786570795924,1.084672158242988,25.553114412552937,73.73708243997757,104610769.0,-0.017831342109509537
2021-10-18 00:00:00+05:30,2763.851283652637,2763.851283652637,2698.472527986697,2711.423583984375,360160,0.0,0.0,2719.1029052734375,2656.254509763868,51.665959740709766,23.597993528696406,-1.564096707085227,25.162090235781633,73.14005909897487,104250609.0,-0.018969074051978244
2021-10-19 00:00:00+05:30,2727.1086541877926,2727.1086541877926,2577.979687214289,2593.7607421875,999095,0.0,0.0,2713.8601196289064,2653.803773780481,40.49930860229966,11.561256688227331,-10.880666838043442,22.441923526270774,78.56783823286982,103251514.0,-0.0488971760606316
2021-10-20 00:00:00+05:30,2595.007911640836,2600.763936583477,2509.914723081438,2543.3955078125,1159620,0.0,0.0,2704.1132568359376,2649.474037860168,36.829906750168924,-2.0187268456243146,-19.56852029751607,17.549793451891755,79.44507932352477,102091894.0,-0.01988911232093364
2021-10-21 00:00:00+05:30,2568.1463762945405,2588.292462922178,2490.8236834574527,2555.051513671875,816204,0.0,0.0,2695.503210449219,2645.771193774353,38.224876752170296,-11.705485821021284,-23.40422341833043,11.698737597309147,80.73248647646767,102908098.0,-0.005098954928558017
2021-10-22 00:00:00+05:30,2582.5362017866546,2582.5362017866546,2495.0446804261264,2506.31689453125,519029,0.0,0.0,2683.7753051757813,2640.302397725604,34.767843135274404,-23.04909297454742,-27.798264457485253,4.749171482937834,81.215274682472,102389069.0,-0.0295133548186757
2021-10-25 00:00:00+05:30,2496.6757655727743,2517.445328112124,2429.0424739405435,2457.582763671875,457696,0.0,0.0,2666.0635498046877,2633.1369218803598,31.68215160254182,-35.56148972492929,-32.2485289662937,-3.3129607586355907,81.72867321740834,101931373.0,-0.015658021133525418
2021-10-26 00:00:00+05:30,2474.994348674055,2506.748508812343,2467.3676635438487,2484.923583984375,677512,0.0,0.0,2652.1963012695314,2627.3246341197328,35.15901297687338,-42.77835633092673,-31.57231645783291,-11.206039873093818,79.40274978334118,102608885.0,0.004011821407042632
2021-10-27 00:00:00+05:30,2486.6025136498224,2505.309592745568,2467.559572782452,2478.831787109375,430370,0.0,0.0,2637.8469970703127,2621.501385217366,34.73484573426062,-48.43104921931854,-29.780007476979776,-18.651041742338762,76.42755479618222,102178515.0,-0.003125037676022285
2021-10-28 00:00:00+05:30,2478.83187888402,2484.63591714818,2416.3311393277463,2424.725341796875,1332301,0.0,0.0,2622.701452636719,2613.7846776322485,31.14128304519148,-56.6240600916276,-30.378414679431067,-26.24564541219653,75.84735644077162,100846214.0,-0.02182743313415194
2021-10-29 00:00:00+05:30,2427.123972795142,2427.123972795142,2371.050740503457,2383.761962890625,1628906,0.0,0.0,2608.0524047851563,2604.76417901493,28.718816216307193,-65.66553119958644,-31.535908629911923,-34.12962256967452,74.43491900155117,99217308.0,-0.01786559334856724
2021-11-01 00:00:00+05:30,2388.750188827514,2462.667184284283,2377.33416715255,2455.90380859375,1071806,0.0,0.0,2597.8618408203124,2598.9265174297857,37.88326074627214,-66.24607464745759,-25.69316166222646,-40.55291298523113,75.21335458227844,100289114.0,0.028112449799196984
2021-11-02 00:00:00+05:30,2454.944709726207,2468.375434984576,2423.2865716171937,2439.067626953125,657518,0.0,0.0,2588.102978515625,2592.657541332662,36.697469081399674,-67.2890325833896,-21.388895678526772,-45.900136904862826,73.06160520978584,99631596.0,-0.006467389147372107
2021-11-03 00:00:00+05:30,2437.004904406878,2455.9038048121997,2403.3320671477904,2419.30517578125,930846,0.0,0.0,2576.6748657226562,2585.8594093502534,35.30069494121146,-68.91583011860439,-18.412554570993244,-50.503275547611146,71.59804324225894,98700750.0,-0.007262902341157004
2021-11-04 00:00:00+05:30,2475.0905318093687,2586.6135063531046,2447.269746761899,2553.37255859375,1389327,0.0,0.0,2573.444299316406,2584.5854152029397,49.3774130185611,-58.71018705011329,-6.565529202001713,-52.14465784811158,78.43449233723007,100090077.0,0.031627944828003796
2021-11-08 00:00:00+05:30,2613.954717688343,2664.0800994662,2571.935690522821,2601.003662109375,3081804,0.0,0.0,2568.182336425781,2585.2292680228,53.267613242345405,-46.24561870118714,4.719231317539553,-50.96485001872669,80.73971008974578,103171881.0,-0.0049545829892651124
2021-11-09 00:00:00+05:30,2591.3625642472675,2631.9906035047875,2590.8828954683745,2613.475341796875,726392,0.0,0.0,2563.687854003906,2586.336957190411,54.25879702951604,-34.9580238236681,12.805460956046879,-47.76348477971498,77.90885280022202,103898273.0,0.008533262714640912
2021-11-10 00:00:00+05:30,2609.397782606717,2653.095648933826,2599.804408405957,2635.06005859375,861635,0.0,0.0,2558.651330566406,2588.247667049365,55.998248363809545,-23.99422679539157,19.015406387458732,-43.0096331828503,76.15045192362538,104759908.0,0.009834558823529384
2021-11-11 00:00:00+05:30,2618.9911887838407,2631.366547968622,2577.211996786784,2594.38427734375,533140,0.0,0.0,2548.8061279296876,2588.488318433459,51.98619274622801,-18.375710513460945,19.707138135511492,-38.08284864897244,74.84313834386401,104226768.0,-0.009395568624084302
2021-11-12 00:00:00+05:30,2614.194553808128,2629.8798148162746,2587.860787622508,2612.27587890625,879209,0.0,0.0,2540.040185546875,2589.421163942196,53.56221377777603,-12.337078993989053,20.59661572398671,-32.93369471797576,72.49855897599991,105105977.0,-0.0007339449541286788
2021-11-15 00:00:00+05:30,2604.601355076599,2657.364918439108,2570.40106632784,2575.19775390625,686532,0.0,0.0,2531.9409912109377,2588.8633831564725,49.906233158639694,-10.423163085639317,18.008425305869157,-28.431588391508473,73.53179419994763,104419445.0,-0.011289098469152898
2021-11-16 00:00:00+05:30,2575.245305174252,2627.7690295028024,2542.292204959078,2600.09228515625,1233796,0.0,0.0,2526.3744262695313,2589.303732254503,52.262248933980366,-6.8189853017679525,17.290082471792417,-24.10906777356037,74.38501065307453,105653241.0,0.009648393468410546
2021-11-17 00:00:00+05:30,2618.943268814788,2637.7463768362054,2554.66765858418,2565.460205078125,848875,0.0,0.0,2524.9593994140623,2588.3686919730767,48.82215163329921,-6.680163109220302,13.943123731472056,-20.62328684069236,75.0059897672853,104804366.0,-0.020421619808842613
2021-11-18 00:00:00+05:30,2566.227811248812,2588.9160494274474,2470.2940612955854,2497.443359375,823299,0.0,0.0,2522.6617919921873,2584.802992655505,42.855727797089415,-11.921117309505917,6.961735624949153,-18.88285293445507,78.12141822189793,103981067.0,-0.026803720064252294
2021-11-22 00:00:00+05:30,2494.277477233711,2497.155489707442,2414.556438026055,2444.43994140625,1013413,0.0,0.0,2517.131213378906,2579.2985592731816,38.86936597746344,-20.119617705418932,-0.9894118167710886,-19.130205888647843,78.4618113024013,102967654.0,-0.019980750450721164
2021-11-23 00:00:00+05:30,2432.879925961292,2504.782225510911,2403.811952558456,2493.510009765625,611137,0.0,0.0,2516.490869140625,2575.934302429748,44.05745620349969,-22.399239426193162,-2.615226830036253,-19.78401259615691,80.0695585631194,103578791.0,0.024921116392695196
2021-11-24 00:00:00+05:30,2493.510020023559,2511.4975984145026,2422.3272233137823,2433.791259765625,455215,0.0,0.0,2515.3012939453124,2570.360065462528,39.64741884883506,-28.693894741031272,-7.127905715899487,-21.565989025131785,80.71961688723376,103123576.0,-0.023949677273552558
2021-11-25 00:00:00+05:30,2441.5138579160403,2441.5138579160403,2395.5136731331204,2417.9140625,525539,0.0,0.0,2511.950817871094,2564.3817908365468,38.542796347652754,-34.56516584089968,-10.399341452614316,-24.165824388285365,78.23965745121133,102598037.0,-0.009666050159626745
2021-11-26 00:00:00+05:30,2393.5467598678897,2404.195498456801,2323.035462533104,2334.93115234375,554629,0.0,0.0,2504.7557861328123,2555.383726581927,33.317916518365195,-45.390978870743766,-16.98012358596672,-28.410855284777046,79.42815334518882,102043408.0,-0.024489017096693343
2021-11-29 00:00:00+05:30,2334.931556385313,2348.07466811846,2269.121141346141,2315.26513671875,342547,0.0,0.0,2499.2827758789062,2545.967311293175,32.20374545934483,-54.92426407081257,-21.210727028828416,-33.713537041984154,79.39425144712669,101700861.0,-0.008422696422420321
2021-11-30 00:00:00+05:30,2317.5670749988653,2347.4983516426364,2264.036007305526,2274.06103515625,1101715,0.0,0.0,2493.7977294921875,2535.304320072119,29.944323738338863,-65.05438149954671,-25.072675566050037,-39.98170593349667,79.68482951069697,100599146.0,-0.018772289402944956
2021-12-01 00:00:00+05:30,2312.003290786868,2381.507243287583,2288.06786787635,2339.152587890625,1691658,0.0,0.0,2487.960168457031,2527.612095280688,37.414540831394625,-67.05723417858144,-21.66042259606781,-45.39681158251363,81.6677851264567,102290804.0,0.011742758849844416
2021-12-02 00:00:00+05:30,2340.783132164171,2363.375573581596,2328.1199259967466,2351.863525390625,363180,0.0,0.0,2483.599963378906,2520.719994500686,38.78722182076736,-66.84825782536245,-17.161156994279054,-49.6871008310834,78.35263244491334,102653984.0,0.004733626568903686
2021-12-03 00:00:00+05:30,2350.376802072553,2395.609470108772,2345.628128437546,2355.701171875,659154,0.0,0.0,2480.4197631835937,2514.248668123208,39.22065708532615,-65.61658936382628,-12.7435908261943,-52.87299853763198,76.32611167536425,103313138.0,0.002265326052295998
2021-12-06 00:00:00+05:30,2359.970414644481,2371.338658497895,2325.4822759560507,2344.717041015625,537938,0.0,0.0,2469.9869873046873,2507.60036902095,38.38292408274314,-64.7800665139257,-9.525654381034983,-55.25441213289072,74.14970245154137,102775200.0,-0.006463374936483633
2021-12-07 00:00:00+05:30,2355.269395120932,2387.55100564048,2341.934464445967,2371.290283203125,262328,0.0,0.0,2458.501318359375,2502.254875459467,41.63107348178617,-61.26663394689331,-4.809777451202066,-56.45685649569124,72.11161950461077,103037528.0,0.006802146758829799
2021-12-08 00:00:00+05:30,2364.766788729669,2414.604321876678,2364.766788729669,2403.66796875,404128,0.0,0.0,2448.010949707031,2498.388722255174,45.407278744824346,-55.232914040813284,0.9791539639023625,-56.21206800471565,70.52061333621066,103441656.0,0.01645032406820484
2021-12-09 00:00:00+05:30,2403.667992232606,2446.406522429059,2374.360186322422,2439.547119140625,831115,0.0,0.0,2438.235302734375,2496.0812084075446,49.32010552317592,-47.014051245164865,7.358413407640633,-54.3724646528055,70.62959353409823,104272771.0,0.014926823098681421
2021-12-10 00:00:00+05:30,2429.234172737013,2448.2291005320644,2414.172622056795,2424.869140625,325670,0.0,0.0,2429.7595458984374,2493.2885782984254,47.81041754669022,-41.20989148634317,10.530058533169864,-51.73995001951303,68.01722817275333,103947101.0,-0.001796875805964394
2021-12-13 00:00:00+05:30,2451.0113762501546,2453.601774967131,2380.1164260479386,2395.177978515625,403776,0.0,0.0,2418.904650878906,2489.4411037971395,44.821620759876396,-38.56137023118936,10.542863830658945,-49.1042340618483,68.40780822607042,103543325.0,-0.022779738305397066
2021-12-14 00:00:00+05:30,2376.278925308151,2391.0048492330475,2351.336150960952,2386.303955078125,395362,0.0,0.0,2409.4599609375,2485.396509729727,43.93754856424303,-36.75477145671039,9.879570084110334,-46.63434154082072,66.65309532097059,103147963.0,0.004218793367733125
2021-12-15 00:00:00+05:30,2379.1568627566176,2406.162118138497,2374.360175533318,2391.964111328125,314822,0.0,0.0,2399.0535522460937,2481.7324941061347,44.68695986286055,-34.4689648361732,9.732301363718015,-44.201266199891215,64.16372726984264,103462785.0,0.005383103893649234
2021-12-16 00:00:00+05:30,2400.262156151605,2407.5052003079777,2332.341021916659,2370.66650390625,680394,0.0,0.0,2389.3138671875,2477.3769650786885,42.39077630452029,-33.98423642540456,8.17362381958933,-42.15786024499389,64.9494737785195,102782391.0,-0.012330174922561875
2021-12-17 00:00:00+05:30,2365.72634903829,2389.709787288881,2316.848148726239,2359.010986328125,670901,0.0,0.0,2382.3922485351563,2472.735161990431,41.144754344597715,-34.14696358644278,6.408717326840893,-40.55568091328367,65.51462840595686,102111490.0,-0.002838605028385943
2021-12-20 00:00:00+05:30,2321.59672608374,2339.200662712693,2264.42011798745,2308.59765625,475319,0.0,0.0,2375.600134277344,2466.298397059434,36.18980644327152,-37.906893378828045,2.1190300275645058,-40.02592340639255,67.59150268700816,101636171.0,-0.005599193730630393
2021-12-21 00:00:00+05:30,2318.7186743011484,2338.7209543162703,2292.9603694429125,2318.3828125,333858,0.0,0.0,2366.8437744140624,2460.497785900241,37.75664649440665,-39.640137664841404,0.3086285932409183,-39.94876625808232,66.03215141460457,101970029.0,-0.00014484801665284676
2021-12-22 00:00:00+05:30,2326.3936366265607,2393.547267374544,2326.3936366265607,2385.728759765625,625661,0.0,0.0,2364.4406494140626,2457.5656672282953,47.340491622547155,-35.17402685161278,3.8197915251756385,-38.99381837678842,66.68445880460024,102595690.0,0.025505194909793742
2021-12-23 00:00:00+05:30,2398.3436432976764,2402.1329794114376,2369.803353942434,2379.396728515625,326496,0.0,0.0,2362.514782714844,2454.500218651328,46.61375481254662,-31.779212874278983,5.771684402007551,-37.550897276286534,64.2305421377719,102269194.0,-0.007899999999999902
2021-12-24 00:00:00+05:30,2384.145509445289,2402.9006044230723,2333.3486356355,2338.768798828125,265892,0.0,0.0,2362.7066650390625,2449.961731599438,42.14341585515162,-31.99827650956695,4.442096613375668,-36.44037312294262,64.61064404132907,102003302.0,-0.019032693448195474
2021-12-27 00:00:00+05:30,2346.5394991901358,2348.6980085413934,2293.44007546388,2339.776123046875,345113,0.0,0.0,2363.9322143554687,2445.6407273424747,42.29118976163791,-31.724898491164822,3.7723797054222388,-35.49727819658706,63.94259325819937,102348415.0,-0.0028822767081461914
2021-12-28 00:00:00+05:30,2356.756021007068,2416.906660575236,2352.295195988708,2379.540283203125,632949,0.0,0.0,2369.2061767578125,2443.0485530625006,47.94351363241988,-27.977106373215065,6.0161374586975995,-33.993243831912665,64.88458927749663,102981364.0,0.009667637206808197
2021-12-29 00:00:00+05:30,2370.522718012885,2467.1279474567214,2369.563380611828,2458.062255859375,693263,0.0,0.0,2375.15166015625,2443.6373257212017,56.917234584110595,-18.4581135176486,12.428104251411256,-30.886217769059854,67.21887338945353,103674627.0,0.03692836908134377
2021-12-30 00:00:00+05:30,2458.0624005582868,2486.410869270971,2436.908962777083,2453.02587890625,797282,0.0,0.0,2380.2097778320312,2444.005504277478,56.24748488601809,-11.191626524303501,15.755672995805085,-26.947299520108587,65.95337575405598,102877345.0,-0.0020489803883305953
2021-12-31 00:00:00+05:30,2453.984905649003,2498.3062437324675,2444.9192146658515,2486.50634765625,406763,0.0,0.0,2386.750036621094,2445.672204017822,59.64689583751912,-2.7001634067337363,19.39770889069988,-22.097872297433618,65.05577956209598,103284108.0,0.013252502870895267
2022-01-03 00:00:00+05:30,2513.559791778127,2622.4445769899653,2513.559791778127,2608.246337890625,2457647,0.0,0.0,2399.9265014648436,2452.047660248128,69.0602410824078,13.694915617543302,28.634230331981538,-14.939314714438236,70.11881168864022,105741755.0,0.03767029788677335
2022-01-04 00:00:00+05:30,2604.601187037893,2614.0985341451087,2576.300732151109,2595.0078125,736616,0.0,0.0,2411.1123779296877,2457.6539407285936,67.22378299595677,25.3279308832648,32.21379647816243,-6.885865594897629,67.81016813902303,105005139.0,-0.003683241252302083
2022-01-05 00:00:00+05:30,2581.577176850205,2676.551588038674,2581.577176850205,2665.615234375,1040082,0.0,0.0,2424.2097412109374,2465.809285577472,71.56664875850876,39.78598013409237,37.337476583192,2.448503550900371,69.75047121398345,106045221.0,0.0325529905820326
2022-01-06 00:00:00+05:30,2636.2590827699278,2713.437727051315,2609.3976365117187,2702.59716796875,1056323,0.0,0.0,2437.3622436523438,2475.095084886934,73.54392325452746,53.610235872172325,40.929385857017564,12.680850015154762,72.19972973724151,107101544.0,0.025163719921306272
2022-01-07 00:00:00+05:30,2710.1281863663307,2718.378581787112,2671.51485556943,2709.552490234375,572036,0.0,0.0,2451.5964111328126,2484.2894929397744,73.91137676576531,64.3851031312065,41.363402492841395,23.02170063836511,70.39001520013012,107673580.0,-0.00021242394911497378
2022-01-10 00:00:00+05:30,2705.3796807713206,2735.071128643336,2684.945745805169,2701.0146484375,493242,0.0,0.0,2466.8882446289062,2492.7885186455674,72.57876976110093,71.4121359329074,38.71234823563383,32.69978769727357,68.94254145998993,107180338.0,-0.001613463856790755
2022-01-11 00:00:00+05:30,2699.5754959653696,2713.965557244502,2668.3010024334253,2680.724609375,334700,0.0,0.0,2481.60927734375,2500.158561419271,69.37745323679388,74.48525383315337,33.428372908703835,41.05688092444953,67.2798281279247,106845638.0,-0.006982907726990042
2022-01-12 00:00:00+05:30,2688.063496679275,2713.8695800320484,2676.599461157427,2701.398193359375,440995,0.0,0.0,2497.0809814453123,2508.050311691432,70.79113379753689,77.69330727702027,29.30914108205659,48.384166194963676,65.13627746697446,107286633.0,0.004960707474571627
2022-01-13 00:00:00+05:30,2695.882030466594,2722.5996720257176,2680.8684931204607,2717.51513671875,266122,0.0,0.0,2514.4234130859377,2516.2646185552485,71.88097163000184,80.60702773860976,25.77828923491687,54.82873850369289,63.46448471256606,107552755.0,0.008024500333351614
2022-01-14 00:00:00+05:30,2722.5993772366246,2729.314738632205,2684.9453865542646,2705.04345703125,324014,0.0,0.0,2531.7250366210938,2523.6677102601902,69.71331800690146,80.97636672645194,20.91810257820724,60.0582641482447,62.10054666723564,107228741.0,-0.006448220164948931
2022-01-17 00:00:00+05:30,2689.982208626714,2762.8918547949133,2689.982208626714,2728.6435546875,680219,0.0,0.0,2552.727331542969,2531.7059786691043,71.4667948740657,82.22555615416059,17.733833604732695,64.49172254942789,62.87262520301876,107908960.0,0.014372342663382626
2022-01-18 00:00:00+05:30,2743.0335789474198,2743.0335789474198,2614.194514386564,2624.987060546875,1221493,0.0,0.0,2568.0575439453123,2535.36406031137,56.10290759232107,73.99832832528818,7.605284620688224,66.39304370459996,67.58451372857854,106687467.0,-0.04303502491057458
2022-01-19 00:00:00+05:30,2624.9870535736336,2635.108110344176,2576.252665087663,2608.150634765625,769880,0.0,0.0,2579.1786376953123,2538.2184357801643,54.06966791264952,65.36613206284937,-0.8215293134004753,66.18766137624985,66.96100883771672,105917587.0,-0.006413905464824161
2022-01-20 00:00:00+05:30,2614.194502504768,2643.9339629002347,2601.8191433158213,2622.63671875,521734,0.0,0.0,2591.3406372070312,2541.528956680942,55.561926915701434,59.01368719430411,-5.739179345556593,64.7528665398607,65.18628103390934,106439321.0,0.0032293757167430113
2022-01-21 00:00:00+05:30,2612.755554016663,2642.015346341799,2559.704146007456,2600.85986328125,459191,0.0,0.0,2604.4451904296875,2543.855658900562,52.785488646351034,51.62699477050819,-10.500697415482016,62.127692185990206,66.40948955536889,105980130.0,-0.004552929077932902
2022-01-24 00:00:00+05:30,2585.6063749272967,2618.175836105976,2514.903248244998,2548.384033203125,465912,0.0,0.0,2614.8755859375,2544.033242206545,46.72622004694279,41.06525221263519,-16.849951978684018,57.915204191319205,69.04256800576955,105514218.0,-0.014395981571331906
2022-01-25 00:00:00+05:30,2515.4787838817265,2598.7970996458985,2488.185446464953,2582.536376953125,687092,0.0,0.0,2625.025390625,2545.5431690593523,50.69318604853447,35.046806095069314,-18.29471847699991,53.341524572069225,72.01178837542496,106201310.0,0.02665798395958622
2022-01-27 00:00:00+05:30,2580.617813303094,2580.617813303094,2465.7371504246385,2536.344482421875,985827,0.0,0.0,2628.939501953125,2545.1824362500397,45.73293162552781,26.247282010779145,-21.675394049032064,47.92267605981121,75.21089110064365,105215483.0,-0.017156097525557554
2022-01-28 00:00:00+05:30,2547.2326631300293,2635.299884865525,2493.22191970277,2504.781982421875,871638,0.0,0.0,2631.527307128906,2543.5981047273667,42.66123649978582,16.536147391910617,-25.109222934320478,41.645370326231095,79.98711067650878,104343845.0,-0.01666541157492504
2022-01-31 00:00:00+05:30,2537.351549933435,2571.983725865562,2525.839500433104,2537.92724609375,416447,0.0,0.0,2634.098352050781,2543.3757181142837,46.70919553664808,11.383329081529155,-24.209632995761552,35.59296207729071,79.07387015987865,104760292.0,0.0002268886076626826
2022-02-01 00:00:00+05:30,2550.5902777046226,2575.3412292651083,2491.0633456781807,2515.574462890625,671852,0.0,0.0,2629.4647583007813,2542.2854728113953,44.43111133067216,5.43336816594956,-24.12767512907292,29.56104329502248,79.44558540466787,104088440.0,-0.01372851418751182
2022-02-02 00:00:00+05:30,2515.574619430673,2611.8442264103533,2515.574619430673,2561.191162109375,1042951,0.0,0.0,2627.77392578125,2543.026872391708,49.81077147012617,4.348738119444079,-20.169844140462722,24.5185822599068,80.64731241288646,105131391.0,0.01813364720980766
2022-02-03 00:00:00+05:30,2566.3240108183613,2599.660991163161,2532.651168640895,2562.246826171875,664625,0.0,0.0,2622.605505371094,2543.7805960693618,49.9315733344639,3.5336109926156496,-16.787977013832922,20.32158800644857,79.67320599212785,105796016.0,-0.0015887255971182605
2022-02-04 00:00:00+05:30,2567.330740124463,2569.009580607682,2509.626688057966,2524.400390625,380540,0.0,0.0,2613.695666503906,2543.02058801272,45.686055149079024,-0.1643793183834532,-16.388773859865623,16.22439454148217,78.22389788909844,105415476.0,-0.016721783768842195
2022-02-07 00:00:00+05:30,2524.496439508481,2538.5028596299626,2457.534640251738,2495.572509765625,448637,0.0,0.0,2602.9966674804687,2541.1598790618536,42.70733088334523,-5.35945191756764,-17.267077167239847,11.907625249672208,78.41992085260745,104966839.0,-0.011457306609823421
2022-02-08 00:00:00+05:30,2508.66737440404,2537.447497246151,2476.7213912066486,2483.868408203125,386391,0.0,0.0,2592.13935546875,2538.9131547144525,41.52360341700061,-10.302249640802984,-17.76789991238015,7.46565027157717,77.15607693738566,104580448.0,-0.009885314591300171
2022-02-09 00:00:00+05:30,2493.270014317804,2529.676823636697,2482.141840445912,2518.88427734375,677550,0.0,0.0,2584.0473388671876,2538.1277085430524,46.31754944185744,-11.264118698890798,-14.983815176374375,3.7196964774835766,75.0402845269142,105257998.0,0.010273361039459838
2022-02-10 00:00:00+05:30,2519.028651984056,2555.675300516677,2509.195441837548,2532.987060546875,558179,0.0,0.0,2575.6267822265627,2537.926114503987,48.160845315096196,-10.764345441030855,-11.587233534811546,0.8228880937806902,73.00025410921525,105816177.0,0.00554118689830102
2022-02-11 00:00:00+05:30,2518.260991661171,2518.64463298412,2477.345340091486,2492.502685546875,731373,0.0,0.0,2564.3761596679688,2536.144803564492,43.539066823184406,-13.479637384974922,-11.44202038300449,-2.0376170019704323,71.76035884822767,105084804.0,-0.010228608630952287
2022-02-14 00:00:00+05:30,2460.7002010541883,2492.070484260073,2398.679137625182,2466.264404296875,675126,0.0,0.0,2552.43720703125,2533.4043957500758,40.805873610245314,-17.54647103182606,-12.407083223884502,-5.139387807941557,73.33630092490375,104409678.0,0.0022612276133041256
2022-02-15 00:00:00+05:30,2436.717023807475,2626.6658311751444,2387.263133430468,2613.235107421875,2216629,0.0,0.0,2546.666784667969,2536.535011894068,57.06460760469183,-8.808618271873456,-2.9353843711455188,-5.8732339007279375,85.19818641203038,106626307.0,0.07244094488188986
2022-02-16 00:00:00+05:30,2597.885945746467,2627.049712013414,2571.1205232255925,2596.39892578125,804882,0.0,0.0,2545.2373779296877,2538.8826163602316,55.194354922460214,-3.2053963455573466,2.134270044136473,-5.33966638969382,83.1075437245869,105821425.0,-0.0005723961699132964
2022-02-17 00:00:00+05:30,2618.943315850026,2650.409632146813,2590.3072324997465,2612.0361328125,572432,0.0,0.0,2545.4316528320314,2541.7513817113013,56.616545663651706,2.4685336031434417,6.246559994269809,-3.778026391126368,81.46431914762114,106393857.0,-0.002637393102677428
2022-02-18 00:00:00+05:30,2593.281035431361,2628.29685353694,2578.6991525423728,2589.49169921875,311304,0.0,0.0,2543.7744018554686,2543.6235510253186,53.957406856358,5.087372522958958,7.092319131268261,-2.004946608309303,79.18813213668872,106082553.0,-0.0014612130967829034
2022-02-21 00:00:00+05:30,2578.69899731382,2608.2946505478994,2559.9919175342,2589.251708984375,273281,0.0,0.0,2543.193994140625,2545.4128905531247,53.9283697151857,7.062049122089775,7.253596584319262,-0.19154746222948726,76.98203219933232,105809272.0,0.004092261904761801
2022-02-22 00:00:00+05:30,2523.057586552353,2618.991335090465,2513.512225415461,2614.67431640625,575201,0.0,0.0,2546.508508300781,2548.1290249003064,56.59321275277497,10.556695492702147,8.598594363945306,1.95810112875684,79.01753773330886,106384473.0,0.036311787072243314
2022-02-23 00:00:00+05:30,2622.732521289865,2636.738941533791,2588.1963736110524,2596.590576171875,479284,0.0,0.0,2547.211218261719,2550.029477891348,54.19202412361374,11.731784505195265,7.81894670115074,3.912837804044525,76.84075417541099,105905189.0,-0.009967446129479229
2022-02-24 00:00:00+05:30,2523.3454088002754,2581.8169810928257,2482.333731720213,2510.72998046875,775965,0.0,0.0,2545.9304931640627,2548.4883211296774,44.53115480966384,5.669464450287705,1.405301316994544,4.264163133293161,79.51333205228606,105129224.0,-0.004999485321164747
2022-02-25 00:00:00+05:30,2528.0460024428467,2566.227679811286,2506.26908916149,2521.5224609375,515028,0.0,0.0,2546.7675170898438,2547.4308364162584,45.838186417403826,1.7161128269945038,-2.0384402450389265,3.7545530720334304,78.11656480925107,105644252.0,-0.002580467878766039
2022-02-28 00:00:00+05:30,2494.277382697163,2508.6194308050226,2439.355313405081,2484.4921875,815191,0.0,0.0,2544.0957641601562,2544.9626541058174,42.166816766713296,-4.3547812013912335,-6.487467418739731,2.132686217348498,78.40589214662022,104829061.0,-0.003923058143028901
2022-03-02 00:00:00+05:30,2470.102267012496,2474.131437710901,2394.7462587769824,2406.114501953125,630235,0.0,0.0,2538.622766113281,2539.517628531202,35.657039005089004,-15.313903504277278,-13.95727177730062,-1.356631726976657,79.21589475922002,104198826.0,-0.025904905199233802
2022-03-03 00:00:00+05:30,2435.75788656798,2435.75788656798,2303.7051747841665,2311.523681640625,558686,0.0,0.0,2526.1393920898436,2530.5766894374538,29.698142155741195,-31.271299481561073,-23.93173420366753,-7.3395652778935405,82.98995311811957,103640140.0,-0.05100433241433659
2022-03-04 00:00:00+05:30,2302.4098769637703,2303.273186982334,2206.47613209028,2244.130126953125,862528,0.0,0.0,2510.2335571289063,2519.343490908657,26.32287627314272,-48.793288732491874,-33.162978763678666,-15.630309968813208,84.5654957204214,102777612.0,-0.025312499999999953
2022-03-07 00:00:00+05:30,2139.3225830709134,2203.8380286814604,2101.956435020913,2167.766845703125,1513430,0.0,0.0,2492.4018798828124,2505.556171488832,23.116907137939823,-68.05695187800757,-41.94131352735548,-26.115638350652084,88.68036687840643,101264182.0,0.013295920333520228
2022-03-08 00:00:00+05:30,2159.468288015916,2172.371328011929,2071.736937728813,2164.31298828125,1533255,0.0,0.0,2475.838903808594,2492.174085872849,22.98057713829124,-82.64950904415355,-45.227096554801165,-37.42241248935238,89.53422569302857,99730927.0,0.002243469048478153
2022-03-09 00:00:00+05:30,2182.492749671461,2214.486748060736,2128.769851218009,2199.808837890625,1577642,0.0,0.0,2461.6359252929688,2480.708782030409,27.69968341124398,-90.30897170925664,-42.309247375923405,-47.99972433333323,89.26155934657845,101308569.0,0.007934087396977981
2022-03-10 00:00:00+05:30,2278.4265475950187,2296.1262775115792,2198.5617012424773,2209.354248046875,1021481,0.0,0.0,2446.159423828125,2470.067427756545,28.960240965411707,-94.51935593059943,-37.21570527781296,-57.30365065278647,89.85463198390156,102330050.0,-0.03031578947368422
2022-03-11 00:00:00+05:30,2196.882791824116,2220.8662284160823,2163.449787529616,2197.602294921875,621070,0.0,0.0,2429.390185546875,2459.382520586558,28.305906659840776,-97.67842409198647,-32.29981875135999,-65.37860534062648,87.53761833408475,101708980.0,0.00032751091703062503
2022-03-14 00:00:00+05:30,2196.882413296074,2226.382035221338,2144.8863785663807,2219.474853515625,681806,0.0,0.0,2415.7387939453124,2449.9743767798545,31.412036792669863,-97.29551357172568,-25.533526584879354,-71.76198698684632,87.1060496427185,102390786.0,0.010283864117085189
2022-03-15 00:00:00+05:30,2225.662677244876,2259.1914711650365,2187.385210230997,2211.512451171875,611025,0.0,0.0,2403.0011962890626,2440.622928716796,30.887414145241912,-96.52190906536225,-19.807937662812733,-76.71397140254952,86.01320759209857,101779761.0,-0.006357758620689641
2022-03-16 00:00:00+05:30,2243.6024959205306,2277.323348544143,2227.965248305212,2262.021728515625,758341,0.0,0.0,2385.44052734375,2433.618960081456,37.96520913611502,-90.78661379146888,-11.258113911135482,-79.5284998803334,84.57018543353922,102538102.0,0.008209668436626136
2022-03-17 00:00:00+05:30,2282.167834393822,2362.848210037782,2278.7143599984533,2337.857421875,1229513,0.0,0.0,2372.5134521484374,2429.8636056419873,46.778100166512026,-79.2089725676824,0.25562185012080363,-79.4645944178032,85.73134943986906,103767615.0,0.024402056081020005
2022-03-21 00:00:00+05:30,2349.36936694274,2349.36936694274,2275.548398088544,2282.02392578125,480116,0.0,0.0,2356.012841796875,2424.0659711376447,42.04247620842777,-73.68945878937166,4.620108502745239,-78.3095672921169,84.88060796946381,103287499.0,-0.02866532700608384
2022-03-22 00:00:00+05:30,2282.023876403342,2307.014662911909,2234.2968399972183,2283.606689453125,661123,0.0,0.0,2340.7185913085937,2418.5577640127613,42.221046921263024,-68.3990271454818,7.928432117308077,-76.32745926278987,84.01183760840858,103948622.0,0.0006936005648975255
2022-03-23 00:00:00+05:30,2295.6943910373748,2315.55262831277,2266.914269127169,2296.749755859375,439287,0.0,0.0,2326.0934936523436,2413.7809793792953,43.77033166383831,-62.42617623372507,11.121026423251848,-73.54720265697692,81.48516057820804,104387909.0,0.0004597148584412981
2022-03-24 00:00:00+05:30,2288.0198691831083,2291.089702248796,2254.4430576856626,2273.2939453125,568611,0.0,0.0,2309.0244750976562,2408.2716839256955,41.62518881283915,-58.9063015603474,11.712720877303624,-70.61902243765103,78.68669897788692,103819298.0,-0.006436099646226372
2022-03-25 00:00:00+05:30,2288.019886775004,2292.672767232153,2230.507651767691,2241.827880859375,446420,0.0,0.0,2291.286340332031,2401.7444759623104,38.87286458863346,-57.98738151267571,10.105312739980263,-68.09269425265597,77.50658586978514,103372878.0,-0.020188638299266447
2022-03-28 00:00:00+05:30,2254.443020860688,2289.6026449262595,2221.058030560187,2283.22314453125,690955,0.0,0.0,2279.910998535156,2397.0965806120726,44.108639480987826,-53.30441877201247,11.830620384514802,-65.13503915652727,76.86644504809138,104063833.0,0.012765957446808435
2022-03-29 00:00:00+05:30,2281.784291693963,2391.580424033305,2264.0845612897147,2379.63671875,1317033,0.0,0.0,2272.8167114257812,2396.411880146893,53.99289645662791,-41.33686177230993,19.03854190737387,-60.3754036796838,80.48283202634131,105380866.0,0.04288417069581663
2022-03-30 00:00:00+05:30,2386.9276937748064,2415.803611589644,2345.0524719623777,2385.440673828125,1198770,0.0,0.0,2267.8641357421875,2395.981636761843,54.51438403633602,-31.02650176035877,23.479121535460024,-54.50562329581879,79.78771114069309,106579636.0,-0.0006229849151105662
2022-03-31 00:00:00+05:30,2382.850336241149,2393.546854752444,2337.2818089462626,2357.23583984375,840572,0.0,0.0,2265.420202636719,2394.4621937454476,51.46166324746485,-24.844964270998844,23.728527219855962,-48.573491490854806,78.10752075965652,105739064.0,-0.010749519601724
2022-04-01 00:00:00+05:30,2357.2357504876127,2393.3069296747663,2323.5151352529447,2380.307861328125,745769,0.0,0.0,2268.859411621094,2393.907121885945,53.743554858028766,-17.878242709116876,24.55619902539035,-42.434441734507224,77.51354030695403,106484833.0,0.009787782505733538
2022-04-04 00:00:00+05:30,2393.5472194805725,2415.708010869289,2355.7013994661093,2406.929931640625,660191,0.0,0.0,2276.999401855469,2394.417820307697,56.296642848072274,-10.092546500843582,25.873516186930914,-35.966062687774496,76.26304538525586,107145024.0,0.005591162794338651
2022-04-05 00:00:00+05:30,2422.327125886605,2494.277436556504,2407.9370637526254,2440.02685546875,1240010,0.0,0.0,2290.61240234375,2396.206409921856,59.303940248599005,-1.2374168413962252,27.782916677102616,-29.02033351849884,77.05479249458611,108385034.0,0.0073069113551981
2022-04-06 00:00:00+05:30,2428.0827699151832,2451.5385206720766,2419.496747697873,2427.794921875,469837,0.0,0.0,2303.7864990234375,2397.445175096489,57.72304540454604,4.7386976403381595,27.0072249270696,-22.26852728673144,73.83957681455878,107915197.0,-0.00011854951723630485
2022-04-07 00:00:00+05:30,2420.4084256218403,2473.0759587960883,2409.855713500619,2435.18212890625,451071,0.0,0.0,2315.5551635742186,2398.9250556380484,58.443535255076576,9.956129232334206,25.77972521525252,-15.823595982918311,73.08105313462382,108366268.0,0.006103805923008286
2022-04-08 00:00:00+05:30,2444.391889279855,2469.1908567241367,2413.309448737264,2451.299072265625,800707,0.0,0.0,2327.6524047851562,2400.978938643051,60.04345852193509,15.216082465758518,24.831742758941466,-9.615660293182946,71.85250705264158,109166975.0,0.0028257265195740697
2022-04-11 00:00:00+05:30,2446.2143188782056,2460.700407163172,2436.7169723954994,2442.08935546875,332108,0.0,0.0,2339.8767578125,2402.591111851902,58.65380969624884,18.429047534180427,22.4357662618907,-4.006718727710272,68.43328760371521,108834867.0,-0.0016862641092491328
2022-04-12 00:00:00+05:30,2430.961194730365,2434.4149033726635,2394.554383901344,2419.25732421875,359805,0.0,0.0,2349.8658813476563,2403.2446888074646,55.240468694310955,18.914951604492217,18.33733626576199,0.5776153387302259,66.94055074397885,108475062.0,-0.004814503224891382
2022-04-13 00:00:00+05:30,2427.12361681489,2451.107051763653,2378.7250919309317,2390.14111328125,383935,0.0,0.0,2358.797314453125,2402.7308231005545,51.15234532786528,16.757429971066813,12.94385170586927,3.813578265197543,67.32922282174617,108091127.0,-0.015237173449851683
2022-04-18 00:00:00+05:30,2379.157021604938,2428.179261985408,2356.2767283368617,2408.896484375,322926,0.0,0.0,2366.1410522460938,2402.9726137387684,53.53764707043233,16.372251115080417,10.046938279906298,6.325312835174119,67.65588788080333,108414053.0,0.01250000000000007
2022-04-19 00:00:00+05:30,2413.6929301110504,2470.1978100281176,2322.6519033402483,2355.029541015625,636517,0.0,0.0,2366.999658203125,2401.092493239822,46.512567096898245,11.586816346080468,4.209202808725079,7.377613537355389,73.36231779559377,107777536.0,-0.02430441269624399
2022-04-20 00:00:00+05:30,2379.157043107546,2473.6517885696803,2365.1506216684634,2433.6474609375,1193877,0.0,0.0,2374.5808349609374,2402.3691586397313,55.65777134109237,13.977015579564977,5.27952163376767,8.697493945797307,76.59516992119816,108971413.0,0.022903245495211624
2022-04-21 00:00:00+05:30,2446.3103597757167,2565.6998518640853,2438.3478125463494,2543.68310546875,1090334,0.0,0.0,2387.5846557617188,2407.910882044791,64.74379300288966,24.46816878117488,12.616539868302059,11.851628912872822,80.55639999301154,110061747.0,0.03980392156862738
2022-04-22 00:00:00+05:30,2523.9688995738866,2529.77293817838,2477.0093767070825,2524.49658203125,829575,0.0,0.0,2398.9719970703127,2412.482870279554,62.344932520521205,30.878344846895743,15.221372747218336,15.656972099677407,79.5647806193441,109232172.0,0.00020906852594440158
2022-04-25 00:00:00+05:30,2503.8706306388376,2542.244126893839,2475.0905084475867,2488.6650390625,630796,0.0,0.0,2409.7405517578127,2415.470406310258,58.02130521979443,32.69031588837879,13.626675030961106,19.063640857417685,78.67826903555185,108601376.0,-0.006072834351053535
2022-04-26 00:00:00+05:30,2506.748998413404,2557.162233111635,2506.748998413404,2541.572998046875,616251,0.0,0.0,2424.7278076171874,2420.4156059862044,62.1908114708188,37.95799003201682,15.115479339679311,22.842510692337513,77.95104939366493,109217627.0,0.013892096757797498
2022-04-27 00:00:00+05:30,2518.260635579301,2564.26081634657,2499.073887879649,2547.472412109375,499338,0.0,0.0,2437.9402709960937,2425.398225834172,62.63644356407016,42.1231240010261,15.424490646950865,26.698633354075234,77.03932647032609,109716965.0,0.011599981398809498
2022-04-28 00:00:00+05:30,2574.813668108739,2594.0484305700743,2557.593607951116,2570.976318359375,739026,0.0,0.0,2447.5072509765623,2431.107170639082,64.43497515447466,46.78132548385656,16.066153703825062,30.7151717800315,74.86337589820988,110455991.0,-0.0014903407562624092
2022-04-29 00:00:00+05:30,2574.8614210211813,2597.549655430958,2513.4638312501843,2523.39306640625,479794,0.0,0.0,2454.4048706054687,2434.7262253750496,58.31500968876232,46.10197805125108,12.309445016975666,33.792533034275415,75.52212220410729,109976197.0,-0.019988786268163167
2022-05-02 00:00:00+05:30,2518.164675067384,2519.9395429620545,2419.017294222858,2448.708740234375,497152,0.0,0.0,2458.978515625,2435.2745592911015,50.2481034126517,39.086623096880885,4.235272050084376,34.85135104679651,77.58309720262764,109479045.0,-0.02758196694628417
2022-05-04 00:00:00+05:30,2420.4084855582737,2457.822647641814,2355.749232463302,2382.226806640625,515077,0.0,0.0,2459.074462890625,2433.194255265593,44.36476651762419,27.841428665358308,-5.607937905150564,33.44936657050887,79.33240562947651,108963968.0,-0.015774890538297708
2022-05-05 00:00:00+05:30,2392.635368760042,2426.3559829857404,2321.5483773164574,2334.595458984375,477759,0.0,0.0,2455.4577392578126,2429.3276358035846,40.688945248425526,14.914158244545888,-14.828166660770385,29.742324905316273,81.15206277517699,108486209.0,-0.024257732930590987
2022-05-06 00:00:00+05:30,2312.003261477824,2319.8697817489165,2255.7382135508087,2266.38671875,407390,0.0,0.0,2446.775732421875,2422.9377959191306,36.07893643984881,-0.8251600610497007,-24.45398797309278,23.62882791204308,80.98814725077622,108078819.0,-0.01973031071706442
2022-05-09 00:00:00+05:30,2249.598329179103,2274.0614344003466,2216.069531806754,2248.974853515625,403218,0.0,0.0,2437.8347290039064,2416.115719746444,34.98913231391617,-14.536111970898673,-30.5319519063534,15.995839935454727,79.34555834669166,107675601.0,-0.00027714977175751485
2022-05-10 00:00:00+05:30,2248.974606097343,2342.4139707029763,2240.004708151068,2317.327392578125,841473,0.0,0.0,2431.9419921875,2412.2416677006277,42.35088771031836,-19.6600328642744,-28.5246982397833,8.864665375508903,80.99296578992143,108517074.0,0.030392867173985105
2022-05-11 00:00:00+05:30,2298.8123661474942,2334.643713614997,2257.3210214063865,2292.0009765625,459255,0.0,0.0,2423.977087402344,2407.526346479525,40.51997210386419,-25.470795720852493,-27.468368877089116,1.9975731562366237,80.73080339125636,108057819.0,-0.0029630037167449295
2022-05-12 00:00:00+05:30,2272.670543799935,2303.369343885033,2237.318863141636,2287.68408203125,419477,0.0,0.0,2416.2568237304686,2402.8266498344947,40.200947277771256,-30.077489879116,-25.660050428282098,-4.417439450833902,79.68220891640924,107638342.0,0.006606121715386116
2022-05-13 00:00:00+05:30,2302.409903359389,2382.0349125172343,2300.347421506261,2333.732177734375,650616,0.0,0.0,2411.98056640625,2400.1170626933135,45.16082715460103,-29.67060741278692,-20.202534369562414,-9.468073043224507,80.72996759995031,108288958.0,0.013604125976562464
2022-05-16 00:00:00+05:30,2417.434469976795,2521.5225886153667,2393.211198127726,2511.49755859375,2801368,0.0,0.0,2418.048388671875,2404.4849252776444,59.22203430681106,-14.832984130865952,-4.291928870113155,-10.541055260752797,88.3771421200247,111090326.0,0.03891029510217006
2022-05-17 00:00:00+05:30,2503.8707857734757,2604.313371601509,2494.421218049912,2596.638671875,1462487,0.0,0.0,2427.435498046875,2412.020366320678,63.985140420496116,3.7528549316034514,11.435128153885,-7.682273222281548,89.91392865085129,112552813.0,0.03704978972102474
2022-05-18 00:00:00+05:30,2589.2517916625616,2657.2687235529856,2574.286033675693,2586.373779296875,1173271,0.0,0.0,2439.0027099609374,2418.8577550648424,63.02925325551655,17.452790345463654,20.10805085419616,-2.6552605087325074,89.41884016702566,111379542.0,-0.001111522786217171
2022-05-19 00:00:00+05:30,2515.38275999664,2626.66590269672,2515.38275999664,2542.723876953125,1592952,0.0,0.0,2444.4565307617186,2423.7152500408533,58.993320728726616,24.505422287927104,21.728546237327688,2.776876050599415,90.98057606224384,109786590.0,0.010869565217391285
2022-05-20 00:00:00+05:30,2584.406931036742,2609.397717044465,2544.306581042457,2597.69384765625,687007,0.0,0.0,2447.1570678710937,2430.537940143418,62.26987170900619,34.13679344095681,25.087933912285912,9.048859528670894,89.24438063575072,110473597.0,0.00514118595641504
2022-05-23 00:00:00+05:30,2610.3571901162813,2654.966381347596,2604.649179156213,2629.831787109375,892535,0.0,0.0,2452.423828125,2438.353385122475,64.07709170752332,43.85742648371115,27.846853564032205,16.010572919678946,86.96067728257893,111366132.0,0.007460510410924314
2022-05-24 00:00:00+05:30,2634.2925671651324,2657.268651754406,2592.2257614179284,2608.726318359375,481731,0.0,0.0,2458.426892089844,2445.0346766219614,61.9775766654139,49.289880204003566,26.623445827459694,22.666434376543872,85.39512107214314,110884401.0,-0.009705166815723218
2022-05-25 00:00:00+05:30,2622.828709189845,2638.0343021584904,2564.309122042596,2576.92431640625,556605,0.0,0.0,2460.1944580078125,2450.2068193586,58.84864001500398,50.447456265476376,22.224817511146004,28.222638754330372,84.56155386098253,110327796.0,-0.01750186454142265
2022-05-26 00:00:00+05:30,2590.3070915647104,2627.529196523188,2555.6269029002747,2614.29052734375,854405,0.0,0.0,2463.535363769531,2456.641474573704,61.31958239342918,53.76026965035635,20.43010471682078,33.33016493353557,83.65732098683473,111182201.0,0.009258916001558752
2022-05-27 00:00:00+05:30,2624.93889002874,2652.5678533913383,2618.703197064167,2630.59912109375,404877,0.0,0.0,2466.51650390625,2463.4633430646863,62.38128888774161,57.04409650859225,18.97114526004534,38.07295124854691,80.41589277688855,111587078.0,0.0021563287002647493
2022-05-30 00:00:00+05:30,2643.262604452608,2682.307593030683,2631.3188996739304,2646.284423828125,589423,0.0,0.0,2472.6610717773438,2470.6327972122726,63.421217761986675,60.218069376236144,17.716094502151385,42.50197487408476,78.36536271689174,112176501.0,0.0011432157253036205
2022-05-31 00:00:00+05:30,2657.364613125674,2704.036284216036,2606.7115512747114,2667.677490234375,1766731,0.0,0.0,2483.609509277344,2478.3600400758846,64.84849539997766,63.72512385051505,16.97851918114423,46.74660466937082,79.71960344720839,113943232.0,0.0038808664259928215
2022-06-01 00:00:00+05:30,2657.508585555031,2703.412976950436,2640.096704246842,2658.99560546875,358924,0.0,0.0,2497.44794921875,2485.4437877383502,63.761166002104886,65.05403186073545,14.645941753091705,50.408090107643744,78.54793696552166,113584308.0,0.0005595541334472964
2022-06-02 00:00:00+05:30,2664.463397164786,2672.090316281688,2604.648855380299,2612.80322265625,558032,0.0,0.0,2511.3583374023438,2490.438275382189,58.17236110047142,61.6689801701873,9.008712050034838,52.66026812015246,77.75461724665503,113026276.0,-0.019388584794787073
2022-06-03 00:00:00+05:30,2629.5438518476226,2654.150762832117,2553.276527432487,2576.060791015625,808873,0.0,0.0,2526.842041015625,2493.7960210933043,54.109617845282514,55.38307355617326,2.1782443488166336,53.204829207356624,79.4060185432961,112217403.0,-0.02033929222911352
2022-06-06 00:00:00+05:30,2573.902357556728,2586.373744305977,2530.780186370239,2545.21826171875,906875,0.0,0.0,2541.6542114257813,2495.812579549204,50.896286172174705,47.36669910206774,-4.670504084231112,52.03720318629885,77.7051284998991,111310528.0,-0.011144205122530889
2022-06-07 00:00:00+05:30,2522.481749697736,2548.7677358591686,2504.446393349,2540.2294921875,453936,0.0,0.0,2552.79931640625,2497.5544192605103,50.375180450766415,40.14830788223162,-9.511116243253788,49.65942412548541,75.32057235777548,110856592.0,0.007035825924960804
2022-06-08 00:00:00+05:30,2552.892980830883,2566.0358570478315,2512.6485874493305,2541.4287109375,260633,0.0,0.0,2565.270703125,2499.2749797184315,50.50636381426874,34.13100676546901,-12.42273388801312,46.55374065348213,73.75390787497015,111117225.0,-0.0044906974085736325
2022-06-09 00:00:00+05:30,2532.650662451675,2613.66665668632,2514.423252381,2605.560302734375,531562,0.0,0.0,2581.164514160156,2503.4430316014095,57.045844992796624,34.14355017327762,-9.92815238416361,44.07170255744123,75.5745861914237,111648787.0,0.028787878787878855
2022-06-10 00:00:00+05:30,2563.5896223566697,2625.658711473033,2563.5896223566697,2602.538818359375,666106,0.0,0.0,2594.604846191406,2507.329140886036,56.665962552360206,33.5232472500702,-8.43876424589682,41.96201149596702,74.60990782891936,110982681.0,0.01519322580456536
2022-06-13 00:00:00+05:30,2575.821180464375,2613.763025328392,2557.7855886709863,2590.978759765625,556912,0.0,0.0,2598.57890625,2510.609518097,55.152693010416584,31.73305370731441,-8.18316623092209,39.9162199382365,73.2790170309541,110425769.0,0.00588456194716016
2022-06-14 00:00:00+05:30,2580.042134057216,2640.240561137919,2567.378926119543,2612.0361328125,739832,0.0,0.0,2599.348779296875,2514.587032399569,57.385153533048616,31.648640619637263,-6.614063454879393,38.262704074516655,73.24920403005568,111165601.0,0.012400572197234656
2022-06-15 00:00:00+05:30,2632.421967898484,2639.2333574919744,2594.0004561089204,2609.493896484375,339705,0.0,0.0,2600.50478515625,2518.308870206816,57.016140548973674,31.019037261297854,-5.794933450575044,36.8139707118729,71.24803955526984,110825896.0,-0.008709876947430686
2022-06-16 00:00:00+05:30,2625.226671799526,2637.2183887363044,2524.256415191852,2544.642333984375,542478,0.0,0.0,2600.6007080078125,2519.341555060838,48.4560339719729,24.998920957626524,-9.4520398033971,34.45096076102362,74.22760626878289,110283418.0,-0.030696144710396483
2022-06-17 00:00:00+05:30,2522.5779132219186,2558.2652207705423,2479.935408916931,2498.88232421875,836170,0.0,0.0,2595.6601318359376,2518.539232282717,43.49398646296813,16.3470464824768,-14.483131422837463,30.83017790531426,74.52062095341348,109447248.0,-0.00939340223307665
2022-06-20 00:00:00+05:30,2494.277434956638,2553.660330972805,2494.2294212402385,2516.58203125,717655,0.0,0.0,2589.9976440429687,2518.4624793010416,45.805686219699936,10.79416366275882,-16.028811394044357,26.822975056803177,73.4427844376387,110164903.0,0.008942307692307598
2022-06-21 00:00:00+05:30,2534.761275657375,2600.7637367714638,2525.1198877765305,2592.897216796875,1177839,0.0,0.0,2589.206188964844,2521.3814886146038,54.45709875242485,12.408425102185902,-11.53163996369382,23.940065065879722,74.20985022934047,111342742.0,0.02293546997810392
2022-06-22 00:00:00+05:30,2589.25181311834,2602.6825376028364,2534.665605148791,2554.475830078125,273509,0.0,0.0,2588.0837646484374,2522.679305926899,50.11915612127973,10.466799368023203,-10.778612558285214,21.245411926308417,73.76749895967652,111069233.0,-0.013430900333456949
2022-06-23 00:00:00+05:30,2556.730449751024,2710.128421404699,2556.730449751024,2704.42041015625,1338537,0.0,0.0,2592.5902587890623,2529.80640805354,62.63017734817764,20.78769386323893,-0.36617445045559194,21.15386831369452,79.61643412874062,112407770.0,0.057765166609412465
2022-06-24 00:00:00+05:30,2722.455678413942,2791.2401217399256,2716.7954473421432,2760.876953125,1078547,0.0,0.0,2599.104150390625,2538.8679980563425,66.0799007540844,33.14062381724489,9.589404402840294,23.551219414404592,80.13095394695027,113486317.0,0.014112727349685038
2022-06-27 00:00:00+05:30,2790.7126944979946,2791.624018249973,2720.6810593318364,2732.48095703125,532402,0.0,0.0,2603.4139770507813,2546.460663114182,62.93309566719486,40.17596669889099,13.299797827589117,26.87616887130187,79.47466858774928,112953915.0,-0.02086626028596596
2022-06-28 00:00:00+05:30,2712.7184109401974,2768.74385752413,2704.132387762279,2747.3505859375,770778,0.0,0.0,2607.3976318359373,2554.338699303332,63.90250073012644,46.416322924053475,15.632123242201281,30.784199681852193,78.41301152875654,113724693.0,0.012766594150588416
2022-06-29 00:00:00+05:30,2733.2482367415773,2804.095162081706,2714.9247990064546,2769.223388671875,856258,0.0,0.0,2612.9090209960937,2562.765549866804,65.33850346033248,52.521368926293235,17.389735395552833,35.1316335307404,79.1813937820776,114580951.0,0.01316205072291026
2022-06-30 00:00:00+05:30,2762.8437518799774,2791.6718881518213,2670.843387120681,2680.724609375,928852,0.0,0.0,2616.3050903320313,2567.391395337714,55.68596715563636,49.646258825433506,11.611700235754483,38.03455858967902,82.15618715701065,113652099.0,-0.029722687882403558
2022-07-01 00:00:00+05:30,2662.161408200433,2695.546398108082,2638.561613382981,2669.644287109375,367512,0.0,0.0,2620.984265136719,2571.401312662093,54.598410096006724,45.94401000356538,6.327561131109086,39.616448872456296,80.35822984044569,113284587.0,0.0028108284065316153
2022-07-04 00:00:00+05:30,2680.1970252574533,2691.4212266242157,2634.100813759914,2682.691162109375,443843,0.0,0.0,2627.85791015625,2575.7656204835553,55.695624985646894,43.560585598927446,3.15530938117692,40.405276217750526,78.71267148500682,113728430.0,0.0009305796657550151
2022-07-05 00:00:00+05:30,2700.535012632554,2728.259772185292,2676.5515755754263,2691.517333984375,616329,0.0,0.0,2635.4223022460938,2580.3049033659404,56.46217053622264,41.90089545314004,1.1964953883116038,40.704400064828434,76.78378042249675,114344759.0,-0.003339219305062136
2022-07-06 00:00:00+05:30,2695.7382648237594,2801.2653855108106,2692.860252441385,2789.705322265625,1058465,0.0,0.0,2647.8361328125,2588.5166844992614,63.93732192813497,47.95572536758755,5.801060242207292,42.154665125380255,79.13837121563523,115403224.0,0.03485763386899465
2022-07-07 00:00:00+05:30,2823.330287145103,2837.720349770715,2798.7711532454214,2824.4814453125,650305,0.0,0.0,2658.782189941406,2597.770204531153,66.15383439794394,54.927197647687535,10.218026017845823,44.70917162984171,76.91527523631058,116053529.0,0.00040773060546210463
2022-07-08 00:00:00+05:30,2831.964189378368,2861.55984378261,2777.2819540143546,2812.393798828125,617742,0.0,0.0,2669.274938964844,2606.186816072211,64.666070737437,58.79896968436651,11.271838443619842,47.52713124074667,77.44117627430666,115435787.0,-0.006910536024305662
2022-07-11 00:00:00+05:30,2809.899268167096,2928.905120477864,2789.6571551720285,2922.957275390625,1346332,0.0,0.0,2685.8738647460937,2618.6091870258747,71.0740509404123,69.98221405786899,17.96406625369785,52.018147804171136,81.85594691941586,116782119.0,0.04023560862282329
2022-07-12 00:00:00+05:30,2914.946910933736,2914.946910933736,2821.891176077533,2833.930908203125,1069397,0.0,0.0,2696.968603515625,2627.053176091649,61.415751891575574,70.84467863117834,15.061224661605763,55.78345396957258,83.22810066182129,115712722.0,-0.027793303002098046
2022-07-13 00:00:00+05:30,2835.32177124959,2873.167585978857,2822.3707159588203,2846.73779296875,768270,0.0,0.0,2708.8307983398436,2635.6682591064377,62.2112903419042,71.7346838065996,12.760983869621619,58.97369993697799,80.9115841874081,116480992.0,0.0040263584313144475
2022-07-14 00:00:00+05:30,2856.8111852460293,2884.584194580129,2782.894414679285,2834.9384765625,901976,0.0,0.0,2723.34560546875,2643.482777438048,60.964126481596054,70.67323602494525,9.359628870373811,61.31360715457144,82.39574102408208,115579016.0,-0.007656336826350521
2022-07-15 00:00:00+05:30,2848.6565885900586,2921.4704430618017,2825.9203374028284,2910.6298828125,536541,0.0,0.0,2743.9329833984375,2653.959134511556,65.7126888557114,75.07428528689798,11.008542505861215,64.06574278103676,83.33533849800288,116115557.0,0.021755270351178076
2022-07-18 00:00:00+05:30,2931.5913489363484,2952.8405791065475,2889.5243093791164,2913.028076171875,568164,0.0,0.0,2763.7552856445313,2664.1187008511765,65.85441666910367,77.858162266818,11.033935588624985,66.82422667819301,81.90540501439061,116683721.0,-0.006332148841689197
2022-07-19 00:00:00+05:30,2897.1990120145874,2963.3932940771724,2892.402324908603,2952.552734375,728004,0.0,0.0,2781.7380615234374,2675.4298394207385,68.18829000946839,82.30495414743928,12.384581975396998,69.92037217204228,81.1258024539748,117411725.0,0.01910594409664733
2022-07-20 00:00:00+05:30,2962.4338811063217,2984.4986412311423,2904.8736373024426,2921.182373046875,432912,0.0,0.0,2800.073388671875,2685.0671936805875,64.42446315682254,82.34848073830426,9.942486853009584,72.40599388529468,81.0186025593123,116978813.0,-0.01392487046632119
2022-07-21 00:00:00+05:30,2928.857373998611,2966.367563761,2907.751949095902,2955.91064453125,469152,0.0,0.0,2812.647900390625,2695.688505478653,66.62101421917079,84.2144849864444,9.446792880919787,74.76769210552462,79.41838913829699,117447965.0,0.009236800252825122
2022-07-22 00:00:00+05:30,2959.6995463864737,3049.733450817021,2952.45673672853,3019.6103515625,1461794,0.0,0.0,2825.5845703125,2708.3913229721375,70.24948238961683,89.79820300686515,12.024408721072433,77.77379428579272,80.69398377759659,118909759.0,0.02024219155933311
2022-07-25 00:00:00+05:30,3012.319498908616,3025.654195361802,2943.343232093424,2961.186767578125,623585,0.0,0.0,2837.0198608398437,2718.304869819431,63.438092495837715,88.48899871064259,8.572163539879895,79.9168351707627,80.80948231265242,118286174.0,-0.016974537843351845
2022-07-26 00:00:00+05:30,2964.352502459535,2972.8905114512318,2885.638823634105,2900.36474609375,676813,0.0,0.0,2844.6705688476563,2725.444472810581,57.21818367896459,81.60294806145112,1.3488903125507363,80.25405774890038,81.26963984868631,117609361.0,-0.021585744715817104
2022-07-27 00:00:00+05:30,2900.364859608805,2938.4985219338987,2890.96330607972,2933.078125,527215,0.0,0.0,2852.8633056640624,2733.586968974872,59.51725824662585,77.8875602796893,-1.8931979753688637,79.78075825505816,78.86003813479292,118136576.0,0.011279017287365425
2022-07-28 00:00:00+05:30,2940.4653900547514,2954.7594247554434,2907.8479158853734,2929.816650390625,486390,0.0,0.0,2865.317907714844,2741.282250599019,59.17582059645328,73.82886178918807,-4.761517172696074,78.59037896188414,76.57800033016986,117650186.0,-0.003621447033569113
2022-07-29 00:00:00+05:30,2957.637080805896,3017.1159971244056,2941.7119869450057,2967.662109375,570564,0.0,0.0,2880.218798828125,2750.1598921196455,61.90669428184096,72.82662623225906,-4.611002183700066,77.43762841595913,77.34381078757062,118220750.0,0.0033895397897744897
2022-08-01 00:00:00+05:30,2983.44338171084,3046.424024557108,2947.468228063663,2962.817626953125,891876,0.0,0.0,2894.2251220703124,2758.4994111327233,61.341036778947796,70.82501144337857,-5.290093578064443,76.11510502144301,78.88752405227595,117328874.0,-0.006913405792835074
2022-08-02 00:00:00+05:30,2930.775692027738,3019.994068249859,2794.597797959308,2994.0439453125,1843785,0.0,0.0,2909.351452636719,2767.7364516887933,63.646809776988505,70.94066045006502,-4.139555657102392,75.08021610716742,89.35243449786704,119172659.0,0.021587545391775848
2022-08-03 00:00:00+05:30,3001.7666722135496,3041.099504927118,2945.693449004779,3010.592529296875,1218915,0.0,0.0,2920.3958129882812,2777.26021943813,64.84353990439463,71.54294303297365,-2.8298184593550104,74.37276149232866,89.78483602818645,120391574.0,0.0029402208922577984
2022-08-04 00:00:00+05:30,3022.8722969466435,3066.5221508060763,2974.9054245736406,3017.8837890625,928111,0.0,0.0,2930.0659301757814,2786.6964378547723,65.38423697993706,71.78115161304595,-2.073287903426177,73.85443951647213,89.91568532848997,121319685.0,-0.0016502542595604479
2022-08-05 00:00:00+05:30,3023.831555617297,3050.5011828045385,2941.328537285099,2963.968994140625,518285,0.0,0.0,2937.6446899414063,2793.648302807159,58.25018513702978,66.84886812374543,-5.604457114181358,72.45332523792679,91.29118248498636,120801400.0,-0.019796923332408116
2022-08-08 00:00:00+05:30,2964.35261668931,3017.212202018481,2947.228350121198,2990.014892578125,595708,0.0,0.0,2940.9975708007814,2801.3489533864126,60.492804028324414,64.30046847758376,-6.522285408274428,70.82275388585819,89.7692303001504,121397108.0,0.008656957928802582
2022-08-10 00:00:00+05:30,3004.6447268899547,3040.476072347067,2990.5905277116017,3026.27783203125,814819,0.0,0.0,2950.6149169921873,2810.1696937254255,63.43752942322208,64.4638602954833,-5.087114872299921,69.55097516778322,86.9615124050641,122211927.0,0.0071998878761574325
2022-08-11 00:00:00+05:30,3123.6026934365527,3133.148054087668,3011.5520340037974,3047.287353515625,2187872,0.0,0.0,2960.6423950195312,2819.468425481904,65.06233110233082,65.53321616529183,-3.214207201993119,68.74742336728495,89.43540581069313,124399799.0,-0.024431833178171082
2022-08-12 00:00:00+05:30,3069.064437490522,3110.9766769095795,3023.6755046516123,3100.1123046875,1327610,21.0,0.0,2973.901086425781,2830.474067803692,68.81482995753952,69.83816953380665,0.872596933217352,68.9655726005893,89.282960556927,125727409.0,0.010116394695956597
2022-08-16 00:00:00+05:30,3107.693442962386,3227.4429727719994,3100.9333888602305,3223.62841796875,1700743,0.0,0.0,2989.5510131835936,2845.891885457224,75.45355212907909,82.26825691295608,10.642147449893415,71.62610946306266,92.00065395175359,127428152.0,0.037305795161008445
2022-08-17 00:00:00+05:30,3224.546042667123,3315.613682461087,3220.7798208434247,3281.137451171875,1654567,0.0,0.0,3007.9564819335938,2862.9603390146613,77.82097560057278,95.65701455199223,19.224724071143655,76.43229048084858,92.20302592788994,129082719.0,0.017550193967130805
2022-08-18 00:00:00+05:30,3283.454730927882,3320.152166155899,3259.021917687466,3294.4638671875,591901,0.0,0.0,3025.052038574219,2879.8820460018314,78.34224556735802,106.11974942653478,23.749967156548962,82.36978226998582,89.98354182364301,129674620.0,0.003352912454044101
2022-08-19 00:00:00+05:30,3295.091762633498,3341.398084892572,3277.950197313601,3306.728759765625,1151041,0.0,0.0,3044.3293579101564,2896.621132816098,78.83526957942841,114.08610294499795,25.3730565400097,88.71304640498825,88.08813794902358,130825661.0,0.003531615496749142
2022-08-22 00:00:00+05:30,3284.420359161293,3297.9887997429764,3215.950767064745,3247.96435546875,928071,0.0,0.0,3058.9320434570313,2910.3992984103197,70.5486290865624,114.33966273270426,20.501293062172792,93.83836967053146,88.28027043129904,129897590.0,-0.01109967656571601
2022-08-23 00:00:00+05:30,3245.791455673547,3360.712367076449,3223.724614931517,3345.985107421875,1604447,0.0,0.0,3075.25078125,2927.4810948421455,75.22636818057427,121.0546238306415,21.773003328088024,99.28162050255348,91.75937626798712,131502037.0,0.030868789050877768
2022-08-24 00:00:00+05:30,3337.583454884808,3354.435256073146,3276.7429708967243,3332.416748046875,856684,0.0,0.0,3093.8122802734374,2943.360924379586,73.48643860020086,123.85371711870494,19.657677292921164,104.19603982578377,90.75458404716102,130645353.0,-0.0015480382461661108
2022-08-25 00:00:00+05:30,3336.569493350605,3393.25732731334,3291.9531843276336,3362.11279296875,1244869,0.0,0.0,3116.8996826171874,2959.7825662850432,74.85710813756735,127.00421581829232,18.246540794006833,108.75767502428549,91.50812397134281,131890222.0,0.007655557502713387
2022-08-26 00:00:00+05:30,3322.083447759467,3335.410457582196,3226.573642945165,3240.09375,1742915,0.0,0.0,3132.2504638671876,2970.7751617248455,60.92089827298563,118.29150093506814,7.627060728626105,110.66444020644204,94.65319726078869,130147307.0,-0.024680204169694766
2022-08-29 00:00:00+05:30,3176.259536399841,3224.35253731304,3131.498229104697,3178.7705078125,1436918,0.0,0.0,3144.6981567382813,2978.9318419635774,55.344330933268004,105.22536595536121,-4.351259400864677,109.57662535622589,95.64907752039684,128710389.0,0.0007905435257677025
2022-08-30 00:00:00+05:30,3207.93527286499,3281.137045020546,3203.2997602751675,3243.61865234375,1236651,0.0,0.0,3158.495983886719,2989.311716880447,59.5600212551217,98.96228750417731,-8.491470281638868,107.45375778581618,96.12889606951464,129947040.0,0.011123472403135881
2022-09-01 00:00:00+05:30,3129.9047292691225,3317.158114443613,3129.9047292691225,3294.656982421875,1592544,0.0,0.0,3175.0879516601562,3001.2860410193266,62.55612260275857,96.99897558991779,-8.363825756718711,105.3628013466365,102.6377881484415,131539584.0,0.052638104799830276
2022-09-02 00:00:00+05:30,3332.706634880325,3350.089630947508,3297.940642745961,3304.79736328125,1038097,0.0,0.0,3190.625622558594,3013.188445813912,63.140425967473334,95.16428608929573,-8.158812205872621,103.32309829516835,99.26599246109804,132577681.0,-0.008374355938495994
2022-09-05 00:00:00+05:30,3326.863793641079,3328.843570798412,3263.222811269964,3283.9375,561306,0.0,0.0,3204.29287109375,3023.806055781994,61.0305978720498,90.9783233288872,-9.875819973024932,100.85414330191213,96.86276153733733,132016375.0,-0.012902930899403779
2022-09-06 00:00:00+05:30,3295.0435423415934,3306.7288731282083,3283.454878066066,3293.4501953125,355149,0.0,0.0,3218.07119140625,3034.3803357635825,61.65977230157371,87.42078035544591,-10.74669035717298,98.1674707126189,91.60642107482339,132371524.0,-0.00048355871739438915
2022-09-07 00:00:00+05:30,3245.502009560779,3301.803651593175,3245.502009560779,3267.665283203125,662832,0.0,0.0,3233.256005859375,3043.5287650749374,58.88456429892648,81.58036731219636,-13.26968272033804,94.8500500325344,89.08465114322144,131708692.0,0.006828920018245688
2022-09-08 00:00:00+05:30,3284.034450722534,3344.778272492794,3284.034450722534,3308.322265625,640524,0.0,0.0,3249.1713745117186,3053.912823920038,61.803792441370334,79.31814637678326,-12.425522924600912,91.74366930138417,88.22953243939625,132349216.0,0.007395724760780833
2022-09-09 00:00:00+05:30,3341.3980183638128,3363.6096236881963,3309.5775265861,3354.09716796875,567370,0.0,0.0,3265.5623413085937,3065.684758980772,64.83137180566187,80.2933997183195,-9.160215666451734,89.45361538477124,85.87651998395339,132916586.0,0.0038005498103322807
2022-09-12 00:00:00+05:30,3364.5754686321084,3431.2102870407234,3346.323417028973,3417.641845703125,761569,0.0,0.0,3284.0800659179686,3079.4869976757664,68.55727761304722,85.21155369727012,-3.3936493500008993,88.60520304727102,85.80583070022462,133678155.0,0.015772087018333738
2022-09-13 00:00:00+05:30,3433.141775829829,3459.3129368404448,3390.1671460057987,3401.27294921875,528699,0.0,0.0,3299.1380981445313,3092.106054599021,66.59989865366339,86.78795548604558,-1.4537980489803601,88.24175353502594,84.6158278526833,133149456.0,-0.00928270042194103
2022-09-14 00:00:00+05:30,3333.6721648741213,3441.784689810592,3333.6721648741213,3420.39404296875,508971,0.0,0.0,3308.9763793945312,3104.9800933586184,67.75793505845321,88.55932099877782,0.25405397100149685,88.30526702777632,86.29416335866813,133658427.0,0.026013919127498626
2022-09-15 00:00:00+05:30,3437.5357050713365,3546.131094062737,3431.548275977585,3498.08642578125,1625125,0.0,0.0,3319.823828125,3120.396027963428,72.00513918523484,95.13560290976375,5.464268705589944,89.6713342041738,89.11151248261946,135283552.0,0.017614572154286027
2022-09-16 00:00:00+05:30,3510.39950493592,3515.6143094790286,3409.191791174293,3427.347412109375,957393,0.0,0.0,3326.4680053710936,3132.4333371456223,63.768471653561456,93.56079587577369,3.111569337279903,90.44922653849379,90.34801289848491,134326159.0,-0.023658872077029054
2022-09-19 00:00:00+05:30,3428.2644651382884,3509.143675522804,3373.701176938585,3467.18310546875,517408,0.0,0.0,3334.49072265625,3145.560779040647,66.11888275145716,94.43852891341567,3.1914418999375016,91.24708701347816,93.56904759032308,134843567.0,0.011352286477960414
2022-09-20 00:00:00+05:30,3500.4042968808453,3610.1104148992777,3495.913783705045,3584.32568359375,854400,0.0,0.0,3351.3087890625,3162.767245885867,71.8931450492353,103.39469602793952,9.71808721156907,93.67660881637045,97.09463772176626,135697967.0,0.023974769653804188
2022-09-21 00:00:00+05:30,3592.4857719735014,3657.430575243721,3545.503491871936,3555.836669921875,883098,0.0,0.0,3361.8013671875,3178.181733102965,68.8212345181433,106.96072106944848,10.627289802462428,96.33343126698605,98.154098125339,134814869.0,-0.010201599777385769
2022-09-22 00:00:00+05:30,3553.8570981994,3631.018194691186,3544.586072330087,3620.25048828125,659825,0.0,0.0,3376.1930541992188,3195.5177627177995,71.75943101493674,113.67411399309458,13.872546180886815,99.80156781220776,97.31681414217901,135474694.0,0.018682065217391294
2022-09-23 00:00:00+05:30,3634.977430536135,3645.069177789049,3526.237044336179,3562.01708984375,436539,0.0,0.0,3386.188269042969,3209.89028535019,65.7288935771688,112.99306396967631,10.55319692597483,102.43986704370148,98.85362266437119,135038155.0,-0.02007174517219053
2022-09-26 00:00:00+05:30,3544.0548936020773,3544.151324336652,3353.17980327714,3395.0439453125,979894,0.0,0.0,3393.9357788085936,3217.1512131918494,52.186526127523344,97.85201251898206,-3.670283619775546,101.52229613875761,106.70959865738827,134058261.0,-0.04204532738998486
2022-09-27 00:00:00+05:30,3422.3256282272614,3491.0849866184367,3367.762335905286,3448.15869140625,651919,0.0,0.0,3407.4051879882813,3226.210329984571,55.33878565551135,89.11131648367791,-9.928783724063763,99.04010020774167,107.89624523279988,134710180.0,0.007548394274910049
2022-09-28 00:00:00+05:30,3408.032956931651,3540.047107910596,3408.032956931651,3503.92919921875,670814,0.0,0.0,3420.4207153320312,3237.1012660329707,58.4372739842537,85.69660862928049,-10.674793262768958,96.37140189204945,109.61895278609597,135380994.0,0.028138296635909648
2022-09-29 00:00:00+05:30,3521.698221691174,3552.166796660324,3481.427663144286,3499.873046875,578779,0.0,0.0,3430.6815185546875,3247.406041752266,58.12144637476648,81.72110048084369,-11.720241128964616,93.4413416098083,106.8418228382347,134802215.0,-0.0061973438501192754
2022-09-30 00:00:00+05:30,3499.728320767298,3567.184099205102,3461.003008636022,3545.7451171875,517861,0.0,0.0,3442.72890625,3259.1056133379616,60.707785207408214,81.33440197943764,-9.685551704296529,91.01995368373417,106.79462767615222,135320076.0,0.0131486767550325
2022-10-03 00:00:00+05:30,3651.3947922307534,3652.2638477006,3326.8638749549264,3344.63330078125,2180504,0.0,0.0,3445.7636962890624,3262.4596402965217,47.00248637299568,64.0614374347665,-21.566812999174147,85.62825043394065,122.40929518111804,133139572.0,-0.08401214026547182
2022-10-04 00:00:00+05:30,3403.203978496396,3457.187738443561,3396.1058282165754,3433.141357421875,961129,0.0,0.0,3452.748254394531,3269.1530409681045,52.124996645486114,56.85891488893685,-23.015468436003047,79.8743833249399,121.70537678691755,134100701.0,0.008796821793416594
2022-10-06 00:00:00+05:30,3437.9700851953176,3473.557032773608,3399.3412078335723,3410.30224609375,530684,0.0,0.0,3459.8801025390626,3274.6883039142085,50.76153425606569,48.74602464151212,-24.90268694674222,73.64871158825434,118.31326594071173,133570017.0,-0.008047725377457928
2022-10-07 00:00:00+05:30,3410.3024373518497,3428.3130581230603,3348.689327350061,3378.626708984375,458833,0.0,0.0,3463.3953247070312,3278.764319799313,48.852924415556885,39.307437873220806,-27.473018972026836,66.78045684524764,115.54972771444655,133111184.0,-0.009288246115811168
2022-10-10 00:00:00+05:30,3342.36387708796,3420.5873599091465,3332.996420744016,3410.5439453125,412736,0.0,0.0,3466.217663574219,3283.9321482508103,50.85795773729401,34.01069002254917,-26.215813458158784,60.226503480707954,113.55267138949539,133523920.0,0.020398756907324466
2022-10-11 00:00:00+05:30,3427.4922337010157,3428.9408167397755,3276.211972661981,3291.1806640625,661794,0.0,0.0,3459.8946044921877,3284.2164037728376,43.9232879927211,19.95137294555525,-32.22010442812217,52.17147737367742,116.35096943865963,132862126.0,-0.03977005937408824
2022-10-12 00:00:00+05:30,3307.6460789867106,3349.751415396231,3261.2430911950883,3339.65966796875,660964,0.0,0.0,3456.8139404296876,3286.3906494275793,47.079446916436346,12.576143376949403,-31.676267197382415,44.25241057433182,114.3622090645513,133523090.0,0.009678662171693631
2022-10-13 00:00:00+05:30,3348.9309947853462,3433.093577703046,3326.91248474209,3352.21435546875,753969,0.0,0.0,3453.4049560546873,3288.9719712331157,47.897296585789576,7.656025271894578,-29.277108241949797,36.933133513844375,113.7778436285802,134277059.0,0.0009804205247932324
2022-10-14 00:00:00+05:30,3423.1464477086806,3433.045098366906,3350.8622963164344,3358.008544921875,387253,0.0,0.0,3446.4010620117188,3291.679287848361,48.29444948930953,4.176198276765717,-26.205548189662927,30.381746466428645,111.5210549444296,134664312.0,-0.019028663769382805
2022-10-17 00:00:00+05:30,3351.0551762543632,3404.1698836589712,3346.516330230543,3394.222900390625,492114,0.0,0.0,3444.744836425781,3295.700605987274,50.81780335349456,4.291140545590224,-20.87248473667074,25.163625282260963,107.67337626471519,135156426.0,0.012881830308897637
2022-10-18 00:00:00+05:30,3411.2195599003894,3497.844768328287,3408.9500190964204,3488.67041015625,522357,0.0,0.0,3445.819201660156,3303.268049288018,56.74646942146875,11.866567426450274,-10.637646284648554,22.504213711098828,107.38398281278282,135678783.0,0.022704739139723453
2022-10-19 00:00:00+05:30,3505.4738590370644,3558.685230469004,3476.7436322781896,3488.477294921875,645494,0.0,0.0,3441.0267822265623,3310.5311569599344,56.731410864406904,17.651094195590304,-3.882495612406821,21.533589807997124,105.56666962549937,135033289.0,-0.004848578194748891
2022-10-20 00:00:00+05:30,3473.702096674648,3534.5425837723697,3437.970382029955,3525.995849609375,515240,0.0,0.0,3439.5347412109377,3318.9807527501084,59.007370411396465,24.97491190493838,2.753057677553006,22.221854227385375,104.92420763385046,135548529.0,0.015054184693842145
2022-10-21 00:00:00+05:30,3525.995676969756,3558.3956962223638,3445.6959894613583,3505.087890625,532326,0.0,0.0,3433.776611328125,3326.279071882457,57.201649692228735,28.76045997014853,5.230884594210522,23.52957537593801,105.47960042864723,135016203.0,-0.0059296120189019
2022-10-24 00:00:00+05:30,3558.588720829383,3558.588720829383,3506.150207538622,3516.38671875,63729,0.0,0.0,3431.4950927734376,3333.7342737204,57.95052810538459,32.299921695368084,7.016277055544059,25.283644639824026,101.76683112691407,135079932.0,-0.011859196268555347
2022-10-25 00:00:00+05:30,3550.959847348696,3596.348782030608,3524.88535295696,3583.456298828125,571186,0.0,0.0,3440.9157104492188,3343.52729431286,62.18084561737426,40.0551938601584,11.817239376267494,28.237954483890903,100.20934770932078,135651118.0,0.009151455627889594
2022-10-27 00:00:00+05:30,3612.814389532377,3612.814389532377,3535.508295116556,3583.456298828125,583285,0.0,0.0,3447.6805908203123,3352.936274882086,62.18084561737427,45.674792349836025,13.949470292756097,31.72532205707993,98.57340104549937,135651118.0,-0.008126099915155588
2022-10-28 00:00:00+05:30,3593.4514088623355,3643.765617226946,3570.418845835097,3617.35302734375,478514,0.0,0.0,3453.3517822265626,3363.305559292347,64.28677156456305,52.2611137563872,16.42863335944582,35.832480396941385,96.77149892738147,136129632.0,0.006651437785541567
2022-10-31 00:00:00+05:30,3635.4605938721015,3731.6466026847215,3629.1834006564895,3718.46435546875,678149,0.0,0.0,3464.28134765625,3377.2333552208333,69.70575822619433,64.89162976572061,23.247319495023376,41.64431027069723,98.02307581406647,136807781.0,0.02283170438886309
2022-11-01 00:00:00+05:30,3756.3203720856905,3756.3203720856905,3623.340503766321,3668.1982421875,746053,0.0,0.0,3470.40400390625,3388.6437429450166,64.46858116902315,70.03799504101653,22.71494781625543,47.3230472247611,100.51998956444525,136061728.0,-0.023459694905964792
2022-11-02 00:00:00+05:30,3717.836526446467,3717.836526446467,3568.3427167604063,3601.370361328125,1177767,0.0,0.0,3483.240856933594,3396.985963273766,58.20717091760401,67.94089477457737,16.494278039853015,51.44661673472436,104.01811957313207,134883961.0,-0.03132632763433013
2022-11-03 00:00:00+05:30,3571.239950858998,3618.5603287908775,3523.29194793681,3549.269775390625,738117,0.0,0.0,3489.0472778320313,3402.9578774744273,53.8185726785114,61.367440191616424,7.9366587655136485,53.430781426102776,103.39313823605602,134145844.0,-0.006151974040021685
2022-11-04 00:00:00+05:30,3568.34293832428,3601.177487689104,3520.0568363171856,3541.2060546875,631943,0.0,0.0,3495.5924682617188,3408.379374620038,53.15063591043557,54.874693893131735,1.1551299736231684,53.719563919508566,101.80224631718905,133513901.0,-0.007604897877198931
2022-11-07 00:00:00+05:30,3554.0500907746755,3635.943364301655,3553.8569935272485,3626.430908203125,505944,0.0,0.0,3507.9826782226564,3416.930415152708,58.94943174525583,55.96099557627031,1.793145325409391,54.167850250860916,101.29760798125805,134019845.0,0.020365727994754484
2022-11-09 00:00:00+05:30,3661.9692941600206,3661.9692941600206,3569.5980841275755,3604.99169921875,490411,0.0,0.0,3517.7050659179686,3424.3053674690236,57.03686354237425,54.464104205887,0.2370031640208623,54.227101041866135,100.66000812777142,133529434.0,-0.015559277089553
2022-11-10 00:00:00+05:30,3611.220826890031,3611.220826890031,3511.461930852364,3573.992431640625,442138,0.0,0.0,3531.845654296875,3430.1754484169296,54.293926031663,50.19777646837565,-3.223459658792386,53.42123612716804,100.59564297847825,133087296.0,-0.0103090885420781
2022-11-11 00:00:00+05:30,3602.143139458534,3610.834637650257,3380.9927965802485,3399.00341796875,2463500,0.0,0.0,3534.812841796875,3428.9530158503344,42.01175510464435,32.323920011105656,-16.87785289284991,49.201772903955565,109.8275142707304,130623796.0,-0.05639412805797588
2022-11-14 00:00:00+05:30,3416.000170612401,3442.7989563172546,3378.0955818226525,3396.05810546875,659139,0.0,0.0,3537.005029296875,3427.663019364782,41.840192415912654,17.716868854998665,-25.187923239165528,42.90479209416419,106.60436142957839,129964657.0,-0.005837840792635465
2022-11-15 00:00:00+05:30,3399.341342624172,3435.9421110669355,3380.026903177444,3387.704345703125,552511,0.0,0.0,3538.4898193359377,3426.096012554521,41.324729621206544,5.404299576403446,-30.000394014208602,35.40469359061205,102.98370760528644,129412146.0,-0.0034233093261718394
2022-11-16 00:00:00+05:30,3394.5610758108523,3460.954461600565,3340.2392147101777,3382.972412109375,1048177,0.0,0.0,3537.927294921875,3424.404890968437,41.0164794159758,-4.681363929420513,-32.06884601602605,27.387482086605537,104.25024612565079,128363969.0,-0.003413891646863117
2022-11-17 00:00:00+05:30,3380.0270013416257,3380.0270013416257,3303.783296565757,3323.870361328125,889808,0.0,0.0,3529.687292480469,3420.462360394307,37.276438460984735,-17.244581679445673,-35.705651012840974,18.461069333395297,102.46016536979128,127474161.0,-0.016614257812499894
2022-11-18 00:00:00+05:30,3331.644286406127,3339.032201286649,3260.3258570365942,3274.0390625,868754,0.0,0.0,3518.965380859375,3414.720270280805,34.42613812615717,-30.866185445048814,-39.461803822755286,8.595618377706476,100.76346386123868,126605407.0,-0.017290328424666882
2022-11-21 00:00:00+05:30,3274.231993917103,3294.0776274815653,3249.654417025936,3262.788330078125,631291,0.0,0.0,3505.8050048828127,3408.762154978739,33.797779398529876,-42.08412505067008,-40.543794742701245,-1.5403303079688362,96.7391600465523,125974116.0,-0.0034950681137555597
2022-11-22 00:00:00+05:30,3264.5749119517527,3291.1322671486696,3239.031612016749,3259.360107421875,461525,0.0,0.0,3493.5186157226562,3402.90325115298,33.59655206980333,-50.66699435471037,-39.30133123739323,-11.365663117317142,93.55069540979288,125512591.0,-0.0015973915963104664
2022-11-23 00:00:00+05:30,3275.6805521466267,3301.755045043376,3259.311612093616,3265.00927734375,738556,0.0,0.0,3480.949743652344,3397.495644336932,34.29081689745141,-56.36341692844235,-35.998203048900166,-20.365213879542182,89.90017666264767,126251147.0,-0.0032577275570670645
2022-11-24 00:00:00+05:30,3281.378354253066,3286.255061382141,3231.595341605752,3261.5810546875,407602,0.0,0.0,3464.8559814453124,3392.165660429111,34.05810207689179,-60.457584376982595,-32.07389639795233,-28.383687979030263,87.38300117077203,125843545.0,-0.006033226720078233
2022-11-25 00:00:00+05:30,3277.901857434493,3304.942073095734,3235.1686594698544,3297.071533203125,512690,0.0,0.0,3450.5367431640625,3388.4364789692686,38.69641059557614,-60.145140822575286,-25.40916227483602,-34.735978547739265,86.12517348899401,126356235.0,0.005848154277454568
2022-11-28 00:00:00+05:30,3296.6853372042856,3331.2582339822707,3285.48310281179,3323.435791015625,435882,0.0,0.0,3435.8408813476562,3385.8874323828513,41.96226645077397,-57.11180247641505,-17.900659142940626,-39.211143333474425,83.2430276091002,126792117.0,0.008114348527428709
2022-11-29 00:00:00+05:30,3332.1270047781,3345.985209413775,3288.2833214673224,3299.0029296875,456872,0.0,0.0,3414.867810058594,3382.4801969830337,39.84382902656815,-56.033468750169504,-13.45786033335606,-42.575608416813445,81.41866049033966,126335245.0,-0.009940820095723156
2022-11-30 00:00:00+05:30,3302.5759430022986,3384.372544300541,3299.920207662927,3365.05810546875,1151772,0.0,0.0,3399.710803222656,3381.796977707964,47.55279699538972,-49.28070358893501,-5.364076137697253,-43.91662745123776,81.70087149910404,127487017.0,0.018919220494790584
2022-12-01 00:00:00+05:30,3369.983638302151,3380.0270529507,3312.426511891686,3319.62109375,518865,0.0,0.0,3385.62333984375,3379.3587077488282,43.42998676455613,-47.05307707733846,-2.5091597008805593,-44.5439173764579,80.69370503909762,126968152.0,-0.014944447794863638
2022-12-02 00:00:00+05:30,3317.254996937846,3317.254996937846,3211.025579277537,3217.640869140625,1453049,0.0,0.0,3369.04189453125,3373.0168317249772,35.90561085245197,-52.90674286099738,-6.690260387631582,-46.2164824733658,82.68669142719514,125515103.0,-0.030029083651746617
2022-12-05 00:00:00+05:30,3214.0191754277976,3244.825609975632,3212.087731612336,3229.76025390625,518257,0.0,0.0,3353.4696044921875,3367.3989267124784,37.29596541370933,-55.92323387417309,-7.7654011206458335,-48.15783275352726,79.11891906548804,126033360.0,0.0048976305427167344
2022-12-06 00:00:00+05:30,3220.682806519976,3223.579972462873,3165.8297508467417,3186.5927734375,944559,0.0,0.0,3331.4776977539063,3360.308489329146,34.43102060306973,-61.0928394190496,-10.34800533241787,-50.74483408663173,78.03403220791806,125088801.0,-0.010584722287293855
2022-12-07 00:00:00+05:30,3186.6413464907214,3210.929161830913,3142.4595625368006,3148.109130859375,943407,0.0,0.0,3308.6335693359374,3351.9869458597436,32.066160150160115,-67.5168056850107,-13.41757727870317,-54.099228406307525,77.35085842836052,124145394.0,-0.01209179554322292
2022-12-08 00:00:00+05:30,3172.3000690199137,3215.8542250554283,3163.705237622097,3208.418212890625,862490,0.0,0.0,3290.3548583984375,3346.356799468798,39.12285195011217,-66.96942449846983,-10.29615687372985,-56.673267624739985,76.66473241176715,125007884.0,0.011385475234021608
2022-12-09 00:00:00+05:30,3220.682700278812,3247.722914853866,3212.1359667204115,3243.08740234375,660249,0.0,0.0,3282.5590576171876,3342.3070191893844,42.80115812387459,-63.01174692302811,-5.0707834386304995,-57.940963484397614,73.99615880830099,125668133.0,0.006956507098013299
2022-12-12 00:00:00+05:30,3226.477471851717,3238.0178035625167,3174.3284794901506,3206.6318359375,541993,0.0,0.0,3273.087744140625,3336.986423767742,40.06014603452921,-62.101056149343094,-3.3280741319563774,-58.77298201738672,73.62207052582231,125126140.0,-0.0061508676528360395
2022-12-13 00:00:00+05:30,3192.6769576644087,3227.587713936251,3187.896680880377,3199.43701171875,584450,0.0,0.0,3263.6743774414062,3331.5923291775857,39.52220140198675,-61.25379372986754,-1.984649369984659,-59.26914435988288,71.19842499225457,124541690.0,0.0021173623714459814
2022-12-14 00:00:00+05:30,3214.888490537902,3268.9689217395007,3211.0256025949307,3253.903564453125,676995,0.0,0.0,3257.2209350585936,3328.5457109530976,45.48977036536617,-55.54702502092823,2.9776954711637202,-58.52472049209195,71.07938820857572,125218685.0,0.012135747174451872
2022-12-15 00:00:00+05:30,3252.5515167388758,3266.4097209838837,3183.55073079618,3190.262451171875,338209,0.0,0.0,3250.5405395507814,3323.1228380205007,40.465438827909026,-55.51967937087966,2.404032896969838,-57.923712267849496,71.92078834994203,124880476.0,-0.01915083135391934
2022-12-16 00:00:00+05:30,3177.2252385979627,3232.5611538896387,3167.568019027756,3178.62548828125,771552,0.0,0.0,3245.7698608398437,3317.456275285628,39.60406654921667,-55.793856549485554,1.703884574691159,-57.49774112417671,71.4259559579378,124108924.0,0.0004407146419072118
2022-12-19 00:00:00+05:30,3179.156742334485,3292.629074419632,3169.6442865700506,3272.735107421875,890120,0.0,0.0,3246.267199707031,3315.7025039968535,49.04972465036509,-47.865520258833385,7.705776692274668,-55.57129695110805,75.10872966448379,124999044.0,0.029434964259948546
2022-12-20 00:00:00+05:30,3254.4832094510634,3262.5951801153847,3178.191169822982,3199.87158203125,711013,0.0,0.0,3243.2927734375,3311.160114900163,43.39138648960191,-46.92085971744564,6.92034978692994,-53.84120950437558,76.49695880265588,124288031.0,-0.016780429919324987
2022-12-21 00:00:00+05:30,3215.854036090373,3235.16847474557,3150.1849446627016,3161.04931640625,485199,0.0,0.0,3238.094775390625,3305.2734169200094,40.69752242944539,-48.74296327798311,4.078596981113982,-52.82156025909709,77.10314246552822,123802832.0,-0.017042042042042137
2022-12-22 00:00:00+05:30,3161.7735898338565,3183.1642362137795,3086.9784737223245,3096.15283203125,613152,0.0,0.0,3229.8233642578125,3297.07260966947,36.60630111108094,-54.79198945614735,-1.576343357640198,-53.21564609850715,78.46618675309443,123189680.0,-0.020754413919326427
2022-12-23 00:00:00+05:30,3080.749800428907,3090.310353777117,2998.6150984030305,3006.920166015625,581956,0.0,0.0,3215.3157958984375,3285.6940824673584,31.863205791482226,-66.0251201957717,-10.247579277811639,-55.77754091796007,79.82844010131764,122607724.0,-0.0239648264857481
2022-12-26 00:00:00+05:30,3008.223788815367,3117.977991007024,2982.342394136016,3052.888427734375,530294,0.0,0.0,3201.788427734375,3276.564448948418,36.43260709099966,-70.4065992398987,-11.703246657550899,-58.7033525823478,83.81466558486693,123138018.0,0.01484751203852326
2022-12-27 00:00:00+05:30,3066.118855340565,3103.0093866441985,3042.024139863341,3092.048583984375,422130,0.0,0.0,3191.440710449219,3269.3285326753185,40.1168899853527,-69.91314045122454,-8.967830295101386,-60.94531015612315,82.18399281315196,123560148.0,0.008456856980167484
2022-12-28 00:00:00+05:30,3078.8665628845715,3122.758817298756,3066.746940154577,3101.464599609375,318724,0.0,0.0,3178.26103515625,3262.745633339399,41.002333461433565,-67.9786613452693,-5.626680951316921,-62.35198039395238,80.31455597965393,123878872.0,0.007339725922916099
2022-12-29 00:00:00+05:30,3072.010084606604,3371.094147604186,3054.8201854641384,3168.72705078125,881072,0.0,0.0,3170.7163330078124,3259.0586301018247,47.02785018906851,-60.322692592189014,1.623430241410702,-61.946122833599716,97.16879927682493,124759944.0,0.03148328407490613
2022-12-30 00:00:00+05:30,3177.2250754564907,3184.9508507159594,3106.9688066906974,3117.10888671875,663451,0.0,0.0,3165.689733886719,3253.491973498567,43.3673775132171,-57.7546766841665,3.353156919546578,-61.107833603713075,95.79831675885613,124096493.0,-0.018920972644376928
2023-01-02 00:00:00+05:30,3116.3849508180115,3138.548223967698,3093.49738615512,3118.171630859375,381581,0.0,0.0,3160.110302734375,3248.1852933950695,43.464946254346685,-54.99974814462121,4.886468367273494,-59.8862165118947,92.173496834122,124478074.0,0.0005733181457234748
2023-01-03 00:00:00+05:30,3118.1715766821844,3128.939282682627,3096.104734654476,3103.29931640625,323237,0.0,0.0,3155.9456298828127,3242.5034903759,42.36496470359896,-53.40094604699743,5.188216371917818,-58.58916241891525,87.93500049083835,124154837.0,-0.004769545199869628
2023-01-04 00:00:00+05:30,3113.4876649852267,3131.6916186255808,3078.818340195698,3105.03759765625,372617,0.0,0.0,3153.7920532226562,3237.112671053561,42.54797594101588,-51.40109922068859,5.750450558581328,-57.15154977926992,85.43059177219867,124527454.0,-0.002714019851116649
2023-01-05 00:00:00+05:30,3118.316296823504,3154.917065831412,3092.7729974151907,3146.032470703125,383751,0.0,0.0,3150.6727661132813,3233.540898490799,46.83550494495532,-45.97825386618615,8.938636730467024,-54.916890596653175,83.76726867534315,124911205.0,0.008888185559577155
2023-01-06 00:00:00+05:30,3148.2537178757107,3166.457671872217,3126.09044514506,3139.176025390625,242107,0.0,0.0,3145.477197265625,3229.840315231969,46.21430371723267,-41.752570050793565,10.53145643668769,-52.284026487481256,80.66726567904412,124669098.0,-0.0028834056269171505
2023-01-09 00:00:00+05:30,3154.916813298226,3162.8359215773544,3118.5091444476006,3150.716064453125,391801,0.0,0.0,3142.6814086914064,3226.7374034367203,47.47700189248392,-37.04546343202992,12.190850444361075,-49.236313876390994,78.07151649695196,125060899.0,-0.0013314927440857933
2023-01-10 00:00:00+05:30,3150.1853000762662,3153.8550909891824,3036.3748631512904,3058.972900390625,607830,0.0,0.0,3135.658203125,3220.1584033172658,39.53141111906901,-40.253931864684546,7.1859056093651645,-47.43983747404971,80.88642444987626,124453069.0,-0.028954614093156035
2023-01-11 00:00:00+05:30,3058.972850320672,3065.684571246339,2990.551350476267,3029.71142578125,856148,0.0,0.0,3124.448596191406,3212.6898943942847,37.38250012173624,-44.64320360423926,2.237307095848358,-46.88051070008762,80.47548132989024,123596921.0,-0.009565767978736572
2023-01-12 00:00:00+05:30,3042.0244589845324,3044.8732918790256,2988.909746208612,2996.876953125,690116,0.0,0.0,3114.7793212890624,3204.2266417954893,35.07823540373438,-50.19261143425547,-2.6496805873342737,-47.542930846921195,78.72462878278476,122906805.0,-0.014841269841269869
2023-01-13 00:00:00+05:30,2998.566648524984,3086.447345792544,2955.1091608652014,3053.6611328125,964656,0.0,0.0,3108.531103515625,3198.3221120314506,41.76381326055967,-49.43865039797993,-1.5165756408469804,-47.92207475713295,82.48273993596749,123871461.0,0.018373606707930736
2023-01-16 00:00:00+05:30,3047.384120114179,3070.899309473378,2993.73821558059,3031.44970703125,653373,0.0,0.0,3096.466833496094,3191.77809614909,40.02745101455554,-50.05638839030871,-1.7074509065406076,-48.348937483768104,82.10262236145466,123218088.0,-0.005228882364305295
2023-01-17 00:00:00+05:30,3043.955628048207,3082.5845065767376,3017.881135041449,3070.947509765625,495809,0.0,0.0,3090.0206298828125,3187.0396417811107,44.45030922930491,-46.819106104743696,1.2238651032195236,-48.04297120796322,80.85981873101423,123713897.0,0.008867370295645622
2023-01-18 00:00:00+05:30,3062.3043633527845,3082.584524699492,3042.0242020060773,3068.67822265625,330814,0.0,0.0,3085.4020751953126,3182.3980175017045,44.24840319199749,-43.930248515322546,3.2901781541125388,-47.220426669435085,77.98128329975711,123383083.0,0.002081393142935991
2023-01-19 00:00:00+05:30,3054.626820566184,3071.0440934983226,3027.5866063250146,3058.151611328125,320900,0.0,0.0,3083.5020141601562,3177.525609416466,43.266629460166726,-42.00599861798764,4.171542441157953,-46.1775410591456,75.5152978621536,123062183.0,0.0011539186188667127
2023-01-20 00:00:00+05:30,3066.1672684488326,3085.3850414289063,3033.4293878283543,3042.507080078125,389881,0.0,0.0,3085.281359863281,3172.2307651286883,41.782846170229085,-41.267691377990104,3.9278797449243967,-45.1955711229145,73.83246612918207,122672302.0,-0.00771653543307089
2023-01-23 00:00:00+05:30,3057.7658484601293,3114.0674924992586,3037.9202126954187,3093.5458984375,424691,0.0,0.0,3087.3142333984374,3169.1450840819753,48.04298987172584,-36.14748576381999,7.238468287275616,-43.3859540510956,73.9978099630862,123096993.0,0.011701370134469029
2023-01-24 00:00:00+05:30,3109.0451419281294,3123.96573462716,3069.402444620517,3115.9501953125,367438,0.0,0.0,3088.509313964844,3167.059010012584,50.556374928369834,-29.936754141449,10.759359927717284,-40.696114069166285,72.6096299661974,123464431.0,0.0022209562965973253
2023-01-25 00:00:00+05:30,3115.950168341605,3124.1104715689007,3074.231027745834,3103.685546875,353061,0.0,0.0,3088.620361328125,3164.5737761640517,49.15457105381264,-25.708013239831416,11.990480663467892,-37.69849390329931,70.98604524168806,123111370.0,-0.0039360775378294065
2023-01-27 00:00:00+05:30,3119.2338313037394,3153.03410243674,3020.7785172578674,3061.097412109375,627913,0.0,0.0,3083.238879394531,3160.515879534457,44.5366444893999,-25.499272420838224,9.759377185968866,-35.25864960680709,75.36244095148696,122483457.0,-0.01863804457714068
2023-01-30 00:00:00+05:30,3051.7782231961014,3099.967657266627,2992.820847232944,3082.053466796875,656403,0.0,0.0,3081.4861083984374,3157.438922172199,47.166881845856274,-23.373430978797387,9.50817490240776,-32.88160588120515,77.63275302878671,123139860.0,0.009920525472872203
2023-01-31 00:00:00+05:30,3091.3244853320966,3164.671024791343,3068.0988238517234,3151.489013671875,612164,0.0,0.0,3083.1519775390625,3157.2055924270885,54.81327595316426,-15.902503819319463,13.58328164950855,-29.485785468828013,78.98557073670332,123752024.0,0.019462378868750487
2023-02-01 00:00:00+05:30,3167.5679496755906,3239.948761615158,3128.9390722405224,3189.876220703125,885327,0.0,0.0,3087.480822753906,3158.486793535953,58.39798673097293,-6.805760853483207,18.144019692275847,-24.949780545759054,81.27300778226993,124637351.0,0.007042712700076125
2023-02-02 00:00:00+05:30,3153.0824724517515,3206.8731431275423,3075.8247089613565,3107.017578125,613267,0.0,0.0,3087.5798217773436,3156.468392931602,49.30564249519835,-6.210930748550254,14.991079837767042,-21.202010586317297,84.82839538112107,124024084.0,-0.014609479685107226
2023-02-03 00:00:00+05:30,3122.565322534819,3211.025549268568,3089.87577532349,3203.010009765625,500037,0.0,0.0,3090.4286987304686,3158.2935543760736,57.55131525580719,1.983399985889264,18.54832845776525,-16.564928471875987,87.42277956426084,124524121.0,0.025762371294606852
2023-02-06 00:00:00+05:30,3182.0537526429475,3186.930695533559,3110.252232990006,3148.929443359375,346025,0.0,0.0,3090.916369628906,3157.926334336203,52.38195177762325,4.066737571793055,16.505332834935235,-12.43859526314218,87.80385079364355,124178096.0,-0.010409726503224581
2023-02-07 00:00:00+05:30,3164.7192479831906,3185.916798197831,3128.9875348782134,3162.44970703125,447240,0.0,0.0,3091.5030517578125,3158.103721500715,53.50630935657735,6.731177083613147,15.335817877404262,-8.604640793791114,85.59852311692741,124625336.0,-0.0007171381642737913
2023-02-08 00:00:00+05:30,3162.7392718044503,3165.5881042994715,3093.207293920505,3117.350341796875,378309,0.0,0.0,3094.421923828125,3156.5055497476233,49.32271305805681,5.144322185760302,10.999170383641133,-5.854848197880831,84.65440077850164,124247027.0,-0.01435114503816792
2023-02-09 00:00:00+05:30,3125.124858936498,3138.162106494188,3085.4819219863152,3126.18701171875,265006,0.0,0.0,3099.245703125,3155.316587471981,50.145247748465586,4.5473545850759365,8.321762226365415,-3.7744076412894785,82.37052818774241,124512033.0,0.00033987531065023514
2023-02-10 00:00:00+05:30,3114.5016823953065,3131.160386355836,3088.5236199733886,3102.237060546875,328745,0.0,0.0,3104.513708496094,3153.235037396487,47.87710974910811,2.117285806327345,4.713354758093459,-2.596068951766114,79.53240234450708,124183288.0,-0.003937908243157214
2023-02-13 00:00:00+05:30,3114.453399023963,3159.8423322810563,3106.92072039286,3141.155517578125,405135,0.0,0.0,3108.888427734375,3152.7613307369434,51.700250087223985,3.2938634117222136,4.711945890790663,-1.418082479068449,77.9661787294838,124588423.0,0.008573613129844955
2023-02-14 00:00:00+05:30,3150.13678295511,3186.882551652037,3037.195643922926,3066.84326171875,1519235,0.0,0.0,3110.65810546875,3149.3919946970145,44.924403227854185,-1.7498966345046938,-0.26545132434899577,-1.484445310155698,83.08908794374288,123069188.0,-0.02644123953189843
2023-02-15 00:00:00+05:30,3093.207647869452,3227.394676166651,3093.207647869452,3197.650390625,2093492,0.0,0.0,3116.9932495117187,3151.2844808118375,55.88456886588393,4.753138075468087,4.990066708499028,-0.23692863303094114,88.62211126546848,125162680.0,0.03376518961715559
2023-02-16 00:00:00+05:30,3215.8060490496705,3229.374490820102,3156.027949284969,3176.3564453125,679170,0.0,0.0,3122.377160644531,3152.267695105981,54.00063280400219,8.09527917002788,6.665766242447056,1.4295129275808232,87.53099914187308,124483510.0,-0.012267407653153886
2023-02-17 00:00:00+05:30,3174.3765057441306,3183.985392364084,3129.1323363269844,3172.396728515625,491317,0.0,0.0,3128.0894165039062,3153.057068965183,53.638520137267754,10.305637044704781,7.100899293699166,3.2047377510056148,85.19686034867497,123992193.0,-0.0006236743577591025
2023-02-20 00:00:00+05:30,3186.882610984748,3220.6828811012524,3168.0026986652765,3177.708251953125,515895,0.0,0.0,3134.849475097656,3154.023782023534,54.083310223376365,12.343667026491858,7.311143420388994,5.032523606102863,82.8742404977679,124508088.0,-0.002878787878788025
2023-02-21 00:00:00+05:30,3177.2252443867005,3185.0476865616047,3153.1305286695283,3161.91845703125,494115,0.0,0.0,3138.268103027344,3154.333377121876,52.47168199742764,12.540160813024158,6.006109765537036,6.5340510474871225,79.23444888307564,124013973.0,-0.0048176588620820904
2023-02-22 00:00:00+05:30,3157.910843782077,3158.055607768877,3104.8928019062646,3138.306640625,570379,0.0,0.0,3139.3859252929688,3153.7048776514102,50.06893762895748,10.667637418920094,3.306869097146377,7.360768321773717,77.64810647178348,123443594.0,-0.006207966002484693
2023-02-23 00:00:00+05:30,3153.0822039897957,3162.594659618427,3110.493771183016,3130.822265625,527729,0.0,0.0,3140.7427612304687,3152.8075203170415,49.29834343370555,8.48194800850888,0.8969437493881296,7.58500425912075,75.82330518347115,122915865.0,-0.007059739304173176
2023-02-24 00:00:00+05:30,3138.4998014044177,3138.4998014044177,3056.510098751437,3095.718505859375,684029,0.0,0.0,3142.4738159179688,3150.568735436349,45.74236780336223,3.8725529847638427,-2.9699610194855266,6.842514004249369,76.26376214557898,122231836.0,-0.013631128963557324
2023-02-27 00:00:00+05:30,3090.3103608552847,3095.52516528044,2995.717939307874,3023.723876953125,482530,0.0,0.0,3139.557336425781,3145.5944272605366,39.45636376109587,-5.526089331031017,-9.894882668224309,4.368793337193292,77.9592481745734,121749306.0,-0.021546859741210903
2023-02-28 00:00:00+05:30,3024.6412288985666,3071.961605723608,2985.191391869312,2999.435791015625,974100,0.0,0.0,3131.9546752929687,3139.8627160352457,37.5801085095325,-14.764233734932986,-15.306421657701023,0.5421879227680364,78.58860286598215,120775206.0,-0.008333364513489842
2023-03-01 00:00:00+05:30,2999.5322817013152,3036.133048138342,2980.8938015022254,3031.2080078125,522394,0.0,0.0,3124.0212646484374,3135.6017470853344,41.49911690435829,-19.299306970889575,-15.87319591492609,-3.426111055963486,76.92079170670604,121297600.0,0.010560221773382113
2023-03-02 00:00:00+05:30,3046.949724711679,3050.667613129333,2991.1309432422727,3018.3642578125,970565,0.0,0.0,3119.5885986328126,3131.0041984863997,40.3950129984106,-23.657064554947738,-16.184762799187403,-7.472301755760336,75.67906871958849,120327035.0,-0.00938166674275669
2023-03-03 00:00:00+05:30,3033.477402437556,3042.8931914298923,3007.113381876583,3020.102294921875,337278,0.0,0.0,3110.443212890625,3126.6551042289675,40.62522341167316,-26.66301908011519,-15.352573859483883,-11.310445220631308,72.82912163628284,120664313.0,-0.004409166689335966
2023-03-06 00:00:00+05:30,3030.435632101925,3060.469680572081,3025.0274946000927,3057.6689453125,362693,0.0,0.0,3105.8801879882812,3123.949764663616,45.522841594440955,-25.717489755793395,-11.525635628129669,-14.191854127663726,70.51042620870591,121027006.0,0.008986600118507012
2023-03-08 00:00:00+05:30,3057.475938768883,3101.4646242716435,3042.121052841912,3094.5595703125,657256,0.0,0.0,3102.4856811523437,3122.797208022396,49.89376253947705,-21.740771740945092,-6.03913409062509,-15.701637650320002,69.71279372449345,121684262.0,0.012128838390319039
2023-03-09 00:00:00+05:30,3100.933374754042,3109.576539590942,3034.3952225600124,3038.83740234375,419727,0.0,0.0,3098.5600341796876,3119.5046666232333,44.13371970217379,-22.822424624358064,-5.696629579230446,-17.125795045127617,70.10340253209604,121264535.0,-0.02002492956341478
2023-03-10 00:00:00+05:30,3027.490094938564,3039.3201892752004,2989.0543127149344,3009.286376953125,362000,0.0,0.0,3092.7150024414063,3115.1823807538176,41.40380577885851,-25.767135608343324,-6.913072450572564,-18.85406315777076,68.68643639125104,120902535.0,-0.006012808436887256
2023-03-13 00:00:00+05:30,3010.155599451613,3015.9015984366897,2921.3091717488387,2929.421142578125,351244,0.0,0.0,3084.0742065429686,3107.897626315555,35.0870365730293,-34.15161863017374,-12.238044377922385,-21.913574252251358,70.53686426957961,120551291.0,-0.026820692222088473
2023-03-14 00:00:00+05:30,2929.42098507297,2945.4520643879346,2883.162996141042,2913.486572265625,727498,0.0,0.0,3072.6907592773437,3100.2736634116363,33.97335644029545,-41.60259961374231,-15.751220289192762,-25.85137932454955,69.94773598224481,119823793.0,-0.005439441066524603
2023-03-15 00:00:00+05:30,2940.430597657464,2954.868095409143,2899.097646022795,2903.82958984375,288927,0.0,0.0,3064.540075683594,3092.5699742521115,33.283858120659595,-47.73651665032094,-17.508109860617104,-30.228406789703833,68.93507265396647,119534866.0,-0.012447499302609936
2023-03-16 00:00:00+05:30,2918.1219580038924,2975.389316574337,2893.302951138174,2931.400634765625,439612,0.0,0.0,3051.227587890625,3086.2496079977395,37.20248304643629,-49.798886623669205,-15.656383867172295,-34.14250275649691,69.87445070983765,119974478.0,0.0045504187120458004
2023-03-17 00:00:00+05:30,2947.383255791507,2953.177587224911,2841.395276655492,2872.636474609375,692626,0.0,0.0,3036.0415893554687,3077.8726223746667,32.782784907143224,-55.5349341466067,-17.113945112087833,-38.42098903451887,72.8678692712363,119281852.0,-0.025360387399656015
2023-03-20 00:00:00+05:30,2872.6369363200374,2887.4122952324587,2809.5269053389384,2850.8115234375,561183,0.0,0.0,3019.9623291015623,3068.9682655536017,31.295716292968237,-61.137133477187945,-18.17291555413526,-42.964217923052686,73.22626360139945,118720669.0,-0.007597692770217125
2023-03-21 00:00:00+05:30,2865.104031243493,2873.0229043633103,2826.6682490996336,2834.200927734375,490092,0.0,0.0,3002.786962890625,3059.7617032861813,30.173871416054237,-66.15466328256798,-18.552356287612234,-47.60230699495575,71.30686300584782,118230577.0,-0.010786031910927018
2023-03-22 00:00:00+05:30,2848.396928338052,2867.1318401014,2831.3520300090454,2845.548095703125,222875,0.0,0.0,2986.9684448242188,3051.361169655473,31.96797804491108,-68.42668989289359,-16.659506318350267,-51.767183574543324,68.76921636916973,118453452.0,-0.0010001529655451577
2023-03-23 00:00:00+05:30,2841.347207212089,2848.879885929279,2813.0034081152635,2827.34423828125,379191,0.0,0.0,2971.4203247070313,3042.576191954523,30.609216865307673,-70.87913595010286,-15.289561900447623,-55.58957404965524,66.41973504380158,118074261.0,-0.004928285038623837
2023-03-24 00:00:00+05:30,2824.736770164633,2830.531102000869,2787.7012382025778,2809.86474609375,542971,0.0,0.0,2955.372448730469,3033.4502529011593,29.320523047897293,-73.38720405033746,-14.238104000545768,-59.14910004979169,64.73474424055084,117531290.0,-0.005264923878204868
2023-03-27 00:00:00+05:30,2813.727955884691,2828.599981656985,2772.5881008320944,2786.639404296875,375285,0.0,0.0,2939.918493652344,3023.7713960931483,27.65449884879223,-76.36862707505452,-13.77562162021026,-62.59300545484426,64.1116825680037,117156005.0,-0.009627281674890504
2023-03-28 00:00:00+05:30,2795.5722447710214,2795.5722447710214,2738.7877409288194,2754.62548828125,1079359,0.0,0.0,2926.46357421875,3013.216654610329,25.50336036403396,-80.3880187329869,-14.236010622514101,-66.15200811047279,63.58831265901786,116076646.0,-0.014647003512915908
2023-03-29 00:00:00+05:30,2760.5161845006446,2846.755201490932,2752.307547954115,2833.138427734375,765293,0.0,0.0,2918.1487060546874,3006.154763360292,38.19974240379091,-76.35787151450222,-8.164690723223544,-68.19318079127868,65.79255129314637,116841939.0,0.026307486853900542
2023-03-31 00:00:00+05:30,2822.901946717488,2861.772255485389,2820.873836299074,2847.769287109375,546110,0.0,0.0,2908.976770019531,2999.943568213197,40.243556193959556,-71.16303950982638,-2.375886974838153,-68.78715253498822,64.01439899980129,117388049.0,0.008809140686166258
2023-04-03 00:00:00+05:30,2945.4520510274456,2945.4520510274456,2878.913900642531,2901.318603515625,1170652,0.0,0.0,2903.1244873046876,2996.0759225387824,47.13468885883435,-62.01029928560956,5.421482599502923,-67.43178188511249,66.41928220824909,118558701.0,-0.014983590548155673
2023-04-05 00:00:00+05:30,2879.7830997683213,2905.857594635439,2822.0328750934204,2833.18701171875,1033837,0.0,0.0,2893.7787231445313,2989.688122114467,40.703172032409356,-59.56767766598114,6.291283375305085,-65.85896104128622,67.66252773208977,117524864.0,-0.016180415828303176
2023-04-06 00:00:00+05:30,2847.6243253295065,2868.194250441612,2825.702483768403,2860.1787109375,586845,0.0,0.0,2883.9042114257813,2984.609321676155,43.9652659040719,-54.8219248620303,8.829628943404735,-63.651553805435036,65.864616227884,118111709.0,0.004408722560880912
2023-04-10 00:00:00+05:30,2877.851598628187,2884.611652718924,2849.990424245429,2868.62890625,416883,0.0,0.0,2872.6076782226564,2980.061070090816,44.98564654561679,-49.80490153073515,11.07732181975991,-60.88222335049506,63.63294567399905,118528592.0,-0.0032047143718540215
2023-04-11 00:00:00+05:30,2868.6288399250093,2954.143569350063,2868.6288399250093,2949.508056640625,618391,0.0,0.0,2868.1412109375,2978.8629127006125,53.67984275548757,-38.85470998325218,17.62201069379431,-56.47672067704649,65.19593022764582,119146983.0,0.028194381786153286
2023-04-12 00:00:00+05:30,2930.9659769425307,3037.195386321008,2930.9659769425307,3021.1162109375,746284,0.0,0.0,2868.732702636719,2980.5199047883334,59.745507008689586,-24.1203799667187,25.88507256826223,-50.00545253498093,68.12689302413378,119893267.0,0.030757857547364136
2023-04-13 00:00:00+05:30,3032.3670474405794,3120.682276237918,3024.6412715235333,3102.9130859375,1337741,0.0,0.0,2877.4072998046877,2985.3196373824185,65.33041365341253,-5.776406250440232,35.38323702763256,-41.15964327807279,70.37254818672551,121231008.0,0.02326434676054926
2023-04-17 00:00:00+05:30,3124.110493782542,3142.459210747571,3096.104557362235,3118.316162109375,539975,0.0,0.0,2887.648779296875,2990.5351873717113,66.27917117522682,9.89021634155688,40.83988769570374,-30.949671354146858,68.65698427234054,121770983.0,-0.001854714064915026
2023-04-18 00:00:00+05:30,3117.9782891227874,3165.6367648672704,3105.617235949551,3151.68212890625,577513,0.0,0.0,2900.04140625,2996.8546752750267,68.30270166710446,24.713599298096597,44.53061652179477,-19.81701722369817,68.0400231755819,122348496.0,0.01080951714803148
2023-04-19 00:00:00+05:30,3152.0682011433537,3186.8825255848174,3146.418869038452,3176.839111328125,646164,0.0,0.0,2912.313330078125,3003.9128884535794,69.77539287217203,38.052549223077676,46.29565315742067,-8.243103934343,66.07028270206641,122994660.0,0.00785862126199748
2023-04-20 00:00:00+05:30,3195.284210089128,3195.284210089128,3109.6730524244376,3135.65087890625,483671,0.0,0.0,2925.4640502929688,3009.0790841576054,64.49220602562964,44.78397521927445,42.42166332289396,2.36231189638049,67.46605948511097,122510989.0,-0.018662919246615194
2023-04-21 00:00:00+05:30,3128.9394966478817,3148.2056047274727,3084.612948087499,3090.986572265625,443737,0.0,0.0,2937.472802734375,3012.2911425147827,59.2528817163758,45.98456115129602,34.897799403932424,11.086761747363596,67.18938785331547,122067252.0,-0.012129644700038687
2023-04-24 00:00:00+05:30,3094.17320990072,3107.162123318475,3049.8466655283446,3073.699951171875,379317,0.0,0.0,2949.44775390625,3014.699331089571,57.3122215501173,45.022160855215134,27.14831928628123,17.873841568933905,66.48410713451653,121687935.0,-0.006616713848899831
2023-04-25 00:00:00+05:30,3066.167307362426,3135.2164294022414,3047.963353606778,3107.64501953125,574542,0.0,0.0,2962.552600097656,3018.344260048068,60.07732215581394,46.46293917207959,22.871278082516547,23.59166108956304,67.96760489601273,122262477.0,0.013527543676181137
2023-04-26 00:00:00+05:30,3119.2820807017265,3167.5681810221868,3114.9846649276005,3137.003173828125,881684,0.0,0.0,2978.035546875,3022.9975507845406,62.3488712543249,49.404222934934296,20.650049476297003,28.754173458637293,67.39300179565016,123144161.0,0.005681144785216696
2023-04-27 00:00:00+05:30,3136.9548681789083,3158.2971832451817,3125.317870744876,3151.68212890625,464406,0.0,0.0,2995.126416015625,3028.044004828529,63.46811736514009,52.31660722334709,18.84994701176784,33.46666021157925,64.93488113169698,123608567.0,0.0046947633441380265
2023-04-28 00:00:00+05:30,3162.7393870089177,3191.711045515869,3153.420264497965,3187.94482421875,416242,0.0,0.0,3015.191687011719,3034.314625196773,66.14551815709925,56.894939756594795,18.742623636012432,38.15231612058236,63.155883665834274,124024809.0,0.007969495467557238
2023-05-02 00:00:00+05:30,3212.90887391736,3267.81026586,3211.0257631054237,3241.10791015625,838718,0.0,0.0,3039.5158081054688,3042.424165783419,69.65659570879558,64.07450697558897,20.737752684005287,43.33675429158369,64.34942352122111,124863527.0,0.008776793038797977
2023-05-03 00:00:00+05:30,3252.455116440264,3252.455116440264,3207.3559449890063,3233.575439453125,577763,0.0,0.0,3059.5376586914062,3049.920294162623,68.57147095901801,68.36844936200896,20.025356056340215,48.343093305668745,62.97440551622374,124285764.0,-0.005804746356593094
2023-05-04 00:00:00+05:30,3226.477129427429,3266.506258272667,3207.1626898618656,3224.83544921875,325535,0.0,0.0,3078.390966796875,3056.7797120079613,67.26214932479732,70.2563144111682,17.530576884399565,52.72573752676864,62.71506000869356,123960229.0,-0.0005088150768855823
2023-05-05 00:00:00+05:30,3224.835296312295,3275.7771282510485,3210.7839950402004,3240.09375,518154,0.0,0.0,3095.329724121094,3063.9684978115706,68.39667811285868,72.15195558709183,15.540974448258552,56.61098113883328,62.87777952313318,124478383.0,0.004731545113374729
2023-05-08 00:00:00+05:30,3255.44892662023,3290.601113809207,3244.922650920073,3276.59814453125,322909,0.0,0.0,3117.500280761719,3072.3069153299894,70.98715288707812,75.72693150705118,15.292760294574315,60.43417121247686,61.99417840070989,124801292.0,0.006496559579872425
2023-05-09 00:00:00+05:30,3293.111979834052,3293.111979834052,3255.786919298093,3265.97509765625,347387,0.0,0.0,3137.7901000976562,3079.9017460094506,69.20928443450534,76.81743104967381,13.10660786975756,63.710823179916254,60.23209855322769,124453905.0,-0.008240497846407702
2023-05-10 00:00:00+05:30,3280.1714114098577,3305.4732804387195,3239.804185001261,3299.630615234375,386746,0.0,0.0,3159.340185546875,3088.518564410428,71.63322357086962,79.48116934656855,12.616276933321842,66.86489241324671,60.62045547352989,124840651.0,0.005932374069486056
2023-05-11 00:00:00+05:30,3307.4531548347736,3307.4531548347736,3270.9488153207467,3288.5732421875,408412,0.0,0.0,3176.2934448242186,3096.3638458918817,69.69204491209048,79.78030583929512,10.332330740838728,69.4479750984564,58.89787576213681,124432239.0,-0.005708293288954163
2023-05-12 00:00:00+05:30,3399.3415114117656,3522.471068998413,3394.4645680549183,3502.046142578125,3665298,0.0,0.0,3200.33994140625,3112.272955565852,80.6142301453137,96.13467200191735,21.34935752276877,74.78531447914858,71.39787226562083,128097537.0,0.03021309592507096
2023-05-15 00:00:00+05:30,3505.5709166954957,3578.00006786689,3505.5709166954957,3533.093994140625,1269701,0.0,0.0,3221.848986816406,3128.7757413923136,81.6499981717879,110.32912171833732,28.435045791350987,81.89407592698633,71.72330462441683,129367238.0,0.007851239669421303
2023-05-16 00:00:00+05:30,3543.2337811148773,3558.685332081854,3486.25618692415,3508.660888671875,1035562,0.0,0.0,3241.3662231445314,3143.673198148375,78.1130021048713,118.24373776397033,29.079729469587193,89.16400829438314,71.77372180536592,128331676.0,-0.00975744040014315
2023-05-17 00:00:00+05:30,3499.7765899500514,3511.655017914708,3461.3408065153,3504.36376953125,755786,0.0,0.0,3259.0003051757812,3157.8179264378996,77.47732521169512,122.75435065729107,26.87227389032634,95.88207676696473,70.2408996335118,127575890.0,0.0013107064017660811
2023-05-18 00:00:00+05:30,3511.365206640401,3524.836981442176,3448.0620821220687,3453.566650390625,1235091,0.0,0.0,3272.8366821289064,3169.415915612516,70.20417727503408,120.83720480856346,19.96410243327898,100.87310237528447,70.70761389684004,126340799.0,-0.016460422897758478
2023-05-19 00:00:00+05:30,3443.9094025491545,3456.319024509507,3391.132789763938,3448.49658203125,762689,0.0,0.0,3288.478967285156,3180.360255472074,69.50286742273191,117.55365540201956,13.344442421388052,104.2092129806315,70.31322967174926,125578110.0,0.001331968686139105
2023-05-22 00:00:00+05:30,3447.579133811968,3454.1944236808104,3406.101421943825,3423.9189453125,303121,0.0,0.0,3305.1255859375,3189.911576642287,66.05791795193528,111.68082196460409,5.977287187178064,105.70353477742603,68.72607053355185,125274989.0,-0.006862841310130282
2023-05-23 00:00:00+05:30,3423.9188578780527,3484.035049571144,3409.046834081237,3478.144287109375,374270,0.0,0.0,3325.347802734375,3201.214820190016,69.63405236292361,110.13255155766637,3.543213424192274,106.5893381334741,69.17336660186292,125649259.0,0.01583724132555177
2023-05-24 00:00:00+05:30,3476.598969347772,3499.77629581009,3456.222142190867,3487.125244140625,374043,0.0,0.0,3344.321813964844,3212.426993678275,70.19417295025403,108.38087699566222,1.4332310897504925,106.94764590591173,67.34342281738863,126023302.0,0.0030277506510415796
2023-05-25 00:00:00+05:30,3487.125575739048,3556.029936728699,3483.262687627998,3526.333984375,725887,0.0,0.0,3363.7883544921874,3224.737071744813,72.57277364334536,108.90113544018914,1.562791627421916,107.33834381276722,67.73083898048237,126749189.0,0.011243761598015344
2023-05-26 00:00:00+05:30,3523.919354307324,3570.7568683341547,3486.2561986981195,3563.85205078125,394991,0.0,0.0,3384.3968505859375,3238.035698373693,74.65689245172118,111.06060093836368,2.9778057004771625,108.08279523788651,68.92868402730757,127144180.0,0.011331898508152865
2023-05-29 00:00:00+05:30,3573.171290359312,3590.747383065605,3544.19963124829,3584.228759765625,516724,0.0,0.0,3404.211047363281,3251.611896859651,75.73532583854389,113.11233444208665,4.023631363360096,109.08870307872655,67.33004601230807,127660904.0,0.0030945813978039255
2023-05-30 00:00:00+05:30,3584.228929141528,3595.189968331957,3544.5859932301914,3552.263671875,598100,0.0,0.0,3419.768835449219,3263.4021625465275,70.65596754000357,110.88086696293567,1.4337311073672936,109.44713585556838,66.13532666155504,127062804.0,-0.008918307925767534
2023-05-31 00:00:00+05:30,3552.263525783291,3599.245805620856,3530.920975798566,3546.082763671875,1188672,0.0,0.0,3435.3942016601563,3274.487676316149,69.68277921849074,107.37590270565397,-1.656986519931536,109.0328892255855,66.2917197444647,125874132.0,-0.001739950334921422
2023-06-01 00:00:00+05:30,3586.401845645793,3605.0403279271623,3560.6171146711627,3588.67138671875,622442,0.0,0.0,3453.5859985351562,3286.808606135859,72.49403825294712,106.80357411231353,-1.783452090617601,108.58702620293113,65.76785149523774,126496574.0,0.0006328183986723285
2023-06-02 00:00:00+05:30,3592.4857639627203,3619.525979390397,3531.6452792504483,3572.591796875,987424,0.0,0.0,3470.210900878906,3298.0157900864137,69.86009332513296,103.85533144780356,-3.7853558041020676,107.64068725190563,67.34734068414566,125509150.0,-0.005537660660282223
2023-06-05 00:00:00+05:30,3585.87059285809,3590.071577917099,3539.467838820952,3547.33837890625,340655,0.0,0.0,3483.747912597656,3307.7931465107213,65.81560874769697,98.34740050291384,-7.43462939919344,105.78202990210728,66.15136914214578,125168495.0,-0.010745567346625308
2023-06-06 00:00:00+05:30,3553.953629666052,3594.4172871932096,3553.856963157177,3578.0966796875,385907,0.0,0.0,3499.3539916992186,3318.393285066674,68.22829784101936,95.36495551721191,-8.333659507916309,103.69861502512822,64.78905050963249,125554402.0,0.0067932934802293525
2023-06-07 00:00:00+05:30,3578.096668146036,3611.8002715584735,3570.4673229006835,3599.632080078125,342012,0.0,0.0,3514.3540649414062,3329.422257420064,69.8336544015461,93.65942565339583,-8.031351497385913,101.69077715078174,63.11361466307231,125896414.0,0.006018678065298759
2023-06-08 00:00:00+05:30,3599.342505122427,3599.342505122427,3519.4771083338105,3532.031494140625,511175,0.0,0.0,3526.5269775390625,3337.3677176836154,59.645592508489855,85.8632010909655,-12.662060847852985,98.52526193881849,64.33085445458961,125385239.0,-0.01870091853887427
2023-06-09 00:00:00+05:30,3526.816533227714,3541.495459596066,3453.5183321170057,3458.5400390625,447350,0.0,0.0,3524.351672363281,3342.119573423964,50.9441339136749,72.9139837085736,-20.489022584195922,93.40300629276952,66.01987395633753,124937889.0,-0.019359241832386413
2023-06-12 00:00:00+05:30,3471.7703223980693,3492.5333437976683,3434.107167301122,3467.521240234375,358856,0.0,0.0,3521.073034667969,3347.037285847902,51.8682522641122,62.65410598156632,-24.599120248962564,87.25322623052888,65.47746699492387,125296745.0,-0.001223894949582761
2023-06-13 00:00:00+05:30,3476.5505495330194,3515.952050692284,3460.181610280973,3469.500732421875,612123,0.0,0.0,3519.115026855469,3351.839773948842,52.082509139132775,54.05964154395042,-26.55486774926277,80.61450929321319,64.78410795323724,125908868.0,-0.002027819532810007
2023-06-14 00:00:00+05:30,3491.0848888024066,3517.4491454904937,3441.0121108188205,3449.607177734375,456603,0.0,0.0,3516.377197265625,3355.6737897835687,49.68862358204616,45.12307226255325,-28.39314962452795,73.5162218870812,65.61645986169695,125452265.0,-0.011881037668568472
2023-06-15 00:00:00+05:30,3465.879684303517,3485.097694081337,3408.9987512891,3413.53759765625,428887,0.0,0.0,3514.3757446289064,3357.9429587197524,45.59643402878911,34.729918178160005,-31.02904296713696,65.75896114529696,66.36520864244983,125023378.0,-0.015102107232491939
2023-06-16 00:00:00+05:30,3428.312869506836,3441.736310095559,3370.369553402495,3417.59326171875,610093,0.0,0.0,3512.8305786132814,3360.28218628834,46.13361690813521,26.514879852887134,-31.39526503392787,57.910144886815004,66.72246207463655,125633471.0,-0.003126788072183101
2023-06-19 00:00:00+05:30,3445.5030100350205,3446.8065932761046,3373.266957044124,3376.791748046875,336012,0.0,0.0,3510.47421875,3360.9296200827926,41.67528536334126,16.52161078828931,-33.110827278820565,49.632438067109874,67.20940308587542,125297459.0,-0.019942302121932282
2023-06-20 00:00:00+05:30,3384.662375505122,3447.627400197473,3346.2749275617466,3439.998291015625,378562,0.0,0.0,3508.5669189453124,3364.030352276237,49.77300118183867,13.54596340141552,-28.869179732555487,42.41514313397101,69.64819376800763,125676021.0,0.016349020780025328
2023-06-21 00:00:00+05:30,3453.421815886054,3462.644507990591,3413.875547783028,3448.06201171875,538051,0.0,0.0,3506.6137573242186,3367.325711470061,50.713155289237726,11.703505551533453,-24.56931006595004,36.272815617483495,68.15681994226158,126214072.0,-0.0015520270772161123
2023-06-22 00:00:00+05:30,3464.8657767417103,3505.5708647885235,3423.484494676395,3436.618408203125,559681,0.0,0.0,3502.127978515625,3370.0430721262596,49.30274670464702,9.213731108909542,-21.647267606859163,30.860998715768705,69.15178781153777,125654391.0,-0.008152514515338185
2023-06-23 00:00:00+05:30,3442.5092121093357,3442.5092121093357,3389.491167911777,3417.88330078125,281640,0.0,0.0,3494.829541015625,3371.9191595244947,46.998209663392196,5.663514858283634,-20.157987085988058,25.82150194427169,67.9993775533964,125372751.0,-0.007153477248938621
2023-06-26 00:00:00+05:30,3428.264813872452,3449.8487951779466,3400.3072087425257,3429.906494140625,346202,0.0,0.0,3487.113427734375,3374.193172646696,48.656817416076095,3.7765800597285306,-17.63593750763453,21.41251756736306,66.68096390211244,125718953.0,0.0004788662362165921
2023-06-27 00:00:00+05:30,3423.581353340426,3459.409500137107,3398.3759133825038,3414.5517578125,336518,0.0,0.0,3480.22783203125,3375.7758622610413,46.64909534985888,1.0302951394178308,-16.305777942356183,17.336073081774014,66.2775798201475,125382435.0,-0.0026374707056737237
2023-06-28 00:00:00+05:30,3423.484363595241,3447.5307461985917,3416.627643339621,3423.339599609375,657118,0.0,0.0,3474.090673828125,3377.641106862937,47.97227638625542,-0.4320694284756428,-14.214514008199727,13.782444579724084,63.899109003429224,126039553.0,-4.22855694641157e-05
2023-06-30 00:00:00+05:30,3418.752468537259,3476.5991207091606,3385.145296549344,3457.38134765625,712382,0.0,0.0,3467.526171875,3380.768175129341,52.85057302688777,1.1427082548739236,-10.11178905988013,11.254497314754053,65.86730294317117,126751935.0,0.01129911553249088
2023-07-03 00:00:00+05:30,3467.8593961356028,3540.3368799624423,3462.644591603204,3506.391845703125,734331,0.0,0.0,3464.216174316406,3385.694593583215,58.83501052901394,6.273155477706496,-3.9850734696380457,10.258228947344541,67.08789075481553,127486266.0,0.011111306764761207
2023-07-04 00:00:00+05:30,3433.1900103144085,3436.8598010335927,3270.948715871044,3285.193115234375,4118019,0.0,0.0,3451.1089111328124,3381.7533591381625,36.38720753444378,-7.424235088552905,-14.145971228717958,6.721736140165052,79.11326497462021,123368247.0,-0.0431076912828603
2023-07-05 00:00:00+05:30,3293.884593582088,3306.052549129869,3167.5681107900896,3196.29833984375,2931606,0.0,0.0,3432.018994140625,3374.4806132834797,31.230268317955765,-25.162523340133248,-25.50740758423864,0.3448842441053914,83.35406307213158,120436641.0,-0.02962649448267812
2023-07-06 00:00:00+05:30,3138.5966315988226,3176.4045551752893,3098.036305898161,3111.74951171875,3837528,0.0,0.0,3407.624865722656,3364.177432829961,27.271434221887414,-45.51792608464575,-36.69024826300091,-8.827677821644837,84.41891813452139,116599113.0,-0.00855386117788461
2023-07-07 00:00:00+05:30,3100.4986881447967,3136.664928419377,3067.132947247519,3075.63134765625,2099192,0.0,0.0,3384.8048583984373,3352.861900078051,25.76868471010449,-63.82838945829917,-44.00056930932347,-19.827820148975704,83.35556549433113,114499921.0,-0.008020432514172816
2023-07-10 00:00:00+05:30,3099.9676391933904,3121.213523324934,3051.6815388944283,3065.10498046875,1778576,0.0,0.0,3365.13310546875,3341.5773149953334,25.330596499166408,-78.28651524511315,-46.766956076909956,-31.519559168203195,82.36816684691505,112721345.0,-0.011246136341510846
2023-07-11 00:00:00+05:30,3088.3306157984102,3150.185156913663,3074.907174337395,3141.5419921875,1425815,0.0,0.0,3348.8341430664063,3333.732792532281,34.092777007401665,-82.62441325727332,-40.883883271256096,-41.74052998601722,82.5618818182006,114147160.0,0.017229818633045964
2023-07-12 00:00:00+05:30,3159.8422612615163,3193.6425299486045,3124.110548649452,3178.818603515625,1573745,0.0,0.0,3334.3000366210936,3327.6577262963337,37.918795435485805,-82.10782973341975,-32.29383979792202,-49.81398993549773,81.63117463826859,115720905.0,0.006005471376451766
2023-07-13 00:00:00+05:30,3191.711111282676,3191.711111282676,3133.7677930748205,3145.501220703125,1050165,0.0,0.0,3319.0947387695314,3320.5143339201295,35.91213273191146,-83.42519420850977,-26.888963418409624,-56.53623079010014,79.93918489323909,114670740.0,-0.014478093088124235
2023-07-14 00:00:00+05:30,3162.739514338803,3249.6544933588007,3144.3907965456924,3232.3681640625,1577337,0.0,0.0,3310.036267089844,3317.057621376693,44.20298466586719,-76.57704617361878,-16.03265230681491,-60.54439386680387,81.74807860180117,116248077.0,0.022015296994274732
2023-07-17 00:00:00+05:30,3235.168687992805,3258.346015906784,3211.073971336626,3235.072021484375,1556115,0.0,0.0,3300.910205078125,3313.8424998122887,44.443902528413055,-70.12332280580677,-7.663143151202313,-62.46017965460445,79.28550474239809,117804192.0,-2.9879897388029e-05
2023-07-18 00:00:00+05:30,3239.9972373129244,3253.5173450096104,3203.782663125373,3234.4443359375,743048,0.0,0.0,3293.792834472656,3310.7288463270033,44.39597945089686,-64.31793242957019,-1.4862022199725828,-62.83173020959761,77.1747316811009,117061144.0,-0.0017138599105811884
2023-07-19 00:00:00+05:30,3234.202977443155,3241.494225696294,3206.245372702363,3215.9990234375,658755,0.0,0.0,3282.59287109375,3307.0139513117288,42.930998182556436,-60.50800270540094,1.8589820033573403,-62.36698470875828,74.18002606058876,116402389.0,-0.005628574994401324
2023-07-20 00:00:00+05:30,3228.4085894279183,3228.4085894279183,3183.985378206356,3203.396484375,684856,0.0,0.0,3270.3595947265626,3302.9505212357785,41.913350318303806,-57.83879589281378,3.622551052755611,-61.46134694556939,72.05453928637257,115717533.0,-0.0077475029445856144
2023-07-21 00:00:00+05:30,3201.1753601079936,3221.64861952854,3180.1709064285137,3201.851318359375,536479,0.0,0.0,3258.621240234375,3298.9858466131745,41.78257568031497,-55.21166652359625,4.999744337578512,-60.21141086117476,69.87048027306214,115181054.0,0.00021115939470389174
2023-07-24 00:00:00+05:30,3204.2656070719554,3207.9837310935923,3169.499614951826,3194.463623046875,517007,0.0,0.0,3247.4502563476562,3294.8869358850848,41.121938158794876,-53.113513321661685,5.678318031610466,-58.79183135327215,67.62859712082673,114664047.0,-0.003059042297694358
2023-07-25 00:00:00+05:30,3211.556701208619,3249.654385257317,3199.195413004808,3212.184326171875,865631,0.0,0.0,3236.5641479492188,3291.643696288488,43.43236748384289,-49.450761551522646,7.472855841399607,-56.92361739292225,66.74018034151352,115529678.0,0.00019542702235954374
2023-07-26 00:00:00+05:30,3232.705930372716,3244.8257881345758,3212.377435944444,3238.693359375,552958,0.0,0.0,3227.7712280273436,3289.5672124879593,46.795800031317484,-43.90286208519274,10.416604246183617,-54.319466331376354,64.30455760016976,116082636.0,0.0018521415591902187
2023-07-27 00:00:00+05:30,3244.8256961041525,3251.827180121044,3206.5830132341425,3213.825927734375,748689,0.0,0.0,3217.295544433594,3286.5969660270343,44.14418800923356,-41.03962642808756,10.62387192263104,-51.6634983507186,62.94310112065059,115333947.0,-0.009553600492931517
2023-07-28 00:00:00+05:30,3234.9756251601707,3243.377359463968,3215.516185262209,3240.1904296875,338430,0.0,0.0,3206.435998535156,3284.7771018568565,47.53824580444043,-36.22551142494285,12.350389540620597,-48.57590096556345,60.55798187843217,115672377.0,0.0016120073631377392
2023-07-31 00:00:00+05:30,3235.1685168785284,3260.2289542056283,3204.699942348758,3250.13720703125,485771,0.0,0.0,3193.6232666015626,3283.4186746087935,48.802252078722844,-31.247467444345602,13.86274681697428,-45.11021426131988,60.19876973403488,116158148.0,0.004626865671641805
2023-08-01 00:00:00+05:30,3259.3116362003684,3317.254954177264,3251.6341937228226,3298.8095703125,1039321,0.0,0.0,3194.304089355469,3284.022239146194,54.57032535286338,-23.108498395010884,17.601372693047203,-40.70987108805809,60.69298240631912,117197469.0,0.012118489583333426
2023-08-02 00:00:00+05:30,3312.4264679003822,3312.4264679003822,3167.568167554885,3218.461669921875,1174483,0.0,0.0,3195.412255859375,3281.4512364315146,45.46432888123131,-22.877987650823798,14.265506749787427,-37.143494400611225,66.70479083054614,116022986.0,-0.028367361174380382
2023-08-03 00:00:00+05:30,3218.075457590859,3268.9689596757294,3188.1864089396518,3263.8505859375,601722,0.0,0.0,3203.0173095703126,3280.761014843514,50.490312634767044,-18.815902027768516,14.662073898274166,-33.47797592604268,67.71034510951267,116624708.0,0.014224380052576355
2023-08-04 00:00:00+05:30,3302.7689560071617,3359.6017851291067,3235.1684218198807,3244.39111328125,1235134,0.0,0.0,3211.4552978515626,3279.3347441940136,48.42960088344587,-16.971252682822524,13.205378594576128,-30.176631277398652,71.76198926663506,115389574.0,-0.017675424319261744
2023-08-07 00:00:00+05:30,3244.7776782234387,3261.388049937329,3225.221807172113,3240.818359375,438968,0.0,0.0,3220.240966796875,3277.824297730523,48.04190948313422,-15.617616012690178,11.647212211766782,-27.26482822445696,69.21943594510512,114950606.0,-0.0012202126743569232
2023-08-08 00:00:00+05:30,3229.374577170448,3269.017514992563,3178.1913078552466,3256.414794921875,881723,0.0,0.0,3225.9846069335936,3276.984709385086,49.92638775820502,-13.134935831351868,11.303913914484077,-24.438849745835945,70.76277674454879,115832329.0,0.008373205741626736
2023-08-09 00:00:00+05:30,3259.3115633055063,3297.940441092831,3217.7855196841324,3295.622802734375,1096303,0.0,0.0,3231.824816894531,3277.7156150066266,54.40355240503036,-7.912425825815262,13.22113913601655,-21.133564961831812,71.43364422055949,116928632.0,0.011140769675925925
2023-08-10 00:00:00+05:30,3295.043232703047,3317.0617399118432,3264.236797374307,3297.650634765625,640761,0.0,0.0,3239.4322875976563,3278.4973804873716,54.62950096930183,-3.568781234074777,14.051826982205629,-17.620608216280406,70.10445124320067,117569393.0,0.0007913104255202522
2023-08-11 00:00:00+05:30,3302.769186617388,3302.769186617388,3260.711947042764,3273.02490234375,366412,0.0,0.0,3241.465124511719,3278.2827735013475,51.30461416412756,-2.0894169040107045,12.424953049815763,-14.514369953826467,68.10107898115947,117202981.0,-0.009005862230445938
2023-08-14 00:00:00+05:30,3292.357043914528,3292.357043914528,3208.730098691504,3259.843505859375,650028,37.0,0.0,3242.7036987304687,3277.559664966368,49.56566255201596,-1.9580671694775447,10.045042227479138,-12.003109396956683,69.21006942700694,116552953.0,-0.00987545932032179
2023-08-16 00:00:00+05:30,3267.8990072010847,3267.8990072010847,3208.4863542504727,3248.615478515625,502272,0.0,0.0,3243.412255859375,3276.4245988310445,48.07100735557599,-2.728526770476037,7.419666101184518,-10.148192871660555,68.51025396440731,116050681.0,-0.005900894930647144
2023-08-17 00:00:00+05:30,3240.6091143811555,3244.514639074595,3214.002727407101,3220.54443359375,484577,0.0,0.0,3243.6395263671875,3274.233219802131,44.461222632612426,-5.540354522627695,3.686270679226288,-9.226625201853983,66.08900376041565,115566104.0,-0.0061916386948251585
2023-08-18 00:00:00+05:30,3220.104966471481,3289.4280266957007,3197.5504670206424,3270.486328125,680218,0.0,0.0,3246.9940185546875,3274.086282873616,51.44686676773008,-3.6962467359503535,4.424302772722903,-8.120549508673257,67.93104346860441,116246322.0,0.015645875578001966
2023-08-21 00:00:00+05:30,3265.946023620106,3292.3571809463897,3237.191646924008,3286.0595703125,407887,0.0,0.0,3251.2044311523437,3274.5558235574936,53.41456721895239,-0.9670005549533016,5.722839162975965,-6.689839717929266,67.01922136530278,116654209.0,0.006158566781853653
2023-08-22 00:00:00+05:30,3281.8122492026014,3289.428069790601,3250.3728240821943,3264.4326171875,343014,0.0,0.0,3254.702880859375,3274.158835072396,50.36212961386169,-0.542909345568205,4.917544297888849,-5.460453643457054,65.02179453266736,116311195.0,-0.005295742320214752
2023-08-23 00:00:00+05:30,3264.432727765085,3300.1683741484885,3251.642277386907,3278.68798828125,347738,0.0,0.0,3258.0280639648436,3274.3364489237233,52.29720881175254,0.9327234481302185,5.114541673269818,-4.181818225139599,63.843530406161214,116658933.0,0.004366841563288854
2023-08-24 00:00:00+05:30,3285.5224714733945,3295.28628268134,3241.585321037644,3262.723876953125,840229,0.0,0.0,3259.22958984375,3273.8810539444844,49.94886267105101,0.8047263178937101,3.989235634426648,-3.184509316532938,63.119061208842254,115818704.0,-0.006939107773031133
2023-08-25 00:00:00+05:30,3262.0892338887934,3282.7395986698007,3245.100298208978,3262.235595703125,463506,0.0,0.0,3261.6500732421873,3273.4243693075687,49.87509309230931,0.6563217848838576,3.0726648811334365,-2.416343096249579,61.29907829826942,115355198.0,4.486750785696076e-05
2023-08-28 00:00:00+05:30,3270.8279359322423,3285.4736529590955,3255.254704501882,3269.265869140625,329661,0.0,0.0,3263.1038452148437,3273.261290869649,50.99726368605151,1.0933905100482662,2.807786885038276,-1.71439637499001,59.079069023908296,115684859.0,-0.00047757534857060895
2023-08-29 00:00:00+05:30,3280.640662933803,3290.4044744306298,3269.363412980107,3276.1005859375,271577,0.0,0.0,3264.4020141601563,3273.3726357742707,52.11953195106835,1.9685825547562672,2.946383143797022,-0.9778005890407546,56.369035900058044,115956436.0,-0.0013838995070685144
2023-08-30 00:00:00+05:30,3288.451670658078,3331.412440702305,3277.223287578337,3325.31005859375,903102,0.0,0.0,3265.7270385742186,3275.409397453466,59.33987639136563,6.557382316724215,6.028146324611976,0.5292359921122395,56.29352296182569,116859538.0,0.011208432304038082
2023-08-31 00:00:00+05:30,3329.459738456516,3329.459738456516,3243.538196818928,3257.79345703125,835737,0.0,0.0,3267.6936279296874,3274.718576260438,48.52723862351644,4.6919280760530455,3.330153667152645,1.3617744089004007,58.40981001009441,116023801.0,-0.021524898048020612
2023-09-01 00:00:00+05:30,3270.8769103013647,3325.993579517999,3243.6359710846978,3320.08642578125,691510,0.0,0.0,3270.505419921875,3276.497707614196,56.41779080050111,8.146160259845146,5.427508680755796,2.71865157908935,60.12036704032347,116715311.0,0.015044746968283618
2023-09-04 00:00:00+05:30,3348.9874201263474,3379.255236459851,3329.70389197839,3353.039306640625,661736,0.0,0.0,3275.9378295898437,3279.4993389485658,59.91818051311139,13.388353631828068,8.535761642190973,4.852591989637094,60.05239872877186,117377047.0,0.0012098840652332897
2023-09-05 00:00:00+05:30,3353.039307439165,3362.656757335857,3316.278651652509,3323.064453125,374902,0.0,0.0,3280.0501342773437,3281.2077747986223,55.5477707576374,14.951754954706757,8.07933037205573,6.872424582651027,59.0756635112416,117002145.0,-0.00893960719388579
2023-09-06 00:00:00+05:30,3334.341601416481,3336.392097165316,3295.286355719069,3311.201416015625,431090,0.0,0.0,3282.7894653320313,3282.3839960228183,53.87298940038653,15.059912518554029,6.549990348722401,8.509922169831627,57.792097649456274,116571055.0,-0.006939956419289968
2023-09-07 00:00:00+05:30,3309.9322366157485,3331.363756077675,3295.2865187546167,3322.088134765625,334700,0.0,0.0,3284.1127319335938,3283.941021071556,55.207680706281145,15.84148461252471,5.865249954154466,9.976234658370243,56.24103619757071,116905755.0,0.0036725519681047487
2023-09-08 00:00:00+05:30,3322.625134150964,3325.896106432632,3286.5967641906177,3291.283203125,448502,0.0,0.0,3283.7943603515623,3284.228949779534,50.73430697209515,13.81592421780806,3.0717516475502524,10.744172570257808,55.03091520074527,116457253.0,-0.009432882061783669
2023-09-11 00:00:00+05:30,3297.2391181908824,3329.361962429103,3283.5697821960134,3324.089599609375,544361,0.0,0.0,3286.3475952148438,3285.792112517959,54.923309893022605,14.688534748133407,3.155489742300478,11.533045005832928,54.37100556019845,117001614.0,0.008143322475570043
2023-09-12 00:00:00+05:30,3329.4596997170784,3334.2927387030973,3242.268815917662,3262.33349609375,446513,0.0,0.0,3286.4720947265623,3284.872166775833,46.847937116853466,10.278400441607573,-1.0037156513802845,11.282116092987858,57.060499647715375,116555101.0,-0.020161290322580697
2023-09-13 00:00:00+05:30,3270.828024055408,3290.306780551062,3229.8688820083075,3241.87841796875,820181,0.0,0.0,3286.1352416992186,3283.1861374108494,44.513390797938925,5.0742901180719855,-4.966260779932698,10.040550898004684,57.301742425932446,115734920.0,-0.008850849348772652
2023-09-14 00:00:00+05:30,3256.2311658144777,3305.0502237727155,3246.565087688469,3301.53515625,436335,0.0,0.0,3290.184777832031,3283.905706777091,52.022563725435774,5.698111122146656,-3.4739518206864215,9.172062942833078,57.72103266722053,116171255.0,0.013913014196026988
2023-09-15 00:00:00+05:30,3300.21714225606,3366.4644600286065,3291.91790250992,3346.25341796875,1169429,0.0,0.0,3293.9731323242186,3286.3507150591167,56.74778710357928,9.68919277387613,0.4137038648344422,9.275488909041687,58.922855870896655,117340684.0,0.013949468695026276
2023-09-18 00:00:00+05:30,3350.989006944657,3371.297782742014,3331.412517017101,3350.696044921875,596376,0.0,0.0,3297.2049560546875,3288.8740613282444,57.198791684937056,13.060088038313552,3.027679303417491,10.03240873489606,57.5630280033264,117937060.0,-8.74255397957979e-05
2023-09-20 00:00:00+05:30,3346.058286553074,3368.5150535769203,3297.043999245455,3359.9228515625,547812,0.0,0.0,3301.9794677734376,3291.6602883962546,58.174258558845324,16.28831148989366,5.004722203998078,11.28358928589558,58.55645845533633,118484872.0,0.00414355155292539
2023-09-21 00:00:00+05:30,3348.792308917866,3358.8002162820685,3323.6016261214013,3354.699462890625,477582,0.0,0.0,3305.7800415039064,3294.1324128862298,57.37703485408313,18.215244026681376,5.545323792628636,12.66992023405274,56.968227525747935,118007290.0,0.00176396546212436
2023-09-22 00:00:00+05:30,3344.10562697443,3350.7450668429947,3311.8850472108807,3328.9228515625,393516,0.0,0.0,3309.089990234375,3295.4967438147114,53.48196821755158,17.461113982015377,3.8329549983701092,13.628158983645267,55.95724096531911,117613774.0,-0.004540160241788324
2023-09-25 00:00:00+05:30,3337.124415451962,3348.8896176331978,3301.1935413863102,3306.6611328125,309695,0.0,0.0,3311.3112670898436,3295.9345629910954,50.305738726163355,14.895420696513611,1.0138093702946733,13.881611326218938,55.36715777114542,117304079.0,-0.009128602607204866
2023-09-26 00:00:00+05:30,3324.62657160699,3455.6080031615747,3324.5777048762598,3390.1416015625,2178639,0.0,0.0,3317.3550537109377,3299.6289566605624,59.91869945163389,19.374924368026313,4.3946504334459,14.980273934580413,62.05142295528323,119482718.0,0.019705981572493567
2023-09-27 00:00:00+05:30,3407.570201217988,3414.307135778984,3345.8629604352623,3397.513427734375,552573,0.0,0.0,3323.4256958007813,3303.4675633693396,60.64272000615067,23.251776063201305,6.617201702896711,16.634574360304594,62.508048125885985,120035291.0,-0.0029513033891476366
2023-09-28 00:00:00+05:30,3397.806266350556,3417.3338885709613,3344.105305244441,3358.9951171875,608162,0.0,0.0,3325.1099487304687,3305.6451144994635,55.0474257291755,22.951532235872946,5.05356630045468,17.897965935418267,63.27380064021702,119427129.0,-0.011422413793103513
2023-09-29 00:00:00+05:30,3363.584102987804,3398.294499595466,3345.374690388247,3365.536865234375,515006,0.0,0.0,3330.497119140625,3307.9938106067148,55.793431743387536,22.976591392151477,4.062900365386568,18.91369102676491,62.534229823574286,119942135.0,0.0005805599583006066
2023-10-03 00:00:00+05:30,3345.9604283033063,3353.8203441433907,3224.889167124697,3272.24365234375,1354075,0.0,0.0,3328.10498046875,3306.5918436160105,44.46131615065509,15.292189515999326,-2.8972012086124685,18.189390724611794,68.1137632725817,118588060.0,-0.022031574353357543
2023-10-04 00:00:00+05:30,3270.8767591241003,3328.434378598604,3245.246754668277,3320.574462890625,566983,0.0,0.0,3326.48173828125,3307.14018162678,50.11412415168578,12.95282604393833,-4.1892517445387725,17.142077788477103,69.19046760527779,119155043.0,0.01519400069962682
2023-10-05 00:00:00+05:30,3325.066138775324,3372.322892968022,3307.0519535151097,3362.266357421875,394665,0.0,0.0,3328.4418334960938,3309.301992442274,54.4235678457382,14.298229998018996,-2.2750782323664858,16.573308230385482,68.91050130868027,119549708.0,0.01118781314234325
2023-10-06 00:00:00+05:30,3362.266316274354,3382.623720789052,3357.140315095397,3368.905517578125,249258,0.0,0.0,3331.327038574219,3311.6393855848564,55.08890752856743,15.718998236638527,-0.6834479949975645,16.40244623163609,65.80856590760705,119798966.0,0.0019746208893791396
2023-10-09 00:00:00+05:30,3339.4187698444816,3393.900885824582,3320.672299392809,3364.218994140625,471285,0.0,0.0,3333.4335815429686,3313.7013310184157,54.48426797473296,16.279148140979032,-0.09863847252564995,16.377786613504682,66.33856737361891,119327681.0,0.007426509223728873
2023-10-10 00:00:00+05:30,3368.954338276614,3391.9481623543097,3367.5874999972943,3377.058349609375,206646,0.0,0.0,3337.7223388671873,3316.1859199827672,55.91194651618622,17.556716757089816,0.9431441148681046,16.613572642221712,63.58075314790933,119534327.0,0.002405497528027174
2023-10-11 00:00:00+05:30,3399.7592836245126,3411.573591303892,3379.645735878847,3404.250732421875,343468,0.0,0.0,3341.7303955078123,3319.639442039203,58.85548408554328,20.526777216212395,3.1305636591925463,17.39621355701985,61.50464518695273,119877795.0,0.0013211078851953415
2023-10-12 00:00:00+05:30,3407.5703892115303,3451.458676492271,3394.340376271963,3411.671142578125,644992,0.0,0.0,3349.1972778320314,3323.248528334847,59.647232696909704,23.21176582524049,4.6524418145765125,18.55932401066398,61.19133483219238,120522787.0,0.0012034244045487227
2023-10-13 00:00:00+05:30,3398.7829527701224,3417.334195545943,3359.727704821026,3394.29150390625,280442,0.0,0.0,3356.8179321289062,3326.034527376863,56.88615002169729,23.66445790891339,4.08410711859953,19.58035079031386,60.9352745388156,120242345.0,-0.001321487404840521
2023-10-16 00:00:00+05:30,3380.3293934072854,3420.263288494161,3380.3293934072854,3404.250732421875,147663,0.0,0.0,3361.9537109375,3329.101829535491,58.083560714801656,24.54391913344898,3.970854674508093,20.573064458940888,59.435176006534164,120390008.0,0.007076629591555145
2023-10-17 00:00:00+05:30,3422.21594894432,3439.5955811815807,3404.641088150883,3418.1640625,260333,0.0,0.0,3365.5492431640623,3332.5944661223343,59.76477411965141,26.06314820011812,4.3920669929417855,21.671081207176336,57.714438346046414,120650341.0,-0.0011839949625534615
2023-10-18 00:00:00+05:30,3418.1639333588114,3463.077464800724,3399.856787390641,3413.526123046875,368551,0.0,0.0,3368.6907470703127,3335.7682565899636,58.91646562378565,26.58643337346939,3.9322817330344435,22.654151640434947,58.10774113633476,120281790.0,-0.0013568133074820408
2023-10-19 00:00:00+05:30,3397.8063826471325,3450.5309644468293,3378.6205885086306,3418.505615234375,353664,0.0,0.0,3371.6198852539064,3339.0128588897446,59.57982878019435,27.090659784944364,3.5492065156075334,23.54145326933683,59.093643622182185,120635454.0,0.006091939991918051
2023-10-20 00:00:00+05:30,3417.3340339573533,3417.480395780515,3383.7466176590374,3398.68505859375,216268,0.0,0.0,3373.8191650390627,3341.352945152647,55.72297380289314,25.59585647462609,1.6435225642314037,23.952333910394685,57.35545461883614,120419186.0,-0.005457170758928521
2023-10-23 00:00:00+05:30,3385.2110801367558,3410.401522360367,3344.935358893508,3364.951171875,211293,0.0,0.0,3375.6205810546876,3342.2783658084254,49.81267860608986,21.442001305505983,-2.0082660839109607,23.450267389416943,57.934790965123504,120207893.0,-0.005984828650902707
2023-10-25 00:00:00+05:30,3353.967071772884,3364.8536265314874,3289.232952153433,3304.46435546875,354128,0.0,0.0,3375.5107421875,3340.795463442164,41.34479696931173,13.118043937685798,-8.265778761384915,21.383822699070713,59.20503587629804,119853765.0,-0.01475945208906517
2023-10-26 00:00:00+05:30,3290.404471469092,3295.286377213112,3231.821602540859,3248.224853515625,428619,0.0,0.0,3368.414904785156,3337.1652434450452,35.33091156757464,1.9605895029594649,-15.538586556888998,17.499176059848462,60.16487280855467,119425146.0,-0.012818976608865027
2023-10-27 00:00:00+05:30,3248.224938029666,3329.4598040489004,3248.224938029666,3314.667724609375,293097,0.0,0.0,3364.2726196289063,3336.282987804431,45.429954303940384,-1.5030627390246991,-15.201791039098529,13.69872830007383,61.66987836032043,119718243.0,0.020455106357262377
2023-10-30 00:00:00+05:30,3322.625173508431,3345.081940769875,3257.402862656853,3278.34619140625,257392,0.0,0.0,3360.2401733398438,3334.01095657313,41.60497409755041,-7.09706571702236,-16.636635213676954,9.539569496654591,63.527678342656266,119460851.0,-0.01332650533536588
2023-10-31 00:00:00+05:30,3287.035951069982,3287.4752749049844,3209.560012814497,3217.712890625,409346,0.0,0.0,3352.848974609375,3329.450248104576,36.1354222015753,-16.235797847951744,-20.620293875685068,4.3844960277333245,64.55536289607278,119051505.0,-0.021089839441036862
2023-11-01 00:00:00+05:30,3231.626399316504,3236.8012671205875,3197.648287396936,3204.72705078125,325630,0.0,0.0,3349.47314453125,3324.559142327191,35.07198855599336,-24.246657278830753,-22.90492264525126,-1.3417346335794917,62.74090695518553,118725875.0,-0.008323780416245886
2023-11-02 00:00:00+05:30,3207.4119638777483,3265.99483079789,3206.6308113106206,3259.453125,493381,0.0,0.0,3346.4170776367187,3322.0059651771053,42.72218584903364,-25.8810437068978,-19.631447258654646,-6.249596448243154,62.635683602432266,119219256.0,0.01622528122621769
2023-11-03 00:00:00+05:30,3280.640748067386,3376.4724650458807,3273.8060798422457,3347.03466796875,568463,0.0,0.0,3345.6554931640626,3322.9874829336404,52.39024799183416,-19.880043392840435,-10.904357555677823,-8.975685837162612,66.52023049125002,119787719.0,0.020238095238095284
2023-11-06 00:00:00+05:30,3373.2991788587365,3459.757778367561,3356.2613752687457,3428.025390625,722080,0.0,0.0,3348.6114868164063,3327.1066165685957,59.2416163212312,-8.491053380555968,0.3877059652853152,-8.878759345841283,69.82043619893295,120509799.0,0.016223349565092134
2023-11-07 00:00:00+05:30,3397.9042228119943,3455.364111941988,3397.9042228119943,3426.17041015625,335436,0.0,0.0,3351.7090576171877,3330.991471219092,59.0320805201475,0.38073298347717355,7.407593863454766,-7.026860879977592,68.93753997972301,120174363.0,0.008318712209275743
2023-11-08 00:00:00+05:30,3427.097836897451,3480.7988001536787,3423.0459504742025,3466.446044921875,393482,0.0,0.0,3356.1784423828126,3336.303415285868,62.16142814810547,10.54009506784405,14.053564758257313,-3.5134696904132636,68.13863352970539,120567845.0,0.01148149539262813
2023-11-09 00:00:00+05:30,3461.563979406744,3511.456910850196,3442.817509864653,3458.244140625,538782,0.0,0.0,3358.8781127929688,3341.085404514854,61.137256303615956,17.725311229146428,16.991024735647752,0.7342864934986744,68.17440263369379,120029063.0,-0.000959057466940926
2023-11-10 00:00:00+05:30,3456.3892961634187,3480.7988250911267,3419.3845456587364,3457.12158203125,259237,0.0,0.0,3361.150634765625,3345.63584284883,60.98914663497277,23.06320740811043,17.8631367316894,5.200070676421026,67.69153669074353,119769826.0,0.0002118644067796664
2023-11-13 00:00:00+05:30,3505.208383478804,3588.20078253053,3501.3028588175457,3559.2998046875,875885,0.0,0.0,3369.4010498046873,3354.0148217444644,68.475351768222,35.1334605532893,23.946711901494616,11.18674865179468,72.21922696278186,120645711.0,0.015431727672353665
2023-11-15 00:00:00+05:30,3601.869912312261,3768.831082007408,3585.369166914329,3757.407470703125,1914550,0.0,0.0,3387.05888671875,3369.834141311471,77.4934182654836,59.993290812971736,39.045233728941646,20.94805708403009,82.02723055971944,122560261.0,0.043182447500169405
2023-11-16 00:00:00+05:30,3757.1635257454423,3781.524187722967,3723.087680641973,3746.13037109375,755583,0.0,0.0,3403.4572021484373,3384.5908562048935,76.15787240529599,77.88708388732584,45.5512214426366,32.33586244468924,80.34217888266764,121804678.0,-0.0029365649315205725
2023-11-17 00:00:00+05:30,3734.560162065056,3805.9337194182335,3726.749112871791,3774.006103515625,476357,0.0,0.0,3421.481201171875,3399.8620423739417,77.20372718830707,93.24254049048977,48.725342436640425,44.51719805384935,80.25949514436583,122281035.0,0.010562406210844685
2023-11-20 00:00:00+05:30,3759.60433212089,3806.812215781583,3733.681365966322,3755.60107421875,249897,0.0,0.0,3438.335974121094,3413.8125926423654,74.86854545810503,102.74236836398177,46.58013624810593,56.16223211587584,79.75030619228689,122031138.0,-0.0010648083012186498
2023-11-21 00:00:00+05:30,3773.71307207877,3774.298996107209,3735.683074693483,3753.404296875,260475,0.0,0.0,3456.0719360351563,3427.1299143769784,74.5785903272986,108.83915875181447,42.1415413087509,66.69761744306356,76.81213585096111,121770663.0,-0.005381642646345337
2023-11-22 00:00:00+05:30,3739.6374375168953,3763.363308125168,3715.130175960446,3743.25,286194,0.0,0.0,3474.9868774414062,3439.5267804798423,73.16799941418992,111.56548470379948,35.89429380858874,75.67119089521074,74.77077844480114,121484469.0,0.0009660194453244822
2023-11-23 00:00:00+05:30,3745.935083265343,3822.53213546982,3742.4688825685366,3792.069091796875,764501,0.0,0.0,3499.3671142578123,3453.3519691589418,75.56126128922713,116.32449401517624,32.52264249597239,83.80185151920385,75.14881233454986,122248970.0,0.012315752277083439
2023-11-24 00:00:00+05:30,3803.687977627395,3827.414087117808,3751.3052245654144,3758.139892578125,266314,0.0,0.0,3524.8628662109377,3465.304436744008,70.83259243068542,116.02082451786237,25.775178398926812,90.24564611893555,75.21738735011013,121982656.0,-0.011974716463909648
2023-11-28 00:00:00+05:30,3764.876775039693,3800.2217243129953,3688.5238182574726,3736.317626953125,505274,0.0,0.0,3545.945361328125,3475.932404987503,67.88982913550429,112.71992466791198,17.97942283918114,94.74050182873084,77.82313868621102,121477382.0,-0.007585679370944805
2023-11-29 00:00:00+05:30,3761.0201345170176,3761.0201345170176,3701.460885242475,3722.208984375,414180,0.0,0.0,3568.1385009765627,3485.590310061523,65.98123873481498,107.72371626450558,10.386571548619798,97.33714471588578,76.51857515680615,121063202.0,-0.01031931464174457
2023-11-30 00:00:00+05:30,3766.8296209124874,3827.414119120881,3737.635919792384,3804.859619140625,1338711,0.0,0.0,3597.4958374023436,3498.1106751234483,71.10587666924499,109.17490030280396,9.470204469534536,99.70469583326943,78.56761512745435,122401913.0,0.010096022930531467
2023-12-01 00:00:00+05:30,3829.367021878984,3856.705695161138,3790.360641067343,3799.29443359375,683211,0.0,0.0,3627.2242065429687,3509.9218029065973,70.33754272179574,108.6237630207761,7.135253750005319,101.48850927077078,77.69457505362155,121718702.0,-0.007853148604825548
2023-12-04 00:00:00+05:30,3856.705499490326,4100.800784268195,3823.508540760536,4081.614990234375,2824695,0.0,0.0,3668.3322998046874,3532.341143586118,81.34819311997845,129.47538063130833,22.389497088430034,107.08588354287829,93.68113045510891,124543397.0,0.058316480419303825
2023-12-05 00:00:00+05:30,4082.249497317611,4096.162928395529,4003.162625927339,4038.800537109375,1045885,0.0,0.0,3702.9205932617188,3552.2022962733045,76.6984897977655,140.9212171921945,27.068266919452952,113.85295027274154,93.6324998846147,123497512.0,-0.010643386749581452
2023-12-06 00:00:00+05:30,3991.494798419165,4030.4525472838586,3929.933922468129,3951.414306640625,941566,0.0,0.0,3729.0900390625,3567.8576692288857,68.13790564311034,141.31183181427423,21.96710523322615,119.34472658104808,94.7206509386598,122555946.0,-0.010041474135056827
2023-12-07 00:00:00+05:30,3954.34361739661,4037.336014304934,3952.390855116414,3994.375244140625,699553,0.0,0.0,3757.500280761719,3584.5838486371895,69.91566290791195,143.43456099893137,19.271867534306622,124.16269346462475,94.09215499049189,123255499.0,0.010123456790123397
2023-12-08 00:00:00+05:30,4003.1627379392726,4015.269768918928,3933.6444473357737,3959.2255859375,334252,0.0,0.0,3782.1392578125,3599.2756814724958,66.63952571824491,140.65912468012084,13.197144972396856,127.46197970772398,93.20166688996778,122921247.0,-0.01097560975609758
2023-12-11 00:00:00+05:30,3959.225730972447,3972.7973341826514,3915.2885773611615,3930.56884765625,534584,0.0,0.0,3805.7554931640625,3612.267570342447,64.00622680159059,134.59567693576673,5.706957782434188,128.88871915333254,90.65217331364794,122386663.0,-0.007238001888101056
2023-12-12 00:00:00+05:30,3951.8539373729263,3951.8539373729263,3843.182664967476,3858.414306640625,981121,0.0,0.0,3825.8201293945312,3621.9203835306107,57.81173270395489,122.55534079366498,-5.06670268773405,127.62204348139903,91.93925182020527,121405542.0,-0.023644505139382047
2023-12-13 00:00:00+05:30,3875.256679927236,3949.412778596664,3864.4676208355977,3937.5009765625,707209,0.0,0.0,3844.730187988281,3634.296093061273,62.13708930750292,118.0342950830086,-7.670198718712342,125.70449380172094,91.8720532584791,122112751.0,0.016061980347694776
2023-12-14 00:00:00+05:30,3962.154615050484,4003.162622401919,3949.461660394088,3989.6396484375,922658,0.0,0.0,3856.341796875,3648.231134448576,64.70612937357987,117.30625537285914,-6.71859074308945,124.02484611594859,89.99988129997482,123035409.0,0.006936890671205077
2023-12-15 00:00:00+05:30,4002.869775205141,4037.628560869329,3949.461538484667,3964.009521484375,954933,0.0,0.0,3867.2357543945313,3660.614600606843,62.46249699682894,113.35446193562211,-8.53630734426119,121.8907692798833,89.86896280602389,122080476.0,-0.009708098415161324
2023-12-18 00:00:00+05:30,3979.729506170833,4066.6274271838856,3972.4066476584967,3989.005126953125,886620,0.0,0.0,3877.985705566406,3673.49266046356,63.78146641634345,110.96049016964662,-8.74422328818936,119.70471345783598,90.77960158413008,122967096.0,0.0023307163886162985
2023-12-19 00:00:00+05:30,3998.085600827612,4012.486984488328,3927.395462187063,3944.238037109375,328368,0.0,0.0,3887.4175537109377,3684.110126214376,59.73323555142986,104.24920039202016,-12.364410452652663,116.61361084467282,90.37331020678256,122638728.0,-0.013468336872799901
2023-12-20 00:00:00+05:30,3978.508978785899,4034.846360251874,3799.7823666428494,3819.993408203125,557214,0.0,0.0,3890.7470092773438,3689.4388823707977,50.20852700024308,87.89178985130638,-22.977456794693154,110.86924664599954,100.70835902122843,122081514.0,-0.03984295911558998
2023-12-21 00:00:00+05:30,3807.886532760194,3913.237964816836,3756.675388475242,3864.4677734375,445648,0.0,0.0,3896.807897949219,3696.3027604518447,53.09189680475268,77.62235158481417,-26.597516048948307,104.21986763376248,104.69794597268313,122527162.0,0.01485896183894233
2023-12-22 00:00:00+05:30,3888.926250828749,3922.074344307699,3854.9481379947497,3911.431884765625,309907,0.0,0.0,3902.7760375976563,3704.739196699444,55.99014981654717,72.43833502516418,-25.425226086878638,97.86356111204282,102.01425028270214,122837069.0,0.005787107413538661
2023-12-26 00:00:00+05:30,3929.739055467133,3973.529608750308,3917.241328578461,3944.970458984375,475107,0.0,0.0,3912.117565917969,3714.16003051454,57.98651638187475,70.2267173161058,-22.109475036749615,92.33619235285542,99.16306983284362,123312176.0,0.003875932549783911
2023-12-27 00:00:00+05:30,3971.918608730279,4037.2875189121487,3946.630431718618,4022.6904296875,385941,0.0,0.0,3926.4362060546873,3726.259261854656,62.258965624487466,73.89354763072652,-14.754115777703134,88.64766340842965,98.67406912533862,123698117.0,0.01278269419862339
2023-12-28 00:00:00+05:30,4022.690311735588,4032.454123171839,3984.5137136701233,3995.25390625,450475,0.0,0.0,3940.0884521484377,3736.808071438787,59.94158394878207,73.73566013713071,-11.929602617039166,85.66526275416987,95.05023629507984,123247642.0,-0.006820412052487918
2023-12-29 00:00:00+05:30,4003.114045955368,4079.320403238883,3997.304387472472,4045.63525390625,673952,0.0,0.0,3952.127233886719,3748.9189413394715,62.68801915256317,76.79069157042932,-7.099656946992454,83.89034851742177,94.26568348749436,123921594.0,0.010622032613296181
2024-01-01 00:00:00+05:30,4047.099950595735,4047.099950595735,3934.816116019496,3942.968994140625,763454,0.0,0.0,3959.3109619140623,3756.528747331674,54.489571621321176,70.11922605600694,-11.016897969131875,81.13612402513881,95.55269427954757,123158140.0,-0.025729771373643014
2024-01-02 00:00:00+05:30,3915.3859906260905,3916.020542998856,3790.653303630366,3800.5634765625,1221148,0.0,0.0,3945.2583862304687,3758.255599458373,45.58431794937081,52.733230577723134,-22.72231475793255,75.45554533565569,99.60719401031268,121936992.0,-0.029325975609681778
2024-01-03 00:00:00+05:30,3802.0769073568026,3836.1525127307273,3786.8452666979497,3795.779296875,435449,0.0,0.0,3933.10732421875,3759.727117004123,45.316368204446334,38.1291316885804,-29.861130917660233,67.99026260624063,96.01434058334588,121501543.0,-0.0016563606247988049
2024-01-04 00:00:00+05:30,3795.681717642167,3822.5321992460654,3757.602852822091,3769.8076171875,425702,0.0,0.0,3924.026989746094,3760.1224307368047,43.81081382641582,24.180838946362655,-35.04753892790239,59.22837787426504,93.7939838576765,121075841.0,-0.006816720257234727
2024-01-05 00:00:00+05:30,3772.785560908566,3826.144694424472,3768.8311696489695,3785.478515625,402103,0.0,0.0,3913.5821533203125,3761.11678700693,44.99821286116397,14.227224406062305,-36.00092277456219,50.2281471806245,91.18823678037836,121477944.0,0.0033643456569467356
2024-01-08 00:00:00+05:30,3798.122736627688,3866.859875380429,3785.917972049835,3792.508544921875,401263,0.0,0.0,3905.246301269531,3762.3478363369277,45.55406253086119,6.827474902090216,-34.720537822827424,41.54801272491764,90.48774556431054,121879207.0,-0.0014781491002573044
2024-01-09 00:00:00+05:30,3816.918060619063,3831.270816037147,3759.653400771418,3779.034423828125,411462,0.0,0.0,3897.669580078125,3763.0022123169747,44.62323420779338,-0.12271428259873574,-33.336581606013105,33.21386732341437,89.13986482869758,121467745.0,-0.009925189954115411
2024-01-10 00:00:00+05:30,3779.034150008807,3781.523969468365,3701.1188911892095,3751.793212890625,577499,0.0,0.0,3892.338525390625,3762.56264371202,42.72254864813377,-7.739708798008905,-32.76286089713862,25.023152099129717,88.51595150373029,120890246.0,-0.007208438991777452
2024-01-11 00:00:00+05:30,3777.4233054341303,3832.002914413596,3761.459378853963,3796.950927734375,378237,0.0,0.0,3885.3110229492186,3763.91120386976,46.77012377710483,-10.016912903196953,-28.032052001861338,18.015139098664385,87.92264793367606,121268483.0,0.005169561555929582
2024-01-12 00:00:00+05:30,3798.317880951071,3806.910082698192,3759.0674066140136,3779.425048828125,220410,0.0,0.0,3874.80029296875,3764.5195899465584,45.428375718106835,-13.084970130230431,-24.880087383115853,11.795117252885422,85.05979280156909,121048073.0,-0.004973999732274993
2024-01-15 00:00:00+05:30,3783.4767414984008,3792.898723711384,3720.988351445266,3741.590087890625,364325,0.0,0.0,3863.6793212890625,3763.6203937875025,42.58792595040049,-18.35777572328834,-24.12231438093901,5.76453865765067,84.1205484776083,120683748.0,-0.011070942540322598
2024-01-16 00:00:00+05:30,3700.4845003248192,3737.684716904717,3653.130015294277,3702.730224609375,519197,0.0,0.0,3849.365576171875,3761.2325440158115,39.83308512428398,-25.37961790868121,-24.915325253065504,-0.464292655615707,84.43051448608969,120164551.0,0.0006068730417216013
2024-01-17 00:00:00+05:30,3642.878061553037,3682.90968860307,3632.137868929857,3662.50341796875,585284,0.0,0.0,3835.278845214844,3757.3608135825934,37.15383855726363,-33.80081082972265,-26.669214539285555,-7.131596290437096,83.44207457133457,119579267.0,0.0053873218054810495
2024-01-18 00:00:00+05:30,3662.5034797646463,3672.706615253959,3574.531441535292,3603.96923828125,583931,0.0,0.0,3824.47763671875,3751.3454576884233,33.61116625098098,-44.68281037735096,-30.04097126953109,-14.64183910781987,84.49443879614407,118995336.0,-0.015982030271588357
2024-01-19 00:00:00+05:30,3612.6102995014767,3698.385479935309,3571.6022906963244,3612.0732421875,894473,0.0,0.0,3811.85791015625,3745.883802178583,34.54177325643676,-52.05291443636406,-29.928860262835354,-22.12405417352871,87.51506382777552,119889809.0,-0.0001486618454392344
2024-01-23 00:00:00+05:30,3614.611812749432,3655.5709535093247,3520.8792241979104,3531.277587890625,823427,0.0,0.0,3792.8501953125,3737.467872206507,30.023200237447313,-63.679254261992355,-33.24416007077092,-30.435094191221438,90.88482564803543,119066382.0,-0.023054820040390247
2024-01-24 00:00:00+05:30,3543.287220867005,3562.765977285915,3478.3090071550264,3549.1455078125,1318897,0.0,0.0,3773.058947753906,3730.0826814459574,32.137455846889786,-70.63715932520427,-32.161652107186256,-38.47550721801801,90.42569311109638,120385279.0,0.0016533480297601867
2024-01-25 00:00:00+05:30,3593.082515002553,3593.082515002553,3512.0917489221238,3531.033447265625,699432,0.0,0.0,3748.4760986328124,3722.27682912516,31.111330201206783,-76.72836431208407,-30.602285675252844,-46.126078636831224,89.75176975176302,119685847.0,-0.01726903500764271
2024-01-29 00:00:00+05:30,3535.573928283292,3594.059064656725,3505.2572454664605,3582.391357421875,936432,0.0,0.0,3727.832971191406,3716.7911243524827,37.23139077020763,-76.52935129148227,-24.32261812372083,-52.20673316776144,89.6839161402274,120622279.0,0.013241818750857065
2024-01-30 00:00:00+05:30,3588.200707811762,3641.803937321596,3587.12659320256,3617.248046875,612064,0.0,0.0,3706.413610839844,3712.8874742553267,41.05867977858045,-72.72070943815197,-16.41118101631242,-56.30952842183955,87.52167783733408,121234343.0,0.008095238095238022
2024-01-31 00:00:00+05:30,3628.232282796175,3761.166478432111,3613.6842992939937,3748.9130859375,759817,0.0,0.0,3696.7108154296875,3714.300243340902,52.77280630365741,-58.4048107453641,-1.6762258588196417,-56.72858488654446,91.80457078739003,121994160.0,0.033261597862284595
2024-02-01 00:00:00+05:30,3752.232715080029,3872.181233288865,3752.232715080029,3840.30224609375,1313981,0.0,0.0,3698.69775390625,3719.241498350818,58.88135136210027,-39.23276553774849,13.996655479036775,-53.22942101678527,94.05196911338824,123308141.0,0.023471233716334892
2024-02-02 00:00:00+05:30,3807.886350595646,3807.886350595646,3721.232526591707,3735.19482421875,872011,0.0,0.0,3695.6685302734377,3719.86711897309,50.75093042252327,-32.14947299716323,16.86395841569764,-49.01343141286087,95.83895128400644,122436130.0,-0.0190897310697115
2024-02-05 00:00:00+05:30,3759.067351984704,3825.8517259533614,3746.3743972896905,3798.07373046875,592181,0.0,0.0,3697.0818359375,3722.9340449140964,54.77418864618933,-21.21752793833275,22.236722779622497,-43.45425071795525,95.46880488762109,123028311.0,0.010376610693993378
2024-02-06 00:00:00+05:30,3807.886653047871,3857.437998597148,3798.122841116979,3851.433349609375,470713,0.0,0.0,3700.3795776367188,3727.9732333335196,57.916062002310454,-8.154210733577202,28.240031987502434,-36.394242721079635,92.88990940481945,123499024.0,0.011435922475961558
2024-02-07 00:00:00+05:30,3881.115043249936,3895.760760394275,3815.648639939878,3834.88330078125,416774,0.0,0.0,3702.4983154296874,3732.1657849981366,56.60262241222208,0.8532756113077085,29.798014665909875,-28.944739054602167,91.97721019407498,123082250.0,-0.0119119742531448
2024-02-08 00:00:00+05:30,3859.6346615430457,3863.833148136357,3702.193202101149,3717.3759765625,404899,0.0,0.0,3699.415393066406,3731.5857925104647,48.23792824951973,-1.473104547458206,21.97730760571517,-23.450412153173374,96.95311989701308,122677351.0,-0.03685807011684158
2024-02-09 00:00:00+05:30,3729.775820559324,3757.065624765259,3672.755259385307,3750.23095703125,396729,0.0,0.0,3699.3372802734375,3732.3169754328483,50.44308145391647,-0.6580694259364464,18.233874181789542,-18.891943607725988,96.0500660029373,123074080.0,0.005484280411485545
2024-02-12 00:00:00+05:30,3778.49723328776,3810.864410717449,3727.041995498088,3780.4013671875,237343,0.0,0.0,3698.509802246094,3734.2026378545997,52.44651150421612,2.3947465868764084,17.02935215568192,-14.63460556880551,95.17666237553901,123311423.0,0.0005039394717468367
2024-02-13 00:00:00+05:30,3802.662536368688,3843.182351812005,3676.514146567003,3763.16796875,633019,0.0,0.0,3697.6969482421873,3735.338533183831,51.173908694880126,3.384519410027224,14.415299983066188,-11.030780573038964,100.28320115192922,122678404.0,-0.010386030114679323
2024-02-14 00:00:00+05:30,3742.468927207354,3839.472489271933,3638.582068772869,3809.39990234375,919714,0.0,0.0,3701.087438964844,3738.242900601867,54.37250003278197,7.809429921000174,15.072168395231312,-7.262738474231138,107.46943110529597,123598118.0,0.01788417657921343
2024-02-15 00:00:00+05:30,3812.7684042994383,3835.7133614059776,3784.648579404648,3824.045654296875,405632,0.0,0.0,3707.153210449219,3741.60771447226,55.36994404914678,12.355565891145488,15.694643492301301,-3.3390776011558128,103.4405275978698,124003750.0,0.0029577589828744862
2024-02-16 00:00:00+05:30,3832.345034025012,3908.4539000419472,3823.8016986202233,3835.85986328125,634008,0.0,0.0,3715.8210327148436,3745.303877170652,56.201701599440135,16.718993183988005,16.046456628115052,0.6725365558729504,102.09850429957368,124637758.0,0.0009171484365400449
2024-02-19 00:00:00+05:30,3842.011126857421,3861.294655414839,3802.7606505825006,3810.66943359375,267834,0.0,0.0,3726.156042480469,3747.867232324499,53.89529544842705,17.937609997508844,13.812058753308715,4.125551244200129,98.98675433762828,124369924.0,-0.008157626885715709
2024-02-20 00:00:00+05:30,3802.028237556138,3806.812409891064,3694.8215384987225,3737.684814453125,1324518,0.0,0.0,3732.43662109375,3747.4679218197393,47.77755936819032,12.865814692069307,6.992210758295341,5.873603933773966,100.19112153458536,123045406.0,-0.016923446929571304
2024-02-21 00:00:00+05:30,3737.684845596165,3803.7369362797663,3730.7524439517383,3745.739990234375,575380,0.0,0.0,3743.1597412109377,3747.400159796784,48.47275204336328,9.388145045661076,2.8116328895096876,6.576512156151389,98.24779087697412,123620786.0,0.0021551160600661316
2024-02-22 00:00:00+05:30,3773.5180423728943,3876.2332951126023,3751.110141905985,3858.072509765625,1130600,0.0,0.0,3758.606091308594,3751.740251952425,57.0578782310356,15.517486395889591,7.1527793917905615,8.36470700409903,100.55104187706362,124751386.0,0.022407330889442478
2024-02-23 00:00:00+05:30,3876.623833695096,3878.186138969887,3821.214200415504,3834.2978515625,571998,0.0,0.0,3773.7693115234374,3754.9778048783105,54.9703530306586,18.246285529911347,7.9052628206498525,10.341022709261495,97.43824878258644,124179388.0,-0.010918258760291418
2024-02-26 00:00:00+05:30,3834.2977602897295,3897.176612927018,3803.00469579835,3859.5859375,474465,0.0,0.0,3787.629040527344,3759.080084588965,56.781573910337904,22.19358190024377,9.48204735278582,12.711534547457951,97.20493937873513,124653853.0,0.006595256495770869
2024-02-27 00:00:00+05:30,3856.705610229881,3917.7782999097753,3846.941798558413,3908.209716796875,579400,0.0,0.0,3802.1771240234375,3764.928305459863,60.10445437909337,28.91209470523745,12.960448126223598,15.951646579013852,95.32147951963707,125233253.0,0.013354430379746806
2024-02-28 00:00:00+05:30,3908.2096558999415,3924.026982886396,3760.043816094104,3772.49267578125,658953,0.0,0.0,3803.356103515625,3765.2249474332507,48.821406875397365,23.019973605849373,5.654661621468414,17.36531198438096,100.22588575339815,124574300.0,-0.03472612578852042
2024-02-29 00:00:00+05:30,3771.711371899524,3798.122528674808,3671.2418507452217,3702.82763671875,1021336,0.0,0.0,3796.482373046875,3762.7779940718974,44.23137804140173,12.583978476205175,-3.8250668065406295,16.409045282745804,102.12979948026873,123552964.0,-0.01826325728261712
2024-03-01 00:00:00+05:30,3700.6799870144414,3777.423644900863,3686.8642883451575,3752.77001953125,665946,0.0,0.0,3797.3611328125,3762.385524482068,48.00538379544278,8.248229599262231,-6.528652546786859,14.77688214604909,101.30333927137137,124218910.0,0.01407580031226443
2024-03-04 00:00:00+05:30,3767.46460372764,3791.58117175716,3655.5712225591938,3662.84521484375,641251,0.0,0.0,3790.59970703125,3758.4819829276244,42.43673832937308,-2.416210260585558,-13.75447392530772,11.338263664722161,103.78238283755672,123577659.0,-0.027769176326269056
2024-03-05 00:00:00+05:30,3662.8450296358014,3712.1522778742674,3654.155332721716,3702.339599609375,591293,0.0,0.0,3783.14501953125,3756.2803208367127,45.43071504755471,-7.593456263372445,-15.145375942475685,7.55191967910324,100.51199443148491,124168952.0,0.010782484558867763
2024-03-06 00:00:00+05:30,3710.24857071341,3716.936877302449,3645.8562780623392,3703.609130859375,315398,0.0,0.0,3776.5813110351564,3754.2147839748563,45.528791052106335,-11.461894869391926,-15.211051638796134,3.749156769404207,98.40975191781524,124484350.0,-0.001789486533717195
2024-03-07 00:00:00+05:30,3703.608862011588,3720.012112703091,3670.265541705452,3695.8466796875,734239,0.0,0.0,3775.504846191406,3751.9258387086857,44.99627678155976,-14.981329826629462,-14.984389276826935,0.0030594501974730015,94.93381042351695,123750111.0,-0.0020958428962911447
2024-03-11 00:00:00+05:30,3705.805814490818,3724.8452470514458,3680.9569617211696,3694.528564453125,373335,0.0,0.0,3772.7197265625,3749.6749652084677,44.90024101969914,-17.67314327533677,-14.140962180427394,-3.532181094909376,91.28770148828546,123376776.0,-0.003043130320967101
2024-03-12 00:00:00+05:30,3714.5445129848376,3764.730649298354,3681.933476508684,3720.74462890625,528035,0.0,0.0,3769.7368896484377,3748.5404422162237,47.30899098650747,-17.48940059899951,-11.165775603272106,-6.323624995727403,90.68123515267006,123904811.0,0.0016691456784913403
2024-03-13 00:00:00+05:30,3721.525522089193,3761.41054799322,3627.2558768609215,3647.320556640625,428324,0.0,0.0,3763.9445190429688,3744.5710349387496,41.797736769129074,-23.00332420312725,-13.343759365919876,-9.659564837207373,93.78648057978637,123476487.0,-0.019939394478990676
2024-03-14 00:00:00+05:30,3629.208674701384,3713.9097380670937,3599.184954833999,3683.544189453125,720948,0.0,0.0,3757.6517333984375,3742.1778253118623,45.190112060522615,-24.171569147778428,-11.609603448456841,-12.561965699321586,95.28207362645124,124197435.0,0.014971725139561366
2024-03-15 00:00:00+05:30,3683.544175279452,3690.671805204346,3619.493716166734,3657.181884765625,487749,0.0,0.0,3749.308544921875,3738.8446511727943,43.2159441870705,-26.914377166120175,-11.481929173438871,-15.432447992681304,93.56036044153416,123709686.0,-0.007156773275788614
2024-03-18 00:00:00+05:30,3656.547250552347,3656.547250552347,3594.7422787226246,3612.317138671875,533167,0.0,0.0,3738.1314086914062,3733.882787937464,40.012324412809555,-32.33553838265743,-13.522472311980902,-18.81306607067653,91.33744941306746,123176519.0,-0.01209614120911219
2024-03-19 00:00:00+05:30,3612.31741966566,3641.9018172230585,3585.2717085370164,3629.0625,559402,0.0,0.0,3729.051062011719,3729.772188410505,41.74805137515618,-34.87857845054759,-12.852409903896849,-22.026168546650744,88.85835364685137,123735921.0,0.004635550642138695
2024-03-20 00:00:00+05:30,3730.752363725656,3846.9417202510026,3730.752363725656,3782.110107421875,3045475,0.0,0.0,3731.272326660156,3731.8246558227156,54.66059720442572,-24.26458613446539,-1.790734070251716,-22.473852064213673,98.07412983286218,126781396.0,0.013766055392894409
2024-03-21 00:00:00+05:30,3789.6771272639016,3855.729217676605,3789.3352985066863,3826.388916015625,838929,0.0,0.0,3735.3047729492187,3735.533058183222,57.58965088559574,-12.140048037355882,8.267043221486233,-20.407091258842115,96.32734272013846,127620325.0,0.009687313066226515
2024-03-22 00:00:00+05:30,3851.823639735008,3919.1450724048186,3771.9556139282527,3894.198486328125,1033237,0.0,0.0,3737.1110717773436,3741.7552318359635,61.6731665354784,2.906892525620151,18.65118702756981,-15.744294501949662,99.9603509884547,128653562.0,0.011001242672686947
2024-03-26 00:00:00+05:30,3906.940258052416,3947.0207514532262,3814.8188406812974,3818.724365234375,772158,0.0,0.0,3736.3323974609375,3744.7736292241366,55.29178458693104,8.641951483143657,19.508996788074654,-10.867045304930999,102.26331954441714,127881404.0,-0.022579278666015775
2024-03-27 00:00:00+05:30,3841.8645998700713,3892.8316482673335,3813.549546496669,3821.360595703125,510950,0.0,0.0,3734.4211303710936,3747.777039674293,55.4651205856494,13.247045102834818,19.291272326212656,-6.0442272233778365,100.62180398914911,128392354.0,-0.005336992919438056
2024-03-28 00:00:00+05:30,3822.82525448796,3978.7532801479774,3799.8314301879486,3924.368896484375,1307106,0.0,0.0,3735.2290893554687,3754.7022105295905,61.71168493999439,24.921247344654148,24.77237965442559,0.1488676902285606,106.21466441564051,129699460.0,0.026562459761194576
2024-04-01 00:00:00+05:30,3964.888621610008,3973.8712805151818,3843.524396989684,3853.4345703125,532524,0.0,0.0,3739.2761840820312,3758.574067775979,55.897337645316824,28.125120547814277,22.381002286068572,5.744118261745704,107.93839435205888,129166936.0,-0.02811026032107061
2024-04-02 00:00:00+05:30,3895.760699857351,3895.760699857351,3821.8486961589774,3829.56201171875,485047,0.0,0.0,3745.612902832031,3761.3579087149114,54.051602661292364,28.41039977303626,18.133025209032446,10.277374564003816,105.50793787679565,128681889.0,-0.016992493440632785
2024-04-03 00:00:00+05:30,3830.3433870016174,3849.9687441608594,3794.315016641336,3841.27880859375,392460,0.0,0.0,3750.0383422851564,3764.4920616513364,54.839788815031305,29.244817152933592,15.173954071143822,14.07086308178977,101.94692285127618,129074349.0,0.0028549454937231594
2024-04-04 00:00:00+05:30,3863.540130002768,3934.815952466807,3800.124223307226,3919.48681640625,932478,0.0,0.0,3762.8704223632812,3770.5702873279997,59.797065845908456,35.80410413187883,17.38659284007125,18.417511291807582,104.28583758758367,130006827.0,0.014480679511782892
2024-04-05 00:00:00+05:30,3918.21742157219,3950.975055714466,3873.840947490145,3936.036376953125,537212,0.0,0.0,3774.5552612304687,3777.059153587809,60.77821383746834,41.855315522177534,18.750243384295963,23.10507213788157,102.34642834735062,130544039.0,0.004547719910291589
2024-04-08 00:00:00+05:30,3929.885278717485,4201.8076685223095,3916.850733334178,4106.4150390625,2165986,0.0,0.0,3794.695556640625,3789.9750706652476,69.13071825597618,59.710769679745226,29.284558033490924,30.426211646254302,115.39003597883497,132710025.0,0.04491982534478086
2024-04-09 00:00:00+05:30,4147.4717384692285,4167.097095313441,4039.777086241206,4148.3017578125,970657,0.0,0.0,3817.318310546875,3804.0270976121988,70.7782772805962,76.36101167294191,36.747840021350086,39.61317165159183,116.24217691407786,133680682.0,0.00020012658207475473
2024-04-10 00:00:00+05:30,4149.620105631511,4232.612507744142,4122.330060355022,4213.1826171875,1018246,0.0,0.0,3843.251013183594,3820.0724121053477,73.16721660276927,93.71154319413063,43.278697234031036,50.43284596009959,115.81648194800941,134698928.0,0.01531767003676484
2024-04-12 00:00:00+05:30,4208.202695991196,4279.283051989704,4166.999221354208,4200.6357421875,1133493,0.0,0.0,3867.245568847656,3834.996464265432,71.9423533521806,105.23643634384689,43.84287230699783,61.39356403684906,115.56414971140133,133565435.0,-0.0017981438515080996
2024-04-15 00:00:00+05:30,4149.619834169422,4215.867389695235,4094.698395187768,4119.69384765625,860133,0.0,0.0,3890.8642333984376,3846.1610675356605,64.44693595731054,106.60973213849502,36.17293448131676,70.43679765717826,115.96449576826318,132705302.0,-0.007211741727941105
2024-04-16 00:00:00+05:30,4117.789926144648,4299.982751140803,4106.951999610167,4252.82373046875,1467677,0.0,0.0,3919.3282104492187,3862.108622944801,69.98584432644223,117.0907980465422,37.32320031149115,79.76759773505105,121.46922832271837,134172979.0,0.03279278611731645
2024-04-18 00:00:00+05:30,4253.116614960536,4339.038162737517,4235.590381277024,4248.43017578125,1316876,0.0,0.0,3948.890625,3877.2584877619165,69.6004684915833,123.61760830658977,35.080008457230974,88.5375998493588,120.18198211827372,132856103.0,-0.0011018835370752021
2024-04-19 00:00:00+05:30,4242.376406106497,4266.2491176642525,4160.653107192745,4241.54638671875,719002,0.0,0.0,3980.352087402344,3891.544287721008,68.95975161799457,126.77332424544056,30.58857951686541,96.18474472857515,119.14012700064758,132137101.0,-0.00019564963319896705
2024-04-22 00:00:00+05:30,4290.219088238554,4379.069779415092,4267.176396056228,4361.4462890625,781218,0.0,0.0,4016.9712768554687,3909.97181718538,73.53039572212961,137.36570558967742,32.94476868888181,104.42093690079561,120.4532174074829,132918319.0,0.01660222924726905
2024-04-23 00:00:00+05:30,4366.425131487979,4427.790782119838,4340.014212077927,4413.38916015625,740619,0.0,0.0,4048.5352294921877,3929.713673772473,75.23191345622216,148.24274957238868,35.057450137274444,113.18529943511423,118.11917116708486,133658938.0,0.010755716004288015
2024-04-24 00:00:00+05:30,4437.652489946517,4463.672953201209,4408.165587432681,4423.6904296875,919636,0.0,0.0,4078.4003051757813,3949.0853112593372,75.56734901954911,155.897027759941,34.16938265986141,121.7276451000796,113.64689935290222,134578574.0,-0.0031462716584157147
2024-04-25 00:00:00+05:30,4460.1094396594135,4520.156885048874,4380.046179140133,4506.19482421875,1260511,0.0,0.0,4109.0001220703125,3970.932743140099,78.12286241139063,166.69891219701276,35.97701367754652,130.72189851946624,115.53717124974783,135839085.0,0.010332792318848504
2024-04-26 00:00:00+05:30,4482.565778520464,4523.427424258135,4464.014537006221,4492.32958984375,364193,0.0,0.0,4142.680383300782,3991.379678304948,76.67149843958782,172.15616578364188,33.1474138113405,139.00875197230138,111.52829382133113,135474892.0,0.002178174689610188
2024-04-29 00:00:00+05:30,4480.6130050904885,4494.819159831029,4425.545204714101,4463.8681640625,465907,0.0,0.0,4174.80576171875,4009.908638530734,73.64690629907888,172.1994710580393,26.552575268590317,145.646895789449,108.51012677101662,135008985.0,-0.0037371763660384106
2024-04-30 00:00:00+05:30,4469.872754799944,4579.178811576238,4469.872754799944,4488.814453125,663752,0.0,0.0,4203.028039550782,4028.6892587109014,74.592970778074,172.26102991837251,21.291307303138808,150.9697226152337,108.99587825263959,135672737.0,0.004237637034458161
2024-05-02 00:00:00+05:30,4489.400795377327,4524.648252343653,4439.019429683653,4493.69677734375,908139,0.0,0.0,4235.041149902344,4046.9248476768958,74.78376914422209,170.7356442917153,15.812737341185255,154.92290695053003,107.32680285316539,136580876.0,0.0009569165601891519
2024-05-03 00:00:00+05:30,4513.8101465252485,4545.640268000156,4471.82575623743,4490.62109375,562484,0.0,0.0,4268.094104003906,4064.3247004640766,74.40469789599425,167.34948256771895,9.941260493751116,157.40822207396783,104.93306777527683,136018392.0,-0.005137356694786885
2024-05-06 00:00:00+05:30,4504.04628935978,4558.528167367525,4473.046187541619,4490.376953125,716536,0.0,0.0,4300.549011230469,4081.032631940976,74.37247171886446,162.7699146421628,4.289354054555986,158.48056058760682,103.54370435032182,135301856.0,-0.003034901365705686
2024-05-07 00:00:00+05:30,4496.23518447607,4545.054241853661,4462.061844311756,4513.22412109375,505027,0.0,0.0,4330.235876464843,4097.981317790104,75.44432966602265,159.14957237728686,0.5352094317440219,158.61436294554284,102.07575386400627,135806883.0,0.0037784804220956244
2024-05-08 00:00:00+05:30,4476.707233994674,4524.549906724388,4453.225459813499,4491.45068359375,613158,0.0,0.0,4358.006591796875,4113.41148899809,72.33917408674252,152.76253915121924,-4.681459035458886,157.44399818667813,99.87923193878365,135193725.0,0.0032933691725736637
2024-05-09 00:00:00+05:30,4471.825660268129,4596.802447279989,4434.234986049717,4460.15771484375,980283,0.0,0.0,4375.6937255859375,4127.009380207724,68.00691627141224,143.52126445385875,-11.138186986255505,154.65945144011425,104.35696260246138,134213442.0,-0.00260921295032753
2024-05-10 00:00:00+05:30,4481.589359445165,4578.299719084081,4448.782858326958,4547.8369140625,471148,0.0,0.0,4395.670483398438,4143.512420751048,72.90345466052025,141.63973162917318,-10.415775848752872,152.05550747792606,106.15409818493715,134684590.0,0.014782156352124199
2024-05-13 00:00:00+05:30,4568.487110809735,4621.99260373338,4421.346290146844,4547.4462890625,1738770,0.0,0.0,4412.3836669921875,4159.352964606399,72.84995998937347,138.52030726078192,-10.828160173715332,149.34846743449725,112.90354214219423,132945820.0,-0.004605643233062692
2024-05-14 00:00:00+05:30,4557.161447732836,4630.927332312218,4541.24662511604,4618.81982421875,870035,0.0,0.0,4433.29287109375,4177.371272826492,76.27544688760374,140.19135014973926,-7.32569382780639,147.51704397754565,111.24476821747875,133815855.0,0.01352999607169699
2024-05-15 00:00:00+05:30,4618.8194575387415,4618.8194575387415,4489.498065895206,4539.53759765625,1082300,0.0,0.0,4454.28505859375,4191.573873800208,66.27288939876948,133.5784414606078,-11.150882013550302,144.7293234741581,112.5359817964834,132733555.0,-0.01716496187204055
2024-05-16 00:00:00+05:30,4540.172262350149,4586.989928314039,4435.7972147224,4571.17236328125,845652,0.0,0.0,4470.202490234375,4206.460089073975,68.07205338850432,129.3986972501989,-12.264500979167366,141.66319822936626,115.29717692470882,133579207.0,0.006827956989247395
2024-05-17 00:00:00+05:30,4549.935932264148,4588.991176317917,4512.833450413066,4583.03515625,287570,0.0,0.0,4486.9327392578125,4221.227738767153,68.74536037709296,125.59565951874993,-12.854030968493078,138.449690487243,112.50150185186183,133866777.0,0.007274657155311087
2024-05-21 00:00:00+05:30,4540.171942034243,4617.159684185978,4540.171942034243,4562.580078125,500742,0.0,0.0,4502.984423828125,4234.614105016481,66.15475034293085,119.55303786141849,-15.117322100659635,134.67035996207812,109.96480473042419,133366035.0,0.004935525873655923
2024-05-22 00:00:00+05:30,4562.628881723726,4596.460391499566,4555.306023471441,4584.548828125,201187,0.0,0.0,4514.13955078125,4248.337035334462,67.56831928218465,115.20885521978926,-15.569203793831093,130.77805901362035,105.0497735374028,133567222.0,0.004804236103680737
2024-05-23 00:00:00+05:30,4585.720516208984,4752.877162828896,4571.953446393849,4738.2314453125,922926,0.0,0.0,4530.381665039063,4267.548580823796,75.33049937347819,122.75195389193414,-6.42088409734896,129.1728379892831,110.46934088723452,134490148.0,0.03325778982047445
2024-05-24 00:00:00+05:30,4708.5978149566245,4792.078398301112,4693.854365121508,4765.66748046875,545727,0.0,0.0,4547.480517578125,4287.082655319677,76.41572030476249,129.45153595360716,0.22295837145924224,129.22857758214792,109.59467605097525,135035875.0,0.012120310069984448
2024-05-27 00:00:00+05:30,4746.237222807455,4791.102125688548,4657.337913090355,4680.08740234375,655641,0.0,0.0,4556.175146484375,4302.494606183366,66.57740616105063,126.39836426028887,-2.2641706574872558,128.66253491777613,111.32107151863366,134380234.0,-0.013937318629130006
2024-05-28 00:00:00+05:30,4680.087361304443,4711.527023594333,4647.574061197601,4658.265625,333511,0.0,0.0,4564.471948242188,4316.446410842842,64.30399466224728,120.82507241319945,-6.269970003661342,127.09504241686079,107.93763515278354,134046723.0,-0.004662677129676704
2024-05-29 00:00:00+05:30,4633.904771674954,4695.270420100898,4612.668482424231,4633.31884765625,548865,0.0,0.0,4572.944482421875,4328.872780913956,61.70973251368938,113.09155300229577,-11.202791531652025,124.2943445339478,106.12794247591809,133497858.0,-0.0001264428268541975
2024-05-30 00:00:00+05:30,4598.510715790973,4657.337674892074,4593.580182117611,4630.9267578125,431385,0.0,0.0,4580.05009765625,4340.718034909977,61.45371377165721,105.55291321416735,-14.993145055824357,120.5460582699917,103.101481782957,133066473.0,0.00704924790328577
2024-05-31 00:00:00+05:30,4630.195191104857,4676.866022508935,4557.991609515101,4621.65185546875,1137018,0.0,0.0,4586.4478515625,4351.73504748091,60.40725117328301,97.70381104830813,-18.27379777734687,115.977608825655,104.22811972659107,131929455.0,-0.0018451350933368852
2024-06-03 00:00:00+05:30,4686.629811452157,4686.629811452157,4530.408817737085,4560.5302734375,1070710,0.0,0.0,4589.943310546875,4359.9230955576395,53.89415930826516,85.56500011759545,-24.330086966447652,109.8950870840431,107.941896440054,130858745.0,-0.026906229654947898
2024-06-04 00:00:00+05:30,4569.365951148116,4595.679613279235,4153.378961756014,4389.2236328125,920927,0.0,0.0,4584.88564453125,4361.072136234301,40.66153011786369,61.4139489953277,-38.78491047097232,100.19885946630002,131.8246646602802,129937818.0,-0.03942392013718078
2024-06-05 00:00:00+05:30,4431.891609994103,4537.682599047798,4388.83310751614,4470.84912109375,468061,0.0,0.0,4582.76689453125,4365.3771160327115,47.30113152570692,48.3037461955264,-41.51609061661891,89.81983681214531,133.04072372252148,130405879.0,0.00879026712020568
2024-06-06 00:00:00+05:30,4470.849256386891,4615.3536656346005,4431.11035314433,4608.27490234375,748915,0.0,0.0,4588.60810546875,4374.902519417458,56.18931165567929,48.444490127927565,-33.1002773473742,81.54476747530177,136.69805149164645,131154794.0,0.030738152435029538
2024-06-07 00:00:00+05:30,4588.991226523126,4656.361523252933,4559.797526623261,4649.52685546875,419417,0.0,0.0,4598.0765625,4385.672101223391,58.45446148687613,51.293439724504424,-24.201062200637878,75.4945019251423,133.8313332872197,131574211.0,0.013191489361702084
2024-06-10 00:00:00+05:30,4656.94730521198,4686.629194762428,4644.644808226014,4669.78662109375,301649,0.0,0.0,4604.174047851562,4396.8138471006605,59.560318976264455,54.557145757726175,-16.749884933932904,71.30703069165908,127.27083709073356,131875860.0,0.002757024084726121
2024-06-11 00:00:00+05:30,4696.393124568079,4698.297258426122,4632.000599863392,4646.255859375,733966,0.0,0.0,4609.114526367188,4406.595886797693,57.641233625558925,54.615348743423965,-13.353345558588089,67.96869430201205,122.91553862444759,131141894.0,-0.010675695978430214
2024-06-12 00:00:00+05:30,4652.456059820431,4758.344783507808,4632.928437323808,4736.0830078125,523152,0.0,0.0,4614.977685546875,4419.516950366901,62.59588366967259,61.204250687421336,-5.41155489167258,66.61580557909392,123.09416773584418,131665046.0,0.017974795874868943
2024-06-13 00:00:00+05:30,4771.525703885412,4774.113018394596,4655.3849838592105,4688.09375,840780,0.0,0.0,4622.405493164062,4430.049373881925,58.64902494757647,61.84080855950015,-3.819997615675021,65.66080617517517,122.78230107866857,130824266.0,-0.017485382886541827
2024-06-14 00:00:00+05:30,4703.716058833977,4828.204651984227,4688.093960870024,4818.53857421875,549131,0.0,0.0,4634.7738037109375,4445.28424448337,65.09214810719538,72.04065260140578,5.10387714098448,66.9367754604213,124.02005828620847,131373397.0,0.024411021827970888
2024-06-18 00:00:00+05:30,4823.322927891047,4858.472649632763,4796.521074363543,4819.51513671875,706641,0.0,0.0,4646.597802734375,4459.959965747502,65.13594531735258,79.28890972709905,9.881707413342198,69.40720231375686,119.5865952135664,132080038.0,-0.0007894539157388735
2024-06-19 00:00:00+05:30,4823.322749529401,4846.4631728531,4735.448448424615,4765.47216796875,652617,0.0,0.0,4656.742407226562,4471.940836422845,60.604351562864025,79.75304632441294,8.276675208524864,71.47637111588807,118.97431872891775,131427421.0,-0.011993927125506097
2024-06-20 00:00:00+05:30,4769.963501618367,4808.579183418944,4728.6622950445535,4761.712890625,637364,0.0,0.0,4665.600610351563,4483.304446391557,60.29013695462942,78.90793411170307,5.945250396652,72.96268371505107,116.18450227502295,130790057.0,-0.0017297010743516493
2024-06-21 00:00:00+05:30,4761.712959127374,4808.96970969139,4706.156969095036,4731.0546875,414677,0.0,0.0,4665.241772460938,4493.0201421213,57.66436450785411,74.90090481699553,1.5505768815555712,73.35032793543996,115.22937644083225,130375380.0,-0.006438496375260854
2024-06-24 00:00:00+05:30,4723.732135089979,4773.234851471334,4680.966830229912,4755.85498046875,302473,0.0,0.0,4664.751147460937,4503.327390683945,59.211894750476496,72.88629378512269,-0.37122732025382277,73.25752110537651,113.58927964087435,130677853.0,0.006800310529919342
2024-06-25 00:00:00+05:30,4755.854781961564,4780.362043835031,4649.575599914246,4662.2685546875,660144,0.0,0.0,4663.860205078125,4509.560377507614,51.553589018698055,63.01169797093371,-8.196658507554247,71.20835647848796,114.81764851801084,130017709.0,-0.019678108681750857
2024-06-26 00:00:00+05:30,4662.2685983462125,4693.854623754389,4608.519006983275,4627.75390625,600784,0.0,0.0,4662.334619140625,4514.195417850453,49.034735816897324,51.8038039622852,-15.523642012962213,67.32744597524741,112.71178910751817,129416925.0,-0.007402982339639423
2024-06-27 00:00:00+05:30,4610.471848261349,4653.872181623907,4571.465230129027,4602.46533203125,1087487,0.0,0.0,4660.791943359375,4517.656983112444,47.21451103614346,40.41501152253386,-21.529947562170847,61.944959084704706,110.54715784947257,128329438.0,-0.001736593670584547
2024-06-28 00:00:00+05:30,4602.464863141653,4622.139322955987,4545.346570967674,4562.580078125,939279,0.0,0.0,4657.374609375,4519.418673112937,44.41414265082691,27.849868854736997,-27.276072183974172,55.12594103871117,108.13612885938976,127390159.0,-0.008665961871010916
2024-07-01 00:00:00+05:30,4530.408563405728,4617.746048501001,4516.739227223038,4526.0634765625,1364796,0.0,0.0,4652.595190429687,4519.679253640371,41.96033086079263,14.775001182903907,-32.28075188464581,47.055753067549716,107.62689260357351,126025363.0,-0.0009590938173491929
2024-07-02 00:00:00+05:30,4526.40529053787,4588.112770089122,4484.420900970976,4516.4951171875,865321,0.0,0.0,4650.3934326171875,4519.55438554418,41.3162028642814,3.5994949806654404,-34.765006469507426,38.36450145017287,107.34581949747157,125160042.0,-0.00218941361063863
2024-07-03 00:00:00+05:30,4533.972296258661,4592.652899557016,4528.5535714986245,4581.47314453125,257361,0.0,0.0,4660.005908203125,4521.982572171125,47.23940659661934,-0.013831001992912206,-30.702665961732624,30.68883495973971,105.11810255976046,125417403.0,0.010476651635429176
2024-07-04 00:00:00+05:30,4581.47293424642,4613.400787538983,4551.888777038464,4578.7392578125,313153,0.0,0.0,4665.400415039063,4524.208324549218,47.02434646455212,-3.062714618368773,-27.00123966248679,23.938525044118016,102.00338169838614,125104250.0,-0.0005966806905014273
2024-07-05 00:00:00+05:30,4589.039959001806,4636.638539293066,4587.624492406406,4625.41015625,258687,0.0,0.0,4666.257177734375,4528.177023831602,51.11577125075616,-1.6935037345510864,-20.505623022935282,18.812119288384196,98.8530888256847,125362937.0,0.007925447930966622
2024-07-08 00:00:00+05:30,4646.548988351385,4662.219714178144,4604.613229751649,4642.1552734375,542470,0.0,0.0,4665.888598632812,4532.646759110265,52.532292898272345,0.7343318473240288,-14.462229952848135,15.196561800172164,95.9069027971712,125905407.0,-0.0009455866977620222
2024-07-09 00:00:00+05:30,4645.231060269151,4723.732009475409,4629.999418960807,4714.65185546875,631367,0.0,0.0,4668.131860351563,4539.7842138694205,58.18206643659191,8.4113169028833,-5.4281959178310935,13.839512820714393,95.75159477698766,126536774.0,0.014944530056504073
2024-07-10 00:00:00+05:30,4727.63762233212,4837.968694476591,4681.747707369375,4734.61865234375,832007,0.0,0.0,4672.55,4547.4247800841,59.60801396729341,15.922986233845222,1.666778730504662,14.25620750334056,100.07083708628964,127368781.0,0.0014766423675649488
2024-07-11 00:00:00+05:30,4763.714794815593,4769.621709816135,4692.341240512435,4714.6025390625,308708,0.0,0.0,4671.4759765625,4553.980770632273,57.49159629976385,20.03001173015309,4.619043381450023,15.410968348703069,98.4429536732475,127060073.0,-0.010309654937055194
2024-07-12 00:00:00+05:30,4714.504961055798,4763.959047176885,4701.275187313267,4745.89599609375,290823,0.0,0.0,4674.3660888671875,4561.506857905272,59.889403827084415,25.515848657329116,8.083904246900836,17.43194441042828,95.88873268684537,127350896.0,0.0066583947407538695
2024-07-15 00:00:00+05:30,4736.4734712973295,4800.865997266182,4711.624857686039,4766.05810546875,223485,0.0,0.0,4671.7420654296875,4569.528475456781,61.40015249028248,31.13146353722732,10.959615301439232,20.171848235788087,95.41390460779519,127574381.0,0.006246131082692876
2024-07-16 00:00:00+05:30,4766.106689227781,4819.075364825629,4746.188609790475,4799.9873046875,664540,0.0,0.0,4670.765673828125,4578.566076603084,63.866559488628056,37.88299007838941,14.168913474081059,23.714076604308353,93.80482249546363,128238921.0,0.007108656534335391
2024-07-18 00:00:00+05:30,4704.204358313504,4847.732386680479,4671.935152159011,4824.39697265625,773064,0.0,0.0,4673.7119140625,4588.206503899287,65.57098003612946,44.68814261864918,16.77925281147266,27.90888980717652,99.66142335446396,129011985.0,0.02555004102454349
2024-07-19 00:00:00+05:30,4789.149630962991,4808.6772543308325,4706.352698582793,4736.13232421875,662969,0.0,0.0,4672.432885742188,4594.007516460835,55.39556665195093,42.469493678041545,11.648483096692019,30.821010581349526,100.97448412010633,128349016.0,-0.011070296572375099
2024-07-22 00:00:00+05:30,4654.408869129851,4754.878392541084,4647.1837440827685,4742.625,377893,0.0,0.0,4673.011401367187,4599.835653070214,55.9372353433987,40.76518737745937,7.955341436887878,32.80984594057149,101.45449585854986,128726909.0,0.018953240540434298
2024-07-23 00:00:00+05:30,4742.331649759322,4857.495991657964,4672.911334674395,4803.35546875,1128441,0.0,0.0,4675.38642578125,4607.8168223125585,60.739825567678125,43.80993992113417,8.800075184450144,35.00986473668403,107.3923645103369,129855350.0,0.012867893580107308
2024-07-24 00:00:00+05:30,4801.8421973495215,4825.568067120931,4763.763334865457,4799.2548828125,400075,0.0,0.0,4682.2357421875,4615.324197234125,60.26221617744411,45.369058962662166,8.287355380782508,37.08170358187966,104.13610506356098,129455275.0,-0.0005388170686761859
2024-07-25 00:00:00+05:30,4784.267791331487,4807.164120746595,4757.270947001555,4784.90234375,413861,0.0,0.0,4690.0931640625,4621.974320626905,58.52750634509222,44.92863277126526,6.277543351508477,38.65108941975678,100.26160996938086,129041414.0,0.0001326331313774585
2024-07-26 00:00:00+05:30,4781.142865566149,4939.414340065649,4748.873660331593,4894.1103515625,625674,0.0,0.0,4704.6754150390625,4632.646321840066,66.44296009915637,52.783312215797196,11.305778236832332,41.477533978964864,106.71011495257197,129667088.0,0.023627716044618517
2024-07-29 00:00:00+05:30,4915.10271081824,4928.723418564945,4814.681814155913,4845.04736328125,338482,0.0,0.0,4718.798779296875,4640.975774445603,60.8261446823862,54.42188750499463,10.35548282082381,44.06640468417082,107.23379277089052,129328606.0,-0.014253079062375752
2024-07-30 00:00:00+05:30,4833.135294296745,4861.059890383002,4788.319495107759,4834.89306640625,683440,0.0,0.0,4734.240258789063,4648.580374130334,59.70126707451453,54.275449732940615,8.167236039015833,46.10821369392478,104.76997866405854,128645166.0,0.0003636918899371885
2024-07-31 00:00:00+05:30,4834.893473027542,4874.875998213733,4823.274631778957,4845.4873046875,567283,0.0,0.0,4750.689868164062,4656.302214544341,60.52157954299843,54.3873200623666,6.623285094753456,47.76403496761314,100.97222064768118,129212449.0,0.002191119973802438
2024-08-01 00:00:00+05:30,4853.10290988632,4904.362924526504,4787.685367393134,4851.44287109375,654655,0.0,0.0,4764.1883544921875,4663.954789310984,61.002160422759744,54.33025715557869,5.2529777503724375,49.077279405206255,102.09403039665897,129867104.0,-0.000342057199979906
2024-08-02 00:00:00+05:30,4768.645601440124,4768.645601440124,4580.7408558682055,4615.06103515625,2120560,0.0,0.0,4766.004443359375,4662.037387187269,40.12417629111317,34.80973084720608,-11.414038846400146,46.22376969360623,114.13745788443651,127746544.0,-0.032207167216932925
2024-08-05 00:00:00+05:30,4503.216512676892,4582.498857810128,4447.41642174718,4565.314453125,946316,0.0,0.0,4762.999658203125,4658.244330949533,37.235898174022125,15.150790804281314,-24.85838311145993,40.00917391574124,117.95939756476749,126800228.0,0.01378968572203831
2024-08-06 00:00:00+05:30,4576.298290758538,4639.763063299461,4528.504244430206,4543.97998046875,594238,0.0,0.0,4758.090893554688,4653.763376028718,36.03779441041603,-2.1260664874462236,-33.708192322549976,31.582125835103753,117.48078480080225,126205990.0,-0.007062107458128879
2024-08-07 00:00:00+05:30,4605.236120739029,4629.965273363262,4520.780921256861,4538.3037109375,1093582,51.0,0.0,4749.273486328125,4649.23554602514,35.70858591737762,-16.09064493801725,-38.1382166184968,22.047571680479553,116.88818246548789,125112408.0,-0.01453398002767067
2024-08-08 00:00:00+05:30,4564.810177979581,4582.530600613496,4489.783021075073,4518.31298828125,979435,0.0,0.0,4738.458203125,4644.1013280744,34.5128272617053,-28.442886329840803,-40.39236640825629,11.949480078415483,115.16385368498328,124132973.0,-0.010186007278600721
2024-08-09 00:00:00+05:30,4744.134806605198,4790.878795649763,4656.570507079881,4768.765625,1697560,0.0,0.0,4741.166357421875,4648.990124032267,54.89263674921711,-17.81730515977506,-23.813428190552436,5.996123030777375,126.40685037666397,125830533.0,0.005191846226736437
2024-08-12 00:00:00+05:30,4737.570266891487,4789.941006077131,4731.992686279988,4747.24462890625,738630,0.0,0.0,4741.2337890625,4652.843241870462,53.35607782304867,-11.00614803219105,-13.601816850374739,2.59566881818369,121.51695533526956,125091903.0,0.0020420514039384175
2024-08-13 00:00:00+05:30,4748.626748357635,4773.010284327612,4728.783944004485,4740.7783203125,194849,0.0,0.0,4739.969799804688,4656.29167631917,52.87713705993671,-6.060176061850143,-6.924675904027066,0.8644998421769234,115.99619712011648,124897054.0,-0.0016527784686065903
2024-08-14 00:00:00+05:30,4749.367208288216,4758.301170162546,4655.63243122128,4672.66162109375,328795,0.0,0.0,4733.603515625,4656.933634937781,47.99024523968843,-7.54987572576465,-6.731500454353259,-0.8183752714113914,115.04423582162718,124568259.0,-0.01615069625709407
2024-08-16 00:00:00+05:30,4674.487927146302,4763.237055884995,4674.487927146302,4756.32666015625,259101,0.0,0.0,4730.2,4660.831400632623,53.65571685246653,-1.9568466970567897,-0.9107771405163185,-1.0460695565404712,113.29646431945704,124827360.0,0.017507529013965992
2024-08-19 00:00:00+05:30,4785.9430261082825,4785.9430261082825,4718.8134622107245,4751.68701171875,280722,0.0,0.0,4730.977734375,4664.394365773255,53.30891862126905,2.0773419452025337,2.498729201394404,-0.42138725619187023,109.99882857503569,124546638.0,-0.007157631046307715
2024-08-20 00:00:00+05:30,4786.831301810524,4835.302891060961,4762.546099009861,4820.74169921875,523506,0.0,0.0,4734.883569335938,4670.52563375151,57.69196897723513,10.722993679791216,8.915504748786468,1.8074889310047473,108.11433220126249,125070144.0,0.00708410120812079
2024-08-21 00:00:00+05:30,4827.404967728151,4861.956946024774,4804.69938199037,4850.6533203125,221438,0.0,0.0,4737.248461914062,4677.589464597039,59.46690915281447,19.760565312034487,14.36246110482379,5.398104207210696,104.48170590362973,125291582.0,0.004815910979038925
2024-08-22 00:00:00+05:30,4869.065127357526,4885.649884648616,4842.805526620832,4870.3974609375,536373,0.0,0.0,4740.805590820312,4685.150562492743,60.64070136745064,28.19112336080707,18.234415322877098,9.956708037929971,100.07903819821215,125827955.0,0.0002736323185508947
2024-08-23 00:00:00+05:30,4857.020937147884,4904.258523765969,4819.803327804921,4835.4013671875,208413,0.0,0.0,4743.330541992187,4691.0427509121455,57.46422883311658,31.683283887784455,17.38126067988359,14.302023207900868,98.96304946698613,125619542.0,-0.004451199663363899
2024-08-26 00:00:00+05:30,4839.251674160016,4853.023299215273,4802.774461894296,4812.794921875,314431,0.0,0.0,4739.2647705078125,4695.817345851866,55.4438551653133,32.25488086960104,14.362286129360136,17.892594740240902,95.48346288512835,125305111.0,-0.00546711641931869
2024-08-27 00:00:00+05:30,4803.761431376987,4824.690251398875,4774.787514709346,4806.52587890625,382109,0.0,0.0,4737.338696289063,4700.158856952038,54.86774586431431,31.835041676997207,11.153957549405042,20.681084127592165,92.22769672829982,124923002.0,0.0005754756077614583
2024-08-28 00:00:00+05:30,4807.66097507795,4912.057309393042,4778.044993711967,4883.52734375,424484,0.0,0.0,4739.77041015625,4707.349778002939,60.32142913032273,37.28588233497794,13.28383856590862,24.00204376906932,95.2123123677837,125347486.0,0.015780307526950792
2024-08-29 00:00:00+05:30,4883.527648306255,4930.468788886396,4817.533269307193,4852.9736328125,571335,0.0,0.0,4740.1447265625,4713.060517407236,57.3596086733657,38.69424058385175,11.75375745182594,26.94048313202581,96.47825574002795,124776151.0,-0.006256546024542787
2024-08-30 00:00:00+05:30,4838.313728877944,4915.759719459511,4833.32856440883,4897.0029296875,465200,0.0,0.0,4742.4227294921875,4720.273945339796,60.378713206292296,42.86900374226934,12.742816488194826,30.126187254074516,95.47489140507459,125241351.0,0.01213009409854169
2024-09-02 00:00:00+05:30,4886.390162742849,4946.856125158728,4825.183800787183,4849.07421875,310778,0.0,0.0,4754.123388671875,4725.324936453922,55.75117832303685,41.827920971175445,9.361386973680744,32.4665339974947,97.34613661696534,124930573.0,-0.0076367098717107455
2024-09-03 00:00:00+05:30,4860.920679180988,4876.765036741013,4793.889454286037,4803.5146484375,263404,0.0,0.0,4766.0333984375,4728.391199668965,51.69529528298794,36.90120469001977,3.547736554020048,33.35346813599972,96.31252560539468,124667169.0,-0.011809703250117765
2024-09-04 00:00:00+05:30,4768.173369121062,4815.016176087658,4759.486206726776,4771.677734375,476838,0.0,0.0,4777.418286132813,4730.0887108339075,49.01199204151575,30.08101839421397,-2.6179597934286036,32.698978187642574,93.39948587364378,124190331.0,0.0007349492106626046
2024-09-05 00:00:00+05:30,4787.917406914427,4800.8498163166205,4725.87182411141,4738.65625,398344,0.0,0.0,4787.4359130859375,4730.42469276199,46.32606356550998,21.760571478477686,-8.75072536733191,30.511296845809596,92.08366489732711,123791987.0,-0.010288639658505246
2024-09-06 00:00:00+05:30,4733.325045583124,4768.17299077788,4679.522679538115,4691.6650390625,291111,0.0,0.0,4796.103515625,4728.904706342402,42.73684980431412,11.24513246425704,-15.412931505242046,26.658063969499086,91.83842535035839,123500876.0,-0.008801425239007987
2024-09-09 00:00:00+05:30,4691.665035068392,4718.813017912028,4655.731074183368,4686.5810546875,272444,0.0,0.0,4791.994287109375,4727.244955297112,42.354513204262354,2.4728309791635184,-19.348186392268456,21.821017371431974,89.78439094880851,123228432.0,-0.0010836196409784954
2024-09-10 00:00:00+05:30,4688.210284374444,4706.473474574681,4629.323932378255,4676.5615234375,404100,0.0,0.0,4788.460131835937,4725.25736973399,41.565286046255494,-5.227514055927713,-21.63882514188775,16.411311085960037,88.88190175220971,122824332.0,-0.002484692501052886
2024-09-11 00:00:00+05:30,4669.45321052431,4718.319581332122,4641.811627037062,4666.14599609375,384214,0.0,0.0,4784.728515625,4722.93927665006,40.7159387249428,-12.031843383709202,-22.75452357573539,10.722680192026191,87.9980483624133,122440118.0,-0.000708265889270657
2024-09-12 00:00:00+05:30,4684.162427141483,4832.34115635016,4657.310892161345,4812.59716796875,757317,0.0,0.0,4791.72529296875,4726.455272388047,54.72500598843036,-5.543041044978054,-13.012576989603396,7.469535944625342,94.21463520715632,123197435.0,0.02741893408372785
2024-09-13 00:00:00+05:30,4795.716056474496,4818.915243282107,4766.1988896659,4796.11083984375,315869,0.0,0.0,4793.714501953125,4729.186863268663,53.200931201377784,-1.7112016722403496,-7.344590093492554,5.633388421252205,91.25047223637422,122881566.0,8.232000489701485e-05
2024-09-16 00:00:00+05:30,4822.4202006471,4875.531338845566,4797.789381278552,4836.48779296875,453831,0.0,0.0,4797.954541015625,4733.394742864744,56.40327952962508,4.531406081867317,-0.8815858715079106,5.4129919533752275,90.4054741481915,123335397.0,0.002917122883601628
2024-09-17 00:00:00+05:30,4835.7962845344055,4835.7962845344055,4754.993916843302,4788.11474609375,356442,0.0,0.0,4796.323193359375,4735.540625344313,51.82768287741402,5.511879573468832,0.07911009607488317,5.432769477393949,89.76893143228125,122978955.0,-0.009860121401959817
2024-09-18 00:00:00+05:30,4801.73787068568,4816.249894645077,4750.6503018518015,4788.2626953125,295359,0.0,0.0,4793.203662109375,4737.608157499929,51.840551107038316,6.229045584927007,0.6370208860264466,5.592024698900561,88.04255010092369,123274314.0,-0.002806312159488118
2024-09-19 00:00:00+05:30,4812.597275605559,4860.772415521281,4783.080108721374,4802.62646484375,357206,0.0,0.0,4789.815112304687,4740.157895042824,53.149069763265196,7.865769282038855,1.8189956665106353,6.0467736155282195,87.30324700799392,123631520.0,-0.0020718149038461415
2024-09-20 00:00:00+05:30,4804.501892842133,4997.401043063124,4792.260716571799,4899.61865234375,1332877,0.0,0.0,4793.0259765625,4746.411258074233,60.87878885659949,16.795732785108157,8.59916733566395,8.196565449444208,95.7201812568033,124964397.0,0.01979742367118725
2024-09-23 00:00:00+05:30,4926.125238884622,4927.507221703765,4792.507697371606,4817.0888671875,899953,0.0,0.0,4793.240673828125,4749.182929019851,52.88365722416844,17.01716596980532,7.056480416288888,9.96068555351643,98.52584861932871,124064444.0,-0.022134307677855646
2024-09-24 00:00:00+05:30,4824.937066293574,4832.291894634119,4792.8530858015965,4814.47265625,481696,0.0,0.0,4793.638012695313,4751.743310479857,52.647617519252435,16.78802510274727,5.461871639384672,11.326153463362598,94.30534577741396,123582748.0,-0.0021688179347825053
2024-09-25 00:00:00+05:30,4788.904316923931,4857.021075915428,4788.904316923931,4832.587890625,665986,0.0,0.0,4791.091040039062,4754.913686171823,54.172871307929704,17.86227217866781,5.228894972244168,12.63337720642364,92.43473243556272,124248734.0,0.00912183055040201
2024-09-26 00:00:00+05:30,4852.085245199949,4935.898381208296,4827.405259212156,4930.32080078125,790345,0.0,0.0,4794.9583984375,4761.792396548664,61.397244052878165,26.29671759615576,10.930672311785694,15.366045284370065,93.58176026131825,125039079.0,0.01612410986775172
2024-09-27 00:00:00+05:30,4926.1251238763125,5039.653057592901,4889.944361406741,4997.7958984375,1040624,0.0,0.0,4799.998046875,4771.047435838423,65.44718180101304,37.987852507265416,18.097445778316278,19.890406728949138,97.59082711309264,126079703.0,0.014549117766783514
2024-09-30 00:00:00+05:30,4997.203512419174,5019.909099298993,4934.516348642284,4961.9111328125,516973,0.0,0.0,4805.639892578125,4778.532286700151,61.73755082846823,43.85206120534622,19.169323581117663,24.682737624228555,96.71953593763665,125562730.0,-0.007062425918609245
2024-10-01 00:00:00+05:30,4961.960222474869,4981.359076587472,4888.611498816721,4908.9970703125,449002,0.0,0.0,4810.914013671875,4783.648552724165,56.639492637881,43.72572330549065,15.234388545009672,28.491334760480974,96.43582464000198,125113728.0,-0.010673836505676857
2024-10-03 00:00:00+05:30,4866.893165185572,4886.637153685311,4650.696491113435,4721.28125,1337657,0.0,0.0,4808.394189453125,4781.202776146747,43.056188464384185,28.15396038687959,-0.2698994988811094,28.4238598857607,107.99759282279223,123776071.0,-0.029918864097362982
2024-10-04 00:00:00+05:30,4720.787886250839,4741.321442504526,4630.804750571767,4646.55029296875,466001,0.0,0.0,4803.788891601563,4775.922286610355,39.041960423845616,9.671574514970416,-15.001828296632226,24.673402811602642,108.17752847350417,123310070.0,-0.015725678651714814
2024-10-07 00:00:00+05:30,4688.012441882185,4688.012441882185,4590.47733139525,4608.19775390625,447523,0.0,0.0,4799.61552734375,4769.344853955292,37.1287822207693,-7.9786064154704945,-26.12160738165851,18.143000966188016,107.41735576017781,122862547.0,-0.017025272216191142
2024-10-08 00:00:00+05:30,4590.477088146235,4677.844232727082,4527.493960910498,4633.37109375,661110,0.0,0.0,4796.955029296875,4764.012549633516,39.23361973619104,-19.708041784658235,-30.280834200677,10.572792416018766,110.48399262134973,123523657.0,0.009344128024193507
2024-10-09 00:00:00+05:30,4638.751053111529,4677.251828789068,4600.349093777812,4648.623046875,930717,0.0,0.0,4795.55810546875,4759.487471093967,40.53263631948109,-27.456497260121978,-30.423431740912594,2.9669344807906164,108.08533136348586,124454374.0,0.002128157698147999
2024-10-10 00:00:00+05:30,4677.153321468789,4707.954136858235,4629.965380974025,4637.76416015625,305739,0.0,0.0,4794.139013671875,4754.714007919939,39.878994171711454,-34.08056590638171,-29.63800030973786,-4.442565596643849,105.93557597210902,124148635.0,-0.008421610027564641
2024-10-11 00:00:00+05:30,4643.785879773782,4746.602598711648,4600.349107088823,4667.52783203125,844931,0.0,0.0,4786.885546875,4751.294942198814,42.610808578942546,-36.507670754233004,-25.652084126071323,-10.855586628161682,108.81542709001731,124993566.0,0.005112628547512795
2024-10-14 00:00:00+05:30,4688.210172509432,4748.429338759815,4670.094966255783,4718.61572265625,346430,0.0,0.0,4783.010791015625,4750.013404177537,47.05758078647938,-33.91781950819859,-18.449786304029526,-15.468033204169064,106.8215756356279,125339996.0,0.006485534783638615
2024-10-15 00:00:00+05:30,4718.566244825564,4738.458215961241,4635.789480261286,4661.654296875,370224,0.0,0.0,4774.269116210938,4746.5483411460655,43.05208289024945,-36.04613731783684,-16.462483290934216,-19.58365402690262,106.52494421165123,124969772.0,-0.012061279845964792
2024-10-16 00:00:00+05:30,4663.530096473708,4673.402090750748,4581.592543974276,4618.36572265625,380474,0.0,0.0,4765.781665039062,4741.521571793523,40.24825663149933,-40.75606018537019,-16.937924926774052,-23.818135258596136,105.47384439485275,124589298.0,-0.009684589331075334
2024-10-17 00:00:00+05:30,4585.541280586548,4595.36410757371,4463.1285531823,4564.662109375,514244,0.0,0.0,4754.601635742188,4734.585906600641,37.02655616763837,-48.26576309051234,-19.55810226553296,-28.707660824979378,109.02836761478831,124075054.0,-0.004553262076157201
2024-10-18 00:00:00+05:30,4554.839455794914,4738.45855389184,4553.013040402269,4704.64697265625,778795,0.0,0.0,4749.702661132813,4733.411830759684,48.58045519600131,-42.43251259101726,-10.979881412830302,-31.452631178186955,114.48673517727276,124853849.0,0.03288974689782812
2024-10-21 00:00:00+05:30,4704.005129721446,4790.7306932097,4682.286742973519,4748.87353515625,745473,0.0,0.0,4742.1654052734375,4734.018172108568,51.60171378644319,-33.85069581687185,-1.9184517109479131,-31.932244105923935,114.0551076814805,125599322.0,0.009538341093913957
2024-10-22 00:00:00+05:30,4748.873784988852,4764.422176319556,4688.851769236503,4698.13134765625,528037,0.0,0.0,4736.217529296875,4732.610845659458,48.10904734374516,-30.789097109869545,0.9145175968435133,-31.703614706713058,111.30620049587849,125071285.0,-0.010685151812835811
2024-10-23 00:00:00+05:30,4662.098411357203,4664.961675289689,4593.5868682615655,4617.8720703125,655987,0.0,0.0,4726.3875,4728.11128584193,43.135784330015476,-34.441985237391236,-2.190696424542537,-32.2512888128487,110.82322041722176,124415298.0,-0.009486359390647904
2024-10-24 00:00:00+05:30,4605.285524513528,4624.68389768004,4570.881526600514,4608.74072265625,288778,0.0,0.0,4715.195141601563,4723.430087285628,42.59626070900356,-37.63985996244446,-4.31085691967661,-33.32900304276785,106.75030260738635,124126520.0,0.0007502679528403605
2024-10-25 00:00:00+05:30,4590.477548112706,4612.837519763444,4451.035622592079,4532.8251953125,446738,0.0,0.0,4695.320361328125,4715.955385639623,38.30656583142256,-45.772312598241115,-9.95464764437861,-35.817664953862504,110.68255936195628,123679782.0,-0.012559118783602153
2024-10-28 00:00:00+05:30,4532.824769088164,4704.005045154108,4475.616372211423,4660.22265625,989928,0.0,0.0,4678.44169921875,4713.769788408657,47.80586328977218,-41.459510085995134,-4.513476105706104,-36.94603398028903,119.09013890343691,124669710.0,0.02810562809103765
2024-10-29 00:00:00+05:30,4627.990824421409,4855.589455109528,4625.473658743548,4835.45068359375,1065819,0.0,0.0,4672.118676757813,4718.541588219838,57.499269612736704,-23.629756533753607,10.65302195722834,-34.28277849098195,127.02054300790427,125735529.0,0.04482719759892291
2024-10-30 00:00:00+05:30,4788.016125468519,4884.4160548840455,4788.016125468519,4806.9208984375,842334,0.0,0.0,4667.014868164062,4722.007443522491,55.68592741267834,-11.66717172285189,18.092485414504047,-29.759657137355937,124.83335632273442,124893195.0,0.00394835198411766
2024-10-31 00:00:00+05:30,4806.674036433475,4852.085210324611,4758.992496660171,4831.99560546875,510074,0.0,0.0,4672.5505859375,4726.320704775285,56.97034818915449,-0.1615554642639836,23.678481338473564,-23.840036802737547,122.56616756142763,125403269.0,0.0052680021244094705
2024-11-01 00:00:00+05:30,4921.041389783716,4926.1253706638745,4866.893402279138,4890.19140625,79729,0.0,0.0,4684.732641601562,4732.747006793901,59.87704062031114,13.497057398538345,29.869675361020715,-16.37261796248237,120.53499596383455,125482998.0,-0.00626899493220316
2024-11-04 00:00:00+05:30,4938.415825568017,4950.804985211147,4729.721487027272,4769.99951171875,719165,0.0,0.0,4692.822729492187,4734.207889339974,52.05591051088378,14.456479793983817,24.66327820517295,-10.206798411189132,127.71703183669459,124763833.0,-0.034103307578376214
2024-11-05 00:00:00+05:30,4769.999677578297,4847.1492168744935,4746.45487469095,4837.07958984375,499976,0.0,0.0,4703.008154296875,4738.242073673456,55.54589961717674,20.394535141767847,24.481066842365586,-4.086531700597737,125.78683971861234,125263809.0,0.01406287563933519
2024-11-06 00:00:00+05:30,4848.087172361105,4896.9038943396845,4844.138374690961,4854.20751953125,370356,0.0,0.0,4713.287377929688,4742.789738216899,56.41824744044834,26.180771926165107,24.213842901410274,1.9669290247548314,121.07523005984964,125634165.0,0.0012624251488374022
2024-11-07 00:00:00+05:30,4854.207353216158,4857.959000092835,4755.981014536756,4815.55859375,221554,0.0,0.0,4722.177099609375,4745.64341882604,53.85031641285548,27.332686758441923,20.292606186949673,7.0400805714922505,119.71114116672312,125412611.0,-0.007961909464075698
2024-11-08 00:00:00+05:30,4812.597242992791,4815.509674136837,4694.478927065838,4723.99609375,194765,0.0,0.0,4725.000512695313,4744.794504117176,48.24753370483554,20.61956947024464,10.863591119001914,9.755978351242728,119.8088929893973,125217846.0,-0.01841025641025646
2024-11-11 00:00:00+05:30,4701.043693655059,4770.740069937786,4689.4932674920265,4732.09130859375,209237,0.0,0.0,4725.674291992187,4744.2963395868455,48.755179643156204,15.77079591893289,4.811854054152128,10.958941864780762,117.054457950566,125427083.0,0.006604408927446463
2024-11-12 00:00:00+05:30,4726.710676625342,4745.714264872008,4645.315894153864,4677.54833984375,326018,0.0,0.0,4726.468994140625,4741.67877096947,45.51562400954992,7.44116903777558,-2.8142182616041467,10.255387299379727,115.86473743396444,125101065.0,-0.010400961714181239
2024-11-13 00:00:00+05:30,4639.837510579763,4659.532332825365,4477.98596460576,4529.96240234375,656931,0.0,0.0,4722.048828125,4733.376168278265,38.13234779433794,-10.942928735642454,-16.958652828017748,6.015724092375292,121.84314013425195,124444134.0,-0.02368080950797863
2024-11-14 00:00:00+05:30,4664.961725810689,4909.342751187834,4645.069271728959,4821.18603515625,2874648,0.0,0.0,4734.875024414063,4736.8196924695585,53.99185417769849,-1.9902035333561798,-6.404742100585177,4.414538567228997,140.23865504209712,127318782.0,0.03348887269132134
2024-11-18 00:00:00+05:30,4817.484016268015,4851.097963803103,4800.750793238602,4813.23876953125,494329,0.0,0.0,4740.304614257812,4739.8165190209975,53.588143220183674,4.412750333488475,-0.0014305869924182701,4.414180920480893,133.81783472226886,126824453.0,-0.0008812165691529313
2024-11-19 00:00:00+05:30,4817.533263541177,4949.867155560281,4817.533263541177,4901.8896484375,452273,0.0,0.0,4747.955419921875,4746.172328017724,57.41343774439532,16.4508868617595,9.629364753022884,6.821522108736615,134.0185883870376,127276726.0,0.017510285924692524
2024-11-21 00:00:00+05:30,4827.701191439573,4894.534785825252,4805.094420843872,4819.6064453125,593722,0.0,0.0,4754.0291748046875,4749.0520973234015,53.04344714636891,19.131098572094743,9.847661170686502,9.283437401408241,131.35977690179405,126683004.0,-0.0016767289038988088
2024-11-22 00:00:00+05:30,4850.11083186819,4940.933180032625,4819.5076493345205,4922.3740234375,339941,0.0,0.0,4769.2542724609375,4755.849035602386,57.40421705005245,29.21094476455619,15.942005890518358,13.268938874037831,130.65018788724484,127022945.0,0.014899286650213587
2024-11-25 00:00:00+05:30,4935.01016816998,5002.139732369932,4924.150973961165,4938.3173828125,945466,0.0,0.0,4785.73310546875,4763.004657061606,58.0550286182597,38.04720683398227,19.822614367955552,18.22459246602672,127.01558224761536,127968411.0,0.000670153561962485
2024-11-26 00:00:00+05:30,4944.881758562979,4950.163371720679,4812.597039927035,4868.62060546875,564637,0.0,0.0,4802.522875976562,4767.146458959925,54.159379073394156,38.97676089703418,16.601734744805967,22.375026152228216,127.76920721518877,127403774.0,-0.01542223996805753
2024-11-27 00:00:00+05:30,4869.85481390204,4908.256775525601,4827.50405453763,4854.55322265625,189349,0.0,0.0,4812.239404296875,4770.574175183311,53.38078642882916,38.13867999960166,12.610923077898757,25.527756921702906,124.41088677038755,127214425.0,-0.0031421041962295766
2024-11-28 00:00:00+05:30,4857.021351670165,4857.021351670165,4732.436586788507,4754.056640625,954250,0.0,0.0,4808.169702148438,4769.926428730044,48.064771733606726,29.030613721346526,2.8022854397148933,26.228328281631633,124.4233066354783,126260175.0,-0.02119914729420719
2024-11-29 00:00:00+05:30,4776.07069161546,4802.033842992719,4746.454709650089,4769.99951171875,407774,0.0,0.0,4806.3236328125,4769.929294729602,48.93360478536336,22.835627137926167,-2.714160914964374,25.54978805289054,119.50586568598911,126667949.0,-0.001271166255425943
2024-12-02 00:00:00+05:30,4776.120200953543,4783.475029814255,4633.469877600295,4758.99267578125,250521,0.0,0.0,4802.673486328125,4769.500407712019,48.332439837914066,16.843731909315466,-6.964844914860063,23.80857682417553,121.68438615227275,126417428.0,-0.0035860749838065756
2024-12-03 00:00:00+05:30,4759.041839876894,4807.66141372203,4759.041839876894,4782.33984375,351449,0.0,0.0,4797.280908203125,4770.003915007626,49.742835046722064,13.819727885441353,-7.991079150987343,21.810807036428695,116.46898270859472,126768877.0,0.004895524069128244
2024-12-04 00:00:00+05:30,4774.145798818812,4816.348576114795,4690.184676800255,4735.64501953125,349544,0.0,0.0,4795.56318359375,4768.656507341886,46.980599890156654,7.5680609446089875,-11.394196873455765,18.962257818064753,117.16147675187652,126419333.0,-0.008064433075564594
2024-12-05 00:00:00+05:30,4735.64488746779,4817.533273942795,4699.069340976988,4775.62646484375,525957,0.0,0.0,4792.49052734375,4768.929839008626,49.56317116227871,5.773188626211777,-10.551255353482382,16.32444397969416,117.2545093385858,126945290.0,0.008442689079530788
2024-12-06 00:00:00+05:30,4788.904254100689,4865.609839727671,4765.754235528947,4814.62060546875,327806,0.0,0.0,4790.511181640625,4770.721633771768,52.01800098620284,7.411802003522098,-7.13011358093765,14.541915584459748,116.01173040002425,127273096.0,0.005369986536281252
2024-12-09 00:00:00+05:30,4824.049028779434,4825.431011631886,4753.365450287956,4780.11865234375,377043,0.0,0.0,4788.739184570312,4771.090144304003,49.71248518459056,5.858858366046661,-6.946445774730469,12.80530414077713,112.8727183245889,126896053.0,-0.009106536059978399
2024-12-10 00:00:00+05:30,4778.0451583960685,4812.498321499797,4736.089183348169,4751.43994140625,342297,0.0,0.0,4790.111376953125,4770.319548111935,47.815416660704415,2.2876365996080494,-8.414134032935266,10.701770632543315,110.26817688366313,126553756.0,-0.005568222172004234
2024-12-11 00:00:00+05:30,4760.275577325863,4771.727186941715,4733.72000947862,4740.482421875,240736,0.0,0.0,4790.530932617187,4769.149464730094,47.07622596329946,-1.4105032267279967,-9.68981908741705,8.279315860689053,105.10667692505112,126313020.0,-0.004157985211012136
2024-12-12 00:00:00+05:30,4740.482627311368,4758.301384705183,4713.877409121836,4746.109375,236847,0.0,0.0,4793.958984375,4768.245931799503,47.52485555682474,-3.842958360162811,-9.697819376681492,5.854861016518681,100.77219825778658,126549867.0,0.001186956715380611
2024-12-13 00:00:00+05:30,4726.710727425655,4796.259117971358,4693.343580516445,4764.12548828125,404369,0.0,0.0,4805.667138671875,4768.084345779179,49.01507887053705,-4.267750828478711,-8.098089475997913,3.8303386475192025,100.92529391472416,126954236.0,0.007915601993264451
2024-12-16 00:00:00+05:30,4758.301263627674,4802.725238080629,4738.557274981916,4776.564453125,404180,0.0,0.0,4803.436059570313,4768.416899008427,50.06939858582535,-3.5596480075328145,-5.911989324041613,2.352341316508799,98.29977028500913,127358416.0,0.003838174273858805
2024-12-17 00:00:00+05:30,4746.553803494272,4768.173375186748,4666.442664000592,4681.94140625,402231,0.0,0.0,4796.87119140625,4765.025703213979,42.816107177346275,-10.5125780494418,-10.291935492760478,-0.22064255668132082,99.14420020210905,126956185.0,-0.013612486009682696
2024-12-18 00:00:00+05:30,4663.530114694203,4737.91568826852,4655.978135448956,4689.04931640625,331577,0.0,0.0,4786.229174804687,4762.046237064656,43.478485673701144,-15.273216126227453,-12.042058855636906,-3.2311572705905474,97.9151539604987,127287762.0,0.005472078250688095
2024-12-19 00:00:00+05:30,4649.709499297755,4718.81346213233,4613.775535029976,4710.86669921875,500287,0.0,0.0,4780.7921875,4760.039196364817,45.56284843825535,-17.088589026117006,-11.085945404421167,-6.00264362169584,98.42392347063122,127788049.0,0.013152907709660384
2024-12-20 00:00:00+05:30,4687.222699565688,4760.719886898428,4659.581116670187,4673.8955078125,386086,0.0,0.0,4768.36826171875,4756.661012500021,42.68988574048611,-21.265416806003486,-12.210218547446118,-9.055198258557368,98.61784109617476,127401963.0,-0.002843302443134017
2024-12-23 00:00:00+05:30,4689.197467480635,4715.062286324187,4637.863095205057,4689.740234375,371318,0.0,0.0,4755.939404296875,4754.036668259823,44.31056806011141,-23.03155249972042,-11.18108339293044,-11.85046910678998,97.08793752638584,127773281.0,0.00011574835526311152
2024-12-24 00:00:00+05:30,4689.739861063699,4746.454658731345,4677.992284749652,4731.5478515625,227611,0.0,0.0,4749.085766601563,4753.154753879537,48.45273499679162,-20.817728637964137,-7.173807624939325,-13.643921013024812,95.04325441605067,128000892.0,0.008914778161984906
2024-12-26 00:00:00+05:30,4731.548108622399,4762.595723882191,4710.91573669312,4739.89013671875,328172,0.0,0.0,4743.352612304688,4752.634572814409,49.263673879771716,-18.180530743634336,-3.6292877844876177,-14.551242959146718,91.9458781855521,128329064.0,0.001763065260004254
2024-12-27 00:00:00+05:30,4758.301106810236,4891.523858619308,4728.24069227537,4814.47265625,408992,0.0,0.0,4746.3734130859375,4755.059595694236,55.93767946310719,-9.957561824004188,3.674944908114025,-13.632506732118213,97.04139876829397,128738056.0,0.011804958992479367
2024-12-30 00:00:00+05:30,4827.404989885042,4842.163813494719,4770.443392590788,4793.642578125,242799,0.0,0.0,4747.55556640625,4756.572653828775,53.80876078894126,-5.063246973022615,6.855407807276478,-11.918654780299093,95.23275749226805,128495257.0,-0.00699390497188132
2024-12-31 00:00:00+05:30,4765.211571229936,4810.030328217951,4748.429181192458,4760.1767578125,313948,0.0,0.0,4747.614770507813,4756.7139912399025,50.48440766377424,-3.8406070779738,6.462438161860234,-10.303045239834034,92.83049960178414,128181309.0,-0.0010565770988709595
2025-01-01 00:00:00+05:30,4767.1860021505045,4843.644790089534,4681.744085108651,4822.76513671875,290234,0.0,0.0,4749.63603515625,4759.304232239074,55.96389547304083,2.1538744286499423,9.965535734787181,-7.811661306137239,97.76408570029116,128471543.0,0.011658688069476097
2025-01-02 00:00:00+05:30,4822.469150690889,5261.772891132537,4804.94636104406,5240.1533203125,2863478,0.0,0.0,4774.8614501953125,4778.161059222346,75.46389843151204,40.12178342361403,38.346755783801015,1.7750276398130156,123.41140315659015,131335021.0,0.08661209778019446
2025-01-03 00:00:00+05:30,5256.837123552465,5316.760323576058,5203.281552857117,5242.76953125,836689,0.0,0.0,4798.218603515625,4796.380999301862,75.53702116423746,69.62019295686332,54.27613225364024,15.344060703223077,122.70192941104378,132171710.0,-0.0026760563380282217
2025-01-06 00:00:00+05:30,5242.769547106849,5281.517126022058,5122.035245617843,5182.89599609375,419050,0.0,0.0,4816.632373046875,4811.538450156446,70.36843708447803,87.16185354216486,57.454234271153425,29.707619271011435,125.32906876769881,131752660.0,-0.011420214158781694
2025-01-07 00:00:00+05:30,5182.895750454863,5224.259309579926,5100.365782869366,5111.02734375,439721,0.0,0.0,4833.177807617188,4823.2831126503115,64.65009439889553,94.17891046855948,51.57703295803843,42.60187751052105,125.22653004933174,131312939.0,-0.013866458089294214
2025-01-08 00:00:00+05:30,5145.481171538606,5170.8027410516615,5068.577948677572,5097.1083984375,343162,0.0,0.0,4850.46123046875,4834.0213591517695,63.57260308437091,97.49299748888461,43.91289598269085,53.58010150619376,123.58354878681445,130969777.0,-0.00940102032996875
2025-01-09 00:00:00+05:30,5119.912404186706,5129.340448317538,5039.653280311671,5074.1064453125,239408,0.0,0.0,4867.142431640625,4843.436460569838,61.7412867870976,97.14355946362502,34.850766365945006,62.29279309768002,121.16237873103252,130730369.0,-0.008946629406540103
2025-01-10 00:00:00+05:30,5084.077135007499,5096.614760754763,4975.485196201514,4993.69921875,316803,0.0,0.0,4879.521923828125,4849.329117753375,55.70082620662715,89.34848243071701,21.64455146642959,67.70393096428742,121.16003486119085,130413566.0,-0.01777666110436893
2025-01-13 00:00:00+05:30,4945.869298487822,4959.887723643236,4862.549760404524,4875.876953125,213093,0.0,0.0,4885.1094970703125,4850.3702093365755,48.25142311017665,72.82408484874304,4.096123107564495,68.72796174117855,121.87356511006837,130200473.0,-0.014151677114520901
2025-01-14 00:00:00+05:30,4886.686106192195,4976.817698952975,4886.686106192195,4965.16845703125,448429,0.0,0.0,4894.539697265625,4854.872101403033,53.3439703656691,66.17068437847956,-2.045821890159189,68.21650626863875,120.37836373277597,130648902.0,0.01606044446759229
2025-01-15 00:00:00+05:30,4973.411858360893,5028.20142613508,4940.143527147219,5016.8486328125,497259,0.0,0.0,4911.28505859375,4861.224122242621,56.040398976468495,64.32645946405955,-3.112037443663354,67.43849690772291,118.06975910813914,131146161.0,0.00873379798187924
2025-01-16 00:00:00+05:30,5046.612621572244,5068.380658085391,4970.450282433056,4983.18505859375,435315,0.0,0.0,4925.991845703125,4866.006904060312,53.85694622055549,59.46307551122027,-6.380337117202117,65.84341262842239,116.63123171843884,130710846.0,-0.012568343904060893
2025-01-17 00:00:00+05:30,4940.933285209529,5010.432030617268,4934.072056166923,4948.1396484375,197564,0.0,0.0,4937.855493164063,4869.227795996672,51.60285286686058,52.17944481762788,-10.931174248635607,63.11061906626349,113.75471334214639,130513282.0,0.0014585024350649279
2025-01-20 00:00:00+05:30,4948.1891337804045,4973.955135176367,4866.893164734079,4952.53271484375,255315,0.0,0.0,4951.787353515625,4872.494655559302,51.87476235692209,46.22870304944172,-13.505532813457421,59.73423586289914,113.27666027787079,130768597.0,0.0008778122553345079
2025-01-21 00:00:00+05:30,4967.933179668905,5014.97313640239,4896.509204046428,4906.33203125,416551,0.0,0.0,4962.616943359375,4873.821611468742,48.771382166508204,37.35409353640989,-17.904113861191405,55.258207397601296,113.64717971202018,130352046.0,-0.012399753819355982
2025-01-22 00:00:00+05:30,4916.253225919325,4960.677200852331,4889.796473660504,4945.5732421875,494734,0.0,0.0,4973.318212890625,4876.635400908694,51.42924404938679,33.105717228776484,-17.72199213505985,50.827709363836334,110.59243310343498,130846780.0,0.00596389464106425
2025-01-23 00:00:00+05:30,4932.640811666334,5091.974704661529,4914.081173000746,5050.7099609375,442186,0.0,0.0,4988.859204101563,4883.461854243157,57.753471734603835,37.786918856941156,-10.432632405516145,48.2195512624573,115.39965442895985,131288966.0,0.0239362957448507
2025-01-24 00:00:00+05:30,5068.281923323438,5157.623472614589,5049.574301129088,5139.65625,730641,0.0,0.0,5005.118383789062,4893.508693292445,62.233654159976,48.11933727878659,-0.08017118693657466,48.19950846572316,114.87461993299854,132019607.0,0.01408254863410594
2025-01-27 00:00:00+05:30,5123.565034943264,5141.33462465983,5050.117493854318,5078.6474609375,418597,0.0,0.0,5019.368627929687,4900.769037121663,57.712746177185,50.79937039315155,2.0798895419427055,48.71948085120884,113.18479928103524,131601010.0,-0.008766859344893985
2025-01-28 00:00:00+05:30,5093.949036611913,5127.513817085713,5024.845076812914,5040.0478515625,603950,0.0,0.0,5033.3621826171875,4906.230951413461,54.99088325900076,49.24103011502666,0.4172394110542541,48.823790703972406,112.43365220901833,130997060.0,-0.010581414274466969
2025-01-29 00:00:00+05:30,5015.515709259664,5167.988849110266,5015.515709259664,5116.5556640625,357310,0.0,0.0,5048.051708984375,4914.478979360483,59.10754559106663,53.56214422629546,3.790682817858439,49.77146140843702,115.29361561198859,131354370.0,0.020145476688727335
2025-01-30 00:00:00+05:30,5116.556009603027,5200.566780462018,5074.254416130998,5098.24365234375,480830,0.0,0.0,5040.956225585937,4921.685437124533,57.74615488131811,54.87645042449731,4.083991212848225,50.79245921164908,116.0806690919194,130873540.0,-0.0035790397339357
2025-01-31 00:00:00+05:30,5098.884821157808,5176.873572536601,5079.140833466974,5127.8095703125,394118,0.0,0.0,5035.208227539062,4929.768736465237,59.373174316829505,57.639339615187964,5.477504322831109,52.161835292356855,114.77010266175569,131267658.0,0.005672759862052373
2025-02-01 00:00:00+05:30,5148.04731815031,5353.631596388782,5064.431816892065,5321.15283203125,609534,0.0,0.0,5042.121069335937,4945.117132369786,68.03993046055349,74.57053191463001,17.926957297818525,56.643574616811485,127.22936529282433,131877192.0,0.033625470626625166
2025-02-03 00:00:00+05:30,5503.636792901275,5504.1303926136425,5337.688473197018,5415.03564453125,1330533,0.0,0.0,5057.321484375,4963.545309317295,71.2474000145891,94.47513164308566,30.265245621019332,64.20988602206633,131.2113792420792,133207725.0,-0.016098654708520167
2025-02-04 00:00:00+05:30,5465.678546589536,5483.053352122072,5372.339037816912,5380.33544921875,591631,0.0,0.0,5071.482836914062,4979.890020685979,68.51059972332159,106.22515708468927,33.61221685009835,72.61294023459092,129.7473031751564,132616094.0,-0.015614364555712594
2025-02-05 00:00:00+05:30,5380.236882016248,5399.980870574106,5282.504138654852,5347.85693359375,442234,0.0,0.0,5085.170361328125,4994.32009570197,65.95682397643314,111.62959563341337,31.21332431905796,80.41627131435541,128.8708337997348,132173860.0,-0.006018312786697202
2025-02-06 00:00:00+05:30,5358.617104498022,5375.349844937555,5262.661130991379,5273.619140625,361000,0.0,0.0,5099.166357421875,5005.272999424442,60.4134732548531,108.66960707284488,22.602668606791568,86.06693846605332,127.71496809590919,131812860.0,-0.015861921502410514
2025-02-07 00:00:00+05:30,5299.92833878528,5329.889939109235,5251.950348131868,5303.7783203125,604384,0.0,0.0,5120.56142578125,5016.97909043966,61.817439999181495,107.51798812356355,17.16083972600819,90.35714839755536,124.15958401601328,132417244.0,0.0007264214308418788
2025-02-10 00:00:00+05:30,5330.877035603389,5375.202194548783,5239.462270031105,5267.0546875,631815,0.0,0.0,5135.655737304687,5026.785976598889,59.07024801328527,102.4609257808379,9.683021906626024,92.77790387421187,124.98675119470366,131785429.0,-0.011972204137731594
2025-02-11 00:00:00+05:30,5073.069876625381,5073.711459847342,4891.523998235209,4908.701171875,2272410,0.0,0.0,5130.248364257813,5022.15519994305,40.26566854526588,68.74458878689984,-19.226652069849635,87.97124085674947,142.8827467711385,129513019.0,-0.03240024457532593
2025-02-12 00:00:00+05:30,4886.63722248636,4935.997194430667,4772.516870944928,4787.37451171875,813864,0.0,0.0,5120.457836914063,5012.948114130332,36.078049744961355,31.866761114944893,-44.88358379344368,76.75034490838857,144.35400225075284,128699155.0,-0.020313091856060516
2025-02-13 00:00:00+05:30,4788.558582062869,4844.236530756956,4728.685035998638,4758.69580078125,571526,0.0,0.0,5110.98564453125,5002.977435175467,35.14755189322247,0.3229617972883716,-61.14190648888017,61.46486828616854,142.2966802870075,128127629.0,-0.006236277737831238
2025-02-14 00:00:00+05:30,4769.259258317154,4787.917231120894,4626.0656919080375,4643.14453125,476473,0.0,0.0,5095.5162353515625,4988.86634090388,31.61004559218523,-33.61228665404906,-76.06172395217408,42.44943729812503,143.69345592456813,127651156.0,-0.02644325255483249
2025-02-17 00:00:00+05:30,4639.837376790075,4694.133346092937,4586.528606929082,4684.458984375,232211,0.0,0.0,5084.422583007812,4976.928797510591,34.161535220078605,-56.520946169723175,-79.17630677427857,22.65536060455539,141.11569044166004,127883367.0,0.009617062832446779
2025-02-18 00:00:00+05:30,4707.953956362177,4711.409154275213,4624.486439589654,4658.98876953125,254026,0.0,0.0,5070.093359375,4964.460561119245,33.33582439925305,-75.8570247958105,-78.80990832029272,2.9528835244822123,137.24476360193856,127629341.0,-0.010400523727458607
2025-02-19 00:00:00+05:30,4639.837135378831,4759.288261630073,4617.180716554334,4749.021484375,275722,0.0,0.0,5055.008935546875,4956.011969874372,38.95287378042502,-82.95980971707922,-68.73015459324915,-14.229655123830076,137.59210513578142,127905063.0,0.023531935671542638
2025-02-20 00:00:00+05:30,4718.813359872298,4836.29009414527,4715.851761529282,4825.82568359375,277284,0.0,0.0,5039.317407226563,4950.906625314347,43.33888884394906,-81.4524280542746,-53.77821834435562,-27.674209709918983,136.36683567008188,128182347.0,0.022677803837604642
2025-02-21 00:00:00+05:30,4825.431029003164,4919.116162681336,4792.853446360548,4898.92822265625,324027,0.0,0.0,5030.3314453125,4948.8682565826575,47.22541755015743,-73.51165664903874,-36.66995755129581,-36.84169909774293,135.64511285941802,128506374.0,0.01523121835362106
2025-02-24 00:00:00+05:30,4872.8163671476,4985.258285372304,4852.627946071808,4946.65869140625,410180,0.0,0.0,5025.6619873046875,4948.781606967897,49.653663047949856,-62.64495611332313,-20.64260561246416,-42.002350500858974,135.42977189092363,128916554.0,0.015153931257597264
2025-02-25 00:00:00+05:30,4963.638947031591,5010.0373222325625,4914.3281405747575,4925.927734375,402917,0.0,0.0,5016.130590820312,4947.885376670136,48.607547089604246,-55.071008321585396,-10.454926256581139,-44.61608206500426,132.59258687427229,128513637.0,-0.007597493101133641
2025-02-27 00:00:00+05:30,4897.002739489809,4935.997116711833,4827.257196636865,4872.32275390625,561804,0.0,0.0,5004.834545898438,4944.922136561749,45.91388537202594,-52.785594581158875,-6.535610012923698,-46.24998456823518,130.88882496003626,127951833.0,-0.005039814534825054
2025-02-28 00:00:00+05:30,4847.1981850968,4868.818237420723,4694.133112077913,4712.4951171875,1076243,0.0,0.0,4984.068823242187,4935.807351488249,38.97815710944171,-63.14326600903041,-13.514625152636185,-49.62864085639423,134.26745473634344,126875590.0,-0.02778988247756376
2025-03-03 00:00:00+05:30,4765.211795296852,4864.918940796124,4765.211795296852,4843.79296875,503560,0.0,0.0,4960.200830078125,4932.198944322044,46.17179169831698,-60.06476667820152,-8.348900657445832,-51.71586602075569,135.56433822722062,127379150.0,0.0164905940866481
2025-03-04 00:00:00+05:30,4824.443406743008,4824.443406743008,4727.0066343837625,4753.4638671875,638281,0.0,0.0,4927.122241210937,4925.189725610886,42.4630311025956,-64.17407853307031,-9.966570009851694,-54.20750852321862,134.2230522371504,126740869.0,-0.014712482574943668
2025-03-05 00:00:00+05:30,4746.454910993871,4939.946001375484,4719.701709744095,4924.44677734375,551830,0.0,0.0,4904.327807617187,4925.160590384724,50.55868259481662,-53.022633979173406,0.9478996352361762,-53.97053361440958,140.36742647959605,127292699.0,0.03749995937759981
2025-03-06 00:00:00+05:30,4931.653369632162,5041.726101629259,4931.653369632162,5029.1884765625,648307,0.0,0.0,4888.394384765625,4929.240115332873,54.75817264859134,-35.326037493807235,14.91559689648188,-50.241634390289114,138.7182763228755,127941006.0,0.019777364632099583
2025-03-07 00:00:00+05:30,5029.188557648466,5065.714935671397,5008.062586765719,5035.408203125,590548,0.0,0.0,4876.483837890625,4933.403569756094,55.002589085623924,-20.562446248219203,23.743350513655933,-44.305796761875136,132.92785293593283,128531554.0,0.0012367095417560939
2025-03-10 00:00:00+05:30,5057.422727291406,5064.333123366175,4907.022796315067,4926.66796875,316750,0.0,0.0,4857.6283203125,4933.139428540169,49.924422149143105,-17.43563480938974,21.49612956198832,-38.93176437137806,134.66945822987387,128214804.0,-0.025854029926312673
2025-03-11 00:00:00+05:30,4886.637186611384,4945.869152509705,4849.172775368308,4921.73193359375,228128,0.0,0.0,4840.3621826171875,4932.692075797173,49.70010945659965,-15.180914864828992,19.000679605239256,-34.18159447006825,131.95709529498262,127986676.0,0.007181778724747559
2025-03-12 00:00:00+05:30,4921.189305819203,4975.386459741887,4897.002919060412,4953.22412109375,235018,0.0,0.0,4842.588330078125,4933.497254044098,51.20641406809826,-10.72919721749713,18.761917802056896,-29.491115019554027,128.13041282258922,128221694.0,0.006509567765797352
2025-03-13 00:00:00+05:30,4966.106548562042,4982.888938250056,4901.494155450806,4951.0517578125,265867,0.0,0.0,4850.772192382812,4934.185665956584,51.09275100355593,-7.29240812914577,17.758965512326608,-25.051373641472377,124.79215353520783,127955827.0,-0.0030315078024053246
2025-03-17 00:00:00+05:30,4871.829267714934,5011.962421936066,4871.829267714934,4985.60400390625,287729,0.0,0.0,4862.117602539062,4936.202071366375,52.884142908921255,-1.7603582076690145,18.632812347042695,-20.39317055471171,125.88793929848813,128243556.0,0.02335359675785204
2025-03-18 00:00:00+05:30,4985.60400390625,4985.60400390625,4985.60400390625,4985.60400390625,0,0.0,0.0,4879.240576171875,4938.139402054214,52.88414290892126,2.5939300009822546,18.389680444555168,-15.795750443572915,116.8959436343104,128243556.0,0.0
2025-03-19 00:00:00+05:30,5065.320267955935,5073.81027944777,4989.898328019929,5035.60546875,417978,0.0,0.0,4896.797900390625,4941.961600748167,55.61281166885445,9.964569753119576,20.608256157353992,-10.643686404234417,114.84668162768251,128661534.0,-0.00586632189753453
2025-03-20 00:00:00+05:30,5063.346058328943,5191.632821677476,5047.846833908872,5162.41162109375,491655,0.0,0.0,4921.96904296875,4950.606699585249,61.674743808505966,25.74132165753599,29.108006449416326,-3.3666847918803358,117.78815814909636,129153189.0,0.019565236431321704
2025-03-21 00:00:00+05:30,5181.957547517118,5259.749148155852,5163.398391919611,5238.03076171875,414691,0.0,0.0,4946.419506835938,4961.878231433621,64.76506097642485,43.840972439827965,37.76612578536664,6.074846654461323,116.3273987857396,129567880.0,0.010820855571944846
2025-03-24 00:00:00+05:30,5257.330317860802,5386.159837432831,5244.891509220071,5354.76708984375,316612,0.0,0.0,4972.8665771484375,4977.285637645783,68.93008091447794,66.83429797507233,48.607561056488805,18.226736918583526,118.59894713776401,129884492.0,0.018533507710543618
2025-03-25 00:00:00+05:30,5390.109035169736,5429.449029937015,5332.061899911071,5361.72705078125,324007,0.0,0.0,4996.006518554687,4992.361771494233,69.16411838037217,84.64257785126028,53.13267274614141,31.50990510511888,117.08381734406261,130208499.0,-0.005265567765567846
2025-03-26 00:00:00+05:30,5364.342675118877,5424.660654323828,5321.004718253946,5334.13427734375,384678,0.0,0.0,5015.380297851562,5005.76461486088,67.00909371514949,95.42921317404307,51.13544645513935,44.29376671890372,116.12468296733543,129823821.0,-0.005631332598351905
2025-03-27 00:00:00+05:30,5261.230131360605,5335.812854582203,5232.156915686527,5277.3212890625,603145,0.0,0.0,5032.949975585938,5016.413896202121,62.678691066609105,98.26067810052245,43.17352910529499,55.087148995227466,115.2340583907883,129220676.0,0.0030584401936688847
2025-03-28 00:00:00+05:30,5294.350540490445,5339.120131025157,5254.319796435989,5279.24658203125,286609,0.0,0.0,5053.296166992188,5026.721060352283,62.76650475468803,99.51286711905414,35.54057449906133,63.97229261999281,113.06022097638689,129507285.0,-0.0028528444317546487
2025-04-01 00:00:00+05:30,5296.867839252867,5454.27698505476,5198.691142740472,5239.26513671875,562006,0.0,0.0,5079.63466796875,5035.056122170576,59.628829565845585,96.17047407879727,25.758545167043565,70.4119289117537,123.24062250052269,128945279.0,-0.010874861197639817
2025-04-02 00:00:00+05:30,5293.067118041846,5324.904298103887,5243.262716419234,5286.9462890625,365908,0.0,0.0,5101.792333984375,5044.934167931043,62.06439598968489,96.25945494272673,20.67802082477843,75.5814341179483,120.55480384942373,129311187.0,-0.0011563860504399139
2025-04-03 00:00:00+05:30,5197.604744029841,5339.07022259818,5197.604744029841,5310.29345703125,224286,0.0,0.0,5129.633813476563,5055.340414562424,63.23402171690792,97.09464759496223,17.21057078161114,79.88407681335109,122.04842347220345,129535473.0,0.021680893132716116
2025-04-04 00:00:00+05:30,5282.454820160991,5286.551601263185,5163.052859965655,5180.7236328125,261887,0.0,0.0,5142.44765625,5060.257403513408,53.394944024065964,86.30645474840912,5.137902348046424,81.1685524003627,123.84786444315995,129273586.0,-0.01925831659936298
2025-04-07 00:00:00+05:30,4935.997344035339,5101.254438707444,4935.948176874294,5000.412109375,519173,0.0,0.0,5141.008837890625,5057.91052923347,43.29826827332414,62.48679233232451,-14.945408054430558,77.43220038675507,132.48554954994893,128754413.0,0.013050000000000015
2025-04-08 00:00:00+05:30,5099.427731636491,5201.553703656171,5044.391364398149,5164.3857421875,355195,0.0,0.0,5147.45771484375,5062.086027780687,52.1580386953258,56.1930811784714,-16.99129536662693,73.18437654509833,137.3895527450362,129109608.0,0.012738294171327033
2025-04-09 00:00:00+05:30,5203.083916029486,5255.849919927555,5116.013212960774,5190.99072265625,472302,0.0,0.0,5160.673852539063,5067.141113854239,53.429521396947926,52.74406853203618,-16.352246410449723,69.0963149424859,137.56434947516084,129581910.0,-0.0023242356972141107
2025-04-11 00:00:00+05:30,5222.284925241201,5339.761656073658,5222.284925241201,5282.4052734375,500528,0.0,0.0,5178.70751953125,5075.582845602603,57.59928757800291,56.73310747784035,-9.890565971716441,66.62367344955679,138.3648197567499,130082438.0,0.0115122688740547
2025-04-15 00:00:00+05:30,5394.057623722644,5485.867169660823,5329.889661507788,5458.2255859375,542322,0.0,0.0,5203.957592773438,5090.588443262795,64.23255261243675,73.23744374617308,5.291016237293036,67.94642750888005,143.0146109329337,130624760.0,0.011896046852123001
2025-04-16 00:00:00+05:30,5477.969404751636,5557.932555190433,5468.097410870303,5543.6181640625,734279,0.0,0.0,5233.585913085937,5108.354314666705,66.93788475890845,92.1455203453379,19.359274269166278,72.78624607617162,139.9212079557908,131359039.0,0.01198414128671836
2025-04-17 00:00:00+05:30,5543.61844709107,5642.33839094453,5504.6240692689535,5605.81201171875,564357,0.0,0.0,5264.5963134765625,5127.862459649139,68.78947830113506,110.8707816495089,30.46762845866982,80.40315319083908,139.7635732214898,131923396.0,0.01121894755587208
2025-04-21 00:00:00+05:30,5622.594140171215,5782.520441761547,5571.259771759504,5736.1220703125,551547,0.0,0.0,5302.122216796875,5151.715777714369,72.29095884653422,134.67319011866493,43.41602954226069,91.25716057640425,144.87050870581504,132474943.0,0.020191379158985084
2025-04-22 00:00:00+05:30,5736.615810030229,5830.893354318284,5692.685435990245,5709.96142578125,459537,0.0,0.0,5335.840014648437,5173.607763913071,70.57904597935752,149.7001745108828,46.75441114758283,102.94576336329996,144.39460939311672,132015406.0,-0.004646360351058381
2025-04-23 00:00:00+05:30,5714.897675900343,5742.045661059655,5533.746574928204,5666.52490234375,582611,0.0,0.0,5361.045678710938,5192.937847773097,67.71187360335666,156.3024461734649,42.685346248131935,113.61709992533295,148.9592148744263,131432795.0,-0.008464328899637179
2025-04-24 00:00:00+05:30,5662.575961889434,5700.583140155255,5548.060827374237,5578.17041015625,503663,0.0,0.0,5378.052661132812,5208.045007082241,62.17865762483119,152.64572008020605,31.222896123898465,121.42282395630758,149.21372186775426,130929132.0,-0.014905857740585752
2025-04-25 00:00:00+05:30,5590.016720709956,5595.446317524774,5446.872804682946,5504.13037109375,457510,0.0,0.0,5385.520825195313,5219.6561978277905,57.90818967242123,142.13488347132625,16.569647612014933,125.56523585931131,149.16799265161671,130471622.0,-0.01536423841059599
2025-04-28 00:00:00+05:30,5509.066380194437,5585.574335478922,5479.450397503669,5550.03515625,403569,0.0,0.0,5394.93623046875,5232.612235412976,59.75377967479893,135.94204695579356,8.301448877185791,127.64059807860777,146.09341731759076,130875191.0,0.007436609622793582
2025-04-29 00:00:00+05:30,5554.477420689962,5618.645381650567,5437.494291861781,5507.58544921875,309552,0.0,0.0,5403.6087890625,5243.395498699477,57.253762027763706,126.15461098294509,-1.188789676530149,127.34340065947524,148.59753677981902,130565639.0,-0.008442193192926358
2025-04-30 00:00:00+05:30,5533.252836364121,5533.252836364121,5435.026492525008,5495.7392578125,509786,0.0,0.0,5414.5296875,5253.291332390183,56.54280431731343,116.10373720562256,-8.991730763082145,125.09546796870471,144.9995944269115,130055853.0,-0.006779661016949182
2025-05-02 00:00:00+05:30,5488.828674316406,5488.828674316406,5307.183984374999,5370.36474609375,634482,0.0,0.0,5419.085595703125,5257.882446653068,49.532382496932186,96.90461593579039,-22.552681626331463,119.45729756212185,148.1107143562393,129421371.0,-0.02158273381294964
2025-05-05 00:00:00+05:30,5399.487334017461,5409.852928131581,5341.736166810217,5390.6025390625,320466,0.0,0.0,5426.6524658203125,5263.08715615932,50.59715623906838,82.37265408444546,-29.667714782141132,112.04036886658659,142.39686056803396,129741837.0,-0.0016454886187037626
2025-05-06 00:00:00+05:30,5390.602416925785,5525.355137356216,5370.85842858433,5444.40478515625,514699,0.0,0.0,5434.525390625,5270.197651414102,53.41130478792956,74.34041125016483,-30.159966093137413,104.50037734330225,143.26113543973767,130256536.0,0.009980770991667337
2025-05-07 00:00:00+05:30,5390.602608581866,5499.688148046804,5382.705012964495,5418.73779296875,349955,0.0,0.0,5439.947607421875,5276.022755004481,51.8926462269307,65.15264998042676,-31.47818189030039,96.63083187072715,141.38413541420704,129906581.0,0.0052193022616975875
2025-05-08 00:00:00+05:30,5393.564153158082,5418.244139216277,5271.151422309432,5303.72900390625,609858,0.0,0.0,5446.097875976562,5277.109274569257,45.6317714252974,48.037290883989044,-38.87483278939048,86.91212367337953,141.82715221742924,129296723.0,-0.016655989750160156
2025-05-09 00:00:00+05:30,5227.220826754437,5272.138399486699,5193.162447429975,5255.849609375,412056,0.0,0.0,5458.8697509765625,5276.275562208698,43.290129992409206,30.260949112104754,-45.32093964901982,75.58188876112457,139.5942525216325,128884667.0,0.0054768649669499556
2025-05-12 00:00:00+05:30,5434.532828952955,5470.072008215862,5344.6976813717165,5449.3408203125,327631,0.0,0.0,5473.117504882813,5283.062435075514,53.64309555080358,31.42395800821123,-35.32634460233068,66.75030261054191,144.9248344015775,129212298.0,0.002724795640326961
2025-05-13 00:00:00+05:30,5436.013740445222,5482.412114330798,5323.47300378659,5349.6337890625,416275,0.0,0.0,5481.049658203125,5285.673076408338,48.70841192905971,24.02320227999644,-34.18168026443638,58.20488254443282,145.92585412605112,128796023.0,-0.015890311450104413
2025-05-14 00:00:00+05:30,5360.492947556631,5407.384920854778,5291.388986906729,5376.78173828125,315866,0.0,0.0,5485.768481445312,5289.245965109237,50.05559993980049,20.116769071295494,-30.470490778509863,50.587259849805356,143.78800268476527,129111889.0,0.003038674033148984
2025-05-15 00:00:00+05:30,5429.597008066913,5476.982581955497,5291.38908422521,5396.0322265625,1930277,0.0,0.0,5482.6588134765625,5293.4336616368155,51.03765021241364,18.36257380974712,-25.779748832046593,44.14232264179371,146.7741094737311,131042166.0,-0.0061818181818180775
2025-05-16 00:00:00+05:30,5433.5455009529,5514.002252102548,5420.71190874498,5438.97509765625,638327,0.0,0.0,5477.42666015625,5299.141168931696,53.246154604314995,20.204586340973947,-19.15018904065581,39.35477538162976,144.71667490703942,131680493.0,0.0009992732558139416
2025-05-19 00:00:00+05:30,5439.468901870479,5555.958435522152,5438.975302151616,5459.212890625,654074,0.0,0.0,5470.096704101563,5305.418491351041,54.29251217796826,23.03191769096884,-13.058286152528737,36.09020384349758,142.7357222612439,132334567.0,0.0036297640653357196
2025-05-20 00:00:00+05:30,5478.957022186775,5486.361018162703,5311.133113399072,5318.537109375,402780,0.0,0.0,5449.217456054687,5305.932946959823,46.50185746322261,13.762591695199262,-17.862089718638654,31.624681413837916,145.05659243998585,131931787.0,-0.029279279279279334
2025-05-21 00:00:00+05:30,5340.748918180348,5407.384879728808,5316.068932421658,5339.76171875,300888,0.0,0.0,5430.707470703125,5307.259565461399,47.72075823794726,8.036591828767996,-18.870471668055938,26.907063496823934,141.21797493049758,132232675.0,-0.00018484288354898414
2025-05-22 00:00:00+05:30,5313.107459762797,5340.7490444661335,5251.90109363398,5318.04345703125,461736,0.0,0.0,5413.2833984375,5307.68246317002,46.55196495658735,1.7263135988296199,-20.144599918395453,21.870913517225073,137.477258923473,131770939.0,0.0009290226681531654
2025-05-23 00:00:00+05:30,5321.004958767361,5367.8969319661455,5307.184166666667,5330.876953125,282287,0.0,0.0,5400.918725585938,5308.592051011392,47.37222207511842,-2.213554996622406,-19.26757481107798,17.054019814455575,131.99408080747338,132053226.0,0.00185528756957328
2025-05-26 00:00:00+05:30,5333.838516326722,5402.942476375374,5331.370517753556,5358.02490234375,337099,0.0,0.0,5393.613452148437,5310.530594200896,49.15003338798858,-3.1094725625416686,-16.130793901597798,13.021321339056128,127.71346955339486,132390325.0,0.004534517860447791
2025-05-27 00:00:00+05:30,5350.620812531891,5375.300797829547,5307.184038408016,5320.51123046875,452769,0.0,0.0,5382.137255859375,5310.921991701596,46.79752723313676,-6.7685103200283265,-15.831865327267565,9.063355007239238,123.45656168683317,131937556.0,-0.005627306273062748
2025-05-28 00:00:00+05:30,5335.813027928605,5340.25542545417,5245.977877967181,5258.31787109375,380066,0.0,0.0,5369.673876953125,5308.859085011092,43.11321455618987,-14.51943739845774,-18.866233924557584,4.346796526099843,121.37234638684434,131557490.0,-0.01452358926919507
2025-05-29 00:00:00+05:30,5260.2919387207485,5327.421497101721,5219.323164120597,5310.1455078125,704795,0.0,0.0,5360.394189453125,5308.909532964089,46.86724655906807,-16.29223901911064,-16.511228436168384,0.21898941705774666,120.42420257215005,132262285.0,0.009477338838322236
2025-05-30 00:00:00+05:30,5309.158400872726,5333.838386001365,5251.407235671712,5265.22802734375,915804,0.0,0.0,5355.137353515625,5307.196532743683,44.148072612235985,-21.07868045138548,-17.038135894754582,-4.040544556630899,117.71041312625735,131346481.0,-0.008274451468947428
2025-06-02 00:00:00+05:30,5271.644789189284,5316.06876213189,5248.445603319256,5292.3759765625,475698,0.0,0.0,5350.226025390625,5306.615334462068,46.18049321305803,-22.422880149234516,-14.705868474082893,-7.717011675151623,114.13275210385567,131822179.0,0.00393258426966287
2025-06-03 00:00:00+05:30,5344.69778692041,5344.69778692041,5228.20825259152,5285.4658203125,479572,0.0,0.0,5342.279077148438,5305.78594175032,45.72439443483784,-23.77173419855444,-12.843778018722254,-10.927956179832186,114.30109369135812,131342607.0,-0.011082379017362433
2025-06-04 00:00:00+05:30,5271.644814332879,5316.562387189086,5228.701640283538,5251.4072265625,321913,0.0,0.0,5333.912548828125,5303.653443115503,43.446773729564825,-27.274550585359975,-13.07727552442223,-14.197275060937745,112.41249749237166,131020694.0,-0.003838951310861403
2025-06-05 00:00:00+05:30,5263.253927451625,5269.670723949503,5216.3619530440565,5240.54833984375,459910,0.0,0.0,5330.753515625,5301.178733183278,42.716191278786475,-30.574337286656373,-13.101649780574903,-17.47268750608147,108.19080273616268,130560784.0,-0.004313982931632647
2025-06-06 00:00:00+05:30,5222.778474427967,5335.8128067825655,5194.149691560863,5324.95361328125,538092,0.0,0.0,5334.208715820312,5302.111081422415,49.78454204844474,-26.078030555773694,-6.884274439753778,-19.193756116019916,110.58168219941551,131098876.0,0.019563368301672775
2025-06-09 00:00:00+05:30,5352.595370177148,5374.313757883509,5308.664995043823,5321.9921875,270949,0.0,0.0,5327.841284179687,5302.8907326411445,49.553507693521375,-22.494336677308638,-2.6404644490309757,-19.853872228277663,107.37218795943484,130827927.0,-0.005717447436370463
2025-06-10 00:00:00+05:30,5356.544212357624,5356.544212357624,5301.754642916812,5308.6650390625,330659,0.0,0.0,5325.7928466796875,5303.117176030217,48.463528656409714,-20.493387939311106,-0.5116125688267559,-19.98177537048435,103.61628663667605,130497268.0,-0.008938444526354526
2025-06-11 00:00:00+05:30,5301.260800211953,5364.935161778745,5274.1128165982045,5283.4912109375,366787,0.0,0.0,5321.1283203125,5302.347530340307,46.387920544126025,-20.700318801970752,-0.574834745189122,-20.12548405678163,102.70243367552352,130130481.0,-0.00335195530726252
2025-06-12 00:00:00+05:30,5282.504075364059,5306.19686134962,5234.131303976872,5247.45849609375,337217,0.0,0.0,5313.699633789062,5300.195019193383,43.515135861719564,-23.500947655669734,-2.70037087911048,-20.800576776559254,100.51408536818242,129793264.0,-0.006634273967482641
2025-06-13 00:00:00+05:30,5212.41279787084,5265.227965425024,5152.687234561904,5250.91357421875,414671,0.0,0.0,5304.296557617187,5298.262413508103,43.87406386268744,-25.151736705939584,-3.4809279435042626,-21.67080876243532,101.3731314749637,130207935.0,0.0073863636363636674
2025-06-16 00:00:00+05:30,5237.092743858487,5312.613496903759,5237.092743858487,5296.32470703125,294926,0.0,0.0,5296.1521484375,5298.186425018815,48.50559358324227,-22.53591996306386,-0.6920889605028293,-21.843831002561032,99.52653301570005,130502861.0,0.011310084825636186
2025-06-17 00:00:00+05:30,5312.120302681351,5321.992297297001,5243.0163403718,5272.63232421875,710729,0.0,0.0,5293.856909179687,5297.184303418812,46.356276498589494,-22.119661942000675,-0.2206647515517126,-21.898997190448963,98.05863472352155,129792132.0,-0.007433562534844883
2025-06-18 00:00:00+05:30,5265.721544602088,5393.070265871993,5239.560760775325,5323.96630859375,774670,0.0,0.0,5293.067138671875,5298.234578131555,51.38292387265667,-17.446439246670707,3.562046355022609,-21.008485601693316,102.01941117874625,130566802.0,0.011061117360329985
2025-06-19 00:00:00+05:30,5340.749021748715,5436.013768624639,5335.813024501257,5423.18017578125,923400,0.0,0.0,5298.323974609375,5303.1344054903675,59.317431107819395,-5.671766085838499,12.269375612683856,-17.941141698522355,102.73570038247072,131490202.0,0.015434380776340038
2025-06-20 00:00:00+05:30,5459.21285262302,5471.059245793269,5424.660872543128,5454.27685546875,776879,0.0,0.0,5304.493969726563,5309.06156039148,61.44154163496441,6.098687517643157,19.23186337293241,-13.133175855289252,98.81736964172417,132267081.0,-0.0009041591320071485
2025-06-23 00:00:00+05:30,5424.660837777184,5488.828800371454,5409.359246697011,5481.4248046875,247519,0.0,0.0,5310.66396484375,5315.82090330505,63.24573933621293,17.416700534771735,24.43990111204879,-7.023200577277056,97.43538278691837,132514600.0,0.010464058234758893
2025-06-24 00:00:00+05:30,5517.457822093872,5567.311395186687,5488.829037545524,5556.94580078125,579369,0.0,0.0,5322.485693359375,5325.27678163745,67.76445345501759,32.110075657837115,31.306620988091336,0.8034546697457792,96.61046905208043,133093969.0,0.007156915369475784
2025-06-25 00:00:00+05:30,5559.907191535151,5580.144779856612,5496.232828279821,5504.6240234375,449222,0.0,0.0,5334.801000976562,5332.310006806079,62.070764576425425,39.082235460078664,30.623024632266308,8.459210827812356,95.7034320895598,132644747.0,-0.009943181818181802
2025-06-26 00:00:00+05:30,5505.11745459067,5550.528626994717,5441.443093284995,5539.66943359375,788150,0.0,0.0,5346.277197265625,5340.441749033047,64.23819217711753,46.89501747760369,30.748645319833063,16.146372157770625,96.65929649100002,133432897.0,0.0062763382049674
2025-06-27 00:00:00+05:30,5543.124853343088,5612.228814114952,5523.380864551126,5587.548828125,413724,0.0,0.0,5362.393237304687,5350.132222722928,67.01171907209886,56.30116571630333,32.12383484682616,24.177330869477167,96.101343139059,133846621.0,0.008014247551202032
2025-06-30 00:00:00+05:30,5587.548948112791,5610.748135441528,5541.150573455317,5584.09375,340049,0.0,0.0,5376.9791259765625,5359.307184576932,66.6102538671089,62.75342758318948,30.860877370969845,31.892550212219632,94.20821591385557,133506572.0,-0.0006183745583038951
2025-07-01 00:00:00+05:30,5584.0936121569775,5675.4095600266,5560.400825682696,5642.33837890625,534027,0.0,0.0,5394.82275390625,5370.40644709965,69.88557862995498,71.73977491206824,31.877779759878884,39.86199515218936,95.69396723028757,134040599.0,0.010430478210907741
2025-07-02 00:00:00+05:30,5614.2029566506935,5671.460521533011,5614.2029566506935,5649.24853515625,299925,0.0,0.0,5414.714819335937,5381.341430945006,70.25833340949869,78.5140506693142,30.921644413699873,47.59240625561433,92.94850991971829,134340524.0,0.006242307016001408
2025-07-03 00:00:00+05:30,5636.908834576189,5700.5831988196505,5627.036840119839,5642.83203125,335537,0.0,0.0,5434.82900390625,5391.595964290301,69.39932146847869,82.41492679806106,27.85801643395739,54.55691036410367,91.5626419754392,134004987.0,0.0010507880910683636
2025-07-04 00:00:00+05:30,5642.338554692705,5642.338554692705,5548.06100557659,5556.94580078125,185006,0.0,0.0,5446.42861328125,5398.0802716036715,59.00085237132831,77.68064410600437,18.498986993520546,59.18165711248382,91.79181223957997,133819981.0,-0.015134283964657531
2025-07-07 00:00:00+05:30,5557.932772286076,5627.036732154642,5552.996775152607,5609.7607421875,227078,0.0,0.0,5460.817041015625,5406.381466528527,62.70185472290279,77.29935647818547,14.494159492561323,62.80519698562415,90.52382257975529,134047059.0,0.009325044404973257
2025-07-08 00:00:00+05:30,5631.972902561432,5631.972902561432,5576.196133237205,5606.79931640625,180630,0.0,0.0,5475.7237548828125,5414.240990053144,62.361922166717896,75.8834834142599,10.462629142908597,65.4208542713513,88.04189020436046,133866429.0,-0.004469763365468862
2025-07-09 00:00:00+05:30,5598.407800325121,5645.299771849622,5596.927001224347,5622.1005859375,177978,0.0,0.0,5492.654223632812,5422.392346754491,63.46407981369068,75.1300262081013,7.767337549399997,67.3626886587013,85.2083816629972,134044407.0,0.004232057838123799
2025-07-10 00:00:00+05:30,5619.139345723858,5631.972938748176,5562.868976309547,5579.6513671875,189074,0.0,0.0,5509.2638671875,5428.559367163629,58.35847564572908,70.29726563395343,2.3476615802017022,67.94960405375173,84.05806600411371,133855333.0,-0.007027406886858648
2025-07-11 00:00:00+05:30,5559.907126948775,5610.747897019418,5517.457551938335,5540.65673828125,522930,0.0,0.0,5523.751025390625,5432.955342501575,54.05632655488657,62.59912366870776,-4.280384308035181,66.87950797674294,84.7175145096115,133332403.0,-0.003462357954545432
2025-07-14 00:00:00+05:30,5534.733777702613,5543.618572850981,5449.834624062655,5469.57861328125,503684,0.0,0.0,5532.413720703125,5434.391549198817,47.22274199596507,50.18438567691919,-13.356097839859004,63.540483516778195,85.3651169580911,132828719.0,-0.011772050298760382
2025-07-15 00:00:00+05:30,5518.444929455543,5570.272900617691,5497.2201412653285,5519.43212890625,715066,0.0,0.0,5544.7537109375,5437.726473893226,51.82303980586872,43.86275589643628,-15.742182096273531,59.604937992709814,86.46005769940184,133543785.0,0.0001788908765651142
2025-07-16 00:00:00+05:30,5528.316754421043,5561.387935005526,5469.084789195103,5554.4775390625,226544,0.0,0.0,5556.279272460937,5442.30494703712,54.80530735225777,41.205696839901066,-14.719392922246996,55.92508976214806,86.87742113590332,133770329.0,0.004732142857142946
2025-07-17 00:00:00+05:30,5595.446347483407,5610.2543388758295,5555.958370436947,5577.6767578125,391603,0.0,0.0,5564.0041015625,5447.613645498899,56.71545509824575,40.505024751848396,-12.336052008239733,52.84107676008813,84.65594818429089,134161932.0,-0.003175723359209656
2025-07-18 00:00:00+05:30,5591.497623278543,5608.773613463461,5539.669652723789,5555.46484375,254828,0.0,0.0,5569.063500976563,5451.843104253845,54.347066623265945,37.722578834549495,-12.094798340430913,49.81737717498041,83.54509193824664,133907104.0,-0.006444209039548039
2025-07-21 00:00:00+05:30,5525.355270380252,5554.971253605445,5469.578501972804,5486.8544921875,190717,0.0,0.0,5569.334985351563,5453.216099859086,47.71840593577841,29.639522463195135,-16.142283769428225,45.78180623262336,83.71232406960019,133716387.0,-0.0069680185813829065
2025-07-22 00:00:00+05:30,5399.980675211416,5468.097433271671,5363.947897396934,5369.87109375,517944,0.0,0.0,5559.98125,5449.947668246965,38.98692458155006,13.636862211840707,-25.715955216626128,39.352817428466835,86.51191483538344,133198443.0,-0.005575868372943308
2025-07-23 00:00:00+05:30,5362.467308531654,5392.083291458008,5352.59531422287,5371.845703125,344237,0.0,0.0,5553.342333984375,5446.88484608532,39.189191299173444,1.1012782931247784,-30.601231308273647,31.702509601398425,83.1530621496516,133542680.0,0.0017488954344625236
2025-07-24 00:00:00+05:30,5370.364869034558,5431.571233350761,5364.441672487829,5398.99365234375,284450,0.0,0.0,5546.308544921875,5445.006760056238,42.034388975666836,-6.566949948170077,-30.615567639654802,24.048617691484726,82.00852634345732,133827130.0,0.0053308823529412425
2025-07-25 00:00:00+05:30,5409.852963803378,5409.852963803378,5303.729023363804,5363.45458984375,292877,0.0,0.0,5535.103833007813,5441.80863573418,39.43333818843793,-15.33500896971782,-31.506901328962037,16.171892359244218,83.73105592175135,133534253.0,-0.008576642335766488
2025-07-28 00:00:00+05:30,5363.454525748904,5386.160112734404,5288.427368753336,5317.05615234375,322292,0.0,0.0,5521.751953125,5436.916381483575,36.27717382949013,-25.73111280176181,-33.52240412880482,7.791291327043013,84.73117649741683,133211961.0,-0.008650837474691886
2025-07-29 00:00:00+05:30,5321.005053382917,5413.80180199479,5284.478673610159,5400.474609375,217256,0.0,0.0,5509.658764648438,5435.487292381278,44.82715106077005,-26.928512533184403,-27.775843088181933,0.8473305549975301,87.91631591793217,133429217.0,0.014935064935064997
2025-07-30 00:00:00+05:30,5395.044653547482,5485.373397518131,5370.364668856048,5410.83984375,266223,0.0,0.0,5497.738330078125,5434.520725768288,45.80027612970223,-26.732912286770443,-22.06419427341438,-4.668718013356065,89.85148825680007,133695440.0,0.0029277218664227134
2025-07-31 00:00:00+05:30,5380.236810825638,5439.468775715461,5317.549647983908,5398.5,307018,0.0,0.0,5485.521728515625,5433.108148287179,44.787495821558906,-27.25939065739476,-18.072538115230955,-9.186852542163805,92.14203393356814,133388422.0,0.0033944954128440254
2025-08-01 00:00:00+05:30,5551.0,5670.0,5475.0,5528.0,1408773,70.0,0.0,5484.074438476562,5436.829397373956,55.82698516460415,-17.030741054239115,-6.275110809660248,-10.755630244578867,104.95331722402757,134797195.0,-0.004143397586020537
2025-08-04 00:00:00+05:30,5527.5,5670.0,5520.0,5621.0,505407,0.0,0.0,5484.636401367187,5444.051773947526,61.74289452307026,-1.4039558545673572,7.4813395120092085,-8.885295366576566,108.17093742231131,135302602.0,0.01691542288557214
2025-08-05 00:00:00+05:30,5625.0,5690.0,5584.5,5681.0,458305,0.0,0.0,5488.346435546875,5453.343861243702,64.999682179219,15.641576206196078,19.621497258218113,-3.9799210520220374,107.9801561778605,135760907.0,0.009955555555555556
2025-08-06 00:00:00+05:30,5684.5,5712.5,5651.0,5668.0,202535,0.0,0.0,5490.64140625,5461.761749038066,63.7337124055118,27.78104917453038,25.408776181241933,2.3722729932884468,104.66014502229902,135558372.0,-0.0029026299586595128
2025-08-07 00:00:00+05:30,5660.0,5694.5,5588.0,5681.5,266900,0.0,0.0,5495.733837890625,5470.378935350299,64.50680636754939,38.052362193315275,28.544071360021462,9.508290833293813,104.79156323499195,135825272.0,0.0037985865724381625
2025-08-08 00:00:00+05:30,5681.5,5711.5,5655.5,5663.0,373874,0.0,0.0,5501.851000976562,5477.932702591464,62.53934966265133,44.19025857904944,27.7455741966045,16.44468438244494,101.30645157534967,135451398.0,-0.003256182346211388
2025-08-11 00:00:00+05:30,5677.0,5708.5,5652.5,5671.5,475811,0.0,0.0,5511.9470703125,5485.523576999642,63.09628100382947,49.1736217464595,26.18314989121165,22.990471855247854,98.0702764628247,135927209.0,-0.0009688215606834595
2025-08-12 00:00:00+05:30,5679.5,5694.0,5643.0,5658.0,429572,0.0,0.0,5518.875463867187,5492.287358293774,61.5316060782686,51.44065987766044,22.760150417930063,28.680509459730374,94.70811385833721,135497637.0,-0.00378554450215688
2025-08-13 00:00:00+05:30,5658.0,5757.5,5648.5,5714.5,427562,0.0,0.0,5526.8765869140625,5501.0015795371555,65.39891961307175,57.13773351461168,22.765779243905044,34.37195427070664,95.728962868456,135925199.0,0.009985860728172499
2025-08-14 00:00:00+05:30,5710.0,5785.5,5710.0,5764.0,415010,0.0,0.0,5536.1927490234375,5511.3152430847185,68.39657001924604,64.89882843228406,24.421499329261934,40.47732910302213,94.28403694928056,136340209.0,0.009457092819614711
2025-08-18 00:00:00+05:30,5880.0,6024.5,5825.5,5912.0,1288582,0.0,0.0,5554.019506835937,5527.028370806886,75.28962645150868,82.04613837140369,33.255047414705246,48.79109095669844,106.15660573861767,137628791.0,0.005442176870748299
2025-08-19 00:00:00+05:30,5918.0,5995.0,5891.5,5938.5,843617,0.0,0.0,5576.601782226562,5543.164513128185,76.28694515040543,96.65960184653886,38.294808711872335,58.36479313466653,105.96684818585928,138472408.0,0.0034640081108482596
2025-08-20 00:00:00+05:30,5964.0,5969.5,5905.0,5937.5,510626,0.0,0.0,5604.983227539063,5558.628649868257,76.1620251594875,106.92759058806587,38.85023796271946,68.0773526253464,103.0049304582979,137961782.0,-0.004443326626425218
2025-08-21 00:00:00+05:30,5990.0,5992.5,5898.0,5975.0,499089,0.0,0.0,5635.140942382813,5574.956938108717,77.64064631808073,116.74521606261806,38.93429074981731,77.81092531280075,102.39743542556235,138460871.0,-0.0025041736227045075
2025-08-22 00:00:00+05:30,5970.0,5973.0,5913.5,5924.5,273421,0.0,0.0,5661.416259765625,5588.664509163276,71.23279618690238,119.07816803199421,33.01379417535476,86.06437385663945,99.47619003802218,138187450.0,-0.0076214405360134005
2025-08-25 00:00:00+05:30,5945.0,6009.0,5880.0,5990.5,822944,0.0,0.0,5692.768530273437,5604.422763705893,74.22665448197353,124.81392050906106,30.999637321937286,93.81428318712378,101.58503360673488,139010394.0,0.007653490328006728
2025-08-26 00:00:00+05:30,5980.0,6210.0,5960.0,6151.0,1474805,0.0,0.0,5734.46572265625,5625.857165129191,79.74672508598178,140.68878161777047,37.49959874451734,103.18918287325313,112.18610263482526,140485199.0,0.02859531772575251
2025-08-27 00:00:00+05:30,6151.0,6151.0,6151.0,6151.0,0,0.0,0.0,5771.9919921875,5646.451001790791,79.7467250859818,151.52305990387867,38.66710162450043,112.85595827937824,104.1728095894806,140485199.0,0.0
2025-08-28 00:00:00+05:30,6269.5,6269.5,6121.0,6133.0,719052,0.0,0.0,5808.1,5665.531354661742,77.58539718692258,156.84879861916215,35.19427227182712,121.65452634733504,107.33903747594626,139766147.0,-0.021772071138049288
2025-08-29 00:00:00+05:30,6149.0,6174.5,6070.0,6103.0,496302,0.0,0.0,5843.325,5682.686987812262,73.9863081373677,156.84077284202885,28.148997195755044,128.6917756462738,107.13624908480725,139269845.0,-0.0074808912018214345
2025-09-01 00:00:00+05:30,6085.0,6292.0,6085.0,6280.0,698178,0.0,0.0,5880.925,5706.111027505898,79.9082808112759,169.16678372499246,32.380006462974904,136.78677726201755,114.26937415017817,139968023.0,0.03204601479046836
