Date,Open,High,Low,Close,Volume,Dividends,Stock Splits,SMA_20,EMA_50,RSI_14,MACD_12_26_9,MACDh_12_26_9,MACDs_12_26_9,ATRr_14,OBV,Daily_Return
2020-03-12 00:00:00+05:30,498.9706487709093,501.2914424861228,465.7600963722039,474.0453186035156,59000770,0.0,0.0,547.9381912231445,567.818804321289,13.654292558935621,-18.534750160861336,-6.194669543168686,-12.34008061769265,16.027383846260218,-167117724.0,-0.04995349972747105
2020-03-13 00:00:00+05:30,454.8987346010669,501.9644104382091,426.654688644917,496.5570068359375,66342364,0.0,0.0,543.7793350219727,565.0242240277458,29.426435804701814,-19.69453509460982,-5.8835635815337355,-13.810971513076083,20.36858857609654,-100775360.0,0.09157702377739894
2020-03-16 00:00:00+05:30,480.4042385267341,481.3325558958678,461.8378911440584,463.9266052246094,31986322,0.0,0.0,538.1653350830078,561.0596115256621,22.897562386713165,-22.981754358198373,-7.336626276097832,-15.645128082100541,21.41757882373228,-132761682.0,-0.03429951690821263
2020-03-17 00:00:00+05:30,467.87196775571016,468.8002851520508,443.1323148092304,452.6011352539063,42676838,0.0,0.0,532.4967987060547,556.8063379463775,21.144055882512127,-26.19876700558791,-8.442911138789896,-17.755855866798015,21.727754867762915,-175438520.0,-0.03263891310918889
2020-03-18 00:00:00+05:30,457.19632748503005,460.9095971498831,401.4972825122345,407.0207824707031,61181406,0.0,0.0,524.6002975463867,550.9323945943903,15.874952703894332,-32.056696600857094,-11.440672587247263,-20.61602401360983,24.473570012884082,-236619926.0,-0.10974616810755074
2020-03-19 00:00:00+05:30,393.1424085057063,427.0027904414713,369.0061567438447,415.6773071289063,67220048,0.0,0.0,517.227131652832,545.6282735173126,19.95471385444548,-35.59037512469155,-11.979480888865371,-23.610894235826176,26.91266647166904,-169399878.0,0.05731993836241885
2020-03-20 00:00:00+05:30,406.1388969660718,424.5195717139073,382.7220828978564,409.7825317382813,88637464,0.0,0.0,509.23547821044923,540.3009895259779,19.26940537637842,-38.42357684689438,-11.850146088854562,-26.573430758039816,27.994228970649363,-258037342.0,0.008971400669643057
2020-03-23 00:00:00+05:30,368.82049554736,389.3131136987954,355.0814092155928,358.12164306640625,50276954,0.0,0.0,498.89518280029296,533.1567014295241,14.552497226436042,-44.32654279854887,-14.202489632407243,-30.12405316614163,29.932417212098407,-308314296.0,-0.029008291594738434
2020-03-24 00:00:00+05:30,369.1221912459512,375.9685317940528,342.8972257566129,356.3346252441406,61057272,0.0,0.0,488.6314758300781,526.2225023634306,14.420994123436026,-48.58878201374614,-14.771783078083608,-33.81699893566253,30.159954176162767,-369371568.0,-0.03464317861423311
2020-03-25 00:00:00+05:30,357.6110783516578,402.6344725375347,350.5558604008608,397.66796875,47228042,0.0,0.0,480.65838623046875,521.1811481040804,30.14467822238679,-48.07717813329083,-11.408143358102635,-36.669034775188194,31.74714596095383,-322143526.0,0.11201244263174687
2020-03-26 00:00:00+05:30,403.8644679502526,435.2416126341272,390.3574612991311,418.2533874511719,57043156,0.0,0.0,473.7389389038086,517.1447653333781,36.41100297672326,-45.48631914955524,-7.053827499493636,-38.43249165006161,32.697498156550566,-265100370.0,0.03562808972511952
2020-03-27 00:00:00+05:30,438.6067773054408,458.8905185348499,404.79279838995006,419.808349609375,55235936,0.0,0.0,466.8926010131836,513.3276509912604,36.87166513514931,-42.814038700680044,-3.505237640494748,-39.308801060185296,34.24421257487117,-209864434.0,-0.042859409997157406
2020-03-30 00:00:00+05:30,408.4597035877794,411.70881486631856,384.3234483757743,386.01763916015625,39268444,0.0,0.0,458.86265716552737,508.33510150768774,31.526738067930292,-42.928017658898625,-2.8953732789706663,-40.03264437992796,34.333808230735784,-249132878.0,-0.05494315407492893
2020-03-31 00:00:00+05:30,396.2986777974321,405.4890140529317,388.9649762735485,400.0583801269531,35211092,0.0,0.0,451.4894989013672,504.08895557118836,35.69785063327822,-41.40805012557729,-1.1003245965194566,-40.307725529057834,33.26136851390528,-213921786.0,0.009487042324786128
2020-04-01 00:00:00+05:30,400.96350003702514,400.96350003702514,380.6101514413389,385.08929443359375,29103504,0.0,0.0,443.31682739257815,499.42230219324347,33.364372251815325,-40.939420858478684,-0.5053562635366831,-40.434064594942,32.33063353773125,-243025290.0,-0.03959015122814311
2020-04-03 00:00:00+05:30,391.285823516786,391.7499822635438,375.9685848737802,377.7555847167969,34996280,0.0,0.0,435.542170715332,494.65105837063777,32.252046193978835,-40.69074034618325,-0.20534060099299722,-40.48539974519025,31.138154874600605,-278021570.0,-0.03457891389568502
2020-04-07 00:00:00+05:30,405.6747505840944,421.1312314106001,392.376590963496,415.9326477050781,60412638,0.0,0.0,429.61834716796875,491.56406187394913,42.9203202404648,-36.98672933211526,2.798936330459995,-39.785665662575255,32.01939140922774,-217608932.0,0.025286013256221415
2020-04-08 00:00:00+05:30,408.43644181480977,438.62995870291,402.0078270093662,412.5906677246094,56219352,0.0,0.0,423.90919342041013,488.46706602495544,42.292482851346136,-33.92982190549401,4.6846750056649995,-38.61449691115901,32.35064728349992,-273828284.0,0.010171046176342867
2020-04-09 00:00:00+05:30,423.7768885087832,432.0853404807686,413.10123852444366,429.3699951171875,44457146,0.0,0.0,419.6795455932617,486.149533832494,46.52221638682844,-29.809622484026818,7.0438995417057555,-36.85352202573257,31.425912143095864,-229371138.0,0.01319823416535462
2020-04-13 00:00:00+05:30,433.5242173954597,439.4190384371792,411.33743763158463,415.58447265625,34158056,0.0,0.0,414.6097671508789,483.3822765314648,43.68896113301239,-27.341535014131296,7.609589609281024,-34.95112462341232,31.185475209283066,-263529194.0,-0.04138118245616968
2020-04-15 00:00:00+05:30,431.8996605135904,431.8996605135904,391.2857751885617,400.7081909179688,57978752,0.0,0.0,410.9429107666016,480.140155527014,40.80124456642855,-26.28297573890069,6.9345191076093045,-33.21749484650999,31.863008637353552,-321507946.0,-0.07221925008815815
2020-04-16 00:00:00+05:30,401.4972268982888,413.4261097102832,397.4358387649246,408.3435668945313,53854396,0.0,0.0,406.53223876953126,477.32460303162253,42.887811703680036,-24.545009268850038,6.937988462127965,-31.482997730978003,30.722873285127005,-267653550.0,0.01705202312138738
2020-04-17 00:00:00+05:30,424.7052333138107,427.0260269384764,411.8248286969165,422.523681640625,55883462,0.0,0.0,404.462092590332,475.1755472907991,46.64876762774633,-21.77246217702691,7.768428443160879,-29.54089062018779,29.85835983364942,-211770088.0,-0.005136625362875575
2020-04-20 00:00:00+05:30,441.41495128491977,446.0333363045318,433.98841162082016,438.5603637695313,66232986,0.0,0.0,403.76005401611326,473.73965774094546,50.60997980829477,-18.072839958882014,9.174440529044624,-27.247280487926638,29.402686286688585,-145537102.0,-0.006466902643598746
2020-04-21 00:00:00+05:30,429.34679040449095,433.5242186354536,421.4560926348949,427.7918701171875,33178006,0.0,0.0,404.7986083984375,471.9377837164844,48.03109887293973,-15.827342387486738,9.135950480351923,-24.96329286783866,28.52028180039775,-178715108.0,-0.003621595228040586
2020-04-22 00:00:00+05:30,426.6314539343681,433.0600401980205,421.13115668305096,431.0177307128906,38289354,0.0,0.0,405.56562957763674,470.3330757555591,48.87158924659187,-13.630347235454451,9.066356505907368,-22.69670374136182,27.3302400036094,-140425754.0,0.010281184704204445
2020-04-23 00:00:00+05:30,433.9883804071111,444.8961097542417,423.5680120243845,443.2483520507813,40901222,0.0,0.0,407.2389205932617,469.27092972792076,52.03873087662897,-10.778061043968307,9.534914157914812,-20.31297520188312,26.899855949779354,-99524532.0,0.02133691145137047
2020-04-24 00:00:00+05:30,433.0601177265082,444.8497614167656,429.8110064466738,435.4041137695313,33284568,0.0,0.0,411.103044128418,467.94281929818,49.903602324299044,-9.046288180835575,9.013349616838035,-18.05963779767361,26.049589930843517,-132809100.0,0.005412634290427533
2020-04-27 00:00:00+05:30,438.6996394652877,444.38558396577207,429.9502303175623,431.52838134765625,27421072,0.0,0.0,414.86273193359375,466.51480212364964,48.83740496455933,-7.89556971282326,8.131254467880282,-16.026824180703542,25.217234120056023,-160230172.0,-0.016346624142140154
2020-04-28 00:00:00+05:30,438.0729640632111,438.0729640632111,427.9543103309306,432.3174133300781,29441436,0.0,0.0,416.59520416259767,465.1737280533135,49.07594112380719,-6.8410889348674,7.3485881966689135,-14.189677131536314,24.135424098274903,-130788736.0,-0.0131383381429183
2020-04-29 00:00:00+05:30,433.98843814460616,460.7704041110812,433.5706839309687,453.5295104980469,55877778,0.0,0.0,418.35901031494143,464.717092070754,55.132269866680474,-4.244834546319112,7.955874068173763,-12.200708614492875,24.44470840046832,-74910958.0,0.04502671185661764
2020-04-30 00:00:00+05:30,464.80855516950544,472.9777373381446,460.4918563943721,464.99420166015625,43793134,0.0,0.0,420.6183029174805,464.72795911347566,58.03706633295026,-1.247795664338696,8.762330360123345,-10.010126024462041,24.086864241389556,-31117824.0,0.0003994042032705479
2020-05-04 00:00:00+05:30,444.4319629772513,445.5923597474269,425.86561465444186,428.4184875488281,26722324,0.0,0.0,422.73834533691405,463.3040582678032,47.476734083970584,-1.803189168370693,6.5655494848730775,-8.36873865324377,25.16393548243936,-57840148.0,-0.036031331592689377
2020-05-05 00:00:00+05:30,435.38087276287854,438.16582504067947,421.4793136435224,423.0574645996094,29672858,0.0,0.0,423.8882995605469,461.72576047689364,46.15118883048798,-2.6454373151325967,4.578641070488939,-7.224078385621536,24.55701206636708,-87513006.0,-0.028304891037280046
2020-05-06 00:00:00+05:30,426.56185565314905,440.9507757023848,420.3653481897521,439.2798156738281,33785846,0.0,0.0,426.5978256225586,460.84552734736167,50.64197436265639,-1.9810802240239695,4.194398529278053,-6.175478753302023,24.272721509677428,-53727160.0,0.02981504288798961
2020-05-07 00:00:00+05:30,436.5412616791596,437.8409003860483,427.65261115401177,429.3468017578125,21831730,0.0,0.0,429.17738647460936,459.61028320659506,48.00224343047737,-2.230373297236156,3.1560843648526937,-5.38645766208885,23.367679048803478,-75558890.0,-0.016480595427963825
2020-05-08 00:00:00+05:30,437.2375151553176,438.1426303272124,429.4396543089935,431.2266540527344,20807484,0.0,0.0,429.9420867919922,458.49719971036524,48.54884581306053,-2.2503112963432272,2.508917092596498,-4.759228388939725,22.324916180211133,-54751406.0,-0.013747359030818848
2020-05-11 00:00:00+05:30,434.9166771135556,442.80737456385486,424.2410276219742,425.0765075683594,28550784,0.0,0.0,430.5663787841797,457.1865843322474,46.81496964844738,-2.7308976385983783,1.6226646002730778,-4.353562238871456,22.055988011423864,-83302190.0,-0.022625413241228645
2020-05-12 00:00:00+05:30,418.20699864836456,422.1059431531127,404.3286418562248,418.4622802734375,49568418,0.0,0.0,430.0209930419922,455.66798417307837,44.95545376995909,-3.6039347264148773,0.599702009965263,-4.20363673638014,21.962402404175254,-132870608.0,0.0006104193040719157
2020-05-13 00:00:00+05:30,441.4149379239613,445.59236635857286,428.0007397297085,430.5768432617188,44346966,0.0,0.0,430.77061157226564,454.68401786282897,48.95475193826109,-3.2804637764776317,0.7385383679220077,-4.019002144399639,22.332066612448564,-88523642.0,-0.024553076325906944
2020-05-14 00:00:00+05:30,416.8145107684331,422.84857384191815,413.10124118474994,414.8186340332031,39554890,0.0,0.0,431.4761337280273,453.12066947735343,44.43250682492928,-4.246713041605176,-0.1821687177644291,-4.064544323840747,21.98470166505787,-128078532.0,-0.0047884051146645235
2020-05-15 00:00:00+05:30,413.3333153053476,414.2152281523162,406.13885557796647,412.2425537109375,24349628,0.0,0.0,431.6710830688477,451.5176061139646,43.721471406940225,-5.160849636383261,-0.8770442500340119,-4.28380538634925,21.03314271000266,-152428160.0,-0.0026389394564149487
2020-05-18 00:00:00+05:30,412.1729486709416,412.1729486709416,385.8551432418307,388.3384094238281,46649964,0.0,0.0,429.9618194580078,449.03999055748864,37.69368924972934,-7.725123724866194,-2.7530546708135546,-4.972069054052639,21.416041512268755,-199078124.0,-0.057826549083263054
2020-05-19 00:00:00+05:30,399.5710063841034,402.56483567125537,383.4414915259579,385.5534362792969,47460692,0.0,0.0,427.3114730834961,446.5503217622654,37.05275166647312,-9.868297877231441,-3.9169830585430416,-5.9513148186884,21.252098063878567,-246538816.0,-0.03508154966412044
2020-05-20 00:00:00+05:30,388.24555357991625,401.03312020757227,386.27287908815447,397.8304138183594,40014306,0.0,0.0,425.8134002685547,444.6397371370142,41.75455233264661,-10.455603658706536,-3.6034310720145086,-6.852172586692028,20.83936349702936,-206524510.0,0.0246876239793695
2020-05-21 00:00:00+05:30,399.84950316178646,410.3162757981028,395.6024398800672,398.9675903320313,48478908,0.0,0.0,424.21089324951174,442.84867255642666,42.18532353878751,-10.70587640197732,-3.0829630522282336,-7.622913349749087,20.40141270341208,-158045602.0,-0.0022056119184380063
2020-05-22 00:00:00+05:30,394.5349086033343,403.957324872214,386.6674127010678,389.3595275878906,42047432,0.0,0.0,421.5164520263672,440.7510590282488,39.52548933584493,-11.54640989379351,-3.138797235235536,-8.407612658557973,20.178967825676416,-200093034.0,-0.013117675781250126
2020-05-26 00:00:00+05:30,397.7840139951232,404.63035495945,393.95470464219466,395.6488952636719,38005152,0.0,0.0,419.52869110107423,438.9823467237556,42.099051694672895,-11.571648571150774,-2.5312287300742398,-9.040419841076535,19.828100991777468,-162087882.0,-0.005367532772389115
2020-05-27 00:00:00+05:30,399.130098063181,422.2916013906675,397.8536615722976,419.4370422363281,56025754,0.0,0.0,418.9241241455078,438.21586419483685,50.65291236138417,-9.561921866746957,-0.41720162053633736,-9.14472024621062,20.315226398646082,-106062128.0,0.050878007626306905
2020-05-28 00:00:00+05:30,427.0259952620834,440.95075597715135,424.2178408505444,438.7460021972656,75488806,0.0,0.0,419.2455535888672,438.2366539204223,56.29673469769887,-6.338065997560989,2.2453233989197052,-8.583389396480694,20.4008927147719,-30573322.0,0.027445652173913083
2020-05-29 00:00:00+05:30,438.1658188510729,443.2715646215833,428.62736310034654,441.7166442871094,53025166,0.0,0.0,418.6549102783203,438.3731241308807,57.10947041760927,-3.503050024535355,4.0642714975562715,-7.567321522091627,19.98943254259236,22451844.0,0.008103839421676438
2020-06-01 00:00:00+05:30,452.5547721994866,461.8379470138351,448.423748075101,458.4263916015625,39190230,0.0,0.0,418.32651977539064,439.1595267767898,61.45198886854975,0.09100842983758639,6.126663961543371,-6.0356555317057845,19.99885754064636,61642074.0,0.012974384014423102
2020-06-02 00:00:00+05:30,457.9853999531092,466.4794985897891,452.6475748448678,464.6228637695313,41623594,0.0,0.0,420.1367385864258,440.1580890117993,62.95004223608662,3.4001345322203065,7.548632051140872,-4.148497518920566,19.558114794055705,103265668.0,0.014492741072317315
2020-06-03 00:00:00+05:30,473.441879485166,485.6260455013284,471.3299630416977,474.4862365722656,50546088,0.0,0.0,422.7081771850586,441.50429087691566,65.26407651098565,6.740828488069042,8.711460805591686,-1.9706323175226448,19.66138770645128,153811756.0,0.0022058823529411678
2020-06-04 00:00:00+05:30,477.1783834027289,482.2376680023135,460.02768511093086,464.9477844238281,54275882,0.0,0.0,423.99157562255857,442.4236435650299,61.27818818744539,8.520460578524535,8.392874316837744,0.12758626168679132,19.843518397763113,99535874.0,-0.025631083478017503
2020-06-05 00:00:00+05:30,465.59756645201855,483.8390254702307,465.4583245122608,479.6383666992188,35195984,0.0,0.0,426.5061538696289,443.88304447225306,64.8398109537868,10.989558260211538,8.689577598819797,2.2999806613917406,19.775467993841048,134731858.0,0.0301565155380751
2020-06-08 00:00:00+05:30,492.0082368320213,495.0949036120711,467.1293410940246,471.5388488769531,49812664,0.0,0.0,428.52176361083986,444.96758582145696,61.48208186884433,12.152683987845762,7.882162661163218,4.270521326682545,20.36071906075469,84919194.0,-0.041603750552771136
2020-06-09 00:00:00+05:30,473.44188087443297,476.57495214492553,454.6666555208147,458.2638854980469,61844146,0.0,0.0,430.1811325073242,445.48900933818595,56.333045132473686,11.866501265733632,6.07678395124087,5.789717314492762,20.47130318161302,23075048.0,-0.03205883549708951
2020-06-10 00:00:00+05:30,459.5171111973992,464.0890630424648,454.0400442248845,460.3757934570313,36497730,0.0,0.0,432.2768081665039,446.072804793827,56.950733636640464,11.67552453982995,4.70864578026975,6.966878759560201,19.72658623964058,59572778.0,0.0018686622080178864
2020-06-11 00:00:00+05:30,457.1963515078129,458.774502530297,447.91317685790807,449.5841369628906,30897714,0.0,0.0,433.2271728515625,446.2105040945746,52.837734580139724,10.531971606443108,2.8520742775063255,7.679897328936782,19.207557786936256,28675064.0,-0.016649770978743657
2020-06-12 00:00:00+05:30,430.7392878720427,457.96220786104186,430.7392878720427,456.1519775390625,42644876,0.0,0.0,435.2938400268555,446.60036579828,54.96924606938495,10.039933409935088,1.8880288647986454,8.151904545136443,19.78026140434956,71319940.0,0.05899784482758624
2020-06-15 00:00:00+05:30,449.30562584988814,452.0905780762304,437.7016582401287,440.8811340332031,32009936,0.0,0.0,436.72576904296875,446.37608219964955,49.38097125802324,8.321831256534722,0.13594136911862265,8.1858898874161,19.68523815455322,39310004.0,-0.01875002522113894
2020-06-16 00:00:00+05:30,452.5547339714005,461.3505470309983,441.87908383669054,459.7027893066406,45399970,0.0,0.0,440.2939880371094,446.8986981646296,55.399339249068895,8.382346727888034,0.15716547237754774,8.225181255510487,19.741265636795053,84709974.0,0.01579489683493593
2020-06-17 00:00:00+05:30,459.0529520883528,463.6481345282135,451.7424525985737,454.52740478515625,36957838,0.0,0.0,443.74268646240233,447.19786313014043,53.515205957132586,7.921382628483627,-0.2430389016214889,8.164421530105116,19.181441973605,47752136.0,-0.00985844287158737
2020-06-18 00:00:00+05:30,454.8755542877174,475.71629254575697,451.1622844567973,473.418701171875,40870126,0.0,0.0,447.5221008300781,448.22613128863986,58.997042082444274,8.97695425520152,0.6500261800771217,8.326928075124398,19.565285265740776,88622262.0,0.04076531857860334
2020-06-19 00:00:00+05:30,472.4903399350065,484.1175093497463,469.7982252230305,479.6383666992188,47877752,0.0,0.0,451.5556396484375,449.45798365768223,60.64266662224893,10.197823244068275,1.4967161351551006,8.701107108913174,19.190490594237623,136500014.0,0.015128408265861195
2020-06-22 00:00:00+05:30,482.469771670513,485.4868034307461,475.2057045073368,477.5032958984375,29694474,0.0,0.0,455.9628280639648,450.5577998239864,59.75606706988337,10.867810983499055,1.7333630996687042,9.134447883830351,18.553978835784644,106805540.0,-0.010293858939347613
2020-06-23 00:00:00+05:30,482.2608562699727,485.0458082792314,471.8404885026635,483.7926025390625,28830512,0.0,0.0,460.37001342773436,451.86112542065604,61.53982393438621,11.770591525798125,2.1089149135742193,9.661676612223905,18.171861165141255,135636052.0,0.003176177890399479
2020-06-24 00:00:00+05:30,486.67040529412736,490.8478336657508,478.1066997962988,479.2438659667969,39429246,0.0,0.0,463.3603546142578,452.9349583832498,59.48618514083593,11.9808982466119,1.8553773075103948,10.125520939101506,17.78388551516649,96206806.0,-0.015259895088221228
2020-06-25 00:00:00+05:30,474.3238199138844,486.9025102283946,467.4078434699651,477.5032958984375,70646790,0.0,0.0,465.29821929931643,453.89842259953167,58.67925156976101,11.870285122176767,1.3958113464602082,10.47447377571656,17.906103644370365,25560016.0,0.006703175870717088
2020-06-26 00:00:00+05:30,483.189183688184,493.4006746018632,477.1551208755554,490.36041259765625,39969138,0.0,0.0,467.73040771484375,455.3283045602425,62.703848939045145,12.67398745229002,1.759610941258769,10.914376511031252,17.787475388616215,65529154.0,0.014841451654058622
2020-06-29 00:00:00+05:30,481.332616742458,502.49824410231474,481.332616742458,499.4580383300781,46005956,0.0,0.0,469.78199005126953,457.058882355138,65.28072798572438,13.884972385280946,2.376476699399756,11.50849568588119,18.02880510533936,111535110.0,0.03765674911101714
2020-06-30 00:00:00+05:30,498.5065075154244,500.6184525343567,490.2909201393677,494.7236022949219,35746130,0.0,0.0,471.2870269775391,458.53593019591386,62.84717584424793,14.297840641825076,2.2314759647551075,12.066364677069968,17.478644028798765,75788980.0,-0.007588477108065595
2020-07-01 00:00:00+05:30,494.7235380644413,508.7179341731942,492.61164997970246,503.426513671875,34846718,0.0,0.0,472.73404083251955,460.29634523418684,65.40050288554883,15.152623908312307,2.469007384993869,12.683616523318438,17.38060671553337,110635698.0,0.017591593966770337
2020-07-02 00:00:00+05:30,506.07229521224383,515.7963981190818,503.7050403180712,505.654541015625,36954496,0.0,0.0,474.7693786621094,462.07509800992955,66.04389119872194,15.827380797986791,2.5150114197346802,13.31236937825211,17.022658617648116,147590194.0,-0.0008254832374169511
2020-07-03 00:00:00+05:30,507.3255233866474,508.6251905753361,496.6498719338634,498.4832763671875,27597254,0.0,0.0,475.7116241455078,463.50286971021416,62.04473616710959,15.603600773235485,1.8329851159866983,13.770615657248786,16.662097514114425,119992940.0,-0.017429138909537862
2020-07-06 00:00:00+05:30,514.2646038938087,519.8113342997224,510.57456492945374,511.967041015625,35558216,0.0,0.0,477.73303375244143,465.4034254476813,66.19024383389902,16.326083679949704,2.044374418160732,14.281709261788972,16.995412007089193,155551156.0,-0.004467666762961102
2020-07-07 00:00:00+05:30,514.9376401691115,516.0051711148183,507.3486572416126,512.9649658203125,24349850,0.0,0.0,480.4680877685547,467.2685838936668,66.48202337661358,16.785685842792645,2.0031812648029383,14.782504577989707,16.399723975701747,179901006.0,-0.003830899501056471
2020-07-08 00:00:00+05:30,513.8237416126475,522.1321946563614,512.8954241029588,515.378662109375,30056350,0.0,0.0,483.2182312011719,469.15525362761616,67.21891830768863,17.147028713175473,1.8916193081486128,15.25540940502686,15.888042610052054,209957356.0,0.0030261748743788115
2020-07-09 00:00:00+05:30,518.9294540013174,524.3600884140751,513.9397477128432,522.1553344726562,20114484,0.0,0.0,486.84679107666017,471.23368817055893,69.2621596862383,17.77531361538189,2.0159233682840227,15.759390247097867,15.497462820594562,230071840.0,0.006216414286113529
2020-07-10 00:00:00+05:30,518.8830265361661,519.8577484825713,510.3657256497236,512.9417724609375,17562978,0.0,0.0,489.68628082275393,472.8692993192012,63.46975404359023,17.3300069410717,1.2564933551790674,16.073513585892634,15.232597434036736,212508862.0,-0.011450083682424096
2020-07-13 00:00:00+05:30,515.1696630307326,516.6085434189496,497.2531516529625,501.4073486328125,29922114,0.0,0.0,492.71259155273435,473.98843850797033,57.038654438992836,15.863502011193873,-0.16800925975901038,16.031511270952883,15.527102022405108,182586748.0,-0.0267141397980555
2020-07-14 00:00:00+05:30,493.21502138782535,496.1392438505584,487.3666331223565,491.4744262695313,26612674,0.0,0.0,494.3011734008789,474.67416351822766,52.139190930622114,13.741380387453034,-1.8321047067998801,15.573485094252915,15.420925103152387,155974074.0,-0.0035290796971193055
2020-07-15 00:00:00+05:30,496.7426380259758,500.8272574140197,487.4130591132846,488.8287658691406,20974394,0.0,0.0,496.0162414550781,475.22924596336156,50.88543081327885,11.711102725659657,-3.0899058948746063,14.801008620534263,15.277579383327744,134999680.0,-0.0159315338588296
2020-07-16 00:00:00+05:30,489.0608703907994,494.56114015769015,479.9865443104841,493.19189453125,23662456,0.0,0.0,497.00490112304686,475.93366355425917,52.89705491863789,10.335025331480836,-3.5727866312427423,13.907811962723578,15.227363641658656,158662136.0,0.008446850669426069
2020-07-17 00:00:00+05:30,491.5672950444464,512.4312059940644,491.2191760186352,509.8551025390625,28405738,0.0,0.0,498.51573791503904,477.26391606346715,59.68781128980171,10.468382708955687,-2.7515434030143133,13.21992611197,15.654860614206962,187067874.0,0.037203059843439294
2020-07-20 00:00:00+05:30,526.8201258658474,535.1285779493877,521.7840152897902,525.9150390625,65124096,0.0,0.0,500.9363250732422,479.1718032398998,64.93486484650123,11.734701713588152,-1.1881795187054802,12.922881232293632,16.341935578949286,252191970.0,-0.0017180186536342027
2020-07-21 00:00:00+05:30,534.7340995383278,537.472590778668,526.3560116101615,528.4679565429688,47512422,0.0,0.0,503.1700927734375,481.1049857223731,65.69916069675342,12.796754730319492,-0.10090120157931182,12.897655931898804,16.00017953281,299704392.0,-0.011718240899110426
2020-07-22 00:00:00+05:30,528.4447773933167,531.229730106852,518.720673499226,522.8052368164062,24718012,0.0,0.0,505.348161315918,482.74028968684496,62.44772208439976,13.031288657202936,0.10690618024330512,12.92438247695963,15.75080389213051,274986380.0,-0.010671958202953349
2020-07-23 00:00:00+05:30,522.1785292860216,530.9511399100261,518.117140724908,524.6849975585938,20149122,0.0,0.0,507.7072463989258,484.38518019161944,63.10054867799916,13.216488019155634,0.23368443375680314,12.98280358539883,15.542453159859573,295135502.0,0.004800021701388804
2020-07-24 00:00:00+05:30,521.2038282082018,521.2038282082018,511.1547807773777,519.4400024414062,19598440,0.0,0.0,509.1612258911133,485.7598791033758,59.96792813332979,12.792567817386725,-0.15218861440968467,12.94475643179641,15.398717160541047,275537062.0,-0.0033841381650231567
2020-07-27 00:00:00+05:30,510.5049445643752,511.9670558291599,499.1330561982696,501.059326171875,37970094,0.0,0.0,509.2412902832031,486.35985741978755,50.5052831301652,10.848387582905616,-1.677095079112636,12.525482662018252,15.749315890576822,237566968.0,-0.018502501284410364
2020-07-28 00:00:00+05:30,500.8272870532229,507.9753430753251,491.7761915040682,504.3781127929688,35596450,0.0,0.0,509.72401580810555,487.0664556697162,51.97871417380405,9.466287613038617,-2.4473560391837097,11.913643652222326,15.781447941514813,273163418.0,0.007089920680317399
2020-07-29 00:00:00+05:30,501.7555550822518,505.2367453349039,489.9427388222515,494.1433410644531,33592086,0.0,0.0,509.2598571777345,487.34398058715686,47.30206702169775,7.459118808012931,-3.563619875367518,11.02273868338045,15.746629759938068,239571332.0,-0.015171160420039268
2020-07-30 00:00:00+05:30,498.5064601469166,502.9856030807952,485.8349045573946,487.6683654785156,26956266,0.0,0.0,508.360548400879,487.3567015632886,44.56997027333876,5.285024184023314,-4.590171599485709,9.875195783509023,15.846922891209658,212615066.0,-0.02174113183048187
2020-07-31 00:00:00+05:30,490.9406549816269,490.9406549816269,473.465096189367,479.3831481933594,37726696,0.0,0.0,507.4055419921876,487.0440131958404,41.28410831223163,2.8605164851127256,-5.611743438717038,8.472259923829764,15.963256725431945,174888370.0,-0.023541555727748905
2020-08-03 00:00:00+05:30,476.2036147815679,476.6677735002633,460.9096076645537,465.0870361328125,31783542,0.0,0.0,505.061541748047,486.18295527180015,36.309831712548885,-0.21205565402163984,-6.947452462281124,6.735396808259484,16.1425665735009,143104828.0,-0.023344171072398383
2020-08-04 00:00:00+05:30,467.87198420474766,492.4956266723802,465.5511906323035,483.4909362792969,60306168,0.0,0.0,503.5878402709962,486.07738589954516,45.4259475313189,-1.1488075387633216,-6.307363477618244,5.1585559388549225,16.94729866594991,203410996.0,0.03338296072823657
2020-08-05 00:00:00+05:30,486.415112223065,490.0588035349992,473.4418985493645,476.9463195800781,33221360,0.0,0.0,501.66622314453133,485.7193048674092,43.065337109242016,-2.391715817187901,-6.040217404834259,3.6485015876463582,16.923698679064202,170189636.0,-0.019466485323023034
2020-08-06 00:00:00+05:30,481.3325622661844,489.6874186989629,476.3428563410528,483.0499267578125,33646888,0.0,0.0,499.7109527587892,485.6146233729152,45.88949488510827,-2.851350895026769,-5.199881986138502,2.3485310911117327,16.668041675853853,203836524.0,0.003567937484932394
2020-08-07 00:00:00+05:30,480.3345958304419,486.0669441626031,473.7203346794879,484.5120239257813,24836784,0.0,0.0,498.28946533203134,485.57138417890997,46.57316406354729,-3.0623352885380086,-4.328693103719793,1.2663578151817845,16.359363004821702,228673308.0,0.008696912801204987
2020-08-10 00:00:00+05:30,484.5816986902988,493.86487299471065,484.4888896112544,487.6683654785156,22172854,0.0,0.0,497.6025161743165,485.6536187396788,48.09771974868727,-2.9409501135661458,-3.3658463429983443,0.4248962294321984,15.86054275749722,250846162.0,0.006369755185883575
2020-08-11 00:00:00+05:30,486.6703875756653,497.1139581244993,486.6703875756653,495.0948791503906,20136148,0.0,0.0,497.7835388183595,486.0238642459812,51.59747392080693,-2.21990422643222,-2.1158403646915347,-0.10406386174068533,15.47361082862909,270982310.0,0.017310466775452865
2020-08-12 00:00:00+05:30,494.3290454656564,494.7932041937931,486.4383470873313,493.7256164550781,20666432,0.0,0.0,498.02838134765636,486.32589374437714,50.9157791380258,-1.738913114184868,-1.3078794019553461,-0.43103371222952186,14.986670387935483,250315878.0,-0.0012207031250001774
2020-08-13 00:00:00+05:30,495.69825833958834,497.2764092431148,490.3836639171215,491.5672912597656,19892740,0.0,0.0,497.94715118408214,486.5314387449806,49.79892543300366,-1.5144256416606368,-0.8667135435448918,-0.6477120981157449,14.408526000479526,230423138.0,-0.00833363242723501
2020-08-14 00:00:00+05:30,494.74678176699234,494.74678176699234,476.8302668406277,480.1489562988281,20924512,0.0,0.0,496.4618438720704,486.28114531571975,44.26679335229012,-2.2321510587416924,-1.2675511685007579,-0.9645998902409345,14.659099408131858,209498626.0,-0.029505650175283525
2020-08-17 00:00:00+05:30,485.9741861624569,485.9741861624569,473.5347379706214,479.3599243164063,19561012,0.0,0.0,494.13408813476565,486.0097248843741,43.90383935735642,-2.831976645551208,-1.4939014042482188,-1.3380752413029893,14.500551265128752,189937614.0,-0.013610315186246287
2020-08-18 00:00:00+05:30,477.1551440302591,492.7740956313425,474.3701918277479,490.3836669921875,24040824,0.0,0.0,492.22987365722656,486.181252025857,50.06418150578952,-2.390265348880348,-0.841752086061887,-1.548513262818461,14.77936481841705,213978438.0,0.027723735408560282
2020-08-19 00:00:00+05:30,494.3290431614587,496.5570277101304,490.2676543091932,495.0716857910156,17715624,0.0,0.0,490.843196105957,486.52989648723576,52.45539262656704,-1.6429827439025644,-0.07557558486728255,-1.5674071590352818,14.172931492331381,231694062.0,0.0015023244938379568
2020-08-20 00:00:00+05:30,489.6642019681991,496.162423822174,488.29495645582506,491.5440673828125,19216734,0.0,0.0,489.18614959716797,486.7265306400035,50.495920971120896,-1.3201869264814832,0.19777618604303915,-1.5179631125245223,13.722537495821168,212477328.0,0.003839090966946932
2020-08-21 00:00:00+05:30,494.5146362298889,505.3759599540503,494.1432866465021,503.9138488769531,28924302,0.0,0.0,488.4098419189453,487.4005431198839,56.615833476675775,-0.06547615915195593,1.1619895626980532,-1.2274657218500091,13.730348632250822,241401630.0,0.019006945312524098
2020-08-24 00:00:00+05:30,504.0763743441337,521.2270165346599,503.913930122708,518.488525390625,36779740,0.0,0.0,489.2813018798828,488.6196796795208,62.49850253899795,2.08095776687378,2.6467387909790316,-0.5657810241052512,13.986266090564115,278181370.0,0.02859120518243555
2020-08-25 00:00:00+05:30,519.3936784102884,523.1069486759562,513.4524233212168,519.7185668945312,27601738,0.0,0.0,490.04832458496094,489.8392438840311,62.95504144803507,3.8370451192925543,3.5222609147182444,0.31478420457430994,13.676854001885753,305783108.0,0.0006255148989052158
2020-08-26 00:00:00+05:30,520.3219330821748,525.3116393985293,514.9841077204933,519.1383056640625,25190062,0.0,0.0,491.2980728149414,490.9882266989343,62.56807753117201,5.122881378508623,3.8464777391474505,1.2764036393611726,13.437615231155537,280593046.0,-0.0022747982409678778
2020-08-27 00:00:00+05:30,522.5499266355723,524.4529661174673,513.4756007004362,516.19091796875,20645996,0.0,0.0,492.7242004394531,491.9765675330447,60.5327751722358,5.836803288199917,3.6483197190709955,2.1884835691289215,13.26188210444875,259947050.0,-0.01216918870846404
2020-08-28 00:00:00+05:30,516.1213041532195,522.1785985605233,508.2538359322426,517.304931640625,38696610,0.0,0.0,494.6202896118164,492.96983671373414,61.04852368661175,6.418494726447193,3.3840089258546167,3.0344858005925763,13.309230962765673,298643660.0,0.002293312595083476
2020-08-31 00:00:00+05:30,524.2673584677373,533.2256458669576,510.8995625200941,517.9315795898438,38501166,0.0,0.0,497.262516784668,493.9487285912287,61.35445128636607,6.851079652915473,3.0532750818583168,3.7978045710571564,13.953294998401333,337144826.0,-0.012085014974823028
2020-09-01 00:00:00+05:30,523.5710432295431,530.8119080273132,514.2878687041965,523.2461547851562,28877884,0.0,0.0,499.2502777099609,495.09764726550037,63.94109652900858,7.535879201735554,2.990459704542718,4.545419497192836,14.13692042723384,366022710.0,-0.0006205240885416808
2020-09-02 00:00:00+05:30,521.760720075972,528.6766951994289,520.1825693553188,526.425537109375,19761682,0.0,0.0,501.72423858642577,496.32619196526014,65.43174003817003,8.240150039902744,2.955784434167926,5.284365605734818,13.733861970995019,385784392.0,0.008940529353615874
2020-09-03 00:00:00+05:30,527.8645108341852,531.9026690840187,523.5710426212012,524.9171142578125,19833362,0.0,0.0,503.8175979614258,497.44740460418376,64.0783052802627,8.577694314810515,2.6346629672605566,5.943031347549958,13.347986494582665,365951030.0,-0.0055836232894591895
2020-09-04 00:00:00+05:30,515.2161990231322,522.3642549181562,512.616921423124,519.5328979492188,23661370,0.0,0.0,505.56864166259766,498.31350238242044,59.35858284094432,8.314890445009326,1.8974872779674934,6.417403167041832,13.273143818073356,342289660.0,0.008378422367680207
2020-09-07 00:00:00+05:30,518.1403853419878,519.6256705348097,510.1104170770486,515.4482421875,17615466,0.0,0.0,506.9576354980469,498.9854529630118,55.989368379031106,7.688391905683147,1.0167909909130515,6.671600914770096,13.00472217143926,324674194.0,-0.005195779427057953
2020-09-08 00:00:00+05:30,517.072801181584,519.3007856460068,511.9670553889472,516.3533325195312,14624918,0.0,0.0,508.0205581665039,499.6665462789538,56.57750878336408,7.182129408131686,0.40842279468927245,6.773706613442414,12.59965004997993,339299112.0,-0.0013914262370960482
2020-09-09 00:00:00+05:30,511.0387876330583,515.2162164147999,506.51323978617154,508.9500732421875,15728872,0.0,0.0,508.7817810058594,500.0306061598649,50.61881453678673,6.113063982989729,-0.5285141043621477,6.641578087351877,12.402538239031939,323570240.0,-0.0040871934604904256
2020-09-10 00:00:00+05:30,511.9670774798053,512.8257597954367,503.1480616392647,506.1883239746094,15188088,0.0,0.0,509.51283264160156,500.2720852898549,48.564022365137,4.9855020817414015,-1.324860804488381,6.3103628862297825,12.207906278204904,308382152.0,-0.011287353736967357
2020-09-11 00:00:00+05:30,508.9267547949752,512.8256989836071,497.1139392207214,500.6647644042969,20794730,0.0,0.0,510.538623046875,500.2874844708134,44.65932346414762,3.604643964536251,-2.1645751373548254,5.769219101891077,12.458182155580003,287587422.0,-0.016234144329878488
2020-09-14 00:00:00+05:30,505.0046626603864,507.7896148441753,488.457393769708,491.0566711425781,21650590,0.0,0.0,511.1234603881836,499.92549179127474,38.81334953475215,1.7152389234602197,-3.2431841427446857,4.958423066204905,12.94918608039477,265936832.0,-0.02761953017290895
2020-09-15 00:00:00+05:30,495.7214393099019,499.50434364787,491.1262573326152,496.8818359375,16505110,0.0,0.0,511.44836883544923,499.80613273818557,43.6310558712809,0.6800744569874269,-3.4226788873739826,4.1027533443614095,12.627648700269784,282441942.0,0.0023408239700375196
2020-09-16 00:00:00+05:30,496.7426412469088,508.7179589295049,495.88395894385445,507.627197265625,18710112,0.0,0.0,512.0761444091797,500.1128411510264,51.255478282403885,0.7184778503764164,-2.7074203951879943,3.4258982455644107,12.642388107431028,301152054.0,0.021911861625960052
2020-09-17 00:00:00+05:30,503.1481077017064,507.7896954111317,500.3631550760512,502.9624328613281,18318686,0.0,0.0,512.6470626831054,500.22458984554805,48.20708302891833,0.3682602391517662,-2.4461104051301157,2.814370644281882,12.269826856720037,282833368.0,-0.00036902621223483013
2020-09-18 00:00:00+05:30,506.8613517765368,506.9541608619451,486.0670172447802,490.7550659179688,23481778,0.0,0.0,511.98912353515624,499.85323596603513,41.286863851100286,-0.8841305256842702,-2.958800935972922,2.0746704102886517,12.885350549520233,259351590.0,-0.03177651206215639
2020-09-21 00:00:00+05:30,489.68742998087686,497.2764134168274,483.4212875119273,487.041748046875,19842878,0.0,0.0,510.4167846679687,499.35082467508767,39.43252786346115,-2.1514918892677883,-3.380929839645152,1.2294379503773638,12.954620329268309,239508712.0,-0.005402797319312802
2020-09-22 00:00:00+05:30,489.2465375649138,491.1495770474799,477.8514179502775,480.5899658203125,18620678,0.0,0.0,508.4603546142578,498.61510471999844,36.375575571003054,-3.6345924869091277,-3.8912243498291934,0.25663186292006557,12.979158849371442,220888034.0,-0.017693680138620795
2020-09-23 00:00:00+05:30,485.5100115723472,489.68743997019726,480.1025512586861,486.0902099609375,16079828,0.0,0.0,506.8079498291016,498.1239323765058,40.60308769704276,-4.316380117867084,-3.6584095846297195,-0.6579705332373643,12.736710645864742,236967862.0,0.001195028680688384
2020-09-24 00:00:00+05:30,481.79672929996633,485.9741575886944,475.7626662162481,478.2691345214844,19809510,0.0,0.0,504.91186065673827,497.3453128527795,36.853300866998,-5.425258153042762,-3.813830095844318,-1.6114280571984438,12.564627073990588,217158352.0,-0.007321749119400262
2020-09-25 00:00:00+05:30,487.3666785229211,488.2717654047484,476.0644245006044,484.5817260742188,20321544,0.0,0.0,503.275700378418,496.844780037934,41.5456493390642,-5.728642379779387,-3.2937714580647546,-2.4348709217146327,12.539106602744594,237479896.0,-0.005714285714285523
2020-09-28 00:00:00+05:30,486.8792677886698,491.544085599292,483.9551018420112,489.3161010742188,16152422,0.0,0.0,501.84492645263674,496.54953772563147,44.85530628480491,-5.523381960501524,-2.470808831029513,-3.052573129472011,12.185526006561018,253632318.0,0.005005005237985892
2020-09-29 00:00:00+05:30,491.0799495887716,496.6034499567896,487.8308383911144,493.19189453125,12644446,0.0,0.0,500.3422134399414,496.41786544349884,47.47709409547776,-4.990440764090465,-1.550294107694763,-3.440146656395702,11.941746152077632,266276764.0,0.0043006132590974406
2020-09-30 00:00:00+05:30,492.0081704267289,504.4940494799338,488.2949012159612,500.6415100097656,18813842,0.0,0.0,499.0530120849609,496.5834985637446,52.18290936324532,-3.9217518026435414,-0.38528411699827103,-3.5364676856452704,12.245846594321712,285090606.0,0.01754714677918632
2020-10-01 00:00:00+05:30,505.97947302497874,515.2162440475626,505.97947302497874,513.800537109375,21203080,0.0,0.0,498.49718322753904,497.2586765459262,59.14590784698666,-1.9900445935338666,1.2371384736891229,-3.2271830672229895,12.41219584544026,306293686.0,0.015457275445658548
2020-10-05 00:00:00+05:30,516.1444678929383,525.4276417759048,515.68030919879,517.2352294921875,16940126,0.0,0.0,498.3822998046875,498.0420707791129,60.752387196996686,-0.17992764881000767,2.4378043347303855,-2.617731983540393,12.356117857756852,323233812.0,0.0021132873974257435
2020-10-06 00:00:00+05:30,526.8434037209843,532.8542367767205,522.7355535188758,531.0440063476562,19371990,0.0,0.0,499.16208801269534,499.33626433082054,66.46224866568915,2.341860449045953,3.967673946069077,-1.6258134970231242,12.589181567047987,342605802.0,0.007973152168185093
2020-10-07 00:00:00+05:30,531.4153628987019,540.6753072744033,528.0269813680424,539.468505859375,21248778,0.0,0.0,500.3178466796875,500.91007772409716,69.38824719885172,4.962972333497021,5.271028664416116,-0.3080563309190951,12.593406165722811,363854580.0,0.015154140288202715
2020-10-08 00:00:00+05:30,547.7073520576089,558.3830038350029,539.9790971563201,553.1844482421875,35060674,0.0,0.0,502.5295654296875,502.9600530385321,73.44965467419146,8.054141181385319,6.689758009843531,1.3643831715417878,13.044913022252487,398915254.0,0.010000041379766839
2020-10-09 00:00:00+05:30,557.4545998997353,574.1643131356973,553.1147273773946,572.56298828125,44972388,0.0,0.0,505.84829864501955,505.68957991079554,77.90910869843256,11.930078473514982,8.452556241578556,3.477522231936427,13.616675711755867,443887642.0,0.027102455310678456
2020-10-12 00:00:00+05:30,571.6347471335145,576.8333026141744,559.5897932398345,563.3262939453125,19220546,0.0,0.0,508.9813751220703,507.94984320626685,71.72519453918719,14.093995852532998,8.493178896477257,5.600816956055741,13.875735406848191,424667096.0,-0.014534548905336888
2020-10-13 00:00:00+05:30,563.210264759942,567.4108676466832,554.6697320309784,556.2710571289062,18353952,0.0,0.0,512.2420944213867,509.84479277186057,67.32918827798662,15.065946464956028,7.572103607120228,7.4938428578358,13.794692521699522,406313144.0,-0.012320811720279018
2020-10-14 00:00:00+05:30,554.9249989376228,563.6279752289787,545.6185936260656,562.3283081054688,22582918,0.0,0.0,515.5144180297851,511.9029698437668,69.08127958822487,16.13895404301934,6.916088948146832,9.222865094872507,14.095741889846899,428896062.0,0.01334109867463026
2020-10-15 00:00:00+05:30,563.5815024000599,564.881169496756,540.2807570207264,542.7175903320312,28246896,0.0,0.0,517.2689376831055,513.1113863335027,58.1991043255309,15.2313220491136,4.806765563392874,10.424556485720727,14.846075845812425,400649166.0,-0.0370202215281692
2020-10-16 00:00:00+05:30,547.7072612677257,558.6149906234813,544.4581503957985,556.688720703125,25822848,0.0,0.0,519.9552520751953,514.8203014068212,62.70636612833232,15.461144168401688,4.0292701461447695,11.431874022256919,14.92117048091728,426472014.0,0.016398284394862274
2020-10-19 00:00:00+05:30,573.2360135654185,573.2360135654185,553.555672698865,558.6382446289062,42359556,0.0,0.0,523.3494110107422,516.5386521214127,63.30101817778811,15.620526436357522,3.3509219312804834,12.269604505077039,15.261111356608614,468831570.0,-0.02546554750759099
2020-10-20 00:00:00+05:30,560.471667209556,569.708437280662,559.729024572583,568.1070556640625,27411978,0.0,0.0,527.4026763916015,518.5609424564186,66.12618376657731,16.322733635579084,3.242503304401634,13.08023033117745,14.961759911090406,496243548.0,0.013623147968426511
2020-10-21 00:00:00+05:30,571.1937425197208,580.6625922870986,567.0627183409134,578.6666870117188,35640752,0.0,0.0,532.3065124511719,520.9180304781951,68.99292614471366,17.529245666855445,3.559212268542394,13.970033398313051,14.864482309139904,531884300.0,0.013083029339628937
2020-10-22 00:00:00+05:30,575.533631910977,580.1984501138946,567.6661635914345,572.447021484375,21913060,0.0,0.0,536.6243530273438,522.9387752235355,65.47794855123522,17.778599487846805,3.046852871627003,14.731746616219802,14.697896843284868,509971240.0,-0.005363040933599861
2020-10-23 00:00:00+05:30,577.1814216854474,579.4789848978771,571.4722462375844,573.607421875,15866230,0.0,0.0,541.3912673950196,524.9257809745733,65.82774640150282,17.8639245982705,2.5057423856405574,15.358182212629943,14.21995683315022,525837470.0,-0.006192160170385993
2020-10-26 00:00:00+05:30,570.8223538288834,576.4850669269705,559.1255213734993,562.0497436523438,19571976,0.0,0.0,545.2646682739257,526.3816226482114,59.374638388240285,16.8052172385527,1.1576280207382048,15.647589217814495,14.444213231279441,506265494.0,-0.015368371819526534
2020-10-27 00:00:00+05:30,569.0585495995418,573.7001364641384,555.9924712437032,572.3540649414062,24317780,0.0,0.0,549.4165664672852,528.1844635224544,62.86945761369006,16.606230353131423,0.7669129082535413,15.839317444877882,14.677317003632806,530583274.0,0.005791170951009413
2020-10-28 00:00:00+05:30,569.9868814778581,571.8435162709457,557.6866759736536,561.4463500976562,16571186,0.0,0.0,552.8292892456054,529.4888512312858,57.254621411659635,15.390953058178866,-0.3586915093592147,15.74964456753808,14.676607858046575,514012088.0,-0.014983733236207162
2020-10-29 00:00:00+05:30,557.2689323422964,559.0559320324072,547.0110362486738,551.0491943359375,23060024,0.0,0.0,555.3496734619141,530.3343548824487,52.446460236395936,13.434014512102522,-1.8525040443484482,15.28651855645097,14.659372567933488,490952064.0,-0.011161106685449399
2020-10-30 00:00:00+05:30,548.8908218292293,556.6654790412015,546.0130042682067,549.35498046875,11522716,0.0,0.0,557.1273956298828,531.080261768186,51.68478549563733,11.612555405263038,-2.939170520950345,14.551725926213383,14.373165524735677,479429348.0,0.0008456301709944711
2020-11-02 00:00:00+05:30,554.3679197095495,568.5943948808116,546.546857120127,564.06884765625,21926080,0.0,0.0,559.4690765380859,532.373931803012,57.462646862676195,11.226905277764672,-2.6598565187589696,13.886761796523642,14.921335073037074,501355428.0,0.017499078864056807
2020-11-03 00:00:00+05:30,569.2674141361595,580.5464931940137,568.8264860357896,579.246826171875,28164230,0.0,0.0,561.8792175292969,534.2120845233596,62.450961223228575,12.007594714415404,-1.5033336656865917,13.510928380101996,15.032500125604292,529519658.0,0.017530270990232067
2020-11-04 00:00:00+05:30,581.1266495486049,587.067903134505,570.9151589015846,583.6331176757812,23404822,0.0,0.0,564.0874481201172,536.1501642548271,63.7731168056144,12.832310891995576,-0.5428939904851369,13.375204882480713,15.112517574789564,552924480.0,0.00431311854158351
2020-11-05 00:00:00+05:30,587.6249442402565,592.2665314775413,581.2891663293626,589.1102294921875,21433928,0.0,0.0,565.8837371826172,538.227029558253,65.41091940971212,13.769139484947004,0.31514768197303233,13.453991802973972,14.81714949993497,574358408.0,0.0025276075607228777
2020-11-06 00:00:00+05:30,587.7409712405466,608.0479149655409,587.3928522052611,606.9571533203125,35705724,0.0,0.0,567.6034454345703,540.9223285293142,70.14696169130399,15.76989496161184,1.8527225269102932,13.917172434701547,15.234143362427783,610064132.0,0.03269498472976321
2020-11-09 00:00:00+05:30,610.4614979666161,624.734377953988,610.4614979666161,622.2279663085938,26288440,0.0,0.0,570.5485290527344,544.1107849128153,73.49156156948537,18.375909035424456,3.5669892805783263,14.80891975484613,15.415792048194534,636352572.0,0.01927471000410434
2020-11-10 00:00:00+05:30,629.8633883316147,647.5014198397955,627.3337459503626,646.8748168945312,41517356,0.0,0.0,575.0787170410156,548.140746951314,77.81224918560342,22.17437641594597,5.8923653288798725,16.2820110870661,16.119910810263036,677869928.0,0.02700812410763625
2020-11-11 00:00:00+05:30,649.7757615952503,656.6917374096572,636.1294847744736,645.1573486328125,36116194,0.0,0.0,579.2201690673828,551.9453195662747,76.87198736165806,24.760678161391866,6.78293365946061,17.977744501931255,16.437220976062562,641753734.0,-0.007107702742095554
2020-11-12 00:00:00+05:30,639.3322009728687,644.5075817796001,631.2558283081038,636.6864624023438,27053948,0.0,0.0,583.9186126708985,555.2685016382774,72.23562791034226,25.829069765092527,6.2810602105290165,19.54800955456351,16.25609948217729,614699786.0,-0.004138284551441228
2020-11-13 00:00:00+05:30,635.3405009374085,635.3405009374085,625.2218178216541,630.6989135742188,22472480,0.0,0.0,587.6191223144531,558.2265570083143,69.06481410995626,25.894141117713048,5.07690525051963,20.817235867193418,15.913852670532677,592227306.0,-0.007305668938689305
2020-11-14 00:00:00+05:30,634.8763224673437,638.1950120008685,633.6694644624253,635.7581787109375,1835066,0.0,0.0,591.4751190185547,561.2670127613584,70.25300296014568,26.053621121496235,4.189108203442252,21.864512918053983,15.3125844564751,594062372.0,0.0013890205263390686
2020-11-17 00:00:00+05:30,643.2311740953285,655.6705937422494,640.8175147656275,653.7443237304688,31059900,0.0,0.0,595.756982421875,564.8935739758333,74.06654437586567,27.31645467449141,4.361553405149941,22.95490126934147,15.641143810537896,625122272.0,0.016344278788922948
2020-11-18 00:00:00+05:30,651.214669581727,658.6412089354744,649.38126534277,653.8603515625,18862776,0.0,0.0,599.5166656494141,568.3824672145262,74.08962076621935,28.0038113345272,4.03912805214858,23.96468328237862,15.185343759825608,643985048.0,0.004062687934337125
2020-11-19 00:00:00+05:30,645.0413286850716,649.5668760518798,634.9691074660207,637.91650390625,20266882,0.0,0.0,602.7901397705078,571.109292182829,65.46864400848848,26.95133299206782,2.38931976775136,24.56201322431646,15.45005094568629,623718166.0,-0.011045532219378325
2020-11-20 00:00:00+05:30,637.1274380126305,653.7211112023238,633.5998432959117,651.516357421875,20405362,0.0,0.0,606.6855865478516,574.2625104274975,68.80317859972581,26.904492599739797,1.873983500338671,25.030509099401126,15.783709322211818,644123528.0,0.022584052343009083
2020-11-23 00:00:00+05:30,656.7845840142858,660.7995682450303,638.3806795683873,647.3157348632812,25246636,0.0,0.0,610.9488861083985,577.1273427583127,66.66194672593171,26.226097984555167,0.9564711081232318,25.269626876431936,16.25765073393666,618876892.0,-0.014416978384496555
2020-11-24 00:00:00+05:30,653.5354690574409,670.7093414687515,650.7737473742163,667.5530395507812,40154400,0.0,0.0,615.7088348388672,580.6734485148801,71.29655391543118,27.01009120431604,1.3923714623072811,25.61771974200876,16.7673618968437,659031292.0,0.0214488289572977
2020-11-25 00:00:00+05:30,673.6335224009398,679.7139898442138,648.4296831340916,651.121826171875,24152602,0.0,0.0,620.1926086425781,583.436129991625,63.56935410993613,26.005771534821974,0.3104414342505706,25.695330100571404,17.804286581572445,634878690.0,-0.03341831349014437
2020-11-26 00:00:00+05:30,656.7846169846678,664.6753155632822,643.78817226695,662.1920776367188,27943126,0.0,0.0,625.7497528076171,586.5245985267267,66.22529101059658,25.80564630908259,0.08825296680894468,25.717393342273645,18.02449064351356,662821816.0,0.008233232801457682
2020-11-27 00:00:00+05:30,664.5824786304498,671.173509797099,657.0398994228406,668.7830810546875,17994580,0.0,0.0,631.721157836914,589.7504213709605,67.73356619047901,25.880549652069703,0.13052504783684427,25.75002460423286,17.746570611522184,680816396.0,0.006320663814210297
2020-12-01 00:00:00+05:30,668.7830507079586,672.5659554401217,661.6582260040673,665.2786865234375,17147574,0.0,0.0,636.7816497802735,592.7123141220379,66.04478402696142,25.3647467285316,-0.30822230056100963,25.67296902909261,17.258081935307732,663668822.0,-0.0052399117782836995
2020-12-02 00:00:00+05:30,664.211135707279,664.5824853514091,647.4086125204033,653.048095703125,17892150,0.0,0.0,640.471713256836,595.0784232036492,60.38597663144019,23.69591101954063,-1.581646407641582,25.277557427182213,17.30179565616143,645776672.0,-0.01680646319226065
2020-12-03 00:00:00+05:30,663.2828247454224,664.675300934531,637.7773252122494,639.2393798828125,37933222,0.0,0.0,643.2520263671875,596.8102254263615,54.68861422755085,21.01682980296107,-3.4085820993769183,24.425411902337988,17.987237114650394,607843450.0,-0.036249159431857976
2020-12-04 00:00:00+05:30,641.0031260695799,650.4951482485387,637.429126958968,643.1382446289062,26912322,0.0,0.0,645.9534271240234,598.627010493128,55.95227582117138,18.98934706540956,-4.348851869542742,23.338198934952302,17.63572168657558,634755772.0,0.0033309019449221087
2020-12-07 00:00:00+05:30,638.218270036166,640.5158331442952,630.3739759669937,636.9418334960938,24316318,0.0,0.0,647.4526611328125,600.1295525716756,53.403229641010945,16.690160020375174,-5.318431131661704,22.008591152036878,17.28776074521444,610439454.0,-0.0019999999999999
2020-12-08 00:00:00+05:30,638.2182262864035,644.6236391487683,633.6462743246425,638.8216552734375,19457896,0.0,0.0,648.2823455810546,601.6468899325291,54.08660682048415,14.848558687895661,-5.728025971312974,20.576584659208635,16.837018166157236,629897350.0,0.0009454900568183241
2020-12-09 00:00:00+05:30,639.146612678831,654.4870823646452,638.241525760608,653.1641845703125,22069074,0.0,0.0,648.5968139648437,603.667175996756,59.02430699457271,14.380627688263303,-4.956765576756268,19.33739326501957,16.794770910565575,651966424.0,0.021931700197440042
2020-12-10 00:00:00+05:30,648.8938731245622,650.7505079546754,638.5663418820576,643.2543334960938,19727966,0.0,0.0,648.5016632080078,605.2196135457497,54.65100429645666,13.059603854274428,-5.022231528596116,18.081835382870544,16.6378474621328,632238458.0,-0.008691004588027445
2020-12-11 00:00:00+05:30,645.203896070171,647.5014592292409,637.2899666822565,641.8387451171875,21356384,0.0,0.0,648.75927734375,606.6556579211002,54.035105733046315,11.762861847512681,-5.055178828286291,16.818040675798972,16.178822100234775,610882074.0,-0.005215639541980602
2020-12-14 00:00:00+05:30,641.9314964175124,644.2522899692749,634.9691157622249,636.8953857421875,17222050,0.0,0.0,649.0691009521485,607.8415296003585,51.83810578634743,10.218504121730462,-5.27962924325481,15.498133364985271,15.686275811373287,593660024.0,-0.0078452462660431
2020-12-15 00:00:00+05:30,640.9103909981919,647.4781916376949,634.0408191950361,645.7840576171875,21561436,0.0,0.0,649.5703948974609,609.3294718755283,55.35325088338633,9.60115489501527,-4.717582775976002,14.318737670991272,15.52563985320146,615221460.0,0.007604287100736553
2020-12-16 00:00:00+05:30,651.6788554689873,657.6201098637591,647.2693475438055,654.7886962890625,16832092,0.0,0.0,649.6226135253906,611.112186558412,58.64608903386249,9.726380609789544,-3.6738856489613827,13.400266258750927,15.26209787632739,632053552.0,0.0047720449942129295
2020-12-17 00:00:00+05:30,658.4555438406807,670.7093452872716,651.9109172705695,669.2240600585938,21924478,0.0,0.0,650.3907989501953,613.3910835584192,63.316903880280144,10.865188970674694,-2.028061830460988,12.893250801135682,15.514692890779186,653978030.0,0.016354203892189615
2020-12-18 00:00:00+05:30,666.067758041388,668.2492813444923,652.74642554456,655.0903930664062,22995918,0.0,0.0,651.2494934082031,615.0263505979481,56.57874594513166,10.506125915345478,-1.909699908632163,12.415825823977642,15.583474436416237,630982112.0,-0.01648085325021781
2020-12-21 00:00:00+05:30,657.9450104888957,660.8924071403906,634.365723956933,637.1275024414062,23761824,0.0,0.0,650.5300506591797,615.8930624349464,49.38546941130382,8.67214363222024,-2.994945753405922,11.667089385626163,16.365132215869014,607220288.0,-0.03164019441688708
2020-12-22 00:00:00+05:30,642.7669945316412,642.7669945316412,624.2934554895859,637.3363037109375,22851558,0.0,0.0,650.0310791015625,616.7339738575342,49.46589599136418,7.153091589936935,-3.611198236551383,10.764289826488318,16.51573270556609,630071846.0,-0.008448926075709356
2020-12-23 00:00:00+05:30,634.7369928988649,640.9799044611848,631.7431920863014,638.5198974609375,15467394,0.0,0.0,648.5794219970703,617.5883238027657,49.95137532558682,5.97585212273566,-3.8307501630021275,9.806602285737787,15.995802675174202,645539240.0,0.005959798474634343
2020-12-24 00:00:00+05:30,644.9021357801125,651.6788417483447,639.1465563301073,648.4761352539062,14952188,0.0,0.0,648.4471374511719,618.7996105263398,53.9583308196781,5.779642425390421,-3.221567888277894,9.001210313668315,15.793169930740213,660491428.0,0.005541925317816469
2020-12-28 00:00:00+05:30,652.1429865577934,659.5695259064942,651.6788278484995,655.78662109375,11699194,0.0,0.0,648.1268646240235,620.2500815289834,56.6995896641984,6.143224667681352,-2.2863885167895717,8.429613184470924,15.457471407102267,672190622.0,0.005587171235542691
2020-12-29 00:00:00+05:30,659.5926742118315,665.9516250717821,659.1052849638827,662.4472045898438,14495346,0.0,0.0,647.8100708007812,621.904870668625,59.08951500438329,6.889402889475946,-1.2321682359959834,8.12157112547193,15.079438015369433,686685968.0,0.004327716922300849
2020-12-30 00:00:00+05:30,668.3421344010305,668.3421344010305,655.8562538346695,664.9073486328125,16216726,0.0,0.0,647.79150390625,623.5912423534951,59.968392401687254,7.591754549415441,-0.42385326084519015,8.015607810260631,14.894183910075004,702902694.0,-0.005139262649206302
2020-12-31 00:00:00+05:30,666.0677136230396,670.2451417921039,661.4493573667945,666.671142578125,22145750,0.0,0.0,648.47265625,625.2806502054414,60.62155931497332,8.196215856408003,0.1444864369178962,8.051729419490107,14.458583942960791,725048444.0,0.0009059573715157069
2021-01-01 00:00:00+05:30,668.3886136811601,669.7810899596626,659.3839224148436,661.449462890625,8810938,0.0,0.0,649.5831604003906,626.699035016625,57.62397489998301,8.159848234605533,0.0864950520923422,8.073353182513191,14.16848276924284,716237506.0,-0.010381910536024296
2021-01-04 00:00:00+05:30,667.4602716305835,667.4602716305835,649.358080675373,657.248779296875,15740192,0.0,0.0,650.288687133789,627.8970642040857,55.25683068597864,7.703268093411452,-0.29606807128139145,7.999336164692844,14.449461927561769,700497314.0,-0.015299026425591115
2021-01-05 00:00:00+05:30,658.7340196303235,664.0950754034686,653.999623444688,662.2152099609375,14386824,0.0,0.0,651.5523559570313,629.2428738416093,57.48073619464041,7.653944581707037,-0.2763132663886454,7.930257848095683,14.138461213267062,714884138.0,0.005284667600084848
2021-01-06 00:00:00+05:30,666.0677272159343,668.3885206905542,655.9026404650994,659.3606567382812,22134050,0.0,0.0,652.5793060302734,630.4239633669689,55.765079595745505,7.300362717661869,-0.5039161043470513,7.8042788220089205,14.020419713348529,692750088.0,-0.01006965238458196
2021-01-07 00:00:00+05:30,664.9073865575698,664.9537910989766,655.647442476842,657.3648071289062,19894842,0.0,0.0,652.7893371582031,631.4804670439077,54.53935640262313,6.7809317987284885,-0.8186776186243456,7.599609417352834,13.683700347600258,672855246.0,-0.011343804537521833
2021-01-08 00:00:00+05:30,664.6752005465175,669.3167871425128,660.5441771440833,664.5127563476562,13768764,0.0,0.0,653.8522583007813,632.7758509381723,58.092103313896324,6.866901451786589,-0.5861663724529969,7.453067824239586,13.56000603731631,686624010.0,-0.000244396358894882
2021-01-11 00:00:00+05:30,673.0300565722686,679.9460319338717,666.6711055983069,673.7030639648438,17331392,0.0,0.0,655.4454742431641,634.3808396843162,62.184109619481525,7.589131258239945,0.10885074720028687,7.480280511039658,13.69381100581098,703955402.0,0.0009999663254309959
2021-01-12 00:00:00+05:30,674.167313203769,690.5289081566685,672.6123928168411,687.4190673828125,20388156,0.0,0.0,657.9716583251953,636.4607701822965,67.31375845366144,9.162649114208193,1.3458948825348278,7.816754231673365,13.995432745454059,724343558.0,0.019656476841140014
2021-01-13 00:00:00+05:30,692.9425211088712,694.7991558728256,678.6464107624239,682.614990234375,16934650,0.0,0.0,659.8132049560547,638.2707395961035,64.03723738817828,9.907813369986343,1.672847310650381,8.234966059335962,14.149526486518598,707408908.0,-0.014903878113829342
2021-01-14 00:00:00+05:30,682.8470854780269,690.6681482712767,675.8150698138298,681.7330932617188,12297166,0.0,0.0,661.1604248046875,639.975145622206,63.426892765458454,10.308371209372922,1.658724120029568,8.649647089343354,14.199780198943111,695111742.0,-0.0016313933822069166
2021-01-15 00:00:00+05:30,681.8955279559303,683.0791552929835,670.7093147308274,680.7583618164062,14165236,0.0,0.0,661.7371398925782,641.5744874337433,62.71540315665749,10.426967906025425,1.4218566533456567,9.005111252679768,14.069070224366774,680946506.0,-0.0016676544909054992
2021-01-18 00:00:00+05:30,682.2669262766216,697.5609337149583,680.9208546321244,688.393798828125,42825632,0.0,0.0,663.402310180664,643.4105388609739,65.93862980708676,11.010154391163724,1.604034510787164,9.40611988037656,14.264320344672884,723772138.0,0.008980169367054026
2021-01-19 00:00:00+05:30,692.4320068234723,701.6455461588308,680.9208478093215,698.0250854492188,17360254,0.0,0.0,666.4471893310547,645.5522857860032,69.51824581984523,12.10990279925204,2.1630263351003833,9.946876464151657,14.7257759180302,741132392.0,0.008077440919296406
2021-01-20 00:00:00+05:30,696.7022085726741,696.7022085726741,689.7398280739465,692.5247802734375,13346052,0.0,0.0,669.2066131591797,647.3943443933535,65.2977843909884,12.394753671347189,1.958301765756426,10.436451905590763,14.265738877796107,727786340.0,-0.005996002664890093
2021-01-21 00:00:00+05:30,692.524828329317,693.6155900178086,681.454653900155,684.5413208007812,26333054,0.0,0.0,671.5076843261719,648.8510885661939,59.638317357813236,11.839819511536348,1.122694084756466,10.717125426779882,14.115395823055437,701453286.0,-0.011528117407422838
2021-01-22 00:00:00+05:30,681.3385689624952,681.3385689624952,668.4581650015672,670.0363159179688,15392364,0.0,0.0,672.585693359375,649.6818817956753,50.9909888007506,10.11302091121479,-0.48328361245207496,10.596304523666864,14.255950107452884,686060922.0,-0.016588306547414264
2021-01-25 00:00:00+05:30,680.0389249844047,687.4190599171355,675.4205684139849,678.9945678710938,20344718,0.0,0.0,673.7460906982421,650.8313988966721,55.30159801176931,9.359486312793706,-0.9894545686985268,10.348940881492233,14.47929252885931,706405640.0,-0.001535731374986998
2021-01-27 00:00:00+05:30,681.3850184841787,683.1952488707351,652.6768122458476,654.2781372070312,23556276,0.0,0.0,673.3376373291015,650.9665651049215,43.843446452101475,6.690768311623515,-2.9265380558949747,9.61730636751849,15.624945681289283,682849364.0,-0.039782032979606544
2021-01-28 00:00:00+05:30,645.1341966905399,650.4256172700302,622.9009833449608,636.5704345703125,42704446,0.0,0.0,671.9207916259766,650.4020109663095,37.800657994744384,3.11106404553675,-5.204993857585391,8.316057903122141,16.7501034109627,640144918.0,-0.013274388746028985
2021-01-29 00:00:00+05:30,645.8073043909884,653.8836784595982,633.3446525346028,645.4127807617188,28704502,0.0,0.0,670.8578735351563,650.206354879855,42.09262671178582,0.9763710654893885,-5.871749470106202,6.848120535595591,17.020740733946347,668849420.0,-0.000610899917958812
2021-02-01 00:00:00+05:30,654.5798552903665,688.1153238560315,650.2863869964925,685.4464111328125,26370544,0.0,0.0,672.0577209472656,651.5883178701671,56.67056048567643,2.4863300302064317,-3.4894324043113274,5.975762434517759,18.855155191737182,695219964.0,0.04715475979436284
2021-02-02 00:00:00+05:30,696.702163035338,732.6744599275689,695.031203156859,724.3428344726562,42420206,0.0,0.0,675.4124237060547,654.441436168304,65.7043591386646,6.743860653260526,0.6144785749942132,6.129382078266313,20.881790452664664,737640170.0,0.03967358349641906
2021-02-03 00:00:00+05:30,732.9066584206421,734.1598643682531,715.7327848541039,730.9572143554688,20237254,0.0,0.0,678.8495239257812,657.4420549207418,66.96565559861243,10.530322520626783,3.5207523538883754,7.009570166738407,20.7064539567697,757877424.0,-0.0026598804128403495
2021-02-04 00:00:00+05:30,726.8724746708542,737.0839653750425,716.4056740350638,732.9529418945312,24484684,0.0,0.0,682.5291381835938,660.4032661746159,67.35576067945642,13.536123359763565,5.221242554420126,8.314880805343439,20.704442341281567,782362108.0,0.008365246223459511
2021-02-05 00:00:00+05:30,718.5176571393598,751.124805339644,718.5176571393598,741.5399169921875,27054716,0.0,0.0,686.7378936767578,663.5850956184422,69.04935450634723,16.421838573603736,6.485566214608237,9.936272358995499,21.554635618123367,809416824.0,0.03204132789789244
2021-02-08 00:00:00+05:30,751.9371001584158,757.3445603897028,740.6580209920403,745.0907592773438,17447580,0.0,0.0,690.7667938232422,666.7813961540854,69.74827647978182,18.77884117615656,7.0740550537288485,11.704786122427713,21.20691445906376,826864404.0,-0.009104938271604976
2021-02-09 00:00:00+05:30,747.2955535233854,755.6504106435226,736.4806324760962,748.1542358398438,18421366,0.0,0.0,694.4893524169922,669.9724879064681,70.36994559908099,20.655871645522325,7.16086841847569,13.495003227046634,21.061404723769908,845285770.0,0.001149053158967463
2021-02-10 00:00:00+05:30,746.5297169314189,749.5467488173343,727.3367638814801,734.18310546875,19788006,0.0,0.0,696.8275543212891,672.4905513402831,63.91876481100997,20.776578887980577,5.825260528747153,14.951318359233424,21.14344616758283,825497764.0,-0.016538673789730885
2021-02-11 00:00:00+05:30,734.2990278238955,741.6327575925822,726.0369807001849,729.8198852539062,13648618,0.0,0.0,699.1877990722656,674.7387605133664,62.00692089145066,20.286316808517427,4.267998759427201,16.018318049090226,20.747184076082757,811849146.0,-0.006099889010153285
2021-02-12 00:00:00+05:30,730.5394351326369,739.1727761627257,730.1216809444065,734.27587890625,9910106,0.0,0.0,701.8149383544921,677.0735494699501,63.216944858777175,20.026489125267403,3.206536860941739,16.819952264325664,19.93330599191458,821759252.0,0.005114636656041358
2021-02-15 00:00:00+05:30,742.7003895684776,754.2579535424517,741.1222385182961,750.3590087890625,10355244,0.0,0.0,705.294970703125,679.9474890510918,67.26886797057877,20.877683049267148,3.246184627953184,17.631498421313964,19.936789466509666,832114496.0,0.010311855666367305
2021-02-16 00:00:00+05:30,752.4940438251291,761.6844085298904,746.5760205413045,755.0237426757812,13897358,0.0,0.0,708.6264678955079,682.8916558599032,68.35760678956072,21.678766085537745,3.237814131379025,18.44095195415872,19.591903646368507,846011854.0,0.0033617526562642478
2021-02-17 00:00:00+05:30,751.9370100260006,752.7725182566927,734.7631400439253,736.3876953125,12794426,0.0,0.0,710.5445983886718,684.989539760005,59.799600861614785,20.572707522746896,1.7054044548705392,18.867303067876357,19.639667859654832,833217428.0,-0.020679012345679
2021-02-18 00:00:00+05:30,745.4157092697425,745.4157092697425,718.5177328269467,721.4419555664062,14720560,0.0,0.0,711.9904571533203,686.4190462622169,53.96457496853339,18.27943787103993,-0.4702921574691423,18.749730028509074,20.15811847311152,818496868.0,-0.032161589037105844
2021-02-19 00:00:00+05:30,717.1251441609091,726.03696794862,711.5552401285914,714.3865966796875,17139508,0.0,0.0,713.4827209472656,687.515812945255,51.414144466450516,15.711583299724566,-2.430517383027606,18.142100682752172,19.752661997618848,801357360.0,-0.0038187860285194054
2021-02-22 00:00:00+05:30,717.1483937133518,730.5393603463208,714.5490597682387,718.5176391601562,29451838,0.0,0.0,715.906787109375,688.7315708360354,52.82014840625729,13.850223895572185,-3.433501429743991,17.283725325316176,19.495526402388002,830809198.0,0.0019092916595889072
2021-02-23 00:00:00+05:30,721.1866036066522,723.0200078673483,706.7512788986412,709.768310546875,18239906,0.0,0.0,717.4454742431641,689.5565410207743,49.549628218938814,11.536104428631916,-4.59809671734741,16.134201145979326,19.265040871277247,812569292.0,-0.015832647199316124
2021-02-24 00:00:00+05:30,708.5382984646396,749.1289565741295,703.7806715014805,745.6477661132812,14314332,0.0,0.0,722.0139556884766,691.7561969067549,60.38282281366456,12.453761080302115,-2.9443520525417686,15.398113132843884,21.128129743806205,826883624.0,0.05237468140967908
2021-02-25 00:00:00+05:30,747.1794319581502,759.4796369259346,743.5822022034208,745.62451171875,20109570,0.0,0.0,727.4666595458984,693.8686798405587,60.37377415148958,13.028944589821322,-1.8953348344180512,14.924279424239373,20.754508670670088,806774054.0,-0.002081053322526792
2021-02-26 00:00:00+05:30,736.6431698130624,737.5018521720139,705.9854615883063,712.2052001953125,27912846,0.0,0.0,730.8062805175781,694.5877590701568,49.00765869647105,10.665180954784887,-3.4072787755635883,14.072459730348475,22.103404489851123,778861208.0,-0.033174772561797475
2021-03-01 00:00:00+05:30,725.9442244627837,729.9128041083413,715.1293038256493,723.5770263671875,13536018,0.0,0.0,732.7128112792968,695.7245930818052,52.29854416813249,9.598843089708907,-3.5788933125116564,13.177736402220564,21.789418734228555,792397226.0,-0.0032608539552029725
2021-03-02 00:00:00+05:30,731.3748671325502,736.8519626528039,719.9101694957474,727.8936767578125,16110038,0.0,0.0,732.8903533935547,696.9861257749819,53.5246606544202,8.998352849488924,-3.343506842185313,12.341859691674237,21.443159764292044,808507264.0,-0.004759789447491085
2021-03-03 00:00:00+05:30,735.2273909523269,740.7972954292385,726.4083755305503,736.5502319335938,11222410,0.0,0.0,733.1700042724609,698.5376593498295,55.968893662420676,9.115889366478768,-2.580776260156375,11.696665626635143,20.939285487990322,819729674.0,0.0017992270113241888
2021-03-04 00:00:00+05:30,718.7729056500046,729.193244758657,714.3865723777718,720.3974609375,16291438,0.0,0.0,732.5422302246094,699.3949064709146,50.6192778029675,7.815551465668818,-3.1048913287730606,10.920442794441879,21.026740778579885,803438236.0,0.002260178805747036
2021-03-05 00:00:00+05:30,710.6270005170037,717.4037064988823,706.0318178557297,710.162841796875,17445822,0.0,0.0,730.9733764648438,699.8171784444818,47.51999239681785,5.891265241956717,-4.023342041988132,9.914607283944848,20.550948085798243,785992414.0,-0.0006531678641411087
2021-03-08 00:00:00+05:30,715.7326939724982,721.7667568918513,702.0400127324276,705.2891235351562,15117050,0.0,0.0,728.9832946777344,700.031764526469,46.07332530554426,3.927710017407435,-4.789517813229931,8.717227830637366,20.49207637675398,770875364.0,-0.01459143968871598
2021-03-09 00:00:00+05:30,717.1252083984375,726.7332710508442,713.9921370996094,725.2479858398438,15066696,0.0,0.0,727.8379821777344,701.020635950523,52.45658688054735,3.936711777266737,-3.8244128426965034,7.76112461996324,20.56008145812519,785942060.0,0.011326860841423937
2021-03-10 00:00:00+05:30,729.6575084050598,731.0499845661382,720.4439691379247,722.1149291992188,11055016,0.0,0.0,727.2345733642578,701.8478631367464,51.4275011165311,3.6489711815820556,-3.2897227507049482,6.938693932287004,19.849076741520605,774887044.0,-0.010337150127226443
2021-03-12 00:00:00+05:30,742.6538595677345,742.6538595677345,712.506777119904,720.3510131835938,15631204,0.0,0.0,726.7611297607422,702.5734768640738,50.82298752195591,3.241238426661539,-2.9579644045003723,6.199202831161911,20.584648577860744,759255840.0,-0.03003128051757813
2021-03-15 00:00:00+05:30,718.7033279886854,718.7033279886854,703.3396866590105,709.5361938476562,12230386,0.0,0.0,725.5241455078125,702.8465245889201,47.162542346676055,2.0221318662170233,-3.341656771955911,5.3637886381729345,20.32941128828449,747025454.0,-0.012755101839702963
2021-03-16 00:00:00+05:30,710.5806623623555,714.9901706155323,700.8797328733655,701.877685546875,13722366,0.0,0.0,723.1000793457031,702.8085309009967,44.70693880225041,0.43301202573559294,-3.9446212899498736,4.3776333156854665,19.885198892042027,733303088.0,-0.01224769723756214
2021-03-17 00:00:00+05:30,707.4939098925404,714.3402508280267,691.6892832384862,694.0797119140625,21064428,0.0,0.0,720.0528778076172,702.4662242740582,42.292339811430146,-1.4390200709997316,-4.653322709348158,3.214302638348427,20.082753799043868,712238660.0,-0.018960160350377203
2021-03-18 00:00:00+05:30,701.6919626278177,706.4728202281943,687.4887167701959,692.0606689453125,18065540,0.0,0.0,717.8365264892578,702.058163280774,41.66487603679888,-3.0503760523193932,-5.011742952534257,1.9613669002148633,20.004278774669586,694173120.0,-0.013725814453448011
2021-03-19 00:00:00+05:30,689.2756531067404,701.436588093514,684.1931381266185,695.07763671875,21235020,0.0,0.0,716.518310546875,701.7844171410868,43.025130246765634,-4.037402528095413,-4.799015542648221,0.7616130145528082,19.80707671693903,715408140.0,0.00841750841750845
2021-03-22 00:00:00+05:30,693.8709107803472,693.8709107803472,677.8574342729099,681.9188232421875,14015632,0.0,0.0,714.894921875,701.0053742430907,38.77790724583198,-5.814409502653234,-5.260818013764834,-0.5535914888884002,19.6222999832609,701392508.0,-0.01722523217570552
2021-03-23 00:00:00+05:30,682.3132822246213,699.6960027030117,681.8955280667701,696.3076782226562,19761428,0.0,0.0,713.784423828125,700.8211508697403,45.15357113279743,-5.99256147000267,-4.351175984891416,-1.6413854851112541,19.492169601312504,721153936.0,0.0205102206898384
2021-03-24 00:00:00+05:30,692.0141969576177,699.2318305358897,682.7774277652994,686.3978881835938,16368900,0.0,0.0,712.6159027099609,700.2555327251856,41.91599545807694,-6.8543724849166665,-4.17038959984433,-2.6839828850723366,19.27518625623236,704785036.0,-0.008115886637464407
2021-03-25 00:00:00+05:30,691.6892733205813,694.1725676980476,673.146155886215,679.2266235351562,23964356,0.0,0.0,709.2948455810547,699.4308696196942,39.69774953400134,-8.023534733685779,-4.2716414788907535,-3.751893254795025,19.40027379593338,680820680.0,-0.01801769995014637
2021-03-26 00:00:00+05:30,693.4530959593934,695.7738894532334,684.1699219840334,692.1998901367188,12021258,0.0,0.0,706.6236145019532,699.1473017968325,45.333943489678795,-7.813204291044826,-3.2490488289998414,-4.564155462044985,19.196487518920524,692841938.0,-0.0018071962328480866
2021-03-30 00:00:00+05:30,699.324697828054,725.2711797903452,696.9574998538906,721.163330078125,25607644,0.0,0.0,707.0715209960938,700.0106754549224,55.36437301141659,-5.248902276088074,-0.5477974512344712,-4.701104824853603,20.18754481436109,718449582.0,0.031228172432486496
2021-03-31 00:00:00+05:30,718.5176632752208,718.5176632752208,690.668141442848,693.2906494140625,30774506,0.0,0.0,705.5572021484375,699.7471450219475,46.51849883488037,-5.40347890109183,-0.5618992609905815,-4.841579640101249,20.9238050873557,687675076.0,-0.035109803350088765
2021-04-01 00:00:00+05:30,695.9595705848923,695.9595705848923,679.9924998702734,690.0879516601562,35763762,0.0,0.0,703.6669158935547,699.3683531254068,45.61660538110562,-5.718493697048984,-0.7015312455581881,-5.016962451490796,20.569752632128047,651911314.0,-0.008436724161723147
2021-04-05 00:00:00+05:30,686.9548568044306,689.2756502395807,664.2110811399596,672.8444213867188,16006586,0.0,0.0,700.4816253662109,698.3281989395758,41.00682151904407,-7.275684414303441,-1.8069775702501163,-5.468706844053325,20.94883248130779,635904728.0,-0.02054055703652878
2021-04-06 00:00:00+05:30,677.6717120983228,678.9017440036516,664.9769827961518,668.5045776367188,15075734,0.0,0.0,697.8869812011719,697.1586451629933,39.91359284149092,-8.758990210849674,-2.6322266934370795,-6.126763517412595,20.447113104567915,620828994.0,-0.013527397260274032
2021-04-07 00:00:00+05:30,668.063660234598,676.1399765363689,659.8248430548036,671.73046875,25088180,0.0,0.0,695.9653625488281,696.1614617742484,41.1691042472015,-9.56397078644784,-2.749765815228195,-6.814204971219644,20.151971702903396,645917174.0,0.005488711231672611
2021-04-08 00:00:00+05:30,674.4225523616702,678.0894172130478,663.9789822115412,665.0465698242188,17613592,0.0,0.0,693.9532348632813,694.9412699330708,39.335143572802586,-10.618850971819938,-3.043716800480235,-7.575134171339704,19.72043336706019,628303582.0,-0.013902237558069458
2021-04-09 00:00:00+05:30,661.8903381444248,665.0466401207545,656.8309967382493,659.9176635742188,28157816,0.0,0.0,690.68671875,693.5677951739001,37.9385225177305,-11.733455023358374,-3.3266566816149368,-8.406798341743437,18.898662653826147,600145766.0,-0.002980364656381578
2021-04-12 00:00:00+05:30,646.5730943128747,649.3580466214728,628.0067455888869,634.5281982421875,22549128,0.0,0.0,686.3073822021485,691.2525168628525,31.900335338441728,-14.498376172579356,-4.873262264668734,-9.625113907910622,19.828109463273545,577596638.0,-0.01862882352611271
2021-04-13 00:00:00+05:30,634.969156269965,652.8160371575576,631.720045090221,649.9846801757812,18600682,0.0,0.0,682.7890655517579,689.6341703261047,38.334741788628826,-15.266405566325261,-4.51303332673171,-10.753372239593551,19.918672506425807,596197320.0,0.023647642972176502
2021-04-15 00:00:00+05:30,652.1429031446614,666.8567096832882,645.6446820457111,663.7932739257812,34444984,0.0,0.0,680.501919555664,688.6208018398175,43.47329300297769,-14.592621623347554,-3.0713995070032034,-11.521222116344351,20.011055015798394,630642304.0,0.017864751306717015
2021-04-16 00:00:00+05:30,666.044527244613,670.7093450071052,660.7299326073455,663.120361328125,15606526,0.0,0.0,678.5640533447265,687.6207845648493,43.28400570579937,-13.952110175832217,-1.9447104475902925,-12.007399728241925,19.294509114619355,615035778.0,-0.004390345985703317
2021-04-19 00:00:00+05:30,645.180652650937,658.0378271656631,636.9650655653542,655.5778198242188,24069242,0.0,0.0,676.6389587402343,686.3641977122755,41.12266176652817,-13.892970783636542,-1.5084568443156936,-12.384513939320849,19.784565303794253,590966536.0,0.016115125477742714
2021-04-20 00:00:00+05:30,661.4261657543562,662.0759992842901,642.372427929503,645.8304443359375,23186270,0.0,0.0,674.3274475097656,684.7746387563408,38.45055549447845,-14.4658804636465,-1.6650932194605197,-12.80078724418598,19.778780021722078,567780266.0,-0.023578930235745716
2021-04-22 00:00:00+05:30,640.5390024302504,662.2616521331882,636.384804752401,660.2657470703125,38485312,0.0,0.0,672.5868530273438,683.8135057490456,44.230119841655416,-13.598353864175579,-0.6380532959916785,-12.9603005681839,20.214356261671565,606265578.0,0.03079710144927537
2021-04-23 00:00:00+05:30,653.9996469054877,665.8820989949073,649.9150274403743,656.3900756835938,22713528,0.0,0.0,671.310415649414,682.7380771190279,43.06099533644448,-13.072871153397386,-0.09005646817078983,-12.982814685226597,19.910978782579722,583552050.0,0.0036550918481635226
2021-04-26 00:00:00+05:30,655.8563110036546,663.2828509725566,651.0986838360768,652.0502319335938,30170952,0.0,0.0,669.097543334961,681.5346322097952,41.73081256365214,-12.85838794804829,0.09954138974264737,-12.957929337790937,19.35906366498339,553381098.0,-0.0058032209284323314
2021-04-27 00:00:00+05:30,653.1873268471546,669.3168415801009,652.0501607026437,667.7850952148438,20592906,0.0,0.0,668.1669036865235,680.9954346805814,48.00248551182606,-11.288608446230114,1.3354567132486572,-12.624065159478771,19.209607751584194,573974004.0,0.02234851744315149
2021-04-28 00:00:00+05:30,666.6479461678866,686.4907309885497,664.2111129442965,685.4696044921875,24103940,0.0,0.0,668.479052734375,681.1708923202523,53.99567277347126,-8.519349025858105,3.283772906896534,-11.803121932754639,19.42889420106664,598077944.0,0.02823328029808537
2021-04-29 00:00:00+05:30,689.8326454489968,697.9322488559577,678.1358687344148,683.4736938476562,24078552,0.0,0.0,668.0427429199219,681.2611982625035,53.249696245924646,-6.411832676402582,4.313031405081645,-10.724864081484228,19.455143195387055,573999392.0,-0.009218107671900117
2021-04-30 00:00:00+05:30,670.7093392991022,674.7939586314978,653.3033875871878,655.5313720703125,35232902,0.0,0.0,664.7611450195312,680.252185470653,44.07022698855174,-6.916592456914714,3.046617299655612,-9.963209756570325,20.220511985768336,538766490.0,-0.02262972399437713
2021-05-03 00:00:00+05:30,646.5731147215016,659.9873134299925,639.2858452813188,656.529296875,22473700,0.0,0.0,662.9230773925781,679.3218761139607,44.438604907681864,-7.153631417831889,2.2476626709907492,-9.401294088822638,20.2548659974052,561240190.0,0.015398385622307872
2021-05-04 00:00:00+05:30,654.4405506936785,660.4978445249659,642.0707663965261,644.4147338867188,21486328,0.0,0.0,660.6394165039062,677.9529685756374,40.91544443719983,-8.224226723395418,0.9416538923417761,-9.165880615737194,20.124309721047833,539753862.0,-0.015319675402651596
2021-05-05 00:00:00+05:30,650.2863490993419,654.2781026511783,641.3280633820825,651.0289916992188,14421612,0.0,0.0,659.5486450195312,676.8971263451897,43.54702628443275,-8.441655735892255,0.5793799038759513,-9.021035639768206,19.611861831612867,554175474.0,0.0011420239728319747
2021-05-06 00:00:00+05:30,653.3497698014847,654.8351116261467,647.5013815581204,650.2399291992188,11477044,0.0,0.0,658.6354125976562,675.8517460649556,43.29926218762837,-8.578750053536282,0.3538284689855402,-8.932578522521823,18.734852419912503,542698430.0,-0.004759840358114599
2021-05-07 00:00:00+05:30,655.8330097459171,661.4029141225185,654.5798039251807,656.6685180664062,12048334,0.0,0.0,657.8823150634765,675.0994626140322,45.995148521373125,-8.075574694153602,0.685603062694577,-8.761177756848179,18.194004741574084,554746764.0,0.0012739650308434525
2021-05-10 00:00:00+05:30,662.3544515364473,663.746927608353,655.7634207934259,659.0357055664062,11060050,0.0,0.0,657.5817718505859,674.4695113572626,46.994538922920896,-7.400484173906307,1.0885548663534976,-8.489039040259804,17.464683461088107,565806814.0,-0.005010528671382274
2021-05-11 00:00:00+05:30,647.9655498290903,661.0548025986013,647.5246217249393,651.469970703125,14519034,0.0,0.0,657.1593872070313,673.5675685865122,44.18046304508816,-7.390765502704767,0.8786188300440312,-8.269384332748798,17.183647561982244,551287780.0,0.005408344432754295
2021-05-12 00:00:00+05:30,649.7061275633457,653.8139206456601,644.6467865007228,649.590087890625,13774926,0.0,0.0,657.9124816894531,672.6272752258891,43.483709259938,-7.448888072957516,0.656397007833025,-8.10528508079054,16.611039460757176,537512854.0,-0.00017860332202177572
2021-05-14 00:00:00+05:30,647.1996962396867,649.3116410677424,641.6297916311879,643.718505859375,10604142,0.0,0.0,657.5991729736328,671.4935979958296,41.293240431955695,-7.877926396042085,0.18188694779876435,-8.05981334384085,15.993129232083865,526908712.0,-0.005378850454562668
2021-05-17 00:00:00+05:30,647.5710312867772,669.5953392659733,641.1424445279811,668.5045776367188,15120692,0.0,0.0,657.8347381591797,671.3763815111587,52.23234285334377,-6.147054098316858,1.5302073964191933,-7.677261494736051,16.883112482516044,542029404.0,0.032326255095668666
2021-05-18 00:00:00+05:30,677.1842791858795,688.2312783631418,675.3508750756172,685.423095703125,22165280,0.0,0.0,658.9498748779297,671.9272330480986,57.986966424277014,-3.3712802973850557,3.444784957880797,-6.816065255265853,17.08622592851155,564194684.0,0.012166284378530321
2021-05-19 00:00:00+05:30,682.406085941582,686.4210699571878,674.213730360255,676.836181640625,10130916,0.0,0.0,660.01279296875,672.1197408360408,54.40453750321932,-1.843105588849994,3.9783677331326874,-5.8214733219826815,16.737734047681066,554063768.0,-0.008162155079950145
2021-05-20 00:00:00+05:30,676.9057899320354,680.4102105797432,663.050664864863,665.0465698242188,10684184,0.0,0.0,660.973599243164,671.8423615806753,49.85081532007989,-1.565295513798219,3.40494224654757,-4.970237760345789,16.78214916676712,543379584.0,-0.01751974984437257
2021-05-21 00:00:00+05:30,669.7809636926232,697.1199208052842,669.7809636926232,694.9848022460938,19341646,0.0,0.0,662.7095520019532,672.7499082734369,59.191756613533535,1.0584351429166645,4.8229383226099625,-3.7645031796932984,17.874377867797694,562721230.0,0.03762997146786199
2021-05-24 00:00:00+05:30,697.7465437495099,705.7300504734986,695.5417899941065,700.8563842773438,22146102,0.0,0.0,664.9328674316406,673.8521230186881,60.7364079177831,3.5703909460502246,5.867915300594818,-2.297524354544594,17.36515432205134,584867332.0,0.004456977330367518
2021-05-25 00:00:00+05:30,701.1117598545605,702.6202757231653,682.5454107025034,686.467529296875,19236974,0.0,0.0,666.6537322998047,674.346844833519,55.220249784884885,4.349930383726701,5.317963790617036,-0.9680334068903349,17.558705086239218,565630358.0,-0.02088715579485268
2021-05-26 00:00:00+05:30,686.9548166718099,690.2039272912036,682.313230072676,685.5855712890625,12283990,0.0,0.0,667.5437561035156,674.7875792043245,54.8911735829001,4.8407531746308905,4.647029265216981,0.19372390941391016,16.868133095683703,553346368.0,-0.001993210251266875
2021-05-27 00:00:00+05:30,683.752137447969,691.1322717625228,678.8088361936927,688.1848754882812,20439496,0.0,0.0,667.6795196533203,675.3129633723229,55.72854056508233,5.3774875688708335,4.147010927565539,1.2304766413052948,16.54351184376354,573785864.0,0.0064829604143645065
2021-05-28 00:00:00+05:30,692.0142584672105,702.2721550174883,686.3747185935961,697.8394165039062,17750020,0.0,0.0,668.3978057861328,676.1963536912085,58.78860667364288,6.5068868753609195,4.221128187244499,2.28575868811642,16.49736359948675,591535884.0,0.008417684990477292
2021-05-31 00:00:00+05:30,696.2380664661326,705.2891613301924,690.4360825789149,703.594970703125,15661054,0.0,0.0,670.8009857177734,677.2708092603033,60.53969327913112,7.776723853598696,4.39277213238582,3.3839517212128754,16.37991468175688,607196938.0,0.010566650390625012
2021-06-01 00:00:00+05:30,705.6605727992342,708.7704137712952,699.6032784261852,701.6687622070312,11030162,0.0,0.0,673.057958984375,678.2275917288024,59.62656674840416,8.529329083542848,4.116301889863978,4.41302719367887,15.864716157708079,596166776.0,-0.00565684232061894
2021-06-02 00:00:00+05:30,700.8796789291057,700.9724880106588,692.9889805570562,698.0947265625,10624016,0.0,0.0,675.7419586181641,679.0066950556142,57.882050879150356,8.736668467741083,3.4589130192497706,5.2777554484913125,15.35150655001046,585542760.0,-0.0039735099337748
2021-06-03 00:00:00+05:30,699.9513963404678,707.8188645040332,690.5521816349675,705.776611328125,10287260,0.0,0.0,678.4793395996094,680.0564956937519,60.55344400711982,9.412350605123038,3.30767612530538,6.104674479817658,15.488304858514999,595830020.0,0.008322313546501913
2021-06-04 00:00:00+05:30,703.6646275934299,705.8229769981937,695.8667383439616,696.6790161132812,9424476,0.0,0.0,680.8012939453125,680.7083592396158,56.02165165281025,9.108733851116995,2.4032474970394695,6.705486354077525,15.09315727249319,586405544.0,-0.009927472841771015
2021-06-07 00:00:00+05:30,700.8796794536172,702.7363143660771,694.3814572600074,696.16845703125,8091668,0.0,0.0,682.7762908935547,681.3146375843858,55.7694016277417,8.726325882305105,1.6166716225820634,7.109654259723041,14.611850117746844,578313876.0,-0.006721870472889034
2021-06-08 00:00:00+05:30,694.6366865352691,696.8414402377103,687.6510758245888,688.3705444335938,9872540,0.0,0.0,684.243032836914,681.5913398137665,51.923845134257256,7.705217484336799,0.4764505796910061,7.228766904645793,14.224601138843687,568441336.0,-0.009020747425434404
2021-06-09 00:00:00+05:30,688.7650761258269,697.1663368962394,683.2648071034848,687.0941162109375,10223442,0.0,0.0,686.0242401123047,681.8071349665968,51.30027455172341,6.71557170196354,-0.41055616214580226,7.126127864109343,14.20152461412296,558217894.0,-0.00242602299798393
2021-06-10 00:00:00+05:30,687.9295933779587,691.1322997187285,684.007475052956,687.4422607421875,11483540,0.0,0.0,687.9168487548828,682.0281202911298,51.47145882823716,5.89144967892787,-0.987742548145178,6.879192227073048,13.696046046382122,569701434.0,-0.0007084048141877506
2021-06-11 00:00:00+05:30,692.0606320340725,694.6367355215386,687.4422755641087,689.9022827148438,7205974,0.0,0.0,690.2260375976563,682.3369109744126,52.73571347143662,5.374872072614039,-1.203456123567208,6.578328196181247,13.231648098735755,576907408.0,-0.003118728647929279
2021-06-14 00:00:00+05:30,686.1426171695991,689.7398471936575,678.8553480429255,686.6995849609375,8881964,0.0,0.0,691.1357879638672,682.5079962287862,50.877379739950406,4.653408063679308,-1.5399361060015524,6.19334416968086,13.07559713967696,568025444.0,0.0008117376437509576
2021-06-15 00:00:00+05:30,689.7398498770656,694.3814370229408,684.5412949376849,691.7125244140625,7569602,0.0,0.0,691.4502593994141,682.8689581184049,53.63162102976152,4.435020798652772,-1.406658696822471,5.841679495475243,12.844493207217752,575595046.0,0.0028600269179003
2021-06-16 00:00:00+05:30,690.6681778411381,693.4531301711427,686.0729951646305,689.0900268554688,7702098,0.0,0.0,692.0629516601563,683.1129215982897,51.989359777429094,4.004176033075851,-1.4700027699195148,5.4741788029953655,12.454181907166484,567892948.0,-0.0022849626438592933
2021-06-17 00:00:00+05:30,680.4567082512822,686.3747321463735,677.6717558300628,680.5031127929688,9283802,0.0,0.0,692.8357788085938,683.0105761549439,46.92281286295914,2.9359919635146525,-2.03054947158457,4.966541435099223,12.380188272754864,558609146.0,6.81961704894144e-05
2021-06-18 00:00:00+05:30,682.0812033172635,691.5964565789197,675.3509022297505,686.862060546875,11938060,0.0,0.0,692.4296417236328,683.161614758549,50.75046578115051,2.5729035023352935,-1.914910346211144,4.487813848546438,12.656285849642135,570547206.0,0.0070092200259441635
2021-06-21 00:00:00+05:30,678.2983127328345,692.4319793067745,677.2075511072591,690.9930419921875,7260472,0.0,0.0,691.936474609375,683.4687295520251,53.11585867836763,2.5886486295006534,-1.5193321752366273,4.107980804737281,12.839724588919124,577807678.0,0.018715554824552824
2021-06-22 00:00:00+05:30,694.8455610273387,699.9513066327501,686.9548632735213,688.7186889648438,14366824,0.0,0.0,692.0490325927734,683.6746103133121,51.645171846028646,2.390054414933388,-1.3743411118431146,3.764395526776503,12.850918786798404,563440854.0,-0.008817602653223098
2021-06-23 00:00:00+05:30,691.5965268428139,695.2169877010257,686.3051058423515,689.5078125,7844868,0.0,0.0,692.2451446533203,683.9033633402411,52.140322737475636,2.2701735953282878,-1.1953775451585722,3.46555114048686,12.569559006217668,571285722.0,-0.003020134228187948
2021-06-24 00:00:00+05:30,691.5964592518153,702.4809580438266,690.6681418568464,699.1390380859375,14785024,0.0,0.0,692.7928527832031,684.5008407812488,57.81771688416657,2.9186818478453915,-0.43749543411317493,3.3561772819585665,12.598386616046918,586070746.0,0.010906040268456447
2021-06-25 00:00:00+05:30,701.3901913952824,706.4495324934967,699.4871520812743,703.246826171875,10383176,0.0,0.0,693.0632232666015,685.2359774632341,59.997330028938755,3.7211978263557057,0.29201643551771106,3.4291813908379947,12.220680029725862,596453922.0,0.0026470783301077994
2021-06-28 00:00:00+05:30,705.5212297624155,706.9137058737887,698.5588492055496,700.11376953125,9356786,0.0,0.0,692.8891632080079,685.8194202894309,57.55460645579194,4.057612404268411,0.5027448107443333,3.554867593524078,11.944549789619325,587097136.0,-0.007664489746093751
2021-06-29 00:00:00+05:30,702.5145379922654,703.0739163221414,695.5919608602474,700.20703125,10971692,3.25,0.0,692.8160766601562,686.3836403271002,57.60993208526399,4.282384163339543,0.5820132558523721,3.700370907487171,11.625793051924294,598068828.0,-0.0032846391319674736
2021-06-30 00:00:00+05:30,698.3190663165562,703.4469099276926,696.501001291563,698.2724609375,9679022,0.0,0.0,692.8249633789062,686.8498685863316,55.97990892871014,4.255360597360095,0.4439917518983387,3.8113688454617565,11.291515593652882,588389806.0,-6.67393764602136e-05
2021-07-01 00:00:00+05:30,700.1837015544866,700.1837015544866,691.3265175800956,693.0746459960938,16911442,0.0,0.0,692.1898651123047,687.0939775043614,51.74372256190707,3.7710536418239826,-0.03225216291021926,3.803305804734202,11.11763476370543,571478364.0,-0.010153129161118586
2021-07-02 00:00:00+05:30,692.2588614560522,694.2400736858085,688.5295207882754,690.114501953125,14827036,0.0,0.0,691.8616394042969,687.2124294435287,49.44876310184015,3.1124990533827486,-0.552645401081163,3.6651444544639116,10.731414630407055,556651328.0,-0.003097626657197068
2021-07-05 00:00:00+05:30,694.5663882755092,701.3491495728498,692.0491287762965,697.1303100585938,7373882,0.0,0.0,691.9097320556641,687.6013659382371,54.58947655954723,3.120733010414824,-0.43552915523927016,3.5562621656540943,10.767359843929782,564025210.0,0.003691399161209517
2021-07-06 00:00:00+05:30,697.852873015214,717.8980791205274,697.3867054313695,715.4273681640625,17669032,0.0,0.0,693.2625732421875,688.6925817117989,64.67795551797047,4.551214586184983,0.7959619364247108,3.7552526497602723,11.481674788073482,581694242.0,0.025183668117484983
2021-07-07 00:00:00+05:30,715.1009955609065,720.3919856789613,712.1641173411709,717.6649169921875,9629190,0.0,0.0,694.79111328125,689.8287517227946,65.68203175739305,5.798590489830303,1.6346702720560247,4.163920217774279,11.249260041624517,591323432.0,0.0035853976531942692
2021-07-08 00:00:00+05:30,710.9055701461343,716.8258757387048,705.5213117544138,708.7844848632812,8420922,0.0,0.0,695.8582244873047,690.5721138067352,58.5663681084804,6.00138795972714,1.4699741935622885,4.531413766164851,11.313141841349504,582902510.0,-0.0029836385758196565
2021-07-09 00:00:00+05:30,705.1018680901466,706.7101236437354,698.0860225306687,700.1837768554688,10695842,0.0,0.0,696.3722991943359,690.9490417694306,52.62058217692995,5.405786615464876,0.6994982794400197,4.706288336024857,11.269236162153975,572206668.0,-0.006975008090673585
2021-07-12 00:00:00+05:30,700.1836755133028,700.1836755133028,691.7926594285894,693.191162109375,14458978,0.0,0.0,696.6968780517578,691.0369680572716,48.32499192887648,4.319727558414684,-0.3092486220881385,4.628976180502822,11.063656252491379,557747690.0,-0.009986684420772279
2021-07-13 00:00:00+05:30,697.4333059428452,702.0949817487665,691.8392949757396,700.11376953125,18178142,0.0,0.0,697.1169403076171,691.3929210562511,52.462320065373014,3.971829714796627,-0.5257171725649563,4.497546887361583,11.005944146815315,575925832.0,0.003843326043600871
2021-07-14 00:00:00+05:30,698.0859756590587,702.6777151028832,695.10249166084,698.8551635742188,9788494,0.0,0.0,697.6051971435547,691.68555801774,51.65259731643858,3.553595547699615,-0.7551610717295745,4.3087566194291895,10.7608926679029,566137338.0,0.0011018526972037513
2021-07-15 00:00:00+05:30,701.582253294261,711.7213988152911,699.0882679609379,708.9010620117188,10438802,0.0,0.0,699.0250946044922,692.3606758214255,57.31554181074067,3.986804602136999,-0.25756161383375265,4.244366215970752,10.911274280272215,576576140.0,0.01043186124377071
2021-07-16 00:00:00+05:30,712.2807542024118,713.2130893926529,708.0153662312376,709.6702270507812,5170628,0.0,0.0,700.1655029296875,693.0394817519884,57.72384248815159,4.342137629645549,0.07821713093983806,4.263920498705711,10.50316348606797,581746768.0,-0.0036650255341431066
2021-07-19 00:00:00+05:30,693.1912255925763,694.0536242769962,683.4017059305426,685.7325439453125,25111600,0.0,0.0,699.9024780273437,692.7529351713345,43.71046026858804,2.6614906356089705,-1.2819438904773923,3.943434526086363,11.629260459937765,556635168.0,-0.010759919300605297
2021-07-20 00:00:00+05:30,672.2136517602139,677.8076627318661,669.4865827925779,672.749755859375,24174250,0.0,0.0,699.1040313720703,691.9684967669439,38.28226022574951,0.278750030740639,-2.9317475962765793,3.2104976270172183,11.959024795137664,532460918.0,0.0007975203981015366
2021-07-22 00:00:00+05:30,678.7866266969396,684.5671162815192,673.6121777506268,675.3369750976562,13207114,0.0,0.0,698.3954895019531,691.3162802308934,39.884425855318575,-1.3848583105409489,-3.676284750046534,2.291426439505585,11.948905911352416,545668032.0,-0.005082085391207236
2021-07-23 00:00:00+05:30,676.6422598876319,679.4159342983507,669.0903676582093,672.5632934570312,13126684,0.0,0.0,697.0667022705078,690.5808689848596,38.72382286290769,-2.8937356511330563,-4.148129672510914,1.2543940213778568,11.832953106265881,532541348.0,-0.0060282466414055
2021-07-26 00:00:00+05:30,666.6196374114883,673.1459835120203,665.7339076310859,668.74072265625,13167166,0.0,0.0,695.3413970947265,689.7243926582476,37.12065293603092,-4.347861886119176,-4.481804725997627,0.13394283987845013,11.51717616159925,519374182.0,0.00318185232736016
2021-07-27 00:00:00+05:30,669.4632718190279,675.8964073923153,669.4632718190279,671.164794921875,22401430,0.0,0.0,693.8939483642578,688.9965652960369,38.84957540199117,-5.244213007598432,-4.302524677981506,-0.9416883296169265,11.205641059775308,541775612.0,0.0025416227812226472
2021-07-28 00:00:00+05:30,668.9738154520302,670.675281612684,654.4992891792461,660.6993408203125,20670342,0.0,0.0,691.9185638427734,687.8868702185575,34.44601750942638,-6.721570333011869,-4.623905602715953,-2.0976647302959153,11.595631394264949,521105270.0,-0.012368906585867732
2021-07-29 00:00:00+05:30,665.8038265417225,666.596288642313,658.8346441879005,661.1421508789062,13702230,0.0,0.0,690.0620483398437,686.8380576954339,34.78285721976706,-7.767121049581874,-4.535565055428767,-3.231555994153107,11.32177518427542,534807500.0,-0.0070015753544548625
2021-07-30 00:00:00+05:30,661.4917959710334,667.4354326155934,656.3406214503259,664.9647216796875,11655488,0.0,0.0,688.6565521240234,685.9802798124634,37.75618737240072,-8.192836093560459,-3.969024079525881,-4.223812014034578,11.305563468631995,546462988.0,0.005250141770172713
2021-08-02 00:00:00+05:30,668.9505179568588,668.9505179568588,660.2098753006281,663.193359375,13258786,0.0,0.0,687.3104949951172,685.0866750894257,36.916271587619306,-8.574313122766057,-3.4804008869851835,-5.0939122357808735,11.122354839174719,533204202.0,-0.00860625476371942
2021-08-03 00:00:00+05:30,657.2963513678393,671.2347747388836,657.2963513678393,668.8106689453125,12033120,0.0,0.0,685.8945129394531,684.4484003386762,41.370471027655604,-8.327373699893428,-2.586769171290043,-5.740604528603385,11.32350259145116,545237322.0,0.01751769586657801
2021-08-04 00:00:00+05:30,671.7474834505718,687.3640973961611,671.2813158701065,683.0753784179688,22053948,0.0,0.0,684.2769134521484,684.3945563417857,50.859305146575565,-6.901078254526169,-0.928378980738227,-5.972699273787942,11.839925867122501,567291270.0,0.016863323267262264
2021-08-05 00:00:00+05:30,683.9144294545404,702.5378579889084,679.3926267949771,692.1889038085938,18822408,0.0,0.0,683.0031127929688,684.7002170267585,55.783028091454995,-4.977960672099925,0.7957908813504133,-5.773751553450339,12.647447676180407,586113678.0,0.012098698313256431
2021-08-06 00:00:00+05:30,691.5829595015117,699.2513936902249,687.1310361995943,695.8250732421875,13339270,0.0,0.0,682.3551422119141,685.1364858979518,57.60809034285483,-3.1244509228229163,2.119440504501938,-5.243891427324854,12.609798377212554,599452948.0,0.006133918834167744
2021-08-09 00:00:00+05:30,695.521991690063,702.6776522744632,688.0633108140302,701.0693969726562,10998048,0.0,0.0,682.3994232177735,685.7613059400971,60.16205938713733,-1.2183140305278357,3.220461917437615,-4.438775947965451,12.752980026014038,610450996.0,0.007975887676985547
2021-08-10 00:00:00+05:30,694.1235291383811,708.4581822753893,694.1235291383811,702.8175659179688,14838346,0.0,0.0,682.8807434082031,686.430178880406,61.00542412931799,0.4284370577115624,3.893770404541611,-3.4653333468300485,12.865956676799353,625289342.0,0.012525201083990974
2021-08-11 00:00:00+05:30,706.1972943723656,708.0386335931238,695.079208717736,696.897216796875,12585786,0.0,0.0,682.7199157714844,686.8406509555616,56.63286497568897,1.2414656208009092,3.765439174104766,-2.5239735533038568,12.872632976698526,612703556.0,-0.013169234220524831
2021-08-12 00:00:00+05:30,697.8528430373701,702.7942078328098,694.2633755580503,699.9039916992188,8597674,0.0,0.0,682.7723571777344,687.352938827862,58.268801260080544,2.104162742259632,3.7025090364507913,-1.5983462941911593,12.562504355131418,621301230.0,0.002939228065506053
2021-08-13 00:00:00+05:30,699.8107758618797,713.7025930544213,699.717565104302,711.4649658203125,16658428,0.0,0.0,682.9005523681641,688.2985085138405,63.90662329789374,3.678328932637669,4.221340181463063,-0.5430112488253938,12.664113183344847,637959658.0,0.016653344533141243
2021-08-16 00:00:00+05:30,711.4416293769644,715.5672008804758,709.2506077132216,713.5160522460938,6252778,0.0,0.0,683.0928436279297,689.2874317974583,64.81482932486301,5.033351173507526,4.461089937866336,0.5722612356411902,12.210718896481183,644212436.0,0.0029158019203148903
2021-08-17 00:00:00+05:30,707.2694427196119,710.4394050844402,701.7220939389973,706.0807495117188,8282666,0.0,0.0,684.11025390625,689.945993276449,59.017389618825156,5.444488595110556,3.897781887575493,1.5467067075350633,12.180950282953697,635929770.0,-0.0016806794357216346
2021-08-18 00:00:00+05:30,725.6830859944096,729.7154471478858,703.143893734177,705.3115844726562,22985932,0.0,0.0,685.7383453369141,690.5485654802218,58.4350971239306,5.64320145968793,3.277195801722293,2.366005657965637,13.208850506579148,612943838.0,-0.02807217353541881
2021-08-20 00:00:00+05:30,692.7483928564714,708.4815495407588,692.7483928564714,706.1273803710938,13150406,0.0,0.0,687.277865600586,691.1594993975109,58.89829620184054,5.799655924292665,2.7469202130616224,3.0527357112310427,13.389158090701185,626094244.0,0.01931291021759808
2021-08-23 00:00:00+05:30,713.1664961268879,714.7048719790038,703.2837657045687,710.7191162109375,10843054,0.0,0.0,689.1856567382813,691.9265431941159,61.499011752908686,6.222433581229211,2.5357582959985345,3.6866752852306766,13.248582960967878,636937298.0,-0.0034317090458423917
2021-08-24 00:00:00+05:30,713.2364396705146,729.3192221336733,712.0476895089736,726.6853637695312,18381314,0.0,0.0,692.0828887939454,693.2896341970734,68.87407765980677,7.7564194871361,3.2557953615243385,4.500624125611761,13.630834601094184,655318612.0,0.018856193193423274
2021-08-25 00:00:00+05:30,723.5387493090226,729.4591122072414,721.6274734541752,726.0094604492188,7727974,0.0,0.0,694.8251220703125,694.572764638334,68.27781168646943,8.815949838153415,3.4522605700333227,5.363689268120092,13.216606326235022,647590638.0,0.003414759945553269
2021-08-26 00:00:00+05:30,722.5598578683296,732.3493785233198,719.5064369971808,724.7974853515625,11119002,0.0,0.0,698.030029296875,695.7580478035587,67.15512850920925,9.44891777103885,3.268182802335007,6.1807349687038435,13.189915983371021,636471636.0,0.003096805695564512
2021-08-27 00:00:00+05:30,723.4921370303058,726.5921630448894,720.3455056353608,721.8372192382812,6382138,0.0,0.0,701.0647827148438,696.7807604088421,64.37099790684225,9.601006259037149,2.7362170322666444,6.864789226770505,12.693968942382245,630089498.0,-0.002287402595441375
2021-08-30 00:00:00+05:30,725.1702903928026,731.8831150584598,723.3056200359657,731.0673217773438,9049166,0.0,0.0,704.3699127197266,698.1253314429009,68.72482012217625,10.347055205638753,2.785812783094599,7.561242422544154,12.504820862224827,639138664.0,0.00813192633877335
2021-08-31 00:00:00+05:30,728.8530373693084,738.1064527818553,728.2469967315678,737.1974487304688,12062576,0.0,0.0,708.0701171875,699.6575713365311,71.23858634831582,11.30266430586778,2.9931375066589005,8.309526799208879,12.31586623280072,651201240.0,0.011448688464382822
2021-09-01 00:00:00+05:30,734.2139683659236,744.9358231420609,733.9808845664425,736.125244140625,12422558,0.0,0.0,711.4358459472656,701.0876761523779,70.17613899834963,11.837023613058363,2.8219974510795875,9.015026161978776,12.218657114430558,638778682.0,0.0026031591021826255
2021-09-02 00:00:00+05:30,733.7944474487634,742.1388593209173,732.4658810979844,740.7403564453125,9618524,0.0,0.0,714.3190948486329,702.642683222689,72.10461309281331,12.488943440854428,2.779133823100521,9.709809617753907,12.036822907895003,648397206.0,0.009465742103525602
2021-09-03 00:00:00+05:30,739.3883801667225,744.9357856965711,731.0906314654255,734.7034301757812,10735334,0.0,0.0,716.4448211669921,703.8999674169279,66.08496772846132,12.375804532973007,2.132795932175279,10.243008600797728,12.165989430984334,637661872.0,-0.006336250496504802
2021-09-06 00:00:00+05:30,736.5214894881342,736.9876570961283,728.130472544241,729.8786010742188,7876896,0.0,0.0,718.1474975585937,704.9187373642726,61.65474930887474,11.76124147700989,1.2145863009697297,10.54665517604016,11.929646225334535,629784976.0,-0.009019273040535587
2021-09-07 00:00:00+05:30,728.3868162195565,737.4770836859766,724.9837702520907,731.533447265625,7245496,0.0,0.0,719.6707000732422,705.9624514780511,62.581304892880574,11.277725485732162,0.584856247753601,10.692869237978561,11.96990816880249,637030472.0,0.004319999999999991
2021-09-08 00:00:00+05:30,732.7921581578956,736.7779140201902,729.8320051896665,734.8666381835938,6724080,0.0,0.0,721.2731536865234,707.0959489959156,64.44488971545742,11.036276899290101,0.2747261290492311,10.76155077024087,11.611051073211142,643754552.0,0.0028309255258857683
2021-09-09 00:00:00+05:30,733.7478463570073,736.288437167118,727.687667193957,731.2305297851562,8250948,0.0,0.0,722.9898193359375,708.0424031445133,60.88271007034789,10.431278312324253,-0.26421796633329464,10.695496278657547,11.396030994636122,635503604.0,-0.0034307651931782144
2021-09-13 00:00:00+05:30,728.1537306641902,738.4094170115732,724.2612429088412,725.14697265625,8959164,0.0,0.0,724.2519683837891,708.7131705763461,55.36835870678354,9.353103599292126,-1.0739141434923383,10.427017742784464,11.592612645214405,626544440.0,-0.004129290122839289
2021-09-14 00:00:00+05:30,727.2214462842556,729.3192004562295,720.9747891466667,721.8838500976562,9758506,0.0,0.0,724.7729125976563,709.2296678124759,52.61555591111499,8.141485673019702,-1.8284256558118113,9.969911328831513,11.36059826409643,616785934.0,-0.007339712289663476
2021-09-15 00:00:00+05:30,715.5673144200642,724.7974562867272,715.5673144200642,721.068115234375,14822998,0.0,0.0,725.1505157470704,709.6939206525504,51.92060596617117,7.034359038863272,-2.3484418319745934,9.382800870837865,11.208422807136893,601962936.0,0.007687328226791523
2021-09-16 00:00:00+05:30,716.8492222267434,729.2259946881471,716.1733019732397,727.1981201171875,10260550,0.0,0.0,726.2063842773438,710.3803598472421,56.56351828799113,6.575791734505287,-2.245607309066063,8.82139904357135,11.340156371977645,612223486.0,0.01443664521012849
2021-09-17 00:00:00+05:30,731.4169429640815,740.7402946908385,726.8484778558815,737.5470581054688,20498102,0.0,0.0,727.8181579589843,711.445720563251,63.05071647483637,6.96713386566023,-1.4834121423288966,8.450546007989127,11.522417833619032,632721588.0,0.008381150040830116
2021-09-20 00:00:00+05:30,729.0860960984533,737.3372395134376,726.2890906146996,727.1514892578125,8781610,0.0,0.0,728.8693634033203,712.061633061077,54.28096575223939,6.3650672641518895,-1.6683829950697895,8.033450259221679,11.503528523415468,623939978.0,-0.002653468295436416
2021-09-21 00:00:00+05:30,728.1537569215391,731.2537826966477,712.7468957047404,723.46875,14774996,0.0,0.0,729.5068450927735,712.5089709802504,51.54571475700731,5.5270465128978685,-2.0051229970590487,7.532169509956917,12.003768414022037,609164982.0,-0.006434090158850742
2021-09-22 00:00:00+05:30,722.0935682465953,722.6296723348594,713.2363843881799,714.961181640625,10582202,0.0,0.0,728.9206359863281,712.6051361041866,45.80364084056784,4.128824841362416,-2.722675734875601,6.851500576238017,11.877239642436184,598582780.0,-0.009877371741849623
2021-09-23 00:00:00+05:30,718.830425131245,732.8154528575338,718.830425131245,731.8831176757812,13664304,0.0,0.0,729.2143188476563,713.361135381504,56.24453709564924,4.336197918133507,-2.012242126483608,6.348440044617115,12.304170469184237,612247084.0,0.018158236057068827
2021-09-24 00:00:00+05:30,736.0786568996192,749.5741864600393,734.2139864578215,746.5907592773438,20806702,0.0,0.0,730.3039825439453,714.6642578872232,62.92917115205057,5.622513500137188,-0.5807412355839423,6.2032547357211305,12.688948920260943,633053786.0,0.014281221550427464
2021-09-27 00:00:00+05:30,753.1870435046393,762.4171856651848,749.597575389555,757.5690307617188,16415462,0.0,0.0,732.0905731201171,716.3467979999485,66.9837746105602,7.44199592923394,0.9909929548102472,6.451002974423693,12.913054453659521,649469248.0,0.005817927027381834
2021-09-28 00:00:00+05:30,760.7854898798155,760.7854898798155,737.4771109006545,752.8839721679688,12773790,0.0,0.0,733.1814056396485,717.7796283594788,63.777861222535165,8.40897041259484,1.5663739505369172,6.842596462057923,13.655577634052495,636695458.0,-0.010385999492570465
2021-09-29 00:00:00+05:30,744.4696600297515,748.944857625717,738.9455853297992,743.001220703125,16263036,0.0,0.0,733.4715942382812,718.7687104121708,57.523603380553745,8.282375142675278,1.1518229444938832,7.130552198181395,13.675778291489427,620432422.0,-0.0019724636280917035
2021-09-30 00:00:00+05:30,739.3418605630105,748.8283604445483,737.9899630560931,743.5140380859375,15975348,0.0,0.0,733.8410339355469,719.7391154189852,57.75510265663226,8.12971328204901,0.7993288670940926,7.330384414954918,13.473108226986978,636407770.0,0.005643096577474796
2021-10-01 00:00:00+05:30,737.9433398444701,740.7403455545565,729.6688646187977,737.803466796875,11128596,0.0,0.0,733.694189453125,720.447521355373,54.21188385259312,7.461915957564202,0.10522523408742668,7.356690723476775,13.499684315569326,625279174.0,-0.00018954442711625267
2021-10-04 00:00:00+05:30,740.7403254802907,746.4974840298194,738.2230090283875,739.2252807617188,7051028,0.0,0.0,733.9202819824219,721.1839040771906,54.952891068340385,6.967097903296576,-0.3116742561441592,7.278772159440735,13.156422381096112,632330202.0,-0.0020453115166770854
2021-10-05 00:00:00+05:30,742.1388148639862,744.7027366490063,734.7966752068834,743.7470703125,10257178,0.0,0.0,734.6137054443359,722.0687341256341,57.31859619041862,6.860735370205703,-0.3344294313880267,7.195164801593729,12.924253742598022,642587380.0,0.002167054756202885
2021-10-06 00:00:00+05:30,744.0035076789248,758.3847671073376,739.807999176976,752.8140869140625,18600830,0.0,0.0,735.6777374267579,723.2744342349843,61.66587945250778,7.422512654430534,0.18187828226944358,7.24063437216109,13.328004756009708,661188210.0,0.011842120560189432
2021-10-07 00:00:00+05:30,758.2681649832326,758.7809379339236,749.1312919079018,750.7628784179688,11265724,0.0,0.0,736.4725494384766,724.3524124382385,60.17271067815734,7.614435345750962,0.2990407788718965,7.315394566879066,13.06526484672486,649922486.0,-0.009897931776457786
2021-10-08 00:00:00+05:30,751.4621713045616,756.1238473052102,745.9380966248378,747.103515625,7245562,0.0,0.0,737.2661987304688,725.2446125632096,57.4978808773846,7.386112954089981,0.056574709768731246,7.32953824432125,12.859585263413967,642676924.0,-0.005800232993757799
2021-10-11 00:00:00+05:30,745.8214812867303,766.8456265984464,745.4019191069397,761.6245727539062,13080848,0.0,0.0,739.0900787353515,726.671277668727,64.28288870975348,8.281430589663387,0.7615138762737095,7.519916713389677,13.472736851134883,655757772.0,0.02118883923792542
2021-10-12 00:00:00+05:30,757.5223274964656,765.2374238093649,757.5223274964656,759.6666870117188,8176946,0.0,0.0,740.9792205810547,727.9652152900209,62.826568415856045,8.732330380668373,0.9699309338229556,7.762399446845417,13.061476812689488,647580826.0,0.0028307542067308967
2021-10-13 00:00:00+05:30,763.116354845303,768.244198402602,759.8531816724765,764.2351684570312,6225644,0.0,0.0,743.1375732421875,729.3875663946095,64.82881570398784,9.35052297745608,1.2704988244885307,8.08002415296755,12.741193568274758,653806470.0,0.0014661114319257794
2021-10-14 00:00:00+05:30,763.5825156308089,787.8232304127392,763.5825156308089,786.6112060546875,14757288,0.0,0.0,746.1082275390625,731.6316306950047,72.61038220539623,11.513286296376805,2.746609714727404,8.766676581649401,13.562587940678732,668563758.0,0.0301587450635302
2021-10-18 00:00:00+05:30,794.8157635792713,804.1391156447173,777.1247257971776,778.6397705078125,28856456,0.0,0.0,748.1628631591797,733.4750871582521,66.92926033600553,12.44065544795842,2.9391830930472143,9.501472354911206,14.523430934025951,639707302.0,-0.020351877520161328
2021-10-19 00:00:00+05:30,781.0404427019224,788.9652914965078,778.9660197501343,787.2171630859375,8987540,0.0,0.0,751.166146850586,735.5826195475731,69.67836590538695,13.709689314285015,3.366573567499046,10.34311574678597,14.22358022364519,648694842.0,0.007908323367542157
2021-10-20 00:00:00+05:30,787.4036725155846,791.9022011837068,775.9126299297254,780.2946166992188,10908568,0.0,0.0,754.0074401855469,737.3360312005789,64.98327128056198,13.995484918714055,2.9218953375424697,11.073589581171586,14.349722440097773,637786274.0,-0.009028476834066533
2021-10-21 00:00:00+05:30,779.3390133863501,784.0705689836183,774.23444404323,781.436767578125,9738190,0.0,0.0,757.3312194824218,739.0654718428356,65.39755273751621,14.151017899205385,2.4619426544270393,11.689075244778346,14.027322618689949,647524464.0,0.0026917094560169066
2021-10-22 00:00:00+05:30,783.2081491219338,796.2142361401625,778.8494935779722,783.5111694335938,12175554,0.0,0.0,759.9126220703125,740.8084403758064,66.18016298613105,14.27708841200149,2.0704105337785137,12.206677878222976,14.2657097575114,659700018.0,0.0003868962701672951
2021-10-25 00:00:00+05:30,787.8232277482838,787.8232277482838,752.3012801231429,772.439697265625,16426766,0.0,0.0,761.2050689697265,742.048881822466,58.56663185489058,13.329965382564978,0.8986300034736008,12.431335379091378,15.784012462342083,643273252.0,-0.019526627218934896
2021-10-26 00:00:00+05:30,769.1765352017471,780.2946210113456,767.4750120913166,770.45849609375,12090656,0.0,0.0,761.8495422363281,743.1629843429084,57.29636990297515,12.27796444969374,-0.12269674351811055,12.400661193211851,15.572269352176868,631182596.0,0.0016666666666666139
2021-10-27 00:00:00+05:30,770.4584740910451,776.1923581336181,763.2562076837457,765.8201293945312,13249642,0.0,0.0,762.4963500976562,744.051499835129,54.32560165610896,10.943815213464404,-1.1654767837979598,12.109291997262364,15.383975144869401,617932954.0,-0.006020239704658945
2021-10-28 00:00:00+05:30,769.1765064281863,769.1765064281863,739.8778854280116,742.8846435546875,17797750,0.0,0.0,762.4905212402343,744.0057407653078,42.5715270696168,7.944214346420154,-3.33206212067377,11.276276467093924,16.37787842024835,600135204.0,-0.03418183297821965
2021-10-29 00:00:00+05:30,741.2064616714174,746.8004727028998,727.2214340927114,737.8733520507812,12406874,0.0,0.0,762.2084869384765,743.7652549333657,40.50917095833997,5.10380620416322,-4.937976210344564,10.041782414507784,16.60653271952978,587728330.0,-0.004496870700668209
2021-11-01 00:00:00+05:30,738.875642194154,750.9959997317237,738.1997219397254,748.3388671875,8122320,0.0,0.0,762.7352569580078,743.9446122766651,46.354067827599536,3.655108084194012,-5.109339464251018,8.76444754844503,16.357683788202113,595850650.0,0.012807601784305865
2021-11-02 00:00:00+05:30,748.6652058241841,756.1238878249231,745.8915312172503,749.0148315429688,13237722,0.0,0.0,763.2247344970704,744.1434444047554,46.718195450017134,2.5323576187374783,-4.985671943766042,7.5180295625035205,15.920160418164306,609088372.0,0.00046699875466997803
2021-11-03 00:00:00+05:30,748.2456398181065,750.4832671691676,734.4704207103957,737.2207641601562,10207338,0.0,0.0,762.8984191894531,743.8719667481045,41.4337916135338,0.6830137577852611,-5.468012643774608,6.151026401559869,15.926780849636271,598881034.0,-0.014734299902676775
2021-11-04 00:00:00+05:30,743.5373503232361,744.8659166527997,741.2531176151789,743.0478515625,1096808,0.0,0.0,762.410107421875,743.8396485055317,44.75845995819018,-0.30884712405907067,-5.167898820495152,4.859051696436081,15.335235966993926,599977842.0,-0.0006583378232758187
2021-11-08 00:00:00+05:30,742.1854029653771,748.0591031732811,732.0928633382424,745.9846801757812,18943580,0.0,0.0,762.1711975097656,743.9237673945611,46.4096592449836,-0.8481495538001127,-4.565761000188955,3.7176114463888426,15.380307671854263,618921422.0,0.005119040599861281
2021-11-09 00:00:00+05:30,743.3508412827083,743.3508412827083,731.4402932826354,732.9320068359375,12695476,0.0,0.0,761.4626220703125,743.4927179608895,40.60099888754586,-2.3022533243961334,-4.815891816627981,2.5136384922318475,15.320599044803664,606225946.0,-0.01401603908699735
2021-11-10 00:00:00+05:30,730.950777859267,731.4169454471875,722.5597612766989,725.0071411132812,13714126,0.0,0.0,759.6317504882812,742.7677933786304,37.529714771569196,-4.0474549308082715,-5.248874738432095,1.2014198076238238,14.967145224406163,592511820.0,-0.00813137755102036
2021-11-11 00:00:00+05:30,722.5831273026201,724.8440288321402,715.8469711888316,721.767333984375,7999404,0.0,0.0,757.736782836914,741.9442459514047,36.320113054537586,-5.6270994369322125,-5.462815395644829,-0.1642840412873834,14.552361274409268,584512416.0,-0.001128995803279371
2021-11-12 00:00:00+05:30,722.5597492127133,726.7785885750441,720.2522424531228,723.958251953125,14914092,0.0,0.0,755.7229370117187,741.238912853433,37.780557003542114,-6.62581208169388,-5.169222432325197,-1.4565896493686827,13.979074477802982,599426508.0,0.0019354838709677185
2021-11-15 00:00:00+05:30,728.2003544732261,732.7454883104191,724.6108869228648,725.939453125,9533594,0.0,0.0,752.6893493652344,740.6389340405533,39.139818440586765,-7.174726885597579,-4.574509788983117,-2.600217096614462,13.608228897766633,608960102.0,-0.0031047792469993886
2021-11-16 00:00:00+05:30,724.8906145909036,725.9161605439907,718.6439573992361,721.62744140625,8245406,0.0,0.0,749.8387329101563,739.8933853097964,37.23328565105265,-7.867003215102159,-4.213428894790157,-3.6535743203120017,13.15731938548072,600714696.0,-0.004501607717041854
2021-11-17 00:00:00+05:30,716.452985939736,719.7627644730427,712.537166772698,713.609375,7598878,0.0,0.0,746.1583435058594,738.8626398074515,33.924189736787035,-8.959350329427934,-4.244620807292746,-4.714729522135189,12.866816188914381,593115818.0,-0.003969012615679391
2021-11-18 00:00:00+05:30,711.3950821815619,719.5296839644542,711.0221253429114,717.618408203125,9152874,0.0,0.0,743.0245330810546,738.0295326857133,36.94187362037444,-9.393268065708185,-3.742830834858397,-5.650437230849787,12.555440648387838,602268692.0,0.008748058817722927
2021-11-22 00:00:00+05:30,720.6950914176034,723.8183914967159,698.8085459118684,706.4070434570312,15261272,0.0,0.0,739.273046875,736.7894350689022,32.475178546138906,-10.52054019706111,-3.8960823729690572,-6.624457824092052,13.445041000992102,587007420.0,-0.019825371548552722
2021-11-23 00:00:00+05:30,700.1837116461784,712.2108580836812,697.549853413735,706.5003051757812,11235214,0.0,0.0,735.4225036621094,735.6016260534857,32.54824033271039,-11.276398736117585,-3.7215527296204254,-7.55484600649716,13.531895548774532,598242634.0,0.00902133743550266
2021-11-24 00:00:00+05:30,710.4393847601767,716.1965429341116,705.801040148011,707.6657104492188,30802286,0.0,0.0,732.183804321289,734.5060999513576,33.51629592543823,-11.647122826259647,-3.2738214558099887,-8.373301370449658,13.30786749429782,629044920.0,-0.0039041674356135
2021-11-25 00:00:00+05:30,706.1507869105138,714.7748885323423,702.5146564375963,711.3485107421875,10251652,0.0,0.0,729.228305053711,733.5979591980569,36.6122752469232,-11.511060790022725,-2.510207535658454,-9.000853254364271,13.233036394329835,639296572.0,0.007360642978837813
2021-11-26 00:00:00+05:30,699.2513720108075,702.3746720437001,692.2588582906994,694.5430908203125,18624936,0.0,0.0,725.664453125,732.066395732263,29.794089292563218,-12.613882598248665,-2.8904234751075144,-9.72345912314115,13.651366112698279,620671636.0,-0.006733317057291669
2021-11-29 00:00:00+05:30,696.8273482005264,702.8175904533349,681.537028225177,699.8341064453125,12990996,0.0,0.0,723.5119262695313,730.8023843876767,33.963733451695546,-12.912093508131989,-2.550907507992669,-10.36118600013932,14.196308692373968,633662632.0,0.004314925716607781
2021-11-30 00:00:00+05:30,696.920549151699,712.7702472594968,692.9814557664093,696.24462890625,25221542,0.0,0.0,721.4304901123047,729.4471782903659,32.551292087520935,-13.284928258215018,-2.338993806460559,-10.945934451754459,14.595771749567792,608441090.0,-0.0009698670045986325
2021-12-01 00:00:00+05:30,696.9205388114466,702.5378809666313,694.1701386819154,701.4190673828125,8677634,0.0,0.0,719.0845001220703,728.3480366861481,36.64177582920777,-13.012864343389538,-1.653543913308063,-11.359320430081475,14.150912502078366,617118724.0,0.006454865828804331
2021-12-02 00:00:00+05:30,701.3491870593227,712.6770830321425,699.2514327610396,711.2552490234375,11203110,0.0,0.0,717.1965209960938,727.6777312876105,43.63902772738704,-11.866761437725472,-0.4059528061151987,-11.460808631610274,14.099108057008689,628321834.0,0.014124293785310793
2021-12-03 00:00:00+05:30,711.2785462593841,716.0101018713283,702.5379037665448,705.5679931640625,8124694,0.0,0.0,715.613882446289,726.8106827337459,40.83115700219793,-11.287268045286737,0.13883246905882984,-11.426100514345567,14.05432877470689,620197140.0,-0.008028574916751612
2021-12-06 00:00:00+05:30,705.311546107558,708.0153408243222,698.016012124674,701.0228271484375,7029532,0.0,0.0,713.5126312255859,725.7993942794201,38.68867320362763,-11.067196516328636,0.2871231984135463,-11.354319714742182,13.764685912202694,613167608.0,-0.00608060222860223
2021-12-07 00:00:00+05:30,705.754342785904,714.1686898639473,703.8663983429067,711.2318115234375,12427534,0.0,0.0,711.7749877929688,725.2281165242836,45.594083139548474,-9.954261989181077,1.1200461804488846,-11.074308169629962,13.720484255296059,625595142.0,0.007761154845908112
2021-12-08 00:00:00+05:30,716.033431772062,724.9139472914811,715.1010965744422,724.3312377929688,15295534,0.0,0.0,711.3449493408203,725.1929448093301,52.92113337259311,-7.92389737815779,2.520328633177739,-10.444226011335529,13.717745077635172,640890676.0,0.011588573455810623
2021-12-09 00:00:00+05:30,720.3221696506581,724.750761954516,709.5071038391168,711.7680053710938,11747744,0.0,0.0,710.682992553711,724.6664765960659,46.458859197754904,-7.245050227925503,2.559340626728021,-9.804390854653525,13.826738866046886,629142932.0,-0.011875469949388009
2021-12-10 00:00:00+05:30,710.8590323572073,712.3041406332054,703.190540679112,709.7635498046875,7779384,0.0,0.0,710.0828033447266,724.0820480944432,45.504115838945665,-6.790524839417799,2.4110928121885813,-9.20161765160638,13.490086086621636,621363548.0,-0.001541068626345197
2021-12-13 00:00:00+05:30,711.3717966085594,716.8026608274095,702.607822485891,704.44921875,10322142,0.0,0.0,709.1073516845703,723.3121332181905,42.982128632083636,-6.780965546921948,1.9365216837475465,-8.717487230669494,13.54042553339998,611041406.0,-0.009731307723419116
2021-12-14 00:00:00+05:30,700.4168247946267,706.7100874466915,697.8762341156979,700.3934936523438,9191100,0.0,0.0,707.8300537109375,722.4133630391377,41.10955228087317,-7.019733738119385,1.3582027940400891,-8.377936532159474,13.204241804656668,601850306.0,-3.331036813652855e-05
2021-12-15 00:00:00+05:30,700.6498454589844,710.1363439615667,697.2235252604386,699.2513427734375,10115148,0.0,0.0,706.7112487792969,721.5050485189142,40.5734676056702,-7.217917619134255,0.9280151304201762,-8.145932749554431,13.183425868690342,591735158.0,-0.0019960079840319334
2021-12-16 00:00:00+05:30,705.2183360271797,707.1762170962076,696.4543627829493,699.2979736328125,13210432,0.0,0.0,705.9956787109375,720.6341828371063,40.60752071123744,-7.287214578507587,0.686974536837476,-7.974189115345063,13.007599329016625,604945590.0,-0.008395077229159038
2021-12-17 00:00:00+05:30,697.8529241103133,702.0484326720988,684.1941901415212,686.688232421875,14994768,0.0,0.0,704.449169921875,719.3029690953326,34.800203412592644,-8.264367169447382,-0.2321424432818553,-8.032224726165527,13.353788129128123,589950822.0,-0.015998631377337987
2021-12-20 00:00:00+05:30,676.8753629293792,679.6723685613188,659.2075993065824,664.5918579101562,21156668,0.0,0.0,702.3584106445312,717.1574353233649,27.404352363890652,-10.698435488988139,-2.1329686102580894,-8.56546687873005,14.362848485282727,568794154.0,-0.018147366106017568
2021-12-21 00:00:00+05:30,671.0482751324884,676.2926607491889,666.6196828339412,672.1204833984375,9118750,0.0,0.0,700.6394195556641,715.3912803459168,32.65587725567066,-11.88297546689671,-2.654006870533328,-9.228968596363382,14.17270236769344,577912904.0,0.0015978109261028234
2021-12-22 00:00:00+05:30,677.0152187384991,678.7400160721975,669.2767911629475,673.7053833007812,8577484,0.0,0.0,698.9414031982421,713.7565392853232,33.74250474318738,-12.54918456886719,-2.6561727780030466,-9.893011790864144,13.836311120661767,586490388.0,-0.004888864158600727
2021-12-23 00:00:00+05:30,677.4580104977427,679.5790956701281,669.8128510883739,673.1925659179688,9779166,0.0,0.0,697.0336059570312,712.1657952317015,33.55384948188779,-12.969041125804893,-2.460823467952599,-10.508217657852294,13.54559208216837,576711222.0,-0.006296249381773618
2021-12-24 00:00:00+05:30,673.8452493915361,676.8753387177519,665.6873165901857,670.7685546875,5561024,0.0,0.0,695.8448791503906,710.5423740338897,32.625304908714206,-13.343561647479532,-2.2682751917017896,-11.075286455777743,13.377194228268218,571150198.0,-0.004565877264571121
2021-12-27 00:00:00+05:30,666.1068971502284,677.8076925665846,662.9602658401703,676.3159790039062,4705098,0.0,0.0,694.6689727783203,709.2001624640865,36.92705294791801,-13.042396450930369,-1.5736879961221,-11.468708454808269,13.482210835278648,575855296.0,0.015326491734817408
2021-12-28 00:00:00+05:30,680.9309988480646,683.8212721463877,677.5280094697689,680.9776611328125,5450678,0.0,0.0,693.9056243896484,708.0933977059973,40.37238848671264,-12.28593743536294,-0.6537831844437356,-11.632154250919204,13.055288142935995,581305974.0,6.852718531952045e-05
2021-12-29 00:00:00+05:30,678.7633347635192,681.0708415467116,674.7309737730434,677.7377319335938,7668702,0.0,0.0,692.7215576171875,706.9029794404128,38.7865915878954,-11.811715322985947,-0.1436488576533943,-11.668066465332553,12.575615259416864,573637272.0,-0.001510987375714344
2021-12-30 00:00:00+05:30,679.905391352494,683.7978791266048,673.6121292453574,681.3038940429688,7215918,0.0,0.0,691.223989868164,705.8990937385522,41.509893419301115,-11.021087171253498,0.5175834352632442,-11.538670606516742,12.404910589547615,580853190.0,0.0020569077819677047
2021-12-31 00:00:00+05:30,681.303904533657,692.1656316923477,681.303904533657,689.6483154296875,6325736,0.0,0.0,690.4280059814453,705.2618083146752,47.40599905099175,-9.610400877123539,1.542615783514563,-11.153016660638102,12.294683950964139,587178926.0,0.0122477074335015
2022-01-03 00:00:00+05:30,692.2588423559116,709.9732100390931,690.1610882881664,708.4115600585938,9069184,0.0,0.0,690.7974426269532,705.3853279909074,57.725481355820854,-6.8988590423554115,3.403326094626152,-10.302185136981564,12.868270426567104,596248110.0,0.023333349773779457
2022-01-04 00:00:00+05:30,708.5747302202657,714.588303456469,702.8875084371658,712.5604858398438,8857352,0.0,0.0,690.8638763427734,705.6667067300814,59.612520295741355,-4.364843764276657,4.749873098163926,-9.114716862440583,12.784879326048253,605105462.0,0.005625032123766353
2022-01-05 00:00:00+05:30,716.4063937427345,732.815470576245,712.3507014609144,729.4823608398438,14332638,0.0,0.0,691.1214324951172,706.6006539500721,66.23303454316661,-0.9798691872715608,6.507878140135218,-7.487747327406779,13.333442882425569,619438100.0,0.01825216415056856
2022-01-06 00:00:00+05:30,719.2966610251513,724.7741307380777,713.2598129121451,717.7816162109375,9628930,0.0,0.0,691.4221130371094,707.0391230583414,59.02775345372581,0.7499502879878719,6.590158092315721,-5.840207804327849,13.539807528516503,609809170.0,-0.0021062864549579443
2022-01-07 00:00:00+05:30,719.7627417059816,730.3680541242531,715.9867956985427,722.816162109375,11179384,0.0,0.0,692.0747436523437,707.6578304721074,60.99400519571304,2.4982917116365115,6.670799612771488,-4.172507901134977,13.599911164030358,620988554.0,0.004242259603707963
2022-01-10 00:00:00+05:30,726.2891522034312,732.8154988856186,720.4620569514781,726.8252563476562,8856496,0.0,0.0,693.1935455322266,708.4094942319329,62.53583366254534,4.159418102886434,6.665540803217128,-2.5061227003306947,13.510877647609654,629845050.0,0.0007381414724406031
2022-01-11 00:00:00+05:30,727.9440450957572,731.277097941585,721.5342405380499,729.9718627929688,8389198,0.0,0.0,694.6724639892578,709.2550773127577,63.74706937577848,5.664480967988766,6.536482934655568,-0.8720019666668024,13.241733344461474,638234248.0,0.0027856779801595254
2022-01-12 00:00:00+05:30,730.9508422823984,734.9832036543513,723.4921602182923,725.6598510742188,21085530,0.0,0.0,695.9928894042969,709.8984017739915,60.84403109909887,6.435130642935064,5.845706087681493,0.5894245552535711,13.116684065289872,617148718.0,-0.007238504837970376
2022-01-13 00:00:00+05:30,724.890602071872,724.890602071872,708.7612148473303,712.3040771484375,41963896,0.0,0.0,696.6431945800781,709.992741984754,52.820446818247795,5.900163315632085,4.248591008302811,1.6515723073292738,13.386823505404058,575184822.0,-0.017363344051446992
2022-01-14 00:00:00+05:30,713.236438534796,721.9537500214644,708.1085948590556,720.2988891601562,11208968,0.0,0.0,698.3237274169921,710.3969046190836,56.516975372108874,6.051553822917754,3.5199852124707833,2.5315686104469703,13.419561480904395,586393790.0,0.00990197674121738
2022-01-17 00:00:00+05:30,713.2364113237605,725.3567686403734,708.1785043630648,709.2739868164062,22989372,0.0,0.0,700.5578338623047,710.3528686268218,50.62626940086708,5.221721653649752,2.1521224345622247,3.069599219087527,13.688040252076124,563404418.0,-0.00555555555555564
2022-01-18 00:00:00+05:30,714.6349082299458,722.9793193874522,709.9732323771738,712.8867797851562,12341152,0.0,0.0,702.5961486816407,710.4522376918545,52.37792902425991,4.800261454110341,1.3845297880182512,3.41573166609209,13.689275417716823,575745570.0,-0.0024461839530333946
2022-01-19 00:00:00+05:30,715.1010401682045,717.7815036499302,705.4746686310501,707.8521118164062,14317626,0.0,0.0,704.3034851074219,710.3502719712487,49.73012539237686,4.013727825008459,0.47839692713309523,3.535330897875364,13.590529674942768,561427944.0,-0.010136928831893653
2022-01-20 00:00:00+05:30,712.5138363561503,712.537167497942,699.2979964460163,703.4468994140625,15197846,0.0,0.0,705.8162017822266,710.0795514788101,47.468982166339686,3.0003443305107567,-0.42798925389168563,3.4283335844024423,13.565432630441551,546230098.0,-0.012725278414882092
2022-01-21 00:00:00+05:30,699.2514087705307,713.143226186862,692.5385838652885,709.3206176757812,11537694,0.0,0.0,707.7438049316406,710.0497893688873,50.688477996094214,2.6407496667478654,-0.6300671341236619,3.2708168008715273,14.06823332266526,557767792.0,0.01439998372395829
2022-01-24 00:00:00+05:30,703.889747144017,709.1574638032154,684.124286364002,693.028076171875,11868508,0.0,0.0,708.5794097900391,709.3822712042987,42.8446347803548,1.0292320219866724,-1.7932678231078842,2.8224998450945566,14.863097464744827,545899284.0,-0.015430926528213283
2022-01-25 00:00:00+05:30,679.9753861747507,696.9205671796456,673.1460194029486,693.6807250976562,13594248,0.0,0.0,709.2145629882813,708.7665242981559,43.22365515644095,-0.19301900500875036,-2.4124150800826456,2.2193960750738952,15.499629629884268,559493532.0,0.02015563975044137
2022-01-27 00:00:00+05:30,675.9429941263566,692.2588595018203,668.9504803940149,687.5738525390625,28617838,0.0,0.0,709.7063690185547,707.9354391311326,40.51621810953561,-1.6355813641094983,-3.083981951346715,1.4484005872372165,16.158959278009775,530875694.0,0.017206862877155213
2022-01-28 00:00:00+05:30,688.7626393766418,693.0513585991642,680.6047062537374,682.1197509765625,24925208,0.0,0.0,709.7471618652344,706.9230592035025,38.21399020939311,-3.1822399596828745,-3.704512437536073,0.5222724778531983,15.893794497110994,505950486.0,-0.009644670050761441
2022-01-31 00:00:00+05:30,686.5483572064869,695.3123311588556,683.7746826503778,692.585205078125,12842546,0.0,0.0,709.8940063476563,706.360790414272,44.70650561989386,-3.5228936323328526,-3.2361328881488407,-0.28676074418401193,15.700850617481146,518793032.0,0.00879304102656594
2022-02-01 00:00:00+05:30,703.2138327354579,707.176257381299,686.8746354043404,697.8529052734375,14739484,0.0,0.0,709.3660736083984,706.0271478597294,47.6862976417094,-3.3294251992294903,-2.4341315640363828,-0.8952936351931077,16.029477143158108,533532516.0,-0.007623467020218786
2022-02-02 00:00:00+05:30,704.8220504442261,715.567235934848,701.8618976896443,713.7957763671875,13969290,0.0,0.0,709.4278381347656,706.3317999580611,55.502222945856964,-1.8681092148266316,-0.7782524637068191,-1.0898567511198125,16.149823823033277,547501806.0,0.012731902921177873
2022-02-03 00:00:00+05:30,712.6537005204794,717.8747547466678,703.4468906527578,706.4070434570312,10564762,0.0,0.0,708.274072265625,706.3347506835108,51.65072655929594,-1.291329126263463,-0.16117790011492028,-1.1301512261485427,16.02682669952447,536937044.0,-0.008765347122853658
2022-02-04 00:00:00+05:30,712.4906020347528,714.5650251823773,705.824382304363,710.439453125,11579958,0.0,0.0,707.9069641113281,706.4957194067065,53.54536997776698,-0.5030461873373042,0.5016840310489907,-1.004730218386295,15.506384997988032,548517002.0,-0.0028788434596822023
2022-02-07 00:00:00+05:30,704.8920355072906,708.1086034147095,680.6047142761525,684.4039916992188,12268042,0.0,0.0,705.9863555908203,705.6293771436677,42.07978202875234,-1.9566157798384438,-0.761508449161719,-1.1951073306767248,16.52983884447799,536248960.0,-0.029065506171207105
2022-02-08 00:00:00+05:30,688.2498018235943,689.2054111852084,673.4023763138262,681.467041015625,13981130,0.0,0.0,703.7184448242188,704.6818345504112,41.01291306303099,-3.3074414036534563,-1.6898672583813852,-1.617574145272071,16.47792427497115,522267830.0,-0.009855085740668084
2022-02-09 00:00:00+05:30,687.131024664382,699.1115089130626,683.8678515486082,698.132568359375,11308342,0.0,0.0,702.1264801025391,704.4250005821353,48.925978313985155,-2.998645150973971,-1.1048568045615197,-1.8937883464124512,16.56124881943304,533576172.0,0.01601083825368893
2022-02-10 00:00:00+05:30,705.777699800194,715.8003025384398,700.0205417013622,710.9521484375,14314530,0.0,0.0,701.3910949707031,704.6809671646987,54.034118562413795,-1.6998936060216465,0.15511579231264383,-1.8550093983342903,16.64028348797817,547890702.0,0.00733155586917933
2022-02-11 00:00:00+05:30,699.3679294295587,710.9055773238307,699.0183037357929,708.0386352539062,10711104,0.0,0.0,701.1778228759765,704.812640423099,52.74303095914425,-0.895398220992206,0.7676889418736677,-1.6630871628658737,16.30410928895881,537179598.0,0.012397917404390937
2022-02-14 00:00:00+05:30,694.5897660394862,698.9950273640213,684.940118897539,686.9912109375,14656620,0.0,0.0,699.5124389648438,704.1137608354285,44.475511214876434,-1.9338884121383444,-0.21664099941797632,-1.717247412720368,16.78942407948798,522522978.0,-0.01093963008598986
2022-02-15 00:00:00+05:30,688.0633662162338,710.8589728601335,686.6881945810753,707.5491943359375,13135066,0.0,0.0,699.4261993408203,704.2484837178014,52.33471560863268,-1.0855286222819132,0.5053750323507642,-1.5909036546326774,17.316663665171564,535658044.0,0.028319816279217487
2022-02-16 00:00:00+05:30,715.2642114230672,715.4506898351812,702.5145395547274,706.593505859375,10032264,0.0,0.0,699.1115356445313,704.3404453704121,51.96646985093496,-0.48472583209422737,0.88494225803076,-1.3696680901249874,17.00376985197743,525625780.0,-0.01212238138748929
2022-02-17 00:00:00+05:30,705.3581889403488,709.5070919894001,700.1837399264645,702.281494140625,7351208,0.0,0.0,698.8330047607421,704.2597021849303,50.2484857935807,-0.35246559703716684,0.8137619944702565,-1.1662275915074234,16.45516858133159,518274572.0,-0.004361889956003579
2022-02-18 00:00:00+05:30,698.4589244109568,707.1762356012359,694.7994632971473,705.008544921875,7796128,0.0,0.0,698.9110870361328,704.2890685667713,51.344030291729254,-0.027283691328307214,0.9111551201432929,-0.9384388114716001,16.16385456152852,526070700.0,0.009377245077714206
2022-02-21 00:00:00+05:30,701.1160282308755,713.5626796401729,697.1769350098849,709.5536499023438,7468066,0.0,0.0,698.922738647461,704.4955227367939,53.19398363774752,0.5903718593508529,1.2230485366579624,-0.6326766773071096,16.179703852154194,533538766.0,0.012034558235330743
2022-02-22 00:00:00+05:30,694.4965224379861,709.5537019742249,693.6340668423865,704.2393798828125,9536196,0.0,0.0,699.4833038330078,704.4854779189908,50.763671528582265,0.6436317694719946,1.0210467574232833,-0.3774149879512888,16.16112751498878,524002570.0,0.014028662678719748
2022-02-23 00:00:00+05:30,710.9521925862524,711.2318817641088,697.2235795822698,699.6709594726562,9029562,0.0,0.0,699.7828155517578,704.2966732740365,48.70366631295418,0.313592386910841,0.5528058998897039,-0.23921351297886287,16.007354276906653,514973008.0,-0.01586778018442854
2022-02-24 00:00:00+05:30,675.8963950803495,687.5738589796101,655.9677307565029,661.6782836914062,23630766,0.0,0.0,698.488037109375,702.6253638786393,35.72114229493834,-2.9793139425106574,-2.1920803436254355,-0.7872335988852218,17.985631022567134,491342242.0,-0.021035933158443675
2022-02-25 00:00:00+05:30,671.257942724147,683.3550248233654,667.9481644910012,678.7865600585938,18318654,0.0,0.0,698.3213775634765,701.6905088268728,43.07914515542051,-4.160511226099288,-2.698622101771253,-1.4618891243280352,18.249281744666565,509660896.0,0.011215684545785108
2022-02-28 00:00:00+05:30,664.7549180748795,670.6053435170786,659.1842386833938,664.8714599609375,24880832,0.0,0.0,696.9356903076172,700.2466245576205,39.15336762438757,-6.148573934979254,-3.7493478485209746,-2.3992260864582793,18.34592743256181,484780064.0,0.00017531556802247343
2022-03-02 00:00:00+05:30,646.3414127876569,651.8888189124262,631.3774433894138,640.630859375,38505560,0.0,0.0,694.0745880126954,697.908751413204,33.436915840852436,-9.569826828450346,-5.736480593593653,-3.833346234856693,19.42793379963052,446274504.0,-0.008835196538045357
2022-03-03 00:00:00+05:30,643.7774597212488,648.9053033540755,635.3398374882788,639.1157836914062,17527922,0.0,0.0,690.3405883789062,695.6031448358785,33.111519867687804,-12.262098502328854,-6.743001813977728,-5.519096688351126,19.009186090070962,428746582.0,-0.007241129616220152
2022-03-04 00:00:00+05:30,633.9879160663648,646.1082732852806,623.219456225988,637.0180053710938,21219364,0.0,0.0,686.8711364746093,693.3056883862791,32.63791267824185,-14.399033286591134,-7.103949278592006,-7.295084007999128,19.28630258787251,407527218.0,0.00477941176470581
2022-03-07 00:00:00+05:30,614.6419787884412,621.098388648367,604.6427065600022,617.578857421875,27054458,0.0,0.0,682.2281066894532,690.3360087406162,28.561135659286048,-17.459879654408383,-8.131836517127404,-9.328043137280979,20.221230889531007,380472760.0,0.004778194029673802
2022-03-08 00:00:00+05:30,607.043419990172,621.8675722865282,602.2885332790063,618.9773559570312,39212492,0.0,0.0,678.9567749023438,687.5376302000835,29.245860228190192,-19.547444536310763,-8.175521119223827,-11.371923417086936,20.175360040816074,419685252.0,0.019659114280577313
2022-03-09 00:00:00+05:30,620.0029214434842,640.8405908532162,614.8051412097361,639.1857299804688,23134694,0.0,0.0,676.8427093505859,685.6414772502948,38.429375761944925,-19.348174142355447,-6.381000580214806,-12.96717356214064,20.59393786957779,442819946.0,0.03093986798049815
2022-03-10 00:00:00+05:30,665.2212007136823,665.2212007136823,643.4278642502172,649.2316284179688,22273206,0.0,0.0,674.3976623535157,684.213640041184,42.42972156551917,-18.170176389771086,-4.162402262104356,-14.00777412766673,20.98261878840891,465093152.0,-0.024036474301419
2022-03-11 00:00:00+05:30,647.0405859304881,656.8067737413419,639.9081993609527,651.1428833007812,15150780,0.0,0.0,671.4071990966797,682.9167476199917,43.18602085733568,-16.887711363450308,-2.3039497886268627,-14.583761574823445,20.69090133069321,480243932.0,0.0063400928156520375
2022-03-14 00:00:00+05:30,659.6271526574864,675.9430186242794,659.6271526574864,672.4700927734375,25018126,0.0,0.0,669.6287719726563,682.5070748809112,50.93226968542894,-13.989162665654362,0.4756791273352672,-14.46484179298963,20.98441804446499,505262058.0,0.019469999171819838
2022-03-15 00:00:00+05:30,672.9129614883594,675.7099672167489,658.1121395089652,663.8226928710938,18867928,0.0,0.0,668.470346069336,681.7743540177811,48.070398072431466,-12.248620371378365,1.772977137289013,-14.021597508667378,20.742518734702035,486394130.0,-0.013508832698302735
2022-03-16 00:00:00+05:30,674.5444623288147,678.2738028254495,669.5098298962698,675.08056640625,13364108,0.0,0.0,666.8469146728515,681.511852542819,51.86263073569262,-9.847298230649699,3.3394394224141433,-13.186737653063842,20.293132393248726,499758238.0,0.0007947646261663047
2022-03-17 00:00:00+05:30,686.1986831697949,694.4964889213013,685.522762935555,689.9513549804688,14823954,0.0,0.0,666.0148071289062,681.8428134227269,56.39266837407422,-6.667426829791793,5.215448658617639,-11.882875488409432,20.230474544806054,514582192.0,0.005468783171280567
2022-03-21 00:00:00+05:30,693.191213680284,696.2912395677,686.5716565941826,692.9581298828125,12257876,0.0,0.0,665.5486389160156,682.2787081858676,57.26829958683583,-3.860235833151478,6.418111724206364,-10.278347557357842,19.479696575428292,526840068.0,-0.00033624747814392525
2022-03-22 00:00:00+05:30,690.534050048028,698.3190257708346,679.2993659917566,696.5242919921875,10461814,0.0,0.0,665.1244262695312,682.8373585312135,58.3368587687686,-1.3323982078775316,7.156759479584249,-8.48915768746178,19.446836804260414,537301882.0,0.00867479589709278
2022-03-23 00:00:00+05:30,702.5145812235271,708.0153817284424,686.9445718246546,689.5784301757812,31188256,0.0,0.0,664.1256652832031,683.1017142819809,55.42949694300509,0.10919953834024909,6.878685780641624,-6.769486242301375,19.562834882798086,506113626.0,-0.018414067684140792
2022-03-24 00:00:00+05:30,683.4016640789888,685.1031871066144,668.7407166260132,672.5166625976562,20160044,0.0,0.0,662.5395294189453,682.686614215929,48.97302142782963,-0.12364066146301411,5.31667646467069,-5.440317126133704,19.653897644724513,485953582.0,-0.015927677753027017
2022-03-25 00:00:00+05:30,676.4091413080079,676.8753088761043,661.4917791289201,667.0391845703125,16366462,0.0,0.0,660.9079406738281,682.0729895239441,47.077161922143986,-0.7416061231886033,3.7589688023560806,-4.500574925544684,19.348871366328776,469587120.0,-0.013852498680866706
2022-03-28 00:00:00+05:30,667.0391969809057,670.3489753949266,653.3804642194627,667.9249267578125,15754886,0.0,0.0,661.2202728271484,681.5181635331154,47.431555422493645,-1.146658249204961,2.6831333410717786,-3.8297915902767397,19.178845638409854,485342006.0,0.001327852667303122
2022-03-29 00:00:00+05:30,671.7475325283991,680.721259107977,666.6196887686403,676.7821655273438,12377448,0.0,0.0,661.1200531005859,681.3324381211244,50.96747657489817,-0.7443790928255112,2.468329997960983,-3.212709090786494,18.816183117047476,497719454.0,0.007494829165943804
2022-03-30 00:00:00+05:30,686.1987186893915,691.2100204732984,677.8310328913767,688.5062255859375,20109742,0.0,0.0,662.301791381836,681.6137631197445,55.25752157688482,0.5145324912663227,2.9817932656422537,-2.467260774375931,18.502731104826562,517829196.0,0.003362738567849881
2022-03-31 00:00:00+05:30,685.7325857711352,692.1190595590537,683.3551422321042,685.4295654296875,14295714,0.0,0.0,664.5417266845703,681.7634024260168,53.924162300462946,1.249564033389447,2.9734598462123025,-1.7238958128228554,17.807101549263912,503533482.0,-0.000441892871558551
2022-04-01 00:00:00+05:30,688.2499112282715,703.9131324636351,685.4063000212192,702.0484619140625,14568556,0.0,0.0,667.6883605957031,682.5588949549598,59.595584194008,3.1369273368446784,3.888658519734027,-0.7517311828893486,17.857082327346195,518102038.0,0.020048750404000393
2022-04-04 00:00:00+05:30,736.5447442056758,802.7871430471803,728.4101430523275,772.346435546875,97450970,0.0,0.0,674.4547821044922,686.0799749781721,74.11163856047807,10.187697880495875,8.75154325070818,1.4361546297876964,23.777196527758456,615553008.0,0.048607625840585464
2022-04-05 00:00:00+05:30,776.9614607734293,776.9614607734293,746.8004419655001,749.7139892578125,30922582,0.0,0.0,681.0615386962891,688.5754265185502,65.90254314376914,13.790269424337453,9.883291835639804,3.906977588697648,24.233183833484933,584630426.0,-0.03506927034513807
2022-04-06 00:00:00+05:30,740.1342579172225,741.1132553778037,721.3244070916726,722.9559936523438,27027860,0.0,0.0,686.2604705810547,689.9236840532088,57.756996216619186,14.321101959681869,8.331299496787377,5.989802462894493,24.530069428674576,557602566.0,-0.023209659708522755
2022-04-07 00:00:00+05:30,718.5041294834534,718.5274037198276,705.6378584707197,707.0596923828125,40781732,0.0,0.0,689.6541687011719,690.59568437986,53.524488198808484,13.305711942115181,5.85272758337655,7.452984358738631,24.014931268170965,516820834.0,-0.015928143807424675
2022-04-08 00:00:00+05:30,704.8919993986024,711.2551983645568,697.9927532298926,706.0807495117188,41256322,0.0,0.0,692.4966247558593,691.2029418360114,53.265615597465136,12.280454098839186,3.861975792080443,8.418478306758743,23.246896544349053,475564512.0,0.0016864287211808314
2022-04-11 00:00:00+05:30,702.0484045108942,703.9130749080016,696.1047676201148,697.4566650390625,20799066,0.0,0.0,694.8123138427734,691.4481858831899,50.928733621698164,10.649280057441274,1.7846414005460254,8.864638656895249,22.298974069152976,454765446.0,-0.006540488436877378
2022-04-12 00:00:00+05:30,691.7927212582649,702.4446395812304,689.9979873718946,696.2213134765625,27435402,0.0,0.0,695.9998748779296,691.6353673574399,50.586371579272054,9.151388817087422,0.22940012815373834,8.921988688933684,21.595236793451743,427330044.0,0.006401617250673945
2022-04-13 00:00:00+05:30,694.5896909974026,700.3235749670539,681.840019124233,682.9121704101562,28892520,0.0,0.0,696.9543487548829,691.2932812026445,46.92634946197948,6.811839950349622,-1.688118990867249,8.499958941216871,21.372973868406685,398437524.0,-0.016812113307466337
2022-04-18 00:00:00+05:30,661.4218829443497,667.3888509419223,647.9962903076474,650.5135498046875,45620376,0.0,0.0,695.7259979248047,689.6940760497835,39.4446624793303,2.3167269158554973,-4.9465856202891,7.263312536144597,22.340324313699696,352817148.0,-0.0164922471132997
2022-04-19 00:00:00+05:30,643.7308446178217,647.7632057037679,618.6043998154848,625.6901245117188,74096022,0.0,0.0,692.5129364013671,687.1841171659378,34.85885561079865,-3.2117029996785504,-8.380012428658517,5.168309428979968,23.02381186194991,278721126.0,-0.02802525349987482
2022-04-20 00:00:00+05:30,631.4007512053937,633.9413990427422,622.4969604654468,631.3308715820312,49325736,0.0,0.0,689.4315734863281,684.9937938097062,36.66087386247567,-7.056519229890569,-9.77986292709643,2.723343697205861,22.19671377018887,328046862.0,-0.00011067396297683802
2022-04-21 00:00:00+05:30,636.3187735235274,643.2180767604511,630.8646353697013,640.6774291992188,52446270,0.0,0.0,686.6392303466797,683.2558971583145,39.640417648352695,-9.242829124783725,-9.57293825759167,0.33010913280794374,21.49362288594323,380493132.0,0.006849798964056801
2022-04-22 00:00:00+05:30,633.9879163355494,641.1435773925567,628.9300094134758,631.936767578125,20659148,0.0,0.0,683.7571472167969,681.2433822728169,37.84737440141058,-11.54767935266716,-9.502230788380082,-2.045448564287077,20.830761821167354,359833984.0,-0.0032353120691637136
2022-04-25 00:00:00+05:30,629.3261960075165,638.9525673497122,616.3900464229175,636.6683349609375,20935488,0.0,0.0,681.964730834961,679.4953412017629,39.44418641534577,-12.844429234543327,-8.639184536205,-4.205244698338327,20.954458900140736,380769472.0,0.011666666666666624
2022-04-26 00:00:00+05:30,639.581954502175,644.2202994130416,632.6593769441841,639.6052856445312,17016842,0.0,0.0,680.5930358886719,677.9310252975578,40.46661086546256,-13.479739438067895,-7.419595791783654,-6.060143646284241,20.283492012191935,397786314.0,3.647873770049605e-05
2022-04-27 00:00:00+05:30,633.9879526108754,642.8451372429391,632.1698875421961,639.83837890625,18054334,0.0,0.0,679.1887084960938,676.4371960273104,40.55239904750669,-13.805279999004824,-6.196109082176466,-7.609170916828358,19.597188989945586,415840648.0,0.009227977079503694
2022-04-28 00:00:00+05:30,639.5819509869016,642.8451242062225,634.9668803385313,639.2789306640625,20773722,0.0,0.0,677.3135467529297,674.9800091503203,40.40191733966072,-13.947636366648453,-5.070772359856075,-8.876864006792378,18.760121481213137,395066926.0,-0.00047377872745080077
2022-04-29 00:00:00+05:30,643.474415203218,654.8489156693903,639.3721745943384,645.4556274414062,28401476,0.0,0.0,675.1610168457031,673.8221902597746,42.92034538873657,-13.407493762288823,-3.624503804397156,-9.782989957891667,18.53225459007847,423468402.0,0.0030789293115291673
2022-05-02 00:00:00+05:30,634.943601058584,655.6413969325648,634.943601058584,654.3594360351562,19494316,0.0,0.0,673.6075103759765,673.058944996064,46.434240118364976,-12.12123783102652,-1.8705982985078808,-10.250639532518639,18.68693611035721,442962718.0,0.030578834000692286
2022-05-04 00:00:00+05:30,652.6346032246727,654.3127951090634,629.3262245380773,632.1232299804688,29055916,0.0,0.0,670.1112487792968,671.4536228385897,39.838286169160774,-12.749182096297204,-1.9988340510228522,-10.750348045274352,19.140241495123046,413906802.0,-0.03142857142857131
2022-05-05 00:00:00+05:30,640.9804341027807,640.9804341027807,627.6946578322867,630.701416015625,17862912,0.0,0.0,663.0289978027344,669.8554970808264,39.452382175936975,-13.20929245407467,-1.967155527040255,-11.242136927034416,18.72206540764954,396043890.0,-0.016036399147727275
2022-05-06 00:00:00+05:30,620.0029016714165,622.3337396476248,612.0780525523081,614.222412109375,26731268,0.0,0.0,656.2544189453125,667.6738074741029,35.1968376832461,-14.733808943953477,-2.7933376135352486,-11.940471330418228,18.71501526876864,369312622.0,-0.009323326627114633
2022-05-09 00:00:00+05:30,606.0178255862746,618.3712658770718,603.9200715746299,615.271240234375,32762434,0.0,0.0,650.8701812744141,665.6188048372509,35.67243246932999,-15.676656839796465,-2.988948407502587,-12.687708432293878,18.410456628316727,402075056.0,0.015269211989182699
2022-05-10 00:00:00+05:30,613.0337555679777,630.7247941039236,613.0337555679777,625.1541137695312,20113812,0.0,0.0,646.77490234375,664.0319542071443,40.13110641355882,-15.448326597669052,-2.208494532300138,-13.239832065368914,18.359069621718813,422188868.0,0.01977111063048076
2022-05-11 00:00:00+05:30,630.7247327075578,631.6570678630753,619.3735635701772,628.673583984375,17102924,0.0,0.0,642.9045440673829,662.6453514533102,41.681332068990706,-14.812630617636614,-1.2582388418141583,-13.554391775822456,17.92510066966019,439291792.0,-0.0032520505647173157
2022-05-12 00:00:00+05:30,623.0145657639099,625.7026504822741,609.7629614862815,614.50244140625,22382290,7.75,0.0,638.7568328857421,660.7573941965628,37.47374560955798,-15.276234820508535,-1.3774744357488622,-13.898760384759672,17.995495085976856,416909502.0,-0.013662801522501726
2022-05-13 00:00:00+05:30,617.8035892362923,621.5526890303278,606.9334679681576,608.98486328125,16768238,0.0,0.0,634.3950103759765,658.7270988665506,35.951997433088124,-15.905518022809815,-1.6054061104401125,-14.300111912369703,17.754332655704946,400141264.0,-0.014274319716956793
2022-05-16 00:00:00+05:30,612.5924426587065,618.7230829624503,606.1317139807359,615.4691162109375,9804356,0.0,0.0,631.0228576660156,657.0307073898599,39.08277310078845,-15.700024366144135,-1.119929963019544,-14.58009440312459,17.3855495361342,409945620.0,0.004695901143908879
2022-05-17 00:00:00+05:30,619.0060254488498,621.0810229157748,612.2151508147585,619.666259765625,16641444,0.0,0.0,629.4804931640625,655.5654349340076,41.09007810217432,-15.025292535435142,-0.3561585058484411,-14.6691340295867,16.77700114791149,426587064.0,0.0010666040226288591
2022-05-18 00:00:00+05:30,624.4057676802578,628.7679542578379,617.7799369329721,619.619140625,15732384,0.0,0.0,629.1769439697266,654.1557763336544,41.07371500732081,-14.329186872616788,0.27195772557593045,-14.601144598192718,16.36350230340823,410854680.0,-0.00766589180148139
2022-05-19 00:00:00+05:30,606.5561356125849,611.3663651597946,602.8306384743087,606.95703125,20537506,0.0,0.0,627.958251953125,652.3048451539033,36.829322020547274,-14.63059216530769,-0.02355805369197661,-14.607034111615713,16.393859435357022,390317174.0,0.0006609374036094226
2022-05-20 00:00:00+05:30,614.4788099255334,624.4764467379456,609.4563891061696,622.9437866210938,13919350,0.0,0.0,627.0715698242187,651.1534310937932,44.611641406966925,-13.42470879333655,0.9458602546233319,-14.370569047959881,16.474256296256208,404236524.0,0.013775864291538749
2022-05-23 00:00:00+05:30,619.6662555530759,627.1880565568279,612.6395871083944,614.9503784179688,19486320,0.0,0.0,626.2222503662109,649.7337035378786,41.83637963602778,-12.964591036134493,1.1247824094603125,-14.089373445594806,16.3367000928403,384750204.0,-0.007610350076103499
2022-05-24 00:00:00+05:30,613.0641060976574,624.8538004456892,611.6021955118748,622.0006713867188,12870796,0.0,0.0,625.4888671875,648.6461336495978,45.08152443471877,-11.893938755507406,1.7563477520699209,-13.650286507577327,16.116336152909877,397621000.0,0.014576885516826909
2022-05-25 00:00:00+05:30,627.2116952504839,630.0176192814382,624.0048755863678,626.6458129882812,12887112,0.0,0.0,624.8408935546875,647.7833759766049,47.172825266242235,-10.549012553119269,2.4810191635664474,-13.030031716685716,15.53780842018199,410508112.0,-0.0009022189262218043
2022-05-26 00:00:00+05:30,632.941476786792,646.5467711432095,631.9275516644061,644.5189208984375,26992428,0.0,0.0,625.0749206542969,647.6553581304023,54.37246617078314,-7.949303785730194,4.064582344764418,-12.013886130494612,15.84946197266387,437500540.0,0.01829149224098863
2022-05-27 00:00:00+05:30,646.9241028803087,657.7234163753277,646.4289127126924,656.4737548828125,24031718,0.0,0.0,625.9346618652344,648.0011776108889,58.451325945266085,-4.86824259559512,5.716514827919594,-10.584757423514715,15.660535794394322,461532258.0,0.014761626533909805
2022-05-30 00:00:00+05:30,665.0565865512497,669.8903607133842,659.4918283915114,660.9537963867188,12624674,0.0,0.0,626.7095703125,648.5091234452352,59.89809739061251,-2.0414449893875144,6.8346499473017595,-8.876094936689274,15.500255082692707,474156932.0,-0.00616908432680375
2022-05-31 00:00:00+05:30,658.2893491750119,662.4864916470411,650.7910924658371,655.0117797851562,13485388,0.0,0.0,626.7421875,648.7641295762126,57.060101224055735,-0.2774602121198768,6.878907779655518,-7.156367991775395,15.228479661157802,460671544.0,-0.004978919063422824
2022-06-01 00:00:00+05:30,650.7911225821899,660.4350694516795,650.3902844910742,657.794189453125,12091896,0.0,0.0,628.0257354736328,649.1182495713856,58.06212289850929,1.3296996890202308,6.788854144636501,-5.45915445561627,14.858215753975479,472763440.0,0.010760851873867777
2022-06-02 00:00:00+05:30,654.2100921462986,654.5637829512074,650.1308466829779,653.1961669921875,11475020,0.0,0.0,629.1504730224609,649.2781679016132,55.747008967194795,2.20692346437977,6.1328623359968315,-3.9259388716170616,14.344296255130594,461288420.0,-0.0015498463968733462
2022-06-03 00:00:00+05:30,659.421135154199,660.5765020471517,649.0462052630426,650.9325561523438,6957244,0.0,0.0,630.9859802246094,649.3430458722302,54.59294120329639,2.6884839796240385,5.29153828099288,-2.6030543013688416,14.143296292914778,454331176.0,-0.012872773633302253
2022-06-06 00:00:00+05:30,649.0461910664155,654.0921565581812,641.6658318600837,650.06005859375,6173266,0.0,0.0,632.7254211425782,649.3711640181722,54.12780802592321,2.9655360426811512,4.454872275239994,-1.489336232558843,14.020655464713542,448157910.0,0.0015620884018572446
2022-06-07 00:00:00+05:30,642.302508085389,648.1030603701743,638.5769533900233,642.58544921875,10253966,0.0,0.0,633.5969879150391,649.1050575554497,50.18316389852659,2.552539206983056,3.233500351633519,-0.6809611446504632,13.839401874643054,437903944.0,0.00044051070920518554
2022-06-08 00:00:00+05:30,647.6314391209031,651.2626415393821,639.9445362555696,644.8490600585938,5986588,0.0,0.0,634.40576171875,648.9381556928279,51.33970240326124,2.380450366159039,2.4491292086476015,-0.06867884248856276,13.659309261012302,443890532.0,-0.004296238406965186
2022-06-09 00:00:00+05:30,642.4203528285811,651.7578124389222,640.0152670401171,649.7063598632812,7311816,0.0,0.0,636.1659576416016,648.9682813465712,53.81735594011723,2.6059721947630123,2.13972082980126,0.46625136496175235,13.522397556568928,451202348.0,0.01134149471233246
2022-06-10 00:00:00+05:30,641.4064599796269,645.1084121462928,633.6252624355974,637.1621704101562,9155430,0.0,0.0,637.5748229980469,648.5052966039667,47.14157224319383,1.7522893155594375,1.028830360478148,0.7234589550812894,13.705161833077137,442046918.0,-0.00661716062168358
2022-06-13 00:00:00+05:30,624.1935740624168,627.2117473676345,616.9783155689097,625.6083374023438,10892572,0.0,0.0,638.0817840576171,647.6073766352756,41.97673415290805,0.14180705555372697,-0.46532151962205004,0.607128575175777,14.167925619374952,431154346.0,0.002266545826031629
2022-06-14 00:00:00+05:30,618.3693927090343,625.3253115212045,615.4219694835384,618.7230834960938,11870356,0.0,0.0,638.0346252441407,646.4746592572685,39.219146389910264,-1.670833853559543,-1.822369942988256,0.151536089428713,13.883528640762837,419283990.0,0.0005719733079122301
2022-06-15 00:00:00+05:30,613.8421573511985,620.5151349949473,612.3094972859175,616.5773315429688,11810470,0.0,0.0,637.882534790039,645.3022150331783,38.37310448939445,-3.2431243643271728,-2.7157283630047084,-0.5273960013224641,13.477965002781907,407473520.0,0.004455826565534182
2022-06-16 00:00:00+05:30,617.7799057010922,622.755179113444,602.6890988442715,604.245361328125,12169192,0.0,0.0,637.7469512939454,643.6921423388625,33.85318312072196,-5.421764133613237,-3.9154945058326187,-1.5062696277806187,13.94854466466695,395304328.0,-0.02190835967318714
2022-06-17 00:00:00+05:30,601.2743665026379,612.5924722250405,599.6709566785918,608.2302856445312,14723922,0.0,0.0,637.0112762451172,642.301481292026,36.45776908341906,-6.749003447458904,-4.194187055742628,-2.554816391716276,13.875185441937079,410028250.0,0.01156862745098051
2022-06-20 00:00:00+05:30,615.2804644798726,624.8537180549297,610.3052486611358,623.5097045898438,15936840,0.0,0.0,637.439242553711,641.5645488723326,45.344377358980374,-6.4930805615586,-3.1506113358738586,-3.342469225684741,14.071488796827175,425965090.0,0.013374778796085602
2022-06-21 00:00:00+05:30,630.4655812841031,638.5297191035762,624.4056911058339,630.300537109375,13220684,0.0,0.0,637.8542358398438,641.1228229208441,48.77339720028796,-5.676857124476783,-1.8675103190336335,-3.809346805443149,14.139240633748983,439185774.0,-0.00026178141936306017
2022-06-22 00:00:00+05:30,628.2727653218086,630.4892046685013,624.0048732568482,627.32958984375,8159698,0.0,0.0,637.8884246826171,640.5819118197816,47.37308952993846,-5.209670941405761,-1.1202593087700894,-4.089411632635672,13.592461403599277,431026076.0,-0.001501219741039548
2022-06-23 00:00:00+05:30,627.4474863609754,635.7002717884967,621.7884334963893,629.640380859375,15372244,0.0,0.0,637.144497680664,640.1528321742754,48.608974792340405,-4.59993580594255,-0.4084193386455022,-4.191516467297048,13.615274038492716,446398320.0,0.003494945068818089
2022-06-24 00:00:00+05:30,631.2437730256173,642.1374379718275,631.2437730256173,638.4354858398438,8013432,0.0,0.0,636.2425842285156,640.0854852591997,53.12139939150288,-3.3681983560014714,0.6586544890364614,-4.026852845037933,13.535401400918412,454411752.0,0.01139292476463697
2022-06-27 00:00:00+05:30,646.0751512096774,648.9046774193548,637.5865725806451,639.5908203125,9804164,0.0,0.0,635.1744354248046,640.066086633839,53.69655762800272,-2.2726144318072556,1.4033907305845421,-3.6760051623917978,13.377023075046361,464215916.0,-0.010036496350364956
2022-06-28 00:00:00+05:30,633.8139327037871,637.1150469366194,631.1730528308941,634.7099609375,9770574,0.0,0.0,634.1593444824218,639.8560424888846,50.85770585632162,-1.777708521890986,1.5186373124006494,-3.2963458342916354,13.022790532657757,454445342.0,0.0014137086414154505
2022-06-29 00:00:00+05:30,627.8011422809724,636.9971026749472,627.8011422809724,633.790283203125,9994046,0.0,0.0,632.9591491699218,639.6181695757175,50.31789354601425,-1.44306754538934,1.4826226311218367,-2.9256901765111767,12.749445522751833,444451296.0,0.009539869424882592
2022-06-30 00:00:00+05:30,630.0412036205258,638.5297827112215,630.0412036205258,635.7002563476562,12475822,0.0,0.0,632.0843536376954,639.4645259197151,51.46994810361322,-1.012076699901172,1.530890781288004,-2.542967481189176,12.445097920462109,456927118.0,0.008982035928143624
2022-07-01 00:00:00+05:30,633.7902826292033,641.3592884349031,627.2352594847164,638.411865234375,11472452,0.0,0.0,631.4583190917969,639.4232451085253,53.13159111934471,-0.4465614915336573,1.677124791724415,-2.1236862832580723,12.565021565442436,468399570.0,0.007291974540852307
2022-07-04 00:00:00+05:30,638.3882917429388,641.4536120103562,632.9886352216945,639.3079223632812,8487480,0.0,0.0,630.9207122802734,639.4187226479274,53.69580099152584,0.07307534002347893,1.7574092986252412,-1.6843339586017623,12.272161224243813,476887050.0,0.0014405505743716792
2022-07-05 00:00:00+05:30,643.2456180899434,650.4844777185665,635.8417142809004,637.8695068359375,14325718,0.0,0.0,630.6849151611328,639.3579690866729,52.60111695829002,0.36462004815018645,1.6391632054015592,-1.2745431572513728,12.441489953773976,462561332.0,-0.008357789159869799
2022-07-06 00:00:00+05:30,635.7002581614631,647.6785979814385,635.275817692345,646.6646728515625,15049078,0.0,0.0,630.7756958007812,639.6445064892177,58.211011303899944,1.290491737551406,2.052027915842223,-0.7615361782908172,12.438724977725377,477610410.0,0.017247774480712096
2022-07-07 00:00:00+05:30,650.7910782154262,659.279657496497,648.1737432436844,658.2421875,17743142,0.0,0.0,631.2024871826172,640.3738273131701,64.21504393319452,2.924745748352848,2.949025541314932,-0.024279792962084268,12.451314953954597,495353552.0,0.011449310745018136
2022-07-08 00:00:00+05:30,664.9386564122127,664.9386564122127,657.74694399357,658.8551635742188,12474030,0.0,0.0,632.2871368408203,641.0985855979171,64.5058150457465,4.220712130276297,3.395993538590705,0.824718591685592,12.07562905857518,507827582.0,-0.009148953485150732
2022-07-11 00:00:00+05:30,657.3933658998847,664.8916231218724,657.0396750645727,663.1231689453125,7462880,0.0,0.0,634.1628784179687,641.9622947487953,66.54420929604726,5.528438788106769,3.7629761571369413,1.7654626309698274,11.77393755848407,515290462.0,0.008715942908222842
2022-07-12 00:00:00+05:30,662.6986053677782,662.6986053677782,655.2239519495864,656.3557739257812,9876974,0.0,0.0,636.0445129394532,642.5267449125988,60.60136143868106,5.950159629143968,3.347757598539313,2.6024020306046554,11.497171804001356,505413488.0,-0.00957121592020988
2022-07-13 00:00:00+05:30,655.5069552255418,657.4876006966006,638.6476936073309,640.3453979492188,15945610,0.0,0.0,637.2329162597656,642.4412018944271,49.36831963770178,4.93557861895863,1.8665412706831797,3.06903734827545,12.021652895806236,489467878.0,-0.023129513966951527
2022-07-14 00:00:00+05:30,642.302473336621,647.3248940578014,636.2897299188222,637.1386108398438,10372410,0.0,0.0,638.8775787353516,642.2332571471886,47.47034391064527,3.8286209798151276,0.607666905231742,3.2209540745833856,11.951189413175735,479095468.0,-0.00803961172678056
2022-07-15 00:00:00+05:30,638.0581580929912,643.6700632363012,635.1343373797665,642.3260498046875,13595646,0.0,0.0,640.5823669433594,642.2368960749337,50.76765828664606,3.3315282628120713,0.08845935058294829,3.243068912229123,11.707227730558515,492691114.0,0.006688875704453061
2022-07-18 00:00:00+05:30,635.7002896061556,644.2360164027764,632.8943655088979,635.4880981445312,20332220,0.0,0.0,641.1812866210937,641.9722373325651,46.61400777081246,2.3586243975372554,-0.7075556117534942,3.0661800092907496,11.681115099367087,472358894.0,-0.00033379167053047116
2022-07-19 00:00:00+05:30,630.512809391024,640.675548231065,630.512809391024,635.723876953125,15792538,0.0,0.0,641.4524536132812,641.7272035921949,46.77571004332466,1.588307434858848,-1.1822980595455217,2.7706054944043697,11.572659652272367,488151432.0,0.008264808397999182
2022-07-20 00:00:00+05:30,641.3121564381609,646.5939159124516,639.1192620114125,643.7408447265625,20347862,0.0,0.0,642.2730163574219,641.8061699111897,52.08955701286433,1.6062125721246048,-0.931514337823812,2.5377269099484168,11.522472459919099,508499294.0,0.003787061049786655
2022-07-21 00:00:00+05:30,641.6187181747202,645.8394053913139,640.4632936797225,641.7130126953125,12640278,0.0,0.0,642.8766479492188,641.8025166870377,50.71043395918445,1.4401720182345343,-0.8780439133711058,2.31821593160564,11.083446692181408,495859016.0,0.00014696348145906097
2022-07-22 00:00:00+05:30,644.1888382588083,658.8080578679028,642.4911339466084,656.6859130859375,12729592,0.0,0.0,643.7891693115234,642.3861792909162,59.28260746756539,2.488090452835081,0.13589961698355246,2.3521908358515287,11.512846583639185,508588608.0,0.019399707174231336
2022-07-25 00:00:00+05:30,657.8648559424321,662.392086448449,652.3473027580457,658.619384765625,10143126,0.0,0.0,644.7405975341796,643.022775584042,60.244117715981886,3.434991919316758,0.8662408667721833,2.5687510525445747,11.407984948408057,518731734.0,0.0011469359038977758
2022-07-26 00:00:00+05:30,658.3364630044844,661.1659893497758,653.7620851063408,657.275390625,8527964,0.0,0.0,645.8688690185547,643.5817016640796,59.19765749548361,4.030507872785961,1.1694054561931084,2.8611024165928525,11.121979183767126,510203770.0,-0.0016117478510029458
2022-07-27 00:00:00+05:30,654.9881810323875,663.0523193489352,652.7952866705289,662.2977905273438,9212778,0.0,0.0,647.2942443847656,644.3156659332271,61.8635746902997,4.851795773009599,1.5925546851333965,3.259241087876202,11.060197290527066,519416548.0,0.01115991052454549
2022-07-28 00:00:00+05:30,667.320244004298,671.5409311840824,665.4102906606323,668.1690673828125,17420406,0.0,0.0,648.9176849365234,645.2510934410541,64.76210267431907,5.908327799854533,2.119269369582664,3.7890584302718686,10.93040753097075,536836954.0,0.0012719880539230066
2022-07-29 00:00:00+05:30,678.1431305529354,678.4260716670543,667.4381125062775,676.35107421875,20019736,0.0,0.0,650.8146453857422,646.4707005303754,68.36995898070627,7.321459388427911,2.825920766524834,4.495538621903077,10.93451836167118,556856690.0,-0.0026425930654554214
2022-08-01 00:00:00+05:30,678.6147086557359,683.0711894488651,674.39402171551,681.986572265625,13193036,0.0,0.0,652.9485778808594,647.8634798141107,70.60253510381601,8.794733732064401,3.439356088129059,5.355377643935342,10.773279031077172,570049726.0,0.004968745249522299
2022-08-02 00:00:00+05:30,680.0294980424369,681.2556146115268,671.0929336989286,674.4883422851562,15036510,0.0,0.0,654.7795196533203,648.9075920678773,64.11774536105935,9.25063421673292,3.116205258238061,6.134428958494858,10.781876140764258,555013216.0,-0.00814840499306525
2022-08-03 00:00:00+05:30,671.988870115836,677.0820403027882,668.2397709274253,676.068115234375,10975498,0.0,0.0,656.2496917724609,649.9727106234263,64.85026332505234,9.628422646918239,2.795194950738704,6.833227696179534,10.643332800378445,565988714.0,0.006070405775970419
2022-08-04 00:00:00+05:30,679.0863285770612,682.2459433291127,666.3298575030879,675.2664794921875,12012206,0.0,0.0,657.1009063720703,650.9646231280836,64.13478043748869,9.750736968661954,2.3340074179859354,7.416729550676019,11.019958016496048,553976508.0,-0.005624983045789904
2022-08-05 00:00:00+05:30,675.7852331153254,677.6479816662533,670.1969298956786,672.9793090820312,9268982,0.0,0.0,657.8071136474609,651.8279441458856,62.03192742372474,9.552995427694782,1.70901270161501,7.843982726079772,10.765036141787375,544707526.0,-0.004152094327896127
2022-08-08 00:00:00+05:30,673.4272780571347,690.6402301923486,673.0028375870037,689.48486328125,15357736,0.0,0.0,659.1251983642578,653.3046860727626,69.74218856540634,10.60588606046224,2.209522667505974,8.396363392956266,11.257599353825228,560065262.0,0.023844572008490814
2022-08-10 00:00:00+05:30,689.1546810277104,693.9413077457161,683.3541867976778,691.4890747070312,17353102,0.0,0.0,660.8818634033203,654.802113078028,70.52490395251077,11.469815689211714,2.4587618370043582,9.011053852207356,11.209708039126163,577418364.0,0.0033873290620905364
2022-08-11 00:00:00+05:30,701.0152327026517,703.1373777057879,695.3797817766259,700.637939453125,18301766,0.0,0.0,663.8964904785156,656.5995964652867,73.85028675977628,12.74579745000915,2.9877948782414343,9.758002571767715,11.24103625052834,595720130.0,-0.0005382097733769748
2022-08-12 00:00:00+05:30,700.3077293360564,702.3355794578465,696.0398376557838,700.3784790039062,8850370,0.0,0.0,667.0584838867187,658.3164153883698,73.5966960273629,13.579549307106277,3.057237388270849,10.522311918835427,10.887800932780795,586869760.0,0.00010102654145624165
2022-08-16 00:00:00+05:30,704.9293495706555,711.3900783325463,701.7461324485179,708.3955078125,12563756,0.0,0.0,670.3619567871094,660.2803013657867,76.30425833928838,14.717556059567642,3.356195312585772,11.36136074698187,10.89664367534217,599433516.0,0.004917029265352027
2022-08-17 00:00:00+05:30,707.3816237736276,713.3943675757034,700.6614983477781,712.0503540039062,12384350,0.0,0.0,674.1900695800781,662.3104995084582,77.44004996514695,15.73299003691227,3.497303431944319,12.23568660496795,11.027802643383826,611817866.0,0.006600016276041628
2022-08-18 00:00:00+05:30,707.3816163411593,713.9366974992934,707.2165721440524,712.899169921875,8342138,0.0,0.0,678.0488342285156,664.2943689364354,77.70730142942445,16.41697644524629,3.3450318722226715,13.07194457302362,10.720111408516477,620160004.0,0.007799967447916618
2022-08-19 00:00:00+05:30,712.0974537297077,713.0406291651112,702.6656993756718,704.1040649414062,8063702,0.0,0.0,681.0669952392578,665.8555334856499,68.63458812556532,16.064171365638686,2.393781434092052,13.670389931546634,10.6954555785824,612096302.0,-0.011225133226407396
2022-08-22 00:00:00+05:30,700.213525488783,701.8876274880904,692.1493287805895,693.3990478515625,8234066,0.0,0.0,683.6512969970703,666.9356713039209,59.524871869467304,14.75072817227624,0.8642705925836847,13.886457579692555,10.785404191599142,603862236.0,-0.009731999438976416
2022-08-23 00:00:00+05:30,685.3584494590214,696.0398651537556,683.9908335717049,691.2532958984375,14966884,0.0,0.0,685.3796661376953,667.8893036409609,57.86693075605103,13.382406674979052,-0.40324072377080356,13.785647398749855,10.875663290917108,588895352.0,0.00860111441548457
2022-08-24 00:00:00+05:30,689.4141401173106,695.8277219749027,688.1408186579566,694.5780029296875,13455520,0.0,0.0,687.1775970458984,668.9359192993423,59.73814272097888,12.423072653378995,-1.0900597962966891,13.513132449675684,10.64789472134775,602350872.0,0.00749021888570234
2022-08-25 00:00:00+05:30,697.9027781141157,701.1567453606775,687.1034062688567,690.8053588867188,11823040,0.0,0.0,688.8540954589844,669.7935443812003,56.66292404898864,11.228932540112055,-1.8273599276509032,13.056292467762958,10.891140747810113,590527832.0,-0.01016963888089927
2022-08-26 00:00:00+05:30,694.2007872555698,698.7987679296169,689.0840139904456,690.9232177734375,7706176,0.0,0.0,690.285366821289,670.6221590240331,56.73785022542803,10.174789484611438,-2.305202386521218,12.479991871132656,10.807113118621631,598234008.0,-0.004721356619444001
2022-08-29 00:00:00+05:30,677.6715227368038,681.9158120232556,673.7101745560773,678.8033447265625,8653178,0.0,0.0,690.8170806884766,670.942989835897,47.62015290842112,8.266114431866072,-3.3711019514132676,11.63721638327934,11.264679554245816,589580830.0,0.0016701631273921362
2022-08-30 00:00:00+05:30,682.1280130297932,702.6420782020836,680.548205731046,700.8264770507812,10135400,0.0,0.0,692.0408508300782,672.1148912953042,60.151329086544585,8.433344083848056,-2.563097839545028,10.996441923393084,12.162826262908334,599716230.0,0.027411957380163072
2022-09-01 00:00:00+05:30,690.7581639054805,702.4063584233431,688.0465343151363,694.2479248046875,22403136,0.0,0.0,692.6539184570313,672.9828533937115,55.85290464986244,7.943473186608799,-2.442374989427428,10.385848176036227,12.319754680429652,577313094.0,0.0050520733326932035
2022-09-02 00:00:00+05:30,694.2478943638371,702.9015177723857,690.9703250712756,700.5435791015625,12038086,0.0,0.0,693.9566802978516,674.0636661665684,58.88120973125114,7.971364727421701,-1.931586758891621,9.902951486313322,12.292000253335393,589351180.0,0.009068352657366534
2022-09-05 00:00:00+05:30,700.8265572621681,706.9100508677317,699.8833817439989,705.0473022460938,12131932,0.0,0.0,695.4056396484375,675.2787107187067,60.94510863968405,8.261646672893903,-1.3130438507355358,9.574690523629439,11.91590517264949,601483112.0,0.006022524318162727
2022-09-06 00:00:00+05:30,706.86287785648,710.5176828562526,700.9915759296308,702.3591918945312,12238696,0.0,0.0,696.7602752685547,676.3406903726607,59.04027711171457,8.1804895745164,-1.1153607592904304,9.29585033380683,11.745205297933223,589244416.0,-0.0063713714541156355
2022-09-07 00:00:00+05:30,693.8470806406701,702.665748552129,693.8470806406701,699.0345458984375,9776206,0.0,0.0,698.063037109375,677.2306454913187,56.680690900388505,7.758466075249885,-1.229907406845557,8.988373482095442,11.536166913185054,579468210.0,0.007476381183268045
2022-09-08 00:00:00+05:30,702.712847969888,707.3815778973828,698.963748633776,706.249755859375,11164690,0.0,0.0,698.9012817382812,678.3686498194778,60.381321188411775,7.914977620284162,-0.8587166894490235,8.773694309733186,11.313428509643751,590632900.0,0.005033219329495677
2022-09-09 00:00:00+05:30,705.5895524241702,711.6258985131875,704.5756848382944,706.7213745117188,15128888,0.0,0.0,699.6628967285156,679.4805213760362,60.618140480773086,7.985023451249731,-0.6309366867867645,8.615960138036495,11.00891316430442,605761788.0,0.0016040799975850296
2022-09-12 00:00:00+05:30,707.3815614374374,709.2679122679373,702.6656843611878,704.33984375,11080492,0.0,0.0,699.8479919433594,680.4553967632505,58.709707501214055,7.758925583393307,-0.6856276437145521,8.444553227107859,10.694149931621924,594681296.0,-0.004299967447916641
2022-09-13 00:00:00+05:30,706.8628644259446,714.8798558860245,706.697820232786,713.5593872070312,13001966,0.0,0.0,700.5070373535157,681.7535924669282,63.500419659425276,8.228824730979454,-0.1725827969027236,8.401407527882178,10.683140089079254,607683262.0,0.009473581253309988
2022-09-14 00:00:00+05:30,704.575714215492,725.72641368891,703.7739804852382,720.8926391601562,20219760,0.0,0.0,701.1318939208984,683.2884570431333,66.80002328207244,9.088192313172726,0.5494278282324387,8.538764484940288,11.488089597264437,627903022.0,0.02315851173330932
2022-09-15 00:00:00+05:30,721.5292829085342,726.6931459261332,713.0407031096103,717.1434936523438,13539372,0.0,0.0,701.3865509033203,684.6161055376122,63.63282343921814,9.35883972522879,0.656060192230802,8.702779532997988,11.6426862557829,614363650.0,-0.0060784632863562695
2022-09-16 00:00:00+05:30,708.8435684100325,714.3139750505487,699.3646657084763,703.962646484375,20560046,0.0,0.0,700.9397247314453,685.3747934178774,53.948412028189715,8.412768382526224,-0.23200892037741205,8.644777302903636,12.080982090646081,593803604.0,-0.0068857532792540215
2022-09-19 00:00:00+05:30,702.1941452961701,713.9838388034932,697.9498556335337,708.6077270507812,12076038,0.0,0.0,701.164907836914,686.2858888544619,56.4631002457305,7.946220129210019,-0.5588457389548935,8.505065868164913,12.363339310597038,605879642.0,0.009133630346499227
2022-09-20 00:00:00+05:30,713.983878642824,718.6997563088929,712.050380313109,717.1434936523438,10781668,0.0,0.0,702.3521301269532,687.4959910033984,60.708972175236624,8.171051510021925,-0.2672114865143893,8.438262996536315,12.201102878276654,616661310.0,0.00442533102501651
2022-09-21 00:00:00+05:30,711.1542958001653,717.5207301458564,709.7395326122339,716.0352172851562,9072304,0.0,0.0,703.5912261962891,688.6151763477811,59.8922576140616,8.165674545354932,-0.2180707609451069,8.383745306300039,11.8853953536585,607589006.0,0.006863379035767634
2022-09-22 00:00:00+05:30,708.3247614946532,712.1682129588786,699.2466978070553,700.7793579101562,12048144,0.0,0.0,703.9012939453125,689.0922030757174,49.93392914850473,6.851414072520697,-1.2258649870234741,8.077279059544171,12.23561850540439,595540862.0,-0.010652463382157118
2022-09-23 00:00:00+05:30,694.3421471310152,695.5918660647744,677.6715332441227,681.986572265625,15806252,0.0,0.0,703.4603546142578,688.8135508870864,40.910191811283354,4.244504430451229,-3.0662197032743537,7.310724133725583,13.01220465973505,579734610.0,-0.017794649102668973
2022-09-26 00:00:00+05:30,672.1775623356787,677.4121746478401,668.7114040186301,672.7906494140625,8923486,0.0,0.0,702.5537261962891,688.185201809713,37.35301681900754,1.4201055440278196,-4.712494871758211,6.1326004157860305,13.030987773110754,570811124.0,0.0009120909603907194
2022-09-27 00:00:00+05:30,675.5023093466366,679.0863647583774,663.5239688993313,666.7543334960938,12639700,0.0,0.0,701.9512756347656,687.3447756013358,35.19002622676911,-1.290455600262021,-5.938444812838442,4.647989212576421,13.211802636391848,558171424.0,-0.012950327081789125
2022-09-28 00:00:00+05:30,663.0523337298828,665.2216257265801,653.5734320796911,655.2947387695312,11816132,0.0,0.0,699.6746887207031,686.0879114118532,31.4649284482426,-4.313564274399823,-7.169242789580996,2.8556785151811725,13.20959540639262,546355292.0,-0.011699823024093071
2022-09-29 00:00:00+05:30,658.4779754156574,661.2602969902524,650.2251900781182,651.8992919921875,14410388,0.0,0.0,697.5572570800781,684.7471812385329,30.43684109878787,-6.90380113495803,-7.807583720111362,0.9037825851533319,13.054274799659876,531944904.0,-0.009990741784973403
2022-09-30 00:00:00+05:30,650.2251756522115,675.0542232205179,643.7172420465353,670.2911987304688,15781756,0.0,0.0,696.0446380615234,684.1802799637069,41.57291271162297,-7.387352540775169,-6.6329081007428,-0.7544444400323683,14.360182397825787,547726660.0,0.030860114049152117
2022-10-03 00:00:00+05:30,664.9151546856771,668.6407095898998,660.741614425757,666.4478149414062,11541112,0.0,0.0,694.1146636962891,683.4848891785186,40.127260218920505,-7.988611721773282,-5.7873338253927304,-2.2012778963805513,14.016568248317641,536185548.0,0.002305046358063101
2022-10-04 00:00:00+05:30,674.1346681913834,687.5749186589975,672.5548607901416,685.2169799804688,11538526,0.0,0.0,693.2575531005859,683.5528143080069,49.383983865367036,-6.871390088706676,-3.7360897538608997,-3.135300334845776,14.524463638980041,547724074.0,0.016439314445610333
2022-10-06 00:00:00+05:30,688.4944852299485,689.7442042311666,676.351101149939,677.6715698242188,12549198,0.0,0.0,692.189404296875,683.3221772694269,46.285857932952915,-6.519680615563971,-2.7075042245745555,-3.812176390989415,14.443652170569147,535174876.0,-0.015719683509324033
2022-10-07 00:00:00+05:30,674.4883454230545,676.7047847095339,669.8196154201257,674.7477416992188,13297994,0.0,0.0,690.6143035888672,682.9859248941247,45.1050168226267,-6.403066256371744,-2.072711892305863,-4.330354364065881,13.972816615820852,521876882.0,0.0003845822954902794
2022-10-10 00:00:00+05:30,663.9955167844523,672.4840958342536,659.3739340528161,667.296630859375,13109302,0.0,0.0,688.64306640625,682.3706584613893,42.1535927845652,-6.833122922218422,-2.0022148465220324,-4.83090807569639,14.07288740371955,508767580.0,0.0049715909090908735
2022-10-11 00:00:00+05:30,660.7416104142247,668.2398674408724,659.9634790834363,660.5294189453125,14521620,0.0,0.0,686.4525451660156,681.5141392646805,39.618037107389,-7.632026127383028,-2.240894441349311,-5.3911316860337175,13.658851757556453,494245960.0,-0.0003211413744310927
2022-10-12 00:00:00+05:30,661.7318962374871,667.2259049425846,658.9495746144818,664.8444213867188,9225050,0.0,0.0,684.016796875,680.8604248380938,42.01313960412925,-7.8267560662757205,-1.9484995041936024,-5.878256562082118,13.27438594116691,503471010.0,0.004703604536714904
2022-10-13 00:00:00+05:30,661.1896631540692,663.1703087828873,652.6774807861447,657.2047119140625,14714234,0.0,0.0,680.8324005126954,679.9327498214651,39.059079283720784,-8.499563969879091,-2.0970459262375787,-6.402518043641512,13.195282702553138,488756776.0,-0.006026941227419232
2022-10-14 00:00:00+05:30,668.2398159936371,682.3874479483366,667.4145374629463,678.61474609375,12849920,0.0,0.0,678.9059631347657,679.8810634007704,49.72729272331674,-7.22190858691647,-0.6555124346199657,-6.566396152296504,14.051529369104633,501606696.0,0.01552575864502469
2022-10-17 00:00:00+05:30,676.7283708004076,687.3862416424985,672.9556690816596,682.1752319335938,18410500,0.0,0.0,677.8165924072266,679.9710307942145,51.255508962916615,-5.854568221737168,0.5694623444474702,-6.424030566184638,14.078603882799936,520017196.0,0.008048814514372817
2022-10-18 00:00:00+05:30,687.5984966532237,689.8856855767972,679.0863152992906,680.9019165039062,10561108,0.0,0.0,676.4313018798828,680.0075361161632,50.66237943864454,-4.8181464517085715,1.2847072915808537,-6.102853743289425,13.844372910993267,509456088.0,-0.009739084919341749
2022-10-19 00:00:00+05:30,690.4044526268193,696.7237398677871,685.4056340870196,687.8814697265625,12967040,0.0,0.0,674.9682006835938,680.316317826375,53.817138085096055,-3.3944539651015475,2.166719822550303,-5.5611737876518506,13.985619371913808,522423128.0,-0.003654354908427193
2022-10-20 00:00:00+05:30,680.9726839880458,685.1698263099316,680.2653023911053,683.236328125,7898078,0.0,0.0,673.328256225586,680.4308280341642,51.45881274144317,-2.610894749051454,2.360223230880318,-4.971117979931772,13.53065851216691,514525050.0,0.0033241335374826135
2022-10-21 00:00:00+05:30,684.7453734239195,687.4098555707939,676.2567944145321,678.4260864257812,10492606,0.0,0.0,672.2105926513672,680.3522107161883,49.06122698785529,-2.3509642765959597,2.09612296266865,-4.44708723926461,13.360830129602256,504032444.0,-0.009228666951833617
2022-10-24 00:00:00+05:30,685.8300883492534,689.932878750484,685.8300883492534,689.0133056640625,2167794,0.0,0.0,672.5619293212891,680.6918614984579,54.12726782061187,-1.275958932711319,2.5369026452426326,-3.8128615779539516,13.228398857823716,506200238.0,0.004641408081804762
2022-10-25 00:00:00+05:30,689.0368566398386,692.1965291353515,681.4443053051746,684.2266845703125,13773394,0.0,0.0,673.1337310791016,680.8304820110797,51.62731631821281,-0.8010161558620439,2.4094763376735266,-3.2104924935355705,13.051529212991804,492426844.0,-0.006981008378830962
2022-10-27 00:00:00+05:30,690.6402832234318,691.984296842996,684.3917453246878,685.8772583007812,15937276,0.0,0.0,674.089877319336,681.0283948067542,52.44299762960458,-0.2881119031264916,2.337904472327263,-2.6260163754537547,12.673392288684065,508364120.0,-0.006896535053559294
2022-10-28 00:00:00+05:30,683.802238890279,691.8192306565788,682.576122251159,687.905029296875,10474278,0.0,0.0,675.7203918457031,681.2980667475433,53.48081535779079,0.27877899432473896,2.3238362958227947,-2.0450573014980558,12.428372011308053,518838398.0,0.005999966325431003
2022-10-31 00:00:00+05:30,694.177183755342,706.4384655336293,691.937141892001,705.8253784179688,12830528,0.0,0.0,678.4166961669922,682.2599221071679,61.480906177183066,2.1492908353857274,3.3554785095070265,-1.2061876741212991,12.864448027411353,531668926.0,0.01677985813306725
2022-11-01 00:00:00+05:30,709.0321466208646,721.0576336436994,706.8628545928627,713.630126953125,19073756,0.0,0.0,680.583642578125,683.490126218774,64.35596550209334,4.212899245455787,4.335269535661669,-0.12237029020588175,13.03357711300559,550742682.0,0.006484868639840396
2022-11-02 00:00:00+05:30,715.3985936841711,720.703955700616,712.8520084029051,714.078125,12720406,0.0,0.0,682.9651580810547,684.6896555827436,64.51966987856142,5.817413949444244,4.7518273917201,1.0655865577241435,12.663460697627398,563463088.0,-0.0018457803745055964
2022-11-03 00:00:00+05:30,706.2968926240536,716.9312185471888,705.9668042526832,710.9420776367188,10332352,0.0,0.0,684.2514129638672,685.7191623299583,62.36056061200406,6.758048028154121,4.553969176343982,2.2040788518101393,12.542100240261552,553130736.0,0.006576816436792209
2022-11-04 00:00:00+05:30,708.8906689479891,714.9741623177174,702.4770871864439,706.03759765625,10818060,0.0,0.0,685.6697143554687,686.5159637153031,59.03338874488607,7.026756689349327,3.8581422700313497,3.168614419317977,12.538884161048122,542312676.0,-0.004024698612513968
2022-11-07 00:00:00+05:30,712.0974373973005,713.0406128110717,703.656005930676,711.5315551757812,9835834,0.0,0.0,687.5089050292969,687.4969673019885,61.510708980182436,7.59547083640939,3.541485133673131,4.053985702736259,12.313578641001522,552148510.0,-0.0007946696502483313
2022-11-09 00:00:00+05:30,714.4790082459867,715.8465665997027,709.2679408400649,711.3193359375,9269790,0.0,0.0,689.7100402832032,688.4311778367146,61.35636281135945,7.93755735613604,3.106857322719824,4.830700033416216,11.903939149475542,542878720.0,-0.004422344494408008
2022-11-10 00:00:00+05:30,706.0139333235766,720.1144170503105,705.047213079832,719.0533447265625,12774182,0.0,0.0,692.6362365722656,689.6320471265126,64.8208216524906,8.732075332187492,3.1211002390170206,5.610975093170471,12.129886636690042,555652902.0,0.01846905675303405
2022-11-11 00:00:00+05:30,728.6030440788871,771.9891153120636,725.3019299633194,759.798583984375,56722338,0.0,0.0,697.3839447021485,692.3836760228993,76.68159751008817,12.505382572370195,5.515525983359778,6.989856589010417,15.044592633033693,612375240.0,0.04281554978256482
2022-11-14 00:00:00+05:30,760.1994517209869,767.744855708292,753.597223232095,761.6378173828125,19195390,0.0,0.0,702.605599975586,695.0995247036801,77.05761719791639,15.465885409740508,6.780823056584072,8.685062353156436,14.980524050402503,631570630.0,0.0018920898437500401
2022-11-15 00:00:00+05:30,765.4576499463094,765.4576499463094,757.0162179062145,763.5005493164062,11030202,0.0,0.0,706.8498901367187,697.7819178257479,77.45414774183094,17.757712283753335,7.258119944477519,10.499592339275816,14.513446049666246,642600832.0,-0.002556771925971903
2022-11-16 00:00:00+05:30,763.3354779865733,774.3470397856215,760.1994081208417,770.0556030273438,13578150,0.0,0.0,711.2439086914062,700.6161799905163,78.84014205900735,19.87384631544785,7.499403180937627,12.374443134510223,14.487316450745789,656178982.0,0.008803632524058616
2022-11-17 00:00:00+05:30,763.0761290309966,769.4190188274787,761.0954835018518,763.0997314453125,12100930,0.0,0.0,715.3537994384766,703.0665153416849,73.66507020430787,20.750419162050093,6.700780822031895,14.049638340018198,14.092516670370511,644078052.0,3.09306154627482e-05
2022-11-18 00:00:00+05:30,764.4437203981009,765.3868958705231,757.016213552777,761.095458984375,10459232,0.0,0.0,719.0144989013672,705.3421601904178,72.19457558144656,21.04083576393373,5.592957939132422,15.447877824801306,13.683814216611623,633618820.0,-0.004379997276950951
2022-11-21 00:00:00+05:30,758.1480260624634,760.1994211757128,749.9187856293463,753.2906494140625,8344816,0.0,0.0,722.5172149658204,707.222493101149,66.61780963050997,20.405982642832555,3.9664838544249967,16.43949878840756,13.504732726498556,625274004.0,-0.0064068974414248185
2022-11-22 00:00:00+05:30,754.5403727468652,756.5917678718984,750.2960831501641,752.1824340820312,8546314,0.0,0.0,726.2050323486328,708.9856280415758,65.84010463357049,19.58763914376982,2.518512284289809,17.06912685948001,12.989800726158247,616727690.0,-0.0031249999999999416
2022-11-23 00:00:00+05:30,756.8983030612346,756.8983030612346,751.7108380558305,754.1395263671875,10185738,0.0,0.0,729.4613433837891,710.7563691523841,66.58205710679998,18.879387192678678,1.4482082665589324,17.431178926119745,12.432491031818664,626913428.0,-0.003644844601830132
2022-11-24 00:00:00+05:30,757.3462988328882,769.6311823375081,754.1395367799325,766.4008178710938,17197960,0.0,0.0,733.5700500488281,712.938504396255,70.85333665187537,19.087447952760158,1.3250152213123307,17.762432731447827,12.65100281314023,644111388.0,0.011955586304652202
2022-11-25 00:00:00+05:30,768.5465506132356,769.489726134669,761.1897930594284,762.8639526367188,8410496,0.0,0.0,737.419384765625,714.8963651115673,68.14753826550681,18.750794649765567,0.7906895346541916,17.960105115111375,12.34021211757597,635700892.0,-0.007393954174906641
2022-11-28 00:00:00+05:30,755.9079831567495,758.0536727859367,751.7344432638932,754.6582641601562,16105980,0.0,0.0,740.757046508789,716.4556552703356,62.211620983597015,17.618765834192004,-0.27307142473549817,17.891837258927502,12.253733350093794,619594912.0,-0.001653268684072276
2022-11-29 00:00:00+05:30,753.2434871035274,760.3644501747622,751.1684896184818,753.5264282226562,12638236,0.0,0.0,743.1420989990235,717.9094110723875,61.41696500156782,16.440776108068007,-1.1608489206875987,17.601625028755606,12.035321007678553,606956676.0,0.0003756303558851243
2022-11-30 00:00:00+05:30,753.1727592813091,760.6238685133986,753.1727592813091,758.5252685546875,15184806,0.0,0.0,745.3868560791016,719.5021897971835,63.62679890601095,15.72925830231452,-1.4978933811528705,17.22715168346739,11.707877309422193,622141482.0,0.007106615590406933
2022-12-01 00:00:00+05:30,764.9153585784337,771.9891750880986,761.6142442072568,763.7363891601562,20446366,0.0,0.0,747.8697692871094,721.2368642820061,65.82429100058866,15.408252453772207,-1.4551193837561485,16.863371837528355,11.833307968278543,642587848.0,-0.001541307028360015
2022-12-02 00:00:00+05:30,759.256226736779,763.3118696022493,756.9690378155713,757.8886108398438,7811078,0.0,0.0,750.2170959472656,722.6741876764312,61.34538302105494,14.514670085871899,-1.8789614013251672,16.393631487197066,11.471453923729003,634776770.0,-0.001801257400038935
2022-12-05 00:00:00+05:30,759.2326367238278,761.4255311638998,752.7483054889632,760.6473999023438,11592622,0.0,0.0,752.9475860595703,724.1633332539179,62.63701788748854,13.869234935541272,-2.0195172413246354,15.888752176865907,11.271866191672403,646369392.0,0.0018634119637174888
2022-12-06 00:00:00+05:30,755.0119570034294,761.0010981577863,754.5403692726339,759.798583984375,12353092,0.0,0.0,755.3609375,725.5607940668771,61.95110783811259,13.137786354953732,-2.2007726575297397,15.338559012483472,10.928213526920969,634016300.0,0.006339802881987791
2022-12-07 00:00:00+05:30,761.2132928084955,763.3118350339058,756.6388576063838,759.4683837890625,11674720,0.0,0.0,757.7683898925782,726.8905034677471,61.668199430110946,12.388654985864946,-2.359923221294821,14.748578207159767,10.624268091249617,622341580.0,-0.002292273448083274
2022-12-08 00:00:00+05:30,759.2563053707017,766.8017096476777,756.8983665341468,763.7363891601562,14803634,0.0,0.0,760.0025421142578,728.3354401615671,63.959191656908246,12.00101511107232,-2.198050476869959,14.199065587942279,10.572773449983996,637145214.0,0.005900621118012501
2022-12-09 00:00:00+05:30,766.801625513544,770.9751652829488,763.9720992201361,769.1831665039062,11963384,0.0,0.0,760.4717712402344,729.9373117828353,66.69492730768953,11.995045708259681,-1.7632159037460777,13.758261612005759,10.334630783756031,649108598.0,0.0031058110874077915
2022-12-12 00:00:00+05:30,766.3300326387239,779.8174296997936,764.6323283874807,775.1723022460938,14434808,0.0,0.0,761.1484954833984,731.711232977473,69.44167268782161,12.331438962318657,-1.1414581197496823,13.47289708206834,10.681092964367236,663543406.0,0.011538461538461513
2022-12-13 00:00:00+05:30,778.1197302885297,781.4208442958143,775.7617917118978,777.3180541992188,17031702,0.0,0.0,761.8393707275391,733.4997357704826,70.38406873076353,12.625636807630485,-0.6778082195502844,13.30344502718077,10.364482184749615,680575108.0,-0.001030273437500011
2022-12-14 00:00:00+05:30,779.534541877773,785.4293886856811,778.119778643875,783.896728515625,14227640,0.0,0.0,762.5314270019531,735.476088427155,73.1209808110849,13.237046326404197,-0.05311896062125854,13.290165287025456,10.203543063443384,694802748.0,0.005595886267392592
2022-12-15 00:00:00+05:30,781.4444551753866,787.2685520094003,767.2968235623035,769.536865234375,18182648,0.0,0.0,762.8532836914062,736.811805164693,60.07131984565583,12.41970518817675,-0.696368079078967,13.116073267255716,10.901270590847199,676620100.0,-0.015237922365626152
2022-12-16 00:00:00+05:30,763.9957226009632,775.8089606600465,758.7846551741723,773.2388305664062,14647958,0.0,0.0,763.4604522705079,738.2403159647603,61.956299637506774,11.933116571457731,-0.9463653566383883,12.87948192809612,11.338630226206275,691268058.0,0.012098376590350063
2022-12-19 00:00:00+05:30,775.2902301000341,776.5399491010982,766.8959454578511,775.6439208984375,9604542,0.0,0.0,764.5781158447265,739.7071240013751,63.17269677668583,11.6077552991311,-1.0173813031720158,12.625136602303115,11.217585470280618,700872600.0,0.0004562043795621251
2022-12-20 00:00:00+05:30,764.0664500268723,771.7062061220263,764.0664500268723,770.2914428710938,7174698,0.0,0.0,765.4835662841797,740.9065090550896,58.67631044220106,10.7935822055357,-1.465243517413933,12.258825722949632,11.243291570372374,693697902.0,0.0081471877792861
2022-12-21 00:00:00+05:30,773.8754349641648,775.6674912955178,757.6292613214903,762.8402709960938,9269198,0.0,0.0,765.918603515625,741.7666565821878,53.01888117592853,9.438298040120117,-2.2564221462636134,11.69472018638373,11.728644313490602,684428704.0,-0.014259612683767455
2022-12-22 00:00:00+05:30,765.0095918624634,767.5090298558661,758.7846568590405,760.2230224609375,9747096,0.0,0.0,765.6097137451172,742.4904356362565,51.15321334583319,8.060123405834702,-2.9076774244392247,10.967800830273926,11.514053505157381,674681608.0,-0.006256875014955913
2022-12-23 00:00:00+05:30,748.4097688262691,756.4975103556286,747.6787847776702,753.4321899414062,10693152,0.0,0.0,765.1381256103516,742.91952404038,46.57381603056228,6.346784862818595,-3.6968127739642647,10.04359763678286,11.587638089308088,663988456.0,0.006710790431041288
2022-12-26 00:00:00+05:30,754.3045596516271,772.932274628957,749.8244763026489,768.4285888671875,9907322,0.0,0.0,765.8266418457031,743.9198795237843,55.95184865817804,6.128391504246338,-3.1321649060292174,9.260556410275555,12.41050667766523,673895778.0,0.018724570910831507
2022-12-27 00:00:00+05:30,770.1027542643222,771.4939150251344,760.9067936347116,769.2067260742188,7926772,0.0,0.0,766.6106567382812,744.9115205649779,56.379707038305675,5.949520000464304,-2.6488291278490017,8.598349128313306,12.280264871433628,681822550.0,-0.0011635177061007492
2022-12-28 00:00:00+05:30,765.4340167012122,770.1027466418681,765.4340167012122,768.5936889648438,8691870,0.0,0.0,767.1140777587891,745.8402330512471,55.91887143922177,5.6926744659788255,-2.3245397298675847,8.01721419584641,11.736583804949504,673130680.0,0.004127948581706387
2022-12-29 00:00:00+05:30,764.0193335589296,775.0544988743471,759.7278963715079,774.0170288085938,11012896,0.0,0.0,767.6281097412109,746.9452054338882,59.10360408949098,5.85919952517429,-1.7264117365376963,7.585611261711986,11.993013711941629,684143576.0,0.013085657404889518
2022-12-30 00:00:00+05:30,775.7618549304027,775.7618549304027,763.9721610864757,767.8156127929688,7122640,0.0,0.0,768.1244598388672,747.7636527813031,54.27492607755859,5.4281965187370815,-1.7259317943799237,7.154128313117005,11.978490864226298,677020936.0,-0.010243146252849531
2023-01-02 00:00:00+05:30,767.2732140461434,773.285957426038,763.2883208720946,768.0748901367188,4381378,0.0,0.0,768.4958343505859,748.5601718932802,54.442510040310275,5.049339404149578,-1.6838311271739421,6.73317053132352,11.83700127063466,681402314.0,0.0010448378438076918
2023-01-03 00:00:00+05:30,765.0096098091902,774.8186578408591,765.0096098091902,773.0973510742188,8378030,0.0,0.0,769.1607727050781,749.5224142141013,57.67828271671594,5.095623854639143,-1.3100373413475017,6.405661195986645,11.692147467851393,689780344.0,0.01057207799918457
2023-01-04 00:00:00+05:30,771.0459370045786,776.1155050919176,757.8414805910445,759.2798461914062,10351600,0.0,0.0,769.1513458251953,749.9050586053683,47.65091002621466,3.971565711469225,-1.947276387613936,5.918842099083161,12.16228154163866,679428744.0,-0.015259908973623818
2023-01-05 00:00:00+05:30,761.6141800044594,763.0525456002526,749.541545692374,754.3988647460938,10941436,0.0,0.0,768.6844696044922,750.0812862971613,44.69496948591387,2.656267327747287,-2.6100598170686995,5.266327144815986,12.258618567798656,668487308.0,-0.009473714444659371
2023-01-06 00:00:00+05:30,755.4835915957991,758.831853178762,744.2597798799269,751.8995361328125,9092462,0.0,0.0,767.8202880859375,750.1525902122848,43.21662307626289,1.396115401803172,-3.0961693944102517,4.492284796213424,12.42386533430126,659394846.0,-0.004744054672869934
2023-01-09 00:00:00+05:30,752.6539465962442,759.9871581377557,749.8244204812206,753.361328125,10729340,0.0,0.0,766.7297393798829,750.278423071607,44.375482412432994,0.5095169247075546,-3.186214297204695,3.69573122191225,12.262356214460821,670124186.0,0.0009398496240601015
2023-01-10 00:00:00+05:30,754.5404348265353,754.5404348265353,738.0348628147049,739.5911254882812,16371766,0.0,0.0,764.843392944336,749.859313362457,36.76396438671641,-1.289395675657829,-3.9881015180560633,2.698705842398234,12.565443057130077,653752420.0,-0.019812469482421807
2023-01-11 00:00:00+05:30,739.4259890081794,753.5972239113556,735.6768894253534,750.2489624023438,15195798,0.0,0.0,763.1610046386719,749.8745937169624,44.67387967364621,-1.8339083503133224,-3.626091354169245,1.7921830038559228,12.94793530204952,668948218.0,0.01463699349908114
2023-01-12 00:00:00+05:30,748.787039993633,756.379591128684,747.0657332214563,754.2574462890625,9250070,0.0,0.0,762.3970336914062,750.0464702884174,47.34177723189605,-1.9198565078656884,-2.9696316093772888,1.0497751015116006,12.688358345276532,678198288.0,0.007305690407617096
2023-01-13 00:00:00+05:30,753.9508956131638,759.2091104016491,747.9381519577655,754.846923828125,9244546,0.0,0.0,761.4774383544922,750.234723368406,47.7408691362847,-1.9182922520301418,-2.374453882833394,0.45616163080325217,12.587115495177038,687442834.0,0.0011884437304534579
2023-01-16 00:00:00+05:30,761.614164421691,764.5851900712565,745.2500936370217,747.6080322265625,14748094,0.0,0.0,760.0756439208984,750.1317158726474,43.39173109672985,-2.472667253400118,-2.3430631073626964,-0.12960414603742187,13.069114133681166,672694740.0,-0.018390062645123835
2023-01-17 00:00:00+05:30,749.7301739306553,759.7278104832061,743.9296219970563,758.7374877929688,10786354,0.0,0.0,759.4979461669922,750.4691971244248,50.81109326214443,-1.9910082804764215,-1.4891233075511998,-0.5018849729252218,13.264048016000354,683481094.0,0.012014074096938498
2023-01-18 00:00:00+05:30,756.8983084915694,774.1584079381918,754.3988704897436,772.130615234375,19090642,0.0,0.0,759.9624633789062,751.3186645012856,57.95300424258662,-0.5225529555895037,-0.016534386131425438,-0.5060185694580782,13.728011546889487,702571736.0,0.020124641014408133
2023-01-19 00:00:00+05:30,771.9891408576789,778.1197815608859,770.1027898720768,775.33740234375,11172162,0.0,0.0,760.7181823730468,752.2605757892254,59.47037819614513,0.8897133271135544,1.116585517257306,-0.22687219014375168,13.320081557026608,713743898.0,0.004337187285239802
2023-01-20 00:00:00+05:30,775.3373884995036,787.0799346885775,775.0073001096627,783.2836303710938,18843404,0.0,0.0,762.2107543945312,753.477166164985,63.03058936835383,2.619937712300157,2.277447921955127,0.3424897903450301,13.230978201447197,732587302.0,0.010248753625783931
2023-01-23 00:00:00+05:30,785.7830024784703,793.4934498341298,783.4958136545451,789.0133666992188,15444400,0.0,0.0,763.2399932861329,754.8707426565235,65.39132053114878,4.402742761487048,3.248202376913614,1.1545403845734337,13.015181148703544,748031702.0,0.004111013104838672
2023-01-24 00:00:00+05:30,789.9330196527649,802.8309320567218,789.9094172404319,799.5769653320312,24983940,0.0,0.0,764.7585052490234,756.6239278594845,69.28544772646556,6.5920338703167545,4.349994788594657,2.2420390817220976,13.07249430647494,773015642.0,0.012208561282202917
2023-01-25 00:00:00+05:30,797.6435305768584,798.3744570480611,775.9033468502959,777.483154296875,14704142,0.0,0.0,765.202978515625,757.4419367393823,55.27640856371527,6.4696982875888125,3.3821273646933716,3.087570922895441,13.829717461850686,758311500.0,-0.025274919819638465
2023-01-27 00:00:00+05:30,769.6312147030733,771.9891534736097,749.8009266161166,761.9915161132812,35179948,0.0,0.0,764.6017028808594,757.6203516167901,47.95475184293776,5.064322368668172,1.5814011566181847,3.4829212120499875,14.819182477486951,723131552.0,-0.009926440669041027
2023-01-30 00:00:00+05:30,752.1824016606674,766.4715323804007,746.0517613963485,761.2133178710938,18512822,0.0,0.0,764.2715881347656,757.7612522542139,47.61357626880266,3.8434528018331093,0.28842527182649746,3.555027530006612,15.219224513670184,704618730.0,0.012006284899098763
2023-01-31 00:00:00+05:30,763.8306160964139,765.2453792731562,752.1824223013135,756.19091796875,18596244,0.0,0.0,763.6773895263672,757.6996705175291,45.370098683560464,2.442483743848584,-0.8900350289264227,3.3325187727750065,15.06520540353965,686022486.0,-0.010001822349969264
2023-02-01 00:00:00+05:30,765.8584942949353,785.1935917494257,757.3699149246713,767.5326538085938,17302790,0.0,0.0,763.3991546630859,758.085277705414,50.98651667502945,2.2217776971091325,-0.8885928605326994,3.110370557641832,16.060738859049366,703325276.0,0.002185990657712413
2023-02-02 00:00:00+05:30,758.3602199485715,766.0942702629984,749.235008852163,756.1201782226562,17497106,0.0,0.0,763.2411712646484,758.0082149806,45.87563198176423,1.1131435374280727,-1.5977816161710074,2.71092515359908,16.220517866005178,685828170.0,-0.002953796450540577
2023-02-03 00:00:00+05:30,759.7277988489126,783.0713904336558,757.8414480137819,782.2697143554688,14411100,0.0,0.0,764.6347137451172,758.9596463286341,56.60846881791637,2.317873006535706,-0.3144417176506997,2.6323147241864056,16.986996033504774,700239270.0,0.029671042103119206
2023-02-06 00:00:00+05:30,782.8356673083473,787.2686036847914,776.3277333124117,778.945068359375,11167672,0.0,0.0,765.9869903564453,759.7433883690553,55.1121130754807,2.9701209384097638,0.2702449713786863,2.6998759670310775,16.55512991485298,689071598.0,-0.004969879518072403
2023-02-07 00:00:00+05:30,782.5526935772418,785.1464261018599,769.9141193396307,780.1004028320312,10264588,0.0,0.0,767.3239440917969,760.541702661721,55.5518111083361,3.539457299509877,0.6716650659830394,2.8677922335268375,16.460642546808423,699336186.0,-0.003133706861323994
2023-02-08 00:00:00+05:30,780.1240004478371,786.7026262385309,778.1197526002305,780.006103515625,8444826,0.0,0.0,769.344692993164,761.305012499129,55.504021298100525,3.9376604027722806,0.8558945353963545,3.081765867375926,15.897944767629278,690891360.0,-0.00015112588786458012
2023-02-09 00:00:00+05:30,782.8356927947641,783.6138241232646,771.3053949246238,778.3792114257812,11777336,0.0,0.0,770.7512054443359,761.9745889276252,54.63082926825134,4.074988702688188,0.7945782682498095,3.2804104344383784,15.64155079841582,679114024.0,-0.005692741669804272
2023-02-10 00:00:00+05:30,777.5538739506845,782.1282519149407,774.4413488723904,781.468017578125,8172116,0.0,0.0,772.1117340087891,762.7390371099978,56.044710873746894,4.382543973148927,0.8817068309684384,3.5008371421804885,15.073361672996853,687286140.0,0.005033919524512223
2023-02-13 00:00:00+05:30,780.4776877459983,783.6609049014578,775.5496190283648,782.0574951171875,5736944,0.0,0.0,773.4722625732422,763.496623698515,56.32444914448138,4.620586407843803,0.8957994125306512,3.7247869953131514,14.576070544432296,693023084.0,0.002024154432590684
2023-02-14 00:00:00+05:30,785.193535641221,791.0883820048939,781.868819265366,789.2963256835938,10908592,0.0,0.0,775.5566772460937,764.5083767175378,59.71499771804079,5.331887204906707,1.285680167674844,4.046207037231863,14.19346284408198,703931676.0,0.005225195899024051
2023-02-15 00:00:00+05:30,791.3241955878706,791.3241955878706,781.3029565197882,787.6929931640625,11438712,0.0,0.0,777.0044525146484,765.4175773624995,58.62935587108334,5.700510737173772,1.3234429599535273,4.377067777220245,13.89544686008201,692492964.0,-0.0045887670869339155
2023-02-16 00:00:00+05:30,789.0605920770693,793.1634399995703,783.3072446135765,784.8399047851562,8062500,0.0,0.0,777.6399169921875,766.1792372614273,56.65547320427568,5.696758468841608,1.0557525532970908,4.641005915544517,13.60692889764714,684430464.0,-0.005349002768979706
2023-02-17 00:00:00+05:30,783.3072466373902,786.6791105369504,774.7950647895701,780.9021606445312,8956270,0.0,0.0,777.9181549072266,766.7566068058627,53.95550337210904,5.314776293330965,0.5390163022291574,4.775759991101808,13.48386581548522,675474194.0,-0.0030704247958685585
2023-02-20 00:00:00+05:30,782.8356807134411,787.2921620136481,770.9516922016458,773.5689697265625,8086706,0.0,0.0,777.432421875,767.023758292949,49.24854234419126,4.369951367000908,-0.32464689928071966,4.694598266281628,13.687908958093583,667387488.0,-0.011837364104857013
2023-02-21 00:00:00+05:30,773.4039178750379,783.9438926814864,770.5743913462268,776.46923828125,12389296,0.0,0.0,776.8052154541016,767.3941692728823,51.066731183341076,3.8112643565235658,-0.7066671278064502,4.517931484330016,13.665165556462588,679776784.0,0.003963414634146412
2023-02-22 00:00:00+05:30,772.932275967847,774.3234367203005,758.8082467278206,761.2368774414062,10359102,0.0,0.0,774.8882110595703,767.1527068481186,42.46253879603236,2.1149962971989,-1.9223481497048933,4.037344446903793,13.950581699103076,669417682.0,-0.015131207338697343
2023-02-23 00:00:00+05:30,760.6710396378085,763.429816457902,750.8148441638466,756.0730590820312,27882010,0.0,0.0,773.8177062988282,766.7182108572916,40.00193614814967,0.3499802984364351,-2.9498913187738864,3.2998716172103215,13.855181027313956,641535672.0,-0.006044637321760703
2023-02-24 00:00:00+05:30,762.9817837020979,762.9817837020979,747.5608307179671,749.3292846679688,17061740,0.0,0.0,773.1845947265625,766.0362921832005,36.98749242793091,-1.57482028403399,-3.899753520995449,2.324933236961459,13.967021881372306,624473932.0,-0.01789361073325403
2023-02-27 00:00:00+05:30,747.8909636541314,754.0687511653159,743.8353208460388,751.1920776367188,14312972,0.0,0.0,772.6835327148438,765.4541661225543,38.36905709849407,-2.916309389214234,-4.192994100940554,1.2766847117263205,13.700336769794077,638786904.0,0.004413897403517762
2023-02-28 00:00:00+05:30,750.7676902558112,757.0398302928595,749.2114276701185,754.3517456054688,18993992,0.0,0.0,772.5915740966797,765.0187770826686,40.742345173605806,-3.682046036629231,-3.966984598684441,0.2849385620552102,13.28091290214743,657780896.0,0.0047738540112672425
2023-03-01 00:00:00+05:30,760.1994758932433,760.6710636574451,752.5361747249647,753.620849609375,14137256,0.0,0.0,771.8959838867188,764.5717995346963,40.35522108624044,-4.298326611510333,-3.6666121388524346,-0.6317144726578986,12.913339761456928,643643640.0,-0.008653815863446006
2023-03-02 00:00:00+05:30,751.7109005568185,757.3463513454133,746.0518473531284,747.2072143554688,17391814,0.0,0.0,771.4503356933594,763.8908354100208,37.030205740226506,-5.243812761811341,-3.689678631322754,-1.5541341304885874,12.797708635087494,626251826.0,-0.005991247696439833
2023-03-03 00:00:00+05:30,752.6540880636177,763.9721946510405,748.8813858678101,762.0386962890625,14986234,0.0,0.0,770.4387847900391,763.8182025033167,47.751203128539025,-4.7416815542468385,-2.5500379390066006,-2.191643615240238,13.081085182264939,641238060.0,0.012468686976229635
2023-03-06 00:00:00+05:30,763.9721204407044,773.1444787365349,763.0525473965481,767.4147338867188,27004710,0.0,0.0,769.8622680664063,763.9592429497246,51.007295828766644,-3.8653799558663877,-1.3389890725009197,-2.526390883365468,12.939992129779757,668242770.0,0.0045062029803239635
2023-03-08 00:00:00+05:30,763.9721141719544,773.1680748055057,763.9721141719544,768.9473876953125,20099774,0.0,0.0,769.3046173095703,764.1548564691595,51.92708310061365,-3.012505978605077,-0.388892076191687,-2.62361390241339,12.672561308620581,688342544.0,0.006512375819830282
2023-03-09 00:00:00+05:30,768.6644366258969,776.2098406900966,767.2732757783058,769.0181274414062,20700166,0.0,0.0,768.7552185058594,764.3455729778751,51.97190141193411,-2.304326261932829,0.25543011238444935,-2.559756374317278,12.405704423132741,709042710.0,0.0004601368277969462
2023-03-10 00:00:00+05:30,759.4684442868192,761.0247068380044,747.4665594659872,749.1878662109375,27387000,0.0,0.0,767.2956512451171,763.751153104662,40.55703498200383,-3.305125656008613,-0.5962954253530675,-2.7088302306555456,13.058980391153193,681655710.0,-0.013536544083191965
2023-03-13 00:00:00+05:30,748.8341957758403,756.3324524745352,738.0112224304927,739.708984375,26443550,0.0,0.0,765.2076995849609,762.8083229584007,36.43736396469449,-4.807712613709555,-1.6791059064432075,-3.1286067072663473,13.434855366359574,655212160.0,-0.012185890351048896
2023-03-14 00:00:00+05:30,740.510650671022,746.806335503109,735.3467879312665,737.728271484375,33185612,0.0,0.0,762.9912384033203,761.8247915280468,35.62307812205421,-6.088169946616517,-2.367650591480136,-3.7205193551363815,13.293761952465504,622026548.0,-0.0037573790250358527
2023-03-15 00:00:00+05:30,744.1654183732483,746.4762097028616,724.6416753512244,727.14111328125,37264754,0.0,0.0,759.8834777832031,760.4646472830743,31.5628643468953,-7.866556033370216,-3.3168293425870674,-4.549726690783149,13.903817123834912,584761794.0,-0.022877044097552302
2023-03-16 00:00:00+05:30,725.7735620516213,735.2524645065638,722.4960501490244,731.8570556640625,21753342,0.0,0.0,757.0916809082031,759.342780945074,35.11070637867532,-8.794030571845951,-3.3954431048502416,-5.39858746699571,13.82185978338523,606515136.0,0.00838208214039148
2023-03-17 00:00:00+05:30,734.4978904225977,744.7313211500556,726.2451051369505,741.6424560546875,22950876,0.0,0.0,754.9318084716797,758.6486505572158,41.84725520172479,-8.639865799355903,-2.593022665888154,-6.046843133467749,14.155028085508073,629466012.0,0.00972714248093907
2023-03-20 00:00:00+05:30,739.425957125369,739.496706798136,728.7916883698259,736.5021362304688,26503114,0.0,0.0,752.7118072509766,757.7801597993041,39.525895922157645,-8.830675427406959,-2.2270658351513672,-6.603609592255592,14.061866628319038,602962898.0,-0.003954176705220147
2023-03-21 00:00:00+05:30,741.3122743200694,746.2875476645768,733.884767921512,744.8491821289062,33050494,0.0,0.0,751.2758178710938,757.2730626357592,44.87354380213509,-8.21367446116244,-1.288051895125479,-6.925622566036962,13.94336042222945,636013392.0,0.004771144268562017
2023-03-22 00:00:00+05:30,746.9949258475939,747.9617036710466,738.1762587775254,743.1279296875,14177324,0.0,0.0,749.6087524414063,756.7183515397489,44.00930390677695,-7.773973905029948,-0.6786810711943883,-7.095292833835559,13.64636645589315,621836068.0,-0.0051767368509312425
2023-03-23 00:00:00+05:30,739.3316455068498,749.989516429105,734.9930615244003,737.162353515625,28364178,0.0,0.0,748.4050262451171,755.95144965645,41.05787123898311,-7.816773290374385,-0.5771843652310604,-7.239588925143325,13.742801345093975,593471890.0,-0.002934125712605769
2023-03-24 00:00:00+05:30,735.6768549012522,742.2319358268857,733.2953138506286,735.9833984375,31477748,0.0,0.0,747.4005432128906,755.1683888243343,40.480095299771584,-7.855273233382263,-0.4925474465911499,-7.362725786791113,13.399502818748477,561994142.0,0.0004166823167067276
2023-03-27 00:00:00+05:30,736.7143498934178,744.8492384690629,735.158144879934,739.190185546875,31872006,0.0,0.0,746.893588256836,754.5417926173751,42.83644533934866,-7.540106146006565,-0.14190428737236083,-7.398201858634204,13.134616445204227,593866148.0,0.0033606453489271977
2023-03-28 00:00:00+05:30,738.3649194977722,746.4762633637014,737.6103906087441,745.2029418945312,39276302,0.0,0.0,746.5941314697266,754.1755631772636,47.067856432976505,-6.727603150716732,0.5364789663339788,-7.264082117050711,12.82970618161516,633142450.0,0.009261033692405328
2023-03-29 00:00:00+05:30,746.9949918729989,755.4835713261011,746.004669116843,748.7870483398438,39763612,0.0,0.0,746.3158966064453,753.9642488699138,49.468988048688914,-5.728447262465011,1.2285078836685601,-6.956955146133571,12.647629270897639,672906062.0,0.002399020724826441
2023-03-31 00:00:00+05:30,752.4653838918906,760.6474196399126,750.9563261557271,759.0440673828125,34711228,0.0,0.0,746.5870574951172,754.1634574390471,55.666951690580966,-4.062127628498729,2.315862014107874,-6.377989642606603,12.591396558695585,707617290.0,0.00874283871624196
2023-04-03 00:00:00+05:30,758.1008618408806,761.9442557030001,755.8372177595454,759.515625,40025398,0.0,0.0,747.2024780273438,754.3733463630061,55.93455254707509,-2.6726973631539295,2.9642338235621386,-5.636931186716068,12.128228086178376,747642688.0,0.0018661938408616875
2023-04-05 00:00:00+05:30,763.3118638999879,780.949255952381,762.0857473544974,779.88818359375,43365392,0.0,0.0,748.0949523925781,755.3739282151922,65.59638458890848,0.07150706148252084,4.566750598558872,-4.495243537076351,12.792899719478564,791008080.0,0.02171631344633995
2023-04-06 00:00:00+05:30,777.4359731646822,787.1742137087172,776.7521364179595,785.8302001953125,44637344,0.0,0.0,749.0157257080078,756.5682918222558,67.81311660830079,2.6947169001515476,5.751968349782318,-3.0572514496307712,12.623555260284215,835645424.0,0.010797322635406502
2023-04-10 00:00:00+05:30,784.3683195033101,788.0231245393244,780.0061328474221,782.1046752929688,31813286,0.0,0.0,749.6735900878906,757.5697186250288,64.98585347284259,4.422036389518553,5.98343027131946,-1.5613938818009063,12.29451500539979,803832138.0,-0.002885945485119491
2023-04-11 00:00:00+05:30,782.364056440473,787.2685804233939,778.6385018011935,784.3919067382812,42361542,0.0,0.0,750.4422790527344,758.6215691392741,65.92513124214851,5.907413011987387,5.975045515030635,-0.06763250304324786,12.032769549456981,846193680.0,0.002591952277350808
2023-04-12 00:00:00+05:30,786.6083418020864,796.134391020187,786.5140472818526,794.5781860351562,26955504,0.0,0.0,752.7117950439454,760.0316325469558,69.8094247347242,7.816429363678367,6.307249493377292,1.5091798703010753,12.012034887489033,873149184.0,0.010131909121140556
2023-04-13 00:00:00+05:30,796.181567862314,800.3079603975928,791.3949410080185,798.1386108398438,35330086,0.0,0.0,755.6332763671875,761.5260238525593,71.05157382210326,9.507043818924899,6.398291158899059,3.10875266002584,11.790676637637981,908479270.0,0.0024580360266117495
2023-04-17 00:00:00+05:30,811.1308728644287,811.1308728644287,779.675995181837,785.9716796875,32405148,0.0,0.0,758.0454467773437,762.484677022557,61.708098997002075,9.752675521635638,5.315138289287837,4.4375372323478,13.195262426563248,876074122.0,-0.03101742766624272
2023-04-18 00:00:00+05:30,787.5514964830495,790.9705074707754,781.1379149711705,782.64697265625,29637226,0.0,0.0,760.8207397460938,763.2753552827018,59.40906981014656,9.56876161646153,4.104979507290983,5.4637821091705465,12.955071717494793,846436896.0,-0.006227559529378743
2023-04-19 00:00:00+05:30,785.1935322372776,787.692970111383,781.4915802503115,785.5236206054688,24741168,0.0,0.0,763.5040679931641,764.1478362757515,60.77091733729783,9.545099998767569,3.265054311677618,6.280045687089951,12.47266587060742,871178064.0,0.00042039109421927577
2023-04-20 00:00:00+05:30,788.3532187106554,791.06484827337,785.8538381755759,788.4475708007812,32922716,0.0,0.0,765.8443237304688,765.1007670414389,62.16058772741479,9.651035214174499,2.6967916216676375,6.954243592506861,11.977563141842692,904100780.0,0.00011968250764573873
2023-04-21 00:00:00+05:30,787.0799453402577,790.8290448811906,784.3683158101759,789.7208251953125,20128618,0.0,0.0,768.505258178711,766.0662595180614,62.77892084572266,9.725619733909753,2.217100913122313,7.508518820787439,11.583503565354981,924229398.0,0.0033552879484346596
2023-04-24 00:00:00+05:30,795.5684414459853,797.6669836619421,789.4849486672592,796.1107788085938,35675852,0.0,0.0,771.0683380126953,767.2444759608273,65.79942053542064,10.182961515002148,2.1395541553717656,8.043407359630383,11.340541524592691,959905250.0,0.0006816979336469642
2023-04-25 00:00:00+05:30,795.8985810006112,795.8985810006112,783.7316522273986,784.792724609375,50353068,0.0,0.0,773.151577758789,767.932642574496,56.97945526375066,9.522367857344875,1.1831683981715937,8.339199459173281,11.414726171492866,909552182.0,-0.013953858765866661
2023-04-26 00:00:00+05:30,782.8356323801315,789.9094483353737,780.4776937283841,788.400390625,27392750,0.0,0.0,775.7134796142578,768.7352993607902,58.871897860297885,9.18408273242278,0.6759066185995977,8.508176113823183,11.273085345456916,936944932.0,0.00710846314947289
2023-04-27 00:00:00+05:30,787.7872816059719,794.7432004348783,785.5943872075549,792.7389526367188,47790392,0.0,0.0,778.5512573242188,769.6766190971013,61.08869896434081,9.160478732550587,0.521842094981924,8.638636637568663,11.121351622733098,984735324.0,0.006285543250523745
2023-04-28 00:00:00+05:30,794.4838245013858,797.4548502226322,787.5515079076262,795.8514404296875,27916272,0.0,0.0,781.3843200683593,770.7030826787712,62.644276774941,9.28588227473881,0.5177965097361188,8.768085765002692,11.034350957895452,1012651596.0,0.0017213892669998634
2023-05-02 00:00:00+05:30,796.3701805523156,801.2275572220191,793.2105657724755,795.6864013671875,32221184,0.0,0.0,783.9084930419922,771.6828206665523,62.50159422670051,9.26514538372112,0.39764769497474184,8.867497688746377,10.818825278727457,980430412.0,-0.0008586197748562494
2023-05-03 00:00:00+05:30,794.601756942087,799.812824610309,792.1023764052983,798.4688110351562,29407270,0.0,0.0,786.3925811767579,772.7332516613995,63.99069209123998,9.36527143539763,0.39821899732100263,8.967052438076628,10.596798344890548,1009837682.0,0.00486665686211295
2023-05-04 00:00:00+05:30,795.6156704730543,817.945338612374,795.6156704730543,814.809326171875,56854638,0.0,0.0,789.1808441162109,774.3832937990652,71.21912005982858,10.64050790917986,1.338764376882585,9.301743532297275,11.434860473064065,1066692320.0,0.02412428061831494
2023-05-05 00:00:00+05:30,772.9323428316122,783.2836711930014,764.9624981310187,766.6366577148438,62770416,0.0,0.0,789.5368957519531,774.0795041487036,43.497717658716105,7.675531504212586,-1.3009696224677523,8.976501126680338,14.178572442192081,1003921904.0,-0.008145195598497594
2023-05-08 00:00:00+05:30,771.0459602590212,778.284820604961,768.6880215426327,775.50244140625,37244524,0.0,0.0,789.3176086425781,774.1353056097839,47.54450768842214,5.97231585172392,-2.4033482199651353,8.375664071689055,13.997828902758167,1041166428.0,0.005779786649464763
2023-05-09 00:00:00+05:30,778.0725861629496,780.9492597246503,773.3802538364446,775.5260009765625,43688938,0.0,0.0,788.8023986816406,774.189842682991,47.555257022471075,4.5717064503777465,-3.0431660970490473,7.614872547426794,13.538627258861565,1084855366.0,-0.0032729403807240614
2023-05-10 00:00:00+05:30,775.5260520483113,780.3126792067374,770.1499402045337,779.110107421875,46340550,0.0,0.0,788.6526702880859,774.3827942413785,49.25878652207647,3.7081753087740026,-3.1253577909222336,6.833533099696236,13.297492383386004,1131195916.0,0.004621450645142815
2023-05-11 00:00:00+05:30,785.2643533670399,796.0401219403598,777.7660966292289,779.6288452148438,35734618,0.0,0.0,788.414517211914,774.5885217305341,49.51439012900798,3.0307419555745128,-3.0422329152973786,6.072974870871891,13.65295902108207,1166930534.0,-0.0071765745230028
2023-05-12 00:00:00+05:30,776.7049300141451,788.8719155146979,775.408063858991,786.5139770507812,22478760,0.0,0.0,788.0113067626953,775.0561866450537,52.90537990720188,3.0146922446175495,-2.446626101003474,5.461318345621024,13.6394513521267,1189409294.0,0.012629052111794213
2023-05-15 00:00:00+05:30,788.4946258615689,792.6210181918851,785.2406592534338,790.2866821289062,18512260,0.0,0.0,787.6187103271484,775.6534609777538,54.700834215521375,3.2687187480245257,-1.7540796780771988,5.0227984261017244,13.192373322578458,1207921554.0,0.00227275647615124
2023-05-16 00:00:00+05:30,806.6927601293839,806.6927601293839,793.2784178241473,794.8707885742188,32722086,19.0,0.0,788.0636657714844,776.4070816678112,56.85330428820559,3.7961757107411813,-0.9812981722884349,4.777473883029616,13.421923656714117,1240643640.0,-0.014654862593869179
2023-05-17 00:00:00+05:30,796.1735804208288,796.1735804208288,784.2792178782803,790.600341796875,30466868,0.0,0.0,788.4613342285156,776.9636801042451,54.26639504248798,3.8255017852098945,-0.7615776782557777,4.587079463465672,13.312812148559429,1210176772.0,-0.0070000295928030806
2023-05-18 00:00:00+05:30,795.208513606573,798.0795402008803,791.3482781036284,793.7609252929688,49646942,0.0,0.0,788.8731994628906,777.6223956018422,55.86694100692219,4.057008911217508,-0.4240564417985313,4.48106535301604,12.896125452519847,1259823714.0,-0.001820388349514601
2023-05-19 00:00:00+05:30,795.2085660463088,796.1736249856854,787.2709798309455,794.6777954101562,30460332,0.0,0.0,789.1847106933594,778.2912348100114,56.34424976633926,4.265296054489454,-0.17261543882126862,4.437911493310723,12.610876859821275,1290284046.0,-0.0006674609137970495
2023-05-22 00:00:00+05:30,793.760948242427,797.5729426923023,787.8258124240438,791.85498046875,28334032,0.0,0.0,789.2914184570312,778.8231464044717,54.39375977901709,4.15469480612046,-0.22657334975220955,4.38126815587267,12.406323531852506,1261950014.0,-0.0024011861227203326
2023-05-23 00:00:00+05:30,795.6910634567314,795.9805693463752,788.1877069443876,789.9971923828125,22470074,0.0,0.0,788.9857391357422,779.2613442859753,53.09114890989962,3.8724948376526527,-0.4070186545760137,4.279513492228666,12.076790594005011,1239479940.0,-0.007155881642283298
2023-05-24 00:00:00+05:30,785.340863860741,788.8150524899305,778.6095424007169,779.671142578125,33588112,0.0,0.0,788.7296600341797,779.277414807236,46.434855700343206,2.783536532209496,-1.1967815680153366,3.9803181002248325,12.027566264582909,1205891828.0,-0.007219440046381434
2023-05-25 00:00:00+05:30,779.6228001560648,781.7218503622978,770.768396627286,776.6793823242188,29776930,0.0,0.0,788.1436096191406,779.1755311804511,44.68675519823485,1.6599839190042758,-1.8562673449764455,3.5162512639807213,11.95084394104211,1176114898.0,-0.003775438367447537
2023-05-26 00:00:00+05:30,781.2152133238707,781.2152133238707,773.1328446869499,779.671142578125,26635066,0.0,0.0,787.4902191162109,779.1949669215363,46.841899881763865,0.9994493970724534,-2.0134414935266145,3.012890890599068,11.67452427646202,1202749964.0,-0.0019764985619981023
2023-05-29 00:00:00+05:30,785.799234659072,791.8308529785306,784.0379903292855,789.1769409179688,21816292,0.0,0.0,787.156494140625,779.5864168821809,53.09522291169692,1.2288441617336048,-1.4272373830923706,2.6560815448259754,11.709180428172276,1224566256.0,0.004298434141848213
2023-05-30 00:00:00+05:30,788.2601107589221,792.6270259145573,785.8233723376878,789.7800903320312,37125928,0.0,0.0,786.8611785888672,779.986168782175,53.46924949265033,1.4426799658037908,-0.9707212632177478,2.4134012290215385,11.358785653079218,1261692184.0,0.0019282715849286499
2023-05-31 00:00:00+05:30,786.4747410732796,788.9114793883903,774.2908727901686,777.2825317382812,43334270,0.0,0.0,785.8018646240234,779.8801438000615,45.39221841625881,0.5968181015048231,-1.4532665020133724,2.0500846035181954,11.653816502278035,1218357914.0,-0.011687863392095694
2023-06-01 00:00:00+05:30,781.6494638834316,781.6494638834316,772.0471160964776,773.9772338867188,50366938,0.0,0.0,783.7602600097656,779.6486571367933,43.51979274345219,-0.33636601511045683,-1.909160494902922,1.5727944797924651,11.507283022612038,1167990976.0,-0.009815435628389354
2023-06-02 00:00:00+05:30,778.0545592750024,779.1885505625198,772.5296208381355,775.1835327148438,17859710,0.0,0.0,784.1876037597656,779.4735542182856,44.42087384476485,-0.9674309747152847,-2.0321803636062,1.0647493888909154,11.160972072738627,1185850686.0,-0.003690006730162802
2023-06-05 00:00:00+05:30,779.0438239186745,780.0088828519897,773.2293202844415,774.1702880859375,18697242,0.0,0.0,784.12099609375,779.2655829974092,43.78893353974118,-1.5316588653188319,-2.0771266033677978,0.5454677380489659,10.84801425093931,1167153444.0,-0.006255791629567944
2023-06-06 00:00:00+05:30,775.738497435869,776.8000386858837,768.3075319782007,771.7576293945312,32182852,0.0,0.0,783.9325775146484,778.9711534443552,42.2477347917874,-2.1487257536779225,-2.1553547933815107,0.006629039703588191,10.679763712135287,1134970592.0,-0.005131713914542282
2023-06-07 00:00:00+05:30,773.7118230795865,778.1028881968193,770.1170022379179,775.7625732421875,24949026,0.0,0.0,783.7652008056641,778.8453267697604,45.66633641814307,-2.2882131142183653,-1.8358737231375628,-0.4523393910808025,10.487343872618585,1159919618.0,0.002650534865085164
2023-06-08 00:00:00+05:30,773.6152943683902,784.5928386982707,773.6152943683902,776.2450561523438,37395522,0.0,0.0,783.5960113525391,778.743355372999,46.08042770973534,-2.3329329153788194,-1.5044748194384134,-0.828458095940406,10.522358190994437,1197315140.0,0.0033993146245907416
2023-06-09 00:00:00+05:30,779.7193559348891,780.9739207338771,775.4248320168924,777.1619262695312,18212578,0.0,0.0,783.1284088134765,778.681338545412,46.90848952071242,-2.268243030411213,-1.1518279475766455,-1.1164150828345676,10.167124657136597,1215527718.0,-0.0032799361025115017
2023-06-12 00:00:00+05:30,778.1028875368767,779.6711082481238,771.7817046249102,772.4331665039062,13408292,0.0,0.0,782.2357330322266,778.4363121908432,43.22174744818052,-2.5689341499262355,-1.1620152536733341,-1.4069188962529013,10.004430297570671,1202119426.0,-0.0072865955438337964
2023-06-13 00:00:00+05:30,767.2700555968273,776.3898738507805,767.2700555968273,773.7359619140625,27926108,0.0,0.0,781.1789916992187,778.2519847290087,44.51557398982975,-2.6713160581385864,-1.011517729508548,-1.6597983286300384,9.941243723026567,1230045534.0,0.00842715843016397
2023-06-14 00:00:00+05:30,777.0895231486911,777.8374673513832,772.1435963246516,772.8915405273438,20113968,0.0,0.0,780.2935516357422,778.0417712309043,43.81859423685345,-2.788448705870792,-0.9029203017926026,-1.8855284040781892,9.637859959005496,1209931566.0,-0.005402186615948118
2023-06-15 00:00:00+05:30,773.9772400852644,774.9181489545342,761.9140037996461,763.3857421875,35377476,0.0,0.0,778.7747924804687,777.467024993908,36.82818560374898,-3.6067394090573544,-1.376968803983332,-2.2297706050740222,9.878308901568536,1174554090.0,-0.0136845082118921
2023-06-16 00:00:00+05:30,765.8466367505722,776.4863758982948,764.3266571858915,773.3740844726562,15779272,0.0,0.0,777.7096069335937,777.3065175224864,46.48830197833459,-3.4099570778770385,-0.9441491782424127,-2.4658078996346258,10.108474959370412,1190333362.0,0.00982892313012227
2023-06-19 00:00:00+05:30,777.3549977981457,778.923218619278,771.2509880523108,774.0496826171875,24829146,0.0,0.0,776.8193420410156,777.1787985065923,47.07779229509169,-3.1630291079825383,-0.5577769666783299,-2.6052521413042085,9.934457502770183,1215162508.0,-0.004252002225907771
2023-06-20 00:00:00+05:30,774.0496148127836,777.3549297042064,767.5354673571618,775.6660766601562,20005626,0.0,0.0,776.1027862548829,777.1194760812419,48.538469062962655,-2.8045779930080244,-0.1594606813630528,-2.6451173116449715,9.926243563075499,1235168134.0,0.0020883181341852554
2023-06-21 00:00:00+05:30,779.7675932273216,790.0213440664804,777.354945971049,789.2251586914062,24308946,0.0,0.0,776.5804870605468,777.5942087326209,58.80887392637608,-1.410143048663258,0.9879794103853707,-2.3981224590486288,10.242602409021833,1259477080.0,0.012128697763575171
2023-06-22 00:00:00+05:30,791.3482939529815,799.8167093181817,790.889914538834,793.0853881835938,56596140,0.0,0.0,777.4007873535156,778.2017059659923,61.183981929278175,0.006371503105242482,1.923595169723097,-1.9172236666178546,10.267527281718518,1316073220.0,0.0021951070645960594
2023-06-23 00:00:00+05:30,790.1661436736656,800.9506653636005,788.4772905574894,793.0371704101562,21339218,0.0,0.0,778.0690887451171,778.7834888853713,61.136562161485536,1.1122573095657344,2.423584780946871,-1.3113274713811367,10.425087819175133,1294734002.0,0.003633446914268662
2023-06-26 00:00:00+05:30,793.760929455445,796.5354737377361,785.8956760159425,789.2010498046875,16130314,0.0,0.0,778.0702941894531,779.1920206861288,57.329667235666754,1.6600014422873528,2.3770631309347916,-0.7170616886474388,10.440424240790735,1278603688.0,-0.00574465116831304
2023-06-27 00:00:00+05:30,792.7717662992061,807.223559214787,790.6486837609275,800.3233642578125,33831864,0.0,0.0,778.5974578857422,780.0207008261948,64.27549079982421,2.9574784662668208,2.939632123931408,0.017846342335413046,10.982001752884216,1312435552.0,0.009525563698942705
2023-06-28 00:00:00+05:30,805.8241801538283,810.6012334813521,801.2401503864862,808.791748046875,59562950,0.0,0.0,780.1729187011719,781.1489771877901,68.48220997861671,4.615857423027705,3.678408864553834,0.9374485584738715,10.931706572216742,1371998502.0,0.0036826493497381188
2023-06-30 00:00:00+05:30,822.2301506779838,824.5463155085067,812.2176649816411,820.9755859375,40699016,0.0,0.0,782.522836303711,782.7108049818964,73.34536632460997,6.834484899821405,4.717629073078026,2.1168558267433784,11.276196635746384,1412697518.0,-0.0015258072687426465
2023-07-03 00:00:00+05:30,826.3316984005936,848.045524051996,825.1253747532935,829.8541870117188,44104116,0.0,0.0,785.2563690185547,784.5595650614973,76.22435464299205,9.203104405796125,5.668998863242198,3.534105542553928,12.404321027085647,1456801634.0,0.004262802235401466
2023-07-04 00:00:00+05:30,831.6153946767422,842.9789872995167,826.9590323955324,833.9074096679688,38795188,0.0,0.0,788.2432250976562,786.4947746539079,77.42321836575739,11.27731574737686,6.194568163858346,5.082747583518515,12.662580589721264,1495596822.0,0.002756099761858644
2023-07-05 00:00:00+05:30,828.1411815837611,829.9506670497125,805.1245500178678,807.4165649414062,37165754,0.0,0.0,790.026171875,787.3152370181236,57.14272621758695,10.660663905785668,4.462333057813723,6.1983308479719454,13.8140290940341,1458431068.0,-0.025025463173707244
2023-07-06 00:00:00+05:30,807.2718184832672,814.4373694669445,801.1919588274965,808.2368774414062,52156544,0.0,0.0,791.6498870849609,788.1356935053112,57.51385344581392,10.121481107891782,3.138520207935869,6.982960899955913,13.773413490135091,1510587612.0,0.0011954572624029093
2023-07-07 00:00:00+05:30,803.4115181763384,808.2368125797999,799.2135356063347,801.19189453125,19926336,0.0,0.0,792.8972290039062,788.6477013886814,53.249082565378366,9.02170699012322,1.6309968721338457,7.390710117989375,13.43412265763055,1490661276.0,-0.002762748099662203
2023-07-10 00:00:00+05:30,801.4814212435143,809.0812601264677,796.028814864895,799.285888671875,38398442,0.0,0.0,794.0034271240235,789.0648852037086,52.12297112114313,7.90520307442705,0.4115943651501395,7.49360870927691,13.406859986483557,1452262834.0,-0.0027393430632901093
2023-07-11 00:00:00+05:30,802.4464684216384,808.7193512174781,794.0022031195466,795.4015502929688,50670426,0.0,0.0,795.1518463134765,789.3133818738756,49.81105287818394,6.630499758975475,-0.6904871602411493,7.320986919216624,13.500451994444125,1401592408.0,-0.008779299811147013
2023-07-12 00:00:00+05:30,798.7550821724126,804.0388147856695,785.1477757733076,787.9464111328125,70958358,0.0,0.0,795.8623687744141,789.2597751781476,45.627957924331,4.961527373592276,-1.8875676364994796,6.849095010091755,13.885493924295398,1330634050.0,-0.013531896423373262
2023-07-13 00:00:00+05:30,799.4065371921242,799.7684342891031,790.4074098359348,791.8790893554688,41913546,0.0,0.0,796.8117462158203,789.3624933811798,48.103810679371854,3.911104224759356,-2.3503926282659204,6.261496853025276,13.738103155152196,1372547596.0,-0.009416295071960845
2023-07-14 00:00:00+05:30,797.9107207571683,797.9107207571683,788.9356843850358,793.5197143554688,24727214,0.0,0.0,798.3184448242188,789.5255216546813,49.14419851711479,3.1744282053060715,-2.4696549181753644,5.644083123481436,13.39788409922222,1397274810.0,-0.005503129971148585
2023-07-17 00:00:00+05:30,796.1736003558063,811.6145429081614,787.9705996248678,810.1187133789062,49252928,0.0,0.0,800.1556762695312,790.3330978007293,58.26128594711894,3.885221238027839,-1.407089508362878,5.292310746390717,14.129745469513036,1446527738.0,0.017515166311553032
2023-07-18 00:00:00+05:30,819.3350302865359,822.2302070720008,805.8242052877002,809.4431762695312,81076818,0.0,0.0,801.9253509521484,791.0825126426432,57.807084329516805,4.343945340546156,-0.758692324675649,5.102637665221805,14.292335206283573,1365450920.0,-0.012073027090694901
2023-07-19 00:00:00+05:30,811.1802337930073,814.8715958076659,808.236815975035,813.1103515625,32935134,0.0,0.0,803.7975646972657,791.9463494630298,59.64624513901737,4.9463791155702665,-0.12500683972123117,5.071385955291498,13.745366965308381,1398386054.0,0.0023793944786691767
2023-07-20 00:00:00+05:30,811.2043701117168,816.43980269245,810.6494494818653,814.87158203125,56210948,0.0,0.0,805.0798858642578,792.8453781911953,60.535960135815664,5.502499414129602,0.34489076707048305,5.157608647059119,13.177151697113835,1454597002.0,0.004520700398875025
2023-07-21 00:00:00+05:30,810.6495051189767,815.3783174598465,807.3924312144807,808.5987548828125,42154248,0.0,0.0,805.8555541992188,793.463157669298,55.815808072702666,5.37510318703869,0.1739956319836562,5.201107555055033,12.806347021988977,1412442754.0,-0.0025297619047620094
2023-07-24 00:00:00+05:30,809.9256825707903,812.893250471527,805.8724234065538,809.87744140625,32179444,0.0,0.0,806.6975677490234,794.1068550707471,56.55938174365047,5.316040074383636,0.09194601546288261,5.224094058920754,12.39309559648785,1444622198.0,-5.9562458109938774e-05
2023-07-25 00:00:00+05:30,812.8932812729919,819.8175673687329,809.8774720934424,818.6594848632812,55992596,0.0,0.0,808.1704895019532,795.0697032979053,61.368001530873805,5.909745773868508,0.5485213719582029,5.361224401910305,12.217883479773207,1500614794.0,0.007093432462942101
2023-07-26 00:00:00+05:30,820.107023793098,820.107023793098,814.509694074041,815.8125,24794358,0.0,0.0,808.9449462890625,795.8831463058307,59.08464701075855,6.080442378116345,0.5753743809648322,5.505067997151513,11.744986782579195,1475820436.0,-0.005236540681282473
2023-07-27 00:00:00+05:30,820.2518402925657,821.747669837073,804.5937239843978,807.3441772460938,59741302,0.0,0.0,808.8725677490235,796.3325984995665,52.792478500828175,5.469350524971901,-0.028573977743689305,5.49792450271559,12.131341001871766,1416079134.0,-0.0157362195516295
2023-07-28 00:00:00+05:30,801.7227007219194,805.2934305194821,791.8790879214167,793.0371704101562,41015684,0.0,0.0,807.4756469726562,796.2033660254721,44.223734306961866,3.7869463850265674,-1.368782494151219,5.155728879177786,12.369465882072141,1375063450.0,-0.010833584110743259
2023-07-31 00:00:00+05:30,796.1977627521452,799.4548366223553,790.7210062335519,796.7526245117188,34565006,0.0,0.0,805.8205688476562,796.2249055739524,46.64566993853952,2.722056900179382,-1.9469375831987241,4.668994483378106,12.109777632552946,1409628456.0,0.0006968893728809464
2023-08-01 00:00:00+05:30,798.3208413782972,804.5937243570581,796.1736088427301,802.0845947265625,35394188,0.0,0.0,804.2294281005859,796.4546973054273,50.000998047455546,2.2820635385894548,-1.9095447558309209,4.191608294420376,11.846230338394022,1445022644.0,0.0047145873603489435
2023-08-02 00:00:00+05:30,792.3133327271363,796.8973623622811,788.0429590054263,791.5895385742188,28116322,0.0,0.0,803.4380767822265,796.2639067669486,44.119623270899844,1.0741205162042888,-2.4939902225728696,3.5681107387771585,12.003045008589893,1416906322.0,-0.0009135200974420749
2023-08-03 00:00:00+05:30,791.3483408398848,796.8250386133633,783.1453397458127,785.8716430664062,57673946,0.0,0.0,802.3198150634765,795.8563670139862,41.271329548680036,-0.3406426958740667,-3.1270027477209803,2.7863600518469136,12.122805998515654,1359232376.0,-0.006920716820693618
2023-08-04 00:00:00+05:30,789.0080763176667,799.3100687434235,786.1611406581483,797.2351684570312,37388304,0.0,0.0,802.1219787597656,795.9104376588115,48.40080328391706,-0.538701389892708,-2.6600491533916975,2.1213477634989895,12.216778832694338,1396620680.0,0.010427132986725245
2023-08-07 00:00:00+05:30,802.4947569235133,802.4947569235133,794.9914589397029,796.7767944335938,28300918,0.0,0.0,801.9965240478516,795.9444124342932,48.146900633561486,-0.7243019823480381,-2.276519796677622,1.5522178143295842,11.880101629202628,1368319762.0,-0.0071252334555308335
2023-08-08 00:00:00+05:30,796.9938838956531,798.8757605663197,792.3375217381666,796.1253662109375,43773828,0.0,0.0,802.03271484375,795.9515086608283,47.76342183920359,-0.913427182434134,-1.9725159974109745,1.0590888149768405,11.498540000556233,1324545934.0,-0.0010897419694996
2023-08-09 00:00:00+05:30,797.6211795801106,798.3449737539584,787.0537728614308,796.4148559570312,33361236,0.0,0.0,802.4561370849609,795.9696791430323,47.96177848778487,-1.0280995710475054,-1.6697507088194767,0.6416511377719714,11.483730064268467,1357907170.0,-0.001512401693889821
2023-08-10 00:00:00+05:30,794.7501291715856,798.2243175412395,787.0055081818116,789.3457641601562,50781118,0.0,0.0,802.3294708251954,795.7099177711549,43.607206927836394,-1.6701425308677926,-1.849434934911811,0.17929240404401853,11.464807156779859,1307126052.0,-0.006800080695881939
2023-08-11 00:00:00+05:30,790.5762790140374,790.5762790140374,779.864089660937,781.1187133789062,28225822,0.0,0.0,801.7094207763672,795.1377136773413,39.15198650916843,-2.810423629734373,-2.3917728270227134,-0.4186508027116598,11.411048742231324,1278900230.0,-0.011962875545578051
2023-08-14 00:00:00+05:30,777.3549428245823,779.2850606217879,772.1677512445921,777.3067016601562,31304410,0.0,0.0,800.0688201904297,794.4384583041184,37.25281264398352,-3.9758707402596656,-2.8457759500384046,-1.130094790221261,11.235328270237243,1247595820.0,-6.205809182963809e-05
2023-08-16 00:00:00+05:30,763.8923391218757,776.70351922161,763.0238214777107,775.0387573242188,34137542,0.0,0.0,798.348599243164,793.6776857166714,36.129913647056014,-5.024579896497926,-3.115588085021332,-1.908991811476594,11.453010549680693,1213458278.0,0.01459160883215075
2023-08-17 00:00:00+05:30,770.8890472257748,776.8241830963585,769.1519529644522,770.7443237304688,52884040,0.0,0.0,796.2302978515625,792.7783381878007,34.037727298833914,-6.1315338537758635,-3.3780336338394155,-2.753500219936448,11.18295480555395,1160574238.0,-0.0001877358302428349
2023-08-18 00:00:00+05:30,766.0396086075069,770.2617410563475,765.0503997299145,767.5836791992188,25633366,0.0,0.0,793.8659027099609,791.7903123451113,32.5440411052559,-7.181061630731165,-3.542049128635773,-3.6390125020953916,10.790881176625401,1134940872.0,0.002015653726468026
2023-08-21 00:00:00+05:30,772.2883535206937,772.2883535206937,765.7742062088978,766.9805297851562,21837270,0.0,0.0,791.7849914550782,790.8173796957012,32.253166962804116,-7.969620251054607,-3.4644861991673723,-4.505134051887235,10.485400186280438,1113103602.0,-0.006872852233677028
2023-08-22 00:00:00+05:30,770.2858796266618,771.0820650036967,762.3965348597252,763.6993408203125,32273570,0.0,0.0,789.4760864257812,789.753927190784,30.648328075061936,-8.758362218576963,-3.402582533351782,-5.355779685225181,10.356838040401229,1080830032.0,-0.008550771837517776
2023-08-23 00:00:00+05:30,762.3964943215299,767.487203335127,759.139420690726,765.5811767578125,36498588,0.0,0.0,786.8221710205078,788.8059761934126,32.716112915650214,-9.12639408736436,-3.0164915217113437,-6.109902565653017,10.213334083544073,1117328620.0,0.004177199737935225
2023-08-24 00:00:00+05:30,768.8141890926133,770.2134773625771,760.5387973216071,762.0587768554688,43145792,0.0,0.0,784.1344848632813,787.757066415454,30.861283472748053,-9.591722819081497,-2.7854562027427834,-6.806266616338713,10.17485879478878,1074182828.0,-0.00878679443353875
2023-08-25 00:00:00+05:30,759.766759365673,761.190197664005,751.9738970670875,753.4697265625,30069756,0.0,0.0,781.4407623291015,786.4124648525931,26.862083296699865,-10.532155634320702,-2.9807112143855896,-7.5514444199351125,10.168431722902529,1044113072.0,-0.008288113063054225
2023-08-28 00:00:00+05:30,753.4697483614609,763.6752581745268,753.4697483614609,761.3108520507812,28867238,0.0,0.0,779.8544464111328,785.4280878799731,35.12704392365356,-10.523434517459236,-2.3775920780192994,-8.145842439439937,10.171081714982833,1072980310.0,0.010406660262568012
2023-08-29 00:00:00+05:30,767.0770733801482,768.5005706553454,763.0962052605253,767.3666381835938,35538932,0.0,0.0,778.3851470947266,784.7197957350171,40.700517130970056,-9.913593899437956,-1.4142011679984137,-8.499392731439542,9.958127207095787,1108519242.0,0.0003774911459281721
2023-08-30 00:00:00+05:30,773.9530947974021,773.9530947974021,759.3565788023013,761.7692260742188,28084204,0.0,0.0,776.3693786621094,783.819773395378,37.49405524502524,-9.769340319691196,-1.0159580706013234,-8.753382249089873,10.289440691953281,1080435038.0,-0.015742386463836914
2023-08-31 00:00:00+05:30,761.9139949001493,763.9165038806759,754.241764931607,758.2708740234375,100075772,0.0,0.0,774.7034454345703,782.817855772949,35.60601834419677,-9.824060438530864,-0.8565425515527938,-8.96751788697807,10.245533424604396,980359266.0,-0.004781538206538974
2023-09-01 00:00:00+05:30,758.0537759006978,761.9140115513698,752.4322959539026,759.839111328125,43226776,0.0,0.0,773.4018188476563,781.9167285398187,37.134270354421794,-9.629875670427055,-0.5298862267591868,-9.099989443667868,10.19097500838031,1023586042.0,0.002355156697565289
2023-09-04 00:00:00+05:30,767.2218641246644,767.9215083013787,759.9356808433564,764.5921020507812,25073638,0.0,0.0,771.7696655273437,781.2373314226015,41.653885985670634,-8.988838479131687,0.08892077162894552,-9.077759250760632,10.040362291585552,1048659680.0,-0.0034276422464621864
2023-09-05 00:00:00+05:30,766.4498167462681,766.4498167462681,757.8607686773323,759.9356689453125,38712082,0.0,0.0,769.9276092529296,780.4019721097667,38.71716821107001,-8.755617810842182,0.25771315193476063,-9.013330962776942,9.936696989967711,1009947598.0,-0.008499118479288621
2023-09-06 00:00:00+05:30,760.8524553271081,772.047114932623,759.9356375976216,769.875732421875,56320910,0.0,0.0,768.6151275634766,779.9891783965161,47.26449434598026,-7.680176408087959,1.0665236437511876,-8.746700051839147,10.092038443184403,1066268508.0,0.011859430868088001
2023-09-07 00:00:00+05:30,769.8757166615275,778.8025112451929,765.846607643458,777.2825317382812,34208342,0.0,0.0,767.6585113525391,779.8830353903109,52.57268037488334,-6.1592149486888275,2.069988082520256,-8.229203031209083,10.296600240223725,1100476850.0,0.009620793222148299
2023-09-08 00:00:00+05:30,776.0521349848688,787.9223476283073,775.714329029667,783.3383178710938,34502210,0.0,0.0,767.3581390380859,780.0185366640671,56.43383330775452,-4.414305339434463,3.051918153419696,-7.4662234928541595,10.433130122967764,1134979060.0,0.00938878015762054
2023-09-11 00:00:00+05:30,785.9922543388013,789.6594664783921,783.6278481887618,787.3916015625,31573022,0.0,0.0,767.6717834472656,780.3076764640057,58.848699874407046,-2.6735665723061857,3.83412553643838,-6.507692108744566,10.139417157562807,1166552082.0,0.001780357523848424
2023-09-12 00:00:00+05:30,791.34830755991,792.747654762319,784.1345157562719,789.8524780273438,39033340,0.0,0.0,768.299072265625,780.681982407666,60.287941414683274,-1.082962674114924,4.339783547703713,-5.422746221818637,10.030397289597405,1205585422.0,-0.0018902290158155756
2023-09-13 00:00:00+05:30,787.1503043695042,796.9456167263999,785.8474395311597,793.2301635742188,46420094,0.0,0.0,769.208642578125,781.1740679436093,62.24001431188668,0.4450234170861904,4.694215711123862,-4.249192294037671,10.106667282857602,1252005516.0,0.00772388598589752
2023-09-14 00:00:00+05:30,793.3990225849022,796.1735668329565,788.9838664792338,792.7476196289062,23538848,0.0,0.0,770.3088073730469,781.6279327155818,61.772845782676185,1.59859849099837,4.678232628028833,-3.079634137030463,9.898312502205103,1228466668.0,-0.000821028180591543
2023-09-15 00:00:00+05:30,796.1736016512384,805.8241907621625,796.1736016512384,801.8433227539062,173411202,0.0,0.0,772.0217895507812,782.4206931092416,66.82724484375176,3.209762134479547,5.031517017208008,-1.8217548827284609,10.125330975851615,1401877870.0,0.007121212121212028
2023-09-18 00:00:00+05:30,797.9830902686348,798.5862520904554,784.6411389894591,786.0646362304688,37056288,0.0,0.0,772.9759948730468,782.5635928394859,53.589927431952695,3.1767927064543073,3.9988380713462144,-0.8220453648919073,10.630820460751293,1364821582.0,-0.01493572255290996
2023-09-20 00:00:00+05:30,771.5646249403778,771.5646249403778,752.9389991206957,754.5313110351562,115474648,0.0,0.0,772.5175933837891,781.4642876706886,37.57230970251998,0.5992802591566715,1.137060499238863,-0.5377802400821916,12.237593078538561,1249346934.0,-0.02207632822271733
2023-09-21 00:00:00+05:30,749.3682358480046,757.0645570144758,741.6719146815334,749.537109375,72841442,0.0,0.0,771.7153900146484,780.2122414630145,35.74980194975145,-1.8253655828031015,-1.030068274176728,-0.7952973086263736,12.462953739567405,1176505492.0,0.0002253545305457344
2023-09-22 00:00:00+05:30,752.2634240831838,754.8690949336363,735.2542607099111,738.1011962890625,61704250,0.0,0.0,770.5175109863281,778.560827926781,31.93040047702128,-4.616481567458209,-3.056947407065468,-1.5595341603927406,12.973802345578676,1114801242.0,-0.01882615496211513
2023-09-25 00:00:00+05:30,735.8573868724741,743.4330754254979,735.8573868724741,738.7525634765625,40208754,0.0,0.0,769.7816528320312,776.9997195169685,32.37357807108101,-6.6986829585132455,-4.111319038496404,-2.5873639200168417,12.588222788967617,1155009996.0,0.003934426229508192
2023-09-26 00:00:00+05:30,735.8574164153983,743.0953582162056,735.8574164153983,741.96142578125,27575308,0.0,0.0,768.8141815185547,775.6256687822345,34.631470276942196,-7.997721437643918,-4.328286014101661,-3.6694354235422573,12.206059861241874,1182585304.0,0.008295097976434448
2023-09-27 00:00:00+05:30,734.892334478338,739.4763641418601,731.032098972214,736.7500610351562,39338538,0.0,0.0,767.2833526611328,774.1011351450941,32.72075829524182,-9.340065907447297,-4.536504387124031,-4.8035615203232656,12.114864643227165,1143246766.0,0.002527889419525665
2023-09-28 00:00:00+05:30,740.2001794562635,741.9372737031665,732.6485817510588,735.2301025390625,55354188,0.0,0.0,765.956396484375,772.5767809252497,32.16337890508075,-10.406571045500755,-4.482407620141991,-5.924163425358763,11.912995165290058,1087892578.0,-0.006714503799299195
2023-09-29 00:00:00+05:30,735.2301174880616,740.8998386650168,734.5546233634634,736.4847412109375,32053782,0.0,0.0,764.86708984375,771.1614068188061,33.17527598785513,-11.02347345567216,-4.079448024250717,-6.944025431421443,11.51529660359458,1119946360.0,0.0017064367917385196
2023-10-03 00:00:00+05:30,736.8224987384597,736.8224987384597,726.6893798952982,727.6785888671875,38971694,0.0,0.0,763.2590637207031,769.4561982716838,29.81371886274266,-12.083663012935745,-4.11171006521144,-7.971952947724304,11.4165696207065,1080974666.0,-0.01240992218197434
2023-10-04 00:00:00+05:30,721.381502016668,740.6826793281508,718.6069577781424,738.0529174804688,54649430,0.0,0.0,761.9321044921875,768.2246970641852,37.808645068920214,-11.949008525824183,-3.1816444624799036,-8.76736406334428,12.177937615656639,1135624096.0,0.023110400553929794
2023-10-05 00:00:00+05:30,740.7068696389093,748.6686057128387,739.5246371227825,741.0446166992188,48512674,0.0,0.0,760.9875518798829,767.1588115596768,39.93353724028402,-11.468684889972337,-2.161056661302446,-9.307628228669891,12.066348373993304,1184136770.0,0.0004559793815252114
2023-10-06 00:00:00+05:30,745.0255099531803,745.5080394285386,738.1977060963559,740.224365234375,17759356,0.0,0.0,759.5049835205078,766.1025587626061,39.53469691525563,-11.027098854634687,-1.3755765007718352,-9.651522353862852,11.726633013863976,1166377414.0,-0.006444268893701383
2023-10-09 00:00:00+05:30,737.3049747526793,738.2700336201566,729.5845038128607,731.63525390625,16454972,0.0,0.0,757.2226196289063,764.7508997486314,35.53271125647942,-11.240633219452548,-1.2712886924717566,-9.969344526980791,11.649006471553285,1149922442.0,-0.00768979057591622
2023-10-10 00:00:00+05:30,733.7101928463612,737.7875432161414,731.1286131172761,735.7850341796875,33266292,0.0,0.0,754.8449554443359,763.6149834518101,38.75827820177214,-10.948797235950792,-0.7835621671760009,-10.165235068774791,11.292572444932716,1183188734.0,0.002827875847379358
2023-10-11 00:00:00+05:30,738.318313886698,744.1328174322108,737.5462785323303,742.90234375,31333360,0.0,0.0,752.620492553711,762.8027230713469,43.93913825292401,-10.027615605251412,0.11009557081870369,-10.137711176070116,11.082230359760615,1214522094.0,0.0062087446255674
2023-10-12 00:00:00+05:30,741.2134865726865,748.8857167138547,739.0421040177816,747.8482666015625,22025336,0.0,0.0,750.5202819824219,762.216273798022,47.27701737305912,-8.797070731441977,1.0725123557025125,-9.86958308714449,10.993757669497215,1236547430.0,0.008951240295902718
2023-10-13 00:00:00+05:30,743.0953669000794,747.3416497005171,738.245922275859,741.0446166992188,39745300,0.0,0.0,747.9110046386719,761.3860127353239,43.444979962401575,-8.27545840677601,1.2752997442947844,-9.550758151070795,10.894371002083377,1196802130.0,-0.0027597402597403127
2023-10-16 00:00:00+05:30,738.9938440920433,740.4172823920027,733.6860202036904,738.0770263671875,17856084,0.0,0.0,745.1774749755859,760.4719348385343,41.851532641466854,-8.009211416424478,1.233237387717054,-9.242448804141532,10.641815680186587,1178946046.0,-0.001240629718617305
2023-10-17 00:00:00+05:30,750.695204619457,750.695204619457,740.6827183614761,743.6743774414062,32902558,0.0,0.0,742.2690277099609,759.8132070974705,45.88327609871611,-7.262827946081188,1.5836966864482758,-8.846524632529464,10.782984435335363,1211848604.0,-0.00935243376385986
2023-10-18 00:00:00+05:30,743.6743912243945,743.6743912243945,732.5279723135269,733.3241577148438,31216200,0.0,0.0,739.6320037841797,758.7744208471714,40.316664527298,-7.4209458555257015,1.1404630216030114,-8.561408877128713,10.808944040730525,1180632404.0,-0.013917695205975866
2023-10-19 00:00:00+05:30,726.3998745173711,736.4606021669607,725.3382743439049,731.0079956054688,30252364,0.0,0.0,738.4558380126953,757.6855414259282,39.171390137043524,-7.645023293524673,0.7331084668832322,-8.378131760407905,10.831328596610902,1150380040.0,0.006343780126833461
2023-10-20 00:00:00+05:30,726.2067900126158,736.8224374413717,726.2067900126158,734.7958374023438,21094010,0.0,0.0,737.7187744140625,756.787905974023,42.06965856202408,-7.43129574926013,0.7574688089182207,-8.18876455817835,10.815922798906971,1171474050.0,0.011827274968853921
2023-10-23 00:00:00+05:30,735.1336163092838,737.6668959191451,723.8424154105405,726.7135009765625,22376136,0.0,0.0,737.1493896484375,755.6085175427502,37.918135425279544,-7.823903049123601,0.2918892072438002,-8.115792256367401,11.030819778171086,1149097914.0,-0.011453857021250352
2023-10-25 00:00:00+05:30,733.9273186099597,734.7958952107439,719.6685493126427,722.1053466796875,28311996,0.0,0.0,736.3170288085937,754.294667704983,35.751868394358986,-8.409942124845657,-0.23531989478260407,-8.174622230063052,11.323428786737525,1120785918.0,-0.016107823800131475
2023-10-26 00:00:00+05:30,719.5721014995362,719.9339986168034,704.6136873191602,706.1336669921875,55561798,0.0,0.0,734.5256408691406,752.4060010103636,29.46803744798076,-10.047343858675276,-1.4981773028897791,-8.549166555785497,11.764016684865362,1065224120.0,-0.018675591340108884
2023-10-27 00:00:00+05:30,709.0770156141815,713.1785158746243,707.8224508444324,708.9081420898438,31940532,0.0,0.0,733.133544921875,750.7002026213237,31.713348377697436,-10.994383171022946,-1.956173292189959,-9.038209878832987,11.426933270406177,1097164652.0,-0.00023815963656850702
2023-10-30 00:00:00+05:30,706.0612352240136,718.9447482975381,705.4098322308618,716.6044921875,23310982,0.0,0.0,732.2022644042969,749.3631159376444,37.643439184258064,-10.997119568393828,-1.5671277516486715,-9.429991816745156,11.577503470139762,1120475634.0,0.01493249655625317
2023-10-31 00:00:00+05:30,725.7243335696749,725.7243335696749,711.24844925645,712.4547729492188,32634824,0.0,0.0,731.000765991211,747.9157299380984,35.83639638051242,-11.204971903650971,-1.4199840695246522,-9.78498783412632,11.784530673217267,1087840810.0,-0.018284574468085034
2023-11-01 00:00:00+05:30,705.5786992044277,712.9131233971598,705.5786992044277,711.4896850585938,33877466,0.0,0.0,730.1913208007812,746.4872575898825,35.4106549255886,-11.317114255555907,-1.2257011371436697,-10.091413118412238,11.46666592461118,1053963344.0,0.008377500427423527
2023-11-02 00:00:00+05:30,716.5562464538234,719.2101584777264,707.943107393115,712.5753784179688,45225154,0.0,0.0,728.9174438476563,745.1573799752975,36.32708917413331,-11.18939709227709,-0.8783871790918809,-10.31100991318521,11.45240772175405,1099188498.0,-0.0055555555555556685
2023-11-03 00:00:00+05:30,718.0038141059393,719.6444259993198,714.9397639109241,715.9530639648438,18095340,0.0,0.0,727.6628662109375,744.01211268077,39.21658609616321,-10.692374290045564,-0.3050915014882829,-10.38728278855728,11.139310568868119,1117283838.0,-0.002856182795698922
2023-11-06 00:00:00+05:30,722.8291118541423,722.8291118541423,715.5911701466575,721.1402587890625,25593730,0.0,0.0,726.7086608886718,743.1151772340364,43.460054248632275,-9.76732522209113,0.4959660531729213,-10.263291275264052,10.860641364483595,1142877568.0,-0.002336448598130877
2023-11-07 00:00:00+05:30,720.8989804451115,720.8989804451115,712.7924623248817,717.6419067382812,41952848,0.0,0.0,726.0089935302734,742.1162254498892,41.36275247111375,-9.210333948148218,0.8423658616926684,-10.052699809840886,10.681152443033392,1100924720.0,-0.004518072289156571
2023-11-08 00:00:00+05:30,716.0495867989628,720.6336167854312,714.6261484168057,719.7168579101562,31399546,0.0,0.0,725.2055847167969,741.2378188797036,43.11618253184121,-8.50346053236649,1.2393914219795175,-9.742851954346007,10.347317866289972,1132324266.0,0.005121532333518551
2023-11-09 00:00:00+05:30,717.038746570072,720.2234290879278,715.8324229722085,716.869873046875,22116740,0.0,0.0,723.9039611816406,740.2822131607691,41.291700459881866,-8.079846699610016,1.3304042037887918,-9.410250903398808,9.921867026963493,1110207526.0,-0.00023551519915042456
2023-11-10 00:00:00+05:30,714.1917798073748,721.8640093341435,714.1676886779846,719.692626953125,14015186,0.0,0.0,722.4961791992188,739.4747784075281,43.82962756548967,-7.4307005452467365,1.583640286521657,-9.014340831768394,9.762899429048876,1124222712.0,0.007702198906901201
2023-11-13 00:00:00+05:30,719.9821433040512,721.8398698099062,716.9904844298835,718.3898315429688,20605914,0.0,0.0,721.3634399414062,738.6479177461728,42.90768760609924,-6.941356604658381,1.6583873816880104,-8.599743986346391,9.411934139832718,1103616798.0,-0.002211598962406492
2023-11-15 00:00:00+05:30,725.7725759940448,729.0778911374517,724.0596316888605,725.9173583984375,41245460,0.0,0.0,720.7554565429688,738.148680124693,49.51544606068319,-5.8783772256454085,2.1770934085607863,-8.055470634206195,9.503085958022025,1144862258.0,0.00019948729007070355
2023-11-16 00:00:00+05:30,728.4747062167428,732.9622537804894,725.6036794749249,727.8233032226562,29713838,0.0,0.0,719.9629028320312,737.7437633834367,51.05993140991236,-4.826527387442297,2.5831545974111183,-7.409681984853416,9.349906554275059,1174576096.0,-0.0008942012516392391
2023-11-17 00:00:00+05:30,718.9688829783568,727.413148382465,718.4863535266934,726.2550659179688,23701874,0.0,0.0,719.6094482421875,737.2932262279281,49.71228748772624,-4.072526901617948,2.6697240665883744,-6.7422509682063225,9.348981064395616,1150874222.0,0.010134211802642545
2023-11-20 00:00:00+05:30,730.0670982056182,730.0670982056182,724.5421592587268,726.3033447265625,19331452,0.0,0.0,719.3742156982422,736.8622504827766,49.75625241935405,-3.4315239162937132,2.648581641530088,-6.080105557823801,9.075835198859602,1170205674.0,-0.005155352827577601
2023-11-21 00:00:00+05:30,732.962184820225,734.4097730720096,729.6327200606173,732.4555053710938,24959972,0.0,0.0,719.2571990966796,736.6894369489852,55.138615602757866,-2.3994372647945283,2.9445346344234187,-5.343971899217947,9.006591852187277,1195165646.0,-0.0006912763845457754
2023-11-22 00:00:00+05:30,733.4447352513678,733.4447352513678,725.5071496710034,729.8499145507812,29123650,0.0,0.0,719.4140197753907,736.4212203843497,52.57003909762825,-1.7713317512540243,2.858112118371139,-4.629443869625163,8.930234261342784,1166041996.0,-0.004901283665707273
2023-11-23 00:00:00+05:30,727.8956819423727,735.3024972867046,727.8956819423727,734.0720825195312,13046220,0.0,0.0,720.0123565673828,736.3290973308274,56.135865429360955,-0.9222290550898151,2.9657718516282787,-3.888000906718094,8.821418624413436,1179088216.0,0.008485282617252232
2023-11-24 00:00:00+05:30,734.0238032481369,739.7900657329384,733.3724002467637,739.2833862304688,16469192,0.0,0.0,721.6698425292968,736.4449517974799,60.12103545694445,0.16924861320569562,3.245799615939032,-3.0765510027333365,8.649721971682094,1195557408.0,0.007165412019416259
2023-11-28 00:00:00+05:30,740.7791848861152,741.7683938153598,736.2434551976816,737.61865234375,28489338,0.0,0.0,723.1053680419922,736.4909792698827,58.29889955060694,0.889666890984472,3.1729743149742466,-2.2833074239897746,8.42652316068182,1167068070.0,-0.0042664975026952285
2023-11-29 00:00:00+05:30,740.1519466280059,754.1935420605287,739.7176583357585,752.3358154296875,34042488,0.0,0.0,724.8919342041015,737.1123453937965,67.63714204437686,2.617977219279169,3.9210277146151546,-1.3030504953359858,9.008549343260166,1201110558.0,0.016461307515556772
2023-11-30 00:00:00+05:30,757.1610991855234,758.7534110309825,744.1328040193918,752.1669311523438,69491440,0.0,0.0,726.8775421142578,737.7027213058965,67.4504815177254,3.9287597595592842,4.185448203916216,-0.25668844435693183,9.409410605283782,1131619118.0,-0.00659591207016828
2023-12-01 00:00:00+05:30,751.7326908910602,755.5205355397342,748.9339963377907,750.5263671875,22153536,0.0,0.0,728.8293762207031,738.2056093796849,65.557788564959,4.780082746804851,4.029416952929426,0.7506657938754248,9.207776933616612,1109465582.0,-0.0016047242832160132
2023-12-04 00:00:00+05:30,766.2567440357609,777.8374504947396,759.332458412667,776.5828857421875,50662456,0.0,0.0,732.029751586914,739.710600609587,76.72757125536427,7.471182490498791,5.376413357298693,2.094769133200098,10.500870246018257,1160128038.0,0.01347608590306212
2023-12-05 00:00:00+05:30,789.659432651573,790.8657562578235,780.008843801569,783.4830322265625,52230820,0.0,0.0,735.40625,741.4271665553508,78.69775061715444,10.044891325587969,6.3600977539102965,3.6847935716776723,10.771013122419522,1212358858.0,-0.007821600261610138
2023-12-06 00:00:00+05:30,790.6003784974782,790.6003784974782,780.0812715002722,785.4614868164062,38613060,0.0,0.0,738.6223114013671,743.1540026440198,79.24041970630142,12.104683612946474,6.73591203301504,5.368771579931433,10.753019827761412,1250971918.0,-0.0064999863658531925
2023-12-07 00:00:00+05:30,784.110350382873,788.4531154003781,779.8640676936377,786.7401123046875,20450386,0.0,0.0,742.0772216796875,744.8632618463989,79.60207724058257,13.682534491133538,6.651010328961683,7.031524162171855,10.598450390545626,1271422304.0,0.0033538161057693403
2023-12-08 00:00:00+05:30,786.7401667374719,798.5862890269478,786.7401667374719,797.7177124023438,33728038,0.0,0.0,745.9772644042969,746.9359853976124,82.43186206078462,15.638522115837873,6.885598362932814,8.752923752905058,10.68757369995382,1305150342.0,0.013953203521303066
2023-12-11 00:00:00+05:30,796.1977485097552,802.7842284296765,794.7260101152001,796.6561279296875,23187620,0.0,0.0,749.9665771484375,748.8857949086741,81.25787112205084,16.90808947508583,6.524132577744616,10.383956897341214,10.49976260099115,1281962722.0,0.0005757105201442992
2023-12-12 00:00:00+05:30,798.2001800363846,799.189388954287,787.4156587795281,788.7426147460938,36581476,0.0,0.0,753.419076538086,750.4488074513181,72.92067925864703,17.078802571246,5.3558765391238286,11.722926032122173,10.5907602848317,1245381246.0,-0.011848613326371027
2023-12-13 00:00:00+05:30,787.7051606810317,789.4181637538526,779.3332866784492,786.957275390625,29346914,0.0,0.0,756.8474487304687,751.8805120763889,71.14711159835753,16.87550168579287,4.122060522936556,12.753441162856314,10.554625769872533,1216034332.0,-0.0009494482551822471
2023-12-14 00:00:00+05:30,794.2434627119087,800.4921954340838,793.7609332691918,796.2459716796875,35172366,0.0,0.0,760.3638793945313,753.6203340216163,74.6074743140723,17.264885577106156,3.6091555313998747,13.655730045706282,10.767503932271552,1251206698.0,0.002521278501860522
2023-12-15 00:00:00+05:30,796.1736368809366,804.8591674650921,794.5330248789801,799.334228515625,138837130,0.0,0.0,763.9394256591797,755.4130357664794,75.65296862779674,17.619564264311293,3.171067374884009,14.448496889427284,10.735978121831588,1390043828.0,0.003969726562499951
2023-12-18 00:00:00+05:30,801.3366585542336,803.2667764132455,796.6319962728923,798.9240112304688,18014754,0.0,0.0,767.5728729248046,757.1193485297731,75.2099963273047,17.663929785507094,2.5723463168638467,15.091583468643247,10.443035408868846,1372029074.0,-0.0030107786758660896
2023-12-19 00:00:00+05:30,796.1735898309057,800.3474813399173,793.3025631740388,797.5729370117188,24008446,0.0,0.0,771.1363525390625,758.7057637643593,73.6797937422838,17.389612751495292,1.8384234262816346,15.551189325213658,10.200312748655248,1348020628.0,0.0017575905539773513
2023-12-20 00:00:00+05:30,800.0337989636769,805.3174726877431,793.4955015932859,799.55126953125,34232520,0.0,0.0,774.4911407470703,760.3075483042373,74.49798097016955,17.134335472827615,1.266516918091165,15.86781855473645,10.316145487641105,1382253148.0,-0.0006031363088058487
2023-12-21 00:00:00+05:30,799.5512844052366,815.3541236111942,796.2942106757645,813.8823852539062,36589240,0.0,0.0,778.6927642822266,762.4085223022636,79.47539356122621,17.8822917312591,1.6115785412181225,16.27071319004098,10.940700305340288,1418842388.0,0.01792392949419138
2023-12-22 00:00:00+05:30,812.386564408183,813.4964056962248,804.4248285403323,806.2343139648438,48578850,0.0,0.0,782.3008758544922,764.1271807988353,71.4596042898926,17.65440799350938,1.1069558427747204,16.54745215073466,10.834761477356976,1370263538.0,-0.007573057843246168
2023-12-26 00:00:00+05:30,807.3924175756006,813.5205181461981,805.1245526784559,811.8316650390625,18045856,0.0,0.0,785.9282897949219,765.9979448866874,73.56129626422575,17.721189105255576,0.9389895636167331,16.782199541638843,10.660561762384495,1388309394.0,0.0054982526053339534
2023-12-27 00:00:00+05:30,811.3732902237542,823.4365267718326,809.9739430036727,821.8924560546875,27009078,0.0,0.0,790.1419799804687,768.1898865011188,76.85975657428267,18.374129839576653,1.2735442383502473,17.100585601226406,10.860706191368452,1415318472.0,0.012964643965581344
2023-12-28 00:00:00+05:30,824.7875807466806,830.6261750867799,821.2650923360533,822.8333129882812,44076470,0.0,0.0,793.6668548583984,770.3327659712037,77.14689575069855,18.75135541427926,1.3206158504422802,17.43073956383698,10.753590231322606,1459394942.0,-0.00236941947723097
2023-12-29 00:00:00+05:30,818.8525028181334,827.4897920296601,818.3699733527131,824.7634887695312,25011426,0.0,0.0,797.2966827392578,772.4673041201577,77.75668804972787,18.98718599337076,1.2451571436270221,17.742028849743736,10.636892263152914,1484406368.0,0.0072186210960518485
2024-01-01 00:00:00+05:30,823.1952341466202,824.7152136806775,816.4398219086057,819.3832397460938,14239686,0.0,0.0,800.7395263671875,774.3071447329395,71.9903362422321,18.526381698841988,0.6274822792786026,17.898899419563385,10.47166187727953,1470166682.0,-0.004630729433799817
2024-01-02 00:00:00+05:30,819.7210601966871,821.651178013112,814.8474655881971,819.8657836914062,29242092,0.0,0.0,802.9036712646484,776.0937580254284,72.18953690485777,17.992719370289365,0.07505596058078368,17.91766340970858,10.209665487824914,1499408774.0,0.00017655212455376198
2024-01-03 00:00:00+05:30,821.2651056445607,822.567911569593,805.317484115543,807.2235107421875,28389762,0.0,0.0,804.0906951904296,777.314532641772,60.124993249372956,16.361062218120537,-1.2452809532704379,17.606343171390975,10.712577056840987,1471019012.0,-0.017097517970586094
2024-01-04 00:00:00+05:30,809.684456774648,817.8633077919044,806.1619680560373,815.8849487304688,26734056,0.0,0.0,805.6118682861328,778.8270979785837,64.50211514294526,15.587188423114753,-1.6153237986209774,17.20251222173573,10.783202962485712,1497753068.0,0.007657911553002068
2024-01-05 00:00:00+05:30,814.0995545991599,822.6644521394089,804.9073452273497,811.7109985351562,31889470,0.0,0.0,806.8604125976562,780.1166627062925,61.02561704308122,14.470280580414283,-2.18578531305716,16.656065893471443,11.281338958883824,1465863598.0,-0.002933985223932098
2024-01-08 00:00:00+05:30,809.9256658591021,811.783392424477,800.9988712100742,802.66357421875,17998470,0.0,0.0,807.1077056884766,781.0008553146241,54.20575181941803,12.708574996586322,-3.1579927175080975,15.866567714094419,11.245851977135183,1447865128.0,-0.00896636808348215
2024-01-09 00:00:00+05:30,804.4489830672443,809.5879334820668,794.6053705224122,796.4148559570312,25326888,0.0,0.0,807.0956420898438,781.6053259280518,50.04585645230065,10.68502101690774,-4.145237357749345,14.830258374657085,11.512759904458001,1422538240.0,-0.009987118237852826
2024-01-10 00:00:00+05:30,792.7958839020217,800.974734493259,792.0238485649098,799.0446166992188,16115824,0.0,0.0,807.6107421875,782.2892196837838,51.72493076373416,9.187630339705606,-4.514102427961184,13.70173276766679,11.329768906164514,1438654064.0,0.007881893592133326
2024-01-11 00:00:00+05:30,800.9988638355633,802.3982109805991,792.7958634227894,795.6910400390625,18314010,0.0,0.0,808.0474304199219,782.8147812663437,49.4426110504479,7.64223688080574,-4.847596709488842,12.489833590294582,11.206381666996315,1420340054.0,-0.006626506024096448
2024-01-12 00:00:00+05:30,797.1386487324754,799.0687665260165,788.2600951016823,791.9273071289062,19773552,0.0,0.0,807.8314971923828,783.1721352217384,46.939335037688146,6.0441267092815,-5.156565504810468,11.200692214091967,11.177973792520449,1400566502.0,-0.006537559823320178
2024-01-15 00:00:00+05:30,795.0637565699909,811.0837697596247,793.0853975921428,807.17529296875,28320356,0.0,0.0,808.2235504150391,784.1134355255427,56.53953131788377,5.939530696487509,-4.208929214083566,10.148459910571075,11.747865852391737,1428886858.0,0.015233415306226307
2024-01-16 00:00:00+05:30,807.2718118304862,812.4107625207307,800.0821108710966,810.2393798828125,25322500,0.0,0.0,808.7893188476562,785.1379823630828,58.177083044211685,6.034323879648355,-3.291308824738177,9.325632704386532,11.789350552194767,1454209358.0,0.003676045674872974
2024-01-17 00:00:00+05:30,757.5712453950712,770.5030583679192,737.4980318198844,741.8890380859375,170145236,0.0,0.0,806.0051239013671,783.4419453326065,30.536601086403728,0.5873759011245738,-6.990605442609567,7.577981343734141,16.14306466010429,1284064122.0,-0.020700636942675203
2024-01-18 00:00:00+05:30,720.8989893746302,731.0321076991733,714.1677271914775,717.1111450195312,161070930,0.0,0.0,801.8831176757812,780.8407374771917,25.758803726445,-5.663453738641579,-10.593148065900575,4.929694327258997,16.970082248272554,1122993192.0,-0.0052543343948711465
2024-01-19 00:00:00+05:30,726.665150005187,728.740050053683,708.546205787342,709.6318969726562,109600538,0.0,0.0,796.6705932617188,778.0482339279943,24.512093066241228,-11.092921776515254,-12.818092883019402,1.7251711065041473,17.20035096384887,1013392654.0,-0.023440305390191297
2024-01-23 00:00:00+05:30,706.905649015796,711.5861611513427,687.604470885672,688.7384033203125,115469402,0.0,0.0,790.7957977294922,774.5458876296539,21.396626462700617,-16.887080880716894,-14.889801589776834,-1.9972792909400612,17.684732342550433,897923252.0,-0.025699675367960705
2024-01-24 00:00:00+05:30,666.0112832239977,703.7450632117061,666.0112832239977,702.5146484375,86004404,0.0,0.0,785.329946899414,771.7211331515302,27.903348813763248,-20.135259133854674,-14.51038387433169,-5.624875259522985,19.116807174347432,983927656.0,0.05480892911723426
2024-01-25 00:00:00+05:30,700.874037438298,703.2142935280697,684.9023241659917,692.3815307617188,98941852,0.0,0.0,778.8544006347656,768.6097761950671,26.18626477044481,-23.259006364621996,-14.107304884079209,-9.151701480542787,19.05931875918533,884985804.0,-0.012117022778614395
2024-01-29 00:00:00+05:30,698.7268163304925,705.8441259491866,697.6411250327257,701.9114990234375,65645498,0.0,0.0,772.8083099365234,765.9941574824542,30.516861116428263,-24.681101383637383,-12.423519922475677,-12.257581461161706,18.659552789776942,950631302.0,0.004557836651625888
2024-01-30 00:00:00+05:30,701.8632241489029,706.0370567045092,695.2766854782784,696.9172973632812,41728768,0.0,0.0,766.4160003662109,763.2852610071925,29.538807235047365,-25.912410133435287,-10.923862937818864,-14.988547195616423,18.09532553523793,908902534.0,-0.0070468527420270224
2024-01-31 00:00:00+05:30,694.601122653722,711.7067675873823,693.298316738408,705.7234497070312,65761040,0.0,0.0,760.7330108642578,761.027935073853,33.58102662730133,-25.879327512454324,-8.71262425347032,-17.166703258984004,18.117691629076244,974663574.0,0.0160125382619833
2024-02-01 00:00:00+05:30,706.9298149093052,711.0554064856633,702.5870497325981,707.5570678710938,32690740,0.0,0.0,755.1175750732422,758.9310383208036,34.42459111652658,-25.412215434353698,-6.596409740295755,-18.815805694057943,17.428453423646886,1007354314.0,0.000887291706417945
2024-02-02 00:00:00+05:30,711.7309608427075,714.5537464323249,695.831638532688,697.8099975585938,44867754,0.0,0.0,749.6468994140625,756.5341347615013,32.091328079266354,-25.534190606817788,-5.374707930207876,-20.159482676609912,17.520857314789033,962486560.0,-0.019559305481991408
2024-02-05 00:00:00+05:30,697.7375988819396,700.5845344753094,691.9713953982463,697.1826782226562,38605046,0.0,0.0,743.7117858886719,754.2066266619388,31.941274482483202,-25.38880984159448,-4.183461731987652,-21.205348109606827,16.88459172638004,923881514.0,-0.0007953142559215972
2024-02-06 00:00:00+05:30,697.5204427627752,699.5228927800413,691.2716512878459,696.8207397460938,41075740,0.0,0.0,737.9672729492188,751.9561997240626,31.8487446445236,-25.014448951397867,-3.04728067343283,-21.967168277965037,16.267923852509707,882805774.0,-0.001003129046526689
2024-02-07 00:00:00+05:30,701.1153086224779,701.501355753272,688.4006690731803,689.9929809570312,54837086,0.0,0.0,732.3337432861329,749.5262695763358,30.078574891032932,-24.980745833118817,-2.410862044123025,-22.569883788995792,16.04169262590842,827968688.0,-0.015863763818392877
2024-02-08 00:00:00+05:30,689.9447550200082,694.3357614427309,675.7825267714225,677.0130004882812,69106124,0.0,0.0,726.3636505126954,746.6826119650397,27.00561290656824,-25.70509942931767,-2.5081725122574987,-23.19692691706017,16.22108848629414,758862564.0,-0.018743173910137082
2024-02-09 00:00:00+05:30,671.753381703043,682.3931206723393,669.2683432694477,677.2783203125,56642124,0.0,0.0,720.2753356933594,743.9608750374891,27.169405452133148,-25.958512210398226,-2.209268234670443,-23.749243975727783,15.999923408908243,815504688.0,0.008224653213430841
2024-02-12 00:00:00+05:30,675.3723634036003,682.1277757729237,667.5071097268797,670.7159423828125,34447812,0.0,0.0,714.0265808105469,741.0885247373058,25.63708522742128,-26.384726022326504,-2.108385637278978,-24.276340385047526,15.901405025846511,781056876.0,-0.006894598110768583
2024-02-13 00:00:00+05:30,671.6568355704854,677.6402124526314,667.9896235790154,672.8631591796875,57580994,0.0,0.0,708.073373413086,738.4130202056346,27.086120464333938,-26.24668563451587,-1.576276199574675,-24.670409434941195,15.454918157830047,838637870.0,0.0017960415874833512
2024-02-14 00:00:00+05:30,663.960524029607,671.4397305139521,657.953055930609,667.8449096679688,91320810,0.0,0.0,701.1068542480468,735.6456433218045,25.819819930511624,-26.23974300529119,-1.2554668562799947,-24.984276149011194,15.416002807204935,747317060.0,0.005850326183230386
2024-02-15 00:00:00+05:30,668.3032965241925,683.020444931404,667.989640597305,682.32080078125,41584944,0.0,0.0,694.7109252929688,733.5544730260965,35.2270431100237,-24.780503272442616,0.1630183012548656,-24.94352157369748,15.398826554078527,788902004.0,0.020974764496841023
2024-02-16 00:00:00+05:30,687.0736724222897,688.9072489288287,679.6185573301531,685.1435546875,32175742,0.0,0.0,691.8736511230469,731.6560056402692,36.90725999754665,-23.129648431992223,1.451098513364208,-24.58074694535643,14.96238834297832,821077746.0,-0.0028091859901793123
2024-02-19 00:00:00+05:30,689.5345927769279,689.5345927769279,682.8756627216424,683.79248046875,34451756,0.0,0.0,690.2077178955078,729.7790046531509,36.420285916912995,-21.68043590570494,2.3202488317211944,-24.000684737426134,14.369284179571691,786625990.0,-0.008327518834193578
2024-02-20 00:00:00+05:30,682.7791834744519,703.1660530870282,681.2351127689459,701.7426147460938,56133508,0.0,0.0,689.8132537841797,728.6795383822858,46.5170571467867,-18.866022948105297,4.107729431456672,-22.97375237956197,14.909402475179593,842759498.0,0.027773886097614803
2024-02-21 00:00:00+05:30,706.4231577934872,706.4231577934872,692.4298028918403,694.4323120117188,45893136,0.0,0.0,690.09794921875,727.3365098971656,43.48814176651317,-17.029159191496092,4.755674550452703,-21.784833741948795,14.843970505641549,796866362.0,-0.016974027039574825
2024-02-22 00:00:00+05:30,684.1061548398936,689.4381290346399,681.4280927252879,684.9747314453125,50560882,0.0,0.0,689.2209533691406,725.6752636833673,39.87103148096153,-16.15040729983184,4.507541153693563,-20.657948453525403,14.712559704269355,746305480.0,0.0012696517920119364
2024-02-23 00:00:00+05:30,686.4222910089387,691.8989884727732,684.2267584557065,685.4813232421875,29833452,0.0,0.0,688.875942993164,724.0990307248898,40.158148350231826,-15.237464366158065,4.336387269893869,-19.573851636051934,14.209679012326307,776138932.0,-0.0013708292680415892
2024-02-26 00:00:00+05:30,682.0795032057428,692.3573447815198,682.0795032057428,686.3016357421875,23506870,0.0,0.0,688.0954498291015,722.6167799412544,40.65232760075101,-14.28311133417833,4.232592241498885,-18.515703575677215,13.928833481144219,799645802.0,0.006190088569735515
2024-02-27 00:00:00+05:30,682.07953855082,688.4247537980968,681.8382738219494,685.2642211914062,32087150,0.0,0.0,687.5127960205078,721.1519737157702,40.20019550515927,-13.455385061502284,4.048254811339945,-17.50363987284223,13.404379659358732,767558652.0,0.0046690781068621755
2024-02-28 00:00:00+05:30,685.2642180138505,687.218426967127,677.4713555269641,680.0770263671875,25321986,0.0,0.0,686.2304748535156,719.5411914668061,37.928695535730924,-13.067337169326152,3.5490421628128637,-16.616379332139015,13.143143357987602,742236666.0,-0.007569622797024771
2024-02-29 00:00:00+05:30,676.5545119013017,680.5595297897888,674.2384059449937,677.1818237304688,53295700,0.0,0.0,684.7117126464843,717.8800397908714,36.6828096898269,-12.845351855372883,3.0168219814129067,-15.86217383678579,12.655856249902424,688940966.0,0.0009272154987247864
2024-03-01 00:00:00+05:30,675.5412473516949,691.3440872451006,675.5412473516949,690.3790283203125,34738898,0.0,0.0,684.3401641845703,716.8015687528102,45.474940846948,-11.47227750416414,3.511917066097322,-14.984194570261462,12.880640795866944,723679864.0,0.02196428571428575
2024-03-04 00:00:00+05:30,690.4755197187843,693.3948465656125,687.2667458737454,691.3199462890625,35616474,0.0,0.0,684.0470275878906,715.8022894405065,46.050138825354075,-10.190709812642808,3.8347878060949228,-14.025497618737731,12.398316502724096,759296338.0,0.0012229638070616962
2024-03-05 00:00:00+05:30,686.1568948992257,696.290013600269,685.988021368046,695.2525634765625,37991672,0.0,0.0,683.968618774414,714.9964178340773,48.49570407281264,-8.756786064298012,4.214969243551776,-12.971755307849788,12.248579054831163,797288010.0,0.013255960327663375
2024-03-06 00:00:00+05:30,691.7301286065507,701.0429118115683,691.7301286065507,696.0969848632812,42409530,0.0,0.0,684.2738189697266,714.2552635999284,49.02998043181813,-7.466187848115283,4.404453967787605,-11.870641815902887,12.03887935127305,839697540.0,0.006312947891292996
2024-03-07 00:00:00+05:30,697.4963217464876,700.1743837617976,695.5179627769671,697.7858276367188,49348046,0.0,0.0,685.3124603271484,713.6094033660771,50.14390414348282,-6.235228137292211,4.508330942888541,-10.743559080180752,11.51156089652715,889045586.0,0.0004150643970511661
2024-03-11 00:00:00+05:30,690.0171076262053,697.7134287271818,686.6394015049582,688.95556640625,50531094,0.0,0.0,685.8963226318359,712.6425862303977,44.64943621074069,-5.904152585803786,3.871525195501574,-9.77567778130536,11.485479841900966,838514492.0,-0.0015384273929195942
2024-03-12 00:00:00+05:30,691.9472279572997,706.4231113873687,689.6552130808722,704.27587890625,65418454,0.0,0.0,687.5743194580078,712.3144800608233,54.05571329065803,-4.355345927676922,4.336265482902752,-8.691611410579673,11.91277020898795,903932946.0,0.017817328332025824
2024-03-13 00:00:00+05:30,707.1469236217168,710.0903415471779,699.7159581572995,704.68603515625,63067454,0.0,0.0,689.1654632568359,712.0153253586832,54.27972511588644,-3.059540828829199,4.50565646540038,-7.565197294229579,11.802885436194412,967000400.0,-0.0034800242824548746
2024-03-14 00:00:00+05:30,705.5063180701057,707.3881947616405,696.9173289458913,702.2974853515625,52432158,0.0,0.0,690.8880920410156,711.6342335936981,52.669206109651455,-2.1999819371847025,4.2921722856359015,-6.492154222820604,11.707741177591185,914568242.0,-0.004548269287397635
2024-03-15 00:00:00+05:30,699.667696321101,704.1552437274788,695.9280931166261,700.9464111328125,143613804,0.0,0.0,691.8193725585937,711.2151033011144,51.73415539417046,-1.6092453422388644,3.906327104465392,-5.515572446704256,11.459127565681296,770954438.0,0.0018276030441810008
2024-03-18 00:00:00+05:30,698.2200981559916,702.5628631065126,692.8157920007955,697.76171875,21437856,0.0,0.0,692.4502807617188,710.6875195932275,49.50323073665412,-1.382128082237955,3.3067554915730417,-4.688883573810997,11.336837818541001,749516582.0,-0.0006564970088976756
2024-03-19 00:00:00+05:30,692.6710436639203,700.825803363561,692.6710436639203,699.3540649414062,36183594,0.0,0.0,693.2283599853515,710.2430703911954,50.6491573367076,-1.0614116942363125,2.9019775036597473,-3.96338919789606,11.10954652433384,785700176.0,0.009648189192572251
2024-03-20 00:00:00+05:30,699.209333945869,700.4638987548548,687.4356034024576,690.5238037109375,43606094,0.0,0.0,692.6674194335938,709.469765815499,44.60424335012829,-1.5024506143951157,1.9687508668007556,-3.4712014811958714,11.246600012052653,742094082.0,-0.012421931191788065
2024-03-21 00:00:00+05:30,696.0969638309325,700.27085530022,694.0221225641476,697.616943359375,28922860,0.0,0.0,692.8266510009765,709.0049492485922,49.788329536426666,-1.2650374817167176,1.764931199583323,-3.0299686813000406,11.139489410426211,771016942.0,0.002183574426294527
2024-03-22 00:00:00+05:30,695.3249226490371,700.0295846863918,693.7567019699188,696.2175903320312,45980326,0.0,0.0,693.3887939453125,708.5034841930408,48.817715360338724,-1.1762429613525,1.4829805759580328,-2.659223537310533,10.791874646572408,725036616.0,0.0012838137306990685
2024-03-26 00:00:00+05:30,688.6660030144195,693.8531945682913,686.2292646492291,687.7974853515625,56844290,0.0,0.0,693.5046020507813,707.691484238473,43.34242473446385,-1.7649594129409252,0.715411299495686,-2.4803707124366112,10.73447829201739,668192326.0,-0.001261159486682009
2024-03-27 00:00:00+05:30,686.9048425890321,698.6785143980553,685.7950012599331,695.18017578125,62168668,0.0,0.0,693.9485290527343,707.2008446911309,48.76807996025797,-1.617158428621451,0.6905698270521281,-2.307728255673579,10.887980781024877,730360994.0,0.012047277408945171
2024-03-28 00:00:00+05:30,695.1801714817005,704.7342783784807,695.1801714817005,698.6544189453125,55592142,0.0,0.0,694.6180389404296,706.8656907403144,51.139363912083546,-1.2057831779202388,0.8815560622026721,-2.087339240122911,10.792704075007395,785953136.0,0.004997621632686935
2024-04-01 00:00:00+05:30,703.5279520677491,711.151941090123,702.3698695842526,709.5595703125,25199570,0.0,0.0,696.0921661376954,706.9713330764786,57.74977049091635,0.0001870925520961464,1.6700210661400057,-1.6698339735879095,10.914476794279048,811152706.0,0.008573388203017805
2024-04-02 00:00:00+05:30,706.9780614022528,721.3091630323612,706.0612436330908,714.2160034179688,41225446,0.0,0.0,697.9438751220703,707.2554377957528,60.224303235486396,1.3164868160928336,2.3890566317445945,-1.0725698156517611,11.224008408921286,852378152.0,0.010237859434223267
2024-04-03 00:00:00+05:30,710.3315823014208,721.6951742617422,709.9938352518335,715.25341796875,45584386,0.0,0.0,699.1875946044922,707.5690840770468,60.77549817206164,2.4155297908255307,2.7904796851818334,-0.37494989435630277,11.258103451848957,897962538.0,0.00692892698278013
2024-04-04 00:00:00+05:30,725.7243159095992,738.2700820091003,725.7243159095992,737.1119995117188,88935066,0.0,0.0,701.477197265625,708.7276297803672,70.15883854125804,4.992780452054376,4.294184277128543,0.6985961749258329,12.09800063674191,986897604.0,0.015691473128947832
2024-04-05 00:00:00+05:30,742.6128428552454,750.0920495246777,738.3424688922353,747.7035522460938,59055902,0.0,0.0,704.0997467041016,710.2560973280429,73.470537318827,7.800006339781589,5.681128131884605,2.1188782078969846,12.161004163614555,1045953506.0,0.006855132441926637
2024-04-08 00:00:00+05:30,750.3091383898975,751.4189796765476,743.843290936434,746.280029296875,20482940,0.0,0.0,706.6088989257812,711.6688005425069,72.30904259825141,9.796953494162608,6.1424602290124986,3.6544932651501094,11.833481633364487,1025470566.0,-0.005369932054497749
2024-04-09 00:00:00+05:30,750.2608472309113,750.2608472309113,743.2400796019634,747.220947265625,21884494,0.0,0.0,709.0806549072265,713.063002374786,72.61718684239374,11.324926020097337,6.136346203957782,5.188579816139555,11.489716347334728,1047355060.0,-0.0040517907558498475
2024-04-10 00:00:00+05:30,747.8724040336972,747.8724040336972,739.6934945398579,741.3341064453125,27807400,0.0,0.0,711.6995819091796,714.1716731226498,67.55228160626608,11.92339097047602,5.387848923469173,6.535542047006848,11.25323014351363,1019547660.0,-0.008742530882433918
2024-04-12 00:00:00+05:30,733.9273193199391,738.1976933224598,730.2841982830157,732.9381103515625,41084208,0.0,0.0,713.1326934814454,714.9076118375092,61.01573490116593,11.586628596821583,4.040869239851788,7.545759356969795,11.238707144855283,978463452.0,-0.0013478296042899831
2024-04-15 00:00:00+05:30,722.6120114447109,728.619479619639,719.9580994328513,721.2367553710938,23415248,0.0,0.0,713.9602294921875,715.1558135447086,53.27813964593244,10.257300657803171,2.1692330406667004,8.08806761713647,11.36308598584499,955048204.0,-0.0019031735590273626
2024-04-16 00:00:00+05:30,717.5213482919781,730.0188738053428,715.2293332251409,728.2576293945312,20744886,0.0,0.0,715.2582366943359,715.6696102447016,56.816647972715245,9.65898181676323,1.2567313597014085,8.402250457061822,11.607832742584769,975793090.0,0.014963012777404128
2024-04-18 00:00:00+05:30,728.5229972893073,732.8898535309453,719.4755699761496,721.2367553710938,34234884,0.0,0.0,716.27275390625,715.887929661423,52.532058672454134,8.52006990448615,0.09425555793946216,8.425814346546687,11.736864943456979,941558206.0,-0.01000138903689284
2024-04-19 00:00:00+05:30,717.3041468996099,740.6585241626401,714.2641879331112,738.8973388671875,34576434,0.0,0.0,718.3295349121094,716.790259434198,60.58406296395285,8.939486663450452,0.4109378535230128,8.52854880992744,12.783827178176402,976134640.0,0.03010325823558866
2024-04-22 00:00:00+05:30,751.4913973391389,751.4913973391389,727.7992124900497,729.6810302734375,42298438,0.0,0.0,719.8458831787109,717.2957798592662,55.31112418164338,8.43101094104702,-0.07803029510433568,8.509041236151356,13.562995583241596,933836202.0,-0.029022776764879743
2024-04-23 00:00:00+05:30,736.4847623183101,736.5812446524401,725.36243434247,727.46142578125,26827060,0.0,0.0,721.6927642822266,717.6944326405205,54.09012440390659,7.759490162681232,-0.5996408587761,8.359131021457332,13.395553778007917,907009142.0,-0.012251898476020628
2024-04-24 00:00:00+05:30,731.0321290736335,734.2892029160408,728.1611023587425,729.4397583007812,22441580,0.0,0.0,723.2839050292969,718.1550336468052,55.042726306172185,7.302758355973424,-0.8450981323871272,8.147856488360551,12.926426874920983,929450722.0,-0.002178250051567705
2024-04-25 00:00:00+05:30,726.8100016996518,733.2999993986332,726.8100016996518,728.9813842773438,35445204,0.0,0.0,724.9220947265625,718.5795964166304,54.759216590824266,6.825132279264608,-1.0581793672767557,7.8833116465413635,12.46668193378244,894005518.0,0.0029875518672199492
2024-04-26 00:00:00+05:30,733.3483049067934,737.3050229611517,726.4722600264292,728.5230102539062,24854694,0.0,0.0,726.9583709716796,718.9695342141706,54.45714660549817,6.3365790802098445,-1.237386053065216,7.573965133275061,12.349973433849588,869150824.0,-0.0065798129219108315
2024-04-29 00:00:00+05:30,731.032131428265,740.4173058581998,726.9547810549049,738.02880859375,36093350,0.0,0.0,729.1008026123047,719.7169567388601,59.452515313867316,6.639895055864486,-0.7472560619284607,7.387151117792946,12.429441388809972,905244174.0,0.009570957095709563
2024-04-30 00:00:00+05:30,737.8839870266107,742.8540637585916,730.9838514608483,733.4929809570312,52307382,0.0,0.0,730.8427307128907,720.25719298271,56.28034364481483,6.440035053737347,-0.7576928512444798,7.197727904981827,12.389496453733777,852936792.0,-0.005950808185001473
2024-05-02 00:00:00+05:30,734.4097862747798,741.6477276638216,733.6136009414815,739.355712890625,33475006,0.0,0.0,732.3325378417969,721.0061545477262,59.30292385759162,6.677741188611094,-0.4159893730965871,7.093730561707681,12.087014328952101,886411798.0,0.006734559789750273
2024-05-03 00:00:00+05:30,739.838247474829,743.3848269996832,727.2683322805465,733.251708984375,31865242,0.0,0.0,733.2843231201172,721.4863723687712,55.036615304126364,6.300949487644857,-0.63422485925026,6.935174346895117,12.374834356822433,854546556.0,-0.00890267367621881
2024-05-06 00:00:00+05:30,734.409854805557,740.4414731925934,732.0695986518915,734.7235107421875,28793396,0.0,0.0,734.2578277587891,722.0054758343954,55.86116385146953,6.051345309589237,-0.7070632298447048,6.758408539433942,12.088908655670968,883339952.0,0.0004270856859805932
2024-05-07 00:00:00+05:30,734.3857101406,735.3990691590502,725.7967208361741,726.7617797851562,28480602,0.0,0.0,733.7403167724609,722.1919975579547,50.46942941302956,5.1517014434909925,-1.2853656767543598,6.437067120245352,11.911297203328475,854859350.0,-0.010381370784004203
2024-05-08 00:00:00+05:30,721.839908602347,722.3224380533068,714.3124609478779,715.4223022460938,41687862,0.0,0.0,732.126254272461,721.9265193104308,43.96125965528162,3.483569705471723,-2.3627979318189034,5.846367637290626,11.949727320039184,813171488.0,-0.008890622809535793
2024-05-09 00:00:00+05:30,711.7067743196492,717.4006452754784,697.3998235385756,698.4613647460938,46281278,0.0,0.0,729.7353210449219,721.0063171706529,36.40029982696841,0.783920825764767,-4.049957449220688,4.833878274985455,12.5248054926723,766890210.0,-0.01861076787728666
2024-05-10 00:00:00+05:30,703.8416684232827,710.1757304377459,697.8744453603952,703.3036499023438,27276608,9.75,0.0,727.5394561767578,720.3120949248369,39.59454434213134,-0.9538431082737588,-4.630177106607372,3.6763339983336123,12.508839748720758,794166818.0,-0.0007644027699357776
2024-05-13 00:00:00+05:30,700.4178482944296,714.0153695113818,699.5863705416292,711.7898559570312,27047202,0.0,0.0,726.0622436523438,719.977889475119,44.82460180754271,-1.6275067547018125,-4.24307260242834,2.6155658477265273,12.64599397879446,821214020.0,0.0162360335195531
2024-05-14 00:00:00+05:30,710.3225117378679,716.8033334149392,709.3687543171948,714.5778198242188,25665142,0.0,0.0,725.1442291259766,719.7661220378288,46.464549547945964,-1.9143571463476974,-3.6239383952593798,1.7095812489116826,12.273750058719456,846879162.0,0.00599067045747974
2024-05-15 00:00:00+05:30,713.9663973831348,713.9663973831348,702.2765105947733,703.5971069335938,38931996,0.0,0.0,724.2622467041016,719.1320430141334,41.26256739172187,-2.993235750492204,-3.7622535995231092,0.7690178490309053,12.27571857091417,807947166.0,-0.014523499267678536
2024-05-16 00:00:00+05:30,707.2900130261993,715.3604703553835,702.129787639036,714.2354736328125,34945236,0.0,0.0,723.5611389160156,718.9400206854541,47.40601689190798,-2.9557554244512403,-2.9798186187857167,0.024063194334476234,12.343930295587986,842892402.0,0.009819819987131556
2024-05-17 00:00:00+05:30,707.3632953926179,718.0261047546892,707.3632953926179,716.1185302734375,20920190,0.0,0.0,723.3052276611328,718.82937400263,48.43411119195054,-2.742491329589143,-2.213243619138895,-0.5292477104502475,12.22385022890822,863812592.0,0.012377281854807033
2024-05-21 00:00:00+05:30,709.2708774280177,718.8575901481447,709.2708774280177,713.5262451171875,43769978,0.0,0.0,722.0366729736328,718.6214081639852,47.070014078226464,-2.7509425916107375,-1.7773559049283918,-0.9735866866823456,12.035483263995276,820042614.0,0.005999636844812768
2024-05-22 00:00:00+05:30,713.061564600698,716.8522338864277,708.317137893562,713.7218627929688,39996278,0.0,0.0,721.2387145996094,718.4292691298276,47.1908825052876,-2.710609348783464,-1.389618129680895,-1.3209912191025692,11.78545560177174,860038892.0,0.0009260044644819291
2024-05-23 00:00:00+05:30,713.4528580521371,731.5502462577371,712.670280233267,730.0584106445312,40861920,0.0,0.0,721.3685638427735,718.8853138951101,56.188647232112615,-1.344918696315176,-0.019141981770085303,-1.3257767145450907,12.292206346250191,900900812.0,0.023274912147286747
2024-05-24 00:00:00+05:30,727.5639000532791,743.411354254635,726.8302221708724,742.0906982421875,31060206,0.0,0.0,722.0011108398437,719.7953289675446,61.404602300705655,0.7002341724838743,1.620808709623172,-0.9205745371392977,12.598558184643931,931961018.0,0.01996635372899152
2024-05-27 00:00:00+05:30,745.0987865205918,755.6882158556692,742.9956124235554,747.2264404296875,29385440,0.0,0.0,722.913363647461,720.8710588288051,63.407151040647214,2.7042708775545634,2.899876331755089,-0.19560545420052544,12.669912429560917,961346458.0,0.002855532645585472
2024-05-28 00:00:00+05:30,748.4003489217613,751.3106403808915,745.8080561970406,748.5960083007812,27908904,0.0,0.0,723.9170135498047,721.9583117492748,63.944411881137,4.352820480901528,3.6387407480816427,0.7140797328198852,12.1579604120102,989255362.0,0.00026143678220066165
2024-05-29 00:00:00+05:30,742.4820364108302,745.343368285666,734.2892998430559,737.7376098632812,35147706,0.0,0.0,723.9024536132813,722.5771077537457,56.82133991043983,4.728617354824223,3.21163009760347,1.516987257220753,12.311442415275566,954107656.0,-0.006389954658679172
2024-05-30 00:00:00+05:30,733.2865663042003,745.2210718425315,732.5284683137548,740.9412841796875,33755350,0.0,0.0,724.274868774414,723.2972715351552,58.29737078247826,5.2247214909175455,2.966187386957434,2.2585341039601117,12.338668209097074,987863006.0,0.010438917371781908
2024-05-31 00:00:00+05:30,742.9711567997916,751.2861730378406,740.5255637886007,749.109619140625,74079588,0.0,0.0,724.762564086914,724.30952046086,61.87583352298084,6.205471150086396,3.1575496369010274,3.0479215131853685,12.225949711964418,1061942594.0,0.008262046628127049
2024-06-03 00:00:00+05:30,782.1006510598036,782.1006510598036,758.1338393637872,768.9922485351562,72637256,0.0,0.0,726.5495910644531,726.0617843069108,68.87659300204832,8.489225835892512,4.353043458165715,4.136182377726797,13.709169869622572,1134579850.0,-0.016760505833724182
2024-06-04 00:00:00+05:30,761.5576767505091,762.5359139717687,711.1784598556457,725.436279296875,89531240,0.0,0.0,726.0852294921875,726.0372546986741,48.05740910712923,6.707198760625374,2.0568131063188613,4.650385654306513,16.859499784614574,1045048610.0,-0.04743094128833491
2024-06-05 00:00:00+05:30,730.7676825234078,762.8293715571574,725.0449589672231,759.0142822265625,81631650,0.0,0.0,727.6978546142578,727.3304714644737,58.47742126558738,7.913175516438287,2.6102318897054193,5.302943626732867,18.354136413565982,1126680260.0,0.03865332359200211
2024-06-06 00:00:00+05:30,765.4217485737847,765.6907279935466,756.4708538492135,762.8782958984375,46422870,0.0,0.0,730.070654296875,728.7245037952174,59.4846603655648,9.07609086856155,3.018517793462946,6.057573075098604,17.701689108620773,1173103130.0,-0.003322942782964369
2024-06-07 00:00:00+05:30,763.5386254919762,774.9350532132264,759.1365580281006,769.5547485351562,36712216,0.0,0.0,733.6253234863282,730.3256898634503,61.234450659186294,10.416370162543899,3.4870376699562353,6.929332492587664,17.56574668551399,1209815346.0,0.00787926483654139
2024-06-10 00:00:00+05:30,769.8726709652803,773.1253215736912,761.8511140405344,763.660888671875,22454058,0.0,0.0,736.6431854248046,731.6329525618198,58.8194022401117,10.877576000216436,3.158594806103018,7.718981194113418,17.116351031774187,1187361288.0,-0.008068583971966303
2024-06-11 00:00:00+05:30,761.0685352077824,768.4053141461608,759.2098606606493,765.372802734375,29545326,0.0,0.0,739.3223327636719,732.9560839411357,59.321241396609196,11.251521570327782,2.826032300971491,8.42548926935629,16.550572635612564,1216906614.0,0.005655558372831054
2024-06-12 00:00:00+05:30,770.3617837844503,776.867084952485,766.1553758270626,769.946044921875,39280436,0.0,0.0,742.0907440185547,734.4066706462628,60.699089783428406,11.781093441408416,2.6844833376416997,9.096610103766716,16.18940903436238,1256187050.0,-0.0005396670386904765
2024-06-13 00:00:00+05:30,773.6633739890733,775.5953686473473,769.8727046997321,773.1742553710938,24120192,0.0,0.0,745.5696014404297,735.9269680864522,61.685636548492475,12.319263764370476,2.5781229284830065,9.74114083588747,15.441784385309008,1280307242.0,-0.0006322111585270221
2024-06-14 00:00:00+05:30,774.7638445917822,782.1006234231438,771.6823735998668,781.073486328125,25540554,0.0,0.0,748.9115020751954,737.6974197822042,64.06284064379894,13.230654791589814,2.791611164561875,10.439043627027939,15.082960488021012,1305847796.0,0.008143954806857664
2024-06-18 00:00:00+05:30,781.0735025569608,787.7255035609028,777.4295331708895,786.4049072265625,32415714,0.0,0.0,752.4258209228516,739.6075173290418,65.61356582462078,14.219229431120311,3.0241486432738967,11.195080787846415,14.741032623877603,1338263510.0,0.006825740025936854
2024-06-19 00:00:00+05:30,789.1439561574068,816.7791568814715,784.5462294053054,810.88525390625,90131196,0.0,0.0,757.2937713623047,742.4027226850108,71.66058392162928,16.784559388891353,4.47158288083595,12.312976508055403,15.990453684755352,1428394706.0,0.027550483760540322
2024-06-20 00:00:00+05:30,816.7302710324444,822.4284550188385,808.0239359751494,816.5101318359375,41408742,0.0,0.0,762.4331848144532,745.3088955928902,72.8423369997978,19.051864468272356,5.39111036817356,13.660754100098796,15.877172638964906,1469803448.0,-0.00026953720746586066
2024-06-21 00:00:00+05:30,818.2220588199829,818.2220588199829,803.6952599143053,814.7493286132812,51630776,0.0,0.0,766.6677307128906,748.032049828984,71.83252762308715,20.470664891982665,5.447928633507093,15.022736258475572,15.780717372301522,1418172672.0,-0.0042442392859829365
2024-06-24 00:00:00+05:30,805.578328826498,819.322549453447,804.9669305805763,818.001953125,28544994,0.0,0.0,770.4632934570312,750.7759676052984,72.58848338645595,21.60844535716933,5.268567278955004,16.339878078214326,15.678924622342175,1446717666.0,0.015421994179758682
2024-06-25 00:00:00+05:30,817.3660770202004,839.792152792842,817.3660770202004,837.0531005859375,74521548,0.0,0.0,774.9546264648437,754.1593845849313,76.55704205684519,23.773368364017983,5.946792228642924,17.82657613537506,16.160863990220708,1521239214.0,0.02408593177430167
2024-06-26 00:00:00+05:30,835.3900815866517,836.8330172679852,827.1484451910353,832.2352905273438,47596666,0.0,0.0,779.1365905761719,757.2211848179671,73.65299679151079,24.814284807854847,5.5901669379838275,19.22411786987102,15.713991947697957,1473642548.0,-0.003776428675471093
2024-06-27 00:00:00+05:30,829.5940504605475,837.8601667911611,824.9474237328674,829.6185302734375,55074650,0.0,0.0,783.7306365966797,760.0602964044562,72.05426045696937,25.138289354049448,4.731337187342742,20.406952166706706,15.51390274131194,1418567898.0,2.9508182799100028e-05
2024-06-28 00:00:00+05:30,830.3277429088527,834.7298104121821,821.2301486766776,823.5779418945312,26476046,0.0,0.0,787.8624694824218,762.5511844628905,68.36515381249502,24.623792539741544,3.3734722984278704,21.250320241313673,15.37002838375427,1392091852.0,-0.008129080440784874
2024-07-01 00:00:00+05:30,821.7192786483325,835.0722408091129,821.7192786483325,834.0450439453125,21187024,0.0,0.0,792.1092407226563,765.3548652269071,71.12401733089557,24.77506622443741,2.819796786498987,21.955269437938423,15.225952224970424,1413278876.0,0.014999970935639893
2024-07-02 00:00:00+05:30,838.838389794792,848.5718617693514,832.8466870105435,846.4686279296875,45921690,0.0,0.0,795.9830596923828,768.5357970976045,74.02007680951377,25.602303688699863,2.9176274006091525,22.68467628809071,15.261610977387383,1459200566.0,0.009096195676931462
2024-07-03 00:00:00+05:30,876.011439989327,877.4787958352052,863.1231764177352,865.0796508789062,123217802,0.0,0.0,802.9652282714844,772.3218305792242,77.6382153569664,27.443300071877843,3.8068990270297043,23.63640104484814,16.386507900825265,1582418368.0,-0.01247904834502378
2024-07-04 00:00:00+05:30,860.7264431387283,860.7264431387283,843.6561923193672,844.7811889648438,45848658,0.0,0.0,807.2535736083985,775.1633740453269,66.72368779827158,26.95368147214208,2.653824341835154,24.299857130306926,16.746290090733396,1536569710.0,-0.018525344842129563
2024-07-05 00:00:00+05:30,824.1648208478706,824.1648208478706,803.2305213970031,806.1163330078125,82242548,0.0,0.0,809.4154754638672,776.3772155732676,51.788767153099194,23.178536721108344,-0.8970563273588645,24.07559304846721,18.518031339098197,1454327162.0,-0.02189912428134275
2024-07-08 00:00:00+05:30,804.746893068618,809.466840007828,795.8693781334305,799.880126953125,39087800,0.0,0.0,810.9317443847656,777.2988983724777,49.85063959888957,19.459184234071472,-3.6931270515165906,23.152311285588063,18.166562091619575,1415239362.0,-0.0060475736624906636
2024-07-09 00:00:00+05:30,794.8177627857184,805.4316130275578,792.5433492462205,800.442626953125,48550878,0.0,0.0,812.7708312988282,778.2064955717188,50.03228442481913,16.368276339851036,-5.4272279565896255,21.79550429644066,17.789540783742268,1463790240.0,0.0070769230769230475
2024-07-10 00:00:00+05:30,797.2388686664016,802.154534667076,792.7390012571118,795.3557739257812,45507182,0.0,0.0,814.2699798583984,778.879016291486,48.327523355382056,13.354302946586927,-6.75296107988299,20.107264026469917,17.191397399900975,1418283058.0,-0.0023620207376119397
2024-07-11 00:00:00+05:30,794.3041099215653,795.2334471834384,783.078862169832,793.3014526367188,44177074,0.0,0.0,815.4377502441406,779.4446020305147,47.62181863355975,10.676864510610585,-7.544319612687467,18.221184123298052,16.840362711047284,1374105984.0,-0.0012623090732157818
2024-07-12 00:00:00+05:30,793.3503898772587,801.3719470676983,788.0434648703152,793.6927490234375,56049960,0.0,0.0,816.4636749267578,780.0033528929823,47.77824217872052,8.48869719121501,-7.785989545666435,16.274686736881446,16.589514102928412,1430155944.0,0.00043153586428780634
2024-07-15 00:00:00+05:30,794.0840699933016,797.1655411448841,790.0243616135168,793.3992919921875,33375694,0.0,0.0,817.079965209961,780.5286838380491,47.66327893987296,6.65417411864064,-7.696410094592647,14.350584213233287,15.914633062102613,1396780250.0,-0.0008623495005004255
2024-07-16 00:00:00+05:30,792.7389965454798,795.7959878941822,790.8070018958449,792.2498779296875,28950324,0.0,0.0,817.3722137451172,780.9883385083094,47.1843801416937,5.049347522679,-7.440989352443431,12.49033687512243,15.13422970040509,1367829926.0,-0.0006169983032546258
2024-07-18 00:00:00+05:30,786.5027050048675,794.3041227544791,782.1740173571269,789.8287353515625,33717064,0.0,0.0,816.3193878173828,781.3350207374567,46.13290460459583,3.541322747272602,-7.159211302279864,10.700534049552466,14.919649393044168,1334112862.0,0.004228886087142475
2024-07-19 00:00:00+05:30,790.4156472369336,793.8394773920442,784.3016648170935,786.1603393554688,26002152,0.0,0.0,814.8018981933594,781.5242489185553,44.51429919188341,2.026829322439312,-6.938963781690523,8.965793104129835,14.535232477466058,1308110710.0,-0.005383633150912716
2024-07-22 00:00:00+05:30,790.9047901011983,807.534822793493,788.777136095174,803.4017944335938,53744822,0.0,0.0,814.234521484375,782.3821918799293,52.88189006715984,2.1925493596718297,-5.418594995566405,7.611144355238235,15.02375040322022,1361855532.0,0.015800895997603523
2024-07-23 00:00:00+05:30,805.8473574244805,805.9696370720696,785.0353375220707,791.5895385742188,52002152,0.0,0.0,812.9139007568359,782.7432642993132,47.587061934548835,1.3551124614887158,-5.004825514999616,6.3599379764883315,15.445932485132987,1309853380.0,-0.017692952292888676
2024-07-24 00:00:00+05:30,786.5761141299853,792.8612764031598,776.7448418914049,784.5707397460938,61728206,0.0,0.0,810.2897827148438,782.8149300031085,44.72171024078179,0.12365387449779064,-4.989027281592433,5.112681156090224,15.493825487034547,1248125174.0,-0.002549498195873436
2024-07-25 00:00:00+05:30,779.1659195781198,794.8177145727838,779.1659195781198,790.7091064453125,25535732,0.0,0.0,808.2134735107422,783.1245055498616,47.68833297558941,-0.35290298972552137,-4.372467316652596,4.019564326927075,15.505109023293794,1273660906.0,0.014814799488975084
2024-07-26 00:00:00+05:30,785.035363538534,793.2281001985156,780.8533755696498,791.46728515625,43810540,0.0,0.0,806.3059112548829,783.4516733775632,48.059116556608586,-0.6617705731905517,-3.745067920094101,3.0832973469035494,15.28151013797751,1317471446.0,0.008193161628699326
2024-07-29 00:00:00+05:30,789.9265205265668,798.1681568024536,781.758263980336,785.059814453125,51001148,0.0,0.0,804.3800048828125,783.5147377334677,45.14673665639509,-1.4073565642095218,-3.5925231288904573,2.1851665646809355,15.362108901130375,1266470298.0,-0.006160960477941259
2024-07-30 00:00:00+05:30,783.5680364312113,799.5866713832227,782.1006805577447,790.1956176757812,54595834,0.0,0.0,802.187533569336,783.7767330253231,47.87343908320685,-1.5657731768562826,-3.0007517932297745,1.4349786163734919,15.513814752869491,1321066132.0,0.008458207757880816
2024-07-31 00:00:00+05:30,789.4374384265482,796.2361990631678,787.089645210193,790.2933959960938,37820484,0.0,0.0,799.3787719726563,784.0322884359416,47.926511739668406,-1.6642452076303016,-2.479379059203035,0.8151338515727333,15.05901040287701,1358886616.0,0.0010842627013631576
2024-08-01 00:00:00+05:30,793.7905684271949,807.0701500331116,791.3693955924167,801.5675659179688,26215174,0.0,0.0,796.2031677246093,784.7199463764133,53.77107704187675,-0.8230659193676502,-1.3105598167523067,0.48749389738465665,15.181706376744216,1385101790.0,0.009797291376468583
2024-08-02 00:00:00+05:30,797.7524179545,817.0726022029381,797.7524179545,811.5211181640625,44119238,0.0,0.0,794.5401641845704,785.7709727210271,58.22859253239904,0.6393729149352794,0.12150321404049813,0.5178697008947812,15.477311939008072,1429221028.0,0.017259365060737247
2024-08-05 00:00:00+05:30,802.2034222366833,805.0892339839519,783.078896481353,790.2933959960938,41333634,0.0,0.0,793.7490173339844,785.9483226533827,47.67142929432127,0.08449247923851999,-0.346701777325009,0.431194256563529,16.403376920701028,1387887394.0,-0.01484664102701323
2024-08-06 00:00:00+05:30,797.2633366699627,798.7062126910071,779.3127075123468,783.1766967773438,45116050,0.0,0.0,792.9138458251953,785.8396314425577,44.742612650287924,-0.9189196799027286,-1.080091149173006,0.1611714692702775,16.616957510555256,1342771344.0,-0.017668741612346647
2024-08-07 00:00:00+05:30,790.9047745169219,797.2633163033906,783.6657953695826,794.0840454101562,42346264,0.0,0.0,792.5959167480469,786.1629417942282,49.830091180041535,-0.8244949030522548,-0.7885330978580258,-0.03596180519422895,16.43621908309037,1385117608.0,0.0040197897340754594
2024-08-08 00:00:00+05:30,794.3286037495138,808.6598025644381,792.0052904072661,803.47509765625,33976950,0.0,0.0,793.0018829345703,786.8418498672487,53.7761043620857,0.008024345200510652,0.03518892031579168,-0.02716457511528103,16.451811445524775,1419094558.0,0.011514748258543707
2024-08-09 00:00:00+05:30,808.0239310192494,813.1841561563841,804.9914195676599,807.1434936523438,26644618,0.0,0.0,793.6939849853516,787.6379927607818,55.25654624036525,0.952827147990547,0.7839933784846624,0.16883376950588458,15.97018623513973,1445739176.0,-0.0010896179347003505
2024-08-12 00:00:00+05:30,808.0239300758651,819.7382967048139,805.7495166363981,811.9857788085938,39316196,0.0,0.0,794.6086364746094,788.5928078999117,57.20494240736599,2.0684779928632224,1.5197153786858704,0.5487626141773522,15.82865722323088,1485055372.0,0.004903132921269626
2024-08-13 00:00:00+05:30,796.2850722592009,798.4372060174895,783.1522499314331,784.1549072265625,54055042,0.0,0.0,794.1464172363281,788.4187725793882,45.05989823823216,0.6988645058879683,0.12008151336849293,0.5787829925194754,16.75757662708301,1431000330.0,-0.015233445226121061
2024-08-14 00:00:00+05:30,785.7690291652222,789.2906591947032,784.1549139060415,786.4049072265625,32334428,0.0,0.0,793.8541687011718,788.3397974675128,46.057003498883354,-0.20267158226522497,-0.6251636598277603,0.4224920775625353,15.927446294301415,1463334758.0,0.0008092429680206253
2024-08-16 00:00:00+05:30,796.5296512652837,799.2931833353933,787.9700756453007,798.2904663085938,27849246,0.0,0.0,794.2772552490235,788.7300197750061,51.10519737744624,0.041442139625928576,-0.3048399503492854,0.346282089975214,15.710362709624945,1491184004.0,0.0022106082812020328
2024-08-19 00:00:00+05:30,801.005095926014,801.005095926014,794.1818555578338,798.021484375,19502164,0.0,0.0,794.8703125,789.0943909357902,50.98890137348105,0.21076980578243365,-0.10840982735422428,0.3191796331366579,15.0755682566646,1471681840.0,-0.0037248346685793575
2024-08-20 00:00:00+05:30,796.0160751548395,805.0892494490549,796.0160751548395,801.029541015625,31134494,0.0,0.0,794.7516998291015,789.5624360369603,52.29627463973831,0.5809909308748047,0.2094490381905174,0.3715418926842873,14.64682583077537,1502816334.0,0.006298196754142496
2024-08-21 00:00:00+05:30,796.3339823683706,799.4888331690225,791.2960966020499,795.2090454101562,47630904,0.0,0.0,794.9326751708984,789.7838716986543,49.54241996415523,0.40011619789413544,0.02285944416787855,0.3772567537262569,14.295870015261062,1455185430.0,-0.0014126446731165087
2024-08-22 00:00:00+05:30,798.2415901092594,801.3230613067645,796.2851156236975,797.8992309570312,21300638,0.0,0.0,795.5990997314453,790.1021210813358,50.83116537941442,0.46844719205739693,0.07295235066491201,0.3954948413924849,13.71145186392872,1476486068.0,-0.00042889164943320083
2024-08-23 00:00:00+05:30,799.2198118146903,799.2198118146903,793.8395070839915,794.8422241210938,20333422,0.0,0.0,795.8057556152344,790.2880074750517,49.290519010139676,0.27278064852555417,-0.09817135429354462,0.3709520028190988,13.116369925840866,1456152646.0,-0.0054773262985772005
2024-08-26 00:00:00+05:30,798.3393358240406,806.0429535886417,798.3393358240406,802.1300048828125,22364266,0.0,0.0,796.3388916015625,790.7523995302581,52.95153737723588,0.6977334669380753,0.26142517129518117,0.4363082956428941,12.979538464534228,1478516912.0,0.0047481927654976
2024-08-27 00:00:00+05:30,803.8175482445729,805.7740227153121,798.3393839023856,801.0540161132812,35773244,0.0,0.0,797.1386016845703,791.1563844942983,52.35059683843015,0.9368884687866057,0.4004641385149692,0.5364243302716365,12.5834742037051,1442743668.0,-0.003438009206600198
2024-08-28 00:00:00+05:30,801.0540230299879,802.0322602738041,797.3611535518365,800.736083984375,26921188,0.0,0.0,797.665625,791.5320589841052,52.16222308841705,1.0882217224157102,0.441437913715259,0.6467838087004513,12.018305097866707,1415822480.0,-0.00039690087868266824
2024-08-29 00:00:00+05:30,803.1327478011252,804.3066443921458,797.8258228888785,801.4453125,49052604,0.0,0.0,798.2232208251953,791.9208140239442,52.57220821783575,1.2509629084436256,0.4833432797945394,0.7676196286490862,11.62277055539532,1464875084.0,-0.002101066487134539
2024-08-30 00:00:00+05:30,809.9803979049158,812.9151094915278,792.9346267140497,800.6382446289062,445342100,0.0,0.0,798.1767547607421,792.2626740476683,52.025791018638195,1.2998292165156045,0.4257676702932146,0.8740615462223899,12.219749999829801,1019532984.0,-0.011533801682329365
2024-09-02 00:00:00+05:30,805.4805363747404,805.4805363747404,793.9372896204184,795.771484375,34049680,0.0,0.0,797.389273071289,792.4002744526616,48.73625339048865,0.9350703297474183,0.04880702682002269,0.8862633029273956,12.171428339436387,985483304.0,-0.012053738807194913
2024-09-03 00:00:00+05:30,799.2198020140055,802.1300338362693,794.6220751773263,800.8583374023438,37282860,0.0,0.0,797.9175201416016,792.7319631957864,52.14238290656387,1.0444233485092127,0.12652803646545352,0.9178953120437592,11.838323362258281,1022766164.0,0.0020501686572444826
2024-09-04 00:00:00+05:30,801.6654171275841,804.5023290026049,798.2415867920788,803.0349731445312,24682744,0.0,0.0,798.910433959961,793.1360028016196,53.56414048799661,1.2918312902377238,0.29914878255517163,0.9926825076825522,11.439924708563128,1047448908.0,0.0017083885467510552
2024-09-05 00:00:00+05:30,805.0892295470924,806.9968040615106,803.1327551131991,804.8201904296875,22876318,0.0,0.0,799.4472412109375,793.5942062380145,54.75146388458375,1.6133581927983869,0.4965405480926677,1.1168176447057192,10.90577515202143,1070325226.0,-0.00033417304260326803
2024-09-06 00:00:00+05:30,801.3230165588977,805.9451633901804,799.2686826396591,800.6626586914062,26029602,0.0,0.0,799.3066192626953,793.871400451873,51.451974350591826,1.5152259328585842,0.318726630522292,1.1964993023362922,10.603682694771418,1044295624.0,-0.0008240844875855972
2024-09-09 00:00:00+05:30,801.1762930333995,806.3120385015623,797.3122440255045,805.3338012695312,23792914,0.0,0.0,799.2161346435547,794.3209063662911,54.75132957243098,1.7937009099886154,0.47776128612185853,1.315939623866757,10.489119250577588,1068088538.0,0.0051892551892551535
2024-09-10 00:00:00+05:30,809.0021527157436,809.0021527157436,801.1762552287715,807.2168579101562,26606646,0.0,0.0,798.9776885986328,794.8266299562466,56.048091305980485,2.1416536194137734,0.6605711964376131,1.4810824229761603,10.298889124605765,1094695184.0,-0.002206786223737818
2024-09-11 00:00:00+05:30,807.2413436312598,808.2684807425712,801.7631795261655,804.0620727539062,22226684,0.0,0.0,799.973046875,795.1888041836058,53.29251966465235,2.1381960588419133,0.5256909086926023,1.612505150149311,10.027918559734337,1072468500.0,-0.003938439108002189
2024-09-12 00:00:00+05:30,809.0021567025105,816.8280542280488,805.6028063475989,815.1650390625,32424046,0.0,0.0,801.4110534667968,795.9721859435625,60.62890721189364,2.99682695128638,1.107457440909655,1.889369510376725,10.223494482192068,1104892546.0,0.007617881249055425
2024-09-13 00:00:00+05:30,818.7845355422129,818.7845355422129,810.4939991636426,814.8471069335938,23860532,0.0,0.0,802.2388854980469,796.7123789235637,60.336655450141016,3.6100294812229095,1.3765279766769476,2.233501504545962,10.085426046219085,1081032014.0,-0.0048088702676971195
2024-09-16 00:00:00+05:30,815.3607299658061,820.6432348825226,813.9178539364939,817.292724609375,15172820,0.0,0.0,803.2024475097656,797.5194513033995,61.85965860617156,4.24441088501078,1.608727504371854,2.6356833806389255,9.845422824776918,1096204834.0,0.0023694968037643463
2024-09-17 00:00:00+05:30,820.7410171745493,820.7410171745493,813.9667364533067,816.2411499023438,20127122,0.0,0.0,803.9630279541016,798.2536355621817,60.77896881557717,4.609177696135362,1.5787954523971486,3.030382243738213,9.62605553166732,1076077712.0,-0.005482688421856351
2024-09-18 00:00:00+05:30,817.7329439233107,830.9636263317245,817.3661049623403,828.958251953125,40917342,0.0,0.0,805.65048828125,799.4577381657481,68.04865116371433,5.856907096980422,2.2612198825937666,3.595687214386655,9.990085595789711,1116995054.0,0.013727352081423592
2024-09-19 00:00:00+05:30,831.110291841027,840.7948638942809,831.0858717354192,835.6591186523438,30651776,0.0,0.0,807.5384826660156,800.8774001456146,71.08940309233506,7.302269559722731,2.9652658762688606,4.3370036834538706,10.121980334744437,1147646830.0,0.005473192735034555
2024-09-20 00:00:00+05:30,839.5721142379614,853.4875151440714,835.1945264560228,851.6533203125,60623386,0.0,0.0,810.379037475586,802.8686127011787,76.77171650789964,9.627350031231686,4.232277078222252,5.395072953009434,10.705623788551875,1208270216.0,0.014389718131007881
2024-09-23 00:00:00+05:30,855.468471551819,863.9546677187506,851.1886836009451,860.7509765625,26965350,0.0,0.0,813.3100860595703,805.1385093231913,79.26783101752521,12.065019844736184,5.3359575133814,6.729062331354784,10.852792383498562,1235235566.0,0.006174985036092035
2024-09-24 00:00:00+05:30,863.2943581844792,871.4381950911613,858.0363330567267,864.7861938476562,33039036,0.0,0.0,816.496694946289,807.4776342065037,80.28005178311477,14.159279683252294,5.944173881518006,8.215105801734287,11.034868787136855,1268274602.0,0.0017280729904391328
2024-09-25 00:00:00+05:30,860.9221440763296,874.5440855934456,860.9221440763296,870.19091796875,31965312,0.0,0.0,819.9694366455078,809.9369786677682,81.57744508426522,16.069868322139882,6.283810016324475,9.786058305815407,11.219659696421084,1300239914.0,0.010766099996608583
2024-09-26 00:00:00+05:30,867.2317568106616,874.5440559911546,864.7861638129235,872.3185424804688,31899644,0.0,0.0,823.5130981445312,812.3833145035604,82.07733525776369,17.55336088263448,6.2138420614552565,11.339518821179222,11.115247730836082,1332139558.0,0.0058655435872347625
2024-09-27 00:00:00+05:30,869.1637490702731,869.7506675054154,855.9575469178266,857.2537231445312,35613502,0.0,0.0,826.3438720703125,814.1429383718339,68.00626075782465,17.31385110827341,4.779465829675351,12.53438527859806,11.489944004536518,1296526056.0,-0.01370285626670663
2024-09-30 00:00:00+05:30,855.3706542477456,856.6667708066311,843.4361481498624,847.1779174804688,26383534,0.0,0.0,828.914193725586,815.4384277486432,60.53167323751254,16.125124182415334,2.8725911230538177,13.252533059361516,11.656203360974539,1270142522.0,-0.009577996072921112
2024-10-01 00:00:00+05:30,843.2404912513445,852.0446263108132,841.3329167137538,844.3165283203125,24572284,0.0,0.0,831.0871032714844,816.5709022808657,58.563132255830645,14.781764359552085,1.2233850401524542,13.55837931939963,11.588739520694888,1245570238.0,0.001276073765588795
2024-10-03 00:00:00+05:30,839.156363088456,844.2921085418086,818.4666218079193,822.697509765625,48473398,0.0,0.0,832.0702301025391,816.811161397915,46.309259906323774,11.836227242011205,-1.3777216619107406,13.213948903921946,12.607394305816197,1197096840.0,-0.019613571494894445
2024-10-04 00:00:00+05:30,819.0291122208092,826.9283897115192,808.5130621086877,810.7874755859375,48683232,0.0,0.0,832.3685943603516,816.5749384248963,41.19528823685737,8.443496263882935,-3.816362112031209,12.259858375914144,13.022246684174437,1148413608.0,-0.010062690705247837
2024-10-07 00:00:00+05:30,808.1217133321306,811.447743638468,788.9482884200414,791.2960815429688,94458296,0.0,0.0,831.9002655029296,815.5836107040365,34.483782683733175,4.134282482561048,-6.500460714682479,10.634743197243527,13.69919015090673,1053955312.0,-0.020820665391831524
2024-10-08 00:00:00+05:30,797.2633552777212,810.3717582533762,793.350406294763,807.559326171875,29734406,0.0,0.0,832.0115417480469,815.2689328792459,42.85014246410247,2.0083563566797693,-6.901109472451006,8.909465829130776,14.083224905156785,1083689718.0,0.012914140385352693
2024-10-09 00:00:00+05:30,806.8011545535032,810.3472645083458,796.6274634899685,798.8040771484375,41125642,0.0,0.0,831.5909027099609,814.6232522623515,39.8964329498539,-0.3785669558568543,-7.430426227990104,7.05185927213325,14.057266056101108,1042564076.0,-0.009912079773226713
2024-10-10 00:00:00+05:30,801.665391539567,814.6025547259023,798.4861206152185,813.1107788085938,21754766,0.0,0.0,832.0433380126954,814.5639395778904,46.398456104851526,-1.103074068790761,-6.523946672739209,5.420872603948448,14.204349488571301,1064318842.0,0.014277013065321776
2024-10-11 00:00:00+05:30,814.1134111751107,814.1134111751107,803.7441209761898,807.5347900390625,23672594,0.0,0.0,831.6618255615234,814.2882866547992,44.38318365121416,-2.102945423003007,-6.019054421561163,3.916108998558157,13.930416682167703,1040646248.0,-0.008080718295197352
2024-10-14 00:00:00+05:30,810.0048761054238,827.6131455900507,809.0021590992496,825.6810913085938,18527508,0.0,0.0,832.2035247802735,814.7350633078892,51.73087015634229,-1.414787033172388,-4.264716825384436,2.849929792212048,14.36955517279774,1059173756.0,0.019353235598460323
2024-10-15 00:00:00+05:30,828.5668953802826,830.5233697495395,819.5182014224697,823.724609375,19651130,0.0,0.0,832.5251190185547,815.0875945262072,50.94932276569334,-1.0155813032707783,-3.092408876386261,2.076827573115483,14.129241826674313,1039522626.0,-0.005844170256235248
2024-10-16 00:00:00+05:30,821.7681364837143,835.3900773627928,821.7681364837143,831.40380859375,20470682,0.0,0.0,833.283251953125,815.7274460582678,53.893681712549,-0.07865401249853221,-1.724385268491212,1.6457312559926798,14.09300604470318,1059993308.0,0.011725536294539244
2024-10-17 00:00:00+05:30,829.0315855991445,830.3522417044512,814.4803065749336,818.3688354492188,14695732,0.0,0.0,832.7537811279296,815.8310299559522,48.564687662295405,-0.38352474479063403,-1.623404800626651,1.239880055836017,14.295184328568412,1045297576.0,-0.012861693492920073
2024-10-18 00:00:00+05:30,813.4531713114382,827.0995928570159,809.0511036971785,822.6241455078125,24809724,0.0,0.0,832.1020324707031,816.0974266442604,50.29264797352836,-0.2785579948206305,-1.214750440525318,0.9361924457046875,14.563277530801907,1070107300.0,0.011274126796492815
2024-10-21 00:00:00+05:30,838.8384056502449,855.0526993101627,836.9064110476723,845.539306640625,46548354,0.0,0.0,831.7963317871094,817.2520101735296,58.39786096147906,1.6348454238111572,0.5589223824851757,1.0759230413259815,15.839368693055354,1116655654.0,0.007988309721209931
2024-10-22 00:00:00+05:30,846.1996857179795,851.0663920657254,836.7351927303795,838.6183471679688,38875280,0.0,0.0,830.6897003173829,818.089905741939,55.45665429009563,2.563220618096466,1.1898380614163875,1.3733825566800784,15.73164231036182,1077780374.0,-0.00895927838070297
2024-10-23 00:00:00+05:30,833.9716880960024,854.2456300685938,833.9716880960024,849.0120849609375,38036090,0.0,0.0,829.9009948730469,819.3025402211155,58.81165829862123,4.090499689775015,2.1736937064759494,1.9168059832990658,16.056092286235362,1115816464.0,0.018034661223659865
2024-10-24 00:00:00+05:30,850.1370331973285,865.0796304239468,850.1370331973285,855.786376953125,30832258,0.0,0.0,829.1807678222656,820.7332789164884,60.87983538227428,5.780869837164687,3.091251083092497,2.68961875407219,16.056910370290645,1146648722.0,0.006645215459617812
2024-10-25 00:00:00+05:30,858.4031338755055,859.797109929316,845.5392909494991,852.7293701171875,26130478,0.0,0.0,828.2013092041016,821.9880275910256,59.42961660413541,6.795491261031543,3.2846980055674826,3.5107932554640606,15.92840384239966,1120518244.0,-0.00660967269853993
2024-10-28 00:00:00+05:30,852.0446413299316,856.4467089372619,845.6371993095233,848.2294921875,22012142,0.0,0.0,827.75009765625,823.0171046340246,57.267124944331975,7.154016459002946,2.9145785628311085,4.239437896171838,15.562768541352437,1098506102.0,-0.004477639970221039
2024-10-29 00:00:00+05:30,844.2921023375808,862.8052298229654,843.7785039132749,856.8624267578125,35794926,0.0,0.0,828.2343231201172,824.3443721682908,60.25508946614094,8.04205216149569,3.042091412259081,4.9999607492366085,15.8101940676623,1134301028.0,0.01488859647677435
2024-10-30 00:00:00+05:30,852.0445994371648,858.2808615742623,843.3382644924336,848.4251098632812,32715724,0.0,0.0,828.4397521972656,825.2887148229962,56.12463846225225,7.973096994807747,2.378508996456911,5.594587998350836,15.748222854388471,1101585304.0,-0.0042480048301163
2024-10-31 00:00:00+05:30,845.1969454078367,850.5283501182745,840.9905373662763,848.963134765625,22895912,0.0,0.0,829.7530334472656,826.2171234481973,56.33021214737158,7.871130152777141,1.8212337235410434,6.049896429236098,15.304622132789166,1124481216.0,0.004455990261501736
2024-11-01 00:00:00+05:30,847.642554659716,853.0717593119517,844.2676242952899,849.7457885742188,1759692,0.0,0.0,831.7009490966797,827.1398161982373,56.64841480643905,7.76397603446128,1.3712636841801453,6.392712350281134,14.840301624494353,1126240908.0,0.0024812745690276305
2024-11-04 00:00:00+05:30,853.5119702758321,853.5119702758321,836.8330376977741,838.398193359375,28089248,0.0,0.0,834.0560546875,827.5813211849486,50.86169603817055,6.6863237475942014,0.23488911785045374,6.451434629743748,14.971632406891759,1098151660.0,-0.017707750380551515
2024-11-05 00:00:00+05:30,832.9689758697506,862.1693324094516,830.4744829509137,859.797119140625,44232406,0.0,0.0,836.6679443359375,828.8446858106613,59.30413161527505,7.472848670660142,0.8171312327331144,6.655717437927027,16.16614791058077,1142384066.0,0.03220785413149586
2024-11-06 00:00:00+05:30,866.4736291787306,866.4736291787306,853.68316541516,858.5254516601562,27787910,0.0,0.0,839.6540130615234,830.0086374126023,58.65914662251622,7.902467672675584,0.9974001877988448,6.9050674848767395,15.925027614365751,1114596156.0,-0.009173017217047713
2024-11-07 00:00:00+05:30,853.1696247169228,861.3134018977663,850.088153557187,854.2701416015625,18895456,0.0,0.0,841.7119812011719,830.9600689494242,56.4468336197266,7.809552211772143,0.7235877815163221,7.085964430255821,15.589329094809578,1095700700.0,0.001289915689397411
2024-11-08 00:00:00+05:30,856.9357775644994,861.7291636733461,853.9276862669507,858.1340942382812,19902986,0.0,0.0,844.2419464111329,832.0257169999676,57.99596107600758,7.955992990212621,0.6960228479654402,7.259970142247181,15.033053974208567,1115603686.0,0.001398373956549681
2024-11-11 00:00:00+05:30,858.1830930684753,872.000693994352,856.544497936554,863.9302368164062,24565362,0.0,0.0,846.1544036865234,833.276874639828,60.27833506748371,8.442429555163471,0.9459675303330313,7.49646202483044,15.063278408750673,1140169048.0,0.006696873655925551
2024-11-12 00:00:00+05:30,866.7181693232224,868.1855251403609,835.7325175926836,840.403564453125,31395406,0.0,0.0,846.9883514404297,833.556352671722,48.708941885988374,6.8505592160437345,-0.5167222470293646,7.367281463073099,16.305401918674004,1108773642.0,-0.03036120137027373
2024-11-13 00:00:00+05:30,839.6943886806365,845.881751148766,818.295449111813,822.3795776367188,35728500,0.0,0.0,846.5371398925781,833.1180477683886,42.05019659156996,4.087487389885723,-2.623835258549901,6.711322648435624,17.11118049855108,1073045142.0,-0.020620372456130763
2024-11-14 00:00:00+05:30,818.3443129951968,833.8738284555615,817.85519439802,827.9555053710938,27146470,0.0,0.0,847.0164733886719,832.9155951253574,44.57451518937682,2.3209098252402782,-3.5123302585562772,5.8332400837965555,17.033141467050392,1100191612.0,0.011744680354311175
2024-11-18 00:00:00+05:30,831.5016008887058,840.7459541576048,829.0560079449155,833.99609375,27081968,0.0,0.0,847.5850708007813,832.9579676204414,47.25504073744028,1.392260266923813,-3.5527838534981946,4.945044120422008,16.730091989869013,1127273580.0,0.002999985638786676
2024-11-19 00:00:00+05:30,838.3492698412165,857.7917339463438,832.8222058480842,852.1668701171875,50981272,0.0,0.0,847.9164489746094,833.7112579144315,54.39935229606124,2.098340234663283,-2.2773631086069805,4.3757033432702634,17.31862314046834,1178254852.0,0.01648191365227535
2024-11-21 00:00:00+05:30,855.6641288349873,860.3596556624375,848.2294899602333,851.6533203125,35716512,0.0,0.0,848.5681976318359,834.4148682045518,54.17600527139774,2.5866571453711913,-1.431236958319258,4.017894103690449,16.948019037735186,1142538340.0,-0.004687363168943574
2024-11-22 00:00:00+05:30,852.8027626116424,858.0607875844482,845.9551021819417,853.805419921875,24773612,0.0,0.0,848.8078643798829,835.175281997388,55.009629815247315,3.1114415069827146,-0.7251620773661878,3.8366035843489024,16.60213806379028,1167311952.0,0.0011757200541448302
2024-11-25 00:00:00+05:30,873.1011988112276,882.1498930977613,863.2454468766848,873.3701782226562,427737274,0.0,0.0,849.6870544433593,836.6731210650456,61.81121563595266,5.0478607828720214,0.9690057588184953,4.078855024053526,17.440876286082855,1595049226.0,0.0003080735793226041
2024-11-26 00:00:00+05:30,885.3046903766989,885.3046903766989,865.6421459980386,873.3457641601562,30935566,0.0,0.0,850.7178741455078,838.1112639315206,61.798660543183715,6.505525352638642,1.9413362628680924,4.56418908977055,17.5995668641241,1564113660.0,-0.013508260315953018
2024-11-27 00:00:00+05:30,875.4734186116394,888.8997006750922,873.1501051965415,886.4296875,32714976,0.0,0.0,852.6278839111328,840.006104071461,65.80706588978406,8.617164978823439,3.242380711242311,5.374784267581128,17.467426050868852,1596828636.0,0.012514679092982007
2024-11-28 00:00:00+05:30,889.7067534702544,898.0706697775579,874.5440765282104,877.0630493164062,35722392,0.0,0.0,853.6379150390625,841.4593176104784,60.88199638474776,9.42618597068929,3.2411213624865285,6.185064608202761,17.900223707903038,1561106244.0,-0.014211091581054144
2024-11-29 00:00:00+05:30,881.0493790588507,882.6634346531987,872.0495846630064,878.4815063476562,27669536,0.0,0.0,855.1407348632813,842.9111681491912,61.35369535979975,10.065766670846983,3.104561650115377,6.961205020731606,17.379768442352272,1588775780.0,-0.0029145616264295037
2024-12-02 00:00:00+05:30,882.1254228528726,884.3998363558009,868.1855423143049,882.7123413085938,15110876,0.0,0.0,856.8281951904297,844.4719984691678,62.79477112292098,10.789655573314917,3.062760442066648,7.726895131248269,17.296520270862533,1603886656.0,0.0006653458119629
2024-12-03 00:00:00+05:30,891.5164689837319,898.7065483943619,888.2882980903433,893.27734375,43410242,0.0,0.0,859.0047729492187,846.38593357822,66.18562025508785,12.076638178000962,3.4797944374021554,8.596843740598807,17.20349790049865,1647296898.0,0.001975145527345535
2024-12-04 00:00:00+05:30,899.0,912.2062023939064,895.6495494821775,909.8095092773438,44669084,0.0,0.0,862.5753387451172,848.8731326252446,70.68757443558684,14.266137603477546,4.53543509030299,9.730702513174556,17.326737953599206,1691965982.0,0.01202392578125
2024-12-05 00:00:00+05:30,909.7606270360864,919.5185195562284,897.6304614595269,912.5730590820312,39682714,0.0,0.0,865.2141357421875,851.3711689568833,71.3736745374774,16.03943443003982,5.04698553349221,10.992448896547609,17.652546535249368,1731648696.0,0.003091397849462363
2024-12-06 00:00:00+05:30,908.2932722770184,911.814902438643,901.934730252462,907.7307739257812,17783156,0.0,0.0,867.6744018554688,853.5813495438988,68.3546174036439,16.85970481525203,4.693804734963537,12.165900080288493,17.151530984843642,1713865540.0,-0.0006192915530763068
2024-12-09 00:00:00+05:30,906.6547171562552,919.5429805000836,904.3803036939652,914.6517944335938,26947912,0.0,0.0,870.6934844970704,855.9762689513378,70.28905280621599,17.862337609813608,4.557150023620091,13.305187586193517,17.009469972077554,1740813452.0,0.00882042207029111
2024-12-10 00:00:00+05:30,918.417999909237,918.417999909237,909.0514261933312,913.7224731445312,13325480,0.0,0.0,873.4729034423829,858.2408259785219,69.67318151947227,18.370182829105374,4.051996194329485,14.31818663477589,16.46354881092243,1727487972.0,-0.005112624932405255
2024-12-11 00:00:00+05:30,910.59207748456,915.5811230492072,908.1709642873406,911.27685546875,14045426,0.0,0.0,875.840234375,860.3206702722564,67.98498639128913,18.363628438982687,3.236353443365436,15.12727499561725,15.816878093132733,1713442546.0,0.0007520139930072857
2024-12-12 00:00:00+05:30,905.3585094284176,913.9914644769808,904.233512789496,909.3937377929688,17293790,0.0,0.0,879.2897430419922,862.2451042926766,66.64591384487248,17.99900090063079,2.2973807240108304,15.70162017661996,15.384097635586453,1696148756.0,0.004457050243111651
2024-12-13 00:00:00+05:30,910.9834043559616,917.097386935532,894.720210694305,915.5077514648438,19009002,0.0,0.0,883.9461517333984,864.3338355543303,68.79497722660798,17.995934821323658,1.8354517157629573,16.1604831055607,15.88360325027506,1715157758.0,0.004966442953020319
2024-12-16 00:00:00+05:30,912.2551161931914,914.6273295327436,907.4373097805208,912.3040161132812,13107082,0.0,0.0,888.1635772705079,866.2150191056618,66.38139840494772,17.532882112097127,1.0979192052291395,16.434962906867987,15.325520281278484,1702050676.0,5.3603338826888416e-05
2024-12-17 00:00:00+05:30,907.9753247899092,910.9100364662568,893.3751461414528,896.6766967773438,21079532,0.0,0.0,891.297607421875,867.4095947006297,56.05132966666207,15.72366283890085,-0.569040054373712,16.292702893274562,15.582902402032055,1680971144.0,-0.012443761084784757
2024-12-18 00:00:00+05:30,895.0136669132473,898.0217582736735,883.9106984687518,885.6470336914062,23422312,0.0,0.0,892.9716156005859,868.1247883865425,50.122707421747094,13.247137146904038,-2.4364525970964195,15.683589744000457,15.477770787952748,1657548832.0,-0.010465352170704876
2024-12-19 00:00:00+05:30,880.2178033546408,880.9514812402508,870.1419723336332,877.2341918945312,25380770,0.0,0.0,894.2506591796875,868.4820198966597,46.116025307089515,10.484764827248114,-4.159059933401876,14.64382476064999,15.47972011436848,1632168062.0,-0.003389628622300656
2024-12-20 00:00:00+05:30,871.707178148549,879.2151967092251,864.297078842569,866.4736328125,25692348,0.0,0.0,894.8840698242187,868.4032596188496,41.54184818369418,7.3426363329141395,-5.8409507421886815,13.183587075102821,15.439605668103308,1606475714.0,-0.0060037882757427085
2024-12-23 00:00:00+05:30,871.6093346036057,883.3481808608933,871.266975470512,880.902587890625,11044592,0.0,0.0,895.2606903076172,868.8934293549977,48.86597442481131,5.948205737227568,-5.788305070300204,11.736510807527772,15.542101552409736,1617520306.0,0.010662177328843917
2024-12-24 00:00:00+05:30,881.4161851274388,884.6687760080914,875.3022027098817,879.484130859375,14485834,0.0,0.0,895.5676086425781,869.3087509826204,48.22629755333206,4.674764045951861,-5.649397409260729,10.32416145521259,15.100992391395447,1603034472.0,-0.0021919886435764003
2024-12-26 00:00:00+05:30,879.7043092374976,886.2829307290939,870.9979740043234,875.88916015625,10481678,0.0,0.0,895.0405822753906,869.5668062443314,46.56267107047727,3.337001365119704,-5.589728072074308,8.926729437194012,15.114132700922237,1592552794.0,-0.004336853919192951
2024-12-27 00:00:00+05:30,877.8701208004297,883.3237456339101,875.0821088494843,879.5575561523438,7259330,0.0,0.0,895.1653076171875,869.9586003583711,48.514416112348286,2.5435037731006105,-5.106580531274722,7.650084304375333,14.623240135458209,1599812124.0,0.0019221924883095903
2024-12-30 00:00:00+05:30,876.5983643277581,887.7502927140181,866.2290734967085,869.60400390625,22222218,0.0,0.0,894.7214324951171,869.9446946151506,43.836029321021385,1.098816263732374,-5.241014432514367,6.339830696246741,15.115952927019025,1577589906.0,-0.007978979548828934
2024-12-31 00:00:00+05:30,865.8866945081382,871.511558492882,863.5878012293871,867.1339111328125,14117236,0.0,0.0,893.9425109863281,869.8344678119217,42.73467868507364,-0.24262797497840438,-5.265966936980117,5.023338962001713,14.602224665338733,1563472670.0,0.0014403924122921483
2025-01-01 00:00:00+05:30,867.4273693629926,877.4787806156658,861.3867665102715,871.9761962890625,7313806,0.0,0.0,892.8774536132812,869.9184571639665,45.61912442127125,-0.9045729019599094,-4.742329491169298,3.8377565892093886,14.708638196771268,1570786476.0,0.005244043578438572
2025-01-02 00:00:00+05:30,869.2126695529385,882.1009329800738,867.2072951940876,877.3565063476562,18558576,0.0,0.0,891.2548034667968,870.2101453672485,48.71042609439322,-0.9836836759526477,-3.8571522121296296,2.873468536176982,14.721852453143766,1589345052.0,0.0093692108732221
2025-01-03 00:00:00+05:30,876.0114043138861,878.0901583442235,854.147826983436,855.5662231445312,24426194,0.0,0.0,888.4044616699218,869.6358739075341,39.032865804371305,-2.7727111911427755,-4.516943781855806,1.7442325907130303,15.380458089404035,1564918858.0,-0.023338944069304746
2025-01-06 00:00:00+05:30,851.1152891851428,859.479205552065,834.3385565312188,836.6373901367188,18816348,0.0,0.0,884.8497924804688,868.3418157204433,32.915195780996136,-5.65276545362542,-5.917598435470761,0.2648329818453403,16.077614584507042,1546102510.0,-0.017010502845372713
2025-01-07 00:00:00+05:30,838.838425010863,841.7731367018631,831.5016457833627,838.0558471679688,13527906,0.0,0.0,881.0199951171875,867.1541306791697,33.75310727977551,-7.731645976398227,-6.3971831665948535,-1.334462809803373,15.662891465506565,1559630416.0,-0.0009329303708090739
2025-01-08 00:00:00+05:30,835.536864802828,837.199880016748,823.3577994830916,828.7136840820312,19738190,0.0,0.0,876.7695556640625,865.6466621851642,31.00623206744613,-10.01753237600849,-6.946455652964093,-3.0710767230443965,15.593974052604462,1539892226.0,-0.008166223428581873
2025-01-09 00:00:00+05:30,823.749091222883,826.1213044600969,811.0075279788689,815.7520141601562,40420222,0.0,0.0,871.9933135986328,863.6900093214384,27.644713872085827,-12.728288467749962,-7.725769395764452,-5.00251907198551,15.744844199072883,1499472004.0,-0.009708146749946365
2025-01-10 00:00:00+05:30,817.3171689545962,819.2247434087885,809.0021528730713,810.3472290039062,17453280,0.0,0.0,867.0409881591797,861.598135583496,26.361331762616672,-15.138199452744061,-8.108544304606841,-7.029655148137221,15.350397508833195,1482018724.0,-0.008527827648114885
2025-01-13 00:00:00+05:30,802.1545243935911,805.4560750275282,794.4753860611046,797.6790771484375,21669066,0.0,0.0,861.1495544433594,859.0915058409447,23.59625910943349,-17.864356076719787,-8.667760742866053,-9.196595333853734,15.387643611259513,1460349658.0,-0.005579283179306347
2025-01-14 00:00:00+05:30,802.1056196289109,810.0782171393307,800.6871637200443,805.3826904296875,26661432,0.0,0.0,855.8034881591797,856.9852777856013,28.507228522904164,-19.182118114929153,-7.988418224860336,-11.193699890068817,15.174179066947634,1487011090.0,0.004085585140636164
2025-01-15 00:00:00+05:30,810.2249837776989,813.2574953005814,800.3448116614642,803.6463623046875,14022892,0.0,0.0,851.1519714355469,854.8935556098792,28.06929705491434,-20.134463629310517,-7.1526109913933595,-12.981852637917157,15.012643679245459,1472988198.0,-0.008119499650996126
2025-01-16 00:00:00+05:30,808.4396599318201,812.2059089473469,803.5484739689487,808.0484008789062,21212454,0.0,0.0,847.2720397949219,853.0564907184686,30.964828534765907,-20.299990928055422,-5.85451063211061,-14.445480295944812,14.558700200613513,1494200652.0,-0.0004839681578051492
2025-01-17 00:00:00+05:30,803.8664309698443,807.2902612204003,796.5296518615098,800.5648803710938,23112076,0.0,0.0,843.43857421875,850.9979961950421,28.839443333587873,-20.795314625096466,-5.079867463321323,-15.715447161775144,14.34156083038372,1471088576.0,-0.004107088530575002
2025-01-20 00:00:00+05:30,795.306859593821,812.401531124855,795.306859593821,807.6571044921875,17557618,0.0,0.0,840.4977478027344,849.2983533831655,33.498135115319855,-20.380643635909223,-3.7321571793072614,-16.64848645660196,14.538211594715884,1488646194.0,0.015528905289052921
2025-01-21 00:00:00+05:30,811.08094833001,812.4505043432082,798.7551830386761,803.3284301757812,31158144,0.0,0.0,836.6190399169922,847.4956112966015,32.116144211469546,-20.168808263513824,-2.8162574455294873,-17.352550817984337,14.478005145417038,1457488050.0,-0.00955825453697427
2025-01-22 00:00:00+05:30,803.328390443516,817.7573889614247,795.0377944540255,814.8960571289062,30619306,0.0,0.0,833.3896362304688,846.2171974076723,39.32058069958389,-18.85022275026529,-1.1981375458247605,-17.652085204440528,15.066690099844333,1488107356.0,0.014399673686378432
2025-01-23 00:00:00+05:30,825.1430660888765,825.1430660888765,807.657076395529,814.3335571289062,34909158,0.0,0.0,830.3118560791015,844.9668585732109,39.10325585877113,-17.647197373785502,0.00391026452401988,-17.651107638309522,15.239497213665988,1453198198.0,-0.013100163358587727
2025-01-24 00:00:00+05:30,811.9368617261117,816.9748071002886,804.355523559392,806.9478759765625,24236200,0.0,0.0,826.6813720703125,843.4759180792246,36.26876581530466,-17.092719608083257,0.44671042418101337,-17.53943003226427,15.052339094182454,1428961998.0,-0.006144548898719831
2025-01-27 00:00:00+05:30,802.6925317632887,803.9153282773717,795.3068527595995,797.16552734375,22804166,0.0,0.0,823.0594482421875,841.6598243248923,32.87015784923243,-17.24386917423226,0.2364486864256108,-17.48031786065787,14.808673674381069,1406157832.0,-0.006885580967593429
2025-01-28 00:00:00+05:30,805.5783551961035,823.8225033343521,805.5783551961035,817.0237426757812,30179312,0.0,0.0,820.5539398193359,840.6937034759075,44.283959074477835,-15.581648731774067,1.5189353031070425,-17.10058403488111,15.65498098268257,1436337144.0,0.014207665096577162
2025-01-29 00:00:00+05:30,819.2736849367727,822.2817763780624,816.2655934954831,820.398681640625,12619890,0.0,0.0,817.975064086914,839.8978202666807,45.96545781349003,-13.832544721464387,2.6144314507333775,-16.446976172197765,14.966495404103766,1448957034.0,0.0013731634794776752
2025-01-30 00:00:00+05:30,822.2083708841773,830.4744872086205,818.075342575386,827.3441162109375,25744846,0.0,0.0,815.4744445800782,839.4055181468477,49.353025553816764,-11.750476488729987,3.757199746774223,-15.50767623550421,14.783113206184533,1474701880.0,0.006246281975014934
2025-01-31 00:00:00+05:30,825.2653946383198,833.8004907060493,823.6512793036222,830.8902587890625,15821686,0.0,0.0,814.2406463623047,839.0715864073267,51.04071686511659,-9.702434716238827,4.644193215412308,-14.346627931651135,14.452120220201861,1490523566.0,0.006815824566602448
2025-02-01 00:00:00+05:30,830.2788239566938,837.860162260864,819.7872538636672,827.0750732421875,5587528,0.0,0.0,813.7625305175782,838.6011349106545,49.143362162509476,-8.291619813140528,4.844006494808486,-13.135626307949014,14.710747947130068,1484936038.0,-0.0038586443759204324
2025-02-03 00:00:00+05:30,816.8280789508296,825.0452954840977,813.6243281716013,820.7410278320312,20276540,0.0,0.0,812.8967895507812,837.9007385546302,46.08068724415123,-7.597069083453107,4.430845779596726,-12.027914863049833,14.62074774166265,1464659498.0,0.004790419161676673
2025-02-04 00:00:00+05:30,825.9745878121568,844.1209363379245,821.7437595243746,841.7242431640625,28616502,0.0,0.0,813.5473175048828,838.0506799118627,55.88833824155794,-5.292454393154799,5.388368375916027,-10.680822769070826,15.246402081964835,1493276000.0,0.01906796599351012
2025-02-05 00:00:00+05:30,847.6425632011333,853.1206678284015,840.7460026432929,849.9903564453125,23675506,0.0,0.0,815.2592346191407,838.5189025210176,59.04846726692531,-2.7671266744093828,6.330956875729154,-9.098083550138536,15.041278017903675,1516951506.0,0.002769791591532116
2025-02-06 00:00:00+05:30,848.8653345017811,855.4684356344657,843.2404705739388,852.949462890625,26760716,0.0,0.0,817.3893463134766,839.0848068492376,60.149077864069326,-0.521005278906955,6.8616626169852655,-7.3826678958922205,14.840327092376763,1543712222.0,0.00481127950788675
2025-02-07 00:00:00+05:30,855.9575596166678,864.272575910087,843.7295944792869,847.520263671875,23509600,0.0,0.0,819.8814056396484,839.4156090775764,57.1160157325361,0.8116153101352666,6.55542656482199,-5.743811254686723,15.247659545121284,1520202622.0,-0.009857142857142804
2025-02-10 00:00:00+05:30,839.963418964245,842.9714506722028,835.6591512820958,839.2052612304688,17195950,0.0,0.0,821.5725341796875,839.4073601423956,52.73045491735426,1.183137054826716,5.541558647610752,-4.358421592784036,15.00576331973971,1503006672.0,-0.0009026080382299224
2025-02-11 00:00:00+05:30,832.9689791889995,836.8819280049196,825.9745592977979,832.1864013671875,22724704,0.0,0.0,822.9995361328125,839.1241852884659,49.29000700635794,0.9008232525444555,4.207395876262794,-3.306572623718338,14.878973220663363,1480281968.0,-0.0009395041608559155
2025-02-12 00:00:00+05:30,828.0777762663221,837.371029514438,822.3061529979063,834.82763671875,22809570,0.0,0.0,824.3384979248046,838.9556931876928,50.59629285137703,0.8800682702252516,3.3493127151548716,-2.46924444492962,14.892252027511097,1503091538.0,0.008151239709465491
2025-02-13 00:00:00+05:30,831.01252603081,838.4715849018929,828.3468534645449,830.3766479492188,12602434,0.0,0.0,825.8290863037109,838.6192600410859,48.336572969609485,0.4987133449673138,2.374366231917547,-1.8756528869502334,14.55171484249945,1490489104.0,-0.0007651847134343881
2025-02-14 00:00:00+05:30,832.4309761063508,832.4309761063508,821.7192665827392,828.982666015625,19959892,0.0,0.0,826.8953643798828,838.2413543930287,47.61926781345816,0.08304681514846379,1.5669597616789577,-1.4839129465304939,14.277428748293175,1470529212.0,-0.004142457680821919
2025-02-17 00:00:00+05:30,824.2626783567423,841.2840302942788,822.3306836815443,839.9878540039062,12938946,0.0,0.0,828.7283355712891,838.3098445738475,53.48768590759127,0.6343424866900023,1.694604346576397,-1.0602618598863947,14.61142288146755,1483468158.0,0.019077869300735302
2025-02-18 00:00:00+05:30,837.884631927631,846.933325923037,834.5097016852698,842.7758178710938,16350910,0.0,0.0,830.1223236083985,838.4849807815826,54.86716910932155,1.281441996685544,1.873363085257551,-0.591921088572007,14.455151549774675,1499819068.0,0.005837541061243929
2025-02-19 00:00:00+05:30,839.8166173023507,850.0392077536928,837.5911038396853,844.8056030273438,11884112,0.0,0.0,831.6459259033203,838.7328483206321,55.892833419448834,1.9357456480730661,2.0221333893160587,-0.08638774124299237,14.311791004362737,1511703180.0,0.005940565621359873
2025-02-20 00:00:00+05:30,836.8819636280967,838.691678649749,824.3116389046222,825.1920166015625,26390510,0.0,0.0,832.5581329345703,838.2018353120412,45.20298776558671,0.8617003535356389,0.758470475822905,0.10322987771273388,14.753374798531224,1485312670.0,-0.013968453777944192
2025-02-21 00:00:00+05:30,822.1594879874626,829.0315686714349,820.374193109825,827.833251953125,15680940,0.0,0.0,834.091519165039,837.7952241999268,46.68184149600926,0.2210887650225004,0.09428710984781322,0.1268016551746872,14.317946281608274,1500993610.0,0.0069010502810725885
2025-02-24 00:00:00+05:30,822.2572556240775,823.7735113226157,812.4748837536897,820.30078125,20693646,0.0,0.0,834.25537109375,837.1091676136551,43.108714538011704,-0.884215285087862,-0.8088135522100393,-0.07540173287782265,14.392262132881632,1480299964.0,-0.0023793944786690744
2025-02-25 00:00:00+05:30,817.366068176836,825.6321843333942,817.366068176836,822.86865234375,24138708,0.0,0.0,834.3788696289063,836.5507160344432,44.66371637772213,-1.535273296526725,-1.1678972509191219,-0.3673760456076032,13.954680277429954,1504438672.0,0.006732092731947702
2025-02-27 00:00:00+05:30,822.966539155997,836.7596600420294,822.966539155997,831.843994140625,35786800,0.0,0.0,834.6038635253906,836.3661387052739,49.8258327911857,-1.3118838083416904,-0.7556062101872698,-0.5562775981544206,13.950132236062057,1540225472.0,0.010787139649362149
2025-02-28 00:00:00+05:30,824.1648268745779,849.7212732865642,824.1648268745779,847.3490600585938,54516728,0.0,0.0,835.4268035888672,836.7968415034434,57.245827780835874,0.11495804404410137,0.5369885137588175,-0.4220304697147162,14.7791546771995,1594742200.0,0.02813057828727754
2025-03-03 00:00:00+05:30,850.9685518032735,852.5581872301856,828.6157962838088,832.259765625,21205364,0.0,0.0,835.6860382080079,836.6189169591908,49.5639200518792,0.02783961979707783,0.3598960716094352,-0.3320564518123574,15.433671553569308,1573536836.0,-0.021985285047993863
2025-03-04 00:00:00+05:30,830.5233989514803,838.4960561692715,828.2000855562981,836.392822265625,19920958,0.0,0.0,836.4686279296875,836.6100505006196,51.48433187349035,0.2889697075188451,0.496820927464962,-0.2078512199461169,15.066692914955315,1593457794.0,0.007067137809187214
2025-03-05 00:00:00+05:30,832.4554173003111,836.7841648833463,825.7545160417726,826.6104736328125,21583872,0.0,0.0,835.712939453125,836.2179102312939,46.9296617028142,-0.29009258998928544,-0.06579309603453481,-0.22429949395475063,14.778332623999484,1571873922.0,-0.007021329366146687
2025-03-06 00:00:00+05:30,825.1431133704963,831.4527555208074,817.928613712989,827.1973876953125,32966088,0.0,0.0,834.573291015625,835.8641642494907,47.23129159442346,-0.6936486233361165,-0.37547930350509273,-0.3181693198310238,14.688747565700837,1604840010.0,0.0024895976122554547
2025-03-07 00:00:00+05:30,822.6974814746513,832.0641145636093,820.5453477030246,826.2435913085938,13372914,0.0,0.0,833.2379974365234,835.4868868792595,46.766113089662646,-1.0780064965701968,-0.6078697413913383,-0.47013675517885845,14.462320372478258,1591467096.0,0.004310344827586143
2025-03-10 00:00:00+05:30,826.1213121744792,831.4527168350353,823.2110803985861,825.3876342773438,15604050,0.0,0.0,832.1313659667969,835.0908377576158,46.32516469818465,-1.435138080695765,-0.7720010604135252,-0.6631370202822398,14.01798580561904,1575863046.0,-0.0008880994671403091
2025-03-11 00:00:00+05:30,822.8931680662241,828.5669320467777,816.8525651252012,824.409423828125,19898430,0.0,0.0,831.3915740966797,834.6719587799887,45.79375707480357,-1.7766210604389698,-0.890787232125384,-0.8858338283135858,13.853441599615998,1555964616.0,0.001842591263048201
2025-03-12 00:00:00+05:30,827.3686094415733,840.5503321112867,827.3686094415733,836.955322265625,18784106,0.0,0.0,831.6300201416016,834.7615024460921,53.207554346103564,-1.0231059007171552,-0.10981765792285558,-0.9132882427942997,14.01683207701212,1574748722.0,0.01158699123299127
2025-03-13 00:00:00+05:30,839.3520039936377,841.6753173618534,831.5261063322791,834.7297973632812,15736264,0.0,0.0,831.6251281738281,834.7602591095113,51.85274396214664,-0.5986204441338714,0.2517342389283427,-0.8503546830622141,13.740573430766561,1559012458.0,-0.005506875075491564
2025-03-17 00:00:00+05:30,833.9472484828103,843.24050227822,833.9472484828103,836.5885009765625,18950652,0.0,0.0,831.9357208251953,834.8319548690034,52.93071038066282,-0.1109518301487924,0.5915222823307373,-0.7024741124795297,13.422907742526784,1577963110.0,0.0031671697443182096
2025-03-18 00:00:00+05:30,836.5885009765625,836.5885009765625,836.5885009765625,836.5885009765625,0,0.0,0.0,832.3160125732422,834.9008390300842,52.93071038066282,0.27238912759059986,0.7798905920561037,-0.5075014644655038,12.464128618060585,1577963110.0,0.0
2025-03-19 00:00:00+05:30,848.6208098215055,856.4467077795136,847.2512537961089,853.07177734375,15221406,0.0,0.0,832.9702087402344,835.6134248463063,61.740668297720894,1.8845285724602263,1.9136240295405842,-0.029095457080357767,12.992277059838482,1593184516.0,0.005244942700828491
2025-03-20 00:00:00+05:30,857.9140405532244,867.6964127374116,855.615206972685,865.1285400390625,17833978,0.0,0.0,834.0878448486328,836.7708803440614,66.65671924902058,4.087917713537308,3.293610536494133,0.7943071770431754,13.10887408368299,1611018494.0,0.008409350057012559
2025-03-21 00:00:00+05:30,858.672213095421,867.7453276286816,858.672213095421,865.9111328125,33508264,0.0,0.0,835.1431213378906,837.9136353428238,66.95353965016888,5.830062843446967,4.028604533123033,1.8014583103239339,12.820605544367108,1644526758.0,0.008430364470492797
2025-03-24 00:00:00+05:30,870.1420221964519,882.5656470460817,867.5252495291953,880.4135131835938,17393736,0.0,0.0,837.9041961669922,839.5802972189324,71.9387215894311,8.285436945275933,5.187182907961599,3.0982540373143337,13.094456165025296,1661920494.0,0.011804384485666043
2025-03-25 00:00:00+05:30,882.8102129604783,901.787979673643,881.147197703983,890.9050903320312,39101416,0.0,0.0,841.0577880859375,841.5930342037598,74.88987088474161,10.951677088803422,6.28273844119127,4.668938647612151,13.68588547395558,1701021910.0,0.0091694423701862
2025-03-26 00:00:00+05:30,892.6414630044289,893.8642595290926,881.3917349775238,883.6172485351562,24478442,0.0,0.0,844.2236114501953,843.2410426089126,69.42776920701978,12.334439940092238,6.1324010339840695,6.202038906108169,13.599216836642235,1676543468.0,-0.010109562285958834
2025-03-27 00:00:00+05:30,880.4134775363805,900.4673400802648,879.4841402576089,892.8126220703125,41658100,0.0,0.0,847.7208099365234,845.1850261172028,72.18440953175663,14.0107718014267,6.246986316254824,7.7637854851718755,14.126644192786063,1718201568.0,0.014083319769965326
2025-03-28 00:00:00+05:30,894.5979227681237,898.0217529810142,883.2748151941205,894.2066040039062,28773648,0.0,0.0,850.8389404296875,847.1074409362892,72.58793154874631,15.275671142742567,6.009508526056553,9.266162616686014,14.170950878079463,1746975216.0,-0.00043742418158828993
2025-04-01 00:00:00+05:30,881.391705364099,885.2557541935822,863.4654969734518,864.6882934570312,28511006,0.0,0.0,851.7059020996094,847.7968861331811,54.54356914191167,13.737870399091321,3.5773662259242442,10.160504173167077,15.354533460391965,1718464210.0,-0.01895117892012347
2025-04-02 00:00:00+05:30,866.082273761888,880.022153743179,866.082273761888,878.897216796875,11573564,0.0,0.0,854.0377746582031,849.016506943522,59.73258743160879,13.509959195145939,2.6795640175830897,10.830395177562849,15.35305680508881,1730037774.0,0.01479644997157648
2025-04-03 00:00:00+05:30,871.1691503162833,882.3699785036275,869.1637759428747,877.89453125,11250038,0.0,0.0,856.1128601074219,850.1489784849525,59.21885364149636,13.097450325692762,1.8136441185039285,11.283806207188833,15.199710073350522,1718787736.0,0.007719948452347042
2025-04-04 00:00:00+05:30,886.7720103051442,900.9319697088504,885.8426730358187,888.875244140625,33540454,0.0,0.0,859.2260986328125,851.6676555694887,62.97444904493671,13.500955227502118,1.773719216250628,11.72723601125149,15.75954781517194,1752328190.0,0.0023717864468421977
2025-04-07 00:00:00+05:30,862.2183075534074,870.5577440100851,850.1859420103494,859.7237548828125,37995450,0.0,0.0,860.8524169921875,851.9835810327563,49.84956116423891,11.337759580404736,-0.31158114467740283,11.649340725082139,17.397387409107914,1714332740.0,-0.002893179892773696
2025-04-08 00:00:00+05:30,863.2943645350747,871.6093810773389,856.104344701862,865.32421875,35563872,0.0,0.0,862.8064483642578,852.5067432961777,51.92265810365978,9.96050358897412,-1.351069708886417,11.311573297860537,17.262219478134263,1749896612.0,0.0023512886198654636
2025-04-09 00:00:00+05:30,863.2943115234375,868.1854974244201,857.6694477373075,863.2943115234375,22454608,0.0,0.0,864.7017822265625,852.9297851874428,51.09816495659859,8.60601693842409,-2.164445087549158,10.770462025973249,16.780350207347002,1727442004.0,0.0
2025-04-11 00:00:00+05:30,868.0632317209039,889.9023890609734,868.0632317209039,883.7150268554688,32775766,0.0,0.0,867.6670623779297,854.137049566581,58.27602878261977,9.07573811404211,-1.35577912954491,10.43151724358702,17.482330730931924,1760217770.0,0.018030708550500096
2025-04-15 00:00:00+05:30,912.2061875162046,917.9778108695606,907.3150015241606,912.1572875976562,49298344,0.0,0.0,871.4271606445312,856.4123530187801,65.80464303956165,11.609224357973744,0.9421656915093788,10.667058666464365,18.680934536871916,1809516114.0,-5.3606212298924576e-05
2025-04-16 00:00:00+05:30,921.4016701484592,921.4016701484592,910.0051825445172,918.5647583007812,19136820,0.0,0.0,875.6189086914062,858.8497022455254,67.23879912581674,13.972987888848024,2.644743377906927,11.328244510941097,18.16061689880549,1828652934.0,-0.003078908948820152
2025-04-17 00:00:00+05:30,920.5212113739034,938.960958834834,917.9288588937724,932.6024169921876,35703084,0.0,0.0,880.4196044921875,861.7419655689239,70.18867221243606,16.785516272877544,4.365817409549157,12.419698863328387,18.365722830395214,1864356018.0,0.013124309868159035
2025-04-21 00:00:00+05:30,941.0641886137428,954.1236313817194,934.2165281976344,942.5804443359376,34247298,0.0,0.0,885.7192016601563,864.9121019911598,72.11093255302623,19.59374421060295,5.73923627781965,13.8545079327833,18.591115084619258,1898603316.0,0.0016112139220050429
2025-04-22 00:00:00+05:30,946.4445240912928,963.8571349187316,946.4445240912928,959.5039672851562,45961750,0.0,0.0,891.0408111572266,868.6215869046499,75.04953174544787,22.92065688470609,7.252919161538234,15.667737723167857,18.782941905917454,1944565066.0,0.01379842437822985
2025-04-23 00:00:00+05:30,967.916843777416,967.916843777416,939.3523045839212,941.0153198242188,30570642,0.0,0.0,894.8351501464844,871.4605568230644,66.77201793799615,23.79113047141061,6.4987141985942,17.29241627281641,19.481627426458697,1913994424.0,-0.02779321811180673
2025-04-24 00:00:00+05:30,934.2165111938754,941.0152715674958,931.8198181504878,937.5425415039062,25931754,0.0,0.0,898.4167205810547,874.0520072027053,65.31481436525499,23.92497070357399,5.306043544606062,18.618927158967928,18.746904158406718,1888062670.0,0.0035602349885471524
2025-04-25 00:00:00+05:30,941.4555276814745,945.4662764146636,925.3146134953988,934.803466796875,18500878,0.0,0.0,901.1362182617188,876.4344173828689,64.12611466667151,23.538680359510636,3.9358025604341655,19.60287779907647,18.84724406989658,1869561792.0,-0.0070657197169806864
2025-04-28 00:00:00+05:30,934.8034380014008,943.852132039103,933.4339417549456,939.2055053710938,13920492,0.0,0.0,903.5512390136719,878.8960286765248,65.22159544188273,23.318943932224784,2.97285290651865,20.346091025706134,18.24516879948664,1883482284.0,0.0047090834187608005
2025-04-29 00:00:00+05:30,938.5208248348524,943.4120109978298,929.4231708062246,933.629638671875,18918308,0.0,0.0,906.0518585205078,881.0424447547738,62.613418895406475,22.436244328775615,1.6721226424555837,20.76412168632003,17.94114532749511,1864563976.0,-0.005211590444823748
2025-04-30 00:00:00+05:30,935.6839212789164,947.3738682535176,934.3633248859412,941.5533447265624,31936870,0.0,0.0,908.4888946533204,883.4154212242557,64.76949970630957,22.12107738082011,1.0855645556000617,21.03551282522005,17.64136563136279,1896500846.0,0.006272869837950751
2025-05-02 00:00:00+05:30,943.9010972173456,949.8194203300458,939.1077110594024,940.0370483398438,17840404,0.0,0.0,910.7804168701172,885.635877189573,64.00877204992474,21.501101543101754,0.37247097430536513,21.12863056879639,17.146390177025687,1878660442.0,-0.004093701012630711
2025-05-05 00:00:00+05:30,948.4009882350392,954.7595301881364,945.1239174188798,947.324951171875,15068024,0.0,0.0,914.9122497558594,888.0550565614279,66.07143071861802,21.351709855785316,0.17846342959114025,21.173246426194176,16.973253867830472,1893728466.0,-0.0011345802846185467
2025-05-06 00:00:00+05:30,943.9989055568692,948.9389915150434,941.2109533972954,944.8303833007812,17490156,0.0,0.0,918.2089080810547,890.2815399629712,64.7045119638715,20.792343890469738,-0.3047220285795511,21.09706591904929,16.312881314253154,1876238310.0,0.0008808037159974818
2025-05-07 00:00:00+05:30,945.9553864875014,953.1454061318336,940.2816225843776,951.629150390625,21420778,0.0,0.0,921.895639038086,892.687328607193,66.72504515182591,20.659496205261462,-0.350055771030263,21.009551976291725,16.06651718805336,1897659088.0,0.005997919124062783
2025-05-08 00:00:00+05:30,956.1291023794312,956.1291023794312,938.6675318191096,943.2652587890624,34803430,0.0,0.0,924.6151397705078,894.6707768496193,62.02123160491281,19.652772378774102,-1.0854236780140987,20.7381960567882,16.166163857501086,1862855658.0,-0.013454086439117599
2025-05-09 00:00:00+05:30,934.2654461482068,938.6186137238376,922.869018345557,924.2874145507812,17188796,0.0,0.0,927.8433227539062,895.8322136222139,52.9074034438529,17.126163317603186,-2.8896261913480146,20.0157895089512,16.46831218507282,1845666862.0,-0.010680082024400064
2025-05-12 00:00:00+05:30,937.9338325089128,958.6235735486488,935.3415397057944,957.3029174804688,18618972,0.0,0.0,932.4422576904296,898.2428294597925,63.07350161963663,17.58517168495041,-1.944494259200635,19.529665944151045,17.744586957415297,1864285834.0,0.020650801048241192
2025-05-13 00:00:00+05:30,953.7812559147054,959.50391956745,939.1076981314022,940.37939453125,24242102,0.0,0.0,936.2965118408204,899.8952437763202,56.35749819324964,16.39436818552747,-2.508238206898863,18.902606392426332,17.933989420174758,1840043732.0,-0.014051294571314066
2025-05-14 00:00:00+05:30,940.1348738133746,944.0967226360692,930.792720249354,934.510009765625,15445308,0.0,0.0,938.8362609863282,901.2526855798224,54.20191357726157,14.80635904444216,-3.2769978783873377,18.0833569228295,17.60327606064193,1824598424.0,-0.005983039460002202
2025-05-15 00:00:00+05:30,935.9284731774198,951.23790976487,927.858016000818,945.8576049804688,32241458,0.0,0.0,940.5212768554687,903.0018981053379,57.58006639925104,14.298680172759646,-3.0277414000558807,17.326421572815526,18.015891610885507,1856839882.0,0.010608857500979866
2025-05-16 00:00:00+05:30,945.8575705186272,950.7487565080564,943.216318142963,946.2977294921876,15868010,0.0,0.0,941.907925415039,904.6997738459986,57.710359780516555,13.773087796475806,-2.842667021071776,16.615754817547582,17.267073521900357,1872707892.0,0.0004653543908509072
2025-05-19 00:00:00+05:30,947.4227336837127,951.3356825063612,944.4880220667266,948.2542114257812,10202964,0.0,0.0,942.6905151367188,906.4077910059901,58.32317836957665,13.360413265070292,-2.604273241981833,15.964686507052125,16.522829730309947,1882910856.0,0.0008776206359705958
2025-05-20 00:00:00+05:30,943.0695618599128,946.2488327637604,935.683882932347,936.6132202148438,23879090,0.0,0.0,942.3921539306641,907.5923176416316,53.3678081198486,11.956211261927706,-3.206780196099537,15.162991458027243,16.24050821339025,1859031766.0,-0.006846092702150135
2025-05-21 00:00:00+05:30,942.531576696304,952.2650491339176,939.6457649093124,942.4337768554688,15132040,0.0,0.0,941.5386444091797,908.9586493755075,55.40791062699006,11.184117786216916,-3.1830989374482623,14.367216723665178,16.198459692367653,1874163806.0,-0.00010376293299164755
2025-05-22 00:00:00+05:30,936.7599445833256,941.1620121043128,931.8687584488954,939.058837890625,21306670,0.0,0.0,941.4408203125,910.1390489251199,53.934516161986956,10.182521011342487,-3.347756569858154,13.530277581200641,15.796071029096632,1852857136.0,0.002454090101303344
2025-05-23 00:00:00+05:30,939.1566035486918,947.4227197563948,936.4175513544748,945.7597045898438,9566072,0.0,0.0,941.8516784667969,911.5359373825601,56.412826596673526,9.816296140807708,-2.971185152314348,12.787481293122056,15.45386369858402,1862423208.0,0.007030883897532642
2025-05-26 00:00:00+05:30,946.4445221181824,953.7324014391728,942.4826732692928,948.9879150390624,10802860,0.0,0.0,942.5609008789063,913.0046423886974,57.5964083352903,9.67502226222598,-2.4899672247168603,12.16498948694284,15.153568303676586,1873226068.0,0.002687313267118715
2025-05-27 00:00:00+05:30,944.7815018115782,952.8030590136404,937.298022849808,942.189208984375,26162148,0.0,0.0,942.7100860595704,914.1491351963712,54.25500815437198,8.91173401382116,-2.602604378497345,11.514338392318505,15.178673150830575,1847063920.0,-0.0027438014209979753
2025-05-28 00:00:00+05:30,939.2055258264952,946.1999457934196,937.982729308282,940.8196411132812,18157594,0.0,0.0,943.0695861816406,915.1950373891912,53.580661604851755,8.102904655538396,-2.7291469894240876,10.832051644962483,14.681426246138216,1828906326.0,0.0017185964545573067
2025-05-29 00:00:00+05:30,943.0206823524644,949.281424458296,932.8959509838106,942.776123046875,28917794,0.0,0.0,943.1307250976563,916.2766485914533,54.45161173149842,7.532938279443556,-2.639290692415143,10.172228971858699,14.803143905305868,1857824120.0,-0.0002593360995851397
2025-05-30 00:00:00+05:30,944.9282622179592,953.1943787349692,941.7489912273292,951.2868041992188,28748078,0.0,0.0,943.693212890625,917.6495958701892,58.131657891660225,7.679452711699241,-1.9942210081275658,9.673673719826807,14.56330416261545,1886572198.0,0.006729126681357428
2025-06-02 00:00:00+05:30,944.0478247838804,946.9336365473756,933.2383153576408,945.0260620117188,14668822,0.0,0.0,943.5782684326172,918.7231827777001,54.634665223135606,7.207295665469928,-1.9731024434855033,9.180398108955432,14.812245925398488,1871903376.0,0.0010362157532244679
2025-06-03 00:00:00+05:30,947.9118673390112,954.7595278873838,939.1077323482464,941.357666015625,24377584,0.0,0.0,943.4046325683594,919.6108095713442,52.63662103386381,6.462602052177772,-2.1742368454221292,8.636838897599901,14.872213754951268,1847525792.0,-0.006914357282798084
2025-06-04 00:00:00+05:30,939.596818040901,950.504186557852,939.5479181229268,949.4769897460938,12961542,0.0,0.0,943.2970245361328,920.7820323232953,56.43423227908548,6.453200093742112,-1.7469110430862322,8.200111136828344,14.592503374949404,1860487334.0,0.010515331167035388
2025-06-05 00:00:00+05:30,952.8030544877778,958.1344592905036,948.9879054381928,953.5856323242188,22255418,0.0,0.0,943.8130432128906,922.0684480096061,58.258139799507596,6.700048108678629,-1.2000504225197721,7.9000985311984016,14.20350698047522,1882742752.0,0.0008213427032532703
2025-06-06 00:00:00+05:30,950.8465778422666,976.4275050280722,950.2106997665204,967.8189697265624,30127008,0.0,0.0,945.9896209716796,923.8625861161535,63.89702775522334,7.952516652662666,0.04193449717141107,7.910582155491255,15.061599714837836,1912869760.0,0.01784976912133485
2025-06-09 00:00:00+05:30,975.7916065974102,975.7916065974102,966.4494532826368,967.9168090820312,13202588,0.0,0.0,946.5203155517578,925.5902027030506,63.9330957547119,8.850973304907939,0.7523129195333453,8.098660385374593,14.653067829118951,1926072348.0,-0.0080701632009712
2025-06-10 00:00:00+05:30,969.8244072484864,969.8244072484864,959.2104975495274,961.2648315429688,15533126,0.0,0.0,947.5645874023437,926.9892077555965,59.57529683674998,8.923384458908117,0.6597792588268181,8.2636052000813,14.364556534107525,1910539222.0,-0.008825902546423068
2025-06-11 00:00:00+05:30,962.389744742281,962.389744742281,952.3139135307342,953.9769287109376,11096394,0.0,0.0,948.5379333496094,928.0475497538451,55.14073716511934,8.29705468744828,0.026759589893584845,8.270295097554696,14.05821901106747,1899442828.0,-0.00874158944160013
2025-06-12 00:00:00+05:30,953.7812714093355,959.1615760172856,946.5912518614556,950.5531005859376,16349130,0.0,0.0,948.7727081298829,928.9301203747116,53.1395121800907,7.438661258954653,-0.6653070708800346,8.103968329834688,13.951940807121936,1883093698.0,-0.003384602864583292
2025-06-13 00:00:00+05:30,939.1077345001224,945.4662764524672,935.6839042180908,937.933837890625,12117762,0.0,0.0,948.3545135498047,929.28320733612,46.44836626046448,5.674694896161782,-1.9434187469383248,7.618113643100107,14.017459061459428,1870975936.0,-0.0012500127156574708
2025-06-16 00:00:00+05:30,941.0641728178545,948.3520517940424,939.156598364014,946.64013671875,16513746,0.0,0.0,948.2738098144531,929.963871233478,51.02977759400696,4.9225206449788175,-2.156474398497032,7.0789950434758495,13.760370121599282,1887489682.0,0.005925168614377574
2025-06-17 00:00:00+05:30,947.4227121764064,949.6726457569816,938.66747744311,943.80322265625,16978736,0.0,0.0,948.6333099365235,930.5065908971161,49.54246762337627,4.050806697955409,-2.4225506764163534,6.473357374371762,13.56356999247588,1870510946.0,-0.0038203533371516853
2025-06-18 00:00:00+05:30,937.6403776699764,947.0803907488768,937.6403776699764,945.906494140625,18433816,0.0,0.0,948.8069458007812,931.1105086713713,50.68995276184223,3.489459231685487,-2.3871185141490203,5.876577745834507,13.269030212934775,1888944762.0,0.008815870847189638
2025-06-19 00:00:00+05:30,945.9064695793226,952.2161114413366,941.8467613290336,946.5912475585938,16876220,0.0,0.0,949.1835662841797,931.7175964708703,51.08001235098748,3.0645153728596597,-2.249649898379878,5.3141652712395375,13.06191020574679,1905820982.0,0.0007239383610260469
2025-06-20 00:00:00+05:30,944.7814993546208,963.51476608404,944.7814993546208,960.9713134765624,32900408,0.0,0.0,949.9441467285156,932.8648010593289,58.50365035255505,3.8437866635564433,-1.176302886146476,5.020089549702919,13.467007100294824,1938721390.0,0.017136040590338443
2025-06-23 00:00:00+05:30,952.9987182617188,957.6453450888812,949.7705473547468,952.9987182617188,11739518,0.0,0.0,950.1446868896485,933.6543664398148,53.64328071441311,3.774532510484619,-0.996445631374641,4.77097814185926,13.305132744689166,1926981872.0,0.0
2025-06-24 00:00:00+05:30,961.1180452091558,967.9657055821472,956.520318445918,959.1126708984376,22625322,0.0,0.0,950.9908599853516,934.6527313205451,56.61964750261548,4.164981660602621,-0.4847971850053119,4.6497788456079325,13.423836642956255,1949607194.0,-0.002086501570451458
2025-06-25 00:00:00+05:30,961.6071521788152,969.4330496533122,960.5800150766594,968.5526123046876,18405932,0.0,0.0,952.3775085449219,935.9821384179625,60.80416675419384,5.176468694833488,0.4213518793804445,4.755116815453044,13.20216107952185,1968013126.0,0.007222762549275265
2025-06-26 00:00:00+05:30,969.139620731932,991.4923172094016,968.4548427401372,988.9000244140624,50084830,0.0,0.0,954.6837036132813,938.0573496334958,67.97495378966534,7.533108577160306,2.222393409365809,5.310715167794497,13.904683464503456,2018097956.0,0.02038963556892506
2025-06-27 00:00:00+05:30,1006.5,1009.9000244140624,996.7000122070312,1007.4500122070312,28213384,22.0,0.0,957.4918640136718,940.7786305187325,72.85130533064998,10.773402570135659,4.37014992187293,6.403252648262729,14.411491788467496,2046311340.0,0.0009438770064890711
2025-06-30 00:00:00+05:30,1005.75,1006.9000244140624,997.75,1000.75,13649020,0.0,0.0,960.2780609130859,943.1304489297626,68.77778333623954,12.654846718257545,5.001275255995852,7.653571462261693,14.07495753265062,2032662320.0,-0.004971414367387522
2025-07-01 00:00:00+05:30,1002.5,1008.0,1002.0,1006.0499877929688,14389386,0.0,0.0,963.5126770019531,945.5978818263588,70.19739922586946,14.407488917869046,5.403133964485882,9.004354953383164,13.58746056603272,2047051706.0,0.0035411349555798007
2025-07-02 00:00:00+05:30,1009.9500122070312,1009.9500122070312,988.9500122070312,993.0,18878250,0.0,0.0,965.6888275146484,947.4567884214036,62.644557499659996,14.575429063221122,4.4568592878703654,10.118569775350757,14.116927668458953,2028173456.0,-0.016783020943769877
2025-07-03 00:00:00+05:30,997.4500122070312,1004.0,992.1500244140624,993.5499877929688,16860506,0.0,0.0,967.687045288086,949.2643648673474,62.82609035102864,14.584778014565813,3.5729665913720456,11.011811423193768,13.955002519707428,2045033962.0,-0.003909994853208753
2025-07-04 00:00:00+05:30,993.5499877929688,1001.75,990.0,994.6500244140624,7863944,0.0,0.0,969.028598022461,951.0441946534932,63.21117485188542,14.513646604173118,2.8014681447834793,11.712178459389639,13.797502339728327,2052897906.0,0.0011071779322721473
2025-07-07 00:00:00+05:30,994.5,999.2000122070312,991.9000244140624,993.7000122070312,11349426,0.0,0.0,970.317758178711,952.7169718124554,62.60798468908319,14.216734735023351,2.003645020506969,12.213089714516382,13.333394157816937,2041548480.0,-0.0008044120592948718
2025-07-08 00:00:00+05:30,988.5,1002.5,988.5,1000.7000122070312,15224316,0.0,0.0,972.289517211914,954.5986596710662,65.24002975832586,14.380501963068241,1.733929798841487,12.646572164226754,13.381008860830013,2056772796.0,0.012341944569581436
2025-07-09 00:00:00+05:30,1003.5,1006.9000244140624,999.0499877929688,1005.5999755859376,13861428,0.0,0.0,974.8706695556641,956.598711275571,66.99156492461358,14.735809525659306,1.6713898891460417,13.064419636513264,12.985939415134558,2070634224.0,0.002092651306365335
2025-07-10 00:00:00+05:30,1008.0,1008.5,1000.0,1003.0999755859376,17030310,0.0,0.0,977.498013305664,958.4222902681344,65.18675817445114,14.646824743921115,1.2659240859262795,13.380900657994836,12.665515171196375,2053603914.0,-0.004861135331411097
2025-07-11 00:00:00+05:30,999.0,1002.4000244140624,990.4500122070312,991.8499755859376,12516922,0.0,0.0,980.1938201904297,959.7331798884404,57.658858524883875,13.512756043198351,0.1054843081628114,13.40727173503554,12.664404328889947,2041086992.0,-0.007157181595658044
2025-07-14 00:00:00+05:30,991.5,994.3499755859376,985.2999877929688,991.5,13088850,0.0,0.0,982.4368133544922,960.9789375398741,57.43664351003731,12.44233087716475,-0.7719526862966326,13.214283563461382,12.4062317191813,2027998142.0,0.0
2025-07-15 00:00:00+05:30,986.5,1001.7999877929688,986.5,997.75,14498168,0.0,0.0,985.1341522216796,962.4209399892908,60.37373484925377,11.96046123566066,-1.0030578622405795,12.963519097901239,12.612928581594687,2042496310.0,0.011403953370501775
2025-07-16 00:00:00+05:30,1009.0,1011.3499755859376,996.2999877929688,998.1500244140624,17994612,0.0,0.0,987.7463287353515,963.8220805549681,60.56131856508761,11.478537267676415,-1.1879854641798602,12.666522731856276,12.787004239549985,2060490922.0,-0.010753196814606158
2025-07-17 00:00:00+05:30,1002.0,1002.4000244140624,991.3499755859376,993.4500122070312,22529158,0.0,0.0,990.0892669677735,964.9839602275981,57.13884113502568,10.595222219063317,-1.6570404102343677,12.252262629297684,12.662935995876756,2037961764.0,-0.00853292194907061
2025-07-18 00:00:00+05:30,993.4500122070312,998.5,976.5,978.7000122070312,16129446,0.0,0.0,990.9757019042969,965.5218446189484,47.975701192895684,8.605784819505061,-2.9171822478341003,11.522967067339161,13.329869139028416,2021832318.0,-0.014847249301685203
2025-07-21 00:00:00+05:30,989.0999755859376,1001.0,988.25,1000.25,22309078,0.0,0.0,993.338265991211,966.8837330652642,58.457681008930045,8.668124517643491,-2.2838740397565367,10.951998557400028,13.970591900024154,2044141396.0,0.011272899291557632
2025-07-22 00:00:00+05:30,1006.5499877929688,1009.0,1001.5,1003.5499877929688,14836814,0.0,0.0,995.5601318359375,968.3216254075272,59.793606362805214,8.881431005166633,-1.6564540417867164,10.537885046953349,13.597692478593858,2058978210.0,-0.002980477906097846
2025-07-23 00:00:00+05:30,1005.5,1014.9000244140624,1001.5,1012.1500244140624,13634916,0.0,0.0,997.7400024414062,970.0403861528815,63.12197738917567,9.63338139103223,-0.7236029247368965,10.356984315769127,13.583573331127324,2072613126.0,0.006613649342677659
2025-07-24 00:00:00+05:30,1018.8499755859376,1018.8499755859376,1004.2000122070312,1007.0999755859376,19107176,0.0,0.0,998.65,971.4937033855504,59.98192446358692,9.709881286648852,-0.51768242329622,10.227563709945072,13.659744048825827,2053505950.0,-0.011532610572270573
2025-07-25 00:00:00+05:30,1007.5,1007.5,999.5,1002.2999877929688,9306598,0.0,0.0,998.3924987792968,972.701792970155,57.075650942216306,9.27625817538069,-0.7610444276515054,10.037302603032195,13.255476616766838,2044199352.0,-0.005161302438740694
2025-07-28 00:00:00+05:30,1001.5,1010.7000122070312,1000.25,1004.25,12059580,0.0,0.0,998.5674987792969,973.9389775595607,57.966679591945585,8.986369154003341,-0.8407467592230837,9.827115913226425,13.055086301785725,2056258932.0,0.0027458811782326512
2025-07-29 00:00:00+05:30,999.9500122070312,1013.25,998.1500244140624,1010.7999877929688,19895696,0.0,0.0,998.8049987792969,975.3845073726355,60.90247043260267,9.179345509297832,-0.5182163231428749,9.697561832440707,13.20114982208229,2076154628.0,0.010850517979383857
2025-07-30 00:00:00+05:30,1014.0,1016.2999877929688,1008.5,1012.9000244140624,15154036,0.0,0.0,999.8,976.8557041193582,61.823137704999056,9.393454173284681,-0.24328612732482213,9.636740300609503,12.815352534288465,2091308664.0,-0.0010847885462895598
2025-07-31 00:00:00+05:30,1007.2999877929688,1015.7000122070312,1004.0,1009.0999755859376,22183032,0.0,0.0,1000.5774993896484,978.1201853533416,59.110659928149,9.151017417489243,-0.3885783064962087,9.539595723985451,12.735685368055806,2069125632.0,0.0017869431299336188
2025-08-01 00:00:00+05:30,1007.0,1014.1500244140624,1004.6500244140624,1006.0999755859376,11317258,0.0,0.0,1001.1499969482422,979.2174320291297,56.98500625741325,8.61747275220796,-0.7376983774219941,9.355171129629953,12.504564984623249,2057808374.0,-0.0008937680377978018
2025-08-04 00:00:00+05:30,1005.0499877929688,1009.25,994.0499877929688,996.0,13933946,0.0,0.0,1001.2649963378906,979.8755719495559,50.41226331175233,7.295552551730907,-1.6476948623192378,8.943247414050145,12.697096929080963,2043874428.0,-0.009004515101623946
2025-08-05 00:00:00+05:30,993.25,997.2000122070312,982.75,988.7999877929688,23978058,0.0,0.0,1000.6699951171875,980.2255490414545,46.311432479520334,5.602359938810764,-2.672709980191504,8.275069919002268,12.82230516322027,2019896370.0,-0.004480253920997986
2025-08-06 00:00:00+05:30,985.5499877929688,994.0,985.0,992.6500244140624,14080204,0.0,0.0,1000.0224975585937,980.7127833697922,48.71386892307899,4.519065400583827,-3.0048036147347537,7.5238690153185805,12.549283365847394,2033976574.0,0.007204136481187921
2025-08-07 00:00:00+05:30,990.0499877929688,1000.7999877929688,988.4000244140624,997.7000122070312,13081186,0.0,0.0,999.7524993896484,981.3789492065466,51.762897234782244,4.021679071775679,-2.8017519548343213,6.823431026610001,12.538617652494462,2047057760.0,0.0077269072353771005
2025-08-08 00:00:00+05:30,993.5499877929688,996.4000244140624,985.0,986.9500122070312,13895264,0.0,0.0,999.5075012207031,981.5974222653892,45.55429712237843,2.7286079700396613,-3.2758584452562713,6.004466415295933,12.550145834961377,2033162496.0,-0.0066428218680757226
2025-08-11 00:00:00+05:30,987.9500122070312,998.7999877929688,986.5499877929688,997.7999877929688,9105854,0.0,0.0,999.8225006103515,982.232816991961,51.833764350460086,2.5499479459618897,-2.763614775467234,5.313562721429124,12.52870684674985,2042268350.0,0.009970115354250712
2025-08-12 00:00:00+05:30,995.9500122070312,998.0,983.75,984.9500122070312,12937802,0.0,0.0,999.1825012207031,982.3393736670619,45.18672459048813,1.3558436302597556,-3.1661752729354946,4.52201890319525,12.65165635769629,2029330548.0,-0.01104473102583124
2025-08-13 00:00:00+05:30,997.0,997.0,984.5499877929688,990.1500244140624,13577396,0.0,0.0,998.7825012207031,982.645673696356,48.087880264752314,0.8196563950965583,-2.9618900064789537,3.781546401575512,12.637253204077359,2042907944.0,-0.0068705873479815585
2025-08-14 00:00:00+05:30,989.0,998.0,985.5999755859376,995.5499877929688,17511716,0.0,0.0,998.8875,983.1517252295565,50.988901137544865,0.8209921767464721,-2.368443379863232,3.189435556609704,12.62030829050486,2060419660.0,0.006622839022213094
2025-08-18 00:00:00+05:30,1005.0,1013.2999877929688,997.7999877929688,1001.7999877929688,19284796,0.0,0.0,1000.0424987792969,983.883029643808,54.18048640311882,1.3112581916944919,-1.5025418919321698,2.8138000836266617,12.986714841183085,2079704456.0,-0.003184091748289801
2025-08-19 00:00:00+05:30,999.1500244140624,1003.0499877929688,993.3499755859376,995.5499877929688,12352438,0.0,0.0,999.8074981689454,984.3405574143633,50.62987189339653,1.1818511299962893,-1.3055591629042982,2.4874102929005875,12.751950367315088,2067352018.0,-0.003603099167419655
2025-08-20 00:00:00+05:30,993.5,996.0,989.5,994.0999755859376,9950228,0.0,0.0,999.3349975585937,984.7232796956015,49.81424691513598,0.9513249525493848,-1.228868272280962,2.180193224830347,12.305382483935439,2057401790.0,0.0006039009420610102
2025-08-21 00:00:00+05:30,998.75,998.75,991.5999755859376,995.5999755859376,12439850,0.0,0.0,998.5074951171875,985.1498167893402,50.69904326084721,0.8795300847199314,-1.0405305120883324,1.9200605968082638,11.93714262180165,2069841640.0,-0.003153966872653203
2025-08-22 00:00:00+05:30,994.9500122070312,998.0,978.5499877929688,982.2999877929688,19833502,0.0,0.0,997.2674957275391,985.0380587894825,43.39379219457394,-0.2477102776592801,-1.7342166995740353,1.4865064219147552,12.473776163603764,2050008138.0,-0.012714231126046015
2025-08-25 00:00:00+05:30,980.0999755859376,988.7000122070312,978.5,982.0499877929688,17518044,0.0,0.0,996.254995727539,984.9208795347173,43.267588658239085,-1.147995914535727,-2.1076018691603857,0.9596059546246588,12.311364452420014,2032490094.0,0.0019896054031277284
2025-08-26 00:00:00+05:30,979.5,985.7000122070312,968.0,973.4000244140624,16917731,0.0,2.0,994.7124969482422,984.4690812946917,39.0371889828038,-2.5302909034026015,-2.7919174864218084,0.2616265830192067,12.696267863463673,2015572363.0,-0.006227642252105782
2025-08-27 00:00:00+05:30,973.4000244140624,973.4000244140624,973.4000244140624,973.4000244140624,0,0.0,0.0,992.8424987792969,984.0350006327063,39.037188982803805,-3.5844503288292344,-3.076861529478753,-0.5075887993504815,11.789391587501981,2015572363.0,0.0
2025-08-28 00:00:00+05:30,967.0,972.2000122070312,955.0,957.7999877929688,25438255,0.0,0.0,990.0874969482422,983.0061765997755,32.409377930681806,-5.613957639563296,-4.085095072170251,-1.5288625673930445,12.26157964654201,1990134108.0,-0.009513973326816184
2025-08-29 00:00:00+05:30,954.0,963.2999877929688,950.0999755859376,951.5999755859376,14823813,0.0,0.0,987.2124969482422,981.7745608737426,30.213801483681856,-7.634638613040465,-4.884620836517937,-2.7500177765225287,12.328610543719805,1975310295.0,-0.0025157488617006145
2025-09-01 00:00:00+05:30,949.5999755859376,957.4500122070312,946.3499755859376,950.5999755859376,20178344,0.0,0.0,984.4374969482421,980.5520281173582,29.862407097899034,-9.210560873023496,-5.168434477200774,-4.042126395822722,12.240855263532222,1955131951.0,0.0010530750060128884
