Date,Open,High,Low,Close,Volume,Dividends,Stock Splits,SMA_20,EMA_50,RSI_14,MACD_12_26_9,MACDh_12_26_9,MACDs_12_26_9,ATRr_14,OBV,Daily_Return
2020-03-12 00:00:00+05:30,196.70819405245132,200.73603136069568,186.45126964974384,190.33859252929688,14115039,0.0,0.0,241.23451080322266,248.0387399291992,22.37418723265989,-12.966788799676408,-4.686877810168163,-8.279910989508245,11.76655250801939,-61889964.0,-0.03238096691313235
2020-03-13 00:00:00+05:30,176.1006855733648,204.1550206558416,164.11084880338765,201.29806518554688,12883941,0.0,0.0,237.54389038085938,246.20577229219322,31.38658539243809,-13.765439216092574,-4.388422581267463,-9.377016634825111,13.837303073833006,-49006023.0,0.14308507391747008
2020-03-16 00:00:00+05:30,189.2145393945837,194.03856772630755,170.05891190358233,174.2272491455078,15167108,0.0,0.0,232.516121673584,243.38308510997027,23.980498668296562,-16.393786671281077,-5.613416029164773,-10.780370642116305,15.109337962298673,-64173131.0,-0.079207920792079
2020-03-17 00:00:00+05:30,176.94372282526405,181.252575293629,164.06401786253846,165.28173828125,14096871,0.0,0.0,227.23778610229493,240.3202871951185,22.122807776448308,-18.979811479517366,-6.559552669920848,-12.420258809596518,15.26107082422564,-78270002.0,-0.06590787374543104
2020-03-18 00:00:00+05:30,168.65386255220506,169.68423023668583,146.5476025235987,153.9475860595703,18951014,0.0,0.0,221.4395782470703,236.93312244470488,20.00792689705204,-21.693754039500078,-7.418796183922847,-14.274957855577231,15.834908584670435,-97221016.0,-0.08719798212793714
2020-03-19 00:00:00+05:30,147.81215397498988,158.0222398114594,142.09824381032726,152.9640350341797,12583063,0.0,0.0,215.74908981323242,233.64021705605683,19.830762028739514,-23.65129995559178,-7.50107368001164,-16.150226275580142,15.841390474394403,-109804079.0,0.034854245206801554
2020-03-20 00:00:00+05:30,156.4298476847273,167.76399206650706,154.22858363184628,164.6260223388672,7449415,0.0,0.0,210.82669982910156,230.9337780475396,27.974472308016328,-23.985158310496644,-6.2679456279332015,-17.717212682563442,15.765717730033511,-102354664.0,0.05239520958083827
2020-03-23 00:00:00+05:30,148.18684142291596,153.8539138637094,127.48565367367196,135.2602996826172,7422941,0.0,0.0,204.39153366088868,227.1818769351897,21.932753279878174,-26.315957879533215,-6.878996157575816,-19.4369617219574,17.3169313530962,-109777605.0,-0.08723137369132009
2020-03-24 00:00:00+05:30,139.8033249792072,145.1893827254748,131.46665001087777,137.78941345214844,6487043,0.0,0.0,199.15300598144532,223.67629013193317,23.465838533605464,-27.640433276741362,-6.5627772438271705,-21.07765603291419,17.0563891383335,-103290562.0,-0.014405319239426383
2020-03-25 00:00:00+05:30,135.82232356774205,146.12608604529487,133.52739751088595,142.19192504882812,4384700,0.0,0.0,193.9636558532715,220.4808248345565,26.183333197834905,-28.011939477363143,-5.547426755559162,-22.46451272180398,16.733594476801116,-98905862.0,0.04689657277074345
2020-03-26 00:00:00+05:30,141.44257128721736,147.48432064585364,135.35398378147622,140.3185272216797,8021131,0.0,0.0,188.7649398803711,217.33720532032606,25.764112472494087,-28.133226048365117,-4.534970661248906,-23.59825538711621,16.400587383151876,-106926993.0,-0.007946999657233028
2020-03-27 00:00:00+05:30,142.47294198482643,146.54760318394213,136.94636980627484,141.86407470703125,6108830,0.0,0.0,184.05096740722655,214.37747470804,26.805313035926787,-27.78435303765926,-3.348878120434435,-24.435474917224823,15.909159823135234,-100818163.0,-0.004273564294475153
2020-03-30 00:00:00+05:30,139.0539748742832,139.0539748742832,127.86034328419304,133.38690185546875,11851157,0.0,0.0,179.68123550415038,211.20137381186075,24.754491505652002,-27.870630387371477,-2.748124376117321,-25.122506011254156,15.77156034882192,-112669320.0,-0.040754484177370494
2020-03-31 00:00:00+05:30,136.71219526777824,142.75394422771393,135.35397484934228,136.9932098388672,9965197,0.0,0.0,175.52460327148438,208.29124973448847,27.302624975695256,-27.332929891890643,-1.768339104509188,-25.564590787381455,15.309424755742892,-102704123.0,0.002055519410967854
2020-04-01 00:00:00+05:30,136.7122080727119,136.7122080727119,130.2489437972687,133.9489288330078,5967565,0.0,0.0,170.67949371337892,205.37586460109708,26.487199561832206,-26.843016821632148,-1.022740827400554,-25.820275994231594,14.69183252686168,-108671688.0,-0.020212381020386968
2020-04-03 00:00:00+05:30,134.18309712214025,138.77294952639755,124.11351042711054,131.79449462890625,18559602,0.0,0.0,165.7664710998535,202.49032068061902,25.897712304287822,-26.325142166667007,-0.4038929379483278,-25.92124922871868,14.689498372531954,-127231290.0,-0.017801068424138224
2020-04-07 00:00:00+05:30,138.67928973849246,149.73242049430698,136.24384906089085,148.0931854248047,16440328,0.0,0.0,161.59578857421874,200.35709969019493,37.27155170004957,-24.31921783314209,1.2816251164612709,-25.60084294960336,14.923421551325115,-110790962.0,0.06788249135154942
2020-04-08 00:00:00+05:30,145.1893891016719,159.94250444587405,142.5197720364753,144.81471252441406,15245833,0.0,0.0,157.6522575378418,198.1789668601643,36.0721863378394,-22.7320132125125,2.2950637896726924,-25.02707700218519,15.103295137977454,-126036795.0,-0.0025806057837702524
2020-04-09 00:00:00+05:30,148.93621505147846,159.23997835692666,147.9995092964377,155.774169921875,15243084,0.0,0.0,154.7133430480957,196.51603364689805,42.709040330178084,-20.355163837435327,3.737530531799891,-24.09269436923522,15.054524231994895,-110793711.0,0.04591196887897995
2020-04-13 00:00:00+05:30,156.89819615895354,161.48804812043582,150.9501095724464,157.0386962890625,11554655,0.0,0.0,152.09759140014648,194.9679027701202,43.43869166023372,-18.16011833379656,4.746060828350927,-22.906179162147488,14.72980745069892,-99239056.0,0.0008954859491604388
2020-04-15 00:00:00+05:30,159.23996360680752,163.87665380617162,155.35264080066256,160.5513458251953,17616485,0.0,0.0,150.6082290649414,193.61823387031922,45.51456715526215,-15.953189063575564,5.562392078857542,-21.515581142433106,14.283853877113014,-81622571.0,0.008235258214613971
2020-04-16 00:00:00+05:30,158.58427184678325,163.54881472686688,156.8045225085677,159.84881591796875,10428942,0.0,0.0,148.5357666015625,192.29394297022705,45.15760071063099,-14.098352971943854,5.933782536391405,-20.03213550833526,13.742288776352815,-92051513.0,0.007973956411057213
2020-04-17 00:00:00+05:30,163.92350062605786,168.46652907489232,159.56782475519202,166.0779266357422,10104852,0.0,0.0,148.12830047607423,191.26586389828648,48.97858614631703,-11.98755970361293,6.435660643777865,-18.423220347390796,13.394514673233012,-81946661.0,0.013142874581473242
2020-04-20 00:00:00+05:30,171.41714732611356,171.41714732611356,155.58682632303115,156.89820861816406,12629035,0.0,0.0,147.70912399291993,189.9181127108307,44.10210824273581,-10.929479124942645,5.994992977958521,-16.924472102901166,13.56934284375855,-94575696.0,-0.08469945355191252
2020-04-21 00:00:00+05:30,153.61974487229176,153.9944214596601,146.87546624869273,149.4982452392578,10887919,0.0,0.0,147.4866569519043,188.33301986880824,40.59345130583726,-10.56625661490068,5.08657239040039,-15.65282900530107,13.314876220953902,-105463615.0,-0.02682923107612412
2020-04-22 00:00:00+05:30,147.99950797030368,152.68303670354115,145.6577436036849,150.99696350097656,7765209,0.0,0.0,147.38830337524413,186.86886079555995,41.60670833505066,-10.041711520743235,4.48889398764627,-14.530605508389504,12.863746866470592,-97698406.0,0.020253145242039076
2020-04-23 00:00:00+05:30,152.12099103519404,155.77415162659582,148.65518300719276,149.82606506347656,7114946,0.0,0.0,146.6483055114746,185.41620213939984,41.01807548710546,-9.60971268676525,3.936714257299405,-13.546426944064654,12.451817119130236,-104813352.0,-0.015086188671927148
2020-04-24 00:00:00+05:30,147.5311393800023,149.4045506737166,142.94128742759978,143.55014038085938,8447036,0.0,0.0,147.06279754638672,183.7743957959277,37.92131442559129,-9.66238323098824,3.107234970461132,-12.769618201449372,12.052742487964823,-113260388.0,-0.026984126984126937
2020-04-27 00:00:00+05:30,146.1261058862936,150.48178217147498,145.18940007933017,147.3438262939453,9745004,0.0,0.0,147.54051818847657,182.34574601153622,40.82939706986905,-9.29090648218758,2.7829693754094347,-12.073875857597015,11.685729296624796,-103515384.0,0.008333352895883415
2020-04-28 00:00:00+05:30,149.31089782714844,150.1539416174374,147.06280963903677,149.31089782714844,8025743,0.0,0.0,147.89646682739257,181.05026176901123,42.337737511046534,-8.737066781963591,2.6694472605067396,-11.40651404247033,11.069928256180232,-95489641.0,0.0
2020-04-29 00:00:00+05:30,150.62229274061835,155.8678365487717,148.93621947289208,153.7134246826172,11842945,0.0,0.0,148.56621170043945,179.97822894209384,45.6755016849351,-7.852380352782433,2.843306951750318,-10.69568730453275,10.773484731456314,-83646696.0,0.02052240664880845
2020-04-30 00:00:00+05:30,157.92858893964146,176.7563651964134,156.89820693807408,169.21588134765625,16023589,0.0,0.0,149.9338020324707,179.55617609525314,55.453699298850104,-5.8331009338165245,3.890069096572981,-9.723170030389506,11.652213699778546,-67623107.0,0.07147086213965143
2020-05-04 00:00:00+05:30,160.12984370077498,160.12984370077498,152.07418289715935,153.19822692871094,10646028,0.0,0.0,150.92436828613282,178.52253102989854,46.200483634556164,-5.462331930339531,3.40867048003998,-8.87100241037951,12.045291424040512,-78269135.0,-0.043287476037363416
2020-05-05 00:00:00+05:30,156.8982083257691,160.78553135216478,152.4956942940331,153.52606201171875,12995347,0.0,0.0,151.7510108947754,177.54227734291112,46.39762935315726,-5.083442511531132,3.0300479190787044,-8.113490430609836,11.776427536881911,-65273788.0,-0.021492573752332073
2020-05-06 00:00:00+05:30,155.02480206599213,158.58428678471674,152.82353783003214,155.30581665039062,8720744,0.0,0.0,152.81885528564453,176.67025927653776,47.52191418962874,-4.5866861294763055,2.821443440906825,-7.408129570383131,11.345818395905468,-56553044.0,0.0018127072613765818
2020-05-07 00:00:00+05:30,153.80708909350588,162.9868087677606,152.21469209632815,161.3007354736328,11944061,0.0,0.0,154.29416732788087,176.06753285289443,51.23240651402927,-3.6669924638530347,2.9929096852240766,-6.659902149077111,11.304758436004978,-44608983.0,0.04872107276909211
2020-05-08 00:00:00+05:30,164.43869630358952,165.42224019390173,156.89821220185647,157.9754180908203,9045606,0.0,0.0,154.78827896118165,175.35803815634253,49.15621933517557,-3.1699131442432247,2.7919912038671093,-5.961904348110334,11.105769127226113,-53654589.0,-0.03930509276743837
2020-05-11 00:00:00+05:30,159.2399698268488,165.23488062077934,158.06908769576904,163.50198364257812,9199262,0.0,0.0,155.72264251708984,174.89309484207726,52.59461856119613,-2.3034735404856406,2.9267446460997544,-5.230218186585395,10.83056329112,-44455327.0,0.026764723833869488
2020-05-12 00:00:00+05:30,161.1134014898298,168.23237145890465,156.47671052648346,166.9209747314453,11889850,0.0,0.0,156.27998275756835,174.580462680876,54.63839866895408,-1.3256486524983018,3.1236556272696747,-4.4493042797679765,10.896746571209688,-32565477.0,0.0360464938851291
2020-05-13 00:00:00+05:30,177.0373915211845,177.0373915211845,169.16906872633018,170.8083038330078,10377139,0.0,0.0,156.9684631347656,174.43253488292038,56.912927936942566,-0.23433909793916996,3.371972145463045,-3.606311243402215,10.84092659292383,-22188338.0,-0.035185152891451806
2020-05-14 00:00:00+05:30,167.67032445045933,168.981706745723,163.17413412056308,164.11083984375,5808584,0.0,0.0,157.14643783569335,174.0277625284431,52.068709408981576,0.08907540974254857,2.956309322515811,-2.8672339127732624,10.61155913292397,-27996922.0,-0.02122906732825602
2020-05-15 00:00:00+05:30,165.70324874696027,168.04501322497268,162.28427832626056,163.267822265625,11548870,0.0,0.0,157.31738815307617,173.60580408676398,51.4748024518669,0.2741984746599826,2.513145909946596,-2.2389474352866134,10.264631520740847,-39545792.0,-0.01469751800131768
2020-05-18 00:00:00+05:30,164.67288165792087,165.0475582588096,151.8400151220337,152.91722106933594,8130435,0.0,0.0,156.65935287475585,172.79448710568838,44.728854254440975,-0.40957584027574967,1.463497276008691,-1.8730731162844407,10.475087438086181,-47676227.0,-0.07138795696188314
2020-05-19 00:00:00+05:30,156.42986342347555,162.00325989044336,155.39948136037412,158.58428955078125,11001274,0.0,0.0,156.74365692138673,172.23722445647633,48.693448165466414,-0.48855508747163867,1.1076144230502416,-1.5961695105218803,10.375761018677434,-36674953.0,0.013772473363819232
2020-05-20 00:00:00+05:30,158.5842908913644,162.0500994073738,157.64758511444316,160.22352600097656,10091863,0.0,0.0,157.27992095947266,171.7660990268489,49.81480461861408,-0.41410053483210163,0.945655180551823,-1.3597557153839246,9.948666679615961,-26583090.0,0.010336680262581017
2020-05-21 00:00:00+05:30,161.11338906249242,163.78300616822608,158.2564336652852,159.14630126953125,11065823,0.0,0.0,157.6873878479004,171.2712049971502,49.056030242877924,-0.43698055866474306,0.7382201253753453,-1.1752006840400884,9.632504581061939,-37648913.0,-0.012209337811137318
2020-05-22 00:00:00+05:30,157.74125509688878,158.77163722083029,153.15140227496016,155.6336669921875,10228048,0.0,0.0,157.97776794433594,170.65796821264186,46.56529325625882,-0.7301368096190117,0.3560510995368613,-1.086187909155873,9.37244782659683,-47876961.0,-0.01336104561490108
2020-05-26 00:00:00+05:30,157.36656831781914,166.9678023967337,157.36656831781914,165.09439086914062,30383793,0.0,0.0,159.05498046875,170.43978870897516,53.42443415984107,-0.1967953657992325,0.7115140346853125,-0.908309400484545,9.512682425832194,-17493168.0,0.04910714285714289
2020-05-27 00:00:00+05:30,164.90703584739015,177.03737139949763,163.12728650091086,173.10321044921875,20403834,0.0,0.0,160.34294967651368,170.54423662035725,58.30388263994798,0.8621876164110915,1.4163976135165093,-0.5542099971054177,9.82702000316815,2910666.0,0.04970178840285253
2020-05-28 00:00:00+05:30,174.41460385076076,176.80320631789291,171.6044866642512,172.49435424804688,14270125,0.0,0.0,161.5021224975586,170.6207118214431,57.8080537225688,1.6334799127340887,1.7501519278716051,-0.11667201513751646,9.496195115065861,-11359459.0,-0.011009683594826482
2020-05-29 00:00:00+05:30,169.54374314669536,173.71208093452051,168.65387553021517,172.54119873046875,13458899,0.0,0.0,162.44351119995116,170.69602503356177,57.837762612088355,2.222890474972587,1.871649992088083,0.35124048288450427,9.178989284645214,2099440.0,0.017679541150509345
2020-06-01 00:00:00+05:30,176.1006612771422,186.7790999139841,175.3044557616171,181.67405700683597,17324578,0.0,0.0,163.06641998291016,171.12653609133721,63.26816967642622,3.38789439079585,2.4293231263290767,0.9585712644667734,9.54055877145178,19424018.0,0.0316489199374585
2020-06-02 00:00:00+05:30,182.6576082476716,185.23354887680537,178.30193253742485,179.9879913330078,14155546,0.0,0.0,164.405908203125,171.47404414003017,61.68850313142719,4.127537297978279,2.5351728268092044,1.5923644711690745,9.354101045246729,5268472.0,-0.014615415915464927
2020-06-03 00:00:00+05:30,182.6576459797762,185.2804252934699,179.42601356334887,180.5032196044922,11567639,0.0,0.0,165.75476608276367,171.82812945236202,62.00072644327524,4.7010929728637905,2.4869828013557727,2.214110171508018,9.103992833223279,16836111.0,-0.011794887444911785
2020-06-04 00:00:00+05:30,180.7841940720876,182.8449436847768,177.78673879063112,179.8474884033203,10238285,0.0,0.0,166.98184967041016,172.1426141171055,61.31583818358911,5.044577203830329,2.2643736258578486,2.7802035779724803,8.814868001393572,6597826.0,-0.0051813471502589635
2020-06-05 00:00:00+05:30,183.54749876155813,189.58924831658487,181.7677634576885,184.577880859375,26006736,0.0,0.0,168.14570693969728,172.63027163641019,64.37325789711193,5.63355396585311,2.282680310304504,3.3508736555486065,8.88110434409856,32604562.0,0.005613708194168376
2020-06-08 00:00:00+05:30,189.21457285995575,189.21457285995575,180.08169124914107,182.6107940673828,13522911,0.0,0.0,169.3774757385254,173.02166467291892,62.17270082630518,5.8738843462436705,2.0184085525560507,3.85547579368762,8.899095945237558,19081651.0,-0.0349010052067217
2020-06-09 00:00:00+05:30,183.5475091358684,186.3107885451112,176.66272968839874,178.0209503173828,8055268,0.0,0.0,170.10342407226562,173.21771509034886,57.25460869240431,5.62909714459812,1.4188970807284003,4.21020006386972,8.95261404157215,11026383.0,-0.03010969118842491
2020-06-10 00:00:00+05:30,176.10067364817874,179.75382020346962,172.86904180419145,178.86395263671875,11823033,0.0,0.0,170.7005729675293,173.43913617059866,57.91311398799731,5.440411093061073,0.9841688233530821,4.456242269707991,8.8048583114229,22849416.0,0.015691473128947832
2020-06-11 00:00:00+05:30,176.10067743571682,178.77029448638189,171.9323397911832,172.96270751953125,6481994,0.0,0.0,170.80829315185548,173.4204526940862,51.887114847952326,4.7598265579437395,0.24286743058859894,4.516959127355141,8.671010326944586,16367422.0,-0.017819181401678832
2020-06-12 00:00:00+05:30,165.79693785695534,178.16145239785766,164.34504090977805,176.99057006835938,9000558,0.0,0.0,171.45227966308593,173.5604572969989,55.30550664351882,4.493672990929923,-0.018628909140174343,4.5123019000700975,9.038653083907738,25367980.0,0.0675141070522157
2020-06-15 00:00:00+05:30,174.1804398331259,174.64879273092563,168.56020505952895,172.11968994140625,12059372,0.0,0.0,171.894873046875,173.5039566163874,50.621545139112555,3.8453779298267534,-0.5335391761946751,4.3789171060214285,8.995191410297414,13308608.0,-0.011831121184984639
2020-06-16 00:00:00+05:30,177.0374063126023,183.5475091358684,173.99311228870832,178.0209503173828,23464025,0.0,0.0,173.15005950927736,173.68109362426958,55.53498254567104,3.7643882916634084,-0.4916230514864166,4.256011343149825,9.16899704963011,36772633.0,0.005555571702422267
2020-06-17 00:00:00+05:30,176.80322225290504,182.1424425298902,174.03994296238608,179.70701599121094,11912711,0.0,0.0,174.20619583129883,173.9174043053261,56.85592378663327,3.7925368250127462,-0.37077961450966335,4.16331643952241,9.092799723490701,48685344.0,0.016423873396109335
2020-06-18 00:00:00+05:30,177.03737519785537,181.76774178528584,176.10066950897783,181.15887451171875,8868746,0.0,0.0,175.25296325683593,174.2013835291062,58.01261737781534,3.88718850007038,-0.22090235156162397,4.108090851632004,8.848048430895453,57554090.0,0.023280390986689853
2020-06-19 00:00:00+05:30,182.75129003523884,184.8588778861645,180.50318775178792,182.00192260742188,18204886,0.0,0.0,176.39574432373047,174.50728702237348,58.70493917063215,3.984299050840349,-0.09903344063332398,4.083332491473673,8.52709692756978,75758976.0,-0.004100476815635433
2020-06-22 00:00:00+05:30,182.56394307092876,187.2474717725225,180.7842078815212,185.4208984375,11091702,0.0,0.0,177.8851058959961,174.93527178375098,61.47899484485289,4.28771651095596,0.16350721558582926,4.124209295370131,8.379650946542723,86850678.0,0.01564906694341759
2020-06-23 00:00:00+05:30,185.5614096060441,190.99429136980712,185.5614096060441,188.8867034912109,14850064,0.0,0.0,179.0747215270996,175.482386752671,64.11091230284528,4.753048354237592,0.5030712470939687,4.249977107143623,8.179166906757791,101700742.0,0.017920180129190524
2020-06-24 00:00:00+05:30,193.8512399103953,194.60060732185812,180.1753453964249,181.62722778320312,19739136,0.0,0.0,179.50092239379882,175.7233609107311,55.54958190692195,4.484355316235565,0.18750256727355286,4.296852748962012,8.62539310128579,81961606.0,-0.0630587255095326
2020-06-25 00:00:00+05:30,179.98801128119484,184.85889280870452,178.9108053431856,181.2994079589844,9502767,0.0,0.0,179.9411750793457,175.9420294224273,55.19116088829033,4.19658619431641,-0.0802132437164822,4.276799438032892,8.434126516268575,72458839.0,0.007286022377016922
2020-06-26 00:00:00+05:30,183.2664771575529,184.9993885395521,179.42599209784572,180.45635986328125,6960491,0.0,0.0,180.33693313598633,176.11906198873533,54.22223203584907,3.8560500120237577,-0.3365995408073079,4.192649552831066,8.229758423965329,65498348.0,-0.015333504183942078
2020-06-29 00:00:00+05:30,180.31583373440665,180.737348409213,173.8993944531537,178.6297607421875,7560301,0.0,0.0,180.1847183227539,176.21752076338052,52.088500431024244,3.3995929591200422,-0.6344452749688188,4.034038234088861,8.130330162349727,57938047.0,-0.009350665203936704
2020-06-30 00:00:00+05:30,179.0512778382364,183.21962938155997,175.9133225118056,177.36521911621094,11450934,0.0,0.0,180.05357971191407,176.26252854192288,50.60386222534763,2.902352996406819,-0.905348190145634,3.807701186552453,8.071463847806742,46487113.0,-0.009416624904228371
2020-07-01 00:00:00+05:30,178.25511522250648,180.83105615262076,176.61588008516102,179.3323211669922,8343254,0.0,0.0,179.99503479003906,176.3829125664354,52.85495442065846,2.636622100937018,-0.9368632684923481,3.573485369429366,7.795982094816787,54830367.0,0.006043057688084253
2020-07-02 00:00:00+05:30,180.17535208857632,182.6576165449377,178.0209260604729,182.14242553710935,9164240,0.0,0.0,180.10978164672852,176.60877582018733,55.94374263847984,2.6225492738867047,-0.7607488764341293,3.383298150320834,7.570293588842573,63994607.0,0.010917550185033036
2020-07-03 00:00:00+05:30,183.31330476346795,184.06267219078256,178.44243792541516,178.86395263671875,6610649,0.0,0.0,179.8240852355957,176.697214126718,51.68890280153112,2.3201063515353724,-0.8505534390283698,3.170659790563742,7.4309894118013515,57383958.0,-0.024271845038690853
2020-07-06 00:00:00+05:30,181.89313145688223,184.8276609162361,180.33121333952872,183.40773010253903,10803795,2.0,0.0,179.86393203735352,176.9603716159659,56.613965822391144,2.4191762660373968,-0.6011868196210766,3.0203630856584733,7.326173677675548,68187753.0,0.00832686002778417
2020-07-07 00:00:00+05:30,184.3070326159496,184.35436653600956,180.09457372773204,180.6625518798828,6564431,0.0,0.0,179.99601211547852,177.10555515572736,53.09240293853716,2.250237608457695,-0.6161003817606225,2.8663379902183177,7.107127185651169,61623322.0,-0.019773964586912867
2020-07-08 00:00:00+05:30,180.80452753682144,191.2173537300415,180.80452753682144,184.92233276367188,22609621,0.0,0.0,180.29893112182617,177.41209545407813,57.50920673308901,2.4320461083946157,-0.3474335054589619,2.7794796138535776,7.353409797954519,84232943.0,0.022774901065526865
2020-07-09 00:00:00+05:30,185.86895856186496,191.92732455811915,185.63230341444432,186.9102325439453,14801828,0.0,0.0,180.99630737304688,177.78457141838663,59.429076305962774,2.705351940009251,-0.05930213907546111,2.7646540790847123,7.328520908120651,99034771.0,0.00560219409489926
2020-07-10 00:00:00+05:30,185.5376384904803,185.5376384904803,180.804535467764,182.9817657470703,10893405,0.0,0.0,181.2958671569824,177.98838296068797,54.21574197707411,2.575268252321166,-0.15150866141083696,2.726776913732003,7.241170190659022,88141366.0,-0.013775494633888696
2020-07-13 00:00:00+05:30,184.96967771469048,189.13481743226785,184.8276903883931,187.80953979492188,11050735,0.0,0.0,182.0803596496582,178.37352636595205,58.97828529634444,2.8291246233078766,0.08187816766069878,2.747246455647178,7.163442352026977,99192101.0,0.015353122281003218
2020-07-14 00:00:00+05:30,187.43089066112583,187.8095331473737,181.4198436930172,183.69174194335935,7233291,0.0,0.0,182.36389923095703,178.58208383957586,53.83446345950528,2.667288907308915,-0.06396603867061046,2.7312549459795257,7.108171403010087,91958810.0,-0.019949479536576744
2020-07-15 00:00:00+05:30,185.53762626472192,189.18212112977795,183.0764070773746,184.496337890625,9389574,0.0,0.0,182.60336532592774,178.81401537098955,54.666440041092,2.5742823802277144,-0.12557805260144939,2.6998604328291638,7.036563264651079,101348384.0,-0.005612276038345072
2020-07-16 00:00:00+05:30,183.64440322164896,191.12270046172392,182.3191401101344,190.4127349853516,13647306,0.0,0.0,183.06605834960936,179.26886712057237,60.32806110965456,2.9440407682166096,0.19534426830995688,2.7486964999066528,7.162783957865686,114995690.0,0.036855638641672184
2020-07-17 00:00:00+05:30,192.3533001832412,200.49424300042344,191.8326559720928,195.71380615234372,23873501,0.0,0.0,183.75165252685548,179.91376669044575,64.59465062005299,3.6230646608087795,0.6994945287217016,2.923570132087078,7.37127439468732,138869191.0,0.017470487721818164
2020-07-20 00:00:00+05:30,196.42378574387888,197.70172940474575,193.11061345422308,195.7611541748047,6380397,0.0,0.0,184.2686653137207,180.53523286630298,64.63123874707078,4.117552001117957,0.9551854952247032,3.162366505893254,7.172682673790732,145249588.0,-0.003373479268637112
2020-07-21 00:00:00+05:30,196.89708889627465,199.5002956004321,193.2525937327404,198.7429962158203,5672048,0.0,0.0,184.76147994995117,181.24926280157817,66.9477768198589,4.695914929120761,1.2268387385820052,3.4690761905387557,7.106609843492504,150921636.0,0.00937498532808722
2020-07-22 00:00:00+05:30,199.7369369285694,202.5767985910609,193.2052608825523,195.9504547119141,9323617,0.0,0.0,185.4776412963867,181.82578013139525,62.7994306908929,4.872766733607705,1.1229524344551591,3.7498142991525456,7.2683967096486,141598019.0,-0.018957345971563837
2020-07-23 00:00:00+05:30,195.85580148326844,199.26364151008585,194.4832044662364,198.17503356933597,5251159,0.0,0.0,186.3214225769043,182.46692732504,64.6771366294688,5.133255016534434,1.1067525739055109,4.0265024426289235,7.090678874449155,146849178.0,0.011841528657835835
2020-07-24 00:00:00+05:30,195.0038410465892,200.3049221148896,192.400634430676,194.0572204589844,8215298,0.0,0.0,187.00146560668946,182.92144862441035,58.764310006569005,4.950356129494196,0.739082949492218,4.211273180001978,7.148795742112924,138633880.0,-0.004854368932038815
2020-07-27 00:00:00+05:30,191.26470188075933,197.3704020777612,189.4187945343566,195.90313720703125,10548105,0.0,0.0,187.86513442993163,183.4305344511798,60.50728637007152,4.897897583885282,0.5492995231066429,4.348598060778639,7.206141231342158,149181985.0,0.02425139234088091
2020-07-28 00:00:00+05:30,196.99176310601564,204.23340530312876,196.376451016747,203.42877197265625,9785198,0.0,0.0,189.1683120727539,184.21477905986518,66.68915284043963,5.401316623940858,0.8421748505297746,4.559141773411083,7.286438333662885,158967183.0,0.03267653817168176
2020-07-29 00:00:00+05:30,202.6241297414002,209.1558056982469,202.43480852200872,205.9373016357422,11276308,0.0,0.0,190.4985610961914,185.06664269029173,68.46132872858068,5.934290413359463,1.1001189119587034,4.83417150140076,7.246048593020354,170243491.0,0.016351319551972606
2020-07-30 00:00:00+05:30,206.97859932910757,210.1024503627279,201.77218575450195,202.90814208984372,6483799,0.0,0.0,191.53684692382814,185.7663093334114,64.03135234939288,6.042592872480583,0.9667370968638584,5.075855775616724,7.323494528696336,163759692.0,-0.019666077809288827
2020-07-31 00:00:00+05:30,203.0501259361033,209.4398152138129,201.91418406447852,208.49319458007807,7306693,0.0,0.0,193.0183090209961,186.65755973524148,68.1265507340337,6.504115022038832,1.1426073971376862,5.3615076249011455,7.3379331936553935,171066385.0,0.026806526806526596
2020-08-03 00:00:00+05:30,209.20313699389752,213.4155954608004,206.9785729721316,208.77716064453125,9867115,0.0,0.0,194.2867805480957,187.52499506501755,68.32402237268344,6.814238044389384,1.1621843355905899,5.652053708798794,7.273581042947282,180933500.0,-0.002036185286163715
2020-08-04 00:00:00+05:30,209.72378120240523,217.0127563907968,207.45188326500485,215.9241485595703,9878205,0.0,0.0,196.04986038208008,188.63868735892157,72.87842894377077,7.549686877978985,1.5181065353441525,6.0315803426348324,7.43696231653712,190811705.0,0.029564445775374797
2020-08-05 00:00:00+05:30,216.3028030036098,223.5917785967128,215.97148002217085,222.5978240966797,11076862,0.0,0.0,197.93363494873046,189.97041821138268,76.30448624932805,8.572229888703419,2.032519636854869,6.5397102518485495,7.453438888292513,201888567.0,0.029102817927721614
2020-08-06 00:00:00+05:30,222.45582946904767,227.14159830730495,220.08927809171735,226.7156219482422,10772820,0.0,0.0,199.9239044189453,191.4114065932203,78.13944217600216,9.604163644367702,2.4515627140153224,7.15260093035238,7.424787060422938,212661387.0,0.019148936170212703
2020-08-07 00:00:00+05:30,224.15976111645375,228.13556475021483,223.21314051583047,227.37826538085935,6794779,0.0,0.0,202.14372940063475,192.82187164371595,78.42893029821995,10.356070038508676,2.562775286525037,7.793294751983639,7.246043996287914,219456166.0,0.014358082148086974
2020-08-10 00:00:00+05:30,228.13555517567613,233.19998095417736,225.81633769034028,232.11135864257807,6482352,0.0,0.0,204.35882034301758,194.36263583974974,80.42310485700078,11.204721290824551,2.729141231072729,8.475580059751822,7.255872661546287,225938518.0,0.01742737322922051
2020-08-11 00:00:00+05:30,233.3419869559152,241.8615726865571,233.1526657174245,240.2049865722656,15124909,0.0,0.0,207.1844825744629,196.16037508416213,83.27111393668845,12.387575396963598,3.1295962697694204,9.257979127194178,7.434042363214089,241063427.0,0.029411764705882186
2020-08-12 00:00:00+05:30,238.5483956761058,244.1334515431898,235.75586774256385,243.0921630859375,8055616,0.0,0.0,210.11427383422853,198.00083735874156,84.15655944168648,13.403460069280413,3.316384753668988,10.087075315611425,7.501439044277317,249119043.0,0.019047570607018876
2020-08-13 00:00:00+05:30,244.32280172357312,249.9078579221495,242.1929052071912,244.79611206054688,14516418,0.0,0.0,212.83344268798828,199.83594617057705,84.67219483333815,14.182562678679432,3.2763898904544035,10.906172788225028,7.51669020232544,263635461.0,0.001937233584564313
2020-08-14 00:00:00+05:30,245.1747591055032,253.03169928974924,243.80214754736065,251.1858062744141,13200307,0.0,0.0,215.6070426940918,201.8496661746491,86.45273950545595,15.141065256623278,3.3879139747186002,11.753151281904678,7.63903880775097,276835768.0,0.02451739808307195
2020-08-17 00:00:00+05:30,252.6530210203645,256.7708262232245,249.1505422907362,255.2089080810547,10757867,0.0,0.0,218.5794303894043,203.94218546509637,87.44189093799494,16.04041226087972,3.4298087831800323,12.610603477699687,7.637699160051674,287593635.0,0.010116194337863014
2020-08-18 00:00:00+05:30,256.15554256282024,264.2964855776068,253.0790255836939,262.3558959960937,10683706,0.0,0.0,221.76007537841798,206.23291921141,88.98109577399443,17.132362228822984,3.617407000898636,13.514955227924348,7.8933987998293835,298277341.0,0.024205423670474974
2020-08-19 00:00:00+05:30,263.160553034853,264.9591265764418,259.5634059516755,263.6811828613281,10287307,0.0,0.0,225.14661178588867,208.48579229572053,89.24435296312647,17.89835887980786,3.5067229215068068,14.391635958301052,7.714991636769527,308564648.0,0.0019783733560027475
2020-08-20 00:00:00+05:30,258.4274040623524,269.31354013091305,256.6761503083925,267.5622863769531,11325005,0.0,0.0,228.61597442626953,210.8025175538081,89.99798499517792,18.604132503565978,3.3699972362119404,15.234135267354038,8.066594397010368,319889653.0,0.0353479629907851
2020-08-21 00:00:00+05:30,269.1716188921109,272.6267788885041,265.3851358519928,266.8523864746094,10884179,0.0,0.0,232.25573272705077,213.00055162913364,88.7727231121516,18.888445948732908,2.9234485451030956,15.964997403629813,8.007668850115213,309005474.0,-0.008616184823078042
2020-08-24 00:00:00+05:30,268.9822274917119,271.9167570179216,267.5149771728905,270.496826171875,9488675,0.0,0.0,235.98541717529298,215.25530749355485,89.55863145299378,19.186670236907872,2.577338266622448,16.609331970285425,7.797431766862321,318494149.0,0.005630850388469472
2020-08-25 00:00:00+05:30,271.2541485936268,271.9167946355474,265.1957819234123,269.6922302246094,7787006,0.0,0.0,239.29859008789063,217.3900887771256,88.0925157914097,19.137485939976386,2.0225231757527666,17.11496276422362,7.720544185557678,310707143.0,-0.005758136334929785
2020-08-26 00:00:00+05:30,270.26020552766937,271.5381492299452,268.0356411405331,270.9228515625,5278655,0.0,0.0,242.54786758422853,219.4894128079246,88.405164514522,18.97902945007573,1.4912533486816884,17.48777610139404,7.419254051923223,315985798.0,0.0024518816358362738
2020-08-27 00:00:00+05:30,270.11822635493854,275.2299724297457,268.65094691597926,273.8573608398437,5931448,0.0,0.0,246.0953285217285,221.6214892013332,89.13758228638093,18.87268929976983,1.1079305587006303,17.7647587410692,7.359237387228905,321917246.0,0.013842584913140528
2020-08-28 00:00:00+05:30,270.26019827401194,274.28333607668986,265.1011041245617,265.7164306640625,11914490,0.0,0.0,248.95649032592775,223.35070259202848,74.98620022471577,17.9248820534591,0.12809864991191944,17.79678340354718,7.489451970796646,310002756.0,-0.016812566700415862
2020-08-31 00:00:00+05:30,266.00040194299027,266.7103674286032,254.1203243724945,255.3982391357422,19774736,0.0,0.0,251.28754425048828,224.60746873099765,61.630973321913025,16.154922270717663,-1.3134889062636148,17.468411176981277,7.853781687930196,290228020.0,-0.03985769468694395
2020-09-01 00:00:00+05:30,255.39820435793783,273.1000196108434,254.68823896900156,271.4907531738281,13679100,0.0,0.0,254.06587448120118,226.44602890522629,70.46583282692995,15.86783327849443,-1.2804623187894784,17.14829559728391,8.607927896437289,303907120.0,0.06300963961883131
2020-09-02 00:00:00+05:30,273.1000100614268,278.3064227315753,269.8341578310896,277.3598022460937,11710724,0.0,0.0,256.80397338867186,228.44264746761326,72.91529895842754,15.930262247292319,-0.9744266799932717,16.90468892728559,8.598237641562424,315617844.0,0.015597920277296028
2020-09-03 00:00:00+05:30,277.3598219121416,280.05769626476825,275.3245935017625,277.73846435546875,6425365,0.0,0.0,259.3551155090332,230.3758167573331,73.07048193713145,15.827839046416955,-0.8614799046949102,16.689318951111865,8.322155497345758,322043209.0,0.0013651668821991994
2020-09-04 00:00:00+05:30,270.7807990437435,275.7032375004661,265.5743859750652,267.2783203125,8443061,0.0,0.0,261.35011825561526,231.8229737594965,62.4295274890332,14.732791269694701,-1.5652221451337311,16.298013414828432,8.59657955860553,313600148.0,-0.012934738148393243
2020-09-07 00:00:00+05:30,266.00037409331367,272.39006279484346,263.9651456920212,271.206787109375,8634438,0.0,0.0,263.3048896789551,233.36743702811918,64.5193085649226,14.020334764381573,-1.8221429203574893,15.842477684739062,8.584317913206494,322234586.0,0.019572953736654932
2020-09-08 00:00:00+05:30,270.7335110368563,273.00539486224875,263.5391881826384,266.14239501953125,7609074,0.0,0.0,264.60176010131835,234.65272949837066,59.89414176552243,12.898369361150088,-2.3552866588711794,15.253656020021268,8.647310165512932,314625512.0,-0.016958063299005736
2020-09-09 00:00:00+05:30,258.61675144406564,273.100034618859,257.9067860161137,271.5381164550781,14099249,0.0,0.0,266.02405776977537,236.0992152613788,62.94220615969925,12.302774594375308,-2.360705140516769,14.663479734892077,9.114878558438074,328724761.0,0.049963372205636694
2020-09-10 00:00:00+05:30,273.9046460430122,274.75659871091443,263.5864884238295,270.1181640625,9369826,0.0,0.0,267.29016036987304,237.4332916849522,61.61507976915457,11.58266540282898,-2.464651465650478,14.047316868479458,9.261681221763782,319354935.0,-0.013824088182562535
2020-09-11 00:00:00+05:30,268.7929420966535,273.57336476990406,267.6096662974757,272.4374084472656,6485991,0.0,0.0,268.3527404785156,238.80600214621938,62.98777136231712,11.071492050939753,-2.380659854031764,13.452151904971517,9.026110433839396,325840926.0,0.013558638564630228
2020-09-14 00:00:00+05:30,271.774784034374,278.2591410174452,270.3548531134929,274.37799072265625,7275752,0.0,0.0,269.3111946105957,240.20098209039338,64.14322825611495,10.699633543069808,-2.202014689521368,12.901648232591176,8.945980066289868,333116678.0,0.009578543857670676
2020-09-15 00:00:00+05:30,275.41930113025086,278.8271125011586,273.3367240581887,274.141357421875,6682215,0.0,0.0,269.9004676818848,241.53197720143189,63.881343008643846,10.267481530937687,-2.107333361322791,12.374814892260478,8.69915155876532,326434463.0,-0.004639993287077201
2020-09-16 00:00:00+05:30,273.5733273506968,276.1292142827557,271.01744041863776,273.24200439453125,6090447,0.0,0.0,270.3785087585449,242.77550767959264,62.831375617337606,9.74014929667635,-2.1077324764673033,11.847881773143653,8.442909779679576,320344016.0,-0.0012110937837913178
2020-09-17 00:00:00+05:30,270.7334831923524,273.3840092346129,268.0356087884215,271.5381164550781,5287608,0.0,0.0,270.57730026245116,243.90345312176854,60.792697327818885,9.080075724273911,-2.2142448390957945,11.294320563369705,8.221872986057507,315056408.0,0.002972049312991776
2020-09-18 00:00:00+05:30,270.0708304963305,277.88045000886814,269.2662261422555,272.3427429199219,9911089,0.0,0.0,270.8518180847168,245.0187193883628,61.429154602712366,8.523634145093979,-2.216549134620582,10.74018327971456,8.249898097537827,324967497.0,0.008412283619879014
2020-09-21 00:00:00+05:30,273.9519836242613,274.8039363484891,255.6348700548126,256.8181457519531,7522304,0.0,0.0,270.1678840637207,245.48144199085655,45.93529783804731,6.752110807321969,-3.1904579779140736,9.942568785236043,9.029839938483518,317445193.0,-0.06254321522200793
2020-09-22 00:00:00+05:30,254.92488931856195,260.46262502614064,248.67721712392452,257.3861083984375,13246982,0.0,0.0,269.5525779724121,245.94829165389896,46.46726951620122,5.332525602151009,-3.688034546468028,9.020560148619037,9.22666651581634,330692175.0,0.00965468333223412
2020-09-23 00:00:00+05:30,260.22600794176884,260.22600794176884,249.5765257506296,253.8836669921875,8444261,0.0,0.0,268.7006187438965,246.25948284363577,43.6171210653792,3.8801484135309465,-4.1123293880704725,7.992477801601419,9.328296347972442,322247914.0,-0.024372433023683693
2020-09-24 00:00:00+05:30,249.0085260281145,250.8071281977352,243.8021129632619,244.7487335205078,7984730,0.0,0.0,267.2451873779297,246.20023777214055,37.20702589312324,1.969315200620258,-4.818530080784929,6.787845281405187,9.382100537386146,314263184.0,-0.017107014669552806
2020-09-25 00:00:00+05:30,247.1626356593744,256.0135437327352,244.9853910235615,254.025634765625,6842615,0.0,0.0,266.6606475830078,246.50711608561053,45.90204528588683,1.1898190197380814,-4.478421009333685,5.668240029071766,9.516579960818548,321105799.0,0.027767138378103438
2020-09-28 00:00:00+05:30,256.4868846670842,263.91783389033554,254.7829501108344,262.21392822265625,5470078,0.0,0.0,267.00143203735354,247.12306950274962,52.19440290448714,1.2187406464483956,-3.5595995060986967,4.778340152547092,9.543409930912848,326575877.0,0.022328796901274883
2020-09-29 00:00:00+05:30,262.2139240287413,271.4907949840774,261.3146228421678,268.9349365234375,11242724,0.0,0.0,266.873641204834,247.97843683689425,56.651316178369484,1.7636600686176394,-2.4117440671435624,4.175404135761202,9.588607278338685,337818601.0,0.025631790987421042
2020-09-30 00:00:00+05:30,268.08298332916786,269.7395694894929,260.3206823367884,262.92388916015625,6288603,0.0,0.0,266.15184555053713,248.56453300643395,51.98342494803983,1.6909787998147863,-1.9875402687571326,3.678519068571919,9.5764844006056,331529998.0,-0.01924439255690084
2020-10-01 00:00:00+05:30,266.42634403917907,271.34875317225305,263.3971469660841,266.9942932128906,4873599,0.0,0.0,265.6146369934082,249.28726870080482,54.705075240217546,1.9394689689217444,-1.39124007972014,3.3307090486418844,9.494225728234802,336403597.0,0.0021317305379832665
2020-10-05 00:00:00+05:30,269.1242374738955,276.4132279865016,267.3730123937407,274.6146545410156,9269669,0.0,0.0,265.981453704834,250.28049951806798,59.35043900146689,2.7199448601360245,-0.4886113508046881,3.2085562109407126,9.488847798461185,345673266.0,0.02040105015681718
2020-10-06 00:00:00+05:30,277.12317563596446,279.2530719474279,271.39613266501203,275.79791259765625,9592838,0.0,0.0,266.21100997924805,251.28118238393418,60.03581630847732,3.394823253951813,0.14901363440888016,3.245809619542933,9.372282815028969,355266104.0,-0.004782216555027879
2020-10-07 00:00:00+05:30,274.5199971016417,278.1171441289246,271.8694707540196,275.8926086425781,8126575,0.0,0.0,266.6985206604004,252.2463363548614,60.09380605677391,3.892440788257602,0.5173049349717349,3.375135853285867,9.14909626745002,363392679.0,0.0050000420932111754
2020-10-08 00:00:00+05:30,275.9399493884296,282.471626803786,272.2954537131321,277.31256103515625,11623030,0.0,0.0,266.9872428894043,253.22932555801023,61.00747376686379,4.351226331771102,0.7808723827881874,3.5703539489829144,9.222458946209507,375015709.0,0.00497431288861496
2020-10-09 00:00:00+05:30,277.501785254007,282.4242232578889,275.5138764874946,276.4131774902344,7301282,0.0,0.0,267.301993560791,254.13849622201903,60.069357234067596,4.589341374168043,0.8151899401481031,3.7741514340199402,9.057307975061882,367714427.0,-0.003922885623154469
2020-10-12 00:00:00+05:30,279.1584145536399,279.1584145536399,264.43847549478267,269.9288635253906,10299648,0.0,0.0,267.17656631469725,254.75772631234733,53.662455408123876,4.20633134609642,0.3457439296611833,3.8605874164352363,9.461781854612008,357414779.0,-0.033062055618158046
2020-10-13 00:00:00+05:30,269.7869026917145,275.5612948077427,268.79296250038414,274.4726867675781,7541780,0.0,0.0,267.18130111694336,255.53086201647403,57.114288451520196,4.220787094464413,0.28815974242334086,3.932627352041072,9.269392499338265,364956559.0,0.01736846388432015
2020-10-14 00:00:00+05:30,273.8099909292495,276.41319741172293,270.26016390769485,275.13525390625,6525761,0.0,0.0,267.2309959411621,256.29966169842606,57.610162819956855,4.236867044054577,0.2433917536108039,3.993475290443773,9.046795318767975,371482320.0,0.004840082615330554
2020-10-15 00:00:00+05:30,276.22386827512764,281.808952698525,273.76267792621616,275.9872131347656,10663375,0.0,0.0,267.36825637817384,257.07172253906685,58.27819249916787,4.269144469580283,0.22053534330920765,4.048609126271075,8.975329532812065,382145695.0,-0.0008567512352926066
2020-10-16 00:00:00+05:30,275.9399274131944,295.77164215663777,275.2299619052702,294.44635009765625,19877383,0.0,0.0,268.51366806030273,258.5373942080312,69.49524617027949,5.7183055781334815,1.3357571614899246,4.382548416643557,9.801497791629567,402023078.0,0.06706685349217395
2020-10-19 00:00:00+05:30,297.42820995336655,301.12002458861264,291.27517593176697,296.7655639648437,18884145,0.0,0.0,269.7348091125488,260.036538120063,70.56597483649585,6.97353085112735,2.0727859475870343,4.900744903540316,9.804594283221467,420907223.0,-0.0022279190955920075
2020-10-20 00:00:00+05:30,293.4524074221965,302.7292784239862,292.1271442631651,301.6880187988281,10739805,0.0,0.0,271.9783027648926,261.6699295192303,72.75207923165348,8.270173477966011,2.6955428595405557,5.574630618425456,9.861561438165658,431647028.0,0.028064555506552367
2020-10-21 00:00:00+05:30,303.62854382350514,306.9890352472629,297.94882047840446,305.71112060546875,11914326,0.0,0.0,274.39455337524413,263.397035052024,74.42400772374033,9.512745782965169,3.15049213163177,6.362253651333399,9.802893799009983,443561354.0,0.0068589624537216815
2020-10-22 00:00:00+05:30,304.8117977675571,309.59221968643607,302.4452465426537,308.1249694824219,8493745,0.0,0.0,277.1066184997559,265.15107169635337,75.39936642092788,10.570421478969763,3.3665342621090915,7.203887216860672,9.613185120968426,452055099.0,0.010869565217391398
2020-10-23 00:00:00+05:30,308.59834649349466,309.8289418412612,302.823954477712,304.1018981933594,7402260,0.0,0.0,280.07427673339845,266.67855508839284,70.5690198794554,10.95769536612545,3.0030465194118214,7.954648846713628,9.42688522661192,444652839.0,-0.014570552147239296
2020-10-26 00:00:00+05:30,297.2388889977741,298.94279464042256,288.1040053524674,291.8431396484375,15424754,0.0,0.0,281.96515197753905,267.66540154172793,58.310668659435514,10.15833439246586,1.7629484366017856,8.395385955864075,9.896243040939737,429228085.0,-0.01815290511793362
2020-10-27 00:00:00+05:30,291.89045694198444,295.77160703548674,286.96801844945946,292.4584350585937,7123843,0.0,0.0,283.4773773193359,268.63767736591876,58.698467060118126,9.465373327389273,0.8559898972201587,8.609383430169114,9.818196274458979,436351928.0,0.001945860520962986
2020-10-28 00:00:00+05:30,292.55309446743604,298.3274860944929,287.77267183611247,289.52392578125,8888276,0.0,0.0,284.50682678222654,269.4567459312259,56.02191597523216,8.580495703539611,-0.023110181303602317,8.603605884843214,9.870811857072106,427463652.0,-0.010354252761196532
2020-10-29 00:00:00+05:30,286.6367349920964,292.0798039902743,283.6075661001661,290.4232177734375,6945269,0.0,0.0,285.8817932128906,270.27896051327343,56.673916776627976,7.861170479631994,-0.5939483241689754,8.45511880380097,9.770913694831254,434408921.0,0.013210040162666118
2020-10-30 00:00:00+05:30,290.139216302668,296.19758241512426,287.7726647830704,292.5057678222656,7786860,0.0,0.0,287.15736694335936,271.15060001558686,58.21871932480993,7.374139946509672,-0.8647830858330376,8.23892303234271,9.674771099487291,442195781.0,0.008156606851549815
2020-11-02 00:00:00+05:30,294.8250062652867,295.3456360554697,290.1865420753552,292.83709716796875,7660136,0.0,0.0,288.06848907470703,272.00105088430774,58.47241285087573,6.934958366125045,-1.0431717329741321,7.978130099099177,9.352222673284261,449855917.0,-0.006742674654704095
2020-11-03 00:00:00+05:30,295.2510081233695,299.2268268554083,294.399055220382,297.9488830566406,5951181,0.0,0.0,289.17603759765626,273.01861293028156,62.27798496458698,6.919617160462792,-0.8468103509091085,7.766427511371901,9.140615994562037,455807098.0,0.009137563832275982
2020-11-04 00:00:00+05:30,297.94886241493174,301.68802569883974,295.10900034266865,300.8833923339844,7627927,0.0,0.0,290.4255767822266,274.1113493774856,64.30050505897147,7.06283356948461,-0.5628751535098324,7.6257087229944425,8.957645205068662,463435025.0,0.009849105968278307
2020-11-05 00:00:00+05:30,305.00116729341147,311.3435079473734,300.7413746155067,310.20758056640625,6640466,0.0,0.0,292.07032775878906,275.52688785548247,69.83482259914744,7.8383619133902585,0.17012255231665208,7.668239361073606,9.075108660347304,470075491.0,0.017070142121738848
2020-11-06 00:00:00+05:30,309.40296499175986,313.00011190355974,305.0958237044376,309.0243225097656,6994007,0.0,0.0,293.7008850097656,276.8405127438857,68.38597676122119,8.262252572463069,0.47521056911157,7.787042003351499,8.99147861573389,463081484.0,-0.0012237842711181458
2020-11-09 00:00:00+05:30,312.38480622254417,316.36062440262225,308.83497887910613,315.3193359375,6297158,0.0,0.0,295.9704086303711,278.3494862024588,71.74454600784131,9.002370227539188,0.9722625793501507,8.030107648189038,8.886776238438594,469378642.0,0.0093939578894412
2020-11-10 00:00:00+05:30,315.2247135695486,319.62649433267006,312.71617432936745,316.9286193847656,6004813,0.0,0.0,298.0932052612305,279.86239338607874,72.54747546985169,9.60801926104125,1.2623292902817695,8.34568997075948,8.745600776087258,475383455.0,0.0054053687476539715
2020-11-11 00:00:00+05:30,318.064504410558,326.34743421291626,314.2780222151942,324.4541931152344,9211868,0.0,0.0,300.5591522216797,281.61109141467307,75.98433287449188,10.573368183041339,1.7821425698254867,8.791225613215852,8.983015889869526,484595323.0,0.020089285714285622
2020-11-12 00:00:00+05:30,325.4008321367072,326.01612975067025,317.11790186413646,319.957763671875,5061012,0.0,0.0,302.75767974853517,283.11488248358296,70.31973238022206,10.850511933479538,1.6474290562109477,9.20308287726859,8.976959603288726,479534311.0,-0.016727272727272775
2020-11-13 00:00:00+05:30,319.0584783998255,325.8741586325351,316.4079521363104,324.8802185058594,5043441,0.0,0.0,304.2793731689453,284.752738798182,72.71760629507746,11.33666925253408,1.7068691002123906,9.629800152321689,9.011905813293204,484577752.0,0.018246624052216553
2020-11-14 00:00:00+05:30,325.7321277609174,326.5367609832273,321.9456456686977,323.6968994140625,975283,0.0,0.0,305.6259399414063,286.27996078311855,71.22785688180021,11.493973101991457,1.4913383597358152,10.002634742255642,8.696135035137512,483602469.0,-0.00624816581908908
2020-11-17 00:00:00+05:30,325.5427878314525,331.7904889793909,321.47233119112576,322.7502746582031,7389747,0.0,0.0,306.679052734375,287.7101691703768,69.99251848892848,11.410717184694477,1.126465953951067,10.28425123074341,8.811993812840793,476212722.0,-0.008578021930239018
2020-11-18 00:00:00+05:30,320.85706590815937,327.530729623972,320.28908776693595,324.3122253417969,4844406,0.0,0.0,307.6091079711914,289.1455439221972,70.88965304709302,11.340051581119496,0.8446402803008688,10.495411300818628,8.699825807346842,481057128.0,0.010768531538671158
2020-11-19 00:00:00+05:30,321.75633377898174,327.8620481591829,311.5801624043584,313.520751953125,7370265,0.0,0.0,307.87889709472654,290.10143443321397,57.98997015576741,10.294597158924603,-0.16065131351522055,10.455248472439823,9.241401556665577,473686863.0,-0.025595710049064208
2020-11-20 00:00:00+05:30,314.2780426951956,320.9043869688895,311.72215549134347,318.2065124511719,5918276,0.0,0.0,308.58412780761716,291.2035943554868,61.28430171191299,9.731984450109792,-0.5786112178640259,10.310595667973818,9.2371751221617,479605139.0,0.01249998161591682
2020-11-23 00:00:00+05:30,320.1944407047297,324.02824285175296,318.06454420336786,319.7211303710937,4559744,0.0,0.0,309.97802734374994,292.3219291011969,62.31305892260015,9.301109433110582,-0.8075889878905897,10.108698421001172,9.00335535959663,484164883.0,-0.0014781966001479105
2020-11-24 00:00:00+05:30,320.8097482524907,323.980933363345,316.2659804649124,322.6556701660156,5014303,0.0,0.0,311.4878890991211,293.5114875743271,64.29277751158277,9.091628085106606,-0.8136562687156523,9.905284353822259,8.911326607093839,489179186.0,0.005753945831072798
2020-11-25 00:00:00+05:30,325.1641547970656,327.43603831051087,319.0111213001779,320.19439697265625,6195795,0.0,0.0,313.0214126586914,294.55787617818316,61.38040563746902,8.627555343067911,-1.0221832086034794,9.64973855167139,8.876583062618218,482983391.0,-0.015283842794759913
2020-11-26 00:00:00+05:30,320.4310655341179,342.86598477982136,318.0645140899959,340.026123046875,10967276,0.0,0.0,315.5015579223633,296.3409446828378,72.27735045877142,9.747663903310695,0.07834028131144422,9.66932362199925,10.014075092227566,493950667.0,0.06115217786419867
2020-11-27 00:00:00+05:30,342.0139958381578,342.67664178377413,329.0926310071736,331.50653076171875,14338746,0.0,0.0,317.45159606933595,297.7199872741665,63.93176653853897,9.834531750801148,0.13216650304151756,9.70236524775963,10.269070509960638,479611921.0,-0.030722324829686922
2020-12-01 00:00:00+05:30,335.5769758736877,339.8367682331562,333.068437261936,339.0321350097656,6475456,0.0,0.0,319.76134796142577,299.34007149909195,67.5014205975685,10.390849272174307,0.5507872195317418,9.840062052642566,10.130582429876771,486087377.0,0.010296174602212538
2020-12-02 00:00:00+05:30,337.94354703563226,350.9595800096937,337.04424592927006,348.7350158691406,11048627,0.0,0.0,322.30065460205077,301.2771281410547,71.42777363083174,11.482315327306537,1.3138026197311774,10.16851270757536,10.400921844188455,497136004.0,0.03193275601256125
2020-12-03 00:00:00+05:30,350.2496574024402,354.3201148384456,348.07244135779945,351.0542907714844,7385497,0.0,0.0,324.80919952392577,303.22917373440487,72.28956958975736,12.391613336189039,1.7784805028909414,10.613132833298097,10.10426123588827,504521501.0,0.0022973137932855215
2020-12-04 00:00:00+05:30,353.089453993226,356.1186512129373,343.8125844517793,350.62823486328125,7570516,0.0,0.0,326.83023223876955,305.0879604453412,71.860773019621,12.928823973420549,1.852552912097961,11.076271061322588,10.261533064489726,496950985.0,-0.006970525746690764
2020-12-07 00:00:00+05:30,351.0069287939941,353.2788414863997,342.9606531926724,345.5165405273437,6085158,0.0,0.0,328.65484313964845,306.6733949583609,66.74537086513685,12.794607984642028,1.3746695386555512,11.419938445986476,10.26557986670638,490865827.0,-0.015641823041825865
2020-12-08 00:00:00+05:30,346.9364876720006,347.5991337195721,338.4642208241726,343.2919921875,5311652,0.0,0.0,330.05347595214846,308.10941837911145,64.59051464979046,12.366188661655485,0.7570001725352071,11.609188489120278,10.184817937807667,485554175.0,-0.010504791551202272
2020-12-09 00:00:00+05:30,348.35637884842174,348.5930339970959,339.9314613333338,342.53466796875,6923848,0.0,0.0,331.33377838134766,309.45942816694037,63.8349350073814,11.829193942017469,0.17600436231775163,11.653189579699717,10.076014700973953,478630327.0,-0.016711939936098912
2020-12-10 00:00:00+05:30,342.6766576992323,346.8891309307965,337.2809087159442,342.96063232421875,6429901,0.0,0.0,332.25910034179685,310.7732008789905,64.08938965442536,11.307646016902368,-0.27643485023788017,11.584080867140248,10.042600951117375,485060228.0,0.0008286955606871272
2020-12-11 00:00:00+05:30,344.1912502661574,347.12577985551604,338.5115267597474,340.4520874023437,4518654,0.0,0.0,333.2838165283203,311.9370787818671,61.351719128953036,10.570051939162283,-0.8112231423823708,11.381275081544654,9.940576101902742,480541574.0,-0.010863619748968838
2020-12-14 00:00:00+05:30,344.52258464396,345.42185689574563,337.2809138229052,338.4168701171875,4927085,0.0,0.0,333.96064910888674,312.9755019714875,59.144316060800016,9.709354893237673,-1.337536150645585,11.046891043883258,9.812030882728594,475614489.0,-0.0177222475359121
2020-12-15 00:00:00+05:30,338.8901723304896,347.40975766840694,334.6303796615309,346.36846923828125,5978528,0.0,0.0,335.09422760009767,314.2850300995971,64.51605803394624,9.558687281238804,-1.1905630101155644,10.749250291354368,10.023984253045391,481593017.0,0.022067022057219034
2020-12-16 00:00:00+05:30,350.2496487719969,352.61620045288873,345.0432350740347,350.817626953125,7762252,0.0,0.0,336.4975952148437,315.7176809565982,67.12095116751567,9.686630510842804,-0.8500958244092516,10.536726335252055,9.848911473014542,489355269.0,0.0016216381176098324
2020-12-17 00:00:00+05:30,350.2023238035767,353.4208282614181,344.61723881337474,346.6524963378906,4501529,0.0,0.0,337.61460876464844,316.93081097155084,62.49561696599588,9.344220849507053,-0.9540043885960028,10.298225238103056,9.77424561278001,484853740.0,-0.010136504598630563
2020-12-18 00:00:00+05:30,348.6403374577294,349.25566392687364,338.6061827256844,344.7592163085937,5666541,0.0,0.0,339.17653198242186,318.0221209847682,60.45624203784091,8.818433439006583,-1.183833439277178,10.002266878283761,9.836762441540486,479187199.0,-0.011132163241455878
2020-12-21 00:00:00+05:30,342.2980034792693,348.7350117921239,325.63747568953323,334.63037109375,7345501,0.0,0.0,339.99772491455076,318.67342491061066,50.88873231447526,7.49799771917958,-2.0034153272833457,9.501413046462925,10.783960574494394,471841698.0,-0.022400458978965938
2020-12-22 00:00:00+05:30,334.86703311648245,344.56989414671267,327.6727108675738,342.6293334960937,7273802,0.0,0.0,341.1431350708008,319.6128723061198,56.71456437675257,7.0161149084572685,-1.9882385104045248,9.004353418861793,11.22061934523648,479115500.0,0.02318024652164298
2020-12-23 00:00:00+05:30,341.73002512864844,348.0723944911721,338.6535082819224,347.26776123046875,4499725,0.0,0.0,342.3737396240234,320.69737775413347,59.699974239538015,6.928632697574244,-1.6605765770300387,8.589209274604283,11.091924119561263,483615225.0,0.016205003056829925
2020-12-24 00:00:00+05:30,348.2617168135433,358.72189189235814,345.5165228208991,346.6997985839844,8104991,0.0,0.0,343.69900970458986,321.7170805317747,59.16190522318331,6.7358261651391445,-1.482706487572111,8.218532652711255,11.242884475093952,475510234.0,-0.004484897863164035
2020-12-28 00:00:00+05:30,349.9656490550731,368.2354151673308,349.11366740012954,365.9635314941406,11720459,0.0,0.0,344.9958801269531,323.4522354714753,69.27634929726167,8.044713402757907,-0.1390553999626789,8.183768802720586,11.978079633939723,487230693.0,0.04571272204075667
2020-12-29 00:00:00+05:30,368.85068522004855,368.85068522004855,357.9172296100082,361.4197082519531,8144640,0.0,0.0,346.49153900146484,324.9411559726705,65.17591954755693,8.616046980971191,0.34582254260048373,8.270224438370708,11.903463631454535,479086053.0,-0.020146301107349867
2020-12-30 00:00:00+05:30,362.366399190932,367.1941706290602,358.4379289900742,365.4902648925781,4637174,0.0,0.0,347.81444549560547,326.53131710678457,67.05707053863227,9.290201203256913,0.8159814119089646,8.474219791347949,11.67866205838715,483723227.0,0.008620737763271932
2020-12-31 00:00:00+05:30,365.30087007359856,372.8738345898216,362.55567621418106,366.531494140625,7375061,0.0,0.0,348.7042694091797,328.0999515002685,67.54009429628337,9.795574494598327,1.0570837626003033,8.738490731998024,11.581483223031475,491098288.0,0.003368795882633681
2021-01-01 00:00:00+05:30,366.5788391887352,370.6019768686632,364.0703002954351,368.8980712890625,4461761,0.0,0.0,349.5964584350586,329.6998777664957,68.6646971054728,10.268678532480862,1.2241502403862707,9.044528292094592,11.220782745033961,495560049.0,0.006326693885167924
2021-01-04 00:00:00+05:30,371.0752693984403,383.4760048422752,370.22331664947376,381.582763671875,8872723,0.0,0.0,351.1441848754883,331.7345007431773,73.88690558313095,11.53420640429431,1.9917424897597726,9.542463914534537,11.460579233191542,504432772.0,0.02831634210080524
2021-01-05 00:00:00+05:30,378.6482423110373,379.5948629168149,370.6966350002192,374.15179443359375,6190435,0.0,0.0,352.5759475708008,333.39792402515445,66.85747002441057,11.801489026686397,1.807220089721488,9.99426893696491,11.41954704992931,498242337.0,-0.011874999999999898
2021-01-06 00:00:00+05:30,375.9977146158305,385.60590794703705,374.6251031877004,380.2575073242188,7910567,0.0,0.0,354.4242233276367,335.2355547427648,69.43089383071603,12.363474001012833,1.8953640512383387,10.468109949774494,11.422016083053958,506152904.0,0.011329304787771626
2021-01-07 00:00:00+05:30,382.4347162072205,391.0489693054432,381.6300829325364,383.7599792480469,10231006,0.0,0.0,356.48548889160156,337.1384733508151,70.830105696215,12.942280798172135,1.9793366787181128,10.962944119454022,11.376976504072271,516383910.0,0.003465331426941595
2021-01-08 00:00:00+05:30,388.3984368016872,388.5404530084568,377.22832481187015,381.34613037109375,7559664,0.0,0.0,358.40476379394534,338.8721069594535,68.50292579458043,13.055713782421265,1.674215730373792,11.381498052047473,11.372344482082312,508824246.0,-0.018157401684379793
2021-01-11 00:00:00+05:30,381.3461074313449,383.33401643227455,371.6905659345823,377.7489318847656,4822618,0.0,0.0,360.2696060180664,340.3966883290736,65.07174554814476,12.708846710972864,1.0618789271403113,11.646967783832553,11.391709197586666,504001628.0,-0.009432836671151452
2021-01-12 00:00:00+05:30,377.6542797850496,390.9069674782811,375.8556776301149,378.2222290039063,6708618,0.0,0.0,362.25987396240237,341.8800428653415,65.31789225940597,12.330010494003488,0.5464341681367486,11.78357632586674,11.653107816784342,510710246.0,0.0015038866213298895
2021-01-13 00:00:00+05:30,380.11547348887774,385.653209530591,373.1104871377706,381.4407653808594,6885599,0.0,0.0,364.01348876953125,343.431443748303,67.01996274753529,12.149437892613548,0.29268925339744634,11.856748639216102,11.716651715365886,517595845.0,0.0034865507573724527
2021-01-14 00:00:00+05:30,382.7660631552269,383.9966584369223,372.9685337127244,375.2404174804688,4886430,0.0,0.0,365.23462829589846,344.67885448289775,60.82684070386655,11.37489385226121,-0.38548382956391336,11.760377681825123,11.667471215785989,512709415.0,-0.01966121450977786
2021-01-15 00:00:00+05:30,376.7549834924836,381.0620954920588,370.3179752294458,373.1578369140625,7329969,0.0,0.0,366.55989532470704,345.79567732333555,58.859443523536214,10.472297150365762,-1.030464425167489,11.50276157553325,11.60151757601119,505379446.0,-0.009547708022534596
2021-01-18 00:00:00+05:30,372.4952086367533,372.9685189399766,355.45603772071377,362.6503601074219,10605461,0.0,0.0,367.45445251464844,346.45664527565265,50.06148647542629,8.807588796494997,-2.156138223230604,10.963727019725601,12.037251978859619,494773985.0,-0.02642946352346738
2021-01-19 00:00:00+05:30,365.5848704216593,376.5183262921906,361.23041008468994,374.2937622070313,5842513,0.0,0.0,369.4376220703125,347.54829692002045,57.62083280369596,8.331777133499656,-2.105559908980757,10.437337042480413,12.269442281702064,500616498.0,0.023821805796633067
2021-01-20 00:00:00+05:30,373.9150974168457,381.3933935874696,372.447847197598,379.5001525878906,5604951,0.0,0.0,371.28116302490236,348.80131086778005,60.50012579911,8.27936577967148,-1.7263770102471483,10.005742789918628,12.032021145814896,506221449.0,0.01493669340882118
2021-01-21 00:00:00+05:30,381.0148301622623,383.38138190240056,368.1881312861413,372.305908203125,7085945,0.0,0.0,372.53307037353517,349.72305978289165,54.94498997298278,7.570051169429689,-1.9485532963911503,9.51860446582084,12.257823251514653,499135504.0,-0.022857173185170845
2021-01-22 00:00:00+05:30,374.8617482963119,376.2343596876723,352.3321901308999,355.3613586425781,8779405,0.0,0.0,372.96614837646484,349.94416954209504,44.565680287853674,5.576350000798584,-3.1538035720178055,8.73015357281639,13.089562275603646,490356099.0,-0.052020217433120276
2021-01-25 00:00:00+05:30,367.28876657919545,373.8677908349451,351.6222083230608,362.0350341796875,17874949,0.0,0.0,372.7697235107422,350.41832109651045,48.677796757802845,4.483158244850813,-3.3975962623724616,7.8807545072232745,13.74356372272054,508231048.0,-0.014304092249919477
2021-01-27 00:00:00+05:30,360.2837903142842,361.60905331836585,351.71685692739743,356.1659851074219,8576326,0.0,0.0,372.5070373535156,350.64371968517366,45.482450846365516,3.1073926041429445,-3.8186895224642647,6.926082126607209,13.49889325996739,499654722.0,-0.011429337976238865
2021-01-28 00:00:00+05:30,351.19624027966853,360.5204589057776,349.87097722613805,356.2133178710937,6969457,0.0,0.0,372.0431900024414,350.8621353003078,45.51351464530492,1.997877492380951,-3.942563707381007,5.940441199761958,13.295363860924885,506624179.0,0.014285681382664882
2021-01-29 00:00:00+05:30,361.6563765343242,362.1296868184359,343.8126019341668,347.26776123046875,7981367,0.0,0.0,371.0800033569336,350.72117945443176,40.78378846486143,0.39222577830247474,-4.438572337167586,4.830798115470061,13.654058220467775,498642812.0,-0.039785321751377535
2021-02-01 00:00:00+05:30,346.9364653040744,363.88096901870136,344.2385906965744,360.5204772949219,6141212,0.0,0.0,370.66112365722654,351.1054656442549,49.20540285485373,0.18696345727659036,-3.7150677265547762,3.9020311838313666,14.081795371397487,504784024.0,0.03915417763578619
2021-02-02 00:00:00+05:30,364.1176072189149,370.79129976751454,356.5919907984532,368.23541259765625,7450391,0.0,0.0,369.99375610351564,351.77722826987844,53.36348355756721,0.6394511962090519,-2.610063990097852,3.249515186306904,14.09018919981683,512234415.0,0.011308998238763164
2021-02-03 00:00:00+05:30,365.5848451033558,377.18094611568654,364.164914367152,371.92718505859375,6063017,0.0,0.0,369.8825256347656,352.56742265374965,55.25123065323705,1.281177556117484,-1.5746701041515356,2.8558476602690197,14.013463667456918,518297432.0,0.017348476120351435
2021-02-04 00:00:00+05:30,371.9272336888424,380.5414870591895,369.6080305162745,378.9322204589844,6283280,0.0,0.0,369.8162612915039,353.6013362931706,58.66980663393979,2.328160547460186,-0.4221496902470667,2.750310237707253,13.79346315822701,524580712.0,0.018834293742529182
2021-02-05 00:00:00+05:30,381.4881199214829,384.895960021076,368.3774182109835,380.7308349609375,9008833,0.0,0.0,369.66480407714846,354.6652382017105,59.52480547336218,3.2653938422866418,0.4120668836635111,2.8533269586231307,13.98811163363471,533589545.0,-0.00198508137213098
2021-02-08 00:00:00+05:30,382.9553732974334,396.8707084403957,379.78421722337487,395.3561096191406,9008722,0.0,0.0,370.3653030395508,356.26095864945285,65.73250962344166,5.129169543533976,1.8206740679286764,3.3084954756052998,14.20942446130919,542598267.0,0.03238167469731729
2021-02-09 00:00:00+05:30,394.7408033935216,397.580665288439,380.3995066019024,384.75396728515625,7961747,0.0,0.0,370.71555480957034,357.3783315371275,58.70369936891338,5.685185652700113,1.9013521416758508,3.7838335110242625,14.42169119194064,534636520.0,-0.025299730918390453
2021-02-10 00:00:00+05:30,388.1144364229877,391.8535992561483,378.6482306565733,388.8244018554688,8008124,0.0,0.0,371.24566345214845,358.61151076529774,60.45216133947505,6.38072940021766,2.0775167113547184,4.303212688862942,14.334811006673588,542644644.0,0.0018292682926830236
2021-02-11 00:00:00+05:30,386.4105507600089,393.32086976850456,383.3340337281253,387.0258483886719,3598146,0.0,0.0,371.52491760253906,359.725798515234,59.25827952130606,6.7094818671582175,1.92501534263622,4.7844665245219975,14.024241365898433,539046498.0,0.0015923416880123445
2021-02-12 00:00:00+05:30,386.0792226602077,388.9664039734615,381.1094644436254,382.2453918457031,4667663,0.0,0.0,371.87516632080076,360.6089198223112,56.087636486556946,6.50924317125191,1.3798213173839304,5.12942185386798,13.583719805750894,534378835.0,-0.00993016611484101
2021-02-15 00:00:00+05:30,383.4759893062346,386.0791958100693,379.59483928644056,382.1507263183594,4678133,0.0,0.0,372.32481079101564,361.4536965476464,56.02371051336748,6.2706299267366035,0.912966458294898,5.3576634684417055,13.076622427998105,529700702.0,-0.0034559216869688436
2021-02-16 00:00:00+05:30,382.1507584369488,399.37923650446055,382.1507584369488,385.889892578125,10594928,0.0,0.0,373.4867874145508,362.41197874492013,58.057170071363984,6.31050312709209,0.7622717269203072,5.548231400171783,13.373185839540088,540295630.0,0.009784447783041888
2021-02-17 00:00:00+05:30,384.65928591383977,389.0610659184148,379.5948599349984,386.88385009765625,5486323,0.0,0.0,374.11629180908204,363.37165997443924,58.6051205486664,6.3491183069675685,0.6407095254366277,5.708408781530941,13.094115849599472,545781953.0,0.005783206763178897
2021-02-18 00:00:00+05:30,388.1144568279011,392.61090480334633,384.3279743222631,385.889892578125,5889983,0.0,0.0,374.43577880859374,364.25472791968184,57.79203498414172,6.227727682155546,0.4154551204996837,5.812272561655862,12.750459751599612,539891970.0,-0.005731722203696553
2021-02-19 00:00:00+05:30,386.315895258494,386.5998698996949,370.081356795592,374.5304565429688,4527644,0.0,0.0,374.54700622558596,364.65769766961466,49.36303304558054,5.1554839740749685,-0.5254308700647154,5.680914844139684,13.019606419816427,535364326.0,-0.030507258076034462
2021-02-22 00:00:00+05:30,375.00375125472425,391.7589477135321,375.00375125472425,384.4226379394531,9371697,0.0,0.0,376.0000701904297,365.43279336647106,55.45585859284559,5.0457749241692795,-0.5081119359763235,5.553886860145603,13.320241045057369,544736023.0,0.025116779907438904
2021-02-23 00:00:00+05:30,388.11443381572457,393.9834929069015,384.4226193693372,390.5756530761719,8127742,0.0,0.0,377.4271011352539,366.4187878648907,58.77830157002052,5.393157646127634,-0.12858337121437646,5.52174101734201,13.05171479436656,552863765.0,0.00634147830125763
2021-02-24 00:00:00+05:30,392.8475330303611,403.8283373216942,378.64822460757694,386.31585693359375,10570509,0.0,0.0,378.9345947265625,367.1990650832712,55.681837682316306,5.264050312685583,-0.20615256372514157,5.470202876410725,13.91802893195772,542293256.0,-0.01662649131682989
2021-02-25 00:00:00+05:30,389.06110179926,402.3137913982615,388.114481113617,399.2372741699219,9051315,0.0,0.0,381.0857925415039,368.4554654396104,62.18876386569459,6.133676992656774,0.5307792929968391,5.602897699659935,14.066593612939803,551344571.0,0.02615571776155716
2021-02-26 00:00:00+05:30,390.0550042393194,398.811244734651,371.1225923575212,374.3411254882813,11433748,0.0,0.0,382.4394607543946,368.68627563759753,47.667018259751345,4.75909142552149,-0.6750450193107564,5.434136444832246,15.070028484795374,539910823.0,-0.040286314956227996
2021-03-01 00:00:00+05:30,381.1094919983611,386.6472287606524,372.3532506979613,383.4760437011719,5834233,0.0,0.0,383.5872390747071,369.2662665420515,52.08790360489133,4.3566136856258595,-0.862018207365109,5.2186318929909685,15.014596311764047,545745056.0,0.006209637263038761
2021-03-02 00:00:00+05:30,385.0852473684726,392.8002283461652,379.594859460383,391.23828125,5055665,0.0,0.0,384.73738250732424,370.1279141776573,55.52591816798454,4.610843936775154,-0.48623036497265204,5.097074301747806,14.885365781285078,550800721.0,0.015978368227749326
2021-03-03 00:00:00+05:30,393.1314834980034,411.779918970002,393.1314834980034,405.2955627441406,11903775,0.0,0.0,386.4058013916016,371.50703765085274,60.985812090507885,5.878860532658052,0.6254289847281962,5.253431547929856,15.28938520562921,562704496.0,0.030941503687020342
2021-03-04 00:00:00+05:30,392.94222609104185,398.9059244560527,389.1083952376188,391.99560546875,8655068,0.0,0.0,387.0589706420899,372.3105108986134,54.205437940587444,5.744360014214237,0.3927427730275044,5.351617241186733,15.353512512857943,554049428.0,-0.002409058022877187
2021-03-05 00:00:00+05:30,391.9955941403336,391.9955941403336,381.014789461373,384.7066040039063,7045618,0.0,0.0,387.25775909423834,372.79663219686023,50.86757602700707,4.99206051665152,-0.28764537962817105,5.279705896279691,15.0411770480807,547003810.0,-0.01859457158545982
2021-03-08 00:00:00+05:30,389.9604047566643,393.3208966503545,384.8013104413215,386.0792541503906,4176709,0.0,0.0,386.7939163208008,373.3175193322928,51.47358661033751,4.455261656837251,-0.659555391553952,5.114817048391203,14.582113876398997,551180519.0,-0.009952678679507198
2021-03-09 00:00:00+05:30,390.0076590305092,392.6108654924847,375.6190153943455,380.1628112792969,5477847,0.0,0.0,386.5643585205079,373.58596215374394,48.686162451728634,3.5119535842820255,-1.282290771287343,4.794244355569369,14.754237892285115,545702672.0,-0.025242703632243815
2021-03-10 00:00:00+05:30,384.84857473988086,393.1315045888144,381.96139360510784,391.9009094238281,6536253,0.0,0.0,386.7181838989258,374.3041953800217,54.00757229037762,3.6692447915670527,-0.8999996512018527,4.569244442768905,14.626698993483295,552238925.0,0.018324959859118455
2021-03-12 00:00:00+05:30,395.8294217307399,405.5796318256588,391.9009517840485,396.39739990234375,13448994,0.0,0.0,387.1867614746094,375.17059555736773,55.89445969317136,4.109358285115604,-0.3679089261226407,4.477267211238245,14.5589863797777,565687919.0,0.0014349064026630228
2021-03-15 00:00:00+05:30,400.3258564371059,408.7034547440256,392.7528914389538,406.7155456542969,10146579,0.0,0.0,388.4102691650391,376.407652423914,59.95446341376209,5.230446201469135,0.6025431921847124,4.627903009284423,14.658384731606398,575834498.0,0.01596122037696762
2021-03-16 00:00:00+05:30,410.7860388611186,410.7860388611186,396.9653717199687,403.2130737304688,8103798,0.0,0.0,389.4633865356446,377.45884541632796,58.002647782295256,5.769785740854218,0.9135061852558355,4.856279555598382,14.598547760847222,567730700.0,-0.018435303087820126
2021-03-17 00:00:00+05:30,403.2130572241704,403.2130572241704,395.2141015769462,399.94720458984375,4738590,0.0,0.0,390.1662521362305,378.34074185450504,56.16651719270563,5.866067491366948,0.8078303486148526,5.058237142752096,14.12714950309131,562992110.0,-0.008099570626035042
2021-03-18 00:00:00+05:30,404.2069950775936,409.5553956750284,397.6753187334444,400.5625,6837030,0.0,0.0,390.8501846313477,379.2121833504068,56.446254785006445,5.923735533845331,0.6923987128745885,5.231336820970743,13.966644320098093,569829140.0,-0.009016407736570685
2021-03-19 00:00:00+05:30,397.6753175793265,422.47675982533895,388.11444379590887,417.03369140625,11116495,0.0,0.0,392.40737457275395,380.6953797447536,63.21412426841613,7.215351285757549,1.5872115718294442,5.628139713928105,15.423478013861283,580945635.0,0.048678841686125025
2021-03-22 00:00:00+05:30,417.4596942485363,425.0326592235664,413.483876081218,421.5301513671875,7010923,0.0,0.0,394.75735931396486,382.29674333779025,64.8212054732335,8.503766686153767,2.3005015777805298,6.2032651083732375,15.14671409442526,587956558.0,0.009750539213081045
2021-03-23 00:00:00+05:30,421.2461467930086,423.3760430408384,416.0397337427579,418.2169494628906,5066287,0.0,0.0,396.4470748901367,383.7053788721079,62.64932957669255,9.151998922746486,2.358987051498598,6.793011871247888,14.588828037464417,582890271.0,-0.007191038667485968
2021-03-24 00:00:00+05:30,413.6732241138755,419.4949353345605,408.56147838080017,414.0045471191406,7803892,0.0,0.0,397.61851959228517,384.8935815484621,59.9013037867745,9.219544802367523,1.941226344895707,7.278318457471816,14.327730102879764,575086379.0,0.000800929298662833
2021-03-25 00:00:00+05:30,413.7205413610772,418.5956607939097,405.6269464013783,414.6198425292969,10870751,0.0,0.0,399.0337188720703,386.05931727320075,60.176084877473265,9.216482720232705,1.5505314102087109,7.665951310023994,14.230657552128733,585957130.0,0.0021736923316911026
2021-03-26 00:00:00+05:30,419.9209479784373,428.1092112494974,412.9159605814776,421.435546875,12165673,0.0,0.0,400.14363250732424,387.44662039483995,63.185532987324734,9.652755421690529,1.5894432893332286,8.0633121323573,14.299414203271612,598122803.0,0.003606866730164798
2021-03-30 00:00:00+05:30,430.712394634547,445.10104003271135,428.0618683768392,442.4978332519531,17646211,0.0,0.0,403.5514678955078,389.6054914872758,70.5835131715629,11.564743996530467,2.8011454913385325,8.763598505191935,14.968419842944948,615769014.0,0.027362664191277496
2021-03-31 00:00:00+05:30,442.40316950814827,448.5088554082605,436.6760972042797,443.4444580078125,7635784,0.0,0.0,406.54988861083984,391.716823507689,70.86687332008296,13.006463014362225,3.394291607336232,9.612171407025993,14.744444011568449,623404798.0,0.0023537094022674145
2021-04-01 00:00:00+05:30,445.4323126543249,485.5690492844515,444.9116828787239,481.5932312011719,35736230,0.0,0.0,411.06763610839846,395.2413885152766,79.4556006812093,17.03100012906401,5.935062977630414,11.095937151433597,16.700168816394047,659141028.0,0.0811816240527423
2021-04-05 00:00:00+05:30,486.0896772743999,494.1359523607337,476.3394966663874,489.8761596679688,29711225,0.0,0.0,415.29666595458986,398.9525560114606,80.78046845195892,20.650788456975874,7.643881044433822,13.006907412542052,16.778475021968674,688852253.0,0.007789678675754783
2021-04-06 00:00:00+05:30,495.0825518497871,512.4056965063128,492.8580166492696,508.76123046875,26533367,0.0,0.0,421.1349472045898,403.25877853919746,83.40773508780283,24.757969707032146,9.400849835592075,15.357119871440071,17.18926515174195,715385620.0,0.027629086437918268
2021-04-07 00:00:00+05:30,510.4651951979887,536.213288921957,504.7381517122525,532.2847900390625,20024702,0.0,0.0,428.5138565063477,408.3186221274275,85.97881301132527,29.570227920439777,11.370486439199762,18.199741481240014,18.209684584527793,735410322.0,0.042744529982324996
2021-04-08 00:00:00+05:30,541.4670538355742,604.8906423093216,533.1841225050475,581.3197631835938,72006147,0.0,0.0,438.2758819580078,415.1029806002183,89.59740020993506,36.91515482942037,14.972330678544289,21.942824150876085,22.09512513377107,807416469.0,0.07360135591947109
2021-04-09 00:00:00+05:30,585.0115176583258,597.1755689842186,566.0791060836227,587.8513793945312,51062079,0.0,0.0,448.66031036376955,421.87742761176,89.96877105315085,42.7700822783043,16.66180650194257,26.10827577636173,22.73807783144174,858478548.0,0.004854368932038759
2021-04-12 00:00:00+05:30,576.4919658684024,588.5613789469281,565.5111896293835,571.90087890625,27047004,0.0,0.0,457.6603088378906,427.76070021154396,82.24687975261713,45.59746320610486,15.591349943794505,30.006113262310357,22.76037150902182,831431544.0,-0.007963835116481811
2021-04-13 00:00:00+05:30,574.5987026676146,599.0215025270546,571.7588408751881,596.7022705078125,26091257,0.0,0.0,467.67555236816406,434.3858598310055,84.4777440555445,49.271477072670336,15.412291048287983,33.85918602438235,23.081963662099554,857522801.0,0.03846783457320832
2021-04-15 00:00:00+05:30,603.943990079143,609.6237141237744,583.1183352488276,595.51904296875,24006650,0.0,0.0,477.11572723388673,440.70480818934846,83.93583950147563,51.494091129425556,14.107924084034558,37.386167045391,23.326493320172354,833516151.0,-0.013949881526743778
2021-04-16 00:00:00+05:30,598.169611138348,601.9560937338695,584.017620882159,586.3368530273438,14389029,0.0,0.0,486.2719161987305,446.41586877123063,79.6650234348968,51.91614578107959,11.623982988550878,40.292162792528714,22.941634715264268,819127122.0,-0.019781610250119423
2021-04-19 00:00:00+05:30,567.9723611239548,592.1111864717229,563.3338970639213,582.928955078125,17044636,0.0,0.0,495.4210037231445,451.7693231362069,78.07716257461409,51.38332328393551,8.872928393125434,42.510394890810076,23.358467193320703,802082486.0,0.026333312988281267
2021-04-20 00:00:00+05:30,589.5552941465312,596.3709739759695,580.6570952328539,587.4727172851562,13626064,0.0,0.0,504.76651458740236,457.09102486753824,78.68712146068579,50.742770184068036,6.585900234606363,44.15686994946167,22.81242516114124,815708550.0,-0.0035324538377520384
2021-04-22 00:00:00+05:30,582.8342858509909,616.2499798057696,578.9531069186531,606.547119140625,22859059,0.0,0.0,514.2421859741211,462.95204817236515,81.06840456665246,51.184251861427924,5.621905529572999,45.562346331854926,23.8470285701781,838567609.0,0.04068537810024543
2021-04-23 00:00:00+05:30,606.7838406500273,617.9539528382347,592.442514597131,601.4827880859375,17931094,0.0,0.0,523.2398178100586,468.38462620819155,78.55871987308144,50.542853526091676,3.9844057553894032,46.55844777070227,23.965914975248342,820636515.0,-0.008736311366517186
2021-04-26 00:00:00+05:30,607.7304098132024,625.432226140447,604.1805826530787,620.7937622070312,16506538,0.0,0.0,533.3686584472656,474.36145507089117,80.9770331705806,51.00482309608822,3.5571002603087507,47.447722835779466,23.96473805233839,837143053.0,0.021495308088736433
2021-04-27 00:00:00+05:30,625.3849171852107,634.5670907054551,622.8763495056785,630.3546752929688,15799458,0.0,0.0,544.186164855957,480.47883625607074,82.05612395903245,51.54820744301401,3.2803876857876304,48.26781975722638,23.23678022703702,852942511.0,0.007946718846572706
2021-04-28 00:00:00+05:30,633.9991817614267,639.9155608372146,615.9187504166748,627.2781982421875,15558949,0.0,0.0,554.8190826416015,486.2356739810165,80.47423646604307,51.14107498777366,2.2986041844378207,48.84247080333584,23.29106809800301,837383562.0,-0.010600934058883868
2021-04-29 00:00:00+05:30,636.129083684618,689.9918223634126,632.3899205212224,687.7199096679688,56816962,0.0,0.0,568.13330078125,494.13701655697537,86.1310876505675,55.060853320479396,4.974706013714837,50.08614730676456,26.10696495687717,894200524.0,0.08110119047619059
2021-04-30 00:00:00+05:30,681.1882023623801,700.499286895768,673.473278666231,679.5316162109375,36449711,0.0,0.0,579.9849899291992,501.4073930139935,82.63816689807255,56.85123340998166,5.412068882573678,51.43916452740798,26.17261090492588,857750813.0,-0.002431906697293862
2021-05-03 00:00:00+05:30,675.8871307425791,691.0330608432531,672.6685974853306,684.6433715820312,16906171,0.0,0.0,592.0449356079101,508.5931176637205,83.09895752953541,58.013850906744665,5.259749103469346,52.75410180327532,25.61488608012753,874656984.0,0.012955182072829126
2021-05-04 00:00:00+05:30,689.0924793532834,698.1326945544596,673.2839037313347,677.21240234375,13790054,0.0,0.0,601.825894165039,515.2056386315647,79.78395613287448,57.670823183983885,3.933377104566844,53.73744607941704,25.560164990340496,860866930.0,-0.017240178010189375
2021-05-05 00:00:00+05:30,684.4066648144363,693.8728704135295,675.0350981604806,679.3895874023438,12284261,0.0,0.0,611.3015655517578,521.6442248578699,80.03525268107286,56.918530492090554,2.5448675301388093,54.373662961951744,25.079994080524752,873151191.0,-0.007330550197743725
2021-05-06 00:00:00+05:30,682.7974140204449,702.3924716169373,679.6735776562817,690.8436889648438,18365325,0.0,0.0,620.4056884765625,528.2794979601041,81.34880501956295,56.5942006673356,1.7764301643070795,54.81777050302852,24.931629090098458,891516516.0,0.011784278585680095
2021-05-07 00:00:00+05:30,698.6059626980417,725.7739839139477,697.4226870159652,716.54443359375,26586556,0.0,0.0,629.6186706542969,535.6624366124039,83.90728612343615,57.74534979876705,2.34206343659082,55.40328636217623,25.645819508610654,918103072.0,0.025677523315760523
2021-05-10 00:00:00+05:30,725.0168085868311,731.7377923657504,715.6925601368428,718.15380859375,15105182,0.0,0.0,636.4603729248047,542.8189610038293,84.05478952495093,58.11756379292251,2.1714219445970215,55.94614184832549,24.960063274335628,933208254.0,-0.00946598742511655
2021-05-11 00:00:00+05:30,701.4458411804137,714.5091934688326,691.5536446852631,695.05615234375,16277517,0.0,0.0,641.8206115722656,548.7890469387282,73.62462439286892,55.90432794739843,-0.033451120741652574,55.93777906814008,25.077213319633817,916930737.0,-0.009109311740890719
2021-05-12 00:00:00+05:30,700.4992932544731,702.2978956317934,662.6344665920691,670.11279296875,14410802,0.0,0.0,646.7312072753906,553.5468409006899,64.33967958245562,51.54344124708871,-3.5154702568410983,55.05891150392981,26.119085871082632,902519935.0,-0.043378345386402034
2021-05-14 00:00:00+05:30,672.053311109528,682.9867675586783,642.8027112591541,669.3554077148438,26344309,0.0,0.0,650.3638641357422,558.0883533247743,64.0754420953885,47.47898428218002,-6.063941777399833,53.542926059579855,27.123726615983657,876175626.0,-0.004014418722571419
2021-05-17 00:00:00+05:30,670.1127739474831,683.8387732229896,657.0020434214919,676.2658081054688,12706884,0.0,0.0,654.4012023925782,562.7227633161741,65.46890970191241,44.304766642461914,-7.39052753369436,51.695294176156274,27.103226843520147,888882510.0,0.009182087548845709
2021-05-18 00:00:00+05:30,685.2112912135169,692.0742904935497,673.8518441293248,679.1529541015625,9477286,0.0,0.0,659.0420074462891,567.2886531508952,66.06122349309602,41.54326000541994,-8.121627336589071,49.66488734200901,26.46888538070662,898359796.0,-0.008841560537079055
2021-05-19 00:00:00+05:30,674.9878605895558,681.898179959951,666.5155939949332,668.1721801757812,6562006,0.0,0.0,663.3041687011719,571.2448698969692,61.72462791943677,38.03029979137398,-9.307670040508029,47.337969831882006,25.677006851006773,891797790.0,-0.010097485913037774
2021-05-20 00:00:00+05:30,660.741211816336,665.8529864226189,646.731237791704,657.4280395507812,10104850,0.0,0.0,666.8019348144531,574.624602040256,57.731282034615646,33.98750436251896,-10.680372375490435,44.6678767380094,25.374430817651902,881692940.0,-0.00501432664756452
2021-05-21 00:00:00+05:30,663.9123010295297,668.219470762805,657.9012836352266,660.9304809570312,7340528,0.0,0.0,669.5211029052734,578.0091463115021,58.669984363283575,30.712147094683587,-11.164583714660651,41.87673080934424,24.33278798866963,889033468.0,-0.0044912860747940596
2021-05-24 00:00:00+05:30,659.794522949066,659.794522949066,636.0343702693576,645.0745849609375,22332409,0.0,0.0,671.7006927490235,580.6391635134408,52.938286456043,26.531130214558175,-12.276480475828848,38.80761069038702,24.37302532431309,866701059.0,-0.022309882055909214
2021-05-25 00:00:00+05:30,652.2216117932326,676.360437773969,651.3223106424442,663.3917236328125,22058890,0.0,0.0,673.8305908203125,583.8843619494946,58.03830621285832,24.41425192373117,-11.514687013324682,35.928938937055854,24.866798716368017,888759949.0,0.017126252239432205
2021-05-26 00:00:00+05:30,649.6657284153073,654.1148569427041,637.5963153530505,645.7846069335938,18721303,0.0,0.0,674.6020874023437,586.3118225371063,52.184226087675675,21.072947635268292,-11.88479304143005,32.95774067669834,24.93312797089661,870038646.0,-0.00597402835328952
2021-05-27 00:00:00+05:30,648.3404248767861,657.2859426741899,641.8087201011866,645.4531860351562,15110958,0.0,0.0,675.5108367919922,588.6310916938926,52.07774501081103,18.18853095428642,-11.815367777929538,30.00389873221596,24.257706156757113,854927688.0,-0.004453275981022669
2021-05-28 00:00:00+05:30,660.5519084196761,670.964736048977,649.5711314850884,652.9789428710938,12698590,0.0,0.0,673.7737884521484,591.1545368380965,54.35534819249451,16.321728903913595,-10.945735862641893,27.267464766555488,24.34726643226218,867626278.0,-0.011464603238676822
2021-05-31 00:00:00+05:30,656.9547843610575,676.0765345967361,649.3344990661888,672.9526977539062,11685565,0.0,0.0,673.4448425292969,594.3623078544028,59.814270233280396,16.26648006417156,-8.800787761907145,25.067267826078705,24.51832136785491,879311843.0,0.02435162019317366
2021-06-01 00:00:00+05:30,678.2536937914107,678.6796846381242,650.8016950196718,657.4280395507812,14156453,0.0,0.0,672.0840759277344,596.8354738032805,54.37132544826812,14.799386671370257,-8.214304923766758,23.013691595137015,24.758297671470228,865155390.0,-0.03070481507327276
2021-06-02 00:00:00+05:30,659.7945454858232,671.2013119405887,659.3685546686047,668.3614501953125,9653111,0.0,0.0,671.6415283203125,599.6404140539485,57.317111606005476,14.353481452968708,-6.928168113734646,21.281649566703354,23.973653008490633,874808501.0,0.012984200563800221
2021-06-03 00:00:00+05:30,672.1006291211125,682.3714395679538,665.5216043651335,675.9817504882812,8329454,0.0,0.0,671.4711364746094,602.634191953334,59.28983994293617,14.448440277272994,-5.466567431544288,19.91500770881728,23.464808879511963,883137955.0,0.005774613501320388
2021-06-04 00:00:00+05:30,670.254795170388,687.2466488001454,665.5216915285137,682.702880859375,9653847,0.0,0.0,671.064096069336,605.7741405378846,61.00187300873366,14.894342174609847,-4.016532427365949,18.910874601975795,23.340533764662872,892791802.0,0.018572169537142285
2021-06-07 00:00:00+05:30,684.0280292353513,691.7430103127456,674.7511588187431,677.543701171875,6872666,0.0,0.0,669.1140594482422,608.5886331117666,58.95243811010629,14.662400926231385,-3.398778940595527,18.06117986682691,22.887056459614,885919136.0,-0.009479623328776216
2021-06-08 00:00:00+05:30,676.1710783038512,676.1710783038512,655.0614506266563,669.7340698242188,8230750,0.0,0.0,666.6930725097657,610.9864933750001,55.8913881594999,13.69059715203366,-3.4964661718346015,17.187063323868262,22.858141751442805,877688386.0,-0.009519792676994506
2021-06-09 00:00:00+05:30,667.3676043903682,675.2718642534961,656.5287856430676,660.5992431640625,6922786,0.0,0.0,664.9702270507812,612.9320914059438,52.46013686726266,12.044490106458511,-4.114058573927803,16.158548680386314,22.56420866994083,870765600.0,-0.010141878601507096
2021-06-10 00:00:00+05:30,663.8650847833528,680.6202827143643,662.6344894298401,668.1248779296875,8543092,0.0,0.0,664.8708312988281,615.0965144068749,54.91575022045373,11.217881489588308,-3.9525337526384057,15.170415242226714,22.382553732823208,879308692.0,0.006416654895662779
2021-06-11 00:00:00+05:30,675.887120188254,694.9141714692533,667.130879485535,692.1690063476562,11372473,0.0,0.0,666.0115112304687,618.1189650712193,61.719259404975794,12.360464680771884,-2.2479604491638643,14.608425129935748,22.768320750745364,890681165.0,0.024089652951024217
2021-06-14 00:00:00+05:30,693.5416267905932,697.8487390961399,676.5024554724532,690.2284545898438,10470356,0.0,0.0,666.7096435546875,620.9467881895969,60.92021587926966,12.959989095682658,-1.318748827402473,14.278737923085131,22.666746670240908,880210809.0,-0.004777178575540428
2021-06-15 00:00:00+05:30,689.13975393008,693.3049074218292,678.7269279778399,686.39453125,5124845,0.0,0.0,667.0717224121094,623.5133663488284,59.28711531763635,12.976169734435075,-1.0420545509200458,14.01822428535512,22.08897758265012,875085964.0,-0.0039835500193166175
2021-06-16 00:00:00+05:30,681.566791615393,689.9917375670475,665.9948721126425,667.7461547851562,9016464,0.0,0.0,667.0504211425781,625.2479855031942,51.98701743871594,11.353350519915239,-2.131899012351905,13.485249532267144,22.225255287775774,866069500.0,-0.020277743869357517
2021-06-17 00:00:00+05:30,664.6223289396927,673.0472757555045,656.4340950612711,659.1792602539062,5639158,0.0,0.0,667.1379821777343,626.5786237287123,49.00198463035152,9.269129058525891,-3.372896378993003,12.642025437518894,21.82439281680763,860430342.0,-0.008189716849372274
2021-06-18 00:00:00+05:30,658.3745854915442,659.2265670882957,621.0777131091356,634.8037109375,13505600,0.0,0.0,665.8316436767578,626.9011761682725,41.67040432722909,5.58607265118826,-5.644762229064508,11.230834880252768,22.99042575697791,846924742.0,-0.0358016166988677
2021-06-21 00:00:00+05:30,621.8351313900962,640.1995374311001,611.6589593486867,637.0283813476562,8187341,0.0,0.0,665.4293334960937,627.2983214694248,42.51573928042873,2.8142947846976085,-6.7332320764441285,9.547526861141737,23.38686520879544,855112083.0,0.02443292311837696
2021-06-22 00:00:00+05:30,639.9154707602509,646.0685041329455,637.3122643333415,639.2055053710938,5398107,0.0,0.0,664.2200225830078,627.7652698577256,43.380523753421706,0.7842759249610936,-7.0106007489445155,7.794876673905609,22.36209789282901,860510190.0,-0.0011094674556213363
2021-06-23 00:00:00+05:30,642.7554536356593,648.4351778209523,628.698159387916,629.97607421875,6059813,0.0,0.0,663.4295959472656,627.8519680679618,40.59259184356306,-1.5513832271557249,-7.477007920849068,5.925624693693343,22.174592217129238,854450377.0,-0.019882179675994066
2021-06-24 00:00:00+05:30,633.8571747588281,645.1219837935929,629.4081038509294,642.7554321289062,6985183,0.0,0.0,663.2947082519531,628.4364176389793,45.78780254036847,-2.3442000717117253,-6.615859812324055,4.271659740612329,21.713112768952456,861435560.0,0.014038268752678785
2021-06-25 00:00:00+05:30,648.4350926742941,664.8589365092782,648.4350926742941,652.6948852539062,9066409,0.0,0.0,663.2805053710938,629.3877300944666,49.487764740447325,-2.1457474918427124,-5.133925785964033,2.988178294121321,21.74099788405389,870501969.0,0.006569343065693456
2021-06-28 00:00:00+05:30,655.913430753736,663.9123285276722,646.3052086421957,658.2326049804688,5669654,0.0,0.0,662.5445007324219,630.5189016586236,51.474866815199086,-1.52405631869442,-3.609787690252593,2.085731371558173,21.445720884155147,876171623.0,0.0035357931671985187
2021-06-29 00:00:00+05:30,657.9012721011061,659.321202904202,647.1097748867242,649.2870483398438,4377422,0.0,0.0,662.137451171875,631.2549074108283,48.177772378013884,-1.7332138344976329,-3.055156164844645,1.321942330347012,20.786128536534584,871794201.0,-0.01309349005170871
2021-06-30 00:00:00+05:30,650.3756188094691,660.741125092347,646.2105231743063,647.393798828125,6112824,0.0,0.0,661.0890686035157,631.8878051134675,47.48454830900264,-2.028360409529,-2.6802421919008097,0.6518817823718096,20.339305206641686,865681377.0,-0.004584765933880455
2021-07-01 00:00:00+05:30,651.0855324260758,653.1681089666121,643.3232331988733,644.2225341796875,4133198,0.0,0.0,659.501107788086,632.3715199788094,46.283225153425626,-2.4894637618132265,-2.513076435348029,0.023612673534802453,19.58970310386217,861548179.0,-0.010540855086758573
2021-07-02 00:00:00+05:30,644.6959819997396,646.4945843452401,631.8692837502008,635.4664306640625,5499982,0.0,0.0,657.1392852783204,632.4928890252899,43.045095061442986,-3.5208497027488193,-2.835569901026897,-0.6852798017219219,19.235102924660215,856048197.0,-0.014316129762510049
2021-07-05 00:00:00+05:30,643.3045818055265,645.2163339059887,635.1318532444594,643.0656127929688,5427717,6.5,0.0,655.415380859375,632.9075056436302,46.54079255896392,-3.682589404563373,-2.397847682273161,-1.2847417222902122,18.581487048721733,861475914.0,-0.00037147102525996465
2021-07-06 00:00:00+05:30,643.0656242831327,651.6207267539706,639.9112449294172,643.447998046875,4790854,0.0,0.0,654.1010772705079,633.3208582868948,46.71800823241634,-3.736838046362209,-1.9616770592575974,-1.7751609871046115,18.090629532709325,866266768.0,0.0005946107975660349
2021-07-07 00:00:00+05:30,642.1575589980813,663.3780203074496,639.4811175586221,659.9368896484375,8536360,0.0,0.0,654.0679595947265,634.3646242226416,53.82607384457389,-2.421402318343553,-0.5169930649911532,-1.9044092533523997,18.505363333860924,874803128.0,0.02768686656604368
2021-07-08 00:00:00+05:30,657.642774679667,660.9405589827351,637.2348427266452,638.7642211914062,7099529,0.0,0.0,652.5999267578125,634.537157437103,45.442943013775135,-3.0521837494500232,-0.9182195968780986,-2.1339641525719246,18.876817114020387,867703599.0,-0.02870639534883717
2021-07-09 00:00:00+05:30,641.3928745897892,653.4368903287245,640.4369984726658,651.4773559570312,7814242,0.0,0.0,650.5653442382812,635.2014789476884,50.43469564580716,-2.4974498039201762,-0.2907885210786012,-2.206661282841575,18.576520829970043,875517841.0,0.01572278359607855
2021-07-12 00:00:00+05:30,654.7751257287283,672.6978025278723,650.808216593699,663.8081665039062,11632489,0.0,0.0,649.2443298339844,636.323309832246,54.75847037323397,-1.0507138222993717,0.9247579684337628,-1.9754717907331345,18.81316833741328,887150330.0,0.013795638258439744
2021-07-13 00:00:00+05:30,667.2015359208502,672.4588546136363,663.3780314170058,670.4515380859375,6832695,0.0,0.0,648.4471801757812,637.6616717245477,56.93799189752782,0.6246982988737955,2.080136071685544,-1.4554377728117485,18.118000827356987,893983025.0,0.004871095149086726
2021-07-14 00:00:00+05:30,672.9367358950321,674.7050832420297,663.5691623194475,669.49560546875,5996797,0.0,0.0,648.5346527099609,638.9100612831439,56.51608235238687,1.8539673212268326,2.647524075230865,-0.7935567540040322,17.61928083415853,887986228.0,-0.005113601684570401
2021-07-15 00:00:00+05:30,669.1132414776463,676.7124678171227,665.3375193751849,668.2529296875,4735495,0.0,0.0,648.9883361816406,640.0607620048834,55.935822569768305,2.6968111673440944,2.792294337078501,-0.09548316973440685,17.173257091856843,883250733.0,-0.0012857491629464713
2021-07-16 00:00:00+05:30,672.4588180536377,675.8043843126111,669.7823767148682,672.5543823242188,3590287,0.0,0.0,650.8758697509766,641.3350216252495,57.56012362370757,3.6695618421048266,3.0120360094713865,0.6575258326334399,16.48598548708899,886841020.0,0.00014211170708952657
2021-07-19 00:00:00+05:30,666.2456733993522,680.9183488956456,663.3780449629131,667.5839233398438,5377227,0.0,0.0,652.4036468505859,642.3643903199395,55.035537984460056,3.99336621996315,2.668672309863768,1.324693910099382,16.56129394749213,881463793.0,0.002008643348726701
2021-07-20 00:00:00+05:30,666.8669543280718,667.2014876111162,645.5987120653965,651.907470703125,5829609,0.0,0.0,653.0387451171875,642.7386287663389,47.899811751231994,2.9510074313678842,1.3010508170148016,1.6499566143530826,16.948716613703354,875634184.0,-0.022432486012175814
2021-07-22 00:00:00+05:30,659.4588624805775,690.7159603786242,658.6463328916861,684.9329223632812,9472817,0.0,0.0,655.786587524414,644.3933069466112,59.7420179731325,4.73522381283567,2.46821375878607,2.2670100540496003,18.51012897526075,885107001.0,0.03862873233196406
2021-07-23 00:00:00+05:30,694.8263929745108,694.9219572521685,680.5838150805281,685.888916015625,8731309,0.0,0.0,657.94326171875,646.0205857336314,60.02526790575877,6.15541307755916,3.1107224188076477,3.0446906587515126,18.212129917859194,893838310.0,-0.012862892154434391
2021-07-26 00:00:00+05:30,697.3115826371676,697.3115826371676,670.0691150495605,673.4624633789062,14645713,0.0,0.0,658.981640625,647.096737798152,54.643407478236846,6.20666584582284,2.529580149657062,3.6770856961657783,18.857154037127096,879192597.0,-0.03420152461553297
2021-07-27 00:00:00+05:30,678.5285874510269,686.2234362896857,672.2676110224286,679.2933349609375,6840353,0.0,0.0,660.0346771240235,648.3593494515947,56.60932685144356,6.641230666865795,2.3713159765600134,4.269914690305781,18.50705912499342,886032950.0,0.0011270674869919828
2021-07-28 00:00:00+05:30,680.5838245590681,693.3925884142753,670.4993427596438,689.8558349609375,8329455,0.0,0.0,662.0631164550781,649.9866626088237,59.992215575053095,7.748610732733027,2.782956833941796,4.965653898791231,18.820358162824796,894362405.0,0.013623612650324796
2021-07-29 00:00:00+05:30,693.4880998575575,724.6496369002791,691.1461917802563,715.377685546875,18513875,0.0,0.0,665.4623107910156,652.5510164495316,66.73977387293105,10.5638440421028,4.478552114649256,6.085291927453545,19.961318432576277,912876280.0,0.031564471969762205
2021-07-30 00:00:00+05:30,713.2269943863864,724.4106983812189,701.1829201997265,704.4329223632812,9971622,0.0,0.0,668.4728302001953,654.5856009951689,61.91706139277051,11.776038955970876,4.552597622813864,7.2234413331570115,20.194636986070343,902904658.0,-0.012329976420299421
2021-08-02 00:00:00+05:30,708.6865539562032,718.2930969583157,701.135109535094,713.752685546875,6971560,0.0,0.0,672.3871429443359,656.905878820726,64.28382444324788,13.33502133383547,4.8892640005427666,8.445757333292704,19.977733445866825,909876218.0,0.007148621012195636
2021-08-03 00:00:00+05:30,713.0835762826101,713.0835762826101,696.2601801253622,707.6350708007812,6939253,0.0,0.0,675.6156158447266,658.8952588983752,61.578523823878086,13.916465367131195,4.376566427070792,9.539898940060404,19.800217158412927,902936965.0,-0.007640767033553885
2021-08-04 00:00:00+05:30,708.3041560101883,720.7305447121215,703.9071494986298,714.2783813476562,6680733,0.0,0.0,679.1571350097656,661.0671460532491,63.38075431625024,14.743371187644811,4.162777798067527,10.580593389577285,19.587587019489945,909617698.0,0.008434547908232249
2021-08-05 00:00:00+05:30,714.2783710518471,731.6275445185955,707.8262077803851,729.5723876953125,8613347,0.0,0.0,682.6389099121094,663.7536261176438,67.19570076907381,16.44325094156227,4.6901260415879875,11.753124899974281,19.888569142255744,918231045.0,0.02141184342589488
2021-08-06 00:00:00+05:30,733.6349049863069,742.2377898656251,722.3555787018323,723.9327392578125,8973665,0.0,0.0,686.8973358154296,666.1135913388268,64.52619680536617,17.1377916034171,4.307733362754254,12.830058240662845,19.888115000936963,909257380.0,-0.01322478751017915
2021-08-09 00:00:00+05:30,728.2341655109514,728.8555082974658,709.6902046329383,714.3739624023438,5119564,0.0,0.0,690.0421661376953,668.0061549099452,60.16348015414837,16.724121414366664,3.1152505389630534,13.60887087540361,19.836485619764854,904137816.0,-0.01903261857933137
2021-08-10 00:00:00+05:30,715.8556354100059,716.9070757843374,687.8484189757268,690.2859497070312,6382357,0.0,0.0,691.3660552978515,668.8798723529682,50.83579478915185,14.287881690391941,0.543208651990664,13.744673038401277,20.495212133253926,897755459.0,-0.03571905344899552
2021-08-11 00:00:00+05:30,694.9219147587103,718.8188169168502,694.9219147587103,716.0467529296875,11909486,0.0,0.0,693.6458160400391,670.7295539442121,58.28451043195363,14.271314851018133,0.42131345009348387,13.850001400924649,21.06933035300864,909664945.0,0.03039886600541611
2021-08-12 00:00:00+05:30,719.8225027607115,721.017347914468,708.6865809329291,715.8556518554688,3506281,0.0,0.0,695.963818359375,672.4992048426927,58.21404946568991,14.080454536744696,0.18436250865603654,13.89609202808866,20.445147255046447,906158664.0,-0.0055108737084889545
2021-08-13 00:00:00+05:30,713.9438029860872,724.1238473131225,700.0836010783158,715.9989013671875,5611264,0.0,0.0,698.3511169433593,674.2050752946337,58.254789070025744,13.781886393599166,-0.09136450759159587,13.873250901190762,20.70194003931506,911769928.0,0.002878515609358561
2021-08-16 00:00:00+05:30,712.1276699323994,736.5980739113792,706.5836004120729,728.0430297851562,9095337,0.0,0.0,701.1255493164062,676.3163676275954,61.64104801090473,14.35169212227072,0.3827529768639657,13.968939145406754,21.367121000743072,920865265.0,0.022349026059144243
2021-08-17 00:00:00+05:30,725.1275648982444,728.8077227807521,703.3813842597687,711.4107666015625,6482187,0.0,0.0,703.3168914794921,677.692618567751,55.00545254842915,13.307778839521461,-0.5289282447082364,13.836707084229698,21.657065109331697,914383078.0,-0.018916393419145115
2021-08-18 00:00:00+05:30,714.9953086233583,715.8556204331192,700.5616031363628,704.9108276367188,5905871,0.0,0.0,705.9670593261719,678.7599993155537,52.62140485419029,11.819728813510778,-1.6135826165751368,13.433311430085915,21.202561694147708,908477207.0,-0.014104261755305809
2021-08-20 00:00:00+05:30,690.1424866932477,690.1424866932477,651.429507869042,654.3927001953125,13126219,0.0,0.0,704.4400482177734,677.8044189578972,38.61355131891198,6.489243797082281,-5.555254106402909,12.04449790348519,23.508187270828536,895350988.0,-0.05180058783111145
2021-08-23 00:00:00+05:30,665.2897632840446,669.7823926068146,634.7017281905253,654.0104370117188,11781361,0.0,0.0,702.8461242675781,676.8713216266746,38.529970284946295,2.208492447091544,-7.868804365114919,10.077296812206463,24.334792781218653,883569627.0,-0.016954005449667773
2021-08-24 00:00:00+05:30,659.6500592700027,666.2456275568095,652.8633624408908,661.1317138671875,8283854,0.0,0.0,702.2295867919922,676.2540821066947,41.08826112927967,-0.6024615104090572,-8.543806658092414,7.941345147683358,23.552469376554317,891853481.0,0.002246122131520015
2021-08-25 00:00:00+05:30,665.2897601416897,670.0691406024777,649.9957426671681,653.6758422851562,5539409,0.0,0.0,700.9487121582031,675.3686609372226,39.246583623458235,-3.3926805889501566,-9.067220589306812,5.6745400003566555,23.303964273608248,886314072.0,-0.01745693162940011
2021-08-26 00:00:00+05:30,652.8633302052815,654.7750822703043,639.7678168914669,642.3486938476562,5659963,0.0,0.0,698.573355102539,674.0737602670436,36.56513282352444,-6.443676829670949,-9.694573464022085,3.250896634351135,22.71134292398173,880654109.0,-0.016105417276720237
2021-08-27 00:00:00+05:30,643.2090116126622,651.3339579647868,642.1097308282043,647.6060180664062,4978277,0.0,0.0,695.1847717285157,673.0358095925088,38.65992587088234,-8.341238598202494,-9.273708186042903,0.9324695878404092,21.747977510596016,885632386.0,0.0068360460975505685
2021-08-30 00:00:00+05:30,652.9111475728541,663.3780023621064,652.9111475728541,656.2567138671875,5891576,0.0,0.0,692.7759613037109,672.3778058385747,42.05094625740355,-9.04279144587042,-7.9802088269686635,-1.0625826189017569,21.321120852389143,891523962.0,0.005124075927896539
2021-08-31 00:00:00+05:30,657.8817187717198,661.896410017087,650.4258969400646,657.2603759765625,5399215,0.0,0.0,689.9513458251953,671.7849654518292,42.448470979248164,-9.409325144624518,-6.677394020578209,-2.731931124046309,20.617506011291482,896923177.0,-0.0009444597371049046
2021-09-01 00:00:00+05:30,657.6426873183445,658.5985633173538,645.2162993312246,646.7935180664062,4316801,0.0,0.0,686.9092681884765,670.8049086916166,39.41206091557324,-10.424229669021315,-6.153838835980005,-4.2703908330413105,20.100703009494147,892606376.0,-0.016497057537699866
2021-09-02 00:00:00+05:30,650.9994324577146,658.5986594272077,648.0840219036965,654.8229370117188,3635439,0.0,0.0,683.9364959716797,670.1781647041696,42.792725627934544,-10.460064697694406,-4.951739091722477,-5.50832560597193,19.50816289173036,896241815.0,0.005873284005132304
2021-09-03 00:00:00+05:30,655.8265431482126,664.572832456956,652.2898483905782,660.414794921875,4145359,0.0,0.0,680.4786163330078,669.7952874578051,45.0905645996679,-9.92286342307898,-3.5316302536856394,-6.39123316939334,18.992078689919445,900387174.0,0.006996136130198451
2021-09-06 00:00:00+05:30,666.2455884290183,666.2455884290183,651.5250743292073,656.352294921875,5179490,0.0,0.0,677.0995941162109,669.2681112799255,43.71671931443496,-9.712972242989167,-2.657391258876662,-7.055580984112505,18.686966933483113,895207684.0,-0.014849319348547314
2021-09-07 00:00:00+05:30,659.0287134065177,667.0102545914408,652.3853636032486,653.6279907226562,3555927,0.0,0.0,674.0622955322266,668.6547732188562,42.77549294353958,-9.655161855756774,-2.0796646973154136,-7.57549715844136,18.396818651676607,891651757.0,-0.008194973259882882
2021-09-08 00:00:00+05:30,653.8192696622176,660.9883406014964,651.6207662425819,656.7346801757812,3288571,0.0,0.0,672.384732055664,668.187318589716,44.249574909762856,-9.252011403906522,-1.3412113963721293,-7.910800007534393,17.751872630765003,894940328.0,0.00445904648094852
2021-09-09 00:00:00+05:30,653.6758392326892,660.9883146403665,652.9111500309434,658.5508422851562,2381494,0.0,0.0,669.5099365234375,667.8094175581647,45.13927284686643,-8.685837731721563,-0.6200301793497349,-8.065807552371828,17.06082205781199,897321822.0,0.007457829645638287
2021-09-13 00:00:00+05:30,662.6611560773663,669.1133202367924,657.1648680897068,663.7604370117188,3778975,0.0,0.0,666.90517578125,667.6506340073237,47.71672830377736,-7.727690258440816,0.2704938351448103,-7.9981840935856265,16.695652778474383,901100797.0,0.0016588884443743102
2021-09-14 00:00:00+05:30,665.6721162147859,671.0249988517138,661.7052072009955,663.04345703125,3185808,0.0,0.0,664.2574035644532,667.4699604004188,47.38675835985519,-6.946135054073807,0.8416392316094568,-7.7877742856832635,16.168805555063223,897914989.0,-0.003948879815611391
2021-09-15 00:00:00+05:30,666.2456050571259,667.2014811045536,656.7346267168112,665.9110717773438,2871538,0.0,0.0,661.1508056640625,667.4088275132394,48.908533726893424,-6.0258916514873135,1.4095061073567603,-7.435397758844074,15.76152332882601,900786527.0,-0.0005021170529949714
2021-09-16 00:00:00+05:30,669.1610722210447,670.0213840736853,657.6427765387397,659.02880859375,3372499,0.0,0.0,658.5317077636719,667.0801993203183,45.5066059486283,-5.785244548419996,1.3201225683392632,-7.105367116759259,15.51988648640598,897414028.0,-0.015141740976749044
2021-09-17 00:00:00+05:30,661.4662231725525,661.4662231725525,639.1943229913652,652.1942138671875,7804735,0.0,0.0,655.8958770751954,666.4964351849015,42.35581449875808,-6.075984493737792,0.8235060984171749,-6.899490592154967,16.00217317889037,889609293.0,-0.014017358680680965
2021-09-20 00:00:00+05:30,640.3413412257745,640.3413412257745,600.3856786575936,605.2606811523438,10340874,0.0,0.0,653.4392761230469,664.0950330659778,28.012440531615702,-9.978515727364993,-2.46322010816802,-7.515295619196973,18.559770466797808,879268419.0,-0.05478431238919782
2021-09-21 00:00:00+05:30,605.308560058474,642.34876014101,600.9593353300958,639.433349609375,14289169,0.0,0.0,652.7104217529297,663.1279082245424,43.1168088646223,-10.19631433004622,-2.1448149686793982,-8.051499361366822,20.19046006280615,893557588.0,0.056375858202970905
2021-09-22 00:00:00+05:30,642.1575168570158,653.2457140100464,636.8046343293761,648.6096801757812,8147214,0.0,0.0,652.0843200683594,662.5585659481203,46.370834690546964,-9.518741972660905,-1.1737940890352654,-8.34494788362564,19.92264717836787,901704802.0,0.010047633406745719
2021-09-23 00:00:00+05:30,655.0618560893834,656.9258260857183,644.3560324862198,647.3670654296875,4039612,0.0,0.0,651.7688812255859,661.9628208297504,45.98719275027643,-8.978530709752249,-0.5068662609012868,-8.471664448850962,19.39744335130577,897665190.0,-0.011746662682563368
2021-09-24 00:00:00+05:30,647.3670056819224,649.0397886423408,622.0362922813008,630.065673828125,7363339,0.0,0.0,651.1547302246094,660.7119523198828,40.91191109449978,-9.833136820022446,-1.089177896937187,-8.743958923085259,19.940732852001076,890301851.0,-0.02672569300249171
2021-09-27 00:00:00+05:30,631.3083168483182,634.4626959848061,617.7826480905073,620.0289916992188,5889365,0.0,0.0,649.77587890625,659.1165420994647,38.273086327523934,-11.191288480004118,-1.9578636455350864,-9.233424834469032,19.70782678359377,884412486.0,-0.017866587288773987
2021-09-28 00:00:00+05:30,621.3194418661011,638.4296467558471,619.5032540069053,631.690673828125,4735779,0.0,0.0,648.5475769042969,658.0410178535298,42.882892877008395,-11.197554727769443,-1.5713039146403283,-9.626250813129115,19.65201006683291,889148265.0,0.016692270132211598
2021-09-29 00:00:00+05:30,629.826789812159,654.1060079082715,624.7605997748553,649.8045654296875,7345149,0.0,0.0,648.1747863769531,657.7180197192615,49.22577563496506,-9.62987391403908,-0.0028984807279712754,-9.62697543331111,20.34439564301744,896493414.0,0.03171947579982549
2021-09-30 00:00:00+05:30,653.054527123875,653.054527123875,636.9479807231208,638.8119506835938,4934499,0.0,0.0,647.7757080078125,656.9766052472745,45.894897013714704,-9.168795547824288,0.36654390838945794,-9.535339456213746,20.041692125712917,891558915.0,-0.02180916883465635
2021-10-01 00:00:00+05:30,630.8782164644743,656.4001196171283,629.8267761071854,644.4994506835938,5193048,0.0,0.0,647.2595336914062,656.4873050683067,47.86068486523013,-8.249360411355951,1.0287832358862374,-9.278143647242189,20.508238653157917,896751963.0,0.0215909090909092
2021-10-04 00:00:00+05:30,644.7383718690081,656.4956351805683,632.8854859507596,651.094970703125,5617530,0.0,0.0,646.7935424804688,656.2758409755545,50.12378725949606,-6.9088570930621245,1.8954292433440525,-8.804286336406177,20.72980369434726,902369493.0,0.009859191125370701
2021-10-05 00:00:00+05:30,651.0950132608737,660.3669645352122,647.2715089524302,649.3743896484375,4186464,0.0,0.0,646.4446472167969,656.0051958254714,49.51993633366018,-5.917126120492981,2.3097281727305568,-8.226854293223537,20.184493114949742,898183029.0,-0.0026426613280583614
2021-10-06 00:00:00+05:30,649.995744898322,653.8192492800767,626.6245626964362,630.1613159179688,5994344,0.0,0.0,645.2713134765625,654.9917103389026,43.253589751352244,-6.605364133355238,1.2971921278946397,-7.902556261249877,20.685221219856228,892188685.0,-0.030514705882352944
2021-10-07 00:00:00+05:30,636.6134400048348,640.436944149008,629.9223077525318,637.13916015625,3042177,0.0,0.0,644.291537475586,654.2916103317398,45.92968952809141,-6.512669997548414,1.1119090109611705,-7.624579008509585,19.958750875329084,895230862.0,0.0008258074969500563
2021-10-08 00:00:00+05:30,640.4847841559916,652.8633916096801,635.1796833449962,636.4700927734375,3826818,0.0,0.0,643.1875,653.5927272902378,45.70711218065832,-6.41920082199772,0.964302549209493,-7.383503371207213,19.79624783171157,891404044.0,-0.006268207273408615
2021-10-11 00:00:00+05:30,641.4406723419592,648.0840231860968,637.2826344680718,642.7311401367188,2257738,0.0,0.0,642.13603515625,653.1667826959822,48.23515366265757,-5.7733599310111,1.2881147521568899,-7.06147468316799,19.211796587493552,893661782.0,0.0020118272046079893
2021-10-12 00:00:00+05:30,642.7311359658202,650.9516473830299,636.0400030264939,644.0215454101562,2930894,0.0,0.0,641.1849395751954,652.8081459396753,48.764664268772115,-5.098627644966427,1.5702776305612511,-6.6689052755276785,18.904642856710872,896592676.0,0.0020076971102341535
2021-10-13 00:00:00+05:30,644.0692994579022,661.4662560098064,641.3928580673123,651.3817749023438,5601758,0.0,0.0,640.4584747314453,652.7522098205643,51.793628124902035,-3.924746405583619,2.195327095955248,-6.120073501538867,18.98812536283825,902194434.0,0.011353553803288443
2021-10-14 00:00:00+05:30,659.5545239486686,668.1574090436512,652.815608959342,662.2787475585938,4751065,0.0,0.0,640.6209716796875,653.1257995357812,55.94611184238587,-2.091038255077706,3.223228197168929,-5.314266452246635,18.830090275586052,906945499.0,0.004130399399909477
2021-10-18 00:00:00+05:30,664.8117923198195,695.2086390205986,664.8117923198195,684.216064453125,9493244,0.0,0.0,642.2220642089844,654.3450256109712,62.87861389639459,1.1194425638861958,5.146967212906265,-4.027524649020069,19.837218931758827,916438743.0,0.029187617243664612
2021-10-19 00:00:00+05:30,690.6205110078192,690.6205110078192,658.0729401159299,661.0361328125,4164143,0.0,0.0,645.0108367919922,654.6074219718155,53.329061269501814,1.7729080026954307,4.6403461213724,-2.8674381186769695,20.745101214625297,912274600.0,-0.042837387137759475
2021-10-20 00:00:00+05:30,661.4662458627671,665.0029990191708,645.5987263075017,654.9185180664062,3256699,0.0,0.0,645.7850952148438,654.6196218186622,51.12234990325964,1.7766634179977245,3.7152812293397552,-1.938617811342031,20.64932775012843,909017901.0,-0.00989880865019874
2021-10-21 00:00:00+05:30,660.844879829061,663.3301925492382,626.1943732263807,644.3560180664062,5811087,0.0,0.0,645.572412109375,654.2171275538678,47.47001773641972,0.916766225793026,2.2843072297080456,-1.3675410039150195,21.826934291037652,903206814.0,-0.024951183350198473
2021-10-22 00:00:00+05:30,646.1722410678502,659.5545064154093,629.0142534716776,638.3340454101562,10162556,0.0,0.0,645.1207611083985,653.5942615874478,45.47525457467927,-0.247775162054495,0.8958126734884198,-1.1435878355429148,22.449314194801506,893044258.0,-0.012130195572531468
2021-10-25 00:00:00+05:30,640.4369773199967,648.0839860044146,624.2348660014771,644.4994506835938,3987950,0.0,0.0,645.8424499511718,653.2376023363163,47.88962380405635,-0.6655142884179668,0.3824588376999585,-1.0479731261179253,22.54930032395407,897032208.0,0.006343283582089662
2021-10-26 00:00:00+05:30,648.7530989565528,666.6757752297997,644.7384078029364,663.7125244140625,4238644,0.0,0.0,648.0266265869141,653.6483835942672,54.63154854193164,0.5474482809746632,1.276337125674071,-0.7288888446994076,22.522659196972064,901270852.0,0.023058734488621783
2021-10-27 00:00:00+05:30,663.7125479176465,668.6353331785101,652.0030656711322,654.6795654296875,3330934,0.0,0.0,649.1760711669922,653.688822097617,51.27289357462668,0.7709584288281803,1.1998778188220705,-0.42891938999389007,22.101916933429624,897939918.0,-0.013609781096197971
2021-10-28 00:00:00+05:30,652.7678090651544,654.201623208649,634.7495096566768,637.99951171875,3080237,0.0,0.0,648.5858184814454,653.073555023936,45.687298491766214,-0.39331520923985863,0.028483344603225158,-0.4217985538430838,21.946783993399702,894859681.0,-0.022624120156222925
2021-10-29 00:00:00+05:30,640.4369830619352,654.5839375865357,633.7458504030792,639.62451171875,3612552,0.0,0.0,648.6264465332031,652.5461415609876,46.30104363849169,-1.171383555768898,-0.5996680015406515,-0.5717155542282466,21.86759136411805,898472233.0,-0.0012686202775185357
2021-11-01 00:00:00+05:30,649.9957396318861,660.2714075745961,642.8266689741815,658.5508422851562,3234840,0.0,0.0,649.3290161132812,652.781620020759,52.967330986950394,-0.25783941107681585,0.2511009145211446,-0.5089403255979604,21.780398827812906,901707073.0,0.013161782657398983
2021-11-02 00:00:00+05:30,662.8045567655096,662.8045567655096,641.8708453956804,643.1612548828125,3204544,0.0,0.0,648.9323303222657,652.404350799663,47.773902647388496,-0.7668207496266177,-0.2063043392229258,-0.5605164104036919,21.719921152242645,898502529.0,-0.029636642781329856
2021-11-03 00:00:00+05:30,647.5582996997948,653.3891207898574,643.8303594343126,650.2347412109375,2265795,0.0,0.0,648.9753479003906,652.3192680706934,50.19127050572398,-0.5925898889860264,-0.025658782865867535,-0.5669311061201588,20.89906006329995,900768324.0,0.004133128264101426
2021-11-04 00:00:00+05:30,650.2347412109375,650.2347412109375,650.2347412109375,650.2347412109375,0,0.0,0.0,649.9790191650391,652.2375219193304,50.191270505723985,-0.4493310678119542,0.09408003064656378,-0.543411098458518,19.40627005877852,900768324.0,0.0
2021-11-08 00:00:00+05:30,652.8634227424022,657.5950214424008,638.5730623624269,655.587646484375,2919045,0.0,0.0,650.9014434814453,652.3688993532538,52.13570037664376,0.09504171780156412,0.5107622530080658,-0.4157205352065016,19.378819274578195,903687369.0,0.004172731458180727
2021-11-09 00:00:00+05:30,655.7309353203261,660.844848578209,645.3597040678924,646.7935180664062,2494969,0.0,0.0,651.4176147460937,652.1502569498481,48.76744688727694,-0.181064397670184,0.18772491002905406,-0.36878930769923807,19.100699648559512,901192400.0,-0.013629702020317108
2021-11-10 00:00:00+05:30,645.2163790194606,646.2200372739702,623.4224152187685,633.17236328125,6871348,0.0,0.0,650.9396759033203,651.4060258255893,44.02330165946143,-1.48191128698204,-0.8904975834262416,-0.5914137035557985,19.405728448493672,894321052.0,-0.018666630497685154
2021-11-11 00:00:00+05:30,633.1723407759539,640.293570921341,631.1171838604909,637.9517211914062,3868489,0.0,0.0,650.6361846923828,650.8784060360135,46.00801399061582,-2.102946124384971,-1.209225936663338,-0.893720187721633,18.675061206519135,898189541.0,0.007548308900536009
2021-11-12 00:00:00+05:30,642.3965419520702,645.9332953039793,634.0804079467833,641.7274169921875,2542949,0.0,0.0,650.153466796875,650.5195437205693,47.58898881230875,-2.264351575571368,-1.0965051102797878,-1.16784646529158,18.187763074424623,900732490.0,-0.001041607350265867
2021-11-15 00:00:00+05:30,645.2163384885204,645.2641206229625,629.014227653622,632.31201171875,3143670,0.0,0.0,648.6551300048828,649.8055228577529,44.11959297601636,-3.11609072209626,-1.5585954054437439,-1.557495316652516,18.04934378120433,897588820.0,-0.019999999999999934
2021-11-16 00:00:00+05:30,628.9664436085297,644.2604604743907,626.7679403524711,635.56201171875,2795558,0.0,0.0,646.2224273681641,649.2469537934783,45.594019197985155,-3.488637452597459,-1.5449137087559541,-1.9437237438415047,18.009570662683988,900384378.0,0.010486359291888318
2021-11-17 00:00:00+05:30,631.1649773814768,642.061988262092,629.5399763425012,633.12451171875,2882577,0.0,0.0,644.8268463134766,648.6147011630968,44.64262788124624,-3.935206686436345,-1.593186354075872,-2.342020332360473,17.617602181034474,897501801.0,0.0031046309720839933
2021-11-18 00:00:00+05:30,633.7458223215014,637.4737622602103,614.628301286162,621.8451538085938,4010171,0.0,0.0,643.1731781005859,647.564914992332,40.43766810594768,-5.14001504553687,-2.2383957705411177,-2.9016192749957526,17.991020666249742,893491630.0,-0.01877829895479824
2021-11-22 00:00:00+05:30,626.0510857106503,634.223814988971,616.5878886460374,628.0106201171875,3944981,0.0,0.0,642.355908203125,646.798079899189,43.5667258438607,-5.53354547838569,-2.10554096271195,-3.42800451567374,17.96565678601287,897436611.0,0.0031299912279727617
2021-11-23 00:00:00+05:30,628.1061215717044,659.2677154325352,628.1061215717044,653.1500854492188,9033812,0.0,0.0,643.0967102050781,647.047178156053,54.14477349364953,-3.7733792613571495,-0.2762997965467271,-3.4970794648104224,18.915045252393927,906470423.0,0.03987218563456608
2021-11-24 00:00:00+05:30,653.1501380943997,665.2897764304337,640.4369974258485,653.1023559570312,4374307,0.0,0.0,643.52685546875,647.2846361090325,54.12403028863351,-2.3551376632174197,0.9135534412744022,-3.268691104491822,19.339169091836155,902096116.0,-7.315643767278202e-05
2021-11-25 00:00:00+05:30,653.1023034204605,657.451527727995,644.4516369389165,650.8560180664062,2850008,0.0,0.0,642.8840301513671,647.4246903034393,53.093097542987614,-1.3963355857137003,1.4978844150224973,-2.8942200007361976,18.886363498782032,899246108.0,-0.0034394081023599735
2021-11-26 00:00:00+05:30,638.7641670684543,642.8744223935277,596.7056210886384,600.9114990234375,8921840,0.0,0.0,640.1956268310547,645.6006435865766,36.463125104812555,-4.613402877869703,-1.375346301706804,-3.238056576162899,21.405223032995305,890324268.0,-0.05925922272493449
2021-11-29 00:00:00+05:30,603.8269116169932,609.6577321770989,590.8269623497742,597.9960327148438,4230776,0.0,0.0,638.1954528808594,643.7337961014106,35.75900973496685,-7.313895614257376,-3.260671230475581,-4.053224383781795,21.22133351830454,886093492.0,-0.009656540293202455
2021-11-30 00:00:00+05:30,594.0769451745009,604.6871456372609,577.6358659968384,581.5549926757812,6606473,0.0,0.0,635.2919769287109,641.2954116533467,32.00563188975305,-10.657852996432098,-5.283702890120242,-5.3741501063118555,21.63775824131296,879487019.0,-0.021077997724758577
2021-12-01 00:00:00+05:30,587.8159864803919,611.5694828997786,586.9078925677821,609.084228515625,6580138,0.0,0.0,632.8186462402343,640.0322280008871,42.82689872120466,-10.960241214656321,-4.468872886675572,-6.491368327980749,22.23609624007613,886067157.0,0.036181802680425375
2021-12-02 00:00:00+05:30,609.8489744395052,620.1246428959702,602.9666545956024,618.212890625,4017457,0.0,0.0,631.5712280273438,639.1765677116367,45.90149493059692,-10.344039665056584,-3.082137069660668,-7.261902595395917,21.87337424438267,890084614.0,0.013714733542319711
2021-12-03 00:00:00+05:30,608.8930111596187,625.9553743992532,608.8930111596187,616.10986328125,4885753,0.0,0.0,629.8649841308594,638.2719910673078,45.29714340585615,-9.911142744329709,-2.119392119147033,-7.791750625182676,21.52973060118637,885198861.0,0.011852414117690413
2021-12-06 00:00:00+05:30,616.2533300973339,631.8340987769801,608.6541034738913,614.4849243164062,13699768,0.0,0.0,628.0774932861328,637.3391649202136,44.806260053181035,-9.58865575526545,-1.4375241040662186,-8.15113165119923,21.64760665132226,871499093.0,-0.002869608478461838
2021-12-07 00:00:00+05:30,620.315810645506,634.3672010718526,618.5952453231477,631.4995727539062,12896360,0.0,0.0,626.8730895996093,637.1101613058486,50.816570539428284,-7.869428686138008,0.2253623720489788,-8.094791058186987,21.521511658759696,884395453.0,0.018029142440787328
2021-12-08 00:00:00+05:30,636.1833294301762,646.1722463866635,631.0216334731442,643.2568359375,9676621,0.0,0.0,626.696255493164,637.3512073698349,54.50340723673261,-5.4948744756102315,2.0799332660614045,-7.574807741671636,21.06644746267109,894072074.0,0.011118660581155916
2021-12-09 00:00:00+05:30,646.1722058872263,648.4184912543067,631.88184735785,644.3560180664062,9692290,0.0,0.0,627.2554382324219,637.6259058285241,54.8442049633803,-3.484165058496501,3.272514146540108,-6.756679205036609,20.742890065084342,903764364.0,-0.002810687003050974
2021-12-10 00:00:00+05:30,640.4370074153832,651.3818007776828,640.4370074153832,649.5656127929688,2430834,0.0,0.0,627.8361328125,638.0941296310514,56.5070642589616,-1.45353713176155,4.242513658620048,-5.696050790381598,20.043026014885434,906195198.0,0.014253713123833948
2021-12-13 00:00:00+05:30,651.9075005386259,662.3743555074722,638.1428613546572,640.9627075195312,4149735,0.0,0.0,627.7978973388672,638.20662288158,53.03392899718091,-0.5322964459411423,4.131003475552364,-4.663299921493507,20.34220231045183,902045463.0,-0.01678887420385821
2021-12-14 00:00:00+05:30,636.1832826866817,646.1721989092345,632.0730274093659,640.7236938476562,2942047,0.0,0.0,628.2184814453125,638.3053315469162,52.93657873880574,0.1764727608164094,3.871818145847933,-3.6953453850315237,19.896271538267314,899103416.0,0.007136954529518404
2021-12-15 00:00:00+05:30,640.7237230176523,647.7494471918228,627.6282090887642,629.4443969726562,4724542,0.0,0.0,627.9126007080079,637.9578439165531,48.419595968367226,-0.17000778529461513,2.820270079789527,-2.990277865084142,19.912340578609555,894378874.0,-0.017604039993826374
2021-12-16 00:00:00+05:30,635.6575730140461,636.8046359420291,624.6649984431265,632.933349609375,2474595,0.0,0.0,627.903042602539,637.7608049241147,49.84521239083196,-0.16120848390210085,2.263255504945633,-2.4244639888477337,19.35714750148763,896853469.0,-0.004285677572838233
2021-12-17 00:00:00+05:30,632.9333754051638,635.6575989208633,624.2348679936505,631.1171875,3003978,0.0,0.0,628.3666442871094,637.5002709074828,49.08469652201711,-0.2973563392979486,1.701686119639828,-1.9990424589377767,18.790403460468,893849491.0,-0.0028694772242042173
2021-12-20 00:00:00+05:30,621.4150425832415,627.0547350308566,602.679893958773,614.2459716796875,4070706,0.0,0.0,627.6784118652344,636.588337604432,42.58467726303021,-1.746488185011458,0.20204341914105495,-1.948531604152513,19.479467037665067,889778785.0,-0.011536687096842684
2021-12-21 00:00:00+05:30,618.451906419187,636.613554366582,616.9225278235963,629.2532958984375,3127861,0.0,0.0,626.4835723876953,636.3006889100793,49.048204635285934,-1.6647794291885702,0.22700173997115414,-1.8917811691597244,19.685761012610026,892906646.0,0.017465205244155697
2021-12-22 00:00:00+05:30,633.889202177581,636.7568302202897,628.6318840992816,631.8340454101562,1273217,0.0,0.0,625.4201568603515,636.1255264198862,50.08876521290288,-1.3759189964358711,0.4126897381790826,-1.7886087346149537,18.859988520352744,894179863.0,-0.0032421387844511085
2021-12-23 00:00:00+05:30,636.4222717720046,641.2972747038554,618.6430003176064,621.5584106445312,2971327,0.0,0.0,623.9552764892578,635.5542669777154,46.055670039746474,-1.9536326102386283,-0.13201910049893972,-1.8216135097396886,19.13100893934533,891208536.0,-0.023355344064386
2021-12-24 00:00:00+05:30,623.2789798064423,626.5289817814239,611.0915599133293,622.5620727539062,3973912,0.0,0.0,625.0378051757813,635.0447691650171,46.508718542969156,-2.30392940309423,-0.385852714683633,-1.918076688410597,18.86718129139885,895182448.0,-0.0011502185630561095
2021-12-27 00:00:00+05:30,619.4077007386558,625.907646423677,614.7717250807481,624.23486328125,1838919,0.0,0.0,626.3497467041016,634.6208512872224,47.303088434286856,-2.418680872203254,-0.40048334703412536,-2.0181975251691284,18.31494843793671,897021367.0,0.007793191038532056
2021-12-28 00:00:00+05:30,626.1465895455906,632.2164374165658,623.6613351735974,628.3450927734375,2232852,0.0,0.0,628.6892517089843,634.3747431102113,49.295572470489795,-2.1531409996531465,-0.10795477958721422,-2.0451862200659323,17.617816566867543,899254219.0,0.0035111637826573793
2021-12-29 00:00:00+05:30,626.1943589537386,628.2017336060565,616.4922523313513,626.9591064453125,3014867,0.0,0.0,629.5829956054688,634.0839338292349,48.62788590935263,-2.0311227325238406,0.011250790033673574,-2.042373522557514,17.20603255795459,896239352.0,0.0012212621858357694
2021-12-30 00:00:00+05:30,627.0546960259195,630.3046979701887,615.1540273978723,617.3047485351562,3713255,0.0,0.0,629.5375885009765,633.4259265628004,44.14277221379426,-2.6825258866371087,-0.5121218912636754,-2.1704039953734333,17.059220987551868,892526097.0,-0.015548799096084323
2021-12-31 00:00:00+05:30,619.2165442255838,635.6576253002559,618.7386061614483,627.0069580078125,2499623,0.0,0.0,630.0824432373047,633.1742023057421,49.21241718106236,-2.3883489595722267,-0.1743559713590348,-2.213992988213192,17.15162497166242,895025720.0,0.012581081456684438
2022-01-03 00:00:00+05:30,627.006865311307,641.3927872465664,625.8120203276137,637.6170654296875,2383218,0.0,0.0,631.2390502929687,633.3484322321714,54.116813493749454,-1.2842604735503755,0.7437860117302533,-2.028046485280629,17.0394208250403,897408938.0,0.016921983961232297
2022-01-04 00:00:00+05:30,640.4369621755027,644.1649021578198,634.1282034968605,640.8193359375,1999008,0.0,0.0,631.7050384521484,633.6414088480667,55.51312660401292,-0.14914665654475812,1.5031198629886968,-1.652266519533455,16.539226384748805,899407946.0,0.0005970513642723362
2022-01-05 00:00:00+05:30,638.6208044422712,666.2456473013409,636.9480212532076,663.85595703125,6342812,0.0,0.0,632.734994506836,634.8262930905445,64.00046601617795,2.5795663831353295,3.3854663221350276,-0.8058999389996983,17.450540646419128,905750758.0,0.03951508064479288
2022-01-06 00:00:00+05:30,661.4662594094166,661.9441974581229,642.5399243490594,644.2127075195312,4714784,0.0,0.0,632.7278289794922,635.1943877740341,54.459495805450246,3.1210673348487035,3.1415738190787215,-0.020506484230017885,17.7266472204028,901035974.0,-0.026083797388683116
2022-01-07 00:00:00+05:30,646.172288142189,649.0399166398614,638.0473407321172,643.1612548828125,2862614,0.0,0.0,632.4076110839844,635.5068139351627,53.9954851900799,3.4258759347166006,2.757105935157295,0.6687699995593058,17.245642126641474,898173360.0,-0.004659799429086543
2022-01-10 00:00:00+05:30,647.9884642712964,649.5178427717608,640.4370193628841,642.4443359375,1841965,0.0,0.0,632.4816925048829,635.7788736215289,53.65977219647101,3.56845465481922,2.3197477242079314,1.2487069306112888,16.662440789658273,896331395.0,-0.008555905914206512
2022-01-11 00:00:00+05:30,634.7016872529161,639.0509115438459,614.8672595262625,617.2091674804688,6912370,0.0,0.0,631.3059661865234,635.0506498512913,43.42512999908098,1.6264336081300144,0.30218134201498037,1.324252266115034,17.442057619771077,889419025.0,-0.0275602225797723
2022-01-12 00:00:00+05:30,623.2311872051063,630.1135064622831,620.3635590431196,628.058349609375,5343630,0.0,0.0,631.2366638183594,634.7764419986671,48.01574759969206,0.9518341133644981,-0.2979345222004288,1.249768635564927,17.11793485991703,894762655.0,0.007745380050565582
2022-01-13 00:00:00+05:30,629.9223274480125,661.036081725632,628.2495443326346,657.4993286132812,7202966,0.0,0.0,632.4649627685546,635.667535591397,57.97997796578174,2.76102275893561,1.2090032986965464,1.5520194602390636,18.25077752108417,901965621.0,0.04377841515316766
2022-01-14 00:00:00+05:30,649.9002186010392,659.124388455788,647.3671234632922,652.57666015625,2054419,0.0,0.0,633.5379364013672,636.330638515509,56.04557775783086,3.754322102808601,1.76184211405563,1.992479988752971,17.786955197613572,899911202.0,0.004118234582182509
2022-01-17 00:00:00+05:30,651.9074672505469,673.7492116947776,645.5987086462303,668.5397338867188,5920282,0.0,0.0,636.2526245117188,637.5937402947721,60.632361498485075,5.763171378041989,3.016553111431214,2.7466182666107746,18.52720861553741,905831484.0,0.025513232278684076
2022-01-18 00:00:00+05:30,672.3154479309396,673.462510947215,647.6538556202377,650.1869506835938,3450193,0.0,0.0,637.2993072509765,638.0875916825692,53.694783451308886,5.80733928541963,2.448576815047084,3.358762470372546,19.04731195206884,902381291.0,-0.032913861068411626
2022-01-19 00:00:00+05:30,650.9516258520179,658.8376036982427,630.8782276979908,644.8818359375,4889920,0.0,0.0,637.9516967773437,638.3540326337429,51.84801246813293,5.352563229854127,1.5950406075852648,3.757522622268862,19.68388795551048,897491371.0,-0.009324486910334122
2022-01-20 00:00:00+05:30,649.0398099459135,655.7309420072115,642.7310516249348,652.3853759765625,2862609,0.0,0.0,639.4930450439454,638.9042813922849,54.24505159335005,5.533832326417837,1.42104776331918,4.112784563098657,19.206459557422352,900353980.0,0.00515463917525771
2022-01-21 00:00:00+05:30,648.9442723364365,649.995712652439,632.9333485321301,636.8524169921875,3836844,0.0,0.0,640.2075622558593,638.823816121693,48.82643305872013,4.373692214414518,0.20872612105268917,4.164966093361829,19.22400012078021,896517136.0,-0.01863311821940255
2022-01-24 00:00:00+05:30,627.5326186683754,628.0105566871632,590.7313912217152,594.3637084960938,7296421,0.0,0.0,638.7140045166016,637.0802824893165,37.725342191268005,0.025495241339854147,-3.3115766816175802,3.3370719229574344,21.145216238615365,889220715.0,-0.05285607343035991
2022-01-25 00:00:00+05:30,592.6431069586555,612.3341287885304,585.5696013774943,603.3011474609375,5007835,0.0,0.0,637.4618072509766,635.7556105274193,40.775593473306685,-2.668544238845925,-4.804492929442688,2.135948690596763,21.54659560807399,894228550.0,0.017983910345262047
2022-01-27 00:00:00+05:30,591.6873020939124,604.2570960648749,585.043951573237,598.4739990234375,4760551,0.0,0.0,636.0375518798828,634.293586546871,39.646091748564665,-5.1339198409705205,-5.815894825253826,0.681974984283306,21.37992052832855,889467999.0,0.011470073644487128
2022-01-28 00:00:00+05:30,603.1577977236282,617.4003744456792,597.9482614948487,600.3379516601562,3719102,0.0,0.0,635.1892120361329,632.9619930219019,40.333392557538055,-6.8582843349655604,-6.032207455399093,-0.8260768795664674,21.24221998707869,893187101.0,-0.004675138204486897
2022-01-31 00:00:00+05:30,607.9371565468513,610.8047846437704,600.2901482884004,601.1982421875,2892647,0.0,0.0,633.8987762451172,631.7163557342783,40.66922021853119,-8.062497906883436,-5.789136821853575,-2.2733610850298613,20.475964013385216,896079748.0,-0.011084886466931931
2022-02-01 00:00:00+05:30,605.9776332300972,629.778911856681,600.2901590673403,625.4296875,5150345,0.0,0.0,633.2894073486328,631.4698197250909,49.32145198452765,-6.981096972125329,-3.7661887096763738,-3.214908262448955,21.119734640239184,901230093.0,0.03210028424022141
2022-02-02 00:00:00+05:30,630.8782069935922,634.5105243957523,623.4223853066225,630.7348022460938,2562721,0.0,0.0,632.7851806640625,631.4409955102283,51.0060290160263,-5.631088830137742,-1.9329444541510297,-3.698144375986712,20.403192100874232,903792814.0,-0.00022730971827649482
2022-02-03 00:00:00+05:30,628.0105436674918,637.9516775889996,621.3194115431806,624.3304443359375,2456228,0.0,0.0,630.8089050292969,631.1621503661385,48.893123903378246,-5.020107141013,-1.0575702120210302,-3.9625369289919696,20.133840239798854,901336586.0,-0.005859932398687185
2022-02-04 00:00:00+05:30,618.451799077105,636.5178796048918,618.451799077105,628.3450927734375,3284062,0.0,0.0,630.0155242919922,631.0516775193659,50.28344812667539,-4.163951729835389,-0.1611318406747353,-4.002819889160654,19.986143117512285,904620648.0,0.01599687107563753
2022-02-07 00:00:00+05:30,630.30474023925,637.2348421463514,617.1136030389906,622.4187622070312,2768417,0.0,0.0,628.9783996582031,630.7131318208429,48.1989690573456,-3.9184779716193816,0.06747353403301837,-3.9859515056524,19.995792831072894,901852231.0,-0.01251137351311274
2022-02-08 00:00:00+05:30,626.6723732931445,633.6503157803879,615.8232024540184,630.9738159179688,3184065,0.0,0.0,628.4048736572265,630.7233547266127,51.33520642030894,-2.9990457798754733,0.7895245806215416,-3.788570360497015,19.840887152165507,905036296.0,0.006863941683307879
2022-02-09 00:00:00+05:30,633.6024532471932,637.1869886431199,628.8230727192908,633.7936401367188,2200828,0.0,0.0,629.234097290039,630.8437580760286,52.359053005342794,-2.019572520690076,1.4151982718455511,-3.4347707925356272,19.021103492998616,907237124.0,0.00030174581639588695
2022-02-10 00:00:00+05:30,636.804600408699,648.0839254967234,634.797225811228,642.8743896484375,4284880,0.0,0.0,629.9748992919922,631.3155475494564,55.59871626235759,-0.504773595656161,2.343997757503573,-2.848771353159734,18.683187912070476,911522004.0,0.009531635349121109
2022-02-11 00:00:00+05:30,639.4332995132498,645.2163379853017,630.5436638583056,641.7752075195312,3122555,0.0,0.0,629.1886932373047,631.7257302933809,55.110194322301595,0.6001030401204162,2.75909951462412,-2.158996474503704,18.39672264170802,908399449.0,0.0036624742691131734
2022-02-14 00:00:00+05:30,627.3414895402627,635.6576235010928,577.6359310108539,598.9041748046875,6491576,0.0,0.0,626.5050689697266,630.438610470295,40.25400625342894,-1.9610030947444557,0.1583947038073985,-2.119397798551854,21.66404791792011,901907873.0,-0.04532988047134434
2022-02-15 00:00:00+05:30,607.7937672973133,615.058460333238,589.8710912347357,612.3820190429688,4001839,0.0,0.0,623.6971832275391,629.7305088456939,45.25083132985366,-2.8700644509751783,-0.6005333219386593,-2.269531129036519,21.91571371653313,905909712.0,0.0075490273058543425
2022-02-16 00:00:00+05:30,612.8599709719069,617.6393513636646,606.9813097532266,609.8489379882812,1939683,0.0,0.0,621.6802825927734,628.9508394003051,44.4975882208922,-3.7516538660486276,-1.1856981896096865,-2.565955676438941,21.11159428038348,903970029.0,-0.004913084760374578
2022-02-17 00:00:00+05:30,613.4812305031536,620.79370554239,606.4077828158438,610.0401000976562,2382178,0.0,0.0,619.9381958007813,628.2092417805934,44.57257258925218,-4.384354534477438,-1.4547190864307975,-2.929635448046641,20.631189169395096,906352207.0,-0.005609186124040119
2022-02-18 00:00:00+05:30,607.1724912302868,614.1503748717041,603.301204815847,604.9261474609375,1458069,0.0,0.0,617.565234375,627.2961792582539,42.902700955948326,-5.23804666982835,-1.846728977425367,-3.391317692402983,19.932473518428097,904894138.0,-0.003699679748003168
2022-02-21 00:00:00+05:30,604.0181407680335,606.9813333894937,593.8380368003511,595.6063842773438,1857572,0.0,0.0,615.5029327392579,626.053442200179,39.96424076161873,-6.590657837015783,-2.55947211569024,-4.031185721325543,19.447532309193413,903036566.0,-0.013926330887999267
2022-02-22 00:00:00+05:30,584.0402945858873,597.1358087679246,575.9153477708627,594.554931640625,3353278,0.0,0.0,615.5124938964843,624.8182064919612,39.634420590858454,-7.659165282761023,-2.9023836491483843,-4.756781633612639,19.574170072612592,899683288.0,0.018003273322422193
2022-02-23 00:00:00+05:30,596.9446000966117,600.2423841754824,585.8086206491045,587.5770263671875,2339927,0.0,0.0,614.7262878417969,623.3577680556956,37.426877067938754,-8.965673072234495,-3.3671131508974845,-5.59855992133701,19.206998176452974,897343361.0,-0.01569253449634706
2022-02-24 00:00:00+05:30,572.5697766886108,577.8270951723961,541.0258657858993,544.22802734375,5487481,0.0,0.0,612.0139892578125,620.2546409689527,27.266584927364498,-13.345157181842751,-6.197277808404592,-7.147879373438159,21.160152633941202,891855880.0,-0.04949920603349326
2022-02-25 00:00:00+05:30,550.7280073657131,579.2131018746211,550.7280073657131,572.1873779296875,4524909,0.0,0.0,610.6064605712891,618.3696502615305,38.80556053718981,-14.393919817195183,-5.796832355005618,-8.597087462189565,22.14764705515048,896380789.0,0.038965460766414634
2022-02-28 00:00:00+05:30,565.4007081712206,602.0107508104321,564.1580809205723,599.7644653320312,7142843,0.0,0.0,610.5347717285156,617.6400351662561,47.63060377369206,-12.851685054196537,-3.403678073605576,-9.44800698059096,23.269434400486862,903523632.0,0.06077770449202247
2022-03-02 00:00:00+05:30,597.4225073159813,625.1429116554428,594.6982840194371,616.1576538085938,8894940,0.0,0.0,610.0711700439454,617.5819025639948,52.05680891084335,-10.189204776745896,-0.5929582369239483,-9.596246539821948,23.781948203023926,912418572.0,0.03135996093749994
2022-03-03 00:00:00+05:30,621.797381603965,633.2678944083426,620.6503186551183,625.8120727539062,5940599,0.0,0.0,609.8250335693359,617.9046543361483,54.49602725558949,-7.216946583370827,1.9034399651608975,-9.120386548531725,23.30539765993285,918359171.0,0.006456590633407066
2022-03-04 00:00:00+05:30,625.8120361879382,631.2605411200724,600.9592598972588,604.0658569335938,7605400,0.0,0.0,608.8118041992187,617.3619563987933,48.509281450971024,-6.5407507242742895,2.0637086594059486,-8.604459383680238,23.805103628710047,910753771.0,-0.034748739232963365
2022-03-07 00:00:00+05:30,602.2019010129833,614.6282894465845,595.0328307628288,609.0364379882812,5507113,0.0,0.0,607.8463714599609,617.0354654807339,49.86501703891739,-5.539915585585163,2.45163503847606,-7.991550624061223,23.504414704070452,916260884.0,0.01134924510168661
2022-03-08 00:00:00+05:30,611.7129162413415,611.7129162413415,586.0476081869954,602.0585327148438,5422987,0.0,0.0,606.8283599853515,616.4481347840324,47.95607700677645,-5.249294566139042,2.193804846337745,-7.443099412476787,23.658764229090142,910837897.0,-0.015782539930363017
2022-03-09 00:00:00+05:30,601.246069624162,606.2644191718995,590.7314324765217,599.4777221679688,3784214,0.0,0.0,605.2535552978516,615.7826284069318,47.235826502045185,-5.1676556393590545,1.8203550184941868,-6.988010657853241,23.07835154811069,907053683.0,-0.0029411376564984016
2022-03-10 00:00:00+05:30,604.1136406610161,623.3745656739712,596.466632551383,622.0363159179688,5201836,0.0,0.0,604.6656890869141,616.0278710544235,53.77149944605002,-3.2452569145102643,2.9942029946743824,-6.239459909184647,23.3518930891448,912255519.0,0.029667721518987368
2022-03-11 00:00:00+05:30,619.8856906527768,643.3046566065054,618.6430633113973,640.1980590820312,8172290,0.0,0.0,604.5318725585937,616.9757215653101,58.254707276550306,-0.2533210581420917,4.788911080834044,-5.042232138976136,23.445443103856462,920427809.0,0.032767925983037766
2022-03-14 00:00:00+05:30,637.5693169735669,643.3045731982166,629.5399349222398,635.51416015625,2529995,0.0,0.0,604.2188201904297,617.7027191571117,56.72678280315576,1.7200307219488877,5.409810288740019,-3.689779566791131,22.753957044722203,917897814.0,-0.0032234249086394813
2022-03-15 00:00:00+05:30,629.9223504136568,631.6429157266504,606.98132399495,612.8599853515625,4754984,0.0,0.0,604.9166107177734,617.5128080274824,49.908558212992226,1.439331924529938,4.103289193056856,-2.6639572685269175,23.16673412447776,913142830.0,-0.027086457641786764
2022-03-16 00:00:00+05:30,620.0290100945402,633.5068387785108,618.9297293234035,626.3377685546875,3150421,0.0,0.0,605.6143981933594,617.8588849109022,53.49020287072014,2.278159368117258,3.9536933093153404,-1.6755339411980823,22.986742646082796,916293251.0,0.010174940780892363
2022-03-17 00:00:00+05:30,632.7899528164638,662.3743285931349,631.2127339779131,654.8706665039062,9991824,0.0,0.0,607.8654846191406,619.3103273263141,60.009333800534144,5.1855270378956675,5.4888487832749995,-0.30332174537933243,23.918872459823124,926285075.0,0.034894222939482696
2022-03-21 00:00:00+05:30,659.2677862430787,668.1574226876809,649.039899863999,651.2384033203125,4609771,0.0,0.0,609.9253997802734,620.5624087378435,58.877939541752504,7.114531687174349,5.934282746042945,1.1802489411314039,23.57591891438446,921675304.0,-0.012179243533985903
2022-03-22 00:00:00+05:30,648.8964042925762,669.0176409221624,647.5582128874289,665.7676391601562,4811589,0.0,0.0,612.9674743652344,622.3351628720519,61.9668650659616,9.70381019235549,6.818849000979269,2.884961191376221,23.42474099440939,926486893.0,0.025999889590963242
2022-03-23 00:00:00+05:30,671.8853386721181,678.6720356922214,661.7052347999158,673.3191528320312,8964532,0.0,0.0,616.8531127929688,624.3345350273453,63.50142685465129,12.22426241733524,7.471440980767214,4.752821436568025,22.963459558544827,935451425.0,0.0021340161444017543
2022-03-24 00:00:00+05:30,673.4146733010145,687.7528139674662,673.1279221560942,683.5469360351562,6069039,0.0,0.0,621.3027130126953,626.656589968828,65.53002228307417,14.875559402769909,8.098190372961508,6.777369029808402,22.367847576603907,941520464.0,0.015046097354063164
2022-03-25 00:00:00+05:30,686.3190784558371,694.444025763462,678.911038263591,689.521240234375,16121868,0.0,0.0,626.3999237060547,629.1218703713985,66.69448661376714,17.25984701234711,8.385982386030966,8.873864626316143,21.8796432854087,957642332.0,0.004665704158687332
2022-03-28 00:00:00+05:30,690.1424982431806,699.1755384550768,686.4623988400584,697.8850708007812,8935680,0.0,0.0,634.0827758789062,631.8184664666684,68.30858285014196,19.59838536118957,8.579616587898741,11.01876877329083,21.22489302323796,966578012.0,0.011218802750605904
2022-03-29 00:00:00+05:30,699.223361948099,731.0062420366489,694.5873862344074,720.635009765625,7285191,0.0,0.0,641.5051574707031,635.3014681646667,72.24828041351978,23.022040049230895,9.602617020752053,13.419423028478842,22.310176078881074,973863203.0,0.030622042944719804
2022-03-30 00:00:00+05:30,716.9071085820169,717.5762335517701,683.4036613760273,685.888916015625,5994838,0.0,0.0,645.8113800048828,637.2852896490181,59.98341361410829,22.67026299514123,7.40067197332991,15.269591021811319,23.375974101075116,967868365.0,-0.04326668294270836
2022-03-31 00:00:00+05:30,692.054280424981,704.9586074771042,688.7564962876959,700.3226318359375,5946576,0.0,0.0,650.01962890625,639.7573422837993,62.80792044815346,23.287711146461675,6.414496099720285,16.87321504674139,23.068382483961123,973814941.0,0.011947547533235403
2022-04-01 00:00:00+05:30,702.5689585970417,716.8593184709288,696.3557637250951,699.8925170898438,5079937,0.0,0.0,653.7236511230469,642.115584433056,62.66597376489765,23.471768651124535,5.278842883506517,18.192925767618018,22.885180502666305,968735004.0,-0.0038095072013180856
2022-04-04 00:00:00+05:30,700.1792354769942,705.4365539686304,694.7307300990711,700.3704223632812,4901374,0.0,0.0,658.5388793945312,644.4000878813002,62.76666344586714,23.386612203358254,4.154949148592188,19.231663054766067,22.015226457444374,973636378.0,0.00027305420755127446
2022-04-05 00:00:00+05:30,705.3410016468497,713.0835747652567,697.9329618285778,701.0873413085938,3524949,0.0,0.0,663.1414245605469,646.6231174274686,62.928187376936094,23.110570204838496,3.1031257200579425,20.007444484780553,21.524896920246835,977161327.0,-0.0060306437997002535
2022-04-06 00:00:00+05:30,698.2675293558896,713.561547794896,697.598404380773,704.8630981445312,4111360,0.0,0.0,668.2816528320312,648.9070382399025,63.81843517673752,22.93212963786982,2.3397481224714127,20.592381515398408,21.12762881266656,981272687.0,0.009445618636635886
2022-04-07 00:00:00+05:30,702.5688872353148,709.97692652249,693.7270338925575,695.925537109375,2954985,0.0,0.0,673.1040435791016,650.750900940666,60.13706888934207,21.818023132307758,0.9805132935274798,20.837509838780278,20.77921908532841,978317702.0,-0.009455798921130907
2022-04-08 00:00:00+05:30,702.04320010119,728.4253566278677,698.9366028346551,723.2158203125,8125253,0.0,0.0,678.1630187988281,653.5926624846595,66.49291326555476,22.873511873415396,1.6288016277080928,21.244710245707303,21.616404830554433,986442955.0,0.03015857173498477
2022-04-11 00:00:00+05:30,722.6422962961667,740.803941308901,722.6422962961667,733.539306640625,7926472,0.0,0.0,682.8300811767579,656.7278250005797,68.53659283820889,24.263320914721362,2.4148885352112437,21.84843237951012,21.36963627213871,994369427.0,0.015079397373098515
2022-04-12 00:00:00+05:30,735.4510800225619,739.6091176378919,705.5799524927601,722.5467529296875,8595936,0.0,0.0,687.1817108154297,659.3089594291722,64.05641111800361,24.198798689063324,1.8802930476425601,22.318505641420764,22.27388833449536,985773491.0,-0.017546139292471376
2022-04-13 00:00:00+05:30,726.4657939492563,746.6347551549774,726.4657939492563,732.5355834960938,6722613,0.0,0.0,693.1654907226563,662.1805917455221,66.21746730485249,24.66930709090707,1.880641159589043,22.788665931318025,22.40346789812354,992496104.0,0.008355231034128264
2022-04-18 00:00:00+05:30,730.2893218321055,741.6164299922905,724.9364391450235,733.9694213867188,5866740,0.0,0.0,698.5470733642578,664.9958399667455,66.5285594985625,24.87118755552501,1.6660172993655884,23.205170256159423,21.994648108776637,998362844.0,0.005039235060127672
2022-04-19 00:00:00+05:30,738.605408888365,755.1420522890718,703.6203117137981,713.4658813476562,7301285,0.0,0.0,701.4768341064453,666.8966259032518,58.26581682079698,23.110313642288702,-0.07588529109657927,23.18619893338528,24.10372614209786,991061559.0,-0.03403647907012336
2022-04-20 00:00:00+05:30,724.5540738376308,724.5540738376308,700.1792336227765,706.2490234375,4679947,0.0,0.0,704.2273651123047,668.4398571791046,55.646097242809915,20.89164241096819,-1.8356452179336742,22.727287628901863,24.123091433009037,986381612.0,-0.02526388445126988
2022-04-21 00:00:00+05:30,711.1718345786019,714.2784319742744,693.4881263263113,701.8042602539062,3995936,0.0,0.0,706.0291961669922,669.7482651428223,54.03471350952927,18.560717831487864,-3.333255837931201,21.893973669419065,23.885035305505756,982385676.0,-0.013172026603452725
2022-04-22 00:00:00+05:30,697.7895326651134,704.4806651701214,690.1903062231596,691.4807739257812,2244262,0.0,0.0,706.9372772216797,670.600520389213,50.38524137605067,15.699450743537568,-4.9556183407052,20.65506908424277,23.199701279895468,980141414.0,-0.009041062446489652
2022-04-25 00:00:00+05:30,679.6279150426799,687.7528619876346,664.5728662917344,684.1205444335938,4935672,0.0,0.0,706.9659576416016,671.1307174105613,47.9012303493191,12.691665336296182,-6.3707229983572695,19.062388334653452,23.464573162334855,975205742.0,0.006610425045050909
2022-04-26 00:00:00+05:30,690.4770911839028,692.3410612842573,681.5874549461137,689.3778686523438,3260695,0.0,0.0,706.9587890625,671.8462919690626,49.80480709938132,10.60989163198974,-6.76199736213097,17.37188899412071,22.55664696060691,978466437.0,-0.0015919753828099693
2022-04-27 00:00:00+05:30,681.5396859814794,701.8042717632236,679.6279337066366,688.8043212890625,3391522,0.0,0.0,706.504751586914,672.5113127267097,49.59192306874543,8.812208836023501,-6.847744126477767,15.659952962501269,22.529482038891206,975074915.0,0.010659152294442562
2022-04-28 00:00:00+05:30,697.6461062505929,701.8519841742223,690.7638454185358,696.92919921875,4079934,0.0,0.0,705.3194610595704,673.4688769028681,52.67773587946963,7.9514822770390765,-6.166776548369754,14.11825882540883,21.8522092421961,979154849.0,-0.0010276084470617944
2022-04-29 00:00:00+05:30,698.840971419942,707.3482917795137,691.3851497425669,695.0653076171875,3622889,0.0,0.0,705.7782806396484,674.3157957544101,51.892923087425025,7.037822169709557,-5.664349324559421,12.702171494268978,21.431561584678292,975531960.0,-0.005402751065214289
2022-05-02 00:00:00+05:30,688.2307726752961,701.8042245825791,677.7639180057836,699.6535034179688,2802163,0.0,0.0,705.74482421875,675.3094313490595,53.7207345838733,6.607798421069674,-4.875498458559445,11.483296879629119,21.617900512686663,978334123.0,0.01659723917643228
2022-05-04 00:00:00+05:30,701.6129925840847,703.5247446074745,676.8079984121927,680.153564453125,3011231,0.0,0.0,704.7578765869141,675.4993973531406,45.76263372791399,4.640031994927654,-5.474611907761172,10.114643902688826,21.98210377572918,975322892.0,-0.0305858476935031
2022-05-05 00:00:00+05:30,688.2307833473154,694.3484136472213,673.9882062995594,676.5213012695312,3131221,0.0,0.0,703.5654205322265,675.5394720165284,44.441978008788745,2.7557036065818465,-5.8871522368855835,8.64285584346743,21.866254030867232,972191671.0,-0.01701388888888887
2022-05-06 00:00:00+05:30,664.716270198203,669.9735888029451,650.6170975763948,659.9368896484375,3930624,0.0,0.0,701.5078979492188,674.9276060413092,38.919285013514525,-0.07499909031855623,-6.974283947028789,6.899284856710233,22.154679006743603,968261047.0,-0.007190106161145123
2022-05-09 00:00:00+05:30,650.9516130251286,655.8265577153707,638.6207882080985,648.4185180664062,3380947,0.0,0.0,698.6856689453125,673.8880339638621,35.60950479874923,-3.210775869757981,-8.088048581174572,4.877272711416591,22.094780609143275,964880100.0,-0.0038913721205028704
2022-05-10 00:00:00+05:30,644.2604355884246,647.1280636400052,614.7238433203283,616.8267822265625,4293241,0.0,0.0,694.7307312011719,671.6503378173013,28.460522007884734,-8.151129471987133,-10.42272174672298,2.2715922747358466,22.923344476067175,960586859.0,-0.042581620485209526
2022-05-11 00:00:00+05:30,616.0621356595319,628.9664627835097,607.3158461609063,620.3157958984375,4158341,0.0,0.0,689.5857299804687,669.6372185263655,30.12888240658691,-11.65056063982911,-11.137722331651965,-0.5128383081771448,22.832435343676902,964745200.0,0.00690459613193364
2022-05-12 00:00:00+05:30,619.1209706217778,622.8010703233567,592.6431905991791,597.2313842773438,4123927,0.0,0.0,682.7703338623047,666.7977740460118,25.835820204027893,-16.10100181928169,-12.470530808883638,-3.6304710103980544,23.355681370855528,960621273.0,-0.035355911660447464
2022-05-13 00:00:00+05:30,606.0732238697557,608.8930700067993,567.9338028415907,573.955810546875,5567335,0.0,0.0,675.340786743164,663.1569127323203,22.37407211690058,-21.261068433314335,-14.104477938333025,-7.156590494981311,24.613080356166467,955053938.0,-0.052992628708808734
2022-05-16 00:00:00+05:30,588.8196967942,599.0475830660156,572.6175847026382,575.7241821289062,4641172,0.0,0.0,667.5002166748047,659.7281781988531,23.21585976464136,-24.920497609464974,-14.211125691586929,-10.709371917878045,24.742860213824393,959695110.0,-0.02224027955686885
2022-05-17 00:00:00+05:30,583.0844222223701,617.3047750056999,582.2719508724857,613.529052734375,6309092,0.0,0.0,661.4781982421875,657.9164477884815,38.55613587395548,-24.487804321859358,-11.022745923185049,-13.465058398674309,25.945555404036483,966004202.0,0.052213074731045146
2022-05-18 00:00:00+05:30,614.5805768623824,616.4445470067675,600.2902168781627,603.2056274414062,4941565,0.0,0.0,655.965185546875,655.7709254219295,36.416589667344354,-24.693257418224448,-8.98255921564011,-15.710698202584338,25.246182170077073,961062637.0,-0.018508475290658615
2022-05-19 00:00:00+05:30,591.687254320027,597.3747282876344,565.9263840023057,573.716796875,5816509,0.0,0.0,649.33857421875,652.5531164593048,31.106543070696507,-26.925205645252618,-8.971605954134624,-17.953599691117994,26.105686546435898,955246128.0,-0.030371547323051355
2022-05-20 00:00:00+05:30,593.5990320835455,606.3121719879404,589.4887767021006,603.2533569335938,6187868,0.0,0.0,644.4110290527344,650.6197925563357,40.469734945220885,-26.010850255540618,-6.445800451538098,-19.56504980400252,26.569235729757644,961433996.0,0.016264050863023467
2022-05-23 00:00:00+05:30,567.7903444844137,567.7903444844137,513.7833504383373,523.389892578125,17554373,0.0,0.0,636.0064849853516,645.6303847140529,28.995013046237602,-31.368929653717714,-9.443103879772153,-21.92582577394556,31.062147927293275,943879623.0,-0.07819867374921086
2022-05-24 00:00:00+05:30,524.7281445490764,531.849432453865,513.544383623534,515.8862915039062,7517949,0.0,0.0,627.5947723388672,640.542381058753,28.18636931932168,-35.80795229178591,-11.105701214272276,-24.702251077513633,30.15092656322454,936361674.0,-0.016850350294757684
2022-05-25 00:00:00+05:30,517.9892344650922,520.9524267667653,498.0114024687793,505.1326904296875,4725882,0.0,0.0,618.3825134277344,635.2321971125152,27.02320868322677,-39.73558832135791,-12.02666979507542,-27.70891852628249,29.635933544278927,931635792.0,-0.024820098913216113
2022-05-26 00:00:00+05:30,507.0922282455916,531.1803156006898,497.1033121753615,527.3568115234375,8178844,0.0,0.0,610.3101379394532,631.0017898345122,33.161954568978146,-40.58710445874226,-10.302548745967815,-30.284555712774445,29.95315282149674,939814636.0,0.03996232272767442
2022-05-27 00:00:00+05:30,533.3788404344759,536.5332197578838,515.5995690901445,524.2024536132812,5193961,0.0,0.0,601.6738006591797,626.8135805709346,32.74097831252429,-41.04334531751738,-8.607031683794347,-32.43631363372303,29.30890266765692,934620675.0,-0.017204257322468674
2022-05-30 00:00:00+05:30,506.61437174393257,520.7135452971835,502.4084932454642,515.0738525390625,12211769,0.0,0.0,592.6742279052735,622.4316304520377,31.494926713857343,-41.661276043931025,-7.379969928166389,-34.281306115764636,28.772121074811214,922408906.0,0.016698067143278292
2022-05-31 00:00:00+05:30,513.8789647584194,533.6656115711208,508.71726885644085,526.9266967773438,20152169,0.0,0.0,584.0378875732422,618.686338935383,34.956331836952735,-40.725111391270616,-5.155044220404783,-35.57006717086583,28.498994049087553,942561075.0,0.025390671566130753
2022-06-01 00:00:00+05:30,529.6031619775206,547.0956836142647,524.9671860504061,544.3714599609375,8495547,0.0,0.0,577.2487823486329,615.7720299559929,39.779179554422726,-38.13594018275978,-2.052698409515159,-36.08324177324462,28.04395858585691,951056622.0,0.027885592541163427
2022-06-02 00:00:00+05:30,545.7096750447274,549.6287436189311,533.0443170395955,548.099365234375,7010273,0.0,0.0,570.827685546875,613.1181999669099,40.7895516579807,-35.37540687584294,0.5662679179213441,-35.941674793764285,27.225420585391102,958066895.0,0.004379050434558848
2022-06-03 00:00:00+05:30,550.5845539007861,556.2720275409121,534.8603826635104,537.6324462890625,6367536,0.0,0.0,564.7124633789062,610.1579743324845,38.820166120099884,-33.644425233572974,1.8377996481530516,-35.482224881726026,26.810150891963282,951699359.0,-0.023524284362792944
2022-06-06 00:00:00+05:30,528.5994332269066,557.5146825128269,528.5994332269066,553.4522094726562,10383944,0.0,0.0,559.9641479492187,607.9342188477854,43.27776463938133,-30.642855371182236,3.8714956084350334,-34.51435097961727,26.96051506296021,962083303.0,0.047016274864376026
2022-06-07 00:00:00+05:30,549.6287534595658,553.8824137417057,542.0773089882592,546.856689453125,3735461,0.0,0.0,556.4656433105469,605.5390216166222,41.90684691630675,-28.468130091708417,4.836976710327086,-33.3051068020355,25.8779857551378,958347842.0,-0.0050435207201086595
2022-06-08 00:00:00+05:30,548.2904966638342,557.2757551610538,546.9523051558106,550.72802734375,4138705,0.0,0.0,552.9862548828125,603.3895708608234,43.047248983314,-26.1310376895442,5.7392552899930465,-31.870292979537247,24.773777180337156,962486547.0,0.00444569200952293
2022-06-09 00:00:00+05:30,544.8493315946528,550.2978365790077,539.1140754726038,546.9522705078125,3922515,0.0,0.0,550.472299194336,601.1763433959994,42.17760286551698,-24.30339276092002,6.053520174893784,-30.356912935813803,23.83378965825209,958564032.0,0.003859670538651297
2022-06-10 00:00:00+05:30,540.0700038593409,548.6728888765693,536.5810327099791,547.2390747070312,3374125,0.0,0.0,549.1364624023438,599.0611563885889,42.273001533062384,-22.57163651022654,6.228221140469813,-28.799857650696353,22.995080123133384,961938157.0,0.013274336283185837
2022-06-13 00:00:00+05:30,538.2538238908858,542.8898581130469,530.5112505973653,539.1141357421875,4071346,0.0,0.0,547.3059600830078,596.710292833828,40.24718100144387,-21.6057640772749,5.755274858737167,-27.361038936012065,22.547418979314276,957866811.0,0.0015983385776672757
2022-06-14 00:00:00+05:30,537.9670650203763,551.3493306096495,535.4340283247783,537.1068115234375,3413396,0.0,0.0,543.4848480224609,594.3729014098913,39.74047846850153,-20.762935310192915,5.278482900655323,-26.04141821084824,22.073696358282632,954453415.0,-0.001599082086755943
2022-06-15 00:00:00+05:30,537.2978913640044,543.89345928619,532.4707290967447,538.158203125,3803101,0.0,0.0,540.2324768066406,592.1684034379348,40.16539312645354,-19.782113039446244,5.007444137121595,-24.78955717656784,21.312913060508542,958256516.0,0.0016011820906491833
2022-06-16 00:00:00+05:30,546.2831992799897,546.2831992799897,520.426762058594,521.7649536132812,4899759,0.0,0.0,537.6348846435546,589.407483836968,35.91317911429251,-20.095948964560193,3.7548865696061213,-23.850835534166315,21.63745050057191,953356757.0,-0.04488193248304896
2022-06-17 00:00:00+05:30,516.2686421964537,536.9156003187309,515.8863267735874,530.1288452148438,6776372,0.0,0.0,533.9786590576172,587.0828313419827,39.436115833778274,-19.4456131204131,3.5241779310025727,-22.969791051415672,21.59400928946988,960133129.0,0.026846881420924812
2022-06-20 00:00:00+05:30,526.3053752831547,530.1288798136304,512.4451713601804,526.06640625,5614520,0.0,0.0,534.1124847412109,584.6900303579833,38.333861487293824,-19.03855751184767,3.1449868316544034,-22.183544343502074,21.31470208689703,954518609.0,-0.0004540501472669755
2022-06-21 00:00:00+05:30,531.4671679698693,555.1728860957982,528.3127881737106,550.77587890625,4657829,0.0,0.0,535.8569641113281,583.3600636343859,47.8767617874173,-16.53154965777958,4.521595748577997,-21.053145406357576,21.871257641104254,959176438.0,0.03633095720689077
2022-06-22 00:00:00+05:30,542.220747649581,544.7538427911986,518.562812868925,526.1142578125,8511658,0.0,0.0,536.9060424804687,581.1151300727433,41.04899082301935,-16.34628479203934,3.7654884914545903,-20.111773283493932,22.60995824083431,950664780.0,-0.02970467269446881
2022-06-23 00:00:00+05:30,525.7318840682576,540.547964437454,523.8201317625549,534.2869873046875,5037690,0.0,0.0,537.2525512695313,579.2787323171333,43.90405472800681,-15.362896179423956,3.7991016832559836,-19.16199786267994,22.18980641469608,955702470.0,0.016272749467329525
2022-06-24 00:00:00+05:30,536.9155784714316,547.6214016908351,535.5295465575816,542.7463989257812,3406061,0.0,0.0,538.1797485351562,577.8460917919822,46.77734084904775,-13.742534417094816,4.335570756468101,-18.078105173562918,21.557278412656903,959108531.0,0.010859845920190486
2022-06-27 00:00:00+05:30,550.2978610934624,562.5330630304742,544.8971380011268,546.4265747070312,6550599,0.0,0.0,539.7473846435547,576.6139538670822,48.02460458420364,-12.022834861015326,4.844216250038073,-16.8670511110534,21.430805962088048,965659130.0,-0.007034892664744826
2022-06-28 00:00:00+05:30,548.147185605724,554.9338828809102,542.9376489604924,552.8787841796875,4285360,0.0,0.0,541.0449890136719,575.683162898949,50.2269263227784,-10.02377337212556,5.47462219114227,-15.498395563267831,20.7569079591116,969944490.0,0.00863198552909642
2022-06-29 00:00:00+05:30,548.194973767226,555.5074496747859,544.0369358383313,550.6324462890625,3334027,0.0,0.0,541.3580383300781,574.7007818554241,49.441463580197166,-8.522521115727614,5.580699558032176,-14.10322067375979,20.093594093207535,966610463.0,0.004446360580590662
2022-06-30 00:00:00+05:30,551.5405542662547,557.084624425824,531.6583414481172,539.5921020507812,5646362,0.0,0.0,540.9326751708984,573.3239708826931,45.66195203138784,-8.129914801481277,4.778644697822811,-12.908559499304088,20.474500442100343,960964101.0,-0.021663778162911655
2022-07-01 00:00:00+05:30,531.9928132709249,554.8860567375498,531.9928132709249,553.308837890625,3737790,0.0,0.0,541.7164947509766,572.5390637065335,50.70402011312728,-6.635456114474664,5.018482707863541,-11.653938822338205,20.64726780099495,964701891.0,0.040068256728206235
2022-07-04 00:00:00+05:30,553.9000549391791,560.4530687237045,536.2612164235748,543.4547119140625,6026463,17.35,0.0,541.2166198730469,571.3985008911425,47.30784659642382,-6.17505031378812,4.383110806840069,-10.558161120628188,20.90045240807601,958675428.0,-0.018857811859692875
2022-07-05 00:00:00+05:30,547.3964130789394,555.7724157993192,542.5678698057494,544.5880126953125,3562565,0.0,0.0,541.1031860351562,570.3471091971883,47.74137466388285,-5.653556814303897,3.9236834450594333,-9.57724025936333,20.350744807039852,962237993.0,-0.005130469101597714
2022-07-06 00:00:00+05:30,540.0058289098299,549.1701493787959,533.1079442339744,546.4602661132812,3281658,0.0,0.0,540.8897979736328,569.4103702527213,48.49528960305606,-5.031197739322465,3.636834016032692,-8.668031755355157,20.044420545452827,965519651.0,0.011952532468920989
2022-07-07 00:00:00+05:30,552.3727453432219,569.5681986640247,543.5532949439489,566.2177734375,4952962,0.0,0.0,541.8530731201172,569.2851703776147,55.75014014867675,-2.9101614383101833,4.606296253635979,-7.5164576919461625,20.470883629354468,970472613.0,0.02506464739797277
2022-07-08 00:00:00+05:30,571.538981704653,572.622910887906,554.3435296226868,557.9403076171875,3313755,0.0,0.0,542.388134765625,568.8402737987744,52.41880328730128,-1.8755272914074794,4.512744320430947,-6.388271611838427,20.314347746201946,967158858.0,-0.02379308240167022
2022-07-11 00:00:00+05:30,555.7723888703929,582.7233840245478,552.9146699051695,568.8783569335938,4900994,0.0,0.0,543.8763458251954,568.841767255042,56.14779316989777,-0.170992019546361,4.973823673833653,-5.144815693380014,20.992516772857407,972059852.0,0.02358153864001545
2022-07-12 00:00:00+05:30,565.5280426843401,572.9678922003034,555.2797325248154,566.0700073242188,3425619,0.0,0.0,545.3245056152343,568.7330707871666,54.95689665846775,0.9423908259735754,4.869765215482872,-3.9273743895092967,20.756491265902447,968634233.0,0.0009583338030527165
2022-07-13 00:00:00+05:30,567.153873985034,585.0883847116778,566.2177205405401,580.0134887695312,4569908,0.0,0.0,547.417269897461,569.1754401198084,59.54485843944763,2.916260340739541,5.47490778419907,-2.5586474434595297,20.63234027458506,973204141.0,0.022673943305968808
2022-07-14 00:00:00+05:30,580.4077122309436,582.8219838438823,565.8728841232927,575.4806518554688,4660656,0.0,0.0,550.1030548095703,569.4227033251285,57.49462967571733,4.067911741320472,5.301247347824002,-1.2333356065035292,20.369251663585388,968543485.0,-0.008488964346349681
2022-07-15 00:00:00+05:30,573.5097994035837,575.4806234565169,561.0443132108699,567.9915161132812,3051005,0.0,0.0,551.9961883544922,569.3665783364287,54.17562202693879,4.326420822269938,4.4478051430187735,-0.12138432074883576,19.94547216222921,965492480.0,-0.009621951178586826
2022-07-18 00:00:00+05:30,574.3967268574878,583.3639527489256,569.5681835960794,577.4022216796875,3583550,0.0,0.0,554.5629791259765,569.6817016047918,57.49598878022155,5.230364041162829,4.281398689529333,0.9489653516334973,19.61882676747315,969076030.0,0.005232437236616392
2022-07-19 00:00:00+05:30,572.3765283233745,580.9988832055924,568.976905085634,576.3181762695312,3586372,0.0,0.0,555.8400939941406,569.9419555132129,56.983775690858806,5.7924998176484905,3.8748275728119945,1.917672244836496,19.07619472122209,965489658.0,0.006886459788459142
2022-07-20 00:00:00+05:30,586.8128721583525,591.1979677827819,578.4368697849756,581.7379760742188,4550328,0.0,0.0,558.6212799072266,570.404544554821,58.95265307617777,6.599256893985398,3.7452677193191217,2.8539891746662764,18.776451634938418,970039986.0,-0.008648235791876643
2022-07-21 00:00:00+05:30,581.294636415842,587.2071091640155,576.5153515241985,578.9788818359375,3773423,0.0,0.0,560.8558746337891,570.740793075649,57.5095598148582,6.936027633999174,3.265630767466318,3.6703968665328564,18.198973492429744,966266563.0,-0.003983787970559997
2022-07-22 00:00:00+05:30,579.4222717903991,583.9058844836313,570.7506579830357,573.9532470703125,4351458,0.0,0.0,562.4162170410157,570.8667716636751,54.8746145438103,6.719930965994308,2.4396272795691614,4.280303686425147,17.83870585015588,961915105.0,-0.009438754749946847
2022-07-25 00:00:00+05:30,565.1337361584149,579.8163978253211,565.1337361584149,576.9586791992188,5783353,0.0,0.0,563.942822265625,571.1056699984023,56.16798714125796,6.7137936213905505,1.9467919479723221,4.767001673418228,17.613274122780908,967698458.0,0.020924149956408154
2022-07-26 00:00:00+05:30,575.4806737831974,590.9023974039649,573.1156606549426,589.0300903320312,6031921,0.0,0.0,565.7503875732422,571.8085884428583,61.002723617325294,7.595436263746933,2.2627476722629636,5.3326885914839695,17.625664310369572,973730379.0,0.023544520547945213
2022-07-27 00:00:00+05:30,587.3055643463147,594.9917660789387,581.3930922220229,593.9078369140625,2913380,0.0,0.0,567.9141571044922,572.6752256378074,62.78880359153433,8.588732234943336,2.604834914767493,5.983897320175843,17.33802213512287,976643759.0,0.011241631219851155
2022-07-28 00:00:00+05:30,596.2727377150622,617.8040245782256,594.2526552775902,607.7035522460938,5104503,0.0,0.0,571.3197296142578,574.0488855047992,67.34429620908973,10.369591187752803,3.5085550940615686,6.861036093691235,17.806462530054315,981748262.0,0.019170446354523564
2022-07-29 00:00:00+05:30,613.9117097735552,628.6436320129679,611.4974382117822,620.4154052734375,4732970,0.0,0.0,574.6750579833985,575.8671803976869,70.88164491054063,12.660730025465568,4.639755145419466,8.020974880046102,18.030292332684308,986481232.0,0.010593861293639754
2022-08-01 00:00:00+05:30,625.3424954927685,631.6491569996638,619.0851527067688,629.8754272460938,3055387,0.0,0.0,578.99609375,577.9851508623302,73.2075856321419,15.066145625190757,5.636136596115723,9.430009029075034,17.63984318698507,989536619.0,0.007248718559824205
2022-08-02 00:00:00+05:30,628.4464822975939,640.4685203305166,617.163503240325,639.2367553710938,3053206,0.0,0.0,583.7285308837891,580.3871745685562,75.30939597650107,17.52580914349187,6.4766400915334685,11.049169051958401,18.044498465785537,992589825.0,0.017169756498677077
2022-08-03 00:00:00+05:30,640.5178358137437,651.160273979847,635.5907755382533,643.2769775390625,4446383,0.0,0.0,588.5693664550781,582.8534413517133,76.17798170677683,19.57546854993609,6.821039598382152,12.754428951553939,17.867712749771837,997036208.0,0.004307673527644236
2022-08-04 00:00:00+05:30,643.3755878074293,663.625794548656,643.3755878074293,654.6585083007812,4705675,0.0,0.0,592.9914031982422,585.6693263301081,78.47519018888563,21.866173176433335,7.289395379903517,14.576777796529818,18.04493448261624,1001741883.0,0.01753706653962927
2022-08-05 00:00:00+05:30,655.3975207855219,664.1677119598163,655.299003639878,657.4176635742188,2455459,0.0,0.0,597.9652709960938,588.4829866141908,79.00378514397264,23.631801174260204,7.244018702184309,16.387782472075894,17.435239423789014,1004197342.0,0.0030823167995441955
2022-08-08 00:00:00+05:30,660.718767753847,666.1385339322902,652.7862129216265,659.437744140625,2446698,0.0,0.0,602.4932403564453,591.2655261250314,79.40260180098635,24.90696570578382,6.8153465869663385,18.09161911881748,17.14360239428006,1006644040.0,-0.0019388333974180102
2022-08-10 00:00:00+05:30,662.7389177499158,664.9560950482617,650.372007514766,660.3246459960938,3252353,0.0,0.0,607.2059722900391,593.9737269042888,79.58594010993973,25.69293617672099,6.0810536463228075,19.611882530398184,16.960779904224033,1009896393.0,-0.0036428700490667033
2022-08-11 00:00:00+05:30,663.2807925356068,668.4049469598765,659.6840748257607,663.7734985351562,3480693,0.0,0.0,611.3939727783203,596.7109728505973,80.31954096001215,26.291050153628703,5.343334098584414,20.94771605504429,16.372215063502015,1013377086.0,0.0007428317012858585
2022-08-12 00:00:00+05:30,663.7735260489184,675.0072473622005,663.1823028828626,668.3064575195312,3476671,0.0,0.0,616.0352630615234,599.5186389160457,81.2721406323596,26.821648428835488,4.699145899032956,22.12250252980253,16.047410021776006,1016853757.0,0.00682903323607217
2022-08-16 00:00:00+05:30,668.1093815979518,670.967100650899,660.6202739447361,664.0198974609375,2747244,0.0,0.0,620.8366821289062,602.0481000354532,77.45417643779165,26.589751706117454,3.573799341051938,23.015952365065516,15.640225499232214,1014106513.0,-0.006120979961744127
2022-08-17 00:00:00+05:30,662.7388883971647,666.5820196019982,658.6494643148735,662.7881469726562,2349839,0.0,0.0,625.1059783935547,604.4300626604415,76.34432354778198,26.00678982792988,2.3926699702914895,23.61411985763839,15.089677626938823,1011756674.0,7.432576592972732e-05
2022-08-18 00:00:00+05:30,660.2260521313087,667.8629952716336,659.1421229693022,663.5764770507812,1806855,0.0,0.0,629.4688934326172,606.7495298914354,76.5756673351521,25.31656637030642,1.361957210134424,23.954609160171994,14.634762960895433,1013563529.0,0.005074663304570975
2022-08-19 00:00:00+05:30,666.9268888940519,666.9268888940519,653.4267312642606,654.8555908203125,1961510,0.0,0.0,633.1247741699219,608.6360420847246,68.58490492739237,23.79160189514755,-0.13040581201955348,23.922007707167104,14.55371972295942,1011602019.0,-0.018099882123146855
2022-08-22 00:00:00+05:30,651.2587739948989,653.4266321430571,631.6490523673941,633.5706176757812,2303053,0.0,0.0,635.854360961914,609.6138685784916,53.82246400537584,20.627753216241103,-2.6354035927408006,23.263156808981904,15.171778203670774,1009298966.0,-0.02715995089112793
2022-08-23 00:00:00+05:30,632.6344762026922,645.4448316398184,627.4118048611261,643.326171875,1751341,0.0,0.0,639.3230072021485,610.9359196881586,58.25726425327645,18.692101130810556,-3.6568445425370797,22.348945673347636,15.376153101886594,1011050307.0,0.01690027349834509
2022-08-24 00:00:00+05:30,644.9522079268695,647.7113497286166,637.5616173089145,641.9959716796875,1781643,0.0,0.0,642.5748718261718,612.1539609427284,57.44712191759635,16.856436363045873,-4.39400744824141,21.250443811287283,15.002837338873416,1009268664.0,-0.004583651642475204
2022-08-25 00:00:00+05:30,644.4594267700924,650.2240627222825,637.6108015667461,639.2367553710938,1525852,0.0,0.0,645.085205078125,613.2160313124682,55.71632107423795,15.006032906555674,-4.995528723785288,20.001561630340962,14.832153325777915,1007742812.0,-0.008103956869982717
2022-08-26 00:00:00+05:30,646.4303038910233,660.7680371694066,644.4594797937946,657.2698364257812,3070661,0.0,0.0,648.253305053711,614.9436315129904,63.46395696799416,14.823814067154558,-4.142198050549126,18.966012117703684,15.310662502387556,1010813473.0,0.016768292682926733
2022-08-29 00:00:00+05:30,644.4594329480489,650.3226462400631,633.2257123525128,640.1235961914062,2728484,0.0,0.0,649.8743072509766,615.9310811082223,53.8219283550917,13.144326421381152,-4.657348557058029,17.80167497843918,15.934481186021907,1008084989.0,-0.006727866076548106
2022-08-30 00:00:00+05:30,643.3262381498056,658.2552548897221,641.9959559291227,657.1713256835938,2321586,0.0,0.0,651.7121032714844,617.5483456013742,60.282942084434154,13.038628465563647,-3.810437210300428,16.849065675864075,16.091422436900046,1010406575.0,0.02152109880300604
2022-09-01 00:00:00+05:30,645.444912725074,660.0289994874631,643.7204415842056,651.9486083984375,2472832,0.0,0.0,652.8157623291015,618.8973755149846,57.622981206042944,12.390601298337401,-3.566771502021341,15.957372800358742,16.106932113068442,1007933743.0,0.01007629860448483
2022-09-02 00:00:00+05:30,650.3719250103678,659.2406330786911,644.459452964819,651.7515258789062,2022058,0.0,0.0,653.4415008544922,620.1857735684717,57.5198393966095,11.725962589712253,-3.3851281685171912,15.111090758229444,16.012235541697276,1005911685.0,0.002121249112215967
2022-09-05 00:00:00+05:30,652.3427280364956,673.5783440878829,652.3427280364956,672.001708984375,4930594,0.0,0.0,654.8777374267578,622.2177710357621,64.54264828567274,12.687004275530853,-1.9392691861588744,14.626273461689728,16.427562875074376,1010842279.0,0.030135970101255682
2022-09-06 00:00:00+05:30,672.0509931330879,676.978053200046,668.6020510862172,674.5637817382812,3295941,0.0,0.0,655.8730010986328,624.2705557691943,65.32374370554096,13.49975779008173,-0.9012125372863995,14.40097032736813,15.852451392128263,1014138220.0,0.0037389850336784435
2022-09-07 00:00:00+05:30,668.1093419097567,677.7171089947421,665.9414234616254,674.613037109375,2310672,0.0,0.0,656.7327697753906,626.2447707237112,65.33955177339374,13.986616296440047,-0.33148322474246683,14.318099521182514,15.561253830770298,1016448892.0,0.009734477265394606
2022-09-08 00:00:00+05:30,676.9780657264987,681.018230998251,669.3903810540294,675.3521118164062,1889770,0.0,0.0,657.5284881591797,628.1705488057777,65.59301365241303,14.267624033932066,-0.04038038980035985,14.308004423732426,15.28029641030254,1018338662.0,-0.002401782262099669
2022-09-09 00:00:00+05:30,676.9780915823196,691.5129196039197,675.1057845928119,676.9288330078125,3953738,0.0,0.0,658.3586975097656,630.082638382328,66.16152676161755,14.450971113800847,0.11437335205473786,14.33659776174611,15.360784881788632,1022292400.0,-7.276243518012168e-05
2022-09-12 00:00:00+05:30,676.9288330078125,676.9288330078125,676.9288330078125,676.9288330078125,0,0.0,0.0,659.0164642333984,631.9197440539157,66.16152676161754,14.429935679352639,0.07467033408522283,14.355265345267416,14.263585961660873,1022292400.0,0.0
2022-09-13 00:00:00+05:30,679.93432350338,687.7683614335705,676.5838984311039,680.968994140625,2094822,0.0,0.0,659.6495910644531,633.843244057316,67.74532434441981,14.571303270600879,0.17283034026677058,14.398472930334108,14.04364860743271,1024387222.0,0.0015217214390851799
2022-09-14 00:00:00+05:30,675.0072760321976,691.5621869774619,672.0510397868012,682.7427368164062,2755630,0.0,0.0,660.5857330322266,635.7608712243392,68.44364102485746,14.657501759013144,0.20722306294322657,14.450278696069917,14.434184220520425,1027142852.0,0.011459818373631329
2022-09-15 00:00:00+05:30,682.0036278116955,687.8175827264628,674.5145205963665,679.5894165039062,2887795,0.0,0.0,661.4257965087891,637.4796377058909,65.71958096190697,14.30645221065788,-0.11506118832962997,14.42151339898751,14.353389785490126,1024255057.0,-0.003539880448342516
2022-09-16 00:00:00+05:30,675.0072724256707,684.368687152742,669.0947999664678,675.8448486328125,4073365,0.0,0.0,662.0392150878906,638.9841557814565,62.536585349402486,13.56966493136747,-0.6814787740960337,14.251143705463504,14.41913959983185,1020181692.0,0.0012408402714416413
2022-09-19 00:00:00+05:30,672.0510275260965,681.4124421323984,665.4980132437734,670.0309448242188,1708723,0.0,0.0,662.797982788086,640.2016769203883,57.85160787678147,12.373982685866281,-1.5017288156777795,13.87571150154406,14.52594597760279,1018472969.0,-0.003005847203766551
2022-09-20 00:00:00+05:30,673.3812508079371,688.0639133314955,672.1002272660635,678.9488525390625,1802967,0.0,0.0,665.06689453125,641.7211740034735,62.493163824065,12.007580599710536,-1.4945047214668197,13.502085321177356,14.776447586865219,1020275936.0,0.00826812704459062
2022-09-21 00:00:00+05:30,675.2043052821926,682.3978007557897,672.0509748959546,674.859375,1806929,0.0,0.0,666.6435546875,643.0207112974549,59.26982640528284,11.257448784367284,-1.7957092294480592,13.053158013815343,14.460046034934498,1018469007.0,-0.0005108532032367454
2022-09-22 00:00:00+05:30,671.0655901323124,676.9780622920686,664.1677059459304,669.4396362304688,1504203,0.0,0.0,668.015737915039,644.0567475693379,55.205829158455444,10.109104824527662,-2.3552425514301465,12.464347375957809,14.342211057163333,1016964804.0,-0.0024229433392987517
2022-09-23 00:00:00+05:30,671.5583122492906,676.9288199521401,657.2698375205823,659.2406616210938,1558314,0.0,0.0,669.0159332275391,644.6521951792107,48.47048277965152,8.280608250976343,-3.3469912999851736,11.627599550961516,14.72198044104865,1015406490.0,-0.01834189288334556
2022-09-26 00:00:00+05:30,649.5836138199874,652.2934968675075,628.6928670246942,636.7239990234375,2192702,0.0,0.0,667.9886413574219,644.3412855260432,37.571893746385314,4.957458554495133,-5.336112797173106,10.29357135166824,15.852395737859426,1013213788.0,-0.019796704416428706
2022-09-27 00:00:00+05:30,639.926591636189,641.4539682425067,623.7658104050664,627.7074584960938,2512782,0.0,0.0,667.3678344726562,643.6889785836922,34.250778262251785,1.5780877980394052,-6.972386842903068,8.550474640942474,15.9835216021152,1010701006.0,-0.019094585691231958
2022-09-28 00:00:00+05:30,619.9226985733899,623.2731236119823,606.0284126820065,607.5065307617188,2164186,0.0,0.0,664.8845947265625,642.2700590612619,28.2300548869912,-2.699021278256737,-8.999596735359368,6.300575457102632,16.3903447601132,1008536820.0,-0.020028574272637698
2022-09-29 00:00:00+05:30,611.448133987692,618.838723842499,608.048450625526,609.23095703125,3577828,0.0,0.0,662.7487121582031,640.9744080012615,29.371399592165194,-5.8817135156399445,-9.745831178194061,3.8641176625541167,16.02904821158942,1012114648.0,-0.0036261079774374573
2022-09-30 00:00:00+05:30,611.9408844604005,624.7019825662679,605.2400945339123,622.435546875,1588501,0.0,0.0,661.2829132080078,640.2473938394473,37.559873301724906,-7.254890141260603,-8.895206243051776,1.6403161017911727,16.274251055929863,1013703149.0,0.01714979776821661
2022-10-03 00:00:00+05:30,621.7950061485421,621.7950061485421,612.1872386208903,614.4536743164062,1285991,0.0,0.0,658.4055114746094,639.235875426779,34.92407695240301,-8.884794537617495,-8.420088511526934,-0.4647060260905609,15.843826570085566,1012417158.0,-0.01180667544695929
2022-10-04 00:00:00+05:30,624.554119653443,635.5907461898814,622.928225924474,633.8170166015625,1384242,0.0,0.0,656.3681732177735,639.0233711591235,45.00639003251201,-8.51587985631636,-6.44093906418064,-2.074940792135721,16.22191552032768,1013801400.0,0.014831215833240192
2022-10-06 00:00:00+05:30,638.9412327557911,668.1094069974731,638.9412327557911,664.6112060546875,3704140,0.0,0.0,655.8680816650391,640.0268156648319,56.53868711840105,-5.673280535887443,-2.8786717950013774,-2.7946087408860656,17.512663725726462,1017505540.0,0.04017579705754825
2022-10-07 00:00:00+05:30,661.6056697160394,663.1823049268994,649.9285009198356,656.3336791992188,1601796,0.0,0.0,654.9171600341797,640.6663005093177,53.30296326505449,-4.041835569196792,-0.9977814626485806,-3.044054106548211,17.310523826378276,1015903744.0,-0.007968478442881843
2022-10-10 00:00:00+05:30,646.085373104771,658.2551867052599,644.9521252972944,656.2843627929688,1089870,0.0,0.0,653.8849365234375,641.2787735400491,53.28339766608834,-2.7215112138072755,0.2580343141927486,-2.979545528000024,17.024276510777362,1014813874.0,0.015785823534723332
2022-10-11 00:00:00+05:30,659.5855327071105,659.5855327071105,630.6637130493972,633.3735961914062,1644047,0.0,0.0,651.7071746826172,640.9687665852003,45.0164382220756,-3.4836941831988497,-0.40331892415906,-3.0803752590397897,17.874101021272786,1013169827.0,-0.03974001128879165
2022-10-12 00:00:00+05:30,636.5761683344235,644.2131115303861,628.8899665661521,641.6017456054688,1530483,0.0,0.0,649.7388122558593,640.9935892918776,48.12905252947809,-3.384769272247695,-0.24351521056632386,-3.141254061681371,17.69188987434144,1014700310.0,0.007894699049438887
2022-10-13 00:00:00+05:30,642.9813909840617,646.4303333111793,632.3389524036265,638.8919067382812,938662,0.0,0.0,647.5462707519531,640.9111703682072,47.181741939586644,-3.4848606132181885,-0.274885241229454,-3.2099753719887345,17.434710662427964,1013761648.0,-0.006360190672892779
2022-10-14 00:00:00+05:30,648.4011599396598,649.879278085419,629.6783300933778,630.9100952148438,1386827,0.0,0.0,645.1123046875,640.518971342585,44.40906425823882,-4.160291949315933,-0.760253261861759,-3.4000386874541744,17.63229904311462,1012374821.0,-0.026975683890577515
2022-10-17 00:00:00+05:30,623.9136769053765,626.968430268024,614.8971323964589,622.2384643554688,2281559,0.0,0.0,642.4319854736328,639.8020887156393,41.55211487680504,-5.333819338752164,-1.5470245210383915,-3.7867948177137727,17.516632169919635,1010093262.0,-0.0026850069359223776
2022-10-18 00:00:00+05:30,625.342460647594,629.1855916868344,621.94283720301,627.4611206054688,1809430,0.0,0.0,640.3034942626953,639.3181291819071,43.89322360286489,-5.775843212654991,-1.591238715952974,-4.184604496702017,16.782783763769977,1011902692.0,0.003387999522183012
2022-10-19 00:00:00+05:30,630.6144360722227,630.6144360722227,615.882514301183,616.7694091796875,2157157,0.0,0.0,637.1945220947266,638.4338656524084,40.331670208570905,-6.909236695260461,-2.1797057588467545,-4.729530936413706,16.636293621432095,1009745535.0,-0.021954820728128027
2022-10-20 00:00:00+05:30,609.575884753004,620.8096064514663,606.028425345479,619.2329711914062,2686775,0.0,0.0,634.4132019042969,637.6808893990358,41.50935574331032,-7.521961836592027,-2.2339447201426568,-5.28801711644937,16.503785584614604,1012432310.0,0.015842303936146176
2022-10-21 00:00:00+05:30,620.9081413285742,621.3023302272337,607.5065608010937,612.9755859375,2547197,0.0,0.0,631.5899993896485,636.7120539691716,39.383128163466445,-8.415461419581334,-2.5019554425055706,-5.913505977075763,16.31035585900928,1009885113.0,-0.012775731002818981
2022-10-24 00:00:00+05:30,612.9755859375,612.9755859375,612.9755859375,612.9755859375,0,0.0,0.0,629.2767456054687,635.7812120855766,39.38312816346644,-9.019594011158802,-2.48487042726643,-6.534723583892371,15.145330440508618,1009885113.0,0.0
2022-10-25 00:00:00+05:30,615.0941796878515,641.453950570382,615.0941796878515,634.9501953125,4787246,0.0,0.0,629.1880554199219,635.7486231925147,49.84632014224591,-7.637169578506814,-0.8819567956915533,-6.755212782815261,16.09769002567814,1014672359.0,0.032281260789567355
2022-10-27 00:00:00+05:30,640.5178028492534,673.0363989939078,638.5469788404864,669.6859741210938,8328955,0.0,0.0,631.2869812011719,637.0794996995179,61.236573676791956,-3.6960949234243117,2.4472942875127597,-6.143389210937071,17.668298143944547,1023001314.0,0.045538423978365425
2022-10-28 00:00:00+05:30,666.729745638172,668.5527939537368,653.7716137210421,660.6202392578125,2500826,0.0,0.0,633.9426666259766,638.0026659567059,57.56223732324915,-1.2894301551351646,3.883167244641525,-5.17259739977669,17.543016876523627,1020500488.0,-0.009163392544473365
2022-10-31 00:00:00+05:30,662.1969036941416,666.5819993859529,659.2899260909332,664.1184692382812,1380329,0.0,0.0,636.6870422363281,639.0268151050029,58.59465274986886,0.8898888515689123,4.849989001076482,-3.960100149507569,16.810806620701918,1021880817.0,0.0029018038795107087
2022-11-01 00:00:00+05:30,660.2261213226172,678.2098925377483,660.2261213226172,676.3375854492188,2846573,0.0,0.0,639.3821441650391,640.489982569482,62.06606375964508,3.561935647419773,6.017628637541874,-2.4556929901221007,16.89458980601828,1024727390.0,0.024402948635727624
2022-11-02 00:00:00+05:30,675.007311818902,683.8267624475363,672.3466870280314,674.218994140625,1912908,0.0,0.0,642.37041015625,641.8126889056052,61.109420870538315,5.445823310179662,6.32121304024141,-0.8753897300617481,16.507838778410186,1022814482.0,-0.0011678653911952755
2022-11-03 00:00:00+05:30,668.7991646524667,677.9634846102485,668.0601056212782,670.2772827148438,1639039,0.0,0.0,644.1934234619141,642.9289474863597,59.27872246526832,6.545304489941145,5.936555376002315,0.6087491139388307,16.03609165059305,1021175443.0,0.002210107518817092
2022-11-04 00:00:00+05:30,673.2335570725971,693.6808580966831,672.395920702814,691.512939453125,3624889,0.0,0.0,645.5385101318359,644.8342020732916,65.30845242721522,9.02614350745273,6.73391551481112,2.2922279926416107,16.562340488539213,1024800332.0,0.02715162099169803
2022-11-07 00:00:00+05:30,695.0111293112728,705.0130860001269,689.788457306338,699.642578125,3121786,0.0,0.0,647.703955078125,646.9835501537508,67.30442980315738,11.51547695075294,7.378599166489064,4.136877784263877,16.466789646057045,1027922118.0,0.0066638484168113025
2022-11-09 00:00:00+05:30,705.5550764656364,705.7521709181866,692.7939775089843,696.242919921875,1632827,0.0,0.0,649.7018829345703,648.9152901446577,65.60456379921341,13.063381108636236,7.141202659497887,5.9221784491383485,16.21617562913885,1026289291.0,-0.013198341071272723
2022-11-10 00:00:00+05:30,689.5914159551729,695.4053717437333,687.0293684029715,690.8231811523438,932886,0.0,0.0,652.5743621826172,650.5587368508415,62.878109054952134,13.694912258027898,6.218187047111639,7.476725210916259,15.715988192693468,1025356405.0,0.0017862246667683308
2022-11-11 00:00:00+05:30,695.7008744241134,711.4182079078342,694.863298279105,708.51123046875,2607860,0.0,0.0,655.9198364257812,652.8313836593869,67.60930350279234,15.444646725007942,6.374337211273346,9.070309513734596,16.06449094717897,1027964265.0,0.018413597733710967
2022-11-14 00:00:00+05:30,712.0587270036708,720.730401204938,706.1955733912674,708.9054565429688,2089880,0.0,0.0,659.4205139160156,655.0303669097235,67.70808703890926,16.670962171154997,6.080522125936319,10.590440045218678,15.95522929478551,1030054145.0,-0.004428385386091623
2022-11-15 00:00:00+05:30,709.8908725273052,714.2759080812332,702.401704779739,711.8123779296875,1065114,0.0,0.0,663.4656280517578,657.2571124399183,68.4716384927364,17.673659315981013,5.6665754166098665,12.007083899371146,15.663727438121843,1031119259.0,0.0027067616682286614
2022-11-16 00:00:00+05:30,709.989388543643,711.4182480582175,693.7300895693611,697.9180908203125,1395043,0.0,0.0,667.249609375,658.8516606116984,61.042102605625736,17.149462844473078,4.113903156081545,13.035559688391533,15.836481789707884,1029724216.0,-0.01700208188757811
2022-11-17 00:00:00+05:30,694.7155409329197,702.549579274524,687.3742086487147,698.2630004882812,1391449,0.0,0.0,670.7897033691406,660.3972033519566,61.154781432381135,16.570846290799523,2.82822928192639,13.742617008873133,15.789259563715133,1031115665.0,0.005106348348847583
2022-11-18 00:00:00+05:30,699.6425039444034,701.2191390503122,690.9708905723571,697.8687744140625,893816,0.0,0.0,674.8446716308594,661.8666767269411,60.93783202564038,15.89722444606582,1.7236859497541506,14.17353849631167,15.39347305758941,1030221849.0,-0.0025351940746039404
2022-11-21 00:00:00+05:30,709.4967199791453,712.3051204378165,682.5457227989615,686.3887939453125,3360316,0.0,0.0,678.2024627685547,662.8283283825635,54.837086520465355,14.27251117480921,0.07917814279803181,14.193333032011179,16.41961052767981,1026861533.0,-0.03256946139865452
2022-11-22 00:00:00+05:30,686.3394991265056,699.5440447756523,680.9197328017451,697.9180908203125,2421572,0.0,0.0,682.4495880126954,664.2043974977694,59.24949087728763,13.756653961718598,-0.34934325623406437,14.105997217952662,16.57708920241034,1029283105.0,0.01687006460875815
2022-11-23 00:00:00+05:30,699.7410673799629,711.4674947446066,697.6717261484507,710.0386352539062,1735389,0.0,0.0,687.3027404785156,666.0018185862453,63.308018524396886,14.162602379649798,0.045284129357707315,14.11731825029209,16.378423444820733,1031018494.0,0.014716254846239682
2022-11-24 00:00:00+05:30,711.467413095633,717.8233320698321,706.6388705831973,715.3598022460938,1654760,0.0,0.0,691.3232208251953,667.9374257885923,64.95805344834199,14.74373651410474,0.5011346110501194,14.24260190305462,16.00742616209316,1032673254.0,0.005470931034669267
2022-11-25 00:00:00+05:30,711.467519455481,717.9712151045028,709.5952124516335,715.6062622070312,1466688,0.0,0.0,693.6192352294922,669.8067919226488,65.03647967036494,15.05068186973142,0.6464639733414383,14.404217896389982,15.462324482862883,1034139942.0,0.005817191422480974
2022-11-28 00:00:00+05:30,708.0185442734074,714.1773694671566,699.6425420099085,705.2101440429688,2418509,0.0,0.0,695.84873046875,671.1951586724654,59.03457581900566,14.290328413106522,-0.09111158662676999,14.381439999733292,15.498138462452872,1031721433.0,-0.00396656309803404
2022-11-29 00:00:00+05:30,704.0769109219979,725.1647528857605,703.4363690304975,721.8635864257812,3306817,0.0,0.0,698.735986328125,673.1821558392621,64.66067912923927,14.860236881751689,0.38303750561471794,14.477199376136971,15.943155990510741,1035028250.0,0.025262404188899624
2022-11-30 00:00:00+05:30,723.3909182233926,734.7724748303568,720.4346822516668,732.5552978515625,3962572,0.0,0.0,701.5468719482421,675.5105143495484,67.72532319241304,15.99029899363859,1.210479694001295,14.779819299637294,15.82848717538069,1038990822.0,0.012668640699384302
2022-12-01 00:00:00+05:30,736.2506612590654,741.9660393067561,732.2596942104101,735.4130249023438,1942307,0.0,0.0,704.6065734863281,677.8596324104424,68.51134422006191,16.921416492830076,1.7132777545542233,15.208138738275853,15.391191312592499,1040933129.0,-0.0011377054049624897
2022-12-02 00:00:00+05:30,735.757907536411,740.3400373347323,729.7468581377942,732.2103881835938,1392199,0.0,0.0,707.7032287597656,679.9910345976248,66.55509060431861,17.202606858019067,1.5955744957945708,15.607032362224496,15.048476161474326,1039540930.0,-0.004821585084550016
2022-12-05 00:00:00+05:30,735.5608477701635,747.9277571539643,735.117400312065,745.562744140625,2129340,0.0,0.0,710.4057189941407,682.5624741875464,70.3555878179662,18.292016800445822,2.14798755057706,16.144029249868762,15.096254219252629,1041670270.0,0.01359764647721808
2022-12-06 00:00:00+05:30,743.9368361182384,744.725153726042,729.4020084404889,735.8564453125,1468238,0.0,0.0,712.2164123535156,684.6524338395053,64.6081031068782,18.162795432292228,1.6150129459387728,16.547782486353455,15.172288610744307,1040202032.0,-0.010861662460351822
2022-12-07 00:00:00+05:30,736.1520277474601,740.0444172037854,725.5095901015806,727.3818969726562,1162282,0.0,0.0,713.7733612060547,686.3280990604133,59.9994493601596,17.17853784970805,0.5046042906836767,16.673933559024373,15.126755645848633,1039039750.0,-0.011913477711444275
2022-12-08 00:00:00+05:30,727.3819278556225,735.8071888436286,725.3125264663437,733.8363647460938,1053397,0.0,0.0,715.9240203857422,688.191168302989,62.21044278984301,16.726515374057726,0.042065452026680106,16.684449922031046,14.795891840951228,1040093147.0,0.008873518358504473
2022-12-09 00:00:00+05:30,737.5316145339683,739.8473086481297,727.4311416557848,729.5990600585938,1338271,0.0,0.0,716.9784118652344,689.8150071953658,59.870795188621635,15.84373254343086,-0.6725739028801492,16.51630644631101,14.625911494622203,1038754876.0,-0.010755545008585136
2022-12-12 00:00:00+05:30,727.234141033438,731.1757894943239,716.8873138236127,730.0425415039062,1224081,0.0,0.0,718.0352661132813,691.3925575604067,60.04018258612065,15.00691565417901,-1.2075126337056012,16.214428287884612,14.601808935771421,1039978957.0,0.003861755536500686
2022-12-13 00:00:00+05:30,733.6392973572126,735.1174154848632,724.9184244619867,733.3929443359375,1201367,0.0,0.0,719.1142944335937,693.039631551604,61.366923410654,14.447539506418025,-1.4135110251732712,15.861050531591296,14.287321941993213,1041180324.0,-0.0003357958361316843
2022-12-14 00:00:00+05:30,737.0388857940486,748.568217728146,734.9694845960054,746.8930053710938,1471083,0.0,0.0,721.5630401611328,695.1515285641331,66.23201609193394,14.921565461758291,-0.7515880558664048,15.673153517624696,14.35074704558002,1042651407.0,0.013369877447414198
2022-12-15 00:00:00+05:30,744.9715292971223,751.7708966779842,730.1903481602745,732.5060424804688,1690335,0.0,0.0,723.2751922607422,696.616411462813,57.868445715974275,13.97522903706897,-1.3583395844445807,15.333568621513551,14.867161436446422,1040961072.0,-0.0167328365265377
2022-12-16 00:00:00+05:30,729.0078361503543,736.6447796802132,724.2778702511395,732.6046142578125,1498658,0.0,0.0,725.0119842529297,698.0277135332051,57.907664570997866,13.082398771621115,-1.8009358799139488,14.883334651535064,14.688572007348373,1042459730.0,0.004933798964976326
2022-12-19 00:00:00+05:30,731.175757873877,739.8473720838566,728.9585807105129,738.51708984375,944749,0.0,0.0,727.6183990478515,699.61553221205,60.29510704189363,12.705451188491793,-1.7423067704346185,14.447757958926411,14.417159104919467,1043404479.0,0.010040447718370997
2022-12-20 00:00:00+05:30,729.6483577249498,736.2506304280404,722.4055431373531,734.9202880859375,1512103,0.0,0.0,729.4685089111329,701.0000324423986,58.13488431835217,11.978406062186082,-1.9754815173922644,13.953887579578346,14.538186790739282,1041892376.0,0.0072253028533163285
2022-12-21 00:00:00+05:30,739.0590105092834,741.9659879795752,728.8600202221658,732.2596435546875,1605753,0.0,0.0,730.5795593261719,702.2258995448414,56.52169017392188,11.060032612448822,-2.3150839737036204,13.375116586152442,14.435885431215722,1040286623.0,-0.009200032552083378
2022-12-22 00:00:00+05:30,732.2596127980074,738.0735674943908,723.7358353216854,726.7905883789062,1403642,0.0,0.0,731.1510986328125,703.189220675589,53.25065715081257,9.778191090940368,-2.8775403961696604,12.655731487110028,14.428874484179268,1038882981.0,-0.007468695970004009
2022-12-23 00:00:00+05:30,719.3015180338556,725.8052133260817,711.8616692910635,717.2321166992188,1687270,0.0,0.0,731.2323913574219,703.7399224804373,48.02003773301662,7.899967758148932,-3.804610983168878,11.70457874131781,14.464591955869514,1037195711.0,-0.002876959498560985
2022-12-26 00:00:00+05:30,716.9365475580522,726.5935739236431,712.6992876383805,721.5187377929688,1168456,0.0,0.0,732.0478210449219,704.437130924066,50.37425485159078,6.680349818190962,-4.019383138501478,10.69973295669244,14.423855836540453,1038364167.0,0.006391346975578068
2022-12-27 00:00:00+05:30,725.1647467594703,758.0774729205068,723.7358872676566,753.7909545898438,4992699,0.0,0.0,733.644189453125,706.3725749893906,63.70278463385095,8.223101207226023,-1.9813053995731345,10.204406606799157,16.00491864304028,1043356866.0,0.03947545431337478
2022-12-28 00:00:00+05:30,749.8985784345817,755.9095679488789,746.1047660575746,750.58837890625,1917734,0.0,0.0,734.5458435058594,708.1065280841694,61.92532881724085,9.082622882482724,-0.8974269794531473,9.980049861935871,15.562053160773429,1041439132.0,0.0009198583535232546
2022-12-29 00:00:00+05:30,744.9715403562632,760.1961691821826,741.522598039799,758.1760864257812,2103907,0.0,0.0,735.6839965820312,710.0700401759974,64.45581962811188,10.257818836079764,0.22221517931511414,10.03560365676465,15.784304445174156,1043543039.0,0.017724900018601174
2022-12-30 00:00:00+05:30,761.7235047379827,766.1578589052801,754.0865614498593,756.845703125,2190914,0.0,0.0,736.9157623291015,711.9043798994877,63.65696924615023,10.955530743410236,0.7359416693164675,10.219589074093768,15.519089660191772,1041352125.0,-0.006403638042731211
2023-01-02 00:00:00+05:30,760.6395644087783,772.0703198146194,754.9734452780392,763.9899291992188,3360043,0.0,0.0,737.8371215820313,713.9469504602615,66.08763100550496,11.9472315457474,1.3821139773229039,10.565117568424496,15.631788579933804,1044712168.0,0.004404668054631933
2023-01-03 00:00:00+05:30,764.8275864216275,765.1724565811062,752.4606170822466,756.6979370117188,1635681,0.0,0.0,738.8791961669922,715.6234597367893,61.561877152819875,12.006356939507327,1.1529914968662656,10.853365442641062,15.423220788428505,1043076487.0,-0.010629388314750373
2023-01-04 00:00:00+05:30,755.2197749452739,756.4515399356304,723.8343669041259,725.558837890625,2819669,0.0,0.0,738.7880432128907,716.0130824094887,46.817575755496,9.431824974080996,-1.137232374848054,10.56905734892905,16.668960025511673,1040256818.0,-0.03927457680355133
2023-01-05 00:00:00+05:30,731.0279075747469,741.8674401594462,725.8052357219838,739.7488403320312,2452379,0.0,0.0,739.0836669921875,716.9438964456668,52.41102620867181,8.439222347217083,-1.7038680013695746,10.143090348586657,16.64322018574807,1042709197.0,0.011929685128187309
2023-01-06 00:00:00+05:30,739.0590487817019,743.3948859257996,715.3599006463912,717.724853515625,3536096,0.0,0.0,738.489956665039,716.9745222131162,44.57491883919705,5.808469519194887,-3.4676966635134168,9.276166182708304,17.456917692438093,1039173101.0,-0.02886669921875004
2023-01-09 00:00:00+05:30,726.0022857455053,735.7578885328086,724.4256506148265,731.5205688476562,1761359,0.0,0.0,738.5638580322266,717.5449554144707,49.65283689849057,4.781657905274528,-3.59560662194702,8.377264527221548,17.498068929919913,1040934460.0,0.007600916981252192
2023-01-10 00:00:00+05:30,733.3929480479603,740.4879271255497,724.3271447901949,734.3291015625,2289489,0.0,0.0,738.6106658935547,718.2031572241974,50.64421061181596,4.146726539367023,-3.3844303902836206,7.531156929650644,17.40254845887955,1043223949.0,0.0012764692066257269
2023-01-11 00:00:00+05:30,739.0590721086417,747.3858163500219,737.1375064922029,743.1978149414062,2794465,0.0,0.0,738.4259063720704,719.1833398797742,53.74175382290585,4.309492758248325,-2.577331337121855,6.88682409537018,17.09213176806829,1046018414.0,0.005600016276041595
2023-01-12 00:00:00+05:30,747.3364865931816,753.24895860691,741.6210488640903,752.3128051757812,2422254,0.0,0.0,739.4162445068359,720.4825345972646,56.74632538015107,5.1150268486237565,-1.41743779739714,6.532464646020896,16.701830194836248,1048440668.0,0.006658738964137545
2023-01-13 00:00:00+05:30,753.8401815281646,760.688806971003,750.5883339505276,757.2891235351562,1816006,0.0,0.0,740.6504699707032,721.9259302418878,58.33735003905037,6.084823662074768,-0.35811278715690253,6.442936449231671,16.230304682381902,1050256674.0,0.004575163398692826
2023-01-16 00:00:00+05:30,757.5354896475388,759.7526666904097,742.7050507897359,748.1248168945312,1673126,0.0,0.0,741.1308563232421,722.9533375615994,54.37094618075369,6.044237460118325,-0.31895919129067707,6.363196651409002,16.288684055117038,1048583548.0,-0.012422748348577206
2023-01-17 00:00:00+05:30,747.3857383835729,752.6084099193611,736.3983705998353,746.4495849609375,1480994,0.0,0.0,741.7073211669922,723.8747590282402,53.65281666845419,5.809922219322857,-0.4426195456689159,6.252541764991773,16.283066574003378,1047102554.0,-0.0012525706265951047
2023-01-18 00:00:00+05:30,747.927730208308,758.2745565155376,744.1831765260756,755.9588623046875,1740579,0.0,0.0,742.8922821044922,725.1329591567282,57.11535771418171,6.318706793479464,0.05293202279015219,6.265774770689312,16.12651753225042,1048843133.0,0.010737845077816104
2023-01-19 00:00:00+05:30,751.8201212923666,762.708912209031,746.0061662499165,748.96240234375,2185302,0.0,0.0,744.0008728027344,726.0674471248468,53.92334972432785,6.087196969584625,-0.14286224088374944,6.230059210468374,16.167676705597856,1046657831.0,-0.00380106739322728
2023-01-20 00:00:00+05:30,748.9131083131372,752.8547562516274,727.6282335031999,730.6337280273438,3001352,0.0,0.0,744.6709533691406,726.2465169641605,46.57921524720981,4.3743283932062695,-1.4845846538096845,5.858913047015954,16.81473713722854,1043656479.0,-0.024407878674958923
2023-01-23 00:00:00+05:30,726.790684610896,736.2506768875048,715.4091868490716,723.2432250976562,3335294,0.0,0.0,744.757177734375,726.1287408125329,43.97827954645491,2.39293165785557,-2.7727851113283073,5.165716769183877,17.102362344457447,1040321185.0,-0.0048809919944681375
2023-01-24 00:00:00+05:30,724.2778832106361,727.1356023179508,708.5112898346222,711.5167846679688,3146984,0.0,0.0,742.6434692382812,725.5557229245107,40.14761525276002,-0.12215711959220243,-4.230299111020864,4.108141991428662,17.21107306866253,1037174201.0,-0.017619064227253428
2023-01-25 00:00:00+05:30,712.4529035012018,716.2960345074597,706.5404312729761,714.078857421875,1567673,0.0,0.0,740.8179931640625,725.1056497675446,41.34964832899066,-1.8868942939807312,-4.796029028327514,2.9091347343467833,16.67853950907832,1038741874.0,0.002282191444069855
2023-01-27 00:00:00+05:30,717.1828851471729,717.6263326030719,701.219197748262,710.8269653320312,2706934,0.0,0.0,738.450537109375,724.5457013583087,40.244870761587826,-3.507430260637534,-5.133251995987454,1.6258217353499198,16.65915346234486,1036034940.0,-0.008862341735661122
2023-01-30 00:00:00+05:30,714.4237109704885,714.4237109704885,682.6934320542922,691.463623046875,2277856,0.0,0.0,735.1814331054687,723.2483649539388,34.358286048000494,-6.281764316969316,-6.326068841855388,0.04430452488607273,17.73566242333425,1033757084.0,-0.03213791419719824
2023-01-31 00:00:00+05:30,698.3615307458211,709.299580425397,693.8779179544555,705.9984741210938,2294866,0.0,0.0,732.2818603515625,722.5718986467684,41.299130941035266,-7.224325508266247,-5.814904026521856,-1.4094214817443913,17.742826348704806,1036051950.0,0.010935515544673072
2023-02-01 00:00:00+05:30,711.4674910636654,727.9238841186087,709.2995725522444,719.05517578125,3271508,0.0,0.0,730.3997222900391,722.4339879461598,46.74651549357773,-6.838910633876594,-4.3435913217057625,-2.495319312170832,18.04158232361982,1039323458.0,0.010664836851843731
2023-02-02 00:00:00+05:30,719.1044516099637,726.1501719049583,711.2211551209199,716.7887573242188,2299091,0.0,0.0,729.9612182617187,722.2126063531426,45.949411908921924,-6.639808023632099,-3.3155909691690137,-3.3242170544630856,17.819256213649716,1037024367.0,-0.0032202474627440534
2023-02-03 00:00:00+05:30,716.394542822187,723.5880385822302,709.0039526280103,721.1737670898438,2558496,0.0,0.0,729.0324645996094,722.1718675585034,47.803878037779086,-6.0583472733494546,-2.1873041751090954,-3.871043098240359,17.58817262369044,1039582863.0,0.006671218137465651
2023-02-06 00:00:00+05:30,717.2320944993959,720.6317779016046,698.7556196447562,700.6771850585938,1202963,0.0,0.0,728.1800811767578,721.3289388330169,40.763644705958455,-7.168800838745028,-2.638206192403735,-4.530594646341293,17.93317082521881,1038379900.0,-0.023081662920225163
2023-02-07 00:00:00+05:30,697.671749653456,710.1372364700068,695.7994426515587,703.6827392578125,1946683,0.0,0.0,726.7881896972656,720.6369310065384,42.10998664809055,-7.717359270513384,-2.549411699337673,-5.167947571175711,17.676358181878044,1040326583.0,0.00861578472590046
2023-02-08 00:00:00+05:30,707.3287946047175,725.263306885461,702.1553810705481,721.2723999023438,1793312,0.0,0.0,726.1353546142578,720.6618513553935,49.36349840710199,-6.656030591332069,-1.1904664161250853,-5.465564175206984,18.064327298523395,1042119895.0,0.019713046328643385
2023-02-09 00:00:00+05:30,722.307078644484,726.6429159984893,711.9109928839462,713.1920166015625,956700,0.0,0.0,724.6350646972656,720.3689166591649,46.48218568987058,-6.393242053673021,-0.7421423027728293,-5.651099750900191,17.82629842823909,1041163195.0,-0.012619372442019097
2023-02-10 00:00:00+05:30,711.4675309868339,716.0497212761712,701.6134100590384,708.4620361328125,997205,0.0,0.0,722.4425262451172,719.9019801679354,44.832542924649744,-6.491816518214591,-0.67257341385152,-5.819243104363071,17.584156484588643,1040165990.0,-0.004224359824056474
2023-02-13 00:00:00+05:30,705.555051535841,717.0843849376594,704.5696394526905,707.5751342773438,863438,0.0,0.0,719.9568267822266,719.4185744467359,44.51353873566901,-6.565816414593996,-0.5972586481847397,-5.968557766409257,17.222055698901517,1039302552.0,0.0028631114426938753
2023-02-14 00:00:00+05:30,711.1226079813587,715.409126208582,705.0130414310629,713.2904663085938,931784,0.0,0.0,718.2151092529297,719.1782564805343,47.12454386809301,-6.093045499981372,-0.09959018685769205,-5.99345531312368,16.734486347374204,1040234336.0,0.00304850148610647
2023-02-15 00:00:00+05:30,709.5952161401602,717.9712188365685,709.5952161401602,716.5424194335938,859372,0.0,0.0,716.7197509765625,719.0748903218307,48.606437113740064,-5.393789457193975,0.4797326847437642,-5.873522141937739,16.137451800876637,1041093708.0,0.009790375041171777
2023-02-16 00:00:00+05:30,720.1390886619046,720.7796305296797,713.3890404158573,717.3306884765625,649802,0.0,0.0,714.7883422851562,719.0064902494672,48.97970500628754,-4.72158973412138,0.9215459262530867,-5.643135660374467,15.51267596608705,1041743510.0,-0.0038998024542180785
2023-02-17 00:00:00+05:30,715.4091569154824,725.1647603858779,714.8179337362739,717.774169921875,1142716,0.0,0.0,713.2289306640625,718.9581639621107,49.203233884856665,-4.105752801784661,1.2299062868718451,-5.335659088656506,15.143686729195409,1042886226.0,0.0033058187521521855
2023-02-20 00:00:00+05:30,717.774108091767,722.3069791279756,710.8762242528913,712.7977294921875,606435,0.0,0.0,712.3371307373047,718.7165782966235,46.72919234274872,-3.9734512759484915,1.0897662501664112,-5.063217526114903,14.878477311044614,1042279791.0,-0.006933070646431316
2023-02-21 00:00:00+05:30,719.3508184949497,725.2632909757302,706.8360730483419,709.59521484375,1749017,0.0,0.0,711.6547302246094,718.3588777690599,45.15563598547874,-4.079985992323259,0.7865852270333153,-4.866571219356574,15.131958783640597,1040530774.0,-0.013561677279537618
2023-02-22 00:00:00+05:30,709.5952140838323,712.6992861908299,684.8613949569675,689.7391967773438,1810091,0.0,0.0,710.5658508300781,717.2365373380121,36.86646276806414,-5.700913652987424,-0.6674739469046793,-5.033439706082745,16.039525387227865,1038720683.0,-0.027982174784147735
2023-02-23 00:00:00+05:30,691.6607413241421,703.879814646167,689.8869515199318,691.0694580078125,1824396,0.0,0.0,709.415380859375,716.2103773642789,37.69169212069651,-6.799785839932042,-1.4130769070794376,-5.3867089328526045,15.90388913591325,1040545079.0,-0.0008548747688030508
2023-02-24 00:00:00+05:30,694.7155044444286,696.4399755547516,667.321061120824,675.0072631835938,2142286,0.0,0.0,707.6243957519531,714.5945689650364,32.216002387838245,-8.864549837448294,-2.7822727236765505,-6.0822771137717435,16.847819514342852,1038402793.0,-0.028368794326241092
2023-02-27 00:00:00+05:30,674.514524035205,675.0072300425353,656.1365659038737,670.5728759765625,1814311,0.0,0.0,706.5798583984375,712.8682280635277,30.88213127184237,-10.734962207146395,-3.722148074699721,-7.012814132446675,16.992310783298368,1036588482.0,-0.005843681519357132
2023-02-28 00:00:00+05:30,673.9726330278127,673.9726330278127,655.2005441282976,657.4669799804688,1915622,0.0,0.0,704.1532836914063,710.6956300994862,27.286260845623367,-13.12353383315508,-4.888575760566724,-8.234958072588356,17.119437791599562,1034672860.0,-0.024490093868044013
2023-03-01 00:00:00+05:30,658.2552117320987,668.8976492341417,658.2552117320987,666.8283081054688,1464537,0.0,0.0,701.5419403076172,708.9753429624659,33.26368944166244,-14.098593304151564,-4.690908185250565,-9.407685118900998,16.71309718174766,1036137397.0,0.013023970369807247
2023-03-02 00:00:00+05:30,670.2280268954901,673.7262276285331,663.7735298807686,665.2516479492188,1091983,0.0,0.0,698.9650848388671,707.2606882560641,32.77500779266357,-14.827634516922103,-4.3359595184168835,-10.49167499850522,16.23021150789172,1035045414.0,-0.007424904281192199
2023-03-03 00:00:00+05:30,671.5583010542363,675.9926552064653,666.1877934409146,672.3466186523438,1084202,0.0,0.0,696.5237274169922,705.8915090559182,37.24302476118092,-14.663864191442485,-3.3377513543498125,-11.326112837092673,15.838125489988496,1036129616.0,0.0011738632325294074
2023-03-06 00:00:00+05:30,673.5291237949574,673.8247353755681,663.5271676133906,664.4140625,1215223,0.0,0.0,694.7105712890625,704.2649425243136,34.48345099719737,-15.001241046123369,-2.9401025672245567,-12.061138478898812,15.442371366573427,1034914393.0,-0.013533284564740365
2023-03-08 00:00:00+05:30,660.2259927339791,667.123876240155,654.3135211572569,665.5472412109375,1539129,0.0,0.0,692.8037963867188,702.7466012963381,35.221857457318166,-15.004217305230213,-2.354463061065122,-12.649754244165091,15.254370203453762,1036453522.0,0.008059737931436592
2023-03-09 00:00:00+05:30,667.2224692990645,681.8558742034635,662.7388565388098,670.2772827148438,6336933,0.0,0.0,690.2540405273437,701.4732946852992,38.34549420261796,-14.45823565259218,-1.4467851267416698,-13.01145052585051,15.530273593539468,1042790455.0,0.004578403090933654
2023-03-10 00:00:00+05:30,658.5015845198535,671.4104579661853,656.3829246120098,669.4889526367188,5369878,0.0,0.0,688.0688873291016,700.2190067618254,38.01646714272256,-13.928592761143932,-0.7337137882347378,-13.194878972909194,15.49436357644204,1037420577.0,0.016685408775252503
2023-03-13 00:00:00+05:30,672.8393638513152,681.3632024982204,663.2315959619879,665.744384765625,1602921,0.0,0.0,685.9330047607422,698.8670608011901,36.417971975097075,-13.653611946892738,-0.3669863791868355,-13.286625567705903,15.682738073569935,1035817656.0,-0.010544833532150516
2023-03-14 00:00:00+05:30,668.1093684993198,672.8393343004478,657.9596364345542,662.2461547851562,1555671,0.0,0.0,683.6665557861328,697.430946839777,34.939909856797144,-13.56163550172596,-0.220007947216045,-13.341627554509914,15.62537805873591,1034261985.0,-0.008775829213910343
2023-03-15 00:00:00+05:30,671.0655726707632,674.810126245551,664.8574890935131,669.7352905273438,1173429,0.0,0.0,681.4887969970703,696.344842670662,40.506795728253756,-12.737601697711625,0.48322068543863317,-13.220822383150258,15.406706158854401,1035435414.0,-0.001982343004313442
2023-03-16 00:00:00+05:30,665.3502623707586,665.8429684210711,639.5817118815099,652.7369995117188,2512474,0.0,0.0,678.2985260009766,694.6347311742329,33.50025019205873,-13.302822340283456,-0.06559996570655713,-13.237222374576898,16.460054193638644,1032922940.0,-0.018957327549697853
2023-03-17 00:00:00+05:30,660.2261143111555,668.1094111984529,654.8063477011385,666.5327758789062,1667707,0.0,0.0,675.7586303710938,693.5326937116711,42.233531440552724,-12.493542138189014,0.5949441891103096,-13.088486327299323,16.382365443145467,1034590647.0,0.009552275244869422
2023-03-20 00:00:00+05:30,663.0837833447274,663.0837833447274,650.3719440173857,658.403076171875,1480884,0.0,0.0,672.7900756835937,692.1550616512869,38.98444108534934,-12.3656372027707,0.5782792996229009,-12.9439165023936,16.366541615886547,1033109763.0,-0.007058998109171036
2023-03-21 00:00:00+05:30,661.7042053428934,661.7042053428934,652.3427906731131,656.0380859375,1133592,0.0,0.0,669.9520935058594,690.738709662511,38.06697031662743,-12.313168030438419,0.5045987775641461,-12.817766808002565,15.866175405450386,1031976171.0,-0.008562918838421476
2023-03-22 00:00:00+05:30,656.284467790027,661.4578813874708,650.4212536839674,652.5891723632812,949388,0.0,0.0,667.1017913818359,689.2426493762667,36.71014280435057,-12.406865710110765,0.3287208783134421,-12.735586588424207,15.521207712454174,1031026783.0,-0.005630630630630714
2023-03-23 00:00:00+05:30,652.244271393793,661.014402705761,648.6474932902913,658.0581665039062,1099501,0.0,0.0,665.5177398681641,688.0197284793114,40.34141737772089,-11.902613753221772,0.6663782681619494,-12.568992021383721,15.295900691240993,1032126284.0,0.008913677536315322
2023-03-24 00:00:00+05:30,661.3593276048263,661.3593276048263,646.1839578348943,648.2040405273438,1563002,0.0,0.0,663.3744689941407,686.4583289517833,36.30005669840607,-12.157986357741493,0.3288045309137839,-12.486790888655277,15.287291339718921,1030563282.0,-0.0198912853094937
2023-03-27 00:00:00+05:30,651.455946863838,656.777196519963,646.2825330877993,649.23876953125,1134491,0.0,0.0,662.0860443115234,684.9987383862722,37.01359367733282,-12.136969573418355,0.2798570521895378,-12.416826625607893,14.94496077489355,1031697773.0,-0.0034034186705358457
2023-03-28 00:00:00+05:30,652.4906081920998,653.2789257973772,646.3810414978387,650.3719482421875,1190600,0.0,0.0,661.0759979248047,683.6408250472884,37.834854043946024,-11.891794365757846,0.4200258078800374,-12.311820173637884,14.37016959808247,1032888373.0,-0.0032470351654295846
2023-03-29 00:00:00+05:30,653.6238125116532,675.4507138702954,648.9923637642579,668.9962768554688,2208428,0.0,0.0,661.6524627685546,683.0665290397661,49.49132121471146,-10.078485075895856,1.7866680781936228,-11.865153154089478,15.233611062936403,1035096801.0,0.023518825430708205
2023-03-31 00:00:00+05:30,669.094786066492,682.3978488233369,666.9268675141986,678.06201171875,1447293,0.0,0.0,662.2141479492187,682.8702734585498,54.01169607618316,-7.819754103851665,3.2363192401902516,-11.056073344041916,15.250566080522246,1036544094.0,0.013402025899760714
2023-04-03 00:00:00+05:30,680.328436924678,681.5602018668615,666.2863165837865,672.248046875,1335604,0.0,0.0,662.5639678955079,682.4537155533126,50.867545775814634,-6.424771146294461,3.7050417581979644,-10.129812904492425,15.252231737847438,1035208490.0,-0.011877189914630392
2023-04-05 00:00:00+05:30,668.6020522410452,679.9342904146222,665.2023687600167,676.5346069335938,1188370,0.0,0.0,662.7733673095703,682.221593646657,53.03815588311514,-4.916671204545196,4.170513359957784,-9.08718456450298,15.215066731901583,1036396860.0,0.01186438878845789
2023-04-06 00:00:00+05:30,677.9635167657143,677.9635167657143,670.3265730812168,672.7408447265625,726290,0.0,0.0,663.1897064208985,681.8497995713592,50.89509187922334,-3.981717281461556,4.08437382643314,-8.066091107894696,14.673772228515578,1035670570.0,-0.007703470629315022
2023-04-10 00:00:00+05:30,674.0710812334726,683.1368838596275,672.8393162066792,678.4561767578125,600036,0.0,0.0,663.8351531982422,681.7167163237692,53.91610066859985,-2.7479039058238186,4.254549761656702,-7.002453667480521,14.368219864554819,1036270606.0,0.006505390375619899
2023-04-11 00:00:00+05:30,683.629597651207,704.5696033450278,678.4561844797925,703.1900024414062,4076632,0.0,0.0,665.4807891845703,682.5588059754413,64.18504885289691,0.22314285504319287,5.780477218018971,-5.557334362975778,15.207163201887708,1040347238.0,0.028612577421171233
2023-04-12 00:00:00+05:30,709.3981707645881,711.9602180796968,701.0221681989447,707.772216796875,1810361,0.0,0.0,667.3949523925781,683.547567184125,65.70951962293667,2.9138758743347353,6.776968189848411,-3.863092315513676,14.902226536092309,1042157599.0,-0.0022920188333171113
2023-04-13 00:00:00+05:30,706.5404897718582,711.4675503699883,703.8306064428866,710.1372680664062,835749,0.0,0.0,669.6145965576172,684.5903005520577,66.50206228784134,5.177458530616036,7.23244067690377,-2.054982146287734,14.383277778307265,1042993348.0,0.005090689559361864
2023-04-17 00:00:00+05:30,703.5842202627745,713.093470827039,703.5842202627745,710.67919921875,1253589,0.0,0.0,672.0362487792969,685.6133946174182,66.6920324766877,6.93514932440678,7.192105176555611,-0.2569558521488311,14.035132977304215,1044246937.0,0.010084050710127785
2023-04-18 00:00:00+05:30,709.5459406065396,714.4237423244693,702.0075744468108,708.8561401367188,837349,0.0,0.0,673.9922912597656,686.5248748338614,65.3494207490223,8.087795240925061,6.675800874459114,1.4119943664659476,13.919492613043806,1043409588.0,-0.0009721716809924834
2023-04-19 00:00:00+05:30,704.9144935053597,722.9968409045722,704.9144935053597,711.8123779296875,2268330,0.0,0.0,676.9460601806641,687.516541621933,66.52622565987573,9.134522033751068,6.1780221338280965,2.9564998999229717,14.216839383484427,1045677918.0,0.009785420058575306
2023-04-20 00:00:00+05:30,715.4091247645418,716.3945367821239,702.3031569596563,705.35791015625,1033900,0.0,0.0,678.8873168945313,688.2162031330828,61.60665337890247,9.335623692542868,5.103299034095916,4.232324658446951,14.207877986268931,1044644018.0,-0.014049603590952153
2023-04-21 00:00:00+05:30,708.5112474223351,708.5112474223351,692.8431721349178,700.2830810546875,1416385,0.0,0.0,680.9813171386719,688.6894140319692,57.976443769523016,8.98196342631445,3.799711014293999,5.182252412020452,14.312177793493817,1043227633.0,-0.01161331792202719
2023-04-24 00:00:00+05:30,698.2137024656297,713.3398136600998,694.8633375514646,709.841552734375,729151,0.0,0.0,683.6714904785156,689.5189096673578,62.46302075481954,9.365019779913155,3.346213894314163,6.018805885598992,14.609627673146774,1043956784.0,0.016653712506190323
2023-04-25 00:00:00+05:30,709.8415768016309,719.9420507501426,707.328787994616,714.4237670898438,1079227,0.0,0.0,686.7632202148437,690.4955707427495,64.42390615001422,9.923944053625632,3.1241105344213125,6.79983351920432,14.467030179031042,1045036011.0,0.0064552295018545135
2023-04-26 00:00:00+05:30,709.4966786903406,714.0788687981271,701.6133822604479,712.8963623046875,1277410,0.0,0.0,689.5051300048829,691.3740331569431,63.238042549674574,10.126910050982133,2.6616612254222503,7.465248825559883,14.348698368342813,1043758601.0,0.004791683620876724
2023-04-27 00:00:00+05:30,712.4529400671595,724.0315321083616,707.1316907307373,721.420166015625,1247848,0.0,0.0,693.1659362792968,692.5523128768915,66.89974462646256,10.850484162023122,2.7081882691705914,8.14229589285253,14.530922869005776,1045006449.0,0.012586411598807095
2023-04-28 00:00:00+05:30,725.2632815001539,725.2632815001539,711.0240650993538,714.7193603515625,1593083,0.0,0.0,696.4399658203125,693.4216088562904,61.697064276131115,10.759197510440117,2.0935212940700687,8.665676216370048,14.510086692705366,1043413366.0,-0.014538060063901282
2023-05-02 00:00:00+05:30,721.2723454900001,735.6100784598264,717.8726619664883,727.1355590820312,1965606,0.0,0.0,700.2781463623047,694.7437245514175,66.84258841564647,11.555530687722467,2.311883577081934,9.243647110640532,14.965846079530971,1045378972.0,0.00812898709993922
2023-05-03 00:00:00+05:30,720.3362161670289,724.770570438919,715.3106387167985,721.7650756835938,1215913,0.0,0.0,702.9165863037109,695.8033853801303,62.90617892035174,11.619336858222368,1.900551798065468,9.7187850601569,14.741494242795383,1044163059.0,0.001983600830412197
2023-05-04 00:00:00+05:30,723.2431819496876,731.175736877421,719.597145356788,727.9238891601562,1464468,0.0,0.0,705.4096801757812,697.063012979347,65.42111177097274,12.028214712348586,1.8475437217533486,10.180670990595237,14.51557261978378,1045627527.0,0.006471830398525993
2023-05-05 00:00:00+05:30,725.5588941354495,730.8308847897212,719.8435161660982,722.6519165039062,945667,0.0,0.0,707.9298736572266,698.0664993920749,61.57276450373061,11.79093071422983,1.2882077789076742,10.502722935322156,14.263558048629436,1044681860.0,-0.004006535727202498
2023-05-08 00:00:00+05:30,724.86906597436,730.1903149998813,719.400041231049,722.1099243164062,1132367,0.0,0.0,710.2086395263672,699.0093788008722,61.17435444866738,11.427419023091375,0.7397568702153734,10.687662152876001,14.015466314358207,1043549493.0,-0.0038064000623959605
2023-05-09 00:00:00+05:30,722.8982493866736,729.6976165290554,711.9601997869581,714.029541015625,1179219,0.0,0.0,712.2730743408204,699.5984047700782,55.417176519777925,10.367800437401115,-0.25588937237990805,10.623689809781023,14.281319916339566,1042370274.0,-0.012268266493345394
2023-05-10 00:00:00+05:30,714.4237450232773,718.9566164510306,708.905461533423,713.783203125,919645,0.0,0.0,714.0394256591796,700.1546713722321,55.24647837716469,9.399812477994033,-0.9791018654295929,10.378914343423626,13.979165273572997,1041450629.0,-0.0008965853987068274
2023-05-11 00:00:00+05:30,716.8872520178278,718.7595589332423,698.1644234427918,700.2337646484375,1284636,0.0,0.0,713.8916137695312,700.1577730693382,46.721787942769886,7.45343009596354,-2.340387397968069,9.79381749393161,14.451734574778532,1040165993.0,-0.02323027410867692
2023-05-12 00:00:00+05:30,689.6898972170186,698.5586054016621,681.0675420375042,692.3997802734375,1499306,0.0,0.0,713.1229919433594,699.8535380577343,42.62636805507386,5.218614033450081,-3.6601627683852236,8.878776801835304,14.788483720218162,1038666687.0,0.003929132596190848
2023-05-15 00:00:00+05:30,691.6606677441677,700.1351864070193,686.8321251593138,695.2573852539062,998259,0.0,0.0,712.3789978027344,699.6732967713098,44.53618990482621,3.636175475410596,-4.194081061139767,7.830256536550363,14.682382115038685,1039664946.0,0.005200118609417523
2023-05-16 00:00:00+05:30,700.0860372363238,700.677260437366,690.3304334056575,692.4983520507812,874913,0.0,0.0,711.4699554443359,699.3919263901125,43.04629475634994,2.134841472418998,-4.556332051305092,6.69117352372409,14.372699609086533,1038790033.0,-0.010838218136010673
2023-05-17 00:00:00+05:30,691.1187252868231,691.1187252868231,681.7080521282945,684.9598999023438,1686465,0.0,0.0,710.2751434326171,698.8259645670628,39.18872556201983,0.3328959542749317,-5.086622055559326,5.419518009834258,14.116813917186548,1037103568.0,-0.008911385495919421
2023-05-18 00:00:00+05:30,690.5767622967139,699.1498592809113,679.1952649885386,681.9544067382812,3667407,0.0,0.0,708.7822448730469,698.1643348482871,37.7367455474932,-1.3224328488604442,-5.3935606869557615,4.071127838095317,14.533798229699844,1033436161.0,-0.012485730811092631
2023-05-19 00:00:00+05:30,685.8467482251555,686.4379713639913,671.1148268772837,683.7280883789062,2329260,0.0,0.0,707.7007537841797,697.5982075357624,39.16915751011183,-2.4627821466646083,-5.227127987807941,2.7643458411433324,14.590180105200401,1035765421.0,-0.0030891155374461066
2023-05-22 00:00:00+05:30,681.9051815436472,697.4746808851961,677.421568462743,694.3213500976562,2182824,0.0,0.0,707.4026672363282,697.4697033225034,47.01009478549584,-2.483105793913751,-4.197961308045667,1.7148555141319157,14.980389556432733,1037948245.0,0.01820805720511199
2023-05-23 00:00:00+05:30,699.6425685425435,701.5148755303579,692.2519780297702,693.82861328125,2324758,0.0,0.0,706.6020202636719,697.3269154777483,46.708509497701,-2.5100380180655293,-3.379914825757956,0.8698768076924267,14.57199726672952,1035623487.0,-0.008309893540933023
2023-05-24 00:00:00+05:30,689.788450043777,696.2428870830877,684.3686836505758,685.8468017578125,1185182,0.0,0.0,705.1731719970703,696.8767149397116,42.00724814069039,-3.139260047198718,-3.207309483912916,0.06804943671419783,14.379297707142545,1034438305.0,-0.0057142857142857256
2023-05-25 00:00:00+05:30,682.8905267728494,692.3997767807714,679.9342907262136,686.4873046875,1213068,0.0,0.0,703.8527191162109,696.4692870866837,42.5073232644759,-3.5453709753799103,-2.8907363296752866,-0.6546346457046238,14.242596874815064,1035651373.0,0.005266990496482611
2023-05-26 00:00:00+05:30,686.487304399415,695.1589181036188,684.0237743615859,691.463623046875,1461749,0.0,0.0,702.3548919677735,696.272986536103,46.37624941085658,-3.4261746998408853,-2.217232043309009,-1.2089426565318762,14.020635936759197,1037113122.0,0.0072489594717466245
2023-05-29 00:00:00+05:30,692.9910304962822,698.6078912615748,690.8723705115068,691.9563598632812,1467219,0.0,0.0,701.2167419433594,696.1037070587374,46.758300428824754,-3.2544359379263597,-1.6363946251155868,-1.618041312810773,13.571699137709823,1038580341.0,-0.0014930505410148728
2023-05-30 00:00:00+05:30,690.8724077054558,707.4273793038441,687.7191370626982,694.3213500976562,3317461,0.0,0.0,699.5760314941406,696.0338107073226,48.64937615809646,-2.8941349982092106,-1.0208749483187503,-1.8732600498904604,14.01002364509811,1041897802.0,0.004992155358549056
2023-05-31 00:00:00+05:30,690.921679525449,694.6662332681209,680.9197232091116,686.1423950195312,14943096,0.0,0.0,697.7948974609375,695.6459120528995,42.965668427638406,-3.231318598700682,-1.0864468390481772,-2.1448717596525047,13.991201246091768,1026954706.0,-0.006917259434094397
2023-06-01 00:00:00+05:30,688.704467067337,691.6607030510661,681.0675241093701,683.7280883789062,1995511,0.0,0.0,695.585107421875,695.1785464186253,41.4270949866701,-3.651263902626056,-1.2051137143788409,-2.446150188247215,13.748485367206356,1024959195.0,-0.007225709903728788
2023-06-02 00:00:00+05:30,687.8175948830666,698.706385753048,685.6004178221972,696.2921142578125,3405152,0.0,0.0,694.2671173095703,695.2222157456522,51.21714572569328,-2.9364125589212335,-0.3922098965392147,-2.544202662382019,13.83632908198746,1028364347.0,0.012320881928277268
2023-06-05 00:00:00+05:30,698.6078998123776,703.5842187423133,692.744685960569,701.76123046875,2454283,0.0,0.0,693.2496826171875,695.4786476955776,54.761744177634924,-1.9065976766968333,0.5100839885481485,-2.416681665244982,13.622272203398662,1030818630.0,0.004513734610243165
2023-06-06 00:00:00+05:30,703.5841756045337,707.0331176418108,698.4600211201953,702.450927734375,2436996,0.0,0.0,692.670751953125,695.7520704421971,55.20378985242559,-1.0230164608677796,1.114932163501762,-2.1379486243695416,13.261616797557009,1033255626.0,-0.0016106784510680453
2023-06-07 00:00:00+05:30,704.8159566724411,721.5187026623862,703.5841916310701,719.1044311523438,3667486,0.0,0.0,692.9368133544922,696.6678492935755,64.27999984074941,1.0093909348574925,2.5178716473816274,-1.5084807125241348,13.676342378303737,1036923112.0,0.02027263194687171
2023-06-08 00:00:00+05:30,719.1044384859271,753.2982484120553,717.2321315460381,737.8765258789062,9618332,0.0,0.0,694.8189514160156,698.2838758263337,71.33122011631252,4.087718918985047,4.476959705207346,-0.38924078622229863,15.275611984568984,1046541444.0,0.026104813693687914
2023-06-09 00:00:00+05:30,740.5371075402759,745.9076148933752,730.6829876794606,737.5808715820312,2408734,0.0,0.0,697.0780059814454,699.8249344834198,71.09318723361594,6.429345698605175,5.454869187861979,0.9744765107431962,15.271970215236534,1044132710.0,-0.003992015968063898
2023-06-12 00:00:00+05:30,743.5918720446198,746.8930383354917,733.7870707485396,736.3983764648438,1703619,0.0,0.0,699.1350555419922,701.2591871101424,70.08582117498264,8.096354582707363,5.697502457571334,2.3988521251360297,15.117255741787648,1042429091.0,-0.00967398360608274
2023-06-13 00:00:00+05:30,743.9861065871503,751.4752141981954,740.1922942074983,745.612060546875,3419413,0.0,0.0,701.7907409667969,702.9985154802104,73.26462844524423,10.045144266736202,6.117033713280137,3.9281105534560643,15.114368741185078,1045848504.0,0.002185462800082877
2023-06-14 00:00:00+05:30,750.4404792446405,767.6359302765816,748.0755265861085,761.5756225585938,4758206,0.0,0.0,705.6215270996094,705.2956569342647,77.68845360209272,12.730945754967252,7.042268161208949,5.688677593758302,15.607904526079471,1050606710.0,0.01483814322644396
2023-06-15 00:00:00+05:30,766.6505322953291,766.6505322953291,757.2891183405661,759.3584594726562,2222061,0.0,0.0,709.4917297363281,707.415766837731,75.81215021148824,14.51325646675491,7.059663098397286,7.453593368357624,15.161726628128292,1048384649.0,-0.00951159950393639
2023-06-16 00:00:00+05:30,765.6158955972152,770.3951199276252,761.4278944321915,764.7782592773438,2285788,0.0,0.0,713.54423828125,709.6652763451668,77.25806997671518,16.17660921434981,6.978412676793749,9.198196537556061,14.867079044331193,1050670437.0,-0.0010940686115431645
2023-06-19 00:00:00+05:30,769.1141222920965,770.5922404002812,756.648635521827,760.3932495117188,1422461,0.0,0.0,716.8478332519531,711.6546086262081,73.43324426213267,16.94565563968797,6.197967281705527,10.747688357982444,14.801116603911405,1049247976.0,-0.011338854049887884
2023-06-20 00:00:00+05:30,760.9351844296821,775.0265644822216,757.3384064488721,761.871337890625,2282549,0.0,0.0,720.2499694824219,713.6238921267735,73.9022576673502,17.47298218959861,5.380235065292933,12.092747124305678,15.00733384887127,1051530525.0,0.0012302670189243202
2023-06-21 00:00:00+05:30,761.8712919360821,762.7088680562706,741.0790631929035,747.6813354492188,2768203,0.0,0.0,723.3416961669922,714.9594781394185,62.495499646615976,16.555041460560574,3.569835469003916,12.985205991556658,15.480367492763829,1048762322.0,-0.018625136078829763
2023-06-22 00:00:00+05:30,743.1978042980037,752.6084776524597,735.068154621234,741.374755859375,1972478,0.0,0.0,726.086068725586,715.9953713833385,58.19622277427537,15.144106717417117,1.727120580688366,13.41698613672875,15.627507174082528,1046789844.0,-0.0024529787737339603
2023-06-23 00:00:00+05:30,739.0589883322693,747.6320846258785,732.9986805700349,735.6100463867188,1704679,0.0,0.0,728.2933898925781,716.7645743246475,54.50515136639125,13.406228237449909,-0.008606319423074993,13.414834556872984,15.556499808494031,1045085165.0,-0.004666666666666662
2023-06-26 00:00:00+05:30,738.9605152132339,740.3893145599734,726.39651166312,737.8765258789062,1602537,0.0,0.0,730.5893981933593,717.592493993442,55.69494057421354,12.072666786853006,-1.0737342160159837,13.14640100286899,15.444807171948272,1046687702.0,-0.0014669110351786746
2023-06-27 00:00:00+05:30,739.059058017418,753.8402391777663,738.1229045149732,751.376708984375,2783577,0.0,0.0,733.4421661376953,718.917365169557,62.05968891939443,11.967211119877334,-0.9433519063933247,12.910563026270658,15.481871895299113,1049471279.0,0.016666666666666698
2023-06-28 00:00:00+05:30,756.7964325676852,779.9043565025158,750.8839604382501,771.9718017578125,8340755,0.0,0.0,737.7336364746094,720.9979313102729,69.30428861452462,13.391124067907072,0.38444883330913093,13.00667523459794,16.448909335939582,1057812034.0,0.02005211512247723
2023-06-30 00:00:00+05:30,774.8294974974049,777.4901221115333,768.6214134942916,773.3513793945312,2515440,0.0,0.0,742.2148010253907,723.051007705734,69.72136620673544,14.464171755270854,1.1659972165383294,13.298174538732525,15.907466427461165,1060327474.0,-0.001907668858307209
2023-07-03 00:00:00+05:30,776.5047029355912,796.5085557157629,775.5685494500506,782.4171752929688,4781944,0.0,0.0,746.5210540771484,725.3790927091551,72.377481392075,15.863242160285722,2.052054097242557,13.811188063043165,16.42530284844477,1065109418.0,0.00761421319796943
2023-07-04 00:00:00+05:30,786.358846714843,791.0395541357648,777.7857495149356,785.028564453125,2473106,0.0,0.0,750.6844207763672,727.718287679507,73.1092337818228,16.986918197956243,2.540584107930462,14.44633409002578,16.198767260757943,1067582524.0,-0.0016916987292449513
2023-07-05 00:00:00+05:30,785.07780524472,791.8771124152752,776.6032253877312,780.3478393554688,2526894,0.0,0.0,754.5792663574218,729.7821916667996,69.55258974287403,17.300316872694566,2.2831862261350278,15.017130646559538,16.13270438695695,1065055630.0,-0.006024837102326281
2023-07-06 00:00:00+05:30,792.7147100627801,792.8132272066886,777.4900823527724,783.9445190429688,3316923,0.0,0.0,757.8212707519531,731.9062045050807,70.7308770216599,17.635617155635487,2.0947892072607566,15.54082794837473,16.074878706025462,1068372553.0,-0.011063489687376681
2023-07-07 00:00:00+05:30,784.3879720799006,790.2019270866448,772.9572166451898,776.8988647460938,2547821,0.0,0.0,759.7723876953125,733.6706225537479,65.39222975256729,17.13529461681412,1.2755733347515115,15.85972128206261,16.158438115699003,1065824732.0,-0.009547708022534492
2023-07-10 00:00:00+05:30,777.490087697568,801.9282938877503,776.2583226663614,798.7749633789062,4777540,0.0,0.0,762.8320922851562,736.2237339586561,72.36640426141491,18.2931318962319,1.9467284913354277,16.34640340489647,16.837833337533997,1070602272.0,0.0273763949124683
2023-07-11 00:00:00+05:30,807.0378585459039,807.186317112107,785.0200881806069,789.0773315429688,3085989,3.4,0.0,765.4660400390625,738.2964240600018,66.01536599355612,18.218200365886446,1.4974375687919803,16.720762797094466,17.218433022817287,1067516283.0,-0.02225487542219624
2023-07-12 00:00:00+05:30,796.1031621392045,806.2956454853545,780.4186180947122,797.2906494140625,25929716,0.0,0.0,768.0499694824218,740.6099230934943,68.53411723750537,18.607071955863717,1.5090473270154021,17.098024628848314,17.836904049090503,1093445999.0,0.0014916248689015143
2023-07-13 00:00:00+05:30,802.238520289599,805.7019898575464,788.4835741319331,793.7777709960938,3049961,0.0,0.0,769.6600769042968,742.6949367367336,66.27176416538896,18.4194674080494,1.0571542233608682,17.36231318468853,17.792726311699276,1090396038.0,-0.010546426130785939
2023-07-14 00:00:00+05:30,799.4677385133409,799.4677385133409,783.8325993583661,796.4495239257812,2011903,0.0,0.0,771.5146301269531,744.8029597637551,67.1596939317764,18.27570661531479,0.7307147445010074,17.54499187081378,17.638612943361814,1092407941.0,-0.0037752800296510067
2023-07-17 00:00:00+05:30,797.2412395361441,803.5249387277862,788.6814977414355,789.8195190429688,1769593,0.0,0.0,772.7666931152344,746.5683150296067,62.74532525402907,17.425914076334493,-0.09526223558343005,17.521176311917923,17.43895780357531,1090638348.0,-0.009309253115773995
2023-07-18 00:00:00+05:30,791.4522748672498,792.6397622461184,780.2702278789817,782.6452026367188,1527919,0.0,0.0,773.8792907714844,747.9830949357679,58.28116783838741,15.989226144995769,-1.2255601335377229,17.21478627853349,17.076856129543977,1089110429.0,-0.011127736327510409
2023-07-19 00:00:00+05:30,787.6919487394109,789.5226156670585,780.8144755495628,783.634765625,1563134,0.0,0.0,774.9674621582031,749.3811996686791,58.717454756921335,14.760342036658813,-1.9635553934997425,16.723897430158555,16.47909070011196,1090673563.0,-0.00515072309791139
2023-07-20 00:00:00+05:30,786.7023660528268,793.0850577060861,777.5489108503255,790.7100830078125,1780010,0.0,0.0,777.1188995361329,751.0019401917823,61.7939703671057,14.193744853694284,-2.0241220611714184,16.217866914865702,16.41173756837258,1092453573.0,0.005094324267885241
2023-07-21 00:00:00+05:30,789.6710139550058,814.7564035849331,774.431724614173,778.2415771484375,8469798,0.0,0.0,778.9622406005859,752.0701612489061,54.137261842527,12.59343895969846,-2.8995423641337954,15.492981323832256,18.119804811400257,1083983775.0,-0.014473668913494605
2023-07-24 00:00:00+05:30,780.7650210689906,780.7650210689906,765.1299414719474,767.5543823242188,2710762,0.0,0.0,780.559457397461,752.6773856048007,48.58084206027052,10.34358331364217,-4.119518408152068,14.463101721794239,17.94232443894618,1081273013.0,-0.016920121148209694
2023-07-25 00:00:00+05:30,769.8797704611492,797.0927443527708,768.8902077741811,792.1943969726562,4850069,0.0,0.0,783.2753509521484,754.2270723251088,59.02320278737824,10.428585519443232,-3.2276129618808067,13.656198481324038,18.77061283820374,1086123082.0,0.028984560145204057
2023-07-26 00:00:00+05:30,799.0223992888607,800.5562093656247,791.7490773406761,797.0432739257812,3062011,0.0,0.0,785.5586791992188,755.906139054547,60.71401831098091,10.763143408916221,-2.3144440579262557,13.077587466842477,18.058935637256944,1089185093.0,-0.0024769335188111023
2023-07-27 00:00:00+05:30,797.5875361405019,805.9988190898745,782.7440956416092,785.4653930664062,2865447,0.0,0.0,786.2333587646484,757.0653254863846,54.88998410361282,9.979012873038414,-2.4788596750432514,12.457872548081665,18.430063338043254,1086319646.0,-0.015198511166253047
2023-07-28 00:00:00+05:30,786.7023737942682,797.5875638719248,777.7963091852765,795.7568969726562,2111325,0.0,0.0,787.3536346435546,758.582642015258,58.6839080886829,10.07191931325633,-1.9087625878602683,11.980681901116599,18.52729129151504,1088430971.0,0.011509464671776807
2023-07-31 00:00:00+05:30,797.7854673066087,812.6289079273042,797.7854673066087,808.225341796875,4226070,0.0,0.0,788.64404296875,760.5294145557136,62.76931059576712,11.024563327173723,-0.7648948591542997,11.789458186328023,18.409056981738825,1092657041.0,0.013086067518266827
2023-08-01 00:00:00+05:30,814.4101499179234,816.3892754341273,808.4233073110299,812.3320922851562,2406158,0.0,0.0,790.0092193603516,762.560892113731,64.03089401576115,11.97290482059384,0.1467573074126527,11.826147513181187,17.67726245713264,1095063199.0,-0.002551610675501226
2023-08-02 00:00:00+05:30,808.4726979140357,809.3138020206746,790.0173300386383,795.8557739257812,1975596,0.0,0.0,790.7846160888672,763.8665737534193,55.85355084619353,11.265113872860752,-0.4488269122563473,11.7139407851171,18.008512442088733,1093087603.0,-0.015605875152998713
2023-08-03 00:00:00+05:30,795.8557863216457,800.5562090571482,785.9106934556264,796.0537109375,1829238,0.0,0.0,791.3900756835938,765.1288144273049,55.92637123362336,10.597989286564825,-0.8927611988418214,11.490750485406647,17.768298382048236,1094916841.0,0.00024869407153406696
2023-08-04 00:00:00+05:30,799.5666162426442,806.2956301413018,794.4208784149258,797.5380249023438,1275614,0.0,0.0,792.4220336914062,766.3997638576985,56.50576306904171,10.072945333966345,-1.134244121152241,11.207189455118586,17.34733076378593,1096192455.0,-0.0025371136051593143
2023-08-07 00:00:00+05:30,799.5666851412403,808.0769004525567,795.1631189169656,804.56396484375,1422051,0.0,0.0,792.7114837646484,767.8963991904849,59.237375279362354,10.107268553507538,-0.8799367212888392,10.987205274796377,17.030648676057734,1097614506.0,0.006249984892288156
2023-08-08 00:00:00+05:30,806.5430716841798,807.9779496879271,791.1553836809525,792.9365844726562,933777,0.0,0.0,792.9044464111328,768.8783672407661,53.27433803713076,9.091437102707346,-1.5166145376712254,10.608051640378571,17.015785628266084,1096680729.0,-0.01687013091949479
2023-08-09 00:00:00+05:30,793.3324192455183,820.2485364454009,792.9860360657647,814.8554077148438,3133311,0.0,0.0,793.7826843261719,770.681388435828,61.2028483385232,9.94046175626977,-0.534071907287041,10.47453366355681,17.75122608144312,1099814040.0,0.027129848657633886
2023-08-10 00:00:00+05:30,816.3891928208857,826.2848194005328,810.6992075375886,822.8213500976562,6313077,0.0,0.0,795.23486328125,772.7260928147233,63.618954001395586,11.127830187675272,0.5226372192947686,10.605192968380504,17.596539351550344,1106127117.0,0.007878787878787822
2023-08-11 00:00:00+05:30,821.3370428685221,822.6729283573156,807.0873157968587,812.0846557617188,3239511,0.0,0.0,796.0166198730469,774.2695658714682,58.3449833045069,11.074803283058714,0.37568825174256837,10.699115031316145,17.463503276496574,1102887606.0,-0.01126503082643069
2023-08-14 00:00:00+05:30,806.4935835786154,806.4935835786154,785.267452029347,791.1058959960938,1866848,0.0,0.0,796.0809387207031,774.9298141116495,49.6789984850717,9.233530105453724,-1.1724679406899376,10.405998046143662,18.131624737630514,1101020758.0,-0.01907973962327457
2023-08-16 00:00:00+05:30,795.3115574172022,795.3115574172022,780.7649735863507,786.9992065429688,1317570,0.0,0.0,796.2986389160156,775.4031236187601,48.170677090327935,7.358112587075766,-2.4383083672543187,9.796420954330085,17.875550387146294,1099703188.0,-0.010451691285900596
2023-08-17 00:00:00+05:30,786.5538867162107,788.3351478919401,775.4213063584716,781.5071411132812,1434401,0.0,0.0,796.1922576904296,775.6424968538394,46.152564373131135,5.366801761054489,-3.5436953546204766,8.910497115674966,17.521142611883594,1098268787.0,-0.006416274444970559
2023-08-18 00:00:00+05:30,781.6555894629872,785.6138402051255,775.1244394995913,778.884765625,1546387,0.0,0.0,795.6009918212891,775.7696446487869,45.17926665943364,3.5363054708210484,-4.299353315883135,7.835658786704183,17.018875332858634,1096722400.0,-0.0035448142063320156
2023-08-21 00:00:00+05:30,784.7232213291817,789.2751855912655,779.577483208056,786.4549560546875,1033216,0.0,0.0,796.0116607666016,776.1886764686262,48.552240287525706,2.665746013082412,-4.135930218897418,6.80167623197983,16.54541423524484,1097755616.0,0.002206809583858836
2023-08-22 00:00:00+05:30,791.5512253091504,791.6006913643663,784.030512574796,786.9002685546875,823108,0.0,0.0,796.978955078125,776.6087389033737,48.751990784824606,1.988828392198002,-3.850278271825462,5.839106664023464,15.904325989125228,1098578724.0,-0.005875749548169012
2023-08-23 00:00:00+05:30,790.6606384220543,794.519957312022,784.7727279712027,789.5721435546875,1274976,0.0,0.0,796.8478424072266,777.1171077132292,50.00620984872737,1.6489561434458437,-3.352120416462097,5.001076559907941,15.464533371389093,1099853700.0,-0.0013766903453536082
2023-08-24 00:00:00+05:30,791.6501987690094,798.2802812633233,777.9447788620678,779.676513671875,1726077,0.0,0.0,795.9795043945312,777.2174765743526,45.559047124717274,0.5744879676641403,-3.5412708737950407,4.115758841459181,15.81245973066527,1098127623.0,-0.015124969482421802
2023-08-25 00:00:00+05:30,772.84848756127,779.3301113248305,762.5075450142779,765.0804443359375,1502054,0.0,0.0,794.9602569580078,776.7415145257874,39.9197605258151,-1.4382375070279068,-4.44319707878967,3.0049595717617636,15.909353225446116,1096625569.0,-0.010051185129241295
2023-08-28 00:00:00+05:30,767.4058524818963,772.7989811263496,762.9528204558892,764.9319458007812,1769280,0.0,0.0,793.4190093994141,776.2783941836303,39.86569507725281,-3.010615041206165,-4.812459690374343,1.8018446491681779,15.47626804294714,1094856289.0,-0.0032237266279819374
2023-08-29 00:00:00+05:30,770.7704628683792,777.6974022328213,767.4553913622398,774.4813232421875,1807893,0.0,0.0,791.7318084716796,776.2079208133777,45.02221494290695,-3.4464520593680845,-4.19863736682901,0.7521853074609255,15.282638642168065,1096664182.0,0.004814481810834447
2023-08-30 00:00:00+05:30,776.5098854065744,783.6842151907217,775.9161115303963,778.934326171875,1978468,0.0,0.0,790.0619201660156,776.3148386705736,47.29194392934449,-3.393418696763547,-3.316483203379578,-0.07693549338396899,14.848371021194218,1098642650.0,0.0031222278181702165
2023-08-31 00:00:00+05:30,778.9343550185555,783.5357856392359,768.8902687895351,771.5126342773438,3999415,0.0,0.0,788.8447631835937,776.1265169296627,44.02934553205112,-3.9052407011611194,-3.0626441662217205,-0.8425965349393991,14.833881437516117,1094643235.0,-0.009528043914605546
2023-09-01 00:00:00+05:30,770.869355856597,799.2698178888315,769.8797931404782,797.9833984375,3513798,0.0,0.0,788.9412475585938,776.9836495378132,55.75397131519202,-2.1501087693101226,-1.0460097874965788,-1.1040989818135438,15.873605959718775,1098157033.0,0.03517333044167202
2023-09-04 00:00:00+05:30,803.4754232585831,817.9724801581747,800.061419962054,801.3478393554688,3571051,0.0,0.0,789.13173828125,777.939107962035,56.98726573584835,-0.48211429056550514,0.49758775299843094,-0.9797020435639361,16.167568514072766,1101728084.0,-0.0026479763307329014
2023-09-05 00:00:00+05:30,800.5067162485564,809.4622461341098,792.1448997926099,807.4336547851562,1770212,0.0,0.0,789.2752227783203,779.0957568570593,59.20248507573828,1.3156913243868757,1.8363146943606494,-0.5206233699737737,16.249695501746135,1103498296.0,0.008653192279337587
2023-09-06 00:00:00+05:30,807.5326752864665,808.9675533628805,794.9157501422749,806.3947143554688,2225037,0.0,0.0,789.948129272461,780.1663042099381,58.64719047783165,2.626356414937163,2.5175838279287497,0.10877258700841369,16.092703195950385,1101273259.0,-0.001409182520811444
2023-09-07 00:00:00+05:30,803.5743885961814,812.8268361968122,797.0927649090086,810.7487182617188,2652562,0.0,0.0,789.7427947998046,781.3656145649098,60.326634028142884,3.9706287329330507,3.0894849167397096,0.8811438161933411,16.067086631082763,1103925821.0,0.008928021807751589
2023-09-08 00:00:00+05:30,810.7487143413159,815.3996711471422,802.1395067046783,807.2357788085938,1866220,0.0,0.0,788.9635162353516,782.3801308097602,58.270389111240284,4.698349723900719,3.0537647261659027,1.6445849977348168,15.866592189038556,1102059601.0,-0.004332952332309542
2023-09-11 00:00:00+05:30,811.4413923287268,820.6937791673765,807.92845691717,815.6470336914062,1715172,0.0,0.0,789.141635131836,783.6847152364915,61.64170790531018,5.885942345949843,3.3930858785720206,2.4928564673778224,15.694549915448858,1103774773.0,0.005182926829268375
2023-09-12 00:00:00+05:30,825.0973707445819,831.2326715907076,803.4259837598356,807.6810913085938,2776481,0.0,0.0,789.9703948974609,784.6257495922603,56.94920846460524,6.113856348687477,2.8967999050477236,3.2170564436397537,16.559702623693365,1100998292.0,-0.02110815044807548
2023-09-13 00:00:00+05:30,809.4622597281884,811.5898436165476,799.5666330811446,802.2384643554688,1380634,0.0,0.0,790.7323577880859,785.3164442888567,53.928531713398755,5.788578202450026,2.057217407048217,3.731360795401809,16.235667474529766,1099617658.0,-0.008924190455952049
2023-09-14 00:00:00+05:30,804.4650502696235,816.3892693360601,800.4078067528408,801.8921508789062,2398032,0.0,0.0,791.7516082763672,785.9664719982704,53.73323046489632,5.440137802538629,1.3670216057094562,4.073116196829173,16.217509982293308,1097219626.0,-0.0031982736724919195
2023-09-15 00:00:00+05:30,804.5639524544337,811.1445686610955,796.5979846871847,804.3660278320312,4454542,0.0,0.0,793.0256713867187,786.6880232074376,54.987281053115886,5.302493624480917,0.9835019421213946,4.318991682359522,16.098158124551695,1101674168.0,-0.0002460023492211085
2023-09-18 00:00:00+05:30,804.3659931058262,806.4441109541623,799.1213230282181,800.3582763671875,1335464,0.0,0.0,793.7208374023437,787.2241115666435,52.50443802130451,4.814518796904167,0.39642169163571594,4.418097105268451,15.471345967508304,1100338704.0,-0.004982454222317449
2023-09-20 00:00:00+05:30,799.6161255225952,802.3374229403368,777.0046420471514,778.5384521484375,3359951,0.0,0.0,793.3027465820312,786.8834974718119,41.51396504315692,2.6367232672853333,-1.4250990703864943,4.061822337671828,16.17573417648524,1096978753.0,-0.026359740257091785
2023-09-21 00:00:00+05:30,781.7545653451413,783.3378415714038,765.9215614900498,770.2261352539062,2875491,0.0,0.0,792.3354461669921,786.2302675809136,38.23082390145624,0.23733427366369142,-3.059590451206509,3.2969247248702005,16.26434459826158,1094103262.0,-0.014746866346914465
2023-09-22 00:00:00+05:30,771.8589185410701,775.5203126701829,764.6351227933216,765.9710083007812,2147621,0.0,0.0,791.6501708984375,785.43578682483,36.63365550261889,-1.984673888809425,-4.2252788909437005,2.2406050021342754,15.880119261018704,1091955641.0,-0.007628220778245219
2023-09-25 00:00:00+05:30,768.8407875852979,775.272945434306,766.2678882068246,771.760009765625,2326745,0.0,0.0,791.9841491699219,784.8994818421161,40.2885154604607,-3.241145421884312,-4.38540033921487,1.1442549173305578,15.410249109054853,1094282386.0,0.003796913779113505
2023-09-26 00:00:00+05:30,771.7600249687174,780.1713084754241,769.8303654963788,771.5126342773438,1727679,0.0,0.0,792.31318359375,784.3745074278113,40.181860804284085,-4.208357967696088,-4.282090308021317,0.07373234032522868,15.04815581405417,1092554707.0,-0.0003205539071341257
2023-09-27 00:00:00+05:30,771.8589229784218,777.4994425721179,766.5647865762134,771.4630737304688,2612372,0.0,0.0,792.1622711181641,783.8681766945822,40.15892337592243,-4.922140627353997,-3.9966983741433806,-0.9254422532106165,14.754334398472055,1089942335.0,-0.0005128518129006642
2023-09-28 00:00:00+05:30,772.5515948298996,779.1816768524284,756.3722088049849,760.0830688476562,3157286,0.0,0.0,791.2197082519531,782.9354273672517,35.191376473515916,-6.333085942497178,-4.326114951429249,-2.006970991067929,15.3297010876843,1086785049.0,-0.01613940876659336
2023-09-29 00:00:00+05:30,767.7522135238418,775.7182417525601,763.3981737869352,771.4630737304688,1704218,0.0,0.0,791.2172302246094,782.4855311462014,42.809817047706474,-6.458548851829505,-3.561262288609261,-2.897286563220244,15.35152050319998,1088489267.0,0.004833408671783338
2023-10-03 00:00:00+05:30,768.4448649490985,768.4448649490985,759.9841163583252,762.2106323242188,1099773,0.0,0.0,789.4285919189454,781.6904370747512,38.814711748871176,-7.221330800644523,-3.459235389939423,-3.7620954107051,15.074908850981663,1087389494.0,-0.00811279105273568
2023-10-04 00:00:00+05:30,759.9346980389713,759.9841640950316,745.2891819563463,748.703125,1654158,0.0,0.0,786.7963562011719,780.3968169933885,33.8484740241891,-8.814179569304542,-4.041667326879553,-4.772512242424989,15.20680467361672,1085735336.0,-0.014779655499287812
2023-10-05 00:00:00+05:30,754.046781609344,754.6900215271803,745.0417851483206,747.6146240234375,1459736,0.0,0.0,783.8054046630859,779.1112407984884,33.47675669344379,-10.048523502204944,-4.220809007823963,-5.827714494380981,14.809764081134075,1084275600.0,-0.008530183727034088
2023-10-06 00:00:00+05:30,752.4139636434548,763.1012889636803,750.7317553968575,757.21337890625,2026927,0.0,0.0,781.346337890625,778.2525011164399,39.75928685048949,-10.135376353544189,-3.446129487330566,-6.689246866213622,14.858114142498984,1086302527.0,0.00637868978342013
2023-10-09 00:00:00+05:30,748.6041597528268,753.4530409944099,741.3308982885643,749.6431884765625,725323,0.0,0.0,778.2910614013672,777.1305672874252,36.80693944491282,-10.6918104297132,-3.2020508507996617,-7.489759578913539,14.93128317644089,1085577204.0,0.0013879547825098033
2023-10-10 00:00:00+05:30,751.7213622516193,766.1194880897792,749.3958535655472,763.843505859375,1351582,0.0,0.0,776.1214477539063,776.6095060549526,45.0497361068804,-9.873130208940779,-1.9066965040217916,-7.9664337049189875,15.059308272711686,1086928786.0,0.016125846911475825
2023-10-11 00:00:00+05:30,767.9006199240109,774.3822432316339,766.4657419953039,769.1375732421875,1841618,0.0,0.0,773.7959747314453,776.316489081903,47.784266035226565,-8.696881011599203,-0.5843578453441722,-8.11252316625503,14.736410351250772,1088770404.0,0.001610824742268055
2023-10-12 00:00:00+05:30,774.2338594566438,781.7050455576136,771.3146374918892,775.2728881835938,2139718,0.0,0.0,772.1755645751953,776.2755635564791,50.83762479340152,-7.186781662098383,0.7405932033253189,-7.927374865423702,14.581486205834725,1090910122.0,0.0013420088959673316
2023-10-13 00:00:00+05:30,769.8797452330934,771.858870542176,764.9319319603873,769.1375732421875,998547,0.0,0.0,770.5205200195312,775.9956423676834,47.82584129148526,-6.411181578332844,1.2129546296726863,-7.62413620800553,14.278591207075566,1089911575.0,-0.0009640102827763578
2023-10-16 00:00:00+05:30,769.1375747800299,786.0590720472743,764.9319334898207,782.4472045898438,2157341,0.0,0.0,769.5482727050781,776.2486448077682,54.169078299345074,-4.668718823109998,2.3643339079164267,-7.033052731026425,14.767773160673997,1092068916.0,0.017304615255106116
2023-10-17 00:00:00+05:30,784.4263880181695,787.6919329469949,779.9238896770529,781.9030151367188,1050381,0.0,0.0,768.4251220703125,776.4703848206682,53.88063730433603,-3.2937478023371796,2.9914439429513973,-6.285191745288577,14.267792454193144,1091018535.0,-0.0032168383419966234
2023-10-18 00:00:00+05:30,784.8221599406452,792.6397294969269,773.0463999485358,776.2130126953125,1250892,0.0,0.0,767.2178588867188,776.4602917961445,50.832768175191646,-2.632859045749001,2.9218661596316613,-5.554725205380662,14.648187960921563,1089767643.0,-0.010969551682872683
2023-10-19 00:00:00+05:30,772.0073424968583,774.5307152301064,761.1221531080051,772.30419921875,2130597,0.0,0.0,766.9061462402344,776.2973077735016,48.79093656282539,-2.3968787981677906,2.5262771257702976,-4.923155923938088,14.679807362806264,1087637046.0,0.0003845257752751154
2023-10-20 00:00:00+05:30,771.4630591235159,771.6115176882162,753.9478475983632,761.3695678710938,1501944,0.0,0.0,766.4633178710938,775.7119062087013,43.52409997075771,-3.0569574148539687,1.4929588072672964,-4.549916222121265,14.94241766691916,1086135102.0,-0.013083570409566592
2023-10-23 00:00:00+05:30,762.7549164225765,766.7131672191628,738.3127056740326,741.1329956054688,1715908,0.0,0.0,765.2214172363281,774.3558704987706,35.81807486921361,-5.153589361768013,-0.4829385117173981,-4.670650850050615,15.903706515362803,1084419194.0,-0.028347140544852118
2023-10-25 00:00:00+05:30,746.2291975947843,753.8983084137654,733.7607319063956,740.48974609375,2417579,0.0,0.0,763.6579040527344,773.0277871887699,35.60229752585514,-6.788832707301935,-1.694545485801056,-5.094287221500879,16.206125800506165,1082001615.0,-0.007691271689091586
2023-10-26 00:00:00+05:30,736.9273013690871,737.2241580779529,717.9276868262481,721.0942993164062,2519570,0.0,0.0,761.1369873046875,770.9911798212263,29.777320425166028,-9.53985578125696,-3.556454847804865,-5.983400933452096,16.660121048148717,1079482045.0,-0.021485161457942725
2023-10-27 00:00:00+05:30,722.0838812549339,727.7738665197797,717.6803153616482,724.35986328125,1588987,0.0,0.0,758.7818267822265,769.1625007412273,31.800527355140087,-11.325998605179961,-4.274078137382293,-7.051920467797668,16.191080341718916,1081071032.0,0.00315196348429854
2023-10-30 00:00:00+05:30,727.1306579991405,729.10978339402,718.422518341293,726.8338012695312,1162173,0.0,0.0,757.1193634033203,767.5025517423372,33.36680532668876,-12.398975865824582,-4.27764431842153,-8.121331547403052,15.797950678219497,1082233205.0,-0.0004082577544262399
2023-10-31 00:00:00+05:30,729.3077296777831,730.841539824755,719.4121024094278,728.6644897460938,1363728,0.0,0.0,754.9794342041016,765.9794904875826,34.56440644122022,-12.952290868303749,-3.864767456720557,-9.087523411583192,15.485914016584335,1083596933.0,-0.0008819869933005011
2023-11-01 00:00:00+05:30,729.2087389128006,729.6045277328315,715.4537939568751,716.888671875,1845107,0.0,0.0,752.7133361816407,764.0543603459126,30.737472037869352,-14.177576801634814,-4.0720427120412985,-10.105534089593515,15.390543999396625,1081751826.0,-0.016895117104834757
2023-11-02 00:00:00+05:30,720.4016643576481,726.7348899617967,717.4329761803501,725.69580078125,1095177,0.0,0.0,751.5629699707031,762.5501031080827,36.40834596475644,-14.273427841761645,-3.3343150017345042,-10.939112840027141,14.994520719925205,1082847003.0,0.007348867563101026
2023-11-03 00:00:00+05:30,728.2686854589433,740.1929039849605,727.3285888087513,738.2632446289062,2526039,0.0,0.0,751.0954010009766,761.5976772853699,43.51524560104783,-13.183333531030712,-1.795376552802857,-11.387956978227855,14.95899089733844,1085373042.0,0.013723725006334068
2023-11-06 00:00:00+05:30,740.2918051437176,748.5546896310539,737.1252529358477,746.1302490234375,2782755,0.0,0.0,750.5412445068359,760.9911114711764,47.47266900587265,-11.551466315583411,-0.13080746988444503,-11.420658845698966,14.706879882900422,1088155797.0,0.007886679062435955
2023-11-07 00:00:00+05:30,749.0989720231337,751.6718109117876,739.1538788599132,740.78662109375,2288975,0.0,0.0,750.0984161376953,760.1987785151989,45.15831138182744,-10.567569542138813,0.682471442848124,-11.250040984986937,14.55052646639856,1085866822.0,-0.01109646554037319
2023-11-08 00:00:00+05:30,742.1719812098512,749.841091682353,737.2241680017855,748.8020629882812,2664277,0.0,0.0,749.3463439941406,759.7518484945355,49.161922449825276,-9.036873633555501,1.7705338811451483,-10.80740751470065,14.412411981696337,1088531099.0,0.008933349609374945
2023-11-09 00:00:00+05:30,748.802100541218,751.9687132328099,741.2319217939838,743.0131225585938,2579350,0.0,0.0,748.0401214599609,759.0954278695966,46.52047775251728,-8.19642196015559,2.0887884436360498,-10.28521040379164,14.149867657205608,1085951749.0,-0.007730985234202885
2023-11-10 00:00:00+05:30,744.0522070303584,751.0780779347983,737.2736663990619,746.8724365234375,1108868,0.0,0.0,746.6200988769531,758.6160948756296,48.50683766839727,-7.136676407331606,2.5188271971680276,-9.655503604499634,14.12519221995781,1087060617.0,0.0037903650663642196
2023-11-13 00:00:00+05:30,748.6536298371846,755.2837118405961,745.1406944198741,753.1561279296875,942603,0.0,0.0,745.8210266113281,758.4019785248083,51.65536951150915,-5.723798652257756,3.145363961793503,-8.869162614051259,13.84075116286954,1088003220.0,0.006014127111735422
2023-11-15 00:00:00+05:30,760.9737160661973,774.3328125120929,760.9737160661973,764.7835083007812,2443652,0.0,0.0,744.937841796875,758.6522345944544,56.90616803844222,-3.624074356972983,4.196070605662621,-7.820144962635604,14.364746407122102,1090446872.0,0.005006470202779676
2023-11-16 00:00:00+05:30,762.4580778993146,766.2184041662424,755.4322067268474,761.1221923828125,1699954,0.0,0.0,743.8988006591796,758.749095684194,54.88469312067578,-2.2297620124484183,4.472306360149749,-6.702068372598167,14.109135766570164,1088746918.0,-0.0017520773341174116
2023-11-17 00:00:00+05:30,763.9424306997314,766.8121867877721,758.0050542953293,760.7758178710938,1567731,0.0,0.0,743.1269409179688,758.8285749856411,54.68677537434556,-1.1395726777877826,4.449996555848308,-5.589569233636091,13.730421246989643,1087179187.0,-0.004145093532423904
2023-11-20 00:00:00+05:30,761.8643434471887,763.9424009485546,752.7108885135434,753.8983154296875,1024654,0.0,0.0,742.2066467285156,758.635231473643,50.77182901773694,-0.8210818248435316,3.814789927034048,-4.63587175187758,13.551927760419751,1086154533.0,-0.010455966453893276
2023-11-21 00:00:00+05:30,758.8461602190104,771.4630851076103,757.9555899951554,767.7027587890625,1846834,0.0,0.0,742.523306274414,758.9908207801301,57.3687909611404,0.5390142604029506,4.1399088098244246,-3.600894549421474,13.83855932595568,1088001367.0,0.011671138412950581
2023-11-22 00:00:00+05:30,767.702704800893,768.6428014139473,757.5102214127797,760.429443359375,1312655,0.0,0.0,743.4881286621094,759.0472373518652,53.31485644424501,1.018266495075295,3.695328835597415,-2.67706234052212,13.645275088470813,1086688712.0,-0.009474059940174829
2023-11-23 00:00:00+05:30,763.8929207867515,769.8302968502825,759.1430320155491,767.455322265625,1068229,0.0,0.0,744.8364074707031,759.3769661720127,56.51173428809044,1.9426138111139153,3.695740921308828,-1.7531271101949129,13.43398864177528,1087756941.0,0.004663482776099741
2023-11-24 00:00:00+05:30,770.8693579941228,778.043687705878,768.2965190843255,773.8875122070312,2069730,0.0,0.0,747.4760681152344,759.9460071929938,59.26209062334463,3.1577886687365435,3.9287326231451654,-0.7709439544086217,13.230729841666548,1089826671.0,0.003915260324735201
2023-11-28 00:00:00+05:30,776.8067526331287,777.3510000617196,770.6219854943298,774.1843872070312,858569,0.0,0.0,749.9672943115235,760.5043750366815,59.3897497858772,4.097544882899683,3.8947910698466437,0.2027538130530393,12.766321607789633,1090685240.0,-0.003375827279060628
2023-11-29 00:00:00+05:30,775.0254883885177,786.4054589931555,775.0254883885177,784.9705810546875,1481172,0.0,0.0,752.8741333007813,761.4638340962111,63.82520873967801,5.647562566938632,4.355847003108474,1.2917155638301578,12.727375191956394,1092166412.0,0.012831955613289899
2023-11-30 00:00:00+05:30,785.712776515323,799.7151127497469,781.358676516446,792.7386474609375,3142500,0.0,0.0,756.0778411865234,762.6902973654161,66.65025047115043,7.4172790120039735,4.900450758539052,2.5168282534649213,13.129450980623856,1095308912.0,0.008942034742994312
2023-12-01 00:00:00+05:30,796.5979509260173,806.4935776455951,788.5825174424042,802.33740234375,2064512,0.0,0.0,760.3502777099609,764.2450857959391,69.78974598035575,9.484994234407736,5.574532784754251,3.910461449653485,13.470994496521504,1097373424.0,0.00720495378008535
2023-12-04 00:00:00+05:30,811.4414425148749,814.8059799723538,803.8712634346056,811.0455932617188,2789349,0.0,0.0,764.6177673339844,766.080399814205,72.33427318042271,11.691578436477585,6.224893589459279,5.466684847018305,13.399393291670242,1100162773.0,-0.00048783465129572404
2023-12-05 00:00:00+05:30,807.4831379334345,817.3787646237952,805.701937208792,813.1236572265625,1338828,0.0,0.0,768.3607879638672,767.925233438219,72.92042513224325,13.452917846275113,6.3889863994054465,7.063931446869667,13.276352871908312,1101501601.0,0.006985309077244165
2023-12-06 00:00:00+05:30,816.3397368589556,824.7015535017459,806.6915008245311,816.0923461914062,1543909,0.0,0.0,771.8588928222656,769.814139820697,73.77523629526124,14.916393508169222,6.2819696490396435,8.634423859129578,13.614474286573063,1103045510.0,-0.00030304866513201315
2023-12-07 00:00:00+05:30,820.2980445592816,821.3370733555901,809.3138619177045,810.600341796875,1717648,0.0,0.0,775.3495788574219,771.4135987217236,69.41006155005164,15.454895245893795,5.456377109411372,9.998518136482422,13.50081265452396,1101327862.0,-0.01182216979148945
2023-12-08 00:00:00+05:30,816.1912914992984,844.542286618214,813.5194601669319,830.5894165039062,7142037,0.0,0.0,779.4389465332031,773.7342190269072,75.16888478463484,17.29524421651365,5.837380864024983,11.457863352488669,14.960893523582177,1108469899.0,0.017640625616280874
2023-12-11 00:00:00+05:30,832.7664834175266,838.1596122465517,823.1182470309813,836.2794189453125,1630946,0.0,0.0,784.102261352539,776.1869719648839,76.52372706165478,18.993919596609885,6.028844995296973,12.965074601312912,14.966641501581337,1110100845.0,0.0042183920675690715
2023-12-12 00:00:00+05:30,837.7637805802873,853.794708838484,836.4278950579857,844.9381103515625,2518863,0.0,0.0,789.0055450439453,778.8830950388714,78.45059638614578,20.799057518305176,6.267186333593809,14.531871184711367,15.148687815266348,1112619708.0,0.008563666677384674
2023-12-13 00:00:00+05:30,845.9276760119016,850.2323101284625,831.2326936231669,842.5137329101562,2170707,0.0,0.0,793.4734252929687,781.3784141710787,76.55592210206319,21.782915438628834,5.8008354031339735,15.98208003549486,15.423754150268433,1110449001.0,-0.004035738749960548
2023-12-14 00:00:00+05:30,851.0239471868009,852.5577573375725,836.9721443513026,838.5554809570312,2711444,0.0,0.0,797.1620239257812,783.6206520842534,73.43743677486336,21.98974795044353,4.806134331958933,17.183613618484596,15.43531549569711,1107737557.0,-0.014651134402252979
2023-12-15 00:00:00+05:30,845.13596966121,861.4637533960308,842.7115290876295,858.1487426757812,4058044,0.0,0.0,802.0133514404297,786.543322303529,78.17636374376909,23.464196033270582,5.024465931828789,18.439730101441793,15.96909813450443,1111795601.0,0.015397253793123627
2023-12-18 00:00:00+05:30,835.190975564377,856.5160411191282,827.4229320006618,845.9772338867188,4324786,0.0,0.0,806.2734222412109,788.8740639342423,69.84068641976343,23.38104558469672,3.953052386603943,19.42799319809278,17.023149030262644,1107470815.0,0.012914720869742338
2023-12-19 00:00:00+05:30,846.6203411829293,852.5082512251632,838.7533057751116,849.7374877929688,1285256,0.0,0.0,811.065380859375,791.2608648698786,70.87393468579131,23.349411834492685,3.1371349091199257,20.21227692537276,16.789705917390428,1108756071.0,0.0036818706785192758
2023-12-20 00:00:00+05:30,850.0343423754498,854.7347651068624,830.9357947253329,833.4591674804688,1764901,0.0,0.0,814.3532012939453,792.9157002663724,61.112950944171864,21.759981927387116,1.2381640016114837,20.521817925775633,17.290367664828928,1106991170.0,-0.01949941792782296
2023-12-21 00:00:00+05:30,821.3370939900781,838.8029009311624,811.5403984687806,833.1129150390625,2106856,0.0,0.0,817.9873748779297,794.4920616300074,60.92075674637925,20.239103806239086,-0.22617129562923566,20.465275101868322,18.002663007511277,1104884314.0,0.014337378812123491
2023-12-22 00:00:00+05:30,836.1805018612761,848.5995019690602,834.3003085262471,846.3729858398438,1846933,0.0,0.0,821.9332580566406,796.5266076774519,65.40745821486495,19.874670996783834,-0.47248328406758944,20.347154280851424,17.822943287688876,1106731247.0,0.012189334666235296
2023-12-26 00:00:00+05:30,848.5500351150878,853.9926300925024,841.0788486348055,843.404296875,1294151,0.0,0.0,825.4090972900391,798.364948430297,63.64567106863895,19.12583624577826,-0.9770544280585298,20.10289067383679,17.47228887126088,1105437096.0,-0.006064154177295945
2023-12-27 00:00:00+05:30,849.4901143607168,872.2995225823104,846.719350872296,866.7579956054688,2466359,0.0,0.0,830.0377777099609,801.0470287116763,70.40014344264856,20.18415722282532,0.0650132391908258,20.119143983634494,18.2882129309787,1107903455.0,0.020327348079555795
2023-12-28 00:00:00+05:30,873.6849294262096,886.4007859246608,864.8777972628005,871.6068115234375,4482599,0.0,0.0,834.3695892333984,803.8140790180198,71.5807693808799,21.17010732396409,0.8407706722636767,20.329336651700412,18.519268340327383,1112386054.0,-0.0023785667267225007
2023-12-29 00:00:00+05:30,872.7942957489438,878.2368905637048,864.1850882350628,871.0625610351562,1906630,0.0,0.0,838.2857849121094,806.4512743912408,71.23730790890731,21.657904574236,1.062854338028469,20.59505023620753,18.200163625206997,1110479424.0,-0.001984126984126937
2024-01-01 00:00:00+05:30,871.0626120328283,875.5651104726588,865.8674075873045,868.4402465820312,778184,0.0,0.0,841.5909271240234,808.8822144771541,69.50677668997653,21.584080701986295,0.791224372623013,20.792856329363282,17.59284500093181,1109701240.0,-0.0030105361136751312
2024-01-02 00:00:00+05:30,874.6249255982738,874.6249255982738,850.1332499672294,861.117431640625,1615515,0.0,0.0,844.0945190429687,810.9306543659177,64.7746639611881,20.696112878521944,-0.07739476067307294,20.773507639195017,18.08561861736842,1108085725.0,-0.015443756017368438
2024-01-03 00:00:00+05:30,860.9195560088715,860.9195560088715,827.2744239349615,828.9072265625,3983411,0.0,0.0,844.8836975097656,811.63561798147,48.97899793229495,17.195083405147898,-2.8627393872376956,20.057822792385593,19.211146409389496,1104102314.0,-0.03718387998383628
2024-01-04 00:00:00+05:30,831.4800617147038,834.9929972329234,826.2848575207112,828.3629150390625,1878399,0.0,0.0,845.4972259521485,812.291590415101,48.76259739880112,14.21273536681531,-4.676069940456227,18.888805307271536,18.460931645305404,1102223915.0,-0.00374891331634939
2024-01-05 00:00:00+05:30,830.1936590993575,836.9721395972247,818.5662970962801,820.7433471679688,2060548,0.0,0.0,846.0043762207031,812.6230318563901,45.71751831892196,11.106340630635032,-6.2259717413092055,17.332312371944237,18.456996706422487,1100163367.0,-0.011383261998942566
2024-01-08 00:00:00+05:30,827.0269852130742,827.9176157578308,812.1340794016324,813.3710327148438,1107367,0.0,0.0,845.14345703125,812.6523652233883,42.9244915571654,7.9578827398667045,-7.4995437056620275,15.457426445528732,18.266035252835053,1099056000.0,-0.01651210026080609
2024-01-09 00:00:00+05:30,819.8527144222043,823.2667178895842,810.6992592521314,812.8268432617188,1458862,0.0,0.0,843.9708282470704,812.6592074994013,42.71703626614951,5.35704298029907,-8.08030677218373,13.4373497524828,17.858994066022042,1097597138.0,-0.008569674817063977
2024-01-10 00:00:00+05:30,815.2511891002272,822.6729091942323,802.7332574472064,821.1390991210938,1265739,0.0,0.0,842.7808776855469,812.9917522688795,46.935703165559325,3.921385026624421,-7.612771780686705,11.534156807311126,18.00761247180803,1098862877.0,0.007222203536268267
2024-01-11 00:00:00+05:30,826.0869565709293,828.0166159778986,811.5403723313119,813.4700317382812,1205504,0.0,0.0,841.3286926269532,813.0105083265031,43.73539950690136,2.1401161830752926,-7.5152324993886666,9.65534868246396,17.89822898429222,1097657373.0,-0.015273119533348666
2024-01-12 00:00:00+05:30,815.8944277665767,822.1286605564866,812.6783490640402,817.1808471679688,1326357,0.0,0.0,840.2599609375,813.1740510261685,45.66590817191651,1.0161658563600895,-6.9113462608830964,7.927512117243186,17.294806306303233,1098983730.0,0.0015766983541161447
2024-01-15 00:00:00+05:30,819.0610926359675,821.8318562305712,811.4414474522197,816.5377197265625,1497605,0.0,0.0,838.179409790039,813.3059596026546,45.37532621348149,0.07269414231006976,-6.283854379946493,6.3565485222565625,16.801635054306686,1097486125.0,-0.0030808115928008233
2024-01-16 00:00:00+05:30,819.0116067151444,830.7379007499264,810.7981878472486,823.613037109375,1920936,0.0,0.0,837.0611999511718,813.7101587205652,49.20474825939622,-0.1029087386420997,-5.167565808718931,5.064657070076831,17.02578347204748,1099407061.0,0.005618272508598335
2024-01-17 00:00:00+05:30,821.3370405314283,821.3370405314283,801.5952525980682,804.1681518554688,1433551,0.0,0.0,834.7827331542969,813.3359623729143,40.74975088896008,-1.7904755318519392,-5.4841060815430165,3.6936305496910773,17.382354974851715,1097973510.0,-0.020903585043298208
2024-01-18 00:00:00+05:30,804.0196906630681,805.9988160554695,784.3273688494287,795.2620849609375,1991900,0.0,0.0,832.8728790283203,812.6271828665623,37.56581354490792,-3.802694446530495,-5.997059996977258,2.194365550446763,17.68871870565094,1095981610.0,-0.010892277644230682
2024-01-19 00:00:00+05:30,796.8453648596554,812.1341206674144,796.8453648596554,808.1264038085938,1358166,0.0,0.0,831.6235534667969,812.4506817270341,44.33181577572967,-4.3096702186561515,-5.203228615282332,0.8935583966261802,17.630384205709937,1097339776.0,0.014157124388776726
2024-01-23 00:00:00+05:30,799.8140608501338,807.4831718573575,780.2207312596885,782.150390625,1533222,0.0,0.0,828.4124237060547,811.2624350171503,35.87712549121239,-6.729921003842833,-6.0987835203752105,-0.6311374834676226,18.36433337308103,1095806554.0,-0.022084720799180342
2024-01-24 00:00:00+05:30,786.7023487863796,805.5040401410226,775.8171590547441,803.7228393554688,1490515,0.0,0.0,826.4283508300781,810.9667645990452,45.22064929402576,-6.828555526514947,-4.95793443443786,-1.8706210920770876,19.173086781166564,1097297069.0,0.021635235480542414
2024-01-25 00:00:00+05:30,806.4935733505712,812.430949350698,784.5252700704792,807.186279296875,3240065,0.0,0.0,823.4497650146484,810.8185102734699,46.56682452988638,-6.55172918255289,-3.744886472380642,-2.806842710172248,19.796843388241726,1100537134.0,0.0008589106834738636
2024-01-29 00:00:00+05:30,810.5012887730124,815.0037868196089,795.6083827428342,803.22802734375,1574830,0.0,0.0,820.0308258056641,810.520844276226,45.199722456752774,-6.575936855965324,-3.015275316634461,-3.560661539330863,19.76816915170836,1098962304.0,-0.008973781448605918
2024-01-30 00:00:00+05:30,809.4622784694427,820.6937908146328,801.6942355309067,803.52490234375,1892910,0.0,0.0,816.6539428710937,810.2464936122072,45.32936076225259,-6.4962811943258885,-2.3484957239960202,-4.147785470329868,19.713268161138203,1100855214.0,-0.007334963325183343
2024-01-31 00:00:00+05:30,803.5249136605869,813.4205406761113,799.6161289098319,810.1055297851562,1954023,0.0,0.0,813.73720703125,810.2409656189895,48.25166437176589,-5.834890880686203,-1.3496843282850675,-4.485206552401135,19.29120699007686,1102809237.0,0.008189685238993157
2024-02-01 00:00:00+05:30,813.4205074010741,813.4205074010741,791.7490609643555,793.3323974609375,2287350,0.0,0.0,810.3479553222656,809.5778845147522,42.077816421166354,-6.588240753348487,-1.682427360757881,-4.905813392590606,19.46122409340841,1100521887.0,-0.024695848896555746
2024-02-02 00:00:00+05:30,800.8036112387695,817.6756431154286,796.6969018936842,814.954345703125,2871131,0.0,0.0,809.6503112792968,809.7887261299826,50.81449057879168,-5.3785646883555955,-0.37820103661199234,-5.000363651743603,19.809939919200026,1103393018.0,0.017670667646547764
2024-02-05 00:00:00+05:30,815.5481234834048,825.2952919205834,802.535349817258,806.1472778320312,2056107,0.0,0.0,808.5395294189453,809.6459242359454,47.66104066944959,-5.072076721871667,-0.05737045610245062,-5.014706265769217,20.02065436092327,1101336911.0,-0.01152702750540362
2024-02-06 00:00:00+05:30,806.1472848268866,812.1835931908993,796.6969126400146,810.2044677734375,1547506,0.0,0.0,808.0125854492187,809.6678279040823,49.22430674276716,-4.450498898424598,0.45136589387569437,-4.901864792300293,19.696799088777656,1102884417.0,0.005032806067717743
2024-02-07 00:00:00+05:30,818.7642351736778,834.1024576425244,814.4101349587586,827.8681640625,3647454,0.0,0.0,808.7374420166016,810.3815665769614,55.461438743150026,-2.503720000603039,1.9185158333578034,-4.422235833960842,19.996884144514034,1106531871.0,0.01111910913755421
2024-02-08 00:00:00+05:30,832.6675446682099,832.6675446682099,809.4622873105523,813.5194702148438,2294805,0.0,0.0,808.7720733642578,810.5046216215843,50.07988299970153,-2.0945586069592537,1.862141781601271,-3.9567003885605248,20.226053659738575,1104237066.0,-0.022996061964917807
2024-02-09 00:00:00+05:30,816.2903006028258,816.3892327142121,792.0954803536727,803.2775268554688,1396058,0.0,0.0,807.8789947509765,810.2212061405602,46.60378072717118,-2.5671420724366953,1.111646652899064,-3.6787887253357594,20.516603566938638,1102841008.0,-0.015941355345943976
2024-02-12 00:00:00+05:30,809.462247555886,811.0455236363598,794.0745604307479,803.0300903320312,1408603,0.0,0.0,807.3569976806641,809.9392015990493,46.51977035263927,-2.927883119082935,0.6007244850022597,-3.528607604085195,20.26334354112959,1101432405.0,-0.007946210268948607
2024-02-13 00:00:00+05:30,804.4650085856766,806.1967433096887,782.2987799590768,804.1681518554688,1675844,0.0,0.0,806.7063629150391,809.7128859228305,46.9930644486189,-3.0863632692114606,0.3537954678989874,-3.440158737110448,20.5229592418069,1103108249.0,-0.00036901136412356776
2024-02-14 00:00:00+05:30,789.6710101132609,807.285213547443,788.2361321631319,804.7618408203125,1546826,0.0,0.0,806.1175689697266,809.5187272913593,47.25530180282343,-3.1279965945473123,0.2497297140505088,-3.377726308597821,20.417682251985777,1104655075.0,0.019110275689223005
2024-02-15 00:00:00+05:30,809.4623305595339,812.1836281255959,797.1917282842256,803.8712768554688,1482200,0.0,0.0,805.1304809570313,809.2972586468146,46.88063418411331,-3.1960107515410527,0.14537244564541485,-3.3413831971864676,20.03012636551324,1103172875.0,-0.006907120310589896
2024-02-16 00:00:00+05:30,809.6107060483619,815.7954726092701,805.0092155678019,811.3919067382812,1774587,0.0,0.0,805.4916687011719,809.379401709225,50.45323661809213,-2.6129401345848464,0.5827544500812971,-3.1956945846661435,19.45113132181953,1104947462.0,0.0022000705729464352
2024-02-19 00:00:00+05:30,817.3293288192622,817.3293288192622,805.5040424070057,811.6393432617188,829517,0.0,0.0,806.3105316162109,809.4680268681465,50.571026415008966,-2.1066028045063376,0.8712734241278453,-2.977876228634183,18.906428113993595,1105776979.0,-0.0069616803862444804
2024-02-20 00:00:00+05:30,816.3892324531918,816.3892324531918,803.3269926543179,812.62890625,1384043,0.0,0.0,806.5356567382812,809.5919829223368,51.071999248108554,-1.6069534009124027,1.0967382621774244,-2.703691663089827,18.488986091485042,1107161022.0,-0.004606045809659019
2024-02-21 00:00:00+05:30,812.4309562501179,841.1282738277713,812.3814901959859,819.6052856445312,6419882,0.0,0.0,808.4084014892578,809.9846614604621,54.56795703726043,-0.6406570401179579,1.6504276983774955,-2.2910847384954534,19.22168591579221,1113580904.0,0.008830694275274062
2024-02-22 00:00:00+05:30,822.3266078655028,826.4333172505509,811.4908841659915,820.0011596679688,2366934,0.0,0.0,809.2223175048828,810.377465311737,54.76546763914879,0.1552933873327902,1.957102500662595,-1.8018091133298049,18.916024999275585,1115947838.0,-0.002827888791741912
2024-02-23 00:00:00+05:30,826.2848469110412,827.5712663296033,810.6992345291862,812.4309692382812,1736000,0.0,0.0,809.4845520019531,810.4579948774839,50.26527892997777,0.17324171202903926,1.5800406602870753,-1.406798948258036,18.770025485071404,1114211838.0,-0.016766467065868235
2024-02-26 00:00:00+05:30,816.5871564720107,819.1599953464784,797.7854650717983,800.308837890625,1188689,0.0,0.0,809.3385925292969,810.0599887211365,44.0265584525331,-0.7816781036148086,0.5000966757145822,-1.2817747793293908,18.956061541472025,1113023149.0,-0.019934575816395052
2024-02-27 00:00:00+05:30,800.5067172566808,811.9856198296867,797.290638646352,810.40234375,1331211,0.0,0.0,809.6824645996094,810.0734144085429,49.63223283232561,-0.7157466871622091,0.4528224737337452,-1.1685691608959543,18.65169865874793,1114354360.0,0.0123617032561967
2024-02-28 00:00:00+05:30,814.113268494085,814.1627345508673,786.70236884587,790.2647705078125,1851909,0.0,0.0,808.6904266357421,809.2966048438085,40.843627866416625,-2.2623504606896176,-0.8750250398349306,-1.387325420854687,19.280889162051462,1112502451.0,-0.02929383282302537
2024-02-29 00:00:00+05:30,792.6397150533098,797.4885963957778,781.7545254583206,791.7490844726562,3155812,0.0,0.0,808.6112609863281,808.6084667900379,41.66359997376947,-3.3298884802384237,-1.5540504475069894,-1.7758380327314343,19.02754500315187,1115658263.0,-0.001123625985096745
2024-03-01 00:00:00+05:30,795.855810375991,830.9358205629549,795.855810375991,827.4723510742188,5377896,0.0,0.0,809.2371612548828,809.3482269580451,57.08220341721168,-1.2786119463673913,0.39778086909123456,-1.6763928154586258,20.467487223662353,1121036159.0,0.03972646839543825
2024-03-04 00:00:00+05:30,830.2431171809118,830.2431171809118,809.9570815406154,815.696533203125,3821690,0.0,0.0,809.7146240234375,809.5971801441267,52.18574675568891,-0.5962968631497461,0.8640767618471039,-1.46037362499685,20.45452639627907,1117214469.0,-0.017520872713982463
2024-03-05 00:00:00+05:30,816.4881699145257,818.0220404373737,802.5353598276921,810.7487182617188,2630517,0.0,0.0,809.7418365478516,809.6423385016793,50.235891597560276,-0.4496216011038996,0.8086016191143603,-1.25822322021826,20.099680268664965,1114583952.0,-0.007029436389026607
2024-03-06 00:00:00+05:30,811.8373090476815,814.41014805361,791.6502046693657,804.4155883789062,2041620,0.0,0.0,808.5692077636719,809.4373679086294,47.77527863060569,-0.8347881345846417,0.33874806850689465,-1.1735362030915364,20.289699062634917,1112542332.0,-0.009141881736725364
2024-03-07 00:00:00+05:30,811.4414091914533,836.0815444346831,809.5117498582656,821.3370361328125,5074846,0.0,0.0,808.9600860595704,809.9040215644798,54.226567393220385,0.22281554900666833,1.1170814016785637,-0.8942658526718954,21.10228884785934,1117617178.0,0.012195121951219507
2024-03-11 00:00:00+05:30,823.3161490949578,827.8681132600358,813.5689808640763,821.1390991210938,1622850,0.0,0.0,809.8531646728516,810.3446128412097,54.142315174216535,1.0330933679906593,1.5418873765300438,-0.5087940085393845,20.61634910129507,1115994328.0,-0.0026442454411434056
2024-03-12 00:00:00+05:30,820.3474572975935,820.6443140203705,806.4935798522782,809.2643432617188,1231413,0.0,0.0,810.1648773193359,810.3022493282886,49.20324348412604,0.7088793015695956,0.9741386480871841,-0.26525934651758853,20.18986125611796,1114762915.0,-0.013510268042257287
2024-03-13 00:00:00+05:30,809.8580872769609,812.0350767625526,780.2206741827059,784.6737060546875,3047464,0.0,0.0,809.1901550292969,809.2972084155983,40.88546698908991,-1.5148592376582428,-0.9996799129125233,-0.5151793247457195,21.0201856363843,1111715451.0,-0.031097276940151915
2024-03-14 00:00:00+05:30,783.7336375934595,784.6737342131247,753.7993667131537,777.2520141601562,5262918,0.0,0.0,807.814663696289,808.0405341310712,38.756002924028614,-3.831884976643778,-2.653364521518447,-1.1785204551253312,21.72405576949763,1106452533.0,-0.008270186607283868
2024-03-15 00:00:00+05:30,773.9370149575119,781.952509599203,766.4658281554945,772.502197265625,3992861,0.0,0.0,806.2462097167969,806.6468738618381,37.412983404769236,-5.982453100180237,-3.8431461160439246,-2.1393069841363124,21.27852903194127,1102459672.0,-0.0018539204924391363
2024-03-18 00:00:00+05:30,772.5021579691858,800.0614554350045,770.374573971739,796.0042724609375,3561533,0.0,0.0,805.4768280029297,806.2295169441558,47.168500777646464,-5.724385624690285,-2.868062912443178,-2.856322712247107,21.879125634178717,1106021205.0,0.030423364192969947
2024-03-19 00:00:00+05:30,793.6293056529886,801.4963413983738,785.4654131696504,792.689208984375,2192986,0.0,0.0,804.5293212890625,805.6985244751448,46.07749944829582,-5.721410351428972,-2.2920701113454918,-3.42934024008348,21.461397248074764,1103828219.0,-0.0011845538741038443
2024-03-20 00:00:00+05:30,793.8272659331758,801.5458434572142,781.0618820447951,786.3560791015625,1538050,0.0,0.0,803.2156799316406,804.9399972055926,43.984431074780524,-6.159084981531919,-2.1837957931587506,-3.9752891883731682,21.391580402670794,1102290169.0,-0.009411602690203158
2024-03-21 00:00:00+05:30,795.6084520414,810.8972086285355,794.7178214059875,803.8712768554688,2783067,0.0,0.0,802.4289794921875,804.898086603627,50.65982002910042,-5.034579700172458,-0.8474324094394312,-4.1871472907330265,21.616548197263807,1105073236.0,0.01038554177355416
2024-03-22 00:00:00+05:30,799.5666432802165,824.2562441591476,798.3296899335577,816.1912841796875,3983433,0.0,0.0,802.2384857177734,805.3409570968059,54.74503282079251,-3.1133903091392767,0.8590055852749998,-3.9723958944142765,21.924405770715673,1109056669.0,0.020792064100208802
2024-03-26 00:00:00+05:30,811.9857093107512,825.2953404906131,809.5118024147961,813.3216552734375,2454193,0.0,0.0,802.2830200195312,805.6539256527523,53.631172580259346,-1.801620980376697,1.7366199312300639,-3.538240911606761,21.485772363937194,1106602476.0,0.0016452826045674116
2024-03-27 00:00:00+05:30,816.3892528432773,823.7120412098452,806.8894747876201,809.5117797851562,1884038,0.0,0.0,802.7431671142579,805.8052140501014,52.11510240383037,-1.0572718759341342,1.9847752285381013,-3.0420471044722355,21.152686225243475,1104718438.0,-0.00842425722064388
2024-03-28 00:00:00+05:30,818.3683603959036,832.0737797571937,811.4414214324557,821.5349731445312,3722941,0.0,0.0,803.2997985839844,806.4220673479223,56.31226041333051,0.4970714439746189,2.8312948387574837,-2.334223394782865,21.25335149287162,1108441379.0,0.0038694222575953218
2024-04-01 00:00:00+05:30,829.2535174050116,867.302214143611,829.2535174050116,862.8491821289062,6053539,0.0,0.0,806.9290191650391,808.6348953785491,67.01207121641254,5.004917537312167,5.8713127456760255,-0.8663952083638586,23.004343600457915,1114494918.0,0.040513141058509776
2024-04-02 00:00:00+05:30,862.0080379375788,872.6458368900996,852.5577262965901,870.072998046875,2784783,0.0,0.0,810.84521484375,811.0442327380914,68.46633402773828,9.055928509453793,7.937858974254121,1.1180695351996717,22.796041242818745,1117279701.0,0.009356014972426734
2024-04-03 00:00:00+05:30,868.6875984764672,870.3698671585628,858.0497993725953,859.9299926757812,1980049,0.0,0.0,812.4680969238282,812.9613213630988,64.18752273601412,11.317467406634819,8.159518297148118,3.1579491094867014,22.047757424472223,1115299652.0,-0.01008142146387876
2024-04-04 00:00:00+05:30,867.1537554985025,869.4792640114867,844.6412047597117,853.497802734375,2790334,0.0,0.0,814.3581604003906,814.5509872992274,61.56014461815978,12.447245209309585,7.431436879858307,5.0158083294512785,22.24706469785099,1112509318.0,-0.015748017785239342
2024-04-05 00:00:00+05:30,851.0239308236876,855.5264290757482,838.1101495344162,848.1541748046875,1847243,0.0,0.0,816.2284332275391,815.868759358265,59.38537382250979,12.764277496680165,6.198775333783109,6.565502162897056,21.90200861524249,1110662075.0,-0.003372121411700496
2024-04-08 00:00:00+05:30,854.9821783195914,868.8360562090292,851.2713181706348,867.30224609375,2462906,0.0,0.0,819.3727661132813,817.885758838088,64.2580308582064,14.394684234953502,6.263345657645155,8.131338577308346,21.814856671606716,1113124981.0,0.014409736350730529
2024-04-09 00:00:00+05:30,872.5964215019679,882.1457262056266,861.4638405564101,865.4715576171875,2512308,0.0,0.0,821.5794921875,819.7518685941312,63.47396399315317,15.361988618832697,5.784520033219479,9.577468585613218,21.733930170007415,1110612673.0,-0.008165130762875093
2024-04-10 00:00:00+05:30,872.1510387963481,879.721217413652,866.2136627508115,874.7239379882812,2519596,0.0,0.0,824.2587341308594,821.9076360213529,65.74867770006622,16.68286440653094,5.684316656734177,10.998547749796762,21.199339429040062,1113132269.0,0.002950061488757752
2024-04-12 00:00:00+05:30,874.6744974602659,874.6744974602659,853.0030501023639,857.4066162109375,4129109,0.0,0.0,826.6658477783203,823.2997528915328,58.415919708276924,16.146181712016073,4.118107169775447,12.028074542240626,21.236592890245586,1109003160.0,-0.019742065533484753
2024-04-15 00:00:00+05:30,853.893678978682,872.7943024113373,841.3756866499315,851.46923828125,1974756,0.0,0.0,830.0056243896485,824.4044385930904,56.10553302831826,15.068064760816924,2.431992174861037,12.636072585955887,21.963880238185602,1107028404.0,-0.0028392770167028725
2024-04-16 00:00:00+05:30,850.529124655127,854.5863074895829,833.9539497418363,836.4278564453125,1706563,0.0,0.0,832.9644165039062,824.8759451755304,50.64122262762351,12.851788088368949,0.17257240193044865,12.6792156864385,21.868771488868532,1105321841.0,-0.016579406631762682
2024-04-18 00:00:00+05:30,837.268963355785,849.0447834628247,832.914923782023,835.9825439453125,3437879,0.0,0.0,836.1384338378906,825.311498068463,50.484457595247626,10.933406358235857,-1.3966474625621146,12.330053820797971,21.458849216863758,1101883962.0,-0.0015364470281049286
2024-04-19 00:00:00+05:30,834.0528905482865,858.2477104402118,824.5036468121559,855.7738037109375,3157898,0.0,0.0,839.1269104003907,826.5060982897365,56.87409831529927,10.884593458571885,-1.15636828978087,12.040961748352755,22.33636453194891,1105041860.0,0.026042608818695117
2024-04-22 00:00:00+05:30,858.0497828138572,861.8101693476607,844.542288358246,845.878173828125,1584578,0.0,0.0,841.7863586425781,827.2657875265362,53.17897013232552,9.932913806262377,-1.6864383536723047,11.619352159934682,21.97432999319647,1103457282.0,-0.014185201406166723
2024-04-23 00:00:00+05:30,849.5395697593106,855.971727247296,839.6934089096178,842.4641723632812,1755588,0.0,0.0,844.591763305664,827.8618026181733,51.92553769468451,8.801758248923989,-2.254075128808555,11.055833377732544,21.56747201780231,1101701694.0,-0.00832850834486013
2024-04-24 00:00:00+05:30,842.4641729069322,876.752544312719,841.1282874331954,873.4869995117188,4257548,0.0,0.0,848.0725494384766,829.6510260257634,60.935881948514435,10.289975767136298,-0.6126860884769982,10.902661855613296,22.571528079353833,1105959242.0,0.036823912045709874
2024-04-25 00:00:00+05:30,873.4870119011264,899.9083482078186,865.2241270743915,896.3458862304688,4893459,0.0,0.0,852.0802795410157,832.2665107396734,65.99351258916089,13.162194406922254,1.8076260410471665,11.354568365875087,23.436720440359064,1110852701.0,0.026169678561780218
2024-04-26 00:00:00+05:30,900.5020532852564,904.4603040689278,875.416663102984,877.989501953125,3626999,0.0,0.0,855.313671875,834.0595692186324,59.34850311801337,13.79818468768508,1.9548930574479932,11.843291630237086,23.83721476361512,1107225702.0,-0.024999999999999935
2024-04-29 00:00:00+05:30,889.0231220564328,893.0803048221419,876.9009794148027,886.4007568359375,1956431,0.0,0.0,859.1581207275391,836.112164811468,61.27278614498751,14.810206696738646,2.373532053201247,12.4366746435374,23.290222666738266,1109182133.0,-0.002949715429706089
2024-04-30 00:00:00+05:30,893.0308312908214,893.3276880081002,870.8646036296312,872.9921875,1831578,0.0,0.0,861.7309814453125,837.5584402110183,56.6677336698215,14.364694686187477,1.5424160341200608,12.822278652067416,23.231141360433313,1107350555.0,-0.022438915979929596
2024-05-02 00:00:00+05:30,873.7838671947355,885.2627703961455,873.7838671947355,881.05712890625,2448369,0.0,0.0,862.6413787841797,839.2642711402431,58.67931645224204,14.49530373954542,1.3384200699824031,13.156883669563017,22.448244327269894,1109798924.0,0.008323868160744506
2024-05-03 00:00:00+05:30,886.4996787988101,894.2677818660753,856.9612577570746,865.07568359375,3672279,0.0,0.0,862.3915130615235,840.2764833933218,53.390150750936215,13.157570993007653,0.0005498587557077883,13.157021134251945,23.509550025964955,1106126645.0,-0.02416695202201226
2024-05-06 00:00:00+05:30,870.5183383933188,883.6795105128228,865.2241415931466,871.4584350585938,2556178,0.0,0.0,862.9679351806641,841.4993050272541,55.12970360777495,12.468711311371521,-0.5506478583043393,13.01935916967586,23.159141232615518,1108682823.0,0.0010799274682829192
2024-05-07 00:00:00+05:30,871.4584093477243,871.8541981858737,836.922647218709,848.4015502929688,2369111,0.0,0.0,862.7131225585938,841.7699813121841,48.14021593013728,9.947617205579832,-2.4573935712768247,12.405010776856656,24.00002764222617,1106313712.0,-0.02645778479780046
2024-05-08 00:00:00+05:30,841.5241585315994,857.5550262253746,841.5241585315994,855.6254272460938,1849894,0.0,0.0,863.0866851806641,842.3133321331218,50.26763567973138,8.435301555359047,-3.1757673771980883,11.611068932557135,23.43080193162253,1108163606.0,0.016756819838779323
2024-05-09 00:00:00+05:30,855.6748781156623,859.732061023316,822.3760691268657,825.8395385742188,2282517,0.0,0.0,861.0135498046875,841.6673010131648,42.52193957369986,4.77822778657071,-5.466272916789141,10.24450070335985,24.425458357681656,1105881089.0,-0.034867611875138725
2024-05-10 00:00:00+05:30,827.2249886551649,847.0162435525999,827.2249886551649,844.6907348632812,1947295,0.0,0.0,859.9745086669922,841.7858670465027,47.98474536271612,3.362345446202312,-5.505724205726031,8.868069651928343,24.19340454487448,1107828384.0,0.02111365885659563
2024-05-13 00:00:00+05:30,839.000750758892,853.4978691595148,821.3370798868375,851.61767578125,1735081,0.0,0.0,858.8191955566406,842.1714281733556,49.870119632145396,2.767295076735195,-4.880619660154519,7.647914736889714,24.76250345400325,1109563465.0,0.015038037821713254
2024-05-14 00:00:00+05:30,855.1306112302057,875.7135028259589,852.2113892543159,872.2994995117188,2706050,0.0,0.0,859.5638397216796,843.3529211670169,55.102734490320046,3.9193834885377328,-2.9828249986815845,6.902208487219317,24.71488371048223,1112269515.0,0.020077504016390704
2024-05-15 00:00:00+05:30,872.7942745597385,874.2786185640919,854.3884330650025,861.859619140625,2194086,0.0,0.0,860.0833587646484,844.078674028727,52.14392377169844,3.944540550933425,-2.366134349028714,6.310674899962139,24.370262409668456,1110075429.0,-0.012528330831030285
2024-05-16 00:00:00+05:30,863.6903479878514,879.1770290387753,855.4275232624011,877.1484375,3282175,0.0,0.0,862.1193878173829,845.3755274981887,55.88021326469296,5.138919308818345,-0.9374044729150359,6.076323781733381,24.32592265014744,1113357604.0,0.015582077006536032
2024-05-17 00:00:00+05:30,878.7316320973421,905.4003575609996,869.5287115435123,897.9786376953125,4635724,0.0,0.0,865.2191925048828,847.4383945647426,60.41482592769718,7.677791350561506,1.2811740550624995,6.396617295499007,25.150617176386007,1117993328.0,0.021903166899809895
2024-05-21 00:00:00+05:30,882.6898879397322,919.2542401083376,881.5024006745408,913.8116455078124,5938708,0.0,0.0,868.1210845947265,850.0412671507453,63.486759597617976,10.842471877134471,3.5566836653083715,7.2857882118261,26.05070448048678,1123932036.0,0.035257861218644757
2024-05-22 00:00:00+05:30,915.3455051085788,917.6214872578744,896.5932797080827,906.2415161132812,2938404,0.0,0.0,871.1392517089844,852.2451984826095,61.047426028161205,12.594476533123498,4.246950657037917,8.34752587608558,25.691954699722842,1120993632.0,-0.009945959142736608
2024-05-23 00:00:00+05:30,902.481202503067,911.2388084339,881.4035286031777,907.4290161132812,3800388,0.0,0.0,874.3874938964843,854.4092697622436,61.29863164789116,13.918332300258726,4.456645139338516,9.46168716092021,25.987906494794228,1124794020.0,0.005482456140350909
2024-05-24 00:00:00+05:30,905.44989790642,915.3455252059438,896.5932993937231,899.1661987304688,2113036,0.0,0.0,875.6714538574219,856.1644434472721,58.47292403691604,14.137785633712951,3.740878778234194,10.396906855478758,25.471072160324688,1122680984.0,-0.006939864028347031
2024-05-27 00:00:00+05:30,900.9968206161928,909.556561961962,890.7053445795085,892.5360717773438,1893682,0.0,0.0,875.4809631347656,857.5907818131574,56.232936620484985,13.619708623677525,2.578241414559013,11.041467209118512,24.998225390476744,1120787302.0,-0.009390431403590062
2024-05-28 00:00:00+05:30,896.3953556437708,906.290982732174,891.7939252865319,897.8796997070312,1931419,0.0,0.0,876.475473022461,859.170739377623,57.641355602699015,13.484869791132724,1.954722065611369,11.530147725521354,24.2481419658457,1122718721.0,0.0016559033398766494
2024-05-29 00:00:00+05:30,890.2105907467583,900.5020671014494,887.0935044456605,892.4866333007812,1740879,0.0,0.0,876.7797668457031,860.4772450216684,55.69342869200405,12.795336977772763,1.012151401801125,11.783185575971638,23.47388630084164,1120977842.0,0.0025567462100329627
2024-05-30 00:00:00+05:30,890.6064222907543,891.3980603642789,864.1356202948901,874.4765625,3993159,0.0,0.0,876.8539855957031,861.0262378639559,49.65819939347715,10.672588105958198,-0.8884779760107513,11.56106608196895,23.82225249405946,1116984683.0,-0.018111097547743024
2024-05-31 00:00:00+05:30,882.6899411940072,886.1039446381137,867.8465004788613,871.3594360351562,5249761,0.0,0.0,876.3691009521484,861.43146132165,48.67504912152769,8.639181173797283,-2.3375079265373326,10.976689100334616,23.424766184430382,1111734922.0,-0.012836336554967782
2024-06-03 00:00:00+05:30,902.4812201696756,908.1217398753593,888.4294171619716,905.7467651367188,2541803,0.0,0.0,878.4026550292969,863.1693163732214,58.448434658757286,9.690752637627156,-1.028749170165968,10.719501807793124,24.377447445557,1114276725.0,0.0036184076677287847
2024-06-04 00:00:00+05:30,904.4603291410708,904.4603291410708,815.2017594153594,833.0633544921875,4022430,0.0,0.0,876.4829010009765,861.9886904171025,40.77468668307067,4.606090654595391,-4.890728922558186,9.496819577153577,29.10370160811431,1110254295.0,-0.0789387575646199
2024-06-05 00:00:00+05:30,848.0552668321601,872.4974785509366,820.4959687262076,869.23193359375,1969854,0.0,0.0,877.5244201660156,862.2727391691278,49.03356164767462,3.45513283947173,-4.833349390145477,8.288482229617207,30.739259337872507,1112224149.0,0.02497085695923283
2024-06-06 00:00:00+05:30,874.773444448797,883.580576815729,868.3412867690265,878.8306274414062,3095781,0.0,0.0,878.6846801757813,862.9220681209819,50.98695880199216,3.2797183016299414,-4.007011142389813,7.2867294440197545,29.63211867421751,1115319930.0,0.004637981432056041
2024-06-07 00:00:00+05:30,878.8306669047083,905.8457786913324,867.9454764963044,902.6296997070312,3609817,0.0,0.0,882.5241882324219,864.4792301439643,55.53721166117472,5.003411043295159,-1.8266547205796764,6.830065763874836,30.222703211418256,1118929747.0,0.027080339476709975
2024-06-10 00:00:00+05:30,897.5333828109704,910.3976981103558,891.348615840112,906.3405151367188,1765715,0.0,0.0,885.6066772460938,866.120849163288,56.21970214730542,6.59288309975102,-0.18974613129905293,6.782629231050073,29.4245874299058,1120695462.0,0.009812595825868317
2024-06-11 00:00:00+05:30,906.3899913722,909.2102209833386,895.6037334946406,900.6010131835938,2003998,0.0,0.0,888.0558441162109,867.4730124582019,54.81813565529706,7.3052113859015435,0.4180657238811758,6.887145662020368,28.294723148390954,1118691464.0,-0.006386851403601932
2024-06-12 00:00:00+05:30,900.551537284031,914.6528059818302,898.572411852761,907.330078125,1782777,0.0,0.0,889.807373046875,869.0360346412136,56.19691589388488,8.316844581078612,1.1437591352465954,7.173085445832017,27.422271075582255,1120474241.0,0.0075270992945193635
2024-06-13 00:00:00+05:30,907.9732173309848,915.3949373686718,898.5723719499149,906.1920166015624,1788757,0.0,0.0,892.0239929199219,870.493131972992,55.88629410309204,8.923870301002012,1.4006278841359956,7.523242416866016,26.66514924295187,1118685484.0,-0.0019617326760565414
2024-06-14 00:00:00+05:30,904.4603080998152,913.8611537529316,894.1688318571581,911.5357055664062,2625892,0.0,0.0,893.7433563232422,872.1026446629298,57.08574138777369,9.72404090724308,1.7606387923016502,7.963402114941429,26.167090146724842,1121311376.0,0.007822783822825592
2024-06-18 00:00:00+05:30,911.5357184146262,917.7699514349424,904.7571775829664,915.6918334960938,2395045,0.0,0.0,894.6290161132813,873.8120246171716,58.041310184187076,10.571682887637849,2.086624618157135,8.485058269480714,25.227496125671355,1123706421.0,0.00455946486517938
2024-06-19 00:00:00+05:30,919.3037342681628,927.1213036380846,903.7675880356768,905.400390625,1793533,0.0,0.0,894.2084533691407,875.0507840684589,54.78805399593743,10.294345031989337,1.4474294100068974,8.84691562198244,25.093654659723956,1121912888.0,-0.015123775880482975
2024-06-20 00:00:00+05:30,905.4003771186282,928.209784585592,901.7884492133944,919.9469604492188,3120339,0.0,0.0,894.8937255859375,876.8114184363319,58.34228396258601,11.120153193376268,1.8185900571150615,9.301563136261207,25.18848899632922,1125033227.0,0.01606646484606516
2024-06-21 00:00:00+05:30,919.3037077113804,934.1471475560204,913.5147903312152,927.1212768554688,4299319,0.0,0.0,895.8783386230468,878.7843540606118,60.011940961549115,12.212738637771963,2.3289404012086052,9.883798236563358,24.863051012648935,1129332546.0,0.00850379377186489
2024-06-24 00:00:00+05:30,926.230703304336,931.8217568157928,912.3768252634592,925.5874633789062,1857847,0.0,0.0,897.1994018554688,880.6197701123097,59.46321325761399,12.807220875133794,2.3387381108563474,10.468482764277447,24.476042479769273,1127474699.0,-0.0006944705278446949
2024-06-25 00:00:00+05:30,927.1212745141726,930.1888945817402,918.2646766829477,920.1943359375,1733931,0.0,0.0,898.5823150634766,882.1717138701603,57.47328219880528,12.696811084292221,1.7826626560118193,10.914148428280402,23.579483581128077,1125740768.0,-0.0074714481989450665
2024-06-26 00:00:00+05:30,921.1839133815,922.7177234399102,908.5174628908708,909.6060180664062,1341496,0.0,0.0,899.1686309814453,883.2475689366797,53.67544550949217,11.62096254523442,0.5654512935632123,11.055511251671208,22.909539078836026,1124399272.0,-0.012568494897607802
2024-06-27 00:00:00+05:30,906.6373049830032,935.7304104286592,905.7466744456614,933.3060302734376,4700053,0.0,0.0,901.2096008300781,885.2106458518467,60.04043031400662,12.536227910975413,1.1845733274433634,11.35165458353205,23.414838857704723,1129099325.0,0.029414987827943342
2024-06-28 00:00:00+05:30,933.3060784634328,939.4908452973416,919.0563515188612,921.7776489257812,2402672,0.0,0.0,903.5746551513672,886.6446459723933,56.009093268013196,12.190810207843015,0.6713244994487724,11.519485708394242,23.201957066331552,1126696653.0,-0.012352249496361972
2024-07-01 00:00:00+05:30,925.2410859511286,937.6106191857696,921.8765487520618,934.0482177734376,2562034,0.0,0.0,906.7090942382813,888.5036095724342,59.152844534974264,12.76010598716357,0.9924962230154613,11.767609764148109,22.67560086587846,1129258687.0,0.009518742688837067
2024-07-02 00:00:00+05:30,935.1367626601844,943.745970332552,926.7254796098016,928.4572143554688,1936180,0.0,0.0,907.8446166992187,890.0704176031415,57.14882338050293,12.614715159988123,0.6776843166720106,11.937030843316112,22.271664427083603,1127322507.0,-0.007142857142857241
2024-07-03 00:00:00+05:30,929.6941502004256,943.449095794249,929.2488349088924,940.4804077148438,1369238,0.0,0.0,913.2154693603516,892.0472799604632,60.26628155247236,13.316162669815299,1.1033054611993496,12.212857208615949,21.75167992791908,1128691745.0,0.01160194189894904
2024-07-04 00:00:00+05:30,940.4804330466528,949.3864975247532,933.1576447609684,934.4935302734376,1384884,0.0,0.0,916.478549194336,893.7118387962662,58.00342641455531,13.23639300076627,0.8188286337202548,12.417564367046015,21.357192273338057,1127306861.0,-0.006365791953609123
2024-07-05 00:00:00+05:30,938.1054428799408,946.0219445076197,935.334679389876,944.09228515625,1583550,0.0,0.0,919.7416320800781,895.6875425750892,60.56033272984751,13.788765951555888,1.096961267607897,12.691804683947991,20.655136699112628,1128890411.0,0.006381843663469049
2024-07-08 00:00:00+05:30,945.9229866089124,945.9229866089124,924.301005888901,929.3972778320312,1569620,0.0,0.0,921.0800109863281,897.0094929773223,55.03591237893555,12.89214855150692,0.1602750940471438,12.731873457459777,20.72419698631968,1127320791.0,-0.017470459023440195
2024-07-09 00:00:00+05:30,936.4782224301756,938.2733761775188,929.796203770004,932.7881469726562,1489629,7.3,0.0,922.402392578125,898.4125774477276,56.032591226731526,12.313248143296164,-0.33490025133088963,12.648148394627054,19.877904226260238,1128810420.0,-0.003940375087360336
2024-07-10 00:00:00+05:30,928.4996699590298,932.7881095364728,916.43219054114,922.9147338867188,1483892,0.0,0.0,923.5180786132812,899.373446327688,52.39103205914302,10.931749079941824,-1.3731194517481846,12.304868531690008,19.62633652663567,1127326528.0,-0.0060150113705021435
2024-07-11 00:00:00+05:30,924.6600583863176,929.497008815456,912.9914678825196,922.5158081054688,2348723,0.0,0.0,924.2773651123047,900.2809899268167,52.243295931336874,9.692976542570818,-2.089513591295354,11.782490133866172,19.403422555657144,1124977805.0,-0.0023189606400766385
2024-07-12 00:00:00+05:30,927.4525028808224,935.2315427282008,921.5184702541804,931.8905639648438,1498780,0.0,0.0,925.5622924804687,901.5205810655629,55.42441110477643,9.359810759423112,-1.9381434995544478,11.29795425897756,18.996968978397376,1126476585.0,0.004785216569297062
2024-07-15 00:00:00+05:30,935.4310297823366,936.1790155632482,923.662732336908,929.1978149414062,1337839,0.0,0.0,926.4453979492188,902.6059627861843,54.3054649777738,8.777312736461454,-2.0165132180128857,10.79382595447434,18.534062853250433,1125138746.0,-0.006663468115207559
2024-07-16 00:00:00+05:30,929.646655228687,936.8272703114908,925.6573975732445,931.8406982421876,1442535,0.0,0.0,927.2528411865235,903.7524230001452,55.26017001202119,8.431741583075564,-1.8896674971190226,10.321409080194586,18.008049273607284,1126581281.0,0.002360082727303416
2024-07-18 00:00:00+05:30,931.8406614915124,932.83797586604,918.8755746226516,928.948486328125,1812254,0.0,0.0,928.4302459716797,904.7405039149679,53.932195147639206,7.834188970234663,-1.9897760879679378,9.823965058202601,17.719074414305936,1124769027.0,-0.0031037228604707343
2024-07-19 00:00:00+05:30,924.5104217467824,925.0090789321904,884.1690432730121,887.061279296875,3001973,0.0,0.0,926.7859619140625,904.0472009887682,39.22877516442174,3.9353128412114984,-4.710921773592883,8.646234614804381,19.651957888649292,1121767054.0,-0.04050699869791678
2024-07-22 00:00:00+05:30,873.1487555676421,891.0007076427638,862.8265758954356,886.1636962890625,2725373,0.0,0.0,924.7380828857422,903.3458870789758,38.983513794669705,0.7641888780632371,-6.3056365893929165,7.069825467456154,20.260684592840647,1119041681.0,0.014905754189570249
2024-07-23 00:00:00+05:30,887.6097903953286,893.7432981268928,869.6581317131759,891.5491943359375,1640412,0.0,0.0,923.0361694335937,902.883271677288,41.352748042712086,-1.2994062788184237,-6.695385397019662,5.395979118201239,20.533861865760382,1120682093.0,0.0044382159629564105
2024-07-24 00:00:00+05:30,892.5963982920266,892.5963982920266,877.6366821195346,878.9830322265625,1519772,0.0,0.0,920.9756042480469,901.9460073851027,37.67659237786656,-3.903803948589598,-7.439826453432669,3.5360225048430713,20.135708601955496,1119162321.0,-0.015251423926326762
2024-07-25 00:00:00+05:30,867.6635134976683,877.6366573309749,860.0839485328511,872.1514282226562,1636466,0.0,0.0,919.1028747558594,900.7775925159872,35.812657329131106,-6.444769918681118,-7.984633938819352,1.5398640201382336,20.047378251366634,1117525855.0,0.005172413793103455
2024-07-26 00:00:00+05:30,877.6366710040678,906.3593135172256,872.949281155139,898.1314697265625,2056457,0.0,0.0,917.3441467285156,900.6738229948334,46.62663735132527,-6.289628608114413,-6.263594102602117,-0.02603450551229547,21.058843040166828,1119582312.0,0.023352258855646315
2024-07-29 00:00:00+05:30,907.4563957688406,907.4563957688406,892.6462404246962,896.1368408203125,1066351,0.0,0.0,916.0621063232422,900.4959021252444,45.98606328750814,-6.2555181651988505,-4.9835869277492435,-1.2719312374496066,20.612508204736653,1118515961.0,-0.012473938143262106
2024-07-30 00:00:00+05:30,892.646252695333,905.511632964524,887.7594485970386,899.6773071289062,979026,0.0,0.0,914.3435607910156,900.4638003606822,47.368248115545846,-5.875075142112905,-3.6825151237306386,-2.1925600183822667,20.408199359218706,1119494987.0,0.00787664140452396
2024-07-31 00:00:00+05:30,906.508924576092,933.835302267343,900.2757096550165,925.757080078125,2716481,0.0,0.0,914.2085540771484,901.4556936829349,56.249451502656385,-3.429617095118033,-0.9896456613886127,-2.4399714337294203,21.390327629162847,1122211468.0,0.021233277445154727
2024-08-01 00:00:00+05:30,935.0321043353392,955.3773424610156,925.2584353813338,932.0401611328124,4039078,0.0,0.0,913.7865417480468,902.6550845633222,58.08451875970352,-0.9733615371827682,1.1732879172373218,-2.14664945442009,22.013797589914198,1126250546.0,-0.00319982938409761
2024-08-02 00:00:00+05:30,917.4295398119232,921.3688829902226,893.5937013319174,897.1341552734375,3306705,0.0,0.0,911.9185729980469,902.4385775323465,46.43246665752678,-1.8223770342812031,0.2594179361111095,-2.0817949703923126,23.18755917641283,1122943841.0,-0.0221220090020715
2024-08-05 00:00:00+05:30,881.6259265589774,881.6259265589774,851.8561161701595,861.4801635742188,4059902,0.0,0.0,907.7879669189454,900.832365220263,38.03864486957159,-5.310985356626134,-2.583352308987057,-2.7276330476390767,24.765450599760346,1118883939.0,-0.02285069254189067
2024-08-06 00:00:00+05:30,864.7214245429279,890.6515985290263,864.7214245429279,881.6259155273438,2665068,0.0,0.0,905.3993988037109,900.0791711146583,44.1790269820991,-6.3766329136940385,-2.9191998928439693,-3.457433020850069,25.080163767978,1121549007.0,0.019549059968476144
2024-08-07 00:00:00+05:30,896.58562075167,908.2043575381598,892.5963632622299,904.015625,2262055,0.0,0.0,903.9607727050782,900.2335418552599,50.09794811359188,-5.352800096897795,-1.5162936608381807,-3.836506436059614,25.187183642466433,1123811062.0,0.008286999117943556
2024-08-08 00:00:00+05:30,897.5829582662013,900.5250479147663,881.0275636066764,885.1663818359375,2796559,0.0,0.0,902.073355102539,899.6426728348943,45.70423462497383,-5.99329463703225,-1.7254305607781077,-4.267864076254142,25.030103481813377,1121014503.0,-0.013833346896701414
2024-08-09 00:00:00+05:30,893.6435672285743,912.293358918288,886.6125127940508,902.6692504882812,1722454,0.0,0.0,901.0810272216797,899.761362154635,50.08215281812026,-5.030566710317771,-0.6101621072509031,-4.420404603066868,25.179880167566033,1122736957.0,0.010099869333472632
2024-08-12 00:00:00+05:30,902.3700688284916,923.7126216180342,895.6880500862522,914.8863525390624,3822527,0.0,0.0,900.2308166503906,900.3544990324557,52.93478254328206,-3.244380658723344,0.9408191554748191,-4.185199814198163,25.38307240786717,1126559484.0,0.013870455307565888
2024-08-13 00:00:00+05:30,922.5158317609252,925.0091177927115,902.569543506635,905.411865234375,1329629,0.0,0.0,899.0415191650391,900.5528271188055,50.52346246680326,-2.563773700626143,1.2971408908576163,-3.8609145914837595,25.172822542024985,1125229855.0,-0.018540566934121448
2024-08-14 00:00:00+05:30,909.5008776525012,909.5008776525012,883.0221925533816,887.9089965820312,2024615,0.0,0.0,896.8449340820313,900.0569906271674,46.32520315282054,-3.397558070957757,0.3706852164208021,-3.768243287378559,25.266098438960313,1123205240.0,-0.023740363094756384
2024-08-16 00:00:00+05:30,897.5829352840575,908.2542112444602,880.1797873090245,906.01025390625,2208842,0.0,0.0,895.6980224609375,900.2904519322294,50.871845535743574,-2.5681143800154587,0.9601031258904804,-3.528217505905939,25.46669311727998,1125414082.0,0.009388902452256976
2024-08-19 00:00:00+05:30,907.5560918240092,917.529235690207,901.4724984141242,915.2852783203124,847523,0.0,0.0,897.1092224121094,900.8784843396052,53.06567065934855,-1.1491110862178857,1.9032851357504432,-3.052396221968329,24.794553414337326,1126261605.0,0.008516483516483339
2024-08-20 00:00:00+05:30,921.4188230629884,921.4188230629884,908.3539675520848,914.6869506835938,696605,0.0,0.0,898.5353851318359,901.4199928236832,52.901555505869695,-0.07199092578753152,2.384324236944638,-2.4563151627321695,23.956717849806346,1125565000.0,-0.007305985303205004
2024-08-21 00:00:00+05:30,907.5561043167178,924.5104491226346,905.6611826075604,923.3136596679688,1600466,0.0,0.0,900.1236083984375,902.2785679940473,55.059611059758836,1.460897562486025,3.1337701801745554,-1.6728726176885307,23.591899897325476,1127165466.0,0.017362623948317273
2024-08-22 00:00:00+05:30,924.5602909656112,932.3393310156132,922.3163335932314,930.74365234375,1073406,0.0,0.0,902.7116394042969,903.3948458116827,56.8916932064468,3.237936134985148,3.928647002138943,-0.690710867153795,22.62269257768664,1128238872.0,0.006687894168243888
2024-08-23 00:00:00+05:30,932.0900150161156,941.4149411901108,926.6547002265498,938.522705078125,1441218,0.0,0.0,906.0302032470703,904.7724089201706,58.7861066713986,5.213854481024441,4.723652278542589,0.4902022024818522,22.061088890963376,1129680090.0,0.006901361411857011
2024-08-26 00:00:00+05:30,942.9607555347832,966.2979366040764,934.6830582738766,960.9124145507812,2364465,0.0,0.0,909.1692504882812,906.9739777684299,63.72698228742023,8.488595200315217,6.398714398266692,2.0898808020485253,22.743502422337414,1132044555.0,0.01903754627181395
2024-08-27 00:00:00+05:30,960.862559744816,964.353160104458,940.2181397292574,941.4647827148438,2480788,0.0,0.0,911.4356475830078,908.3265583545638,57.30118752703029,9.406161085208282,5.853024226527806,3.553136858680477,22.842896561827644,1129563767.0,-0.020187878935697033
2024-08-28 00:00:00+05:30,944.9553834133033,948.94464096861,932.4889535529696,946.70068359375,2285575,0.0,0.0,913.78681640625,909.8314260110025,58.514056384077726,10.435537719436638,5.505920688604929,4.929617030831709,22.38666733709998,1131849342.0,0.0018469656992084575
2024-08-29 00:00:00+05:30,942.4620845808128,947.9473136445108,928.3002082784724,937.1763305664062,2233515,0.0,0.0,914.357778930664,910.9037752092536,55.42966787837141,10.363328428181376,4.346969117879733,6.016359310301643,22.190984339167013,1129615827.0,-0.005608452690972177
2024-08-30 00:00:00+05:30,945.3543575139416,952.1859369023196,936.1291991831256,938.5725708007812,2896103,0.0,0.0,914.6843994140625,911.9888260167645,55.79751293441747,10.30003457563032,3.4269402122629415,6.873094363367379,21.752823866311793,1132511930.0,-0.007173803832665331
2024-09-02 00:00:00+05:30,938.5725342274388,948.8947745343291,933.635876766794,937.92431640625,1316611,0.0,0.0,916.7239074707031,913.0059040712541,55.568206922807335,10.081353462237303,2.5666072790959387,7.514746183141364,21.28897200211346,1131195319.0,-0.0006906422226838335
2024-09-03 00:00:00+05:30,934.5832759819052,939.0213371226138,927.452514727077,928.4498291015624,1116938,0.0,0.0,920.0723907470704,913.6115481900898,52.192216018078426,9.039335329578421,1.2196713171496452,7.819664012428776,20.5946756016437,1130078381.0,-0.006562761219859002
2024-09-04 00:00:00+05:30,917.5292486974796,932.189782562872,909.5507334914143,930.544189453125,3020790,0.0,0.0,922.5183044433594,914.2755733376598,52.87379737651203,8.286998469305672,0.37386756550151645,7.913130903804156,20.740702278058983,1133099171.0,0.014184769340183269
2024-09-05 00:00:00+05:30,932.040136064445,942.0132798046268,921.2691529992964,922.964599609375,1482001,0.0,0.0,923.4657531738281,914.6163194659624,50.09053747381038,6.998482383615624,-0.7317188161508259,7.73020119976645,20.7409468871498,1131617170.0,-0.009737280728479842
2024-09-06 00:00:00+05:30,922.9646243428708,936.8771724074988,909.2515513326396,930.2948608398438,1984209,0.0,0.0,925.7221771240235,915.2311642257225,52.684564703695806,6.493956632487084,-0.9889956538234932,7.482952286310577,21.232709329129047,1133601379.0,0.007942055744760408
2024-09-09 00:00:00+05:30,920.5211799341886,934.1843992212192,916.581775928153,931.740966796875,1793548,0.0,0.0,927.1757629394531,915.878607463807,53.201326650884866,6.140026600312012,-1.0743405487988529,7.214367149110865,20.973417469410276,1135394927.0,0.012188515709642404
2024-09-10 00:00:00+05:30,931.5913455827416,945.9526971199858,927.3029058881272,936.2288818359376,1388455,0.0,0.0,928.2428894042969,916.6766574391847,54.849414170678884,6.150769494455517,-0.8508781237242786,7.0016476181797955,20.807444166728015,1136783382.0,0.004978080008133898
2024-09-11 00:00:00+05:30,938.522692028892,941.763963787736,921.7678224958844,925.2584228515624,1087490,0.0,0.0,929.2352172851563,917.013197259278,50.195911882216784,5.213955723370418,-1.4301535158475023,6.64410923921792,20.7494939613797,1135695892.0,-0.014133136353533492
2024-09-12 00:00:00+05:30,933.2868051715242,955.0282469598084,926.5050794125052,952.2357788085938,3061006,0.0,0.0,932.4515563964844,918.3944749670942,59.33302625972447,6.572606312700941,-0.05720234121358381,6.629808653914525,21.393803257584434,1138756898.0,0.020303483915201214
2024-09-13 00:00:00+05:30,955.4271970562454,969.8384023384922,948.795031934864,951.9864501953124,2445329,0.0,0.0,934.7503662109375,919.7118073289852,59.22488144742002,7.542285189177278,0.7299812282102023,6.812303960967076,21.3687723394447,1136311569.0,-0.0036012653518072957
2024-09-16 00:00:00+05:30,958.8180791511518,975.9219844214864,954.529578576012,968.3922729492188,2186706,0.0,0.0,937.4057159423828,921.6208451964453,63.888902062691876,9.524779740127883,2.1699806233286454,7.354799116799238,21.55211247421108,1138498275.0,0.009985412255203897
2024-09-17 00:00:00+05:30,968.3922725219568,971.9327264315943,959.1172608708142,961.660400390625,543055,0.0,0.0,939.7543884277344,923.1910238315113,60.814942950215034,10.432456238447685,2.4621256973187577,7.970330541128927,20.928066266108868,1137955220.0,-0.006951596292481928
2024-09-18 00:00:00+05:30,959.4662838358572,968.342406136112,947.4486577720488,954.1306762695312,644373,0.0,0.0,941.2952392578125,924.4043435349631,57.48341772841054,10.424048650679993,1.962974487640853,8.46107416303914,20.92561498739132,1137310847.0,-0.00556101621934509
2024-09-19 00:00:00+05:30,957.4217885720104,963.3558212066782,941.4647587624768,945.8529663085938,1278919,0.0,0.0,942.0507049560547,925.2454659966742,53.98235075468264,9.638338792716809,0.9418117037421361,8.696527088974673,20.994575520020614,1136031928.0,-0.01208330790201831
2024-09-20 00:00:00+05:30,967.3949712452932,985.3466305055152,962.607874283482,978.9139404296876,8035572,0.0,0.0,944.0702667236328,927.3501120528708,63.535006050461256,11.5502581923746,2.2829848827199406,9.267273309654659,22.31593899694211,1144067500.0,0.011907203910277196
2024-09-23 00:00:00+05:30,983.3520139489044,985.2967892339036,973.57834484861,979.4624633789062,1714600,0.0,0.0,944.997769165039,929.3937336734996,63.66975699561689,12.960330684438759,2.954445899827281,10.005884784611478,21.55897509611008,1145782100.0,-0.003955400014262103
2024-09-24 00:00:00+05:30,988.6377318808064,1007.08804789515,982.5042849717548,987.0420532226562,5545642,0.0,0.0,947.2766326904297,931.654452087192,65.56345546001857,14.522031904395703,3.612917695827379,10.909114208568324,21.992304340405344,1151327742.0,-0.0016140175583977791
2024-09-25 00:00:00+05:30,993.3251087688508,995.9680161878656,970.0876962098512,980.010986328125,1309311,0.0,0.0,948.9421478271485,933.550786763307,62.3184219937814,15.019210920987462,3.2880773699353085,11.731133551052153,22.27001974309171,1150018431.0,-0.013403589945720391
2024-09-26 00:00:00+05:30,981.3573740612328,1005.2430662240648,972.8303480767172,1002.8494873046876,2706617,0.0,0.0,952.2258056640625,936.268382862969,67.8796277539146,17.05945426350172,4.262656569959654,12.796797693542066,22.994498200538562,1152725048.0,0.021900394098545578
2024-09-27 00:00:00+05:30,1005.2929195744268,1016.1636709302256,994.8211183288598,998.8602294921876,2757284,0.0,0.0,955.2401885986328,938.7229650837228,66.04606399791564,18.145294387112585,4.2787973548564135,13.866497032256172,22.876502086311937,1149967764.0,-0.006398821633959569
2024-09-30 00:00:00+05:30,1001.303603980484,1030.1260129455484,1001.303603980484,1027.28369140625,4250590,0.0,0.0,959.7081573486328,942.1959347434298,71.87532641459786,21.056638518275804,5.752113188815706,15.304525329460098,23.47573646967257,1154218354.0,0.025946263773032774
2024-10-01 00:00:00+05:30,1026.2365234880476,1027.1839234764911,1011.675757513001,1024.5411376953125,1392457,0.0,0.0,964.5127227783203,945.4251583886016,70.61556936320443,22.87886523648251,6.0594719256179275,16.819393310864584,22.913750571356594,1152825897.0,-0.0016520419551749363
2024-10-03 00:00:00+05:30,1025.2391611345784,1057.1532206251488,1022.6959608219332,1036.309326171875,6615927,0.0,0.0,969.8009796142578,948.9892433997104,72.81718056040933,24.984580803162544,6.532149993838367,18.452430809324177,23.73828694506081,1159441824.0,0.010797641620561857
2024-10-04 00:00:00+05:30,1039.2015986339934,1060.1452009097263,1024.5411257379722,1030.9737548828125,4855592,0.0,0.0,975.2014373779297,952.2043222814008,70.24732261988463,25.924003770486138,5.977258368929569,19.94674540155657,24.58584324696748,1154586232.0,-0.007917466410748607
2024-10-07 00:00:00+05:30,1037.1570545250652,1041.295933605396,1009.780823128355,1016.0140380859376,2708970,0.0,0.0,979.4873962402344,954.7066640776571,63.48250009060489,25.171220951738405,4.179580440145468,20.991640511592937,25.080790906258443,1151877262.0,-0.02038554946609255
2024-10-08 00:00:00+05:30,1011.6757312009604,1011.6757312009604,981.357349707044,995.5192260742188,4115797,0.0,0.0,982.6763092041016,956.3071567049733,55.58500235238707,22.659668543502676,1.3344224255277908,21.325246117974885,25.76478358287524,1147761465.0,-0.01597004319512761
2024-10-09 00:00:00+05:30,997.2146846616146,1008.7835072574452,982.3546758760094,991.8291625976562,2138939,0.0,0.0,985.4563232421875,957.7001765439021,54.27577195960447,20.139334173751763,-0.9487295553784989,21.088063729130262,25.812215568486707,1145622526.0,-0.00540056433864669
2024-10-10 00:00:00+05:30,996.3170540001776,1010.2296016131664,994.0730966713484,1004.6945190429688,1368830,0.0,0.0,989.4281280517578,959.5430919360224,57.990905587986376,18.961501387689736,-1.7012498731524204,20.662751260842157,25.282802957559813,1146991356.0,0.008408432846909487
2024-10-11 00:00:00+05:30,1004.5947878269822,1023.194664954613,1003.2982912749306,1009.33203125,1957211,0.0,0.0,992.2829406738281,961.4955993601,59.27540169550755,18.19255643065003,-1.9761558641537036,20.168712294803733,24.898058009139998,1148948567.0,0.004715576350206709
2024-10-14 00:00:00+05:30,1014.2687375217014,1029.228453414352,1006.6891724845876,1009.7808227539062,1831080,0.0,0.0,995.1726593017578,963.389137532406,59.40476431002754,17.41858512922795,-2.2001017324606273,19.618686861688577,24.729573932041745,1150779647.0,-0.004424778761061941
2024-10-15 00:00:00+05:30,1009.7808466753662,1017.8590691002728,989.3359011377416,998.162109375,1444250,0.0,0.0,996.6611511230469,964.7527834870176,54.57175132902406,15.68684603231236,-3.145472663500975,18.832318695813335,25.00054493421956,1149335397.0,-0.011506196952160557
2024-10-16 00:00:00+05:30,992.3278439632044,1002.1015130661816,979.4126101011938,986.6929931640624,1248745,0.0,0.0,997.9127807617188,965.6131838665095,50.227685028123034,13.236387657134856,-4.476744830942785,17.71313248807764,24.835427650703007,1148086652.0,-0.005678416496545397
2024-10-17 00:00:00+05:30,988.4382683857096,992.5272939107844,967.14563049036,976.8694458007812,1079467,0.0,0.0,999.0497192382812,966.0546059031476,46.791927089197635,10.382026033276816,-5.864885163840661,16.246911197117477,24.874444491397394,1147007185.0,-0.011704142742087762
2024-10-18 00:00:00+05:30,975.8721562172911,995.5691159365466,970.4866340215044,989.9342651367188,1291683,0.0,0.0,1001.2537841796875,966.9910631279936,51.53965325583883,9.069596946986621,-5.741851400104686,14.811448347091307,24.889304307372026,1148298868.0,0.014409785984606453
2024-10-21 00:00:00+05:30,994.322435396298,1002.3009504245532,977.4179445059348,978.814208984375,953143,0.0,0.0,1001.2487976074219,967.4547159066752,47.64296909487072,7.050913303729203,-6.208428034689684,13.259341338418887,24.888854422461055,1147345725.0,-0.015596778127350672
2024-10-22 00:00:00+05:30,978.3653915946868,980.6592024588364,957.820740034058,961.06201171875,1318146,0.0,0.0,1000.3287750244141,967.2040216247958,42.16258762886494,3.972841569973639,-7.429199814756199,11.402041384729838,24.742397851198007,1146027579.0,-0.01768600977159786
2024-10-23 00:00:00+05:30,961.062023187328,968.3922595055324,949.5929078584776,951.88671875,1306503,0.0,0.0,998.5710083007813,966.6033430806863,39.62547932230952,0.7840401563335035,-8.494400982717067,9.278441139050571,24.317894550902064,1144721076.0,-0.009547047137393317
2024-10-24 00:00:00+05:30,951.886755412507,959.4663206167486,949.8921265828392,955.5269165039062,650392,0.0,0.0,997.3468048095704,966.1689734110087,41.13879869696443,-1.4328573145127166,-8.569038762850631,7.136181448337914,23.264773085402588,1145371468.0,0.0038241535253022403
2024-10-25 00:00:00+05:30,955.5269159500208,957.3719841391386,924.3109869580612,941.315185546875,2541293,0.0,0.0,994.2700897216797,965.1943150633956,37.21667611781001,-4.287113274687954,-9.138635778420696,4.851522503732741,23.964503377950788,1142830175.0,-0.014873186893972481
2024-10-28 00:00:00+05:30,933.4862690617732,969.8383907523688,906.558780531145,964.65234375,1737402,0.0,0.0,992.5596954345704,965.1730612863997,46.274711089557925,-4.612844061759006,-7.571493252393398,2.958649190634392,26.772725295327437,1144567577.0,0.033386752136751977
2024-10-29 00:00:00+05:30,969.8384025591356,970.187438251397,944.4567388498004,956.2250366210938,1032874,0.0,0.0,989.0067626953125,964.8221583583486,43.81631919550758,-5.4877420384168545,-6.757112983240997,1.2693709448241426,26.69829487434666,1143534703.0,-0.014036736328567667
2024-10-30 00:00:00+05:30,963.605187468456,965.9488519648588,949.7424929309828,954.7290649414062,733890,0.0,0.0,985.5161590576172,964.4263507733705,43.37579066835676,-6.230001817500806,-5.99949820985996,-0.2305036076408471,25.948870885741613,1142800813.0,-0.009211368558910301
2024-10-31 00:00:00+05:30,955.4271612107136,965.250683352746,951.8867073909132,961.06201171875,1445602,0.0,0.0,981.753793334961,964.2944159084834,45.85746004006423,-6.235354872237167,-4.803881011677056,-1.4314738605601112,25.04994981974813,1144246415.0,0.005897729033468044
2024-11-01 00:00:00+05:30,967.2952634927886,975.3734858058748,962.4083985712364,965.6995239257812,136508,0.0,0.0,978.4900817871094,964.3495181836715,47.66624757502396,-5.798546692085324,-3.49365826522017,-2.304888426865154,24.28291583884646,1144382923.0,-0.0016496923196391686
2024-11-04 00:00:00+05:30,962.4582145228064,966.2479969306518,938.572523337736,952.3355102539062,957723,0.0,0.0,975.3061553955079,963.8783806177985,43.18855630452197,-6.456312921436961,-3.3211395956574457,-3.1351733257795154,24.52524139270855,1143425200.0,-0.010517551947872445
2024-11-05 00:00:00+05:30,952.335537325932,1000.3063352354887,949.443301240464,996.8157348632812,5177028,0.0,0.0,975.370980834961,965.1700415686017,57.499097989730245,-3.3498005918741,-0.17170181287566777,-3.1780987789984323,26.40651229287399,1148602228.0,0.04670643464828101
2024-11-06 00:00:00+05:30,997.3143684735832,1012.323937544863,982.055470810185,1005.941162109375,2761749,0.0,0.0,976.0765808105468,966.7689090407889,59.73971686812834,-0.14979473464347848,2.4226432354839633,-2.572437970127442,26.682366181574274,1151363977.0,0.008650024414062523
2024-11-07 00:00:00+05:30,1011.2768054132227,1016.2135238860856,983.0029664151066,987.1417846679688,2477876,0.0,0.0,975.1989440917969,967.567845339894,53.484108544222025,0.8593739870591435,2.7454495657492686,-1.8860755786901249,27.148665559388895,1148886101.0,-0.02386588975052391
2024-11-08 00:00:00+05:30,991.3304812282596,998.86019252813,973.8774797981846,993.7240600585938,3568198,0.0,0.0,974.4185455322265,968.5935792504313,55.25098871745471,2.1653216037470884,3.241117745949771,-1.0757961422026825,26.993954643000077,1152454299.0,0.0024145114829602563
2024-11-11 00:00:00+05:30,985.3466180912442,992.7766224768076,969.3895878387544,976.3707885742188,1336153,0.0,0.0,972.7480438232421,968.8985678513642,49.872537760312035,1.7795173490794696,2.2842507930257216,-0.5047334439462521,26.803991612774308,1151118146.0,-0.009109311740890615
2024-11-12 00:00:00+05:30,984.3493023023308,985.1471416395742,951.0888917655352,954.67919921875,731821,0.0,0.0,970.5738983154297,968.340945552046,44.09431294364311,-0.2734135380517273,0.18505592471561982,-0.4584694627673471,27.322152917150355,1150386325.0,-0.030141843971631097
2024-11-13 00:00:00+05:30,950.939256472534,955.6764997533356,925.5575934569374,933.4364013671876,1167594,0.0,0.0,967.9110687255859,966.9721398977379,39.29306731146762,-3.5733015142700424,-2.491865641202156,-1.0814358730678864,27.52192101566806,1149218731.0,-0.018405860296768512
2024-11-14 00:00:00+05:30,932.538818567504,946.800402328882,929.9458254731592,936.528076171875,1662673,0.0,0.0,965.8940002441407,965.7782550457432,40.31172241536891,-5.871333117893073,-3.831917795860149,-2.039415322032924,26.759967861386254,1150881404.0,0.004277846160333575
2024-11-18 00:00:00+05:30,932.538831105253,953.4824338097816,932.3892704658224,947.299072265625,1143965,0.0,0.0,963.762240600586,965.0535812112288,43.846885623720226,-6.74565069025698,-3.7649882945792448,-2.980662395677735,26.355196110141467,1152025369.0,0.01582801773828333
2024-11-19 00:00:00+05:30,947.2990599598502,958.3692863397536,942.4621094608488,944.7559204101562,617409,0.0,0.0,962.059326171875,964.2575945131475,43.19635369221125,-7.556656335818843,-3.6607951521128865,-3.8958611837059567,25.60890902219599,1151407960.0,-0.002684621633427695
2024-11-21 00:00:00+05:30,938.472815291842,948.3961053748608,933.9350471158474,941.6143798828124,1669641,0.0,0.0,961.0869445800781,963.369625311958,42.360281532983215,-8.356551099214357,-3.56855193240672,-4.787999166807637,24.81263396768295,1149738319.0,0.0033475286015540017
2024-11-22 00:00:00+05:30,945.354358884485,978.664623842384,936.5280897837854,974.7252197265624,1889389,0.0,0.0,962.2288696289063,963.8149427399817,52.742293543945785,-6.246697366769695,-1.166958559969646,-5.079738806800049,26.050055402748356,1151627708.0,0.031068625818507778
2024-11-25 00:00:00+05:30,972.3815418237444,977.8169174881866,943.1103884773412,950.7398071289062,4563438,0.0,0.0,961.9895141601562,963.3021923238612,46.244296184305874,-6.4358568734504615,-1.08489445332033,-5.350962420130132,26.668374946183864,1147064270.0,-0.02225642277644243
2024-11-26 00:00:00+05:30,952.4352663751388,964.20356429851,948.0470586004112,961.0121459960938,1184177,0.0,0.0,962.9743621826171,963.2123865855174,49.13463976310738,-5.691269832317175,-0.27224592974963446,-5.419023902567541,25.917527142749208,1148248447.0,0.009005210037630804
2024-11-27 00:00:00+05:30,960.7628175910766,969.3896116315616,952.6845951759768,966.248046875,1327011,0.0,0.0,963.0541473388672,963.3314320870658,50.59285437255267,-4.625367438441685,0.6349251713006847,-5.26029260974237,25.259490665094603,1149575458.0,0.005709243929398284
2024-11-28 00:00:00+05:30,966.2479968625564,972.3316510034932,946.501184636764,951.5875244140624,2959350,0.0,0.0,962.8222717285156,962.8708866881245,46.56732221500472,-4.907048352506422,0.28259540578875963,-5.1896437582951815,25.300274643782785,1146616108.0,-0.01517257732600444
2024-11-29 00:00:00+05:30,956.4244999540024,969.0904048805088,950.8395637188254,963.4057006835938,1326686,0.0,0.0,963.256103515625,962.8918597859861,50.01970269277013,-4.129057248263962,0.8484692080249756,-4.977526456288937,24.796743680775688,1147942794.0,0.0072992700729928115
2024-12-02 00:00:00+05:30,963.3060069408352,988.8870848745496,959.1671278167328,987.1417846679688,1272868,0.0,0.0,964.560092163086,963.8428372323384,56.14805672591922,-1.5789884897960746,2.71883037319429,-4.297818862990365,25.14840177913577,1149215662.0,0.024743723754851947
2024-12-03 00:00:00+05:30,992.3278321843612,1012.7727774705718,988.388428113502,996.1176147460938,2118830,0.0,0.0,966.0809967041016,965.1085147818975,58.23361410878627,1.1529434324984322,4.360609836391038,-3.2076664038926057,25.18287256652629,1151334492.0,0.003819083209013966
2024-12-04 00:00:00+05:30,993.4248656765606,1000.3063594971712,982.70373570189,992.17822265625,1030877,0.0,0.0,968.0731323242187,966.1700719534408,56.95337227624846,2.9659534791803708,4.938895906458382,-1.9729424272780107,24.641426225723073,1150303615.0,-0.0012548941176961034
2024-12-05 00:00:00+05:30,988.3385504382688,1007.2376701108064,974.376149120271,996.5165405273438,2221958,0.0,0.0,968.0581726074219,967.3601295445743,58.04721752466755,4.6986795455947,5.337297578298169,-0.6386180327034685,25.228575851781102,1152525573.0,0.008274482549980937
2024-12-06 00:00:00+05:30,997.2146973571116,1005.2929196846528,991.9787967337542,1001.1041870117188,1218982,0.0,0.0,967.8163238525391,968.6834259158348,59.22710755051841,6.368648353697495,5.605813109120771,0.7628352445767241,24.37754350171807,1153744555.0,0.0039003533190147825
2024-12-09 00:00:00+05:30,1002.7995977735648,1012.7727414610196,991.1310074849952,1009.1824340820312,1457470,0.0,0.0,968.9183563232422,970.2716223145092,61.2915302827669,8.24886985450155,5.98882768793986,2.260042166561689,24.18212853559709,1155202025.0,0.006365016821544197
2024-12-10 00:00:00+05:30,1018.2579828494196,1020.7512688015483,1003.9465458326956,1010.2296142578124,2227505,0.0,0.0,969.7436340332031,971.8386023907171,61.56321370781045,9.71150939360416,5.961173781633977,3.7503356119701836,23.655170995115352,1157429530.0,-0.007884415076365224
2024-12-11 00:00:00+05:30,1013.1717029196212,1017.7593247188048,994.4221438799416,997.5138549804688,1246315,0.0,0.0,970.8007873535156,972.8454750412957,56.387769556190335,9.732417017288412,4.785665124254583,4.946751893033829,23.632457412525913,1156183215.0,-0.015454288640347738
2024-12-12 00:00:00+05:30,1002.3009765685804,1010.2296382589678,988.3385749049384,1003.0988159179688,1510341,0.0,0.0,973.2217681884765,974.0318805658711,58.055640476146195,10.083410848325457,4.109327164233301,5.974083684092156,23.50807212263331,1157693556.0,0.0007960077541975518
2024-12-13 00:00:00+05:30,992.3278443506724,1000.8050168903516,970.4367807357232,997.164794921875,2444182,0.0,0.0,976.4081878662109,974.9390536778712,55.62168890763097,9.770126153884462,3.0368339758338445,6.733292178050617,24.161926626891322,1155249374.0,0.004874347322550066
2024-12-16 00:00:00+05:30,1001.3036737451878,1003.5974847279256,981.3573854235706,987.6903076171876,1220082,0.0,0.0,978.9662994384765,975.4391028519622,51.88167816285335,8.657535156397103,1.5393943826771874,7.118140773719915,24.024653246710155,1154029292.0,-0.01359564184667568
2024-12-17 00:00:00+05:30,987.6903067254912,988.1391103865708,958.4191529884408,964.25341796875,1673092,0.0,0.0,979.8140167236328,975.0004485428167,44.00012931743428,5.817576253004404,-1.0404516165724091,6.858027869576813,24.431460686097285,1152356200.0,-0.023728985287343688
2024-12-18 00:00:00+05:30,964.4528922509538,966.8963247404304,939.0213746842896,944.30712890625,1612799,0.0,0.0,979.7915771484375,973.7967889492259,38.62256638888392,1.9350830986024903,-3.938355816779459,5.873438915381949,24.67742421252896,1150743401.0,-0.02088828133190131
2024-12-19 00:00:00+05:30,931.5414789173352,940.1682726014576,919.1249027860296,923.4632568359376,1926448,0.0,0.0,978.8840209960938,971.8229249447832,33.95267747160644,-2.7915675219776404,-6.932005149887671,4.140437627910031,24.713481491649777,1148816953.0,-0.008671886613987758
2024-12-20 00:00:00+05:30,923.5131465611594,939.1709950215956,909.600598323706,914.8863525390624,29003345,0.0,0.0,975.8920776367188,969.5901181837745,32.22600962151318,-7.147168578627429,-9.030084965229968,1.8829163866025391,25.06040400638119,1119813608.0,-0.00934127906486243
2024-12-23 00:00:00+05:30,933.4862793188424,948.3961417877664,919.12492759621,934.533447265625,3988457,0.0,0.0,975.0817596435547,968.2153467752197,39.78079684942822,-8.910937706605978,-8.635083274566814,-0.27585443203916427,25.663931523689964,1123802065.0,0.0011217818300946806
2024-12-24 00:00:00+05:30,934.5334588349622,935.431066155454,915.9834350955538,919.374267578125,2048135,0.0,0.0,972.9998657226563,966.3000103361179,36.40851267941921,-11.400538249676401,-8.89974705410979,-2.500791195566612,25.219910061990696,1121753930.0,-0.016221132709079683
2024-12-26 00:00:00+05:30,919.3742304629496,926.9040026765932,910.6477296986168,911.994140625,2056005,0.0,0.0,970.2871704101562,964.1703683866624,34.85919370920222,-13.809887397918828,-9.047276961881773,-4.762610436037056,24.579650270275394,1119697925.0,-0.008027296821484115
2024-12-27 00:00:00+05:30,912.193639966145,924.0117912532136,908.8027466589216,910.8472290039062,1917836,0.0,0.0,968.2501556396485,962.0792648814563,34.612689662599536,-15.63166800067006,-8.695246051706404,-6.936421948963657,23.910321293419432,1117780089.0,-0.001476014415413774
2024-12-30 00:00:00+05:30,910.8472034867642,914.2380966989926,893.1947269336706,896.5357666015625,1959379,0.0,0.0,964.9066589355468,959.5089316155781,31.608992698538948,-18.022505439472184,-8.86886679240682,-9.153638647065364,23.70553904141248,1115820710.0,-0.015712225750287082
2024-12-31 00:00:00+05:30,895.6381716530809,903.96578329409,894.1920536199726,899.0789184570312,1031176,0.0,0.0,960.503515625,957.1391271779881,32.72621499100034,-19.487411484940935,-8.267018270300458,-11.220393214640477,22.710409800891398,1116851886.0,0.003841670568372204
2025-01-01 00:00:00+05:30,898.7298709203582,907.5560787664596,888.3079235558802,903.018310546875,1020555,0.0,0.0,955.8485504150391,955.0167422120622,34.51085854639028,-20.098797633227377,-7.102723534869519,-12.996074098357859,22.463105901583397,1117872441.0,0.004771666954971899
2025-01-02 00:00:00+05:30,907.0574342826948,913.240795651613,899.0290656477335,910.0493774414062,1636373,0.0,0.0,951.7421081542968,953.2533161426248,37.688121603108726,-19.787874918694456,-5.433440656269276,-14.35443426242518,21.873721908890257,1119508814.0,0.0032985156679494294
2025-01-03 00:00:00+05:30,911.5453613514086,922.2166376027463,906.0601321529044,912.592529296875,2691743,0.0,0.0,947.5459075927735,951.6587754820073,38.843860384185255,-19.115899140562192,-3.8091719025096094,-15.306727238052583,21.465349304672518,1122200557.0,0.0011487831432918899
2025-01-06 00:00:00+05:30,912.592553426856,917.3796504978789,895.488647542018,898.4805908203125,1104617,0.0,0.0,942.4147277832031,949.5733564756664,34.96807570820697,-19.497316068753435,-3.3524710645606817,-16.144845004192753,21.49575313690025,1121095940.0,-0.015463596052314956
2025-01-07 00:00:00+05:30,899.1287847289575,911.2461790318364,896.78512023854,909.3512573242188,688211,0.0,0.0,937.4231689453125,947.996019254041,39.93949525820734,-18.706779683762534,-2.049547743655822,-16.657231940106712,20.993274969499975,1121784151.0,0.011369308567229128
2025-01-08 00:00:00+05:30,907.5561030658752,909.5008783181216,892.7460085896149,899.8767700195312,744601,0.0,0.0,931.9055267333985,946.1089898722956,37.26558984927673,-18.630030452775827,-1.5782388101352893,-17.051791642640538,20.690531738000455,1121039550.0,-0.00846155187585853
2025-01-09 00:00:00+05:30,898.580248230412,906.5089096537516,886.413000730514,888.5572509765625,1459142,0.0,0.0,926.4576965332031,943.8520589352081,34.310144365866805,-19.26057282562681,-1.7670249463890144,-17.493547879237795,20.64805867980311,1119580408.0,-0.011154259481652303
2025-01-10 00:00:00+05:30,888.5572878722468,905.5614864288486,877.8860114856762,897.6826782226562,1614629,0.0,0.0,921.1868896484375,942.0414949856963,38.54174883217984,-18.8071394875667,-1.0508732866631227,-17.75626620090358,21.150016984329486,1121195037.0,0.01026989534041331
2025-01-13 00:00:00+05:30,893.5438345738567,896.286449130025,877.6366579738332,881.3765869140625,1416585,0.0,0.0,915.3974792480469,939.6624789828871,34.29097551403354,-19.538329888489443,-1.4256509500686931,-18.11267893842075,21.071160074650457,1119778452.0,-0.01361684473554326
2025-01-14 00:00:00+05:30,880.1299572918942,908.8525998145376,880.1299572918942,903.61669921875,1948192,0.0,0.0,911.193798828125,938.2489189921367,43.451664603915404,-18.114400817744468,-0.001377503458975582,-18.113023314285492,21.61769453522138,1121726644.0,0.026685538575601967
2025-01-15 00:00:00+05:30,907.556103161264,910.2488642130236,899.0789307690984,901.6220703125,1581897,0.0,0.0,908.0622314453125,936.8125719850922,42.874352695245314,-16.951470651502746,0.9292421302261964,-17.880712781728942,20.871425885843077,1120144747.0,-0.006538474952781591
2025-01-16 00:00:00+05:30,907.5561033104168,911.9443110155788,897.6826664094228,904.3646850585938,1946590,0.0,0.0,906.0651092529297,935.5401058311119,43.97655493829325,-15.628379793345744,1.8018663907065573,-17.4302461840523,20.399298651579713,1122091337.0,-0.0035164969308034855
2025-01-17 00:00:00+05:30,904.3646973055208,915.0359736961713,902.8188721400096,906.1598510742188,911260,0.0,0.0,905.1999389648438,934.3879389779004,44.72827761119837,-14.270464825812724,2.527825086591662,-16.798289912404385,19.814856001906996,1123002597.0,0.0019849887706214226
2025-01-20 00:00:00+05:30,906.1598153957092,923.1640741605394,898.0815933190142,916.7313842773438,1299378,0.0,0.0,905.2921905517578,933.6955250680746,49.06279723252484,-12.200631762957073,3.6781265195578516,-15.878758282514925,20.191114919022578,1124301975.0,0.011666340420335328
2025-01-21 00:00:00+05:30,922.515832527192,930.4943478355352,917.0804567991348,924.36083984375,1474919,0.0,0.0,904.783560180664,933.3294589808463,51.9890924888493,-9.831311605702126,4.83795734145024,-14.669268947152366,19.731961250391784,1125776894.0,0.001999973606419021
2025-01-22 00:00:00+05:30,929.4970456303172,929.4970456303172,904.7138064767609,916.930908203125,1080075,0.0,0.0,904.6613922119141,932.6863785581905,49.03473633543598,-8.455669999632619,4.9708791580158,-13.426549157648418,20.092766814903538,1124696819.0,-0.013519287109375102
2025-01-23 00:00:00+05:30,916.581751582882,934.8325922205114,910.3485368247274,927.4026489257812,1267989,0.0,0.0,905.4318176269531,932.4791734745667,53.081548345917945,-6.446174666578372,5.584299592856038,-12.03047425943441,20.40643028496643,1125964808.0,0.011805708900719641
2025-01-24 00:00:00+05:30,927.5023683892028,950.44059900528,922.66541802083,929.94580078125,3538998,0.0,0.0,906.3867462158203,932.3798255258091,54.03608769989565,-4.59545054347484,5.948018972767658,-10.543469516242498,20.93276962064383,1129503806.0,0.0026344217279904913
2025-01-27 00:00:00+05:30,898.6799934040475,924.510461054942,898.6799934040475,916.8809814453124,3908402,0.0,0.0,907.4040069580078,931.7720277187309,48.56934977159311,-4.1352910146397335,5.126542801282213,-9.261833815921946,21.6708437461123,1125595404.0,0.020253024630405524
2025-01-28 00:00:00+05:30,920.920165822942,923.114208864354,902.0708988126876,913.6896362304688,1101031,0.0,0.0,908.1345428466797,931.0629143270344,47.31026549048919,-3.9822215887919583,4.223689781703991,-8.205911370495949,21.626019910794742,1124494373.0,-0.007851418462546037
2025-01-29 00:00:00+05:30,911.1464242789222,938.5227171173808,905.5614879090368,935.0819702148438,1298065,0.0,0.0,909.7377258300781,931.2205243618505,55.61616070758223,-2.1104029847298307,4.876406708612895,-6.9868096933427255,22.435677717762548,1125792438.0,0.02626970297871069
2025-01-30 00:00:00+05:30,935.3812137474242,953.4325803021376,933.6857670684544,948.29638671875,2020147,0.0,0.0,911.6500762939453,931.8901660229054,59.82876025568808,0.4343132265676104,5.936898335928269,-5.502585109360659,22.243615968899736,1127812585.0,0.013807389737477863
2025-01-31 00:00:00+05:30,947.199340513522,957.3221059056738,938.0240359647288,942.4620971679688,2037829,0.0,0.0,913.1435546875,932.3047515580059,57.24536811752349,1.9576739039996482,5.968207210688246,-4.010533306688598,22.033219824045823,1125774756.0,-0.005001316135825157
2025-02-01 00:00:00+05:30,945.3044181223823,952.6347153954148,909.2016859812184,931.740966796875,1339508,0.0,0.0,914.8065734863281,932.2826423516872,52.73878168950053,2.2736335629375617,5.027333495700928,-2.7536999327633658,23.561777651913722,1124435248.0,-0.014348236468044702
2025-02-03 00:00:00+05:30,912.542652885402,934.932372772521,911.5453385106638,931.4417724609376,1130056,0.0,0.0,915.911099243164,932.2496670618539,52.61429909966151,2.4714025958433012,4.180082022885333,-1.7086794270420325,23.549295981195403,1123305192.0,0.020710395854678952
2025-02-04 00:00:00+05:30,933.835303310588,946.9001583225012,931.790820988439,941.714111328125,1262634,0.0,0.0,918.0029663085937,932.6208217389626,56.41783867567876,3.417631547259134,4.101048779440934,-0.6834172321817991,22.971373829793126,1124567826.0,0.008437042366684435
2025-02-05 00:00:00+05:30,938.5725228947964,952.2357418454048,938.5725228947964,947.3489379882812,1209743,0.0,0.0,920.9425506591797,933.1983949252103,58.39083179712489,4.569533490093022,4.2023605778198565,0.3671729122731652,22.306505624137078,1125777569.0,0.009350811875907198
2025-02-06 00:00:00+05:30,947.997155666507,953.981041845082,939.4701300362852,945.8529663085938,3060140,0.0,0.0,923.3510650634765,933.6946526265195,57.6447201205293,5.300609539345714,3.9467493016580395,1.353860237687675,21.749677494469914,1122717429.0,-0.0022618099063870015
2025-02-07 00:00:00+05:30,948.396132192858,982.354675028478,945.2545675130528,978.1160888671876,2846285,0.0,0.0,928.1880401611328,935.4366697339968,67.33798117053267,8.386680499538784,5.6262562094808874,2.760424290057897,22.846136781681004,1125563714.0,0.03133707072972967
2025-02-10 00:00:00+05:30,971.3841906381496,971.3841906381496,945.7033457624492,956.5740966796876,1665049,0.0,0.0,930.8359100341797,936.2655884377494,57.82263897575401,8.990518137159597,4.984075077681361,4.0064430594782365,23.529465804756533,1123898665.0,-0.015246381505069047
2025-02-11 00:00:00+05:30,947.4985232665556,964.9016715320008,946.0025516827852,951.9365844726562,2535726,0.0,0.0,933.3516357421875,936.8801373018634,55.98843948961893,8.991210262516347,3.9878137624304877,5.003396500085859,23.198726807932182,1121362939.0,0.004683976910908721
2025-02-12 00:00:00+05:30,950.3408816601226,960.3638788425563,935.5805803781682,953.8314819335938,2768806,0.0,0.0,935.8249755859375,937.5448959148725,56.59431115587882,9.0404485027708,3.229641602147953,5.810806900622848,23.311910497679037,1124131745.0,0.003672998121867105
2025-02-13 00:00:00+05:30,951.4379402163846,981.357372298661,950.6899544143278,967.1954956054688,1414535,0.0,0.0,938.8767578125,938.7076645301901,60.703050536952375,10.04207558217638,3.385014945242826,6.657060636933554,23.83730388244005,1125546280.0,0.016561832068101474
2025-02-14 00:00:00+05:30,970.287218791475,981.05820230022,951.6872806015132,962.0094604492188,2690126,0.0,0.0,941.1406616210937,939.6214604485833,58.39307942178842,10.298685725005043,2.9133000704571907,7.385385654547853,24.23256229788768,1122856154.0,-0.00853124536935202
2025-02-17 00:00:00+05:30,962.0094487241568,972.3815428631935,951.5376474933224,970.9354248046876,1321057,0.0,0.0,943.4693908691406,940.8494590507835,61.134435132470294,11.094412358426553,2.9672213631029596,8.127190995323593,23.99051466017221,1124177211.0,0.009278470281522424
2025-02-18 00:00:00+05:30,972.3815431256596,978.564904599784,960.2142952323009,976.1713256835938,1800070,0.0,0.0,946.4314117431641,942.234630291286,62.68745029756599,12.009091558901218,3.1055204508621,8.903571108039118,23.58766428212299,1125977281.0,0.00389742337740401
2025-02-19 00:00:00+05:30,972.9799194992834,987.2415643391864,968.4920046291368,974.7252197265624,1581818,0.0,0.0,948.7975402832031,943.5087710534536,61.95115252771648,12.473505938097901,2.8559478640470246,9.617558074050876,23.24208538411775,1124395463.0,0.0017937679825676019
2025-02-20 00:00:00+05:30,974.3761356806232,984.9975580280936,972.3815069484214,978.5150146484376,1474610,0.0,0.0,951.2260009765625,944.8815649199237,63.17197247264252,12.99753496470521,2.703981512523466,10.293553452181744,22.48308293380022,1125870073.0,0.004247722020535054
2025-02-21 00:00:00+05:30,976.470471566022,988.2886833278488,972.9300177403752,979.2630004882812,1599075,0.0,0.0,954.345101928711,946.2298565108397,63.42143146606018,13.319647346397005,2.4208751153722083,10.898772231024797,21.974195980491178,1127469148.0,0.002859819117500557
2025-02-24 00:00:00+05:30,968.392284911204,982.2549794556484,955.1778690769366,964.2035522460938,1898963,0.0,0.0,956.8707977294922,946.9347073239869,55.29977789384221,12.21890023756066,1.056102405228689,11.162797832331972,22.33868986607836,1125570185.0,-0.004325450264707896
2025-02-25 00:00:00+05:30,964.403014611514,970.8357045978036,954.9285279116076,956.1751708984376,1095348,0.0,0.0,957.9254577636718,947.2970784445536,51.512520375420166,10.576804130396454,-0.46879496154841505,11.045599091944869,21.87929606751533,1124474837.0,-0.0085315408479833
2025-02-27 00:00:00+05:30,956.17517191569,978.3654171048678,956.1253183704116,972.3815307617188,2049890,0.0,0.0,959.1297149658203,948.2807824569913,57.7959624841413,10.462543247718713,-0.4664446753809237,10.928987923099637,21.905067686582534,1126524727.0,0.016949152542372947
2025-02-28 00:00:00+05:30,965.5000231725122,965.9986803605718,938.0240242846758,948.1467895507812,2553800,0.0,0.0,959.413949584961,948.2755278332183,47.81695180645533,8.320535641925403,-2.086761824939387,10.40729746686479,22.794527600186854,1123970927.0,-0.01797331248601156
2025-03-03 00:00:00+05:30,956.4245125394872,978.9139401543584,950.4406261210962,973.4287109375,1744769,0.0,0.0,961.4983367919922,949.2619271706412,56.294699230482074,8.564295085421918,-1.4744019051542985,10.038696990576216,23.364000671857593,1125715696.0,0.017778923663158183
2025-03-04 00:00:00+05:30,957.421838844376,975.4732054157578,957.371985297851,971.4839477539062,1077034,0.0,0.0,963.5004455566407,950.1333789582203,55.54712563911234,8.502538098183209,-1.2289271139144073,9.731465212097616,22.98808777514682,1124638662.0,0.014687474568684845
2025-03-05 00:00:00+05:30,972.3815206099108,1005.292895153631,968.2925559999444,1000.0071411132812,2472192,0.0,0.0,966.4150970458984,952.0892127682228,63.254503821093884,10.632612429177925,0.7209177736642474,9.911694655513678,23.988962873613946,1127110854.0,0.028410268930288505
2025-03-06 00:00:00+05:30,1010.279504260026,1013.4709225681656,994.422180683756,1008.3845825195312,2203409,0.0,0.0,969.4668792724609,954.2968743270976,65.16489323726027,12.84859063624856,2.3495167845879052,10.499073851660654,23.636089945813637,1129314263.0,-0.001875641080022368
2025-03-07 00:00:00+05:30,1008.2848267383896,1017.659606152504,1002.8494512548205,1008.4344482421876,759943,0.0,0.0,972.5959533691406,956.4199164414149,65.1764987844726,14.442311105290855,3.1545898029041606,11.287721302386695,23.005666013804348,1130074206.0,0.00014839210095228116
2025-03-10 00:00:00+05:30,1008.4344727322054,1029.976439270411,1007.536865430097,1010.7781372070312,1855010,0.0,0.0,974.2290557861328,958.5516113734,65.75398426570328,15.71332869953892,3.54048591772178,12.17284278181714,22.965230858555035,1131929216.0,0.0023240622352744297
2025-03-11 00:00:00+05:30,1001.1540052779264,1018.2579710599956,998.7604873143384,1015.914306640625,1595868,0.0,0.0,977.1960662841797,960.8011288348598,67.04380613234483,16.939793849854254,3.8135608544296904,13.126232995424564,22.717534636205187,1133525084.0,0.01474328753107371
2025-03-12 00:00:00+05:30,1021.9479848281268,1022.1973134202816,991.430189496844,1007.6864624023438,1263600,0.0,0.0,979.9835601806641,962.639769366918,62.95336598557,17.051301263715914,3.1400546146330797,13.911246649082834,23.292505299578927,1132261484.0,-0.013955233179682388
2025-03-13 00:00:00+05:30,1012.1743886138872,1013.7202137286448,996.11759057309,998.5111694335938,1218174,0.0,0.0,982.2175445556641,964.0464909381602,58.655630794954455,16.21241559600105,1.840935157534572,14.37148043846648,22.886085146434347,1131043310.0,-0.013498878586529392
2025-03-17 00:00:00+05:30,1004.844091727772,1012.7228996808788,997.4640018360697,1002.9990844726562,1522656,0.0,0.0,984.0077239990235,965.5740436257876,60.090799941394614,15.72842243385901,1.085553596314023,14.642868837544986,22.341286053461115,1132565966.0,-0.0018361129555366047
2025-03-18 00:00:00+05:30,1002.9990844726562,1002.9990844726562,1002.9990844726562,1002.9990844726562,0,0.0,0.0,986.0572052001953,967.0416922864491,60.09079994139462,15.16998423065536,0.4216923144882969,14.748291916167062,20.745479906785324,1132565966.0,0.0
2025-03-19 00:00:00+05:30,1033.2177366567582,1044.1881952506042,1021.24996364529,1030.5748291015625,2652155,0.0,0.0,989.039175415039,969.5331878478262,68.00520157871124,16.759358609019387,1.6088533542818588,15.150505254737528,22.205739254725508,1135218121.0,-0.0025579386236124256
2025-03-20 00:00:00+05:30,1035.2123420205012,1049.9726437636427,1024.4412978573998,1047.429443359375,2301795,0.0,0.0,992.6020812988281,972.5879429659261,71.69937547243562,19.158132736748144,3.206101985608491,15.952030751139652,22.44328258697675,1137519916.0,0.011801541425818773
2025-03-21 00:00:00+05:30,1049.1747317785232,1059.6964472248144,1044.8862312311062,1055.856689453125,2630144,0.0,0.0,996.6586547851563,975.8533840046399,73.35587372515496,21.49144682450708,4.4315328586939415,17.059913965813138,21.898063544600426,1140150060.0,0.006368774878208109
2025-03-24 00:00:00+05:30,1060.1452269281813,1069.121056695212,1053.662683207548,1058.4996337890625,2267252,0.0,0.0,1000.6578857421875,979.0944134079507,73.87238727164403,23.285458300979826,4.980435468133351,18.305022832846475,21.43808568339068,1142417312.0,-0.0015522336914980542
2025-03-25 00:00:00+05:30,1058.49959712659,1072.0132557269949,1049.1747319845388,1058.8486328125,1571677,0.0,0.0,1004.6371673583984,982.222029855188,73.94421716761642,24.453501877852545,4.918783236004856,19.53471864184769,21.538116973323923,1143988989.0,0.0003297456955651507
2025-03-26 00:00:00+05:30,1065.1817378835133,1065.1817378835133,1049.374206592604,1053.61279296875,1254060,0.0,0.0,1009.1076293945313,985.0216676243474,70.79949354076169,24.67228951461493,4.110056698213793,20.56223281640114,21.12878942458002,1142734929.0,-0.010861005688804291
2025-03-27 00:00:00+05:30,1049.124829681928,1066.129088822725,1047.1801153076344,1056.9039306640625,2514499,0.0,0.0,1014.1440673828125,987.8405799004147,71.61661540711066,24.82507953603931,3.4102773757105354,21.414802160328776,20.973088288187913,1145249428.0,0.007414847844648647
2025-03-28 00:00:00+05:30,1056.9039185639883,1065.3311764127536,1051.11944643914,1060.3446044921875,1674204,0.0,0.0,1018.5422210693359,990.6838749824451,72.48352030162951,24.936349635569286,2.817237980192406,22.11911165537688,20.490134122861186,1146923632.0,0.0032554387090115255
2025-04-01 00:00:00+05:30,1060.1452022466715,1067.5751457949643,1050.5210939831422,1053.413330078125,1776263,0.0,0.0,1023.8055480957031,993.1438536136483,67.97911897779795,24.186429963873252,1.6538546467970967,22.532575317076155,20.244699672072677,1145147369.0,-0.00634995296331128
2025-04-02 00:00:00+05:30,1055.258374103838,1063.4862181518786,1043.4402224560583,1053.0643310546875,878958,0.0,0.0,1027.7873291015626,995.4936762583949,67.75081780439781,23.29541685211234,0.6102732280289445,22.685143624083395,20.23050653091179,1144268411.0,-0.0020791524644508796
2025-04-03 00:00:00+05:30,1042.193493683632,1052.9645373392657,1038.7528078799437,1041.24609375,1607693,0.0,0.0,1031.2754364013672,997.287888709046,60.35844542948739,21.389089451331756,-1.0368433382013116,22.425932789533068,19.80772200547122,1142660718.0,-0.0009090441836125168
2025-04-04 00:00:00+05:30,1029.5276960115543,1036.1597393272884,995.1701421465502,1003.0489501953124,3818643,0.0,0.0,1031.4275268554688,997.5138126888996,43.74497590026198,16.604712207596094,-4.65697646554958,21.261688673145674,21.68402411961255,1138842075.0,-0.025719313738544407
2025-04-07 00:00:00+05:30,903.5668469466184,956.4245101785948,902.7690076003838,927.8015747070312,4581682,0.0,0.0,1027.3983764648438,994.7799994347087,27.617842094994337,6.664401368480412,-11.677829843732212,18.342231212212624,27.29801829642084,1134260393.0,0.02682117857943565
2025-04-08 00:00:00+05:30,946.8004152408276,967.8437859136064,931.2921882665912,952.0363159179688,1717533,0.0,0.0,1024.5784698486327,993.1037765516992,35.82389103195714,0.7337166610033137,-14.086811640967449,14.820528301970763,28.208317790003296,1135977926.0,0.0055300996840071115
2025-04-09 00:00:00+05:30,942.6117308793516,950.8395746913174,935.5307621063096,943.0106201171876,1773658,0.0,0.0,1021.1900939941406,991.1393390444634,34.26580819144489,-4.641191155583783,-15.569375566043638,10.928184410459854,27.372406077264433,1134204268.0,0.00042317448931371635
2025-04-11 00:00:00+05:30,969.8383921776208,994.322448314425,965.7493666497724,987.590576171875,3641633,0.0,0.0,1019.7739074707031,991.0001718729894,46.615972885956594,-5.243174390364061,-12.937087040659133,7.693912650295072,29.082364800119638,1137845901.0,0.018304270213921364
2025-04-15 00:00:00+05:30,1007.287536499992,1012.9722407119134,999.508496412161,1005.2929077148438,1287903,0.0,0.0,1019.6542297363281,991.5606713177681,50.586114037818966,-4.24291059777147,-9.549458598453235,5.306548000681764,28.818029067256692,1139133804.0,-0.001980198019801762
2025-04-16 00:00:00+05:30,1000.30631164209,1012.373791152886,989.435560676547,1006.6891479492188,1281034,0.0,0.0,1020.0631286621094,992.1539449111584,50.89630074895041,-3.2994948943055533,-6.884834315989854,3.585339421684301,28.39804345361972,1140414838.0,0.006380881768756171
2025-04-17 00:00:00+05:30,993.32512291718,1005.8912597622148,984.4490005827776,1004.4950561523438,2074019,0.0,0.0,1020.1379272460938,992.6379100578715,50.361304814570495,-2.6977777213202216,-5.026493714403618,2.3287159930833967,27.958193733106967,1138340819.0,0.011244992175734037
2025-04-21 00:00:00+05:30,998.3116494036736,1040.9967516415988,997.8129922361392,1031.2230224609375,1345056,0.0,0.0,1021.5491241455078,994.1510517207369,56.37687553425778,-0.06345752161405471,-1.9137388117579612,1.8502812901439065,29.04573413827502,1139685875.0,0.03296703296703286
2025-04-22 00:00:00+05:30,1057.1532458289523,1057.552195930591,1034.21501502323,1041.3956298828125,2153582,0.0,0.0,1022.0901641845703,996.0037802761124,58.441166362813284,2.812681774164048,0.7699203872161129,2.042761386947935,28.851694090516347,1141839457.0,-0.014905706441627298
2025-04-23 00:00:00+05:30,1048.1774160279078,1051.06965208571,1025.737842421221,1036.4090576171875,893969,0.0,0.0,1021.5391448974609,997.5883009561545,57.016832762062066,4.636224668195041,2.0747706249976847,2.5614540431973563,28.60027377437153,1140945488.0,-0.011227448932564109
2025-04-24 00:00:00+05:30,1032.7189951924515,1044.6867672275162,1026.7351091749192,1041.69482421875,1242921,0.0,0.0,1020.8310516357421,999.3179685350798,58.18032645029057,6.433748491640813,3.097835558754765,3.335912932886048,27.839658365673344,1142188409.0,0.008691453404152585
2025-04-25 00:00:00+05:30,1047.1801509213497,1054.0616448330438,1014.8671390587084,1025.63818359375,2784217,0.0,0.0,1019.1879791259765,1000.3501338314983,53.44746173011235,6.487874189592503,2.521569005365164,3.9663051842273394,28.65071889486349,1139404192.0,-0.0205714053199406
2025-04-28 00:00:00+05:30,1018.65698318392,1056.0562743101473,1016.4628792635996,1051.568359375,1485915,0.0,0.0,1018.8239654541015,1002.3586916959493,59.21725029237059,8.524848525926814,3.64683467335958,4.878013852567234,29.432338619983792,1140890107.0,0.03230859527238696
2025-04-29 00:00:00+05:30,1052.1666484944249,1058.748898913762,1031.3227540477938,1032.8187255859375,1206750,0.0,0.0,1017.7842620849609,1003.5532028288901,54.00503006830302,8.527922036737209,2.9199265473359794,5.60799548940123,29.289039066125543,1139683357.0,-0.01838864873370854
2025-04-30 00:00:00+05:30,1027.2338380123,1039.5008539010898,1018.2580083597652,1027.034423828125,1755328,0.0,0.0,1016.2907867431641,1004.4740350249385,52.47064708041815,7.971719980062517,1.89097959252903,6.080740387533487,28.714310957211193,1137928029.0,-0.00019412735133509474
2025-05-02 00:00:00+05:30,1018.457467282654,1034.2150224710313,945.7532239002736,964.9016723632812,6209775,0.0,0.0,1011.5186401367188,1002.9221776656578,39.49124432818529,2.4886445198875435,-2.873676694116755,5.362321214004298,32.98198864389308,1131718254.0,-0.05258520521457309
2025-05-05 00:00:00+05:30,957.2223386252966,969.7885364525562,950.1414308101369,952.9338989257812,1646426,0.0,0.0,1006.4946685791016,1000.9618530091922,37.5637855554526,-2.790267120789622,-6.522070667835136,3.7318035470455144,32.02949700093067,1130071828.0,-0.004480087359509569
2025-05-06 00:00:00+05:30,957.4218144379844,969.2898800279512,952.4352424877868,964.9016723632812,1462046,0.0,0.0,1002.0865356445313,999.54772827798,40.68165542586553,-5.939674461111736,-7.7371824065258,1.7975079454140646,30.94557846801879,1131533874.0,0.007812500000000121
2025-05-07 00:00:00+05:30,955.3275026216608,972.3815547722468,955.3275026216608,963.5054321289062,1014461,0.0,0.0,998.1995025634766,998.134304899585,40.428005226612925,-8.450851234065112,-8.198687343583341,-0.2521638904817709,29.953326588202163,1130519413.0,0.008560341333001702
2025-05-08 00:00:00+05:30,959.9150872091328,966.8962878433812,946.451343128797,950.6400756835938,1646385,0.0,0.0,995.5790588378907,996.2717861068011,38.072447533171676,-11.34828766738326,-8.876899021521192,-2.471388645862069,29.274156454372307,1128873028.0,-0.00966232497970767
2025-05-09 00:00:00+05:30,932.4889540398258,956.4244993841636,932.4889540398258,954.4298706054688,1481537,0.0,0.0,996.9104736328125,994.6309266753764,39.196327203577766,-13.186713908638126,-8.572260210220845,-4.614453698417281,28.892827089369842,1130354565.0,0.02352941176470589
2025-05-12 00:00:00+05:30,970.386892026369,1004.9937131968296,967.0957667456456,1002.5004272460938,1335817,0.0,0.0,999.4336791992188,994.9395345408947,51.275371212637474,-10.642112127364612,-4.822126743157865,-5.819985384206747,30.440756768083485,1131690382.0,0.03309353772562309
2025-05-13 00:00:00+05:30,1002.5004137521472,1008.1851178175548,985.4463015559244,987.2415161132812,934177,0.0,0.0,1001.6452239990234,994.6376514653019,48.014706772397275,-9.744435698188227,-3.1395602511851832,-6.604875447003043,29.890618160479693,1130756205.0,-0.015220839243103282
2025-05-14 00:00:00+05:30,992.5273067719426,1009.3818836723304,984.3493164870624,986.6431274414062,1650066,0.0,0.0,1001.5978515625,994.3241407192668,47.88610371345688,-8.977814963134847,-1.8983516129054427,-7.079463350229404,29.543614519393145,1129106139.0,-0.00592848105073682
2025-05-15 00:00:00+05:30,990.333205380734,1037.8053467685147,987.3412621620612,1035.5115966796875,5297654,0.0,0.0,1003.1087860107422,995.9393350706558,57.82174088826156,-4.376535474063417,2.1623423009327905,-6.538877774996207,31.087800577087094,1134403793.0,0.04561938451976343
2025-05-16 00:00:00+05:30,1040.5978748453342,1041.7946034347096,1017.5598755600088,1019.0558471679688,1048380,0.0,0.0,1003.7271209716797,996.845864956825,54.08258769536708,-2.034378735992732,3.6035992312027805,-5.637977967195512,30.598295384059504,1133355413.0,-0.020701587229905977
2025-05-19 00:00:00+05:30,1031.12340023324,1031.2231073264577,1013.9695800841222,1016.8617553710938,1434608,0.0,0.0,1004.3454559326171,997.630801835816,53.58502553309291,-0.3511991131980494,4.22942308319797,-4.580622196396019,29.64509765965065,1131920805.0,-0.013831171767530789
2025-05-20 00:00:00+05:30,1028.23112663954,1031.721726972458,1008.0853639724515,1009.9802856445312,1624336,0.0,0.0,1003.2833190917969,998.1150953185108,51.970092686125305,0.4225844776211716,4.002565339213753,-3.5799808615925817,29.21590232681893,1130296469.0,-0.017749745676982218
2025-05-21 00:00:00+05:30,1013.2713977032148,1016.1636337183824,996.416760538593,998.2119750976562,875245,0.0,0.0,1001.124136352539,998.1188945255361,49.23720360544793,0.08522679742839046,2.932166127216778,-2.8469393297883876,28.539543102031097,1129421224.0,-0.014862180694820547
2025-05-22 00:00:00+05:30,999.3090454759268,1008.7835324340318,985.246936549762,1002.8993530273438,1283310,0.0,0.0,999.4486511230468,998.3063634863913,50.35696974655429,0.1938658652019285,2.432644155992253,-2.2387782907903246,28.18218972933386,1130704534.0,0.0035927900059255524
2025-05-23 00:00:00+05:30,1008.2848509229168,1019.753966437866,1002.4006716580558,1005.7915649414062,1568154,0.0,0.0,997.6534881591797,998.5999007983527,51.07411203535004,0.5074904058590164,2.197014957319473,-1.6895245514604564,27.40869723293931,1132272688.0,-0.0024727992087041325
2025-05-26 00:00:00+05:30,1006.4897106607089,1033.2177245659664,976.869460629695,1029.5277099609375,4716572,0.0,0.0,997.8479644775391,999.8127560596306,56.6135525126213,2.6409059260986396,3.464344382047277,-0.8234384559486373,29.47580914032017,1136989260.0,0.022889453370671206
2025-05-27 00:00:00+05:30,1029.22844109397,1030.32546256447,1006.2902103331548,1010.9776000976562,1158374,0.0,0.0,995.8184265136719,1000.2505930807297,51.688176640518094,2.802508684473878,2.900757712338012,-0.09824902786413425,29.087197932534092,1135830886.0,-0.01773254631101622
2025-05-28 00:00:00+05:30,1012.1744009423612,1015.1663441188136,995.8184205625918,998.3117065429688,1790498,0.0,0.0,994.0930755615234,1000.174558314543,48.58037114486638,1.8867984402687625,1.5880379745063173,0.29876046576244514,28.39153547708322,1134040388.0,-0.013695954359728847
2025-05-29 00:00:00+05:30,1017.6596180746736,1020.950743355636,995.5192266562852,1003.4977416992188,3282246,0.0,0.0,992.9162414550781,1000.3048792315891,49.90841285918929,1.5615604729111965,1.010240005719001,0.5513204671921954,28.180105564388043,1137322634.0,-0.013916122958920155
2025-05-30 00:00:00+05:30,1000.3063348655912,1009.7808215866512,987.8399049694596,990.8318481445312,1710817,0.0,0.0,994.2127502441406,999.9333878164105,46.73374411644251,0.2785641696456196,-0.21820503803726066,0.49676920768288024,27.73444921101687,1135611817.0,-0.009471585244267236
2025-06-02 00:00:00+05:30,984.3493159641296,984.3493159641296,966.6469853072264,976.1713256835938,1790184,0.0,0.0,995.3746215820313,999.0015422425746,43.30041810355721,-1.8993072519579073,-1.91686116771263,0.01755391575472276,27.480907327180297,1133821633.0,-0.008308016420497858
2025-06-03 00:00:00+05:30,977.4179684364032,984.6983514036864,969.4394532128072,971.1847534179688,1138571,0.0,0.0,995.6887756347656,997.9106877788646,42.165717424853426,-3.981761483783089,-3.1994523196302493,-0.7823091641528396,26.607906674587365,1132683062.0,-0.006377225731184191
2025-06-04 00:00:00+05:30,970.3869138052256,976.8694574226296,959.5660768846708,965.9488525390624,2398032,0.0,0.0,995.8109466552735,996.657282475343,40.95221512125639,-5.985616447960183,-4.162645827045875,-1.8229706209143084,25.94329766482818,1130285030.0,-0.004573496615654106
2025-06-05 00:00:00+05:30,970.1874265354296,974.2764520576692,962.0593507786874,966.1483154296876,2182562,0.0,0.0,996.5863586425781,995.4608523951213,41.02185012951767,-7.4714645631150916,-4.518795153760626,-2.952669409354465,24.96285506583915,1132467592.0,-0.004163227635474302
2025-06-06 00:00:00+05:30,966.1482941527604,1007.935790527063,965.0512726962824,1002.2012329101562,2089570,0.0,0.0,998.9749267578125,995.7251810427698,52.032935955764856,-5.674429474687827,-2.1774080522666894,-3.4970214224211373,26.24297383476354,1134557162.0,0.03731615423387108
2025-06-09 00:00:00+05:30,1003.5974610732196,1014.268737248012,999.2591678140176,1005.2929077148438,1864322,0.0,0.0,999.11455078125,996.1003860103021,52.84594637553559,-3.9552008087405284,-0.3665435090555125,-3.588657299685016,25.440587806137174,1136421484.0,0.0016893692016827803
2025-06-10 00:00:00+05:30,1012.2741327999933,1016.4130119771792,998.1122559107104,1000.4060668945312,1747781,0.0,0.0,999.7727783203125,996.2692362410563,51.364005331351805,-2.9529867249749486,0.5085364597680542,-3.461523184743003,24.93059982473229,1134673703.0,-0.011724161984298096
2025-06-11 00:00:00+05:30,1001.2538208171804,1013.2714473641308,1001.2538208171804,1004.3953247070312,1003090,0.0,0.0,1000.6603881835938,996.5879063769769,52.5341751008931,-1.815892597665993,1.316504469661608,-3.132397067327601,24.068798442222814,1135676793.0,0.003137569939345499
2025-06-12 00:00:00+05:30,1004.3952750281264,1007.28751104199,989.8843631571652,992.97607421875,2223026,0.0,0.0,998.5336120605468,996.4462659001838,48.906815311609044,-1.8152503135383995,1.0537174030313614,-2.868967716569761,23.592680545265807,1133453767.0,-0.01136922991703307
2025-06-13 00:00:00+05:30,982.0554932889288,991.380358499103,978.7144535553248,984.5986328125,1044815,0.0,0.0,996.8107513427734,995.9816528379217,46.37688380476682,-2.4623464103640345,0.32529704496458134,-2.787643455328616,22.92617626799148,1132408952.0,0.0025896087756244407
2025-06-16 00:00:00+05:30,984.5986457923348,1008.284862898,981.5568490330132,1001.1041870117188,871032,0.0,0.0,996.0228729248047,996.1825365310118,51.68042428066522,-1.624587217792623,0.9304449900287945,-2.5550322078214176,23.197736096348287,1133279984.0,0.016763725290421767
2025-06-17 00:00:00+05:30,1001.8022823661552,1007.736315028286,995.2200318877548,996.96533203125,1075499,0.0,0.0,995.3721252441406,996.2132343937662,50.33602721194113,-1.2798744332479828,1.020126219658748,-2.3000006529067307,22.43477517093278,1132204485.0,-0.004828248467832179
2025-06-18 00:00:00+05:30,994.3224726828452,996.2672479681582,981.1080566717644,983.7010498046876,854561,0.0,0.0,994.6465789794922,995.7225604883122,46.18907545272032,-2.053334230572773,0.1973331378671661,-2.250667368439939,21.96495375582941,1131349924.0,-0.010682070625940098
2025-06-19 00:00:00+05:30,984.2496097255008,995.26992171623,982.3546880092712,993.375,1391083,0.0,0.0,994.170361328125,995.6304992926922,49.459430860885305,-1.8642103042857343,0.3091656513233638,-2.173375955609098,21.318545180910082,1132741007.0,0.009271418738021323
2025-06-20 00:00:00+05:30,991.280664560592,1021.2499502425836,990.9315679962608,1002.8494873046876,9697195,0.0,0.0,994.0232574462891,995.9135968617901,52.50394892964939,-0.9389921690228675,0.9875070292689845,-1.926499198291852,21.96139068558242,1142438202.0,0.01167058246740221
2025-06-23 00:00:00+05:30,1002.3009638657182,1002.5004389183474,980.8587044397352,994.3224487304688,1132847,0.0,0.0,992.2629943847656,995.851198895856,49.607581374412995,-0.8836250015148153,0.8342993574216295,-1.7179243589364448,21.963490126965986,1141305355.0,-0.00796019900497512
2025-06-24 00:00:00+05:30,1003.2982788692046,1019.8038198910654,998.6108890501404,1004.2955932617188,1434360,0.0,0.0,991.9288940429688,996.1823516160858,52.88152713398554,-0.03459788486031812,1.3466611792609013,-1.3812590641212195,22.21476734365389,1142739715.0,0.0009940357852882636
2025-06-25 00:00:00+05:30,1005.2928965548632,1025.0397700056108,1005.2928965548632,1021.6986694335938,2029126,0.0,0.0,993.0982421875,997.1829915304979,58.00834469461226,2.0192681591053088,2.7204217785812226,-0.7011536194759138,22.10972515795661,1144768841.0,0.01631939600384435
2025-06-26 00:00:00+05:30,1027.2337772576002,1037.7055778995466,1014.4183122490464,1029.7769775390625,3892783,0.0,0.0,994.4122039794922,998.4611870602456,60.174534904198154,4.2498343027156125,3.960790337753221,0.2890439649623915,22.193835193138298,1148661624.0,0.00247577556128642
2025-06-27 00:00:00+05:30,1035.661120576169,1042.891650189757,1020.4521363981396,1026.1368408203125,1941604,0.0,0.0,996.1774536132813,999.5465068155423,58.70496452545593,5.658616422821069,4.295657966286942,1.362958456534127,22.211383664458232,1146720020.0,-0.009196328380617232
2025-06-30 00:00:00+05:30,1030.275682712013,1030.3254753861909,1011.7754520190106,1017.7593383789062,765716,0.0,0.0,998.2568542480469,1000.2607355043017,55.35444830358955,6.029586647830683,3.733302553037245,2.2962840947934384,21.94985792893838,1145954304.0,-0.012148539020313136
2025-07-01 00:00:00+05:30,1020.9507206764758,1028.8294675836128,1013.4708629898814,1026.8348388671875,988673,0.0,0.0,1001.0393585205078,1001.302857204807,58.141597694738394,6.975491146287027,3.7433656411948704,3.2321255050921565,21.479054119280732,1146942977.0,0.005763371406225052
2025-07-02 00:00:00+05:30,1028.231177487282,1062.04016101795,1028.231177487282,1057.0535888671875,3166924,0.0,0.0,1005.594595336914,1003.4891604072533,65.7979914354824,10.047704173324973,5.452462934586253,4.59524123873872,22.459501835815136,1150109901.0,0.028031061507335097
2025-07-03 00:00:00+05:30,1062.1397930907572,1064.9323219949342,1039.7999270847663,1043.29052734375,1703765,0.0,0.0,1009.4517059326172,1005.0499983263317,60.38091984102754,11.24229688866933,5.317644519944487,5.924652368724843,22.650422769697478,1148406136.0,-0.01774650179724181
2025-07-04 00:00:00+05:30,1048.8755370652525,1048.8755370652525,1029.328198590758,1038.603271484375,961108,0.0,0.0,1011.2718078613282,1006.3658129599804,58.61113542543509,11.676201860471565,4.601239593397377,7.074962267074188,22.4287738914687,1147445028.0,-0.009793598208629442
2025-07-07 00:00:00+05:30,1038.204248131274,1042.193505568858,1032.5196049797066,1039.7999267578125,871937,0.0,0.0,1012.9971588134765,1007.6769546775425,58.942002451496165,11.978553448676507,3.9228729452818545,8.055680503394653,21.517711512731747,1148316965.0,0.001536960217038879
2025-07-08 00:00:00+05:30,1042.0,1049.5999755859375,1039.300048828125,1045.0,828011,2.8,0.0,1015.22685546875,1009.1406035137173,60.42261739971816,12.493751522018101,3.5504568148987588,8.943294707119342,20.71644117309466,1149144976.0,0.0028790786948176585
2025-07-09 00:00:00+05:30,1051.699951171875,1052.0,1033.4000244140625,1040.4000244140625,1666607,0.0,0.0,1017.0270904541015,1010.3664631568681,58.41581078638517,12.388068182059783,2.755818779952353,9.63224940210743,20.565265059726286,1147478369.0,-0.010744439747497714
2025-07-10 00:00:00+05:30,1040.9000244140625,1049.5999755859375,1034.0999755859375,1043.300048828125,1101654,0.0,0.0,1019.5432891845703,1011.6579763204468,59.33283478258404,12.395434257207853,2.210547884080338,10.184886373127515,20.20346041260298,1148580023.0,0.002305720393669419
2025-07-11 00:00:00+05:30,1043.0,1051.199951171875,1034.0999755859375,1037.199951171875,931901,0.0,0.0,1022.1733551025391,1012.6596223930518,56.509924931315126,11.773329411799978,1.27075443093797,10.502574980862008,19.981782924984014,1147648122.0,-0.005560928886025887
2025-07-14 00:00:00+05:30,1040.0,1044.9000244140625,1031.800048828125,1038.9000244140625,1238524,0.0,0.0,1024.0631469726563,1013.6886577664247,57.12220466626723,11.287374712788505,0.6278397855411981,10.659534927247307,19.490225257909263,1148886646.0,-0.0010576688326322115
2025-07-15 00:00:00+05:30,1044.699951171875,1044.699951171875,1028.199951171875,1035.0,982842,0.0,0.0,1025.9648803710938,1014.5243966775454,55.20220765876434,10.466896864716773,-0.1541104500244277,10.6210073147412,19.27663773948717,1147903804.0,-0.00928491588517281
2025-07-16 00:00:00+05:30,1034.0,1035.0,1020.5,1029.800048828125,1099243,0.0,0.0,1028.2698303222655,1015.1234418599211,52.660658581948525,9.289980544229593,-1.0648214164092877,10.35480196063888,18.935449329523802,1146804561.0,-0.0040618483286992265
2025-07-17 00:00:00+05:30,1030.5,1041.699951171875,1023.5,1034.199951171875,1553977,0.0,0.0,1030.3110778808593,1015.8715402643114,54.566752474673855,8.61301574455456,-1.3934289728674578,10.006444717422017,18.8829137468346,1148358538.0,0.003590442670426977
2025-07-18 00:00:00+05:30,1039.0,1053.5,1027.0,1034.4000244140625,1694015,0.0,0.0,1031.888604736328,1016.5981474858703,54.65615937451867,8.000436450800862,-1.604806613296926,9.605243064097788,19.426991336346415,1150052553.0,-0.004427310477321944
2025-07-21 00:00:00+05:30,1051.0,1053.5,1018.2999877929688,1034.800048828125,2771028,0.0,0.0,1033.9124847412108,1017.3119475385078,54.84747983683783,7.461233123189004,-1.7152079527270274,9.176441075916031,20.553635684252477,1152823581.0,-0.015413845073144625
2025-07-22 00:00:00+05:30,1038.5999755859375,1043.199951171875,1028.5999755859375,1030.699951171875,1237568,0.0,0.0,1035.2327026367188,1017.8369672888359,52.40673376345367,6.626678758627804,-2.039809853830583,8.666488612458387,20.128374248658552,1151586013.0,-0.007606416907150046
2025-07-23 00:00:00+05:30,1034.0,1037.800048828125,1025.0,1033.800048828125,1192492,0.0,0.0,1035.8377716064454,1018.4629704864551,54.070985083845564,6.14460915488462,-2.0175035660590144,8.162112720943634,19.604922432906157,1152778505.0,-0.00019337637512088974
2025-07-24 00:00:00+05:30,1039.0,1048.800048828125,1031.800048828125,1033.800048828125,1462398,0.0,0.0,1036.0389251708984,1019.0644245390696,54.07098508384558,5.6968952584491035,-1.9721739699956249,7.669069228444728,19.41885654484143,1152778505.0,-0.005004765324230029
2025-07-25 00:00:00+05:30,1033.800048828125,1035.0,1020.0999755859376,1026.9000244140625,912255,0.0,0.0,1036.077084350586,1019.37170296554,49.59436392126375,4.73077108139114,-2.3506385176428717,7.081409599034012,19.096082821214353,1151866250.0,-0.006674428407973182
2025-07-28 00:00:00+05:30,1029.0,1034.0,1017.4000244140624,1028.800048828125,1839488,0.0,0.0,1036.6291198730469,1019.7414420189747,50.80224610293464,4.071493162807656,-2.407933148981085,6.479426311788741,18.917789447266014,1153705738.0,-0.00019431600765306122
2025-07-29 00:00:00+05:30,1023.7999877929688,1051.300048828125,1023.7999877929688,1034.9000244140625,2215340,0.0,0.0,1037.0323791503906,1020.3358962305467,54.56647086075339,3.99517383558441,-1.9874019809634644,5.982575816547874,19.53080884640103,1155921078.0,0.0108419972196155
2025-07-30 00:00:00+05:30,1046.4000244140625,1052.300048828125,1031.699951171875,1037.9000244140625,1781038,0.0,0.0,1036.0747009277343,1021.0246855710768,56.335897847561895,4.12916668365051,-1.4827273063178916,5.611893989968402,19.6071866185331,1157702116.0,-0.0081230884954916
2025-07-31 00:00:00+05:30,1018.0,1058.5999755859375,1018.0,1048.300048828125,3144726,0.0,0.0,1036.325177001953,1022.0943076595886,61.878614055322956,5.0167223818766615,-0.47613728647339215,5.492859668350054,21.106671544776272,1160846842.0,0.029764291579690568
2025-08-01 00:00:00+05:30,1054.0,1054.0,1023.5999755859376,1027.800048828125,1604653,0.0,0.0,1035.7850158691406,1022.3180622152174,48.743853645108146,4.019602517160365,-1.1786057209517509,5.198208238112116,21.770482464010996,1159242189.0,-0.024857638682993358
2025-08-04 00:00:00+05:30,1029.699951171875,1058.9000244140625,1026.4000244140625,1055.9000244140625,1835680,0.0,0.0,1036.590020751953,1023.6350019092898,60.97272917108822,5.434169307874527,0.1887688558099283,5.245400452064598,22.536876573724495,1161077869.0,0.025444376502465473
2025-08-05 00:00:00+05:30,1059.0,1063.4000244140625,1048.699951171875,1053.4000244140625,1524968,0.0,0.0,1037.0100219726562,1024.8022576937906,59.610095425768556,6.281090077717636,0.8285517005224303,5.452538377195205,21.97710490718614,1159552901.0,-0.005287984500413126
2025-08-06 00:00:00+05:30,1059.0,1061.5,1045.800048828125,1052.5999755859375,1797515,0.0,0.0,1037.62001953125,1025.8923642777963,59.15448635590619,6.809231058368596,1.0853541449387123,5.7238769134298835,21.528736783235342,1157755386.0,-0.006043460258793674
2025-08-07 00:00:00+05:30,1052.5999755859375,1074.9000244140625,1046.0,1064.800048828125,1837589,0.0,0.0,1038.69501953125,1027.4181558287896,63.70956002657559,8.118643868131358,1.915813563761179,6.2028303043701785,22.055257328294424,1159592975.0,0.011590417561425688
2025-08-08 00:00:00+05:30,1070.0,1071.4000244140625,1041.699951171875,1049.199951171875,2234463,0.0,0.0,1039.29501953125,1028.2723438814596,55.228267786342734,7.80756470242568,1.2837875184444005,6.523777183981279,22.601315607858215,1157358512.0,-0.01943929797021028
2025-08-11 00:00:00+05:30,1049.199951171875,1065.0,1046.300048828125,1052.699951171875,1492814,0.0,0.0,1039.9850158691406,1029.2302892653975,56.62347150285964,7.754068892229725,0.9842333665987564,6.769835525630969,22.322646719573697,1158851326.0,0.003335875107591047
2025-08-12 00:00:00+05:30,1054.800048828125,1059.9000244140625,1045.5999755859375,1048.199951171875,1231299,0.0,0.0,1040.6450134277343,1029.9741975754555,54.28132881063269,7.264816403988107,0.39598470268570996,6.868831701302397,21.749604013041647,1157620027.0,-0.006257202645736184
2025-08-13 00:00:00+05:30,1052.199951171875,1059.5999755859375,1050.300048828125,1053.699951171875,1125769,0.0,0.0,1041.8400085449218,1030.904619285119,56.64192504248005,7.237455435662014,0.2948989874876933,6.9425564481743205,21.010348327400276,1158745796.0,0.0014255845557960662
2025-08-14 00:00:00+05:30,1055.0,1058.0999755859375,1038.9000244140625,1045.5,870899,0.0,0.0,1042.405010986328,1031.4769871562908,52.305713130476896,6.479413495933386,-0.37051436179274777,6.849927857726134,20.881034244862754,1157874897.0,-0.00900473933649289
2025-08-18 00:00:00+05:30,1060.0,1084.0,1050.0,1079.800048828125,3252940,0.0,0.0,1044.6750122070312,1033.3720091826372,64.53582668233659,8.54785275456129,1.3583399174681245,7.189512837093166,22.13953179880113,1161127837.0,0.018679291347287737
2025-08-19 00:00:00+05:30,1080.0,1088.0,1070.699951171875,1073.4000244140625,1867228,0.0,0.0,1046.6050109863281,1034.9417352701441,61.37343169416169,9.560470137782431,1.8967658405514118,7.663704297231019,21.79385444375283,1159260609.0,-0.006111088505497685
2025-08-20 00:00:00+05:30,1072.0,1089.199951171875,1067.300048828125,1082.5999755859375,1321114,0.0,0.0,1049.2000122070312,1036.8106858707636,64.0969783039886,10.97877934760345,2.6520600402979433,8.326719307305506,21.801429293752626,1160581723.0,0.009888036927180504
2025-08-21 00:00:00+05:30,1080.5999755859375,1086.0999755859375,1069.300048828125,1071.800048828125,2069244,0.0,0.0,1051.1000122070313,1038.1828177514444,58.85104420679455,11.10334335356265,2.2212992370057147,8.882044116556935,21.444179112614048,1158512479.0,-0.008143556317443821
2025-08-22 00:00:00+05:30,1068.5,1071.4000244140625,1051.300048828125,1054.5999755859375,1950366,0.0,0.0,1052.1400085449218,1038.826627862601,51.60689812093367,9.702316793571981,0.6562181416120367,9.046098651959944,21.37673774742733,1156562113.0,-0.013008913817559663
2025-08-25 00:00:00+05:30,1059.5,1062.699951171875,1049.800048828125,1057.800048828125,1552036,0.0,0.0,1053.685009765625,1039.5706835867393,52.77169367337713,8.749355197017849,-0.2373947639536773,8.986749960971526,20.771249504307523,1158114149.0,-0.0016044843528787165
2025-08-26 00:00:00+05:30,1051.199951171875,1057.0,1044.699951171875,1047.0999755859375,1758169,0.0,0.0,1054.6000061035156,1039.865949939649,48.5626793919724,7.0494580157594555,-1.5498335561696557,8.599291571929111,20.223310086589127,1156355980.0,-0.0039002813702253866
2025-08-27 00:00:00+05:30,1047.0999755859375,1047.0999755859375,1047.0999755859375,1047.0999755859375,0,0.0,0.0,1055.2100036621093,1040.1496372198958,48.562679391972395,5.637294035961531,-2.369598028774064,8.006892064735595,18.778787937547044,1156355980.0,0.0
2025-08-28 00:00:00+05:30,1047.0999755859375,1055.0999755859375,1033.9000244140625,1035.800048828125,1313061,0.0,0.0,1055.1050048828124,1039.9790651261007,44.24090933385523,3.5652364296736323,-3.5533245080495703,7.118560937723203,18.95172816857047,1155042919.0,-0.010791640742317154
2025-08-29 00:00:00+05:30,1032.0,1038.300048828125,1022.2999877929688,1026.5999755859375,1062037,0.0,0.0,1054.020001220703,1039.454394948055,41.03867789819528,1.167291021613437,-4.761015932887813,5.92830695450125,18.740894801898023,1153980882.0,-0.00523258179657219
2025-09-01 00:00:00+05:30,1026.5999755859375,1038.5999755859375,1026.0999755859375,1035.5,624424,0.0,0.0,1054.4049987792969,1039.2993206363667,45.17303046953238,-0.01477013995145171,-4.754461675562162,4.73969153561071,18.295116601762448,1154605306.0,0.008669418104147881
