Date,Open,High,Low,Close,Volume,Dividends,Stock Splits,SMA_20,EMA_50,RSI_14,MACD_12_26_9,MACDh_12_26_9,MACDs_12_26_9,ATRr_14,OBV,Daily_Return
2020-03-12 00:00:00+05:30,752.8748871880819,767.417948991015,692.52617743976,743.6741943359375,2111588,0.0,0.0,879.5280792236329,930.0142358398438,16.022473737364333,-37.70077556651256,-11.528141466331903,-26.17263410018066,38.98423146457436,-8882446.0,-0.012220746114282142
2020-03-13 00:00:00+05:30,657.8999236529871,786.5119388031951,618.4259040804096,753.8148193359375,2077130,0.0,0.0,871.0743133544922,923.1044548004749,19.972007157798433,-42.172722260467594,-12.800070528229547,-29.372651732238047,48.438267495267105,-6805316.0,0.14578949204064842
2020-03-16 00:00:00+05:30,693.5155095044393,764.5983517674392,654.5361542890242,723.7393188476562,1588572,0.0,0.0,861.3789428710937,915.2862141748741,17.363704803714157,-47.59496860083118,-14.577853494874503,-33.01711510595668,52.94283384685543,-8393888.0,0.04358058173034057
2020-03-17 00:00:00+05:30,724.1845831058952,760.2948799410935,667.7931606509279,679.6650390625,1398542,0.0,0.0,850.1377593994141,906.0461680920358,14.39648491539813,-54.81667145889685,-17.439645082352136,-37.37702637654471,55.82967816177626,-9792430.0,-0.061475409836065545
2020-03-18 00:00:00+05:30,687.6290234501132,689.5087615341636,581.8704180028953,589.8839111328125,2202064,0.0,0.0,834.4001007080078,893.647648211282,10.471087432828321,-67.0120366502465,-23.708008218961425,-43.304028431285076,59.60461991215715,-11994494.0,-0.14214803183680919
2020-03-19 00:00:00+05:30,558.9676175207957,613.2814862793125,513.8545029857904,601.2117309570312,2916821,0.0,0.0,819.1472106933594,882.1795730248408,13.669520629806222,-74.89949626831492,-25.276374269623872,-49.62312199869105,62.502045589516776,-9077673.0,0.07557524284430295
2020-03-20 00:00:00+05:30,620.3056660857649,673.4817897733404,599.529878226433,626.7362670898438,2004915,0.0,0.0,804.0748779296875,872.1621884783704,20.55649666007427,-78.18942902665333,-22.85304562236982,-55.33638340428351,63.33401693263054,-7072758.0,0.010366826156299806
2020-03-23 00:00:00+05:30,563.8646765254061,610.412313299155,516.6245015496611,533.4429931640625,1652165,0.0,0.0,784.8053314208985,858.87908277977,15.644110897210242,-87.31816253764578,-25.585423306689812,-61.732739230955964,66.72879896281894,-8724923.0,-0.053952099905965514
2020-03-24 00:00:00+05:30,545.5128241614428,583.6512205727927,529.2878998989917,540.4177856445312,1108727,0.0,0.0,766.4855377197266,846.390404460741,17.23649515610247,-92.91883169980883,-24.948873975082293,-67.96995772472654,65.83242972336976,-7616196.0,-0.009339906031986749
2020-03-25 00:00:00+05:30,524.3412864718429,623.2736046740773,524.3412864718429,581.5736083984375,1610706,0.0,0.0,750.9853149414063,836.0054320661409,26.10102240605599,-92.96483071885791,-19.99589839530509,-72.96893232355282,68.22928591619888,-6005490.0,0.1091508973319575
2020-03-26 00:00:00+05:30,597.0565616122799,657.899939473349,588.9935532382679,611.5501708984375,1629666,0.0,0.0,737.4711639404297,827.2032649615251,31.828395149518464,-89.5501488310033,-13.264973205960374,-76.28517562504292,68.81503924622592,-4375824.0,0.02427510259165287
2020-03-27 00:00:00+05:30,629.407351867126,649.9852597332779,578.7539983926447,596.4133911132812,1299441,0.0,0.0,722.5076507568359,818.1526816733586,30.541214028129538,-87.06180615151709,-8.621304421179332,-78.44050173033776,68.98967320812217,-5675265.0,-0.05242067900218943
2020-03-30 00:00:00+05:30,592.5056678250528,627.7255483547591,568.8608200220433,615.3590087890625,1301701,0.0,0.0,709.2309326171875,810.1999886190725,34.13176350881767,-82.60876126152664,-3.3346076249511043,-79.27415363657553,68.25850582755305,-4373564.0,0.038570670636618336
2020-03-31 00:00:00+05:30,631.1881585322006,646.7205437890801,617.4860573005333,634.1561279296875,1087481,0.0,0.0,696.7085754394532,803.2963078077241,37.57945571806088,-76.67901275517067,2.07611270512389,-78.75512546029456,65.59610351116253,-3286083.0,0.004702194357366798
2020-04-01 00:00:00+05:30,635.0465373457747,651.9639386100283,621.2949217710133,628.319091796875,971706,0.0,0.0,683.6124084472656,796.4344561994556,36.932979479165844,-71.62499600716535,5.704103562503377,-77.32909956966873,63.07767997388969,-4257789.0,-0.010593626062457688
2020-04-03 00:00:00+05:30,641.081487915293,657.8999837402312,620.6024838635209,643.2085571289062,1279329,0.0,0.0,671.9903411865234,790.4255974123753,39.77889626328344,-65.66129338885492,9.334244944651061,-74.99553833350598,61.22005256301204,-2978460.0,0.003317938910590266
2020-04-07 00:00:00+05:30,657.899931560605,740.3105424899184,646.0280530963535,727.4493408203125,1916861,0.0,0.0,664.6124633789062,787.9559402911179,52.76577196141743,-53.52053744312798,17.1800007123024,-70.70053815543038,63.803953788998186,-1061599.0,0.10571426735784778
2020-04-08 00:00:00+05:30,733.9787861208005,786.5118152905887,713.3019104710874,734.869140625,1443627,0.0,0.0,659.1142944335937,785.8741050100937,53.71260453320014,-42.80673565002621,22.31504200432333,-65.12177765434954,64.4808932510373,382028.0,0.0012130520950138176
2020-04-09 00:00:00+05:30,746.9390174235579,765.6867041759875,727.2020074692427,731.5550537109375,683512,0.0,0.0,654.8676300048828,783.743946135617,53.199646888082796,-34.189276954557954,24.746000559833277,-58.93527751439123,62.610976940124196,-301484.0,-0.020596010321812866
2020-04-13 00:00:00+05:30,737.0457699424343,741.9429317657306,692.526226791549,700.1934814453125,760239,0.0,0.0,649.8616516113282,780.4674573242326,48.48121780426897,-29.549863206311556,23.508331446463743,-53.0581946527753,61.662383948852735,-1061723.0,-0.050000000000000086
2020-04-15 00:00:00+05:30,712.3126114529432,717.2097727333799,687.6784428201337,693.4165649414062,1232607,0.0,0.0,647.3487701416016,777.0536968386315,47.50080573293164,-26.118853031144454,21.551473297304675,-47.67032632844913,59.35341956132504,-2294330.0,-0.02652774386935765
2020-04-16 00:00:00+05:30,682.6330009719309,690.5475864904461,673.8280004291846,677.9337158203125,1363923,0.0,0.0,643.5547149658203,773.1666387594818,45.24941176851127,-24.368187974435386,18.641710683210995,-43.00989865764638,56.497118531382874,-3658253.0,-0.0068840579710144996
2020-04-17 00:00:00+05:30,696.0383045764146,713.302005979525,679.6650181802131,694.9500732421875,1777451,0.0,0.0,642.1152526855469,770.099322464686,48.15768565043393,-21.361453927981756,17.318755783731703,-38.68020971171346,54.980047981077625,-1880802.0,-0.0015634647218005478
2020-04-20 00:00:00+05:30,695.4942147391183,704.5465462394059,689.5582754952567,692.5262451171875,1360101,0.0,0.0,642.7583129882812,767.0572410000783,47.76845448332435,-18.9556690533758,15.779632526670127,-34.73530158004593,52.10966819565791,-3240903.0,-0.004267425320056922
2020-04-21 00:00:00+05:30,680.6543383467991,683.7707304737323,659.8785518565626,664.1326293945312,677346,0.0,0.0,646.4707489013672,763.0209817214294,43.34848299568104,-19.11979362176396,12.492406366625573,-31.612199988389534,50.713282256296665,-3918249.0,-0.02427327355673143
2020-04-22 00:00:00+05:30,678.5768509539307,701.4301941997029,667.7932032225663,697.2750244140625,954059,0.0,0.0,651.2739135742188,760.4427088858464,49.251199576032555,-16.38665408123063,12.180436725727127,-28.567090806957758,49.751020714135784,-2964190.0,0.027554982805331835
2020-04-23 00:00:00+05:30,704.3980323827788,724.6791555061593,701.4300631452109,709.9877319335938,1219237,0.0,0.0,655.4364868164063,758.4640823386992,51.34533019200405,-13.044443823343272,12.41811758689159,-25.462561410234862,48.14863534781668,-1744953.0,0.007935427547840573
2020-04-24 00:00:00+05:30,693.515489170046,699.3030051188537,668.7824118102012,671.8988037109375,1016019,0.0,0.0,662.35927734375,755.0693655297674,45.312251284106665,-13.315681413149491,9.717503997668299,-23.03318541081779,47.650902042603455,-2760972.0,-0.031169722661822434
2020-04-27 00:00:00+05:30,687.3323272916988,719.2380020742211,680.8028180012335,706.4757080078125,3275845,0.0,0.0,670.6621734619141,753.1637319014554,50.947012958123786,-10.618172271359299,9.93201051156679,-20.55018278292609,47.62856321959245,514873.0,0.027851710091309878
2020-04-28 00:00:00+05:30,716.2699608326998,720.2272534339854,699.0062597828926,712.1642456054688,1002540,0.0,0.0,677.1917053222656,751.555908909456,51.82642735356674,-7.929947895826103,10.09618790967999,-18.026135805506094,45.73646656703465,1517413.0,-0.005732077919975773
2020-04-29 00:00:00+05:30,715.2806969584495,715.2806969584495,700.8366019201567,705.7337036132812,634432,0.0,0.0,681.9008819580079,749.758959682155,50.71946112468543,-6.246397129234538,9.423790941017245,-15.670188070251783,43.49487077861046,882981.0,-0.013347198359699159
2020-04-30 00:00:00+05:30,727.3503617283396,733.0884236831697,709.1962464502208,719.0894775390625,1925414,0.0,0.0,688.0346862792969,748.5562348922298,52.966430747804544,-3.79077399746393,9.503531258230282,-13.294305255694212,42.33892562240763,2808395.0,-0.011357503376567397
2020-05-04 00:00:00+05:30,702.4194542774668,718.2486250780858,668.2878047386321,680.30810546875,1418017,0.0,0.0,691.2821411132812,745.8798376599365,46.35684264204763,-4.917323743167572,6.701585210021312,-11.618908953188884,42.944905519028396,1390378.0,-0.031478838853433104
2020-05-05 00:00:00+05:30,697.4728177354456,726.855727240148,690.7454324212207,705.9315185546875,4310285,0.0,0.0,694.8709106445312,744.3132369107111,50.731476654754715,-3.699877357667674,6.335225276416969,-10.035102634084643,43.202834440954504,5700663.0,0.012127642259530102
2020-05-06 00:00:00+05:30,709.2952274598779,741.0030215803075,698.4621271504634,723.3436279296875,3664820,0.0,0.0,699.6221374511719,743.4908993036122,53.5062110948324,-1.31487357435401,6.9761832477845065,-8.291056822138517,43.15545201922644,9365483.0,0.019806139849720454
2020-05-07 00:00:00+05:30,729.1311880962063,734.5724656193123,715.7753250849461,727.3009643554688,1345672,0.0,0.0,703.8267578125,742.8559998938811,54.13838633132614,0.8843884046503945,7.34035618143113,-6.455967776780735,41.412122253692324,10711155.0,-0.0025101432645013395
2020-05-08 00:00:00+05:30,734.0777875632826,760.6410903587721,730.615156489871,751.93505859375,2349883,0.0,0.0,705.0510437011719,743.212041411523,57.96950297773848,4.56249133707081,8.814767291081235,-4.252275954010426,40.83448951053322,13061038.0,0.02432612910103609
2020-05-11 00:00:00+05:30,762.7187320348781,762.7187320348781,736.8973603214049,742.487060546875,1498957,0.0,0.0,705.4319396972656,743.18361078938,56.03605936813797,6.638515256600044,8.712632968488377,-2.0741177118883325,39.76029078731258,11562081.0,-0.026525730440665217
2020-05-12 00:00:00+05:30,739.0244242276298,747.5325795231709,727.2514540925598,736.6500244140625,1115902,0.0,0.0,705.6866882324218,742.9273917158382,54.819579562061136,7.7237446159316505,7.838289862255986,-0.11454524632433571,38.36671350513229,10446179.0,-0.003212884088436998
2020-05-13 00:00:00+05:30,757.0795953613923,771.672112880609,744.9109318118976,752.3803100585938,1752331,0.0,0.0,708.296029663086,743.2980943959462,57.49740158798036,9.740813258095045,7.884286803535504,1.8565264545595406,38.127459664690136,12198510.0,-0.006207121855602714
2020-05-14 00:00:00+05:30,748.7197856928019,762.2735256096731,733.1873993759056,738.777099609375,987397,0.0,0.0,710.5640563964844,743.1208004827474,54.48969603319203,10.124974884831317,6.614758744217422,3.510216140613896,37.480766522255,11211113.0,-0.013279582393066836
2020-05-15 00:00:00+05:30,746.3949389875174,746.3949389875174,734.2757291596196,743.921630859375,1032406,0.0,0.0,713.8634521484375,743.1522055955563,55.43905523768102,10.720961844412841,5.768596563039155,4.952365281373686,35.66692543455585,12243519.0,-0.003313672157929514
2020-05-18 00:00:00+05:30,741.9923529895425,741.9923529895425,687.0354647881488,693.2681884765625,1705933,0.0,0.0,713.7793579101562,741.1959696301055,45.39750712309184,7.024996544664987,1.6581050106330402,5.3668915340319465,37.1843732332697,10537586.0,-0.06566666666666672
2020-05-19 00:00:00+05:30,701.4301565328801,712.3127118528544,690.547601212906,695.4447631835938,1496613,0.0,0.0,713.9252838134765,739.4018046714189,45.85136685018064,4.222870186225123,-0.9152170782454592,5.138087264470582,36.08179113168061,12034199.0,-0.008533128057783753
2020-05-20 00:00:00+05:30,693.5155007385526,710.0372087672249,692.526177627656,708.157470703125,1289104,0.0,0.0,716.1265258789062,738.1765366726623,48.541745382388875,2.9934672837493963,-1.715695984576949,4.709163268326345,34.75395941320952,13323303.0,0.02111267873462025
2020-05-21 00:00:00+05:30,710.1361761041072,735.017678570054,708.404860515759,722.6016845703125,1400397,0.0,0.0,717.3928588867187,737.5657581588447,51.49084945156866,3.1483912751037906,-1.248617594578044,4.397008869681835,34.18958765751512,14723700.0,0.017553687427378454
2020-05-22 00:00:00+05:30,724.1845334516883,736.056411049257,715.7752868200772,722.1564331054688,1507444,0.0,0.0,718.0012939453125,736.9614709018496,51.3930726648288,3.1983727323871562,-0.9589089098357428,4.157281642222899,33.19525504701932,13216256.0,-0.0028005297718151304
2020-05-26 00:00:00+05:30,727.1525492178608,747.9283363383712,723.591009864886,746.3948974609375,1110985,0.0,0.0,721.7260986328125,737.3314091982844,56.26215898355319,5.1346360138015825,0.7818834972629469,4.352752516538636,32.66458401747443,14327241.0,0.026462601642219502
2020-05-27 00:00:00+05:30,743.9709475465787,746.3453470644843,729.3289782087958,733.23681640625,682804,0.0,0.0,723.0641540527344,737.1708369319301,53.14957389863123,5.543489543153555,0.9525896212919349,4.59089992186162,31.549551558564904,13644437.0,-0.014428159023853103
2020-05-28 00:00:00+05:30,737.0457930939954,746.6916944130109,732.0991770329618,740.1126708984375,1134155,0.0,0.0,724.4615753173828,737.2862029698324,54.56413730936509,6.34914392543385,1.4065952028577833,4.942548722576067,30.337484814619,14778592.0,0.00416104105494977
2020-05-29 00:00:00+05:30,739.9642961172271,774.6400620412239,737.4415340455162,760.4432983398438,7090367,0.0,0.0,727.197055053711,738.1943243568917,58.5493291026206,8.529816141344668,2.8698139350148804,5.6600022063297875,30.827878673471865,21868959.0,0.02767566263679871
2020-06-01 00:00:00+05:30,767.714787783484,772.6119496018431,757.7226478175351,766.527587890625,1712847,0.0,0.0,729.568960571289,739.3054327307636,59.68884264622162,10.626470563657904,3.9731746858624932,6.6532958777954105,29.68872005963456,23581806.0,-0.0015464074832876693
2020-06-02 00:00:00+05:30,775.4314454819834,782.5545839868806,766.0328758892205,771.1773681640625,1388838,0.0,0.0,734.1124237060546,740.5553125516774,60.5807174259178,12.518971793110381,4.692540732251976,7.826431060858406,28.747690820673785,24970644.0,-0.0054860779024465045
2020-06-03 00:00:00+05:30,780.5760013630253,806.1005277339384,776.1240469826279,798.4827270507812,2163284,0.0,0.0,738.7399841308594,742.8269758653677,65.41924508175536,16.037239598680458,6.5686468302576415,9.468592768422816,29.18902583878358,27133928.0,0.022940399982176778
2020-06-04 00:00:00+05:30,801.1044190167979,811.7396428567863,780.3780869914709,786.3140258789062,1404467,0.0,0.0,741.8885040283203,744.5323503757025,61.77982484964654,17.640234058294595,6.537313031897423,11.102921026397173,29.344281721697996,25729461.0,-0.018462503497414285
2020-06-05 00:00:00+05:30,790.3703096856145,796.6524877016116,774.541138865092,788.1937866210938,1199773,0.0,0.0,744.9331451416016,746.2445635617964,62.13030347294926,18.845065513969644,6.193715590057977,12.651349923911667,28.82741129138234,26929234.0,-0.0027538016520212336
2020-06-08 00:00:00+05:30,793.4371389963903,799.3730776921238,767.7147379815447,770.9794921875,1371772,0.0,0.0,745.885366821289,747.2145607628045,56.977499922464915,18.201043132528525,4.439754566893486,13.76128856563504,29.029704912389334,25557462.0,-0.028304254622233533
2020-06-09 00:00:00+05:30,773.7496135786088,780.5759674856831,744.465672411884,750.401611328125,1521206,0.0,0.0,746.2810943603515,747.3395431379151,51.48103472222232,15.847507544241012,1.6689751828847754,14.178532361356236,29.535657477674395,24036256.0,-0.030175139141587103
2020-06-10 00:00:00+05:30,750.896284590874,751.8856077589779,731.8023595231672,733.781005859375,2283056,0.0,0.0,746.1376434326172,746.8078357936587,47.49569611636682,12.497110763383375,-1.3451372783782904,13.842248041761666,28.86024227511424,21753200.0,-0.022793132797060283
2020-06-11 00:00:00+05:30,732.0991479792331,749.5112116696657,727.1525321145085,732.9895629882812,1314357,0.0,0.0,745.1681060791016,746.2659427424674,47.307890336133696,9.666603760021417,-3.3405154253921996,13.007119185413616,28.395689667422026,20438843.0,0.001216249208192551
2020-06-12 00:00:00+05:30,722.2058907850945,752.7759999046002,720.9692368625173,742.4375610351562,4340501,0.0,0.0,745.3511291503906,746.1158101264944,49.85689610146075,8.092495795200534,-3.9316987121704674,12.024194507371002,28.639413408368846,24779344.0,0.028013715352097582
2020-06-15 00:00:00+05:30,739.9148057088723,746.7410991922848,732.7422128939543,737.342529296875,3316220,0.0,0.0,745.0221740722657,745.7717598978819,48.49448136650221,6.360556871615358,-4.530910108604516,10.891466980219874,27.59336000569659,21463124.0,-0.0034764494400581396
2020-06-16 00:00:00+05:30,742.9816637316645,762.4713412884078,734.4735090460566,755.9417724609375,1883900,0.0,0.0,748.1558532714844,746.1705839199625,53.49086127930282,6.4148399973172445,-3.5813015863221054,9.99614158363935,27.622258613260676,23347024.0,0.017443376279543895
2020-06-17 00:00:00+05:30,757.8710067459727,771.1774155372007,756.040783024138,763.8069458007812,1936475,0.0,0.0,751.5739624023438,746.8622059545044,55.45858190665171,7.011687157130268,-2.3875635412072658,9.399250698337534,26.737280449079176,25283499.0,0.00783238704472322
2020-06-18 00:00:00+05:30,761.1852926424397,778.0037870072872,759.4044625793649,763.3617553710938,951540,0.0,0.0,754.3341766357422,747.5092471080961,55.315923452802195,7.363883420061256,-1.628293822621023,8.99217724268228,26.15586371760526,24331959.0,0.0028593073850632874
2020-06-19 00:00:00+05:30,770.6827373047107,772.5129609870178,759.0087361590787,767.5663452148438,2912093,0.0,0.0,756.5824096679687,748.2957999750274,56.45519589960574,7.891310640149072,-0.8806932820265665,8.772003922175639,25.251981557467136,27244052.0,-0.004043677039874855
2020-06-22 00:00:00+05:30,772.7602524462063,781.9610056209748,753.3695437595663,769.6439208984375,1164278,0.0,0.0,758.9567840576171,749.1329811877101,57.03807229345236,8.380340161813479,-0.3133310082897296,8.693671170103208,25.490563332644964,28408330.0,-0.004032727534709426
2020-06-23 00:00:00+05:30,768.7041231922553,796.7019575587233,768.7041231922553,788.1443481445312,1506742,0.0,0.0,761.0442565917969,750.6628387154286,61.92553566628689,10.1437980555487,1.1601015083563926,8.983696547192308,25.669687213324018,29915072.0,0.025289606710505248
2020-06-24 00:00:00+05:30,792.101555082409,801.351701807907,767.2695093271569,772.4140014648438,1699063,0.0,0.0,763.0031158447266,751.5158254899155,56.08335526787761,10.154983302055143,0.9370294038902678,9.217953898164875,26.270683547946916,28216009.0,-0.024854835205464325
2020-06-25 00:00:00+05:30,769.6934304824126,784.4838240317491,766.8243691202757,777.8553466796875,735190,0.0,0.0,764.890249633789,752.5487478895144,57.57438401531111,10.482087790934543,1.0113071142157342,9.470780676718809,25.655497791006255,28951199.0,0.010604113110539763
2020-06-26 00:00:00+05:30,782.6535171775249,793.437163629629,773.6507006962219,775.9755859375,986158,0.0,0.0,765.6668640136719,753.467447420808,56.85623275992959,10.468959820840041,0.7985433152969854,9.670416505543056,25.2362189963467,27965041.0,-0.008532423471509424
2020-06-29 00:00:00+05:30,771.6720894712724,781.4168987554282,766.0329352022833,778.3994750976562,597371,0.0,0.0,766.2604583740234,754.4451739963706,57.590816646949044,10.532728668204868,0.6898497301294491,9.842878938075419,24.53238979167098,28562412.0,0.0087179330679087
2020-06-30 00:00:00+05:30,780.5759597247443,802.3410688678931,780.5759597247443,797.8396606445312,2052551,0.0,0.0,767.5935729980469,756.1469185708083,63.02794141233031,12.013442952150626,1.7364512112601656,10.27699174089046,24.49018469293045,30614963.0,0.022116618766833015
2020-07-01 00:00:00+05:30,806.2489124433719,811.096559643912,793.4371655857071,796.6524658203125,1320983,0.0,0.0,767.5020599365234,757.7353714041222,62.50095151392816,12.941936402858232,2.1319557295742158,10.809980673284016,24.002213284792372,29293980.0,-0.01190258551044357
2020-07-02 00:00:00+05:30,793.5856109265271,810.6019212714771,793.5856109265271,805.3585205078125,1075581,0.0,0.0,768.4542846679688,759.6029458787768,64.82370611266523,14.21640217090146,2.7251371980939556,11.491264972807505,23.503165336129527,30369561.0,0.01483508448135831
2020-07-03 00:00:00+05:30,812.2343210584489,836.9674002624212,810.6019136775891,835.0382080078125,2085479,0.0,0.0,770.7965057373046,762.5611914524645,71.34099296083915,17.420515354742747,4.743400305548194,12.677115049194553,24.082204067312915,32455040.0,0.028075502792897358
2020-07-06 00:00:00+05:30,843.8926850690549,865.6577953521959,842.3097921109521,854.2805786132812,1836436,0.0,0.0,774.9615600585937,766.1580301646535,74.62367900433011,21.267339973234243,6.872179939231751,14.395160034002492,24.54920429812844,34291476.0,0.01230949589683471
2020-07-07 00:00:00+05:30,857.7431420207558,865.4598502528949,844.5357025686423,859.3755493164062,1104353,0.0,0.0,780.4102569580078,769.8136191509968,75.42629292203009,24.445307465769133,8.040117945413314,16.40518952035582,24.2902488817991,35395829.0,0.0019031423460928217
2020-07-08 00:00:00+05:30,860.7110956210513,862.5908336614357,837.0662494155367,841.6666259765625,1688004,0.0,0.0,785.8045379638672,772.6313841245485,67.44188235775228,25.243911389040704,7.070977494947908,18.172933894092797,24.37842290270033,33707825.0,-0.02212643678160922
2020-07-09 00:00:00+05:30,841.9139710471446,844.7830322346617,826.1342552827826,831.2787475585938,1180400,0.0,0.0,790.7189971923829,774.9312807298052,63.214639982458635,24.7532556558225,5.2642574093837595,19.48899824643874,23.96913140392134,32527425.0,-0.0126321974148061
2020-07-10 00:00:00+05:30,840.9247599445902,862.5909632071504,840.9247599445902,851.015869140625,2062795,0.0,0.0,796.1479125976563,777.914990079249,67.39619141398244,25.661221624593395,4.9377787025237225,20.723442922069673,24.493674400546464,34590220.0,0.01200001436121319
2020-07-13 00:00:00+05:30,858.5840975468614,858.5840975468614,839.0944792090814,853.7364501953125,668624,0.0,0.0,801.9676086425782,780.8883806720359,67.93722726632585,26.297181808197024,4.4589911089018806,21.838190699295144,24.13621842474954,35258844.0,-0.005646094966584534
2020-07-14 00:00:00+05:30,852.6976867003665,877.0350131661297,846.9595638573446,850.5706176757812,1535913,0.0,0.0,806.6990509033203,783.6210174172808,66.55322199070194,26.243213183443004,3.524017987318288,22.719195196124716,24.56047499121325,33722931.0,-0.0024945171750333133
2020-07-15 00:00:00+05:30,853.7859041269137,861.2058279750619,843.2495881091454,846.7122192382812,772942,0.0,0.0,810.8443145751953,786.0951821945749,64.82004437198604,25.59406964842549,2.2998995618406184,23.29417008658487,24.088717282696834,32949989.0,-0.008285080433444298
2020-07-16 00:00:00+05:30,846.9100713584717,860.21647981646,842.1613323102491,855.96240234375,630372,0.0,0.0,815.4743469238281,788.8350731808171,67.03638620548617,25.53171744395138,1.7900378858932058,23.741679558058173,23.657725423470705,33580361.0,0.010688656672553315
2020-07-17 00:00:00+05:30,858.8809961159328,872.4346762153848,853.3407497343735,865.855712890625,1228812,0.0,0.0,820.3888153076172,791.855490424339,69.26651172648815,25.98111621690407,1.7915493270767158,24.189566889827354,23.331723918556165,34809173.0,0.008120702176708457
2020-07-20 00:00:00+05:30,869.6644729346691,878.6178350566546,841.9139716110274,845.3271484375,1497333,0.0,0.0,824.1729766845704,793.952418189561,60.169977428894626,24.399521894986265,0.16796400412712842,24.231557890859136,24.286919909750203,33311840.0,-0.027984728886352214
2020-07-21 00:00:00+05:30,854.7751794159506,886.3840653148012,834.9887169294702,878.8651733398438,4650668,0.0,0.0,828.709017944336,797.2823301562388,67.6456309538136,25.557721812816112,1.0609311375655786,24.496790675250534,26.223317489579493,37962508.0,0.028182842113353552
2020-07-22 00:00:00+05:30,882.9708757102743,883.2182064877842,846.9594903514394,850.0264282226562,1757409,0.0,0.0,832.5896392822266,799.3507261588434,57.6293618898428,23.873360635809377,-0.4987440315529277,24.372104667362304,26.940159611911607,36205099.0,-0.03731091069240202
2020-07-23 00:00:00+05:30,852.5987458321266,870.6044406588153,850.0265295926702,868.4279174804688,937539,0.0,0.0,837.1182678222656,802.0596356224365,61.54236424550431,23.74956842213055,-0.4980289961854041,24.247597418315955,26.48570408401951,37142638.0,0.018565792790245134
2020-07-24 00:00:00+05:30,864.5694549347874,867.6363322980671,853.7858093195347,858.1388549804688,784937,0.0,0.0,841.226431274414,804.2588206953005,58.30028731440157,22.561149953611334,-1.3491579717636988,23.910307925375033,25.639704521742896,36357701.0,-0.007437921751241669
2020-07-27 00:00:00+05:30,865.5588853891686,872.7809326187,847.0585296102076,858.1884155273438,1342666,0.0,0.0,845.2158782958984,806.3737067671453,58.31167953815469,21.3768992888115,-2.0267269092508258,23.403626198062327,25.645611740811596,37700367.0,-0.008515272601598886
2020-07-28 00:00:00+05:30,855.7645234794137,879.4093708827046,854.1321161309402,873.9185791015625,1005499,0.0,0.0,849.01982421875,809.0225252900636,61.87209155362699,21.46028404693959,-1.5546737208981902,23.01495776783778,25.619299765030718,38705866.0,0.02121384460802028
2020-07-29 00:00:00+05:30,865.212632803004,880.4976890320008,865.212632803004,871.6926879882812,934883,0.0,0.0,852.7718353271484,811.4801787292095,61.07717749341292,21.103488380630665,-1.5291755097656932,22.63266389039636,24.88111965437482,37770983.0,0.007489552209014802
2020-07-30 00:00:00+05:30,878.3705851185068,906.2200575469566,872.2368295423443,903.7962036132812,2422578,0.0,0.0,857.6937194824219,815.1004149991732,67.55223377534018,23.144416231749005,0.4094018730821176,22.735014358666888,25.570154716692404,40193561.0,0.02894634556932947
2020-07-31 00:00:00+05:30,911.908638121322,911.908638121322,893.9523983108567,903.1036376953124,1271226,0.0,0.0,861.0969909667969,818.5515217715708,67.29215980110406,24.42443232413484,1.3515343723743598,23.07289795176048,25.026291036718003,38922335.0,-0.0096555730014241
2020-08-03 00:00:00+05:30,901.2734411344462,901.2734411344462,863.2834058509019,865.7567138671875,1291032,0.0,0.0,861.6707977294922,820.4027057753206,54.99606506712415,22.16971103901244,-0.7225495301984317,22.892260569210872,26.0830238551361,37631303.0,-0.039407271585139896
2020-08-04 00:00:00+05:30,871.6926194654701,873.077696054535,858.7325101136955,866.44921875,707018,0.0,0.0,862.0244812011719,822.2084513821708,55.159680444828396,20.20578778873903,-2.149178224377472,22.354966013116503,25.24459009234188,38338321.0,-0.006015194574763526
2020-08-05 00:00:00+05:30,867.4385768024389,871.2475073837967,849.2845200868455,851.7083740234375,1364739,0.0,0.0,862.5265686035157,823.3653110935929,50.91627553852762,17.260928252203826,-4.07523020873014,21.336158460933966,25.010185539381233,36973582.0,-0.018134082573300146
2020-08-06 00:00:00+05:30,859.4250505112761,868.6257439225957,850.2738111817955,866.0535278320312,907553,0.0,0.0,864.2653076171875,825.0393588088258,54.578318705230636,15.901339138484786,-4.347855457959344,20.24919459644413,24.53458785201702,37881135.0,0.0077126880544287095
2020-08-07 00:00:00+05:30,870.5054495226328,874.4132275940736,852.9449638989211,859.3260498046875,827168,0.0,0.0,864.6808166503906,826.3839349263105,52.59645323448894,14.118257236512363,-4.904749887945417,19.02300712445778,24.315561190604832,37053967.0,-0.01284242358744093
2020-08-10 00:00:00+05:30,870.604385873881,872.5830322054127,852.5986921802452,856.5065307617188,1090543,0.0,0.0,864.8193206787109,827.5652131943658,51.74833226003781,12.335445027989294,-5.350049677174791,17.685494705164086,24.00618364991515,35963424.0,-0.01619318181818182
2020-08-11 00:00:00+05:30,858.7324531012966,868.6256841278093,848.3445605234584,851.4114379882812,971871,0.0,0.0,864.861361694336,828.5003592647155,50.173840342804326,10.391633816843978,-5.835088710656088,16.226722527500065,23.74010425850261,34991553.0,-0.00852537374891991
2020-08-12 00:00:00+05:30,851.4114849726724,859.2271620683147,841.9140068165063,847.7510375976562,1068002,0.0,0.0,864.9133026123047,829.2552878267916,49.01991474033057,8.458283875904272,-6.214750921276636,14.673034797180907,23.281030586442213,33923551.0,-0.004299269436251053
2020-08-13 00:00:00+05:30,851.7083101558499,858.7324802533735,845.970187672248,852.3018798828125,666359,0.0,0.0,864.7302764892578,830.1590757505571,50.54283634250552,7.210190470554721,-5.97027546130095,13.180465931855672,22.529683212411268,34589910.0,0.0006969166789672714
2020-08-14 00:00:00+05:30,857.6442210247569,857.6442210247569,819.8520664627827,830.3388671875,1897736,0.0,0.0,862.9544342041015,830.1661263951432,43.75015289733124,4.398136898411963,-7.025863226754968,11.42400012516693,23.619871789415157,32692174.0,-0.03183762353651855
2020-08-17 00:00:00+05:30,835.9780537178951,838.1051226233553,829.2506684392306,833.3563232421875,1435984,0.0,0.0,862.3558929443359,830.2912321538508,44.846847811881226,2.3855485496894744,-7.230761260381966,9.61630981007144,22.565188276619708,34128158.0,-0.0031361235669379807
2020-08-18 00:00:00+05:30,836.9179367813987,855.5172000572012,835.5823142892879,851.2631225585938,1170823,0.0,0.0,860.9757904052734,831.1136592285467,50.9576403189006,2.210011201432735,-5.925038886910965,8.1350500883437,22.536308611220623,35298981.0,0.017140492689598077
2020-08-19 00:00:00+05:30,851.46098565443,866.2513183090495,851.2631089494852,854.428955078125,1332665,0.0,0.0,861.1959167480469,832.0279845559811,51.970821260595024,2.299841671434251,-4.66816673352756,6.968008404961811,21.9971538924794,36631646.0,0.003485737425084481
2020-08-20 00:00:00+05:30,851.8072708878935,855.5172328691126,839.9353925479926,843.7442626953125,660128,0.0,0.0,859.9617340087891,832.487446443798,48.34096257068098,1.4916725143002623,-4.38106871252924,5.872741226829502,21.538913442523533,35971518.0,-0.009465765869991278
2020-08-21 00:00:00+05:30,871.6430893419399,880.2996663096637,849.8285274599737,852.0545043945312,3651529,0.0,0.0,859.6575164794922,833.2547820497092,51.196062518671944,1.5044176975168284,-3.4946588234501386,4.999076520966967,22.611528069506317,39623047.0,-0.022473171860052675
2020-08-24 00:00:00+05:30,857.5452983230797,860.6122363324089,842.5075742965926,851.6588134765625,951781,0.0,0.0,859.3310363769531,833.9765087723309,51.05138214510166,1.465693791224453,-2.8267061837940117,4.292399975018465,22.28960678570559,38671266.0,-0.006864342744375309
2020-08-25 00:00:00+05:30,853.1428399451606,856.704439706023,828.9044214719019,838.84716796875,1877987,0.0,0.0,857.5774658203125,834.1675150153278,46.47208588551235,0.3966398777940867,-3.1166080777795027,3.5132479555735894,22.68321019359903,36793279.0,-0.01675648122104564
2020-08-26 00:00:00+05:30,845.8712837521608,845.8712837521608,824.7492588902261,830.239990234375,2151196,0.0,0.0,855.5048309326172,834.0134944356827,43.63993814912158,-1.132070556015151,-3.7162548092709926,2.5841842532558417,22.571696274210073,34642083.0,-0.018479517886513062
2020-08-27 00:00:00+05:30,834.9392508803293,836.7694744806942,826.1837051254856,832.26806640625,945124,0.0,0.0,851.9284240722657,833.9450462776658,44.49823731224453,-2.1550932177273125,-3.7914219767865234,1.6363287590592108,21.7155537793046,35587207.0,-0.0031992560791253614
2020-08-28 00:00:00+05:30,836.9673377511639,849.531753125072,834.0488225463739,842.4580688476562,1640185,0.0,0.0,848.8961456298828,834.2788903000184,48.72355928889624,-2.119169544623446,-3.004398642946126,0.8852290983226796,21.39756159954639,37227392.0,0.006560269258828353
2020-08-31 00:00:00+05:30,846.3659486577649,854.775195371489,809.8104464549361,818.9122314453125,2086032,0.0,0.0,846.553921508789,833.6762762272848,40.96335600304022,-3.945174555972585,-3.8643229234362115,-0.0808516325363734,23.080940358052192,35141360.0,-0.03243717124488608
2020-09-01 00:00:00+05:30,816.1915735708362,831.0314203630332,809.3157658137534,826.9752197265625,1148605,0.0,0.0,844.5802215576172,833.4134896978447,44.238533562652705,-4.687644664297636,-3.68543442540901,-1.002210238888626,22.983419500102805,36289965.0,0.0132121508049242
2020-09-02 00:00:00+05:30,833.9994493699985,855.7645595552179,832.3175878698961,841.2214965820312,2006869,0.0,0.0,844.0558776855469,833.7196860462442,49.56273802852842,-4.07947642834074,-2.4618129515616913,-1.617663476779049,23.3981298444543,38296834.0,0.008659534748480071
2020-09-03 00:00:00+05:30,844.7830875955158,854.5278967655806,841.9140262199817,843.2001342773438,888422,0.0,0.0,842.9132080078125,834.0914683298167,50.27290941691819,-3.398661539251748,-1.424798449978159,-1.9738630892735889,22.677289187872095,39185256.0,-0.0018737985423897983
2020-09-04 00:00:00+05:30,833.0100566309427,836.7694723632678,824.1061486622034,825.6395874023438,1069706,0.0,0.0,841.2288848876954,833.7600220189355,44.309859035940796,-4.227369721142054,-1.802805305494772,-2.424564415647282,22.421338001685598,38115550.0,-0.00884799549528652
2020-09-07 00:00:00+05:30,826.5794705457786,833.010070855231,817.1809008627325,829.4979858398438,808757,0.0,0.0,839.8784576416016,833.5928833452457,45.83021502894387,-4.520674891755448,-1.6768883808865325,-2.8437865108689153,21.950467267775313,38924307.0,0.003530834478792607
2020-09-08 00:00:00+05:30,831.9712808278539,841.7655433796567,821.3360574030664,835.97802734375,1438741,0.0,0.0,839.106787109375,833.6864184040105,48.37908717297239,-4.182028339738963,-1.070593463096038,-3.111434876642925,21.8418254062417,40363048.0,0.0048159673395326745
2020-09-09 00:00:00+05:30,828.805527918458,834.4941364359526,813.2236871966248,821.6329345703125,1685144,0.0,0.0,837.8008819580078,833.2137327634733,43.499475950194,-5.013386409518944,-1.5215612263008147,-3.491825183218129,21.90700522041297,38677904.0,-0.00865413309459871
2020-09-10 00:00:00+05:30,824.9965642717706,838.9459959472138,824.2050574782355,836.1759033203125,659109,0.0,0.0,836.9945831298828,833.329896314722,49.104079739381945,-4.447479852685547,-0.7645237355739338,-3.6829561171116127,21.578865487069972,39337013.0,0.013550770430674446
2020-09-11 00:00:00+05:30,836.9673295284039,857.6442061488724,834.7413525881688,855.1708984375,1559667,0.0,0.0,838.2361846923828,834.1864062018898,55.335986978104366,-2.4381519728530066,0.9958433154068853,-3.433995288259892,21.673436301235455,40896680.0,0.02174943784168145
2020-09-14 00:00:00+05:30,861.7005305807434,866.6471467149612,840.9247428170286,847.9489135742188,1346301,0.0,0.0,838.9658142089844,834.7261123733538,52.69417045650836,-1.4122197829000243,1.6174204042878944,-3.0296401871879186,21.96264894679725,39550379.0,-0.015958696227396662
2020-09-15 00:00:00+05:30,852.1039896469962,861.7004359704375,843.9420739216735,855.4677124023438,724917,0.0,0.0,839.1760437011719,835.5395084529221,55.0976510854186,0.007457136063408143,2.4296778586010612,-2.422220722537653,21.6623420895739,40275296.0,0.003947549590445019
2020-09-16 00:00:00+05:30,855.764560892283,864.1738080224385,852.1040530059869,858.3862915039062,823952,0.0,0.0,839.373910522461,836.4354607294313,56.03149722447553,1.3524757657340842,3.0197571906173897,-1.6672814248833057,20.977155921047707,41099248.0,0.0030636120393786785
2020-09-17 00:00:00+05:30,849.2349490797632,857.1495336550322,843.4473728790048,847.0089721679688,612356,0.0,0.0,839.5371459960937,836.8501082368249,51.53226259754518,1.4832600355069872,2.520433168312234,-1.0371731328052471,20.54585245182698,40486892.0,-0.0026211555638477936
2020-09-18 00:00:00+05:30,847.8004678001207,852.598660824224,836.027498407085,839.044921875,1245818,0.0,0.0,838.8866668701172,836.9361793598906,48.59095414873018,0.9335142401861276,1.5765498983931,-0.6430356582069723,20.261945528604986,39241074.0,-0.010327366234934587
2020-09-21 00:00:00+05:30,839.9353714615265,842.7054642612615,826.6784168280528,831.13037109375,875668,0.0,0.0,837.8602447509766,836.7085006043557,45.79362638850743,-0.1391967927170299,0.40307109239195393,-0.5422678851089838,19.959452320568417,38365406.0,-0.010482949839885205
2020-09-22 00:00:00+05:30,831.031391082124,831.031391082124,793.0413604792598,822.9683837890625,1265561,0.0,0.0,837.0663055419922,836.169672493952,43.04173061322247,-1.6291523237960064,-0.869507550949618,-0.7596447728463884,21.254422705807947,37099845.0,-0.009702410016741048
2020-09-23 00:00:00+05:30,824.4525011890129,832.5155097805724,818.3187453833466,824.1062622070312,628723,0.0,0.0,836.759619140625,835.6965975807394,43.55102354079714,-2.687159634475165,-1.5420118893030215,-1.1451477451721437,20.750303555480524,37728568.0,-0.0004199623161822997
2020-09-24 00:00:00+05:30,821.7318032970946,823.2653025219594,773.9969602023604,795.8115844726562,14778790,0.0,0.0,834.9367950439453,834.1324794196381,35.137540961384026,-5.742585128667088,-3.677949906795955,-2.0646352218711326,22.847377576097216,22949778.0,-0.031543404697781934
2020-09-25 00:00:00+05:30,787.5012617863403,804.8144176673213,771.6720906951575,788.5400390625,2252162,0.0,0.0,832.2408935546875,832.3445405821034,33.35419910635202,-8.651060746537496,-5.26914041973309,-3.381920326804406,23.582731984453112,20697616.0,0.0013190801419205639
2020-09-28 00:00:00+05:30,794.4265311641153,807.5350635899242,791.4585615582718,804.3197631835938,1108315,0.0,0.0,831.5112701416016,831.2455297037305,40.4208685128969,-9.572411961744365,-4.952393307951967,-4.620018653792398,23.25503823049737,21805931.0,0.012453300124533046
2020-09-29 00:00:00+05:30,810.2556884299639,822.5233200760746,793.5361024518206,800.4613647460938,1666687,0.0,0.0,830.1855773925781,830.0383075485291,39.32292462746483,-10.492973479080206,-4.698363860230247,-5.794609618849959,23.664480038279674,20139244.0,-0.012087941897512229
2020-09-30 00:00:00+05:30,800.7582763328053,805.8532549269255,793.8330134649331,802.786376953125,701139,0.0,0.0,828.2638214111328,828.9696043879251,40.37395045398117,-10.909162030516654,-4.091641929333356,-6.817520101183298,22.83274791442153,20840383.0,0.002532725143482395
2020-10-01 00:00:00+05:30,808.2770001739602,816.1421311630002,799.0268530279366,810.15673828125,941061,0.0,0.0,826.6116516113282,828.2318449327614,43.70301423833213,-10.522965695290054,-2.9643564752854044,-7.55860922000465,22.424356852520372,21781444.0,0.0023256112779223015
2020-10-05 00:00:00+05:30,813.2236354875018,826.0848365353577,806.2983733848101,816.1421508789062,803756,0.0,0.0,826.1367797851562,827.7577392835907,46.3239514330129,-9.623001570780502,-1.6515138806206817,-7.971487690159821,22.235935718131024,22585200.0,0.0035888226362910058
2020-10-06 00:00:00+05:30,817.1809363537984,827.0741680287839,813.4709744756789,821.1876831054688,1211894,0.0,0.0,825.7212646484375,827.5000900217035,48.50051777290706,-8.405745038395821,-0.3474058785888001,-8.058339159807021,21.619310804695687,23797094.0,0.004903132921269732
2020-10-07 00:00:00+05:30,823.6115156408714,827.0741466375597,816.2410461569362,819.110107421875,637342,0.0,0.0,824.8778686523438,827.1710710962201,47.643810579912234,-7.521994589909468,0.42907565591804264,-7.951070245827511,20.848866661252714,23159752.0,-0.005465450802364938
2020-10-08 00:00:00+05:30,826.332091022632,827.0740833222632,809.266268131114,812.28369140625,1313341,0.0,0.0,824.4104064941406,826.5872522848488,44.8410719116016,-7.288434181773027,0.5301088512435879,-7.818543033016615,20.631648555409065,21846411.0,-0.017000912549573494
2020-10-09 00:00:00+05:30,817.3293255489122,818.4670109149013,794.9211325682948,797.2955322265625,1188895,0.0,0.0,822.4663879394532,825.4385573806022,39.365470893615544,-8.218022808743513,-0.31958382058151713,-7.898438988161995,20.839807954074015,20657516.0,-0.02451128657214778
2020-10-12 00:00:00+05:30,804.220809728608,804.220809728608,778.7951927936452,783.1976928710938,1097157,0.0,0.0,818.8677276611328,823.7820528900332,35.03223262493161,-9.977294270666562,-1.6630842260036527,-8.314210044662909,21.167365925258792,19560359.0,-0.026140975964808286
2020-10-13 00:00:00+05:30,781.5653378040457,786.5119538660966,772.6614288923541,778.1521606445312,1142687,0.0,0.0,815.3778900146484,821.992645350994,33.60643252143357,-11.64443209770343,-2.6641776424324153,-8.980254455271014,20.64473415191142,18417672.0,-0.004367104059533188
2020-10-14 00:00:00+05:30,779.5866930404409,804.9628576462347,768.3578987090566,801.9453735351562,2146398,0.0,0.0,812.701773071289,821.2064778288043,44.97881711268004,-10.919860055272693,-1.5516844800013416,-9.368175575271351,21.784750768679544,20564070.0,0.028680172063372457
2020-10-15 00:00:00+05:30,801.9452919415914,813.0257228935226,793.189806537326,796.1577758789062,1920570,0.0,0.0,809.5903472900391,820.2241757915534,43.04728801773746,-10.689421258934999,-1.0569965469309182,-9.632424712004081,21.64554824707325,18643500.0,-0.007216846486713616
2020-10-16 00:00:00+05:30,793.437220659479,802.341129619498,788.1443655977554,791.0133666992188,682969,0.0,0.0,806.7905670166016,819.0786538663639,41.34761438332738,-10.797441495409771,-0.9320134267245521,-9.865428068685219,21.11349200535164,17960531.0,-0.0030548780636300062
2020-10-19 00:00:00+05:30,791.9532566113584,799.9172966467404,786.5119787708056,789.7767333984375,661678,0.0,0.0,804.3271575927735,817.929558946053,40.92926054670303,-10.857673778802337,-0.7937965680936934,-10.063877210708643,20.56290792215854,17298853.0,-0.0027482975728060836
2020-10-20 00:00:00+05:30,800.6098088202832,800.6098088202832,781.5653370009561,792.2005615234375,1616359,0.0,0.0,802.3806671142578,816.9205786549701,42.16445044744142,-10.587776329565145,-0.41911929508520096,-10.168657034479944,20.454448160869617,18915212.0,-0.01050355267222734
2020-10-21 00:00:00+05:30,792.4478983497075,795.415868006448,772.4635572509555,776.9649658203125,1763644,0.0,0.0,800.0804962158203,815.3536918771404,36.93620572727411,-11.471034950160629,-1.041902332544547,-10.429132617616082,20.632866978207,17151568.0,-0.0195381078827247
2020-10-22 00:00:00+05:30,779.8834245778681,779.8834245778681,763.0649310815753,772.4635009765625,1861965,0.0,0.0,797.4983581542969,813.6717236065296,35.53424557741098,-12.391413857534303,-1.5698249919345777,-10.821588865599725,20.36041164359962,15289603.0,-0.009514144508612763
2020-10-23 00:00:00+05:30,774.7885220003798,781.3180312515517,758.8109274706428,762.471435546875,2252423,0.0,0.0,795.8313507080078,811.6638691728176,32.57829087126019,-13.76838359009514,-2.357435779596333,-11.410947810498808,20.513746841154727,13037180.0,-0.015897352766280053
2020-10-26 00:00:00+05:30,766.725431830503,776.5197550485735,756.9311086124326,770.5343017578125,2638341,0.0,0.0,794.9310638427735,810.0509449604644,37.12353935265971,-14.047109767267784,-2.108929565415181,-11.938180201852603,20.44766822283332,15675521.0,0.00496771043346781
2020-10-27 00:00:00+05:30,782.5546217156218,783.3460681691032,762.8670666239931,766.1813354492188,2566397,0.0,0.0,793.0241424560547,808.3305681168863,35.72333816045262,-14.452649129928773,-2.0115751424609343,-12.441073987467838,20.449906317846626,13109124.0,-0.020922866994903602
2020-10-28 00:00:00+05:30,768.7040661763589,769.8912660000476,757.8215118289457,762.7681274414062,1156097,0.0,0.0,791.1394805908203,806.5438057374557,34.62068516883674,-14.877955547110446,-1.949505247714086,-12.92845029939636,19.851323881343617,11953027.0,-0.007722007722007788
2020-10-29 00:00:00+05:30,756.2880831982449,764.7467839321805,747.186298272677,753.3695678710938,1126591,0.0,0.0,788.6686401367188,804.4585415074024,31.717535132750342,-15.791366118350652,-2.290332655163432,-13.50103346318722,19.68769254416827,10826436.0,-0.003858999489730272
2020-10-30 00:00:00+05:30,753.3696414007129,767.418043376152,749.2144717483297,760.93798828125,1156735,0.0,0.0,786.2077026367188,802.7518531455926,36.34650853794083,-15.723293956337216,-1.7778083945199974,-13.945485561817218,19.581683885861104,11983171.0,0.01004599397775777
2020-11-02 00:00:00+05:30,762.7681946795636,770.1881187523221,754.0621625108931,757.8710327148438,891886,0.0,0.0,783.2941467285157,800.9918209718377,35.30211741922154,-15.735435652862407,-1.4319600728361497,-14.303475580026257,19.334846150648385,11091285.0,-0.00642024929576038
2020-11-03 00:00:00+05:30,765.2909043233213,789.2819905138721,760.9379187291521,780.47705078125,1542962,0.0,0.0,781.2586151123047,800.1873201800499,47.318187426702956,-13.762298097516464,0.43294198600783496,-14.195240083524299,20.197425704423708,12634247.0,0.019843625962543507
2020-11-04 00:00:00+05:30,788.2431732061991,788.2431732061991,775.4314270937055,782.5545654296875,923658,0.0,0.0,779.4308380126953,799.4958396016043,48.26907104933349,-11.893829635218822,1.8411283586443812,-13.734957993863203,19.669877076775148,13557905.0,-0.007216818324443028
2020-11-05 00:00:00+05:30,788.4905055833899,798.1858598237776,784.5332132090692,796.4050903320312,1373458,0.0,0.0,778.6369079589844,799.3746337478956,54.20382461018018,-9.189502447360383,3.636364437202257,-12.82586688456264,19.381406841808875,14931363.0,0.010037641154328786
2020-11-06 00:00:00+05:30,796.8502984677434,800.2634752201495,786.5118600544803,792.6951293945312,1722728,0.0,0.0,778.4068878173828,799.1126924007049,52.46750135215407,-7.261955210321958,4.451129339392546,-11.713084549714504,18.9792788088335,13208635.0,-0.00521449145617703
2020-11-09 00:00:00+05:30,799.3731838048204,809.1179936371603,793.1404594236361,799.5216064453125,1255422,0.0,0.0,779.2230834960938,799.1287282455914,55.304606289460956,-5.124449032405209,5.270908413847435,-10.395357446252644,18.796677744732165,14464057.0,0.000185673779780323
2020-11-10 00:00:00+05:30,807.4855995529389,824.0073088985098,802.6873458525405,820.544677734375,1490688,0.0,0.0,781.3427093505859,799.9685694020144,62.690291916818566,-1.7143123054809166,6.9448361126173825,-8.6591484180983,19.203036701367747,15954745.0,0.016172521452600796
2020-11-11 00:00:00+05:30,824.1062486464198,837.9567738337545,822.7211719742871,830.5863037109375,1822930,0.0,0.0,782.774755859375,801.1692648651094,65.61318273413872,1.7780249494190912,8.349738694013912,-6.571713744594821,19.07511235836333,17777675.0,0.007863130603803947
2020-11-12 00:00:00+05:30,831.0313968777976,835.3844426338867,816.2904586607361,828.805419921875,1003690,0.0,0.0,784.4071380615235,802.2530356516493,64.64591203603331,4.3518594200915,8.738858531749058,-4.386999111657557,19.076460330987967,16773985.0,-0.0026785714285713982
2020-11-13 00:00:00+05:30,828.8054141417255,829.9926139199691,815.3011298832453,822.9683837890625,824124,0.0,0.0,786.0048889160156,803.0654022452733,61.44842237669322,5.853170046974128,8.192135326905348,-2.3389652799312204,18.763247708370322,15949861.0,-0.007042702971128074
2020-11-14 00:00:00+05:30,835.6813081149586,835.6813081149586,827.2226069430166,831.4766845703125,187698,0.0,0.0,788.0898864746093,804.1795701795886,64.22602680016075,7.641432622700222,7.984318322105154,-0.34288569940493185,18.331081713824375,16137559.0,-0.005031372012053783
2020-11-17 00:00:00+05:30,832.0207936019686,857.6442880934059,827.3709625836178,853.934326171875,2140176,0.0,0.0,791.1765747070312,806.1307370812469,70.30717693924132,10.746903969360005,8.871831735011948,1.875072234348056,19.184099198669777,18277735.0,0.026337722252155145
2020-11-18 00:00:00+05:30,854.52791847035,859.425080412668,837.7588780659256,848.7898559570312,968393,0.0,0.0,794.7678192138671,807.8036437038268,67.47748830113427,12.647108637275778,8.617629122342176,4.029479514933601,19.36139229434837,17309342.0,-0.006714891800832142
2020-11-19 00:00:00+05:30,845.6733896131268,853.5879745610896,829.0527732991031,837.7093505859375,1466056,0.0,0.0,798.0301116943359,808.9764165227331,61.71593117918979,13.107831425700624,7.262681528613618,5.845149897087006,19.73095010421675,15843286.0,-0.009417393434636318
2020-11-20 00:00:00+05:30,839.7375485225934,840.9247484794995,826.08489997692,836.42333984375,971981,0.0,0.0,801.7277069091797,810.0527664568906,61.064246253610875,13.216831825509075,5.897345542737655,7.31948628277142,19.38158568086739,14871305.0,-0.003946719644339297
2020-11-23 00:00:00+05:30,838.1546081723571,845.277747128056,821.1382374402694,822.7211303710938,1668966,0.0,0.0,804.3370483398437,810.5495650417614,54.46507790084764,12.058558085939012,3.7912574425340733,8.267300643404939,19.721437416632885,13202339.0,-0.018413640694426237
2020-11-24 00:00:00+05:30,823.0674136727431,831.0314530208274,823.0674136727431,829.99267578125,874577,0.0,0.0,807.5276153564453,811.3120399727218,57.11382401148257,11.593725495508352,2.6611398816827307,8.932585613825621,18.906357743690357,14076916.0,0.008413967062071575
2020-11-25 00:00:00+05:30,837.0168936374436,855.4183416591417,834.9887931242087,839.98486328125,2407145,0.0,0.0,811.3884521484375,812.4364644161934,60.512962246330986,11.89451576801423,2.369544123350888,9.524971644663342,19.37202263521236,16484061.0,0.0035458897739906623
2020-11-26 00:00:00+05:30,844.1894610612377,849.4823763271814,839.2428451398857,842.40869140625,1791878,0.0,0.0,815.8404083251953,813.6118458667839,61.31396074206989,12.18798143572667,2.1304078328506613,10.057573602876008,18.719701785253402,18275939.0,-0.0021094431251831467
2020-11-27 00:00:00+05:30,845.8713000434362,848.4435161006973,832.0207758321988,837.016845703125,2310173,0.0,0.0,819.6443511962891,814.5296889976208,58.47245341313472,11.848891558776472,1.4330543647203697,10.415837194056103,18.555633097953066,15965766.0,-0.010467850534539417
2020-12-01 00:00:00+05:30,840.8258445523837,845.8713689153213,831.2293970622587,842.2603149414062,1027637,0.0,0.0,823.8638153076172,815.6171645248281,60.39469818552685,11.866475194888949,1.1605104006662756,10.705964794222673,18.276085854258294,16993403.0,0.0017060255679773578
2020-12-02 00:00:00+05:30,843.8926190436522,869.8623508723695,841.2214345502858,866.2018432617188,2097626,0.0,0.0,828.1500549316406,817.600877416471,67.73786436145934,13.654886568450479,2.359137419382245,11.295749149068234,19.016430916980422,19091029.0,0.02643609354392584
2020-12-03 00:00:00+05:30,870.6043572051924,871.5936803383801,842.3097397494204,848.9876708984375,3804064,0.0,0.0,831.4717102050781,818.8317320628227,59.233936202127865,13.527241996609291,1.7851942780328454,11.742047718576446,19.74982449193617,15286965.0,-0.024829517711292676
2020-12-04 00:00:00+05:30,855.8634431583511,861.7004739666316,847.3058340384916,853.785888671875,1654173,0.0,0.0,834.3407501220703,820.2024833023934,60.71440713622277,13.655842772716028,1.5310360433116639,12.124806729404364,19.36731129575218,16941138.0,-0.0024274368803618514
2020-12-07 00:00:00+05:30,854.2804911719553,856.7537989055162,838.9459832238773,842.6559448242188,2151322,0.0,0.0,836.8387908935547,821.0830112052101,55.66456686736921,12.713117458197871,0.47064858303480506,12.242468875163066,19.255918748356535,14789816.0,-0.013607411696583726
2020-12-08 00:00:00+05:30,845.6734051679424,850.323235987095,839.1438966191696,844.68408203125,2473148,0.0,0.0,839.0969146728515,822.0085433944666,56.37659069792252,11.991424895438968,-0.20083518377927945,12.192260079218247,18.679020204205006,17262964.0,-0.0011698643124480612
2020-12-09 00:00:00+05:30,848.8392333984375,854.7751720935315,845.6733873510226,848.8392333984375,1813714,0.0,0.0,840.5116424560547,823.060727316191,57.86943680005592,11.620806900968319,-0.45716254259994393,12.077969443568263,18.06559660587573,19076678.0,0.0
2020-12-10 00:00:00+05:30,851.8072570270641,853.6869952203591,845.8713179537048,846.9100952148438,2302834,0.0,0.0,841.32783203125,823.9959966455499,56.89593260727706,11.044114464432937,-0.8270839833082615,11.871198447741198,17.33345949163871,16773844.0,-0.005749143097597213
2020-12-11 00:00:00+05:30,851.7083615326362,853.5880393703986,836.3738520316742,840.6279296875,1939950,0.0,0.0,841.9189575195312,824.6482293138616,53.72631861473843,9.965289642009566,-1.5247270445853065,11.490016686594872,17.324940051944086,14833894.0,-0.013009654883741131
2020-12-14 00:00:00+05:30,845.8712976618194,849.1360519971489,838.9954896567587,841.12255859375,1186967,0.0,0.0,842.8266662597656,825.2942814424848,53.9438727647557,9.045949541270375,-1.9552537162595982,11.001203257529973,16.811770204176423,16020861.0,-0.0056140208104897525
2020-12-15 00:00:00+05:30,842.111856054816,849.2844487108796,833.0595253079047,847.0584716796875,2044843,0.0,0.0,843.6057556152343,826.1477790988457,56.582000691592576,8.69610122371455,-1.8440816270523381,10.540182850766888,16.769852574667528,18065704.0,0.005874060066136246
2020-12-16 00:00:00+05:30,852.0051122384151,852.3018971078945,841.4193424147003,848.3446044921875,1618300,0.0,0.0,843.32626953125,827.0182428397611,57.15465827268334,8.425500159689705,-1.6917461528617466,10.117246312551451,16.349331289485953,19684004.0,-0.004296344814892724
2020-12-17 00:00:00+05:30,848.3445939107531,856.65493245348,842.5075632219936,847.2068481445312,1650113,0.0,0.0,843.247119140625,827.809952851713,56.445404057528954,8.02671249308014,-1.6724270555770495,9.69913954865719,16.192048282587802,18033891.0,-0.001341136342929976
2020-12-18 00:00:00+05:30,849.8285757030311,854.7751913939684,843.6947601695704,847.9983520507812,1469894,0.0,0.0,843.7615692138672,828.6016547810882,56.84659749088836,7.6859394192483705,-1.610560103527055,9.296499522775425,15.826932772492066,19503785.0,-0.0021536386332217427
2020-12-21 00:00:00+05:30,848.8392922549335,854.7752313616114,823.6610051340759,831.8723754882812,2239781,0.0,0.0,843.5340209960938,828.729918338233,47.28920383823476,6.044960226283365,-2.6012314371936487,8.646191663477014,16.91888232148911,17264004.0,-0.019988373442963298
2020-12-22 00:00:00+05:30,831.8723499822775,846.46486650544,816.3894788505095,844.83251953125,2263176,0.0,0.0,844.6395904541016,829.361392894822,53.98500926817345,5.72426197623372,-2.3375437497946354,8.061805726028355,17.858632715630254,19527180.0,0.01557951715698767
2020-12-23 00:00:00+05:30,846.3660151086193,849.8286463802501,838.5998519813605,845.8218994140625,1535665,0.0,0.0,845.4310516357422,830.0069029544001,54.46059469106971,5.486693799738418,-2.0600895410319504,7.546783340770369,17.385072829695304,21062845.0,-0.0006428846206531325
2020-12-24 00:00:00+05:30,848.7403487509066,870.3075811971428,842.1613256948712,864.5695190429688,2659479,0.0,0.0,846.6602844238281,831.3622996637557,62.39240769889819,6.733575070035499,-0.6505666165878958,7.384141686623395,18.153728744175407,23722324.0,0.018650191799362403
2020-12-28 00:00:00+05:30,873.4734450815814,894.8428012567022,868.1310758460543,892.0232543945312,4187861,0.0,0.0,849.1410125732422,833.7411606335901,70.49641605279058,9.823782018455063,1.9517122654653338,7.872069752989729,19.019411144579813,27910185.0,0.021236832576195033
2020-12-29 00:00:00+05:30,897.2666495288837,899.245295843349,880.7943948075621,889.6983032226562,1834129,0.0,0.0,851.7750854492188,835.935558382181,69.13767653326923,11.947466206287231,3.2603171626380014,8.68714904364923,18.978803279242577,26076056.0,-0.008434890910301045
2020-12-30 00:00:00+05:30,892.3695180990748,901.2734268162496,881.2890862854471,893.3093872070312,1969826,0.0,0.0,854.3275390625,838.1855124537437,70.101563445906,13.76323155782893,4.0608660113437605,9.70236554648517,19.0506273693352,28045882.0,0.0010532286108994465
2020-12-31 00:00:00+05:30,892.3695427786754,897.6129437582143,884.7022878379495,894.5955200195312,1123846,0.0,0.0,855.7472229003906,840.3976696131865,70.45548518533091,15.131591284873593,4.343380590710737,10.788210694162856,18.612057976172522,29169728.0,0.0024944567627493974
2021-01-01 00:00:00+05:30,893.3587975488326,897.365544198682,884.454889267615,885.8399658203125,798399,0.0,0.0,857.5898376464844,842.1797204448386,64.82931697224168,15.332779439345586,3.635654996146183,11.697124443199403,18.20481489812197,28371329.0,-0.008416362775124664
2021-01-04 00:00:00+05:30,890.3908205377603,907.2093138145848,884.9495433011407,901.6691284179688,1028233,0.0,0.0,859.983999633789,844.5126384045692,69.56167539139054,16.57839817853869,3.905018988271431,12.67337919026726,18.494454587176218,29399562.0,0.012666693793402767
2021-01-05 00:00:00+05:30,896.7719457146894,910.0783536294712,889.4014764637367,895.8815307617188,1209912,0.0,0.0,862.6452789306641,846.5271047715162,66.06164904945635,16.903693979646846,3.3842518315036667,13.51944214814318,18.65034191533833,28189650.0,-0.0009929112493155098
2021-01-06 00:00:00+05:30,896.8708489025397,905.2306412178066,891.3801177456216,900.580810546875,1214878,0.0,0.0,865.4401153564453,848.6468579391774,67.49189456020784,17.340791994947494,3.057079877443453,14.283712117504042,18.30749773853552,29404528.0,0.004136561745623694
2021-01-07 00:00:00+05:30,906.4178708634572,906.7146557280772,894.5954472909044,904.3897705078124,1109459,0.0,0.0,868.217642211914,850.8328545104964,68.64530076724361,17.789480499603087,2.8046147056792368,14.98486579392385,17.865477071408694,30513987.0,-0.002237489375306389
2021-01-08 00:00:00+05:30,910.177331432055,944.3089813607572,908.1986850593768,925.5118408203124,4436263,0.0,0.0,872.1477294921875,853.7614422089206,74.12738506442543,19.62323943274248,3.7106989110549016,15.912540521687578,19.440743779169622,34950250.0,0.01684782608695647
2021-01-11 00:00:00+05:30,929.963745932076,942.3302851067048,916.95412256697,926.2537841796876,2146652,0.0,0.0,876.4290222167969,856.6042791489507,74.2973813352765,20.895504854237856,3.9863714660402216,16.909133388197635,19.864702264336263,37096902.0,-0.0039893617021274225
2021-01-12 00:00:00+05:30,924.8191943475,926.0063941089528,911.7106636616628,915.1238403320312,1573331,0.0,0.0,880.1290863037109,858.8991639012283,67.16775443780914,20.76630982221468,3.0857411472136356,17.680568675001044,19.484589280567732,35523571.0,-0.01048351296634716
2021-01-13 00:00:00+05:30,917.5972787957256,938.867727845977,912.6506627375278,916.6574096679688,1996557,0.0,0.0,883.609033203125,861.1641931469829,67.62869887504662,20.550771555294432,2.2961623042347092,18.254609251059723,19.96548041334998,37520128.0,-0.0010242719213273857
2021-01-14 00:00:00+05:30,920.1694401662226,921.900755683435,908.6933157483828,915.2723388671876,719918,0.0,0.0,886.955419921875,863.2860812144419,66.71764938648057,20.03721573749931,1.4260851891516673,18.611130548347642,19.48276323426012,36800210.0,-0.005321956028174892
2021-01-15 00:00:00+05:30,915.2723107459256,919.8726270345092,893.7545328359786,900.5313720703125,733660,0.0,0.0,889.6216461181641,864.7466808558486,57.79418031467958,18.23059527266696,-0.30442822054454766,18.535023493211508,19.95671544787968,36066550.0,-0.016105522370276373
2021-01-18 00:00:00+05:30,889.4014850634419,897.5139467258134,873.7701918409161,883.3666381835938,936905,0.0,0.0,891.3900604248047,865.4768752608582,49.49311936270337,15.238129296177817,-2.6375153576269526,17.87564465380477,20.44274864835533,35129645.0,-0.006785289861999359
2021-01-19 00:00:00+05:30,880.9922803081992,908.1986674036236,880.9922803081992,894.743896484375,1420092,0.0,0.0,894.5336364746094,866.624601583349,54.18985766177756,13.627538332367635,-3.3984850571497063,17.02602338951734,20.925865681946444,36549737.0,0.015609235726066852
2021-01-20 00:00:00+05:30,895.4363612803304,901.174483872304,885.4442215922951,887.175537109375,1147187,0.0,0.0,896.6507873535156,867.4305206235853,50.80528736606302,11.606635965195892,-4.335509939457161,15.942145904653053,20.554751152054255,35402550.0,-0.009225473219720214
2021-01-21 00:00:00+05:30,898.1075805147739,898.1075805147739,865.6577919338388,868.9225463867188,1913821,0.0,0.0,897.8058197021485,867.4890314378258,43.7140286348494,8.434959512012597,-6.005749114112366,14.440708626124962,21.404396685202205,33488729.0,-0.032496144962195904
2021-01-22 00:00:00+05:30,876.0456773373995,876.2435540504255,829.0528262097581,853.3406982421875,3421388,0.0,0.0,897.2443786621094,866.9341948419184,38.74268531932105,4.610906490017214,-7.8638417088861985,12.474748198903413,23.24627748708097,30067341.0,-0.025917574485636606
2021-01-25 00:00:00+05:30,856.6549350697245,873.3250059029773,843.8926423508804,853.637451171875,2534590,0.0,0.0,895.3250885009766,866.4127539136814,38.885232888509236,1.5859802080299232,-8.711014392698793,10.296994600728716,23.688140778566392,32601931.0,-0.003522402982017379
2021-01-27 00:00:00+05:30,856.0613752525751,875.5510548785485,849.9275591755965,872.3357543945312,2745728,0.0,0.0,894.4569610595703,866.6450284423422,47.21949688592148,0.6895524070491774,-7.6859537549436325,8.37550616199281,23.826380416349956,35347659.0,0.019010762093026934
2021-01-28 00:00:00+05:30,873.5724490567513,874.9080113203688,859.5735006064621,863.2340087890625,1855486,0.0,0.0,892.9531921386719,866.5112629657431,44.069119080956185,-0.7467003902472698,-7.297765241792065,6.551064851544795,23.219818293412747,33492173.0,-0.011834668411133929
2021-01-29 00:00:00+05:30,867.1911837548217,873.6217841460201,848.8887057183342,855.2203979492188,2286478,0.0,0.0,890.9844360351562,866.0684839454873,41.44716913926113,-2.502722672900063,-7.243030019555887,4.740307346655824,23.327908303224444,31205695.0,-0.013804090758592685
2021-02-01 00:00:00+05:30,865.6578085775577,887.422919193222,842.9528288358813,865.1631469726562,3099408,0.0,0.0,889.9505950927735,866.0329805347881,45.759173922156165,-3.056848782249631,-6.237724903124364,3.180876120874733,24.838064167096746,34305103.0,-0.0005714285714285771
2021-02-02 00:00:00+05:30,878.518972704973,880.4976190398941,848.7898235994821,856.1107788085938,2781083,0.0,0.0,887.6726776123047,865.6438745847412,42.677605622126705,-4.178283521667936,-5.887327714034136,1.7090441923661994,25.32875925891196,31524020.0,-0.02550678425007037
2021-02-03 00:00:00+05:30,860.7111527431255,870.5549303023462,849.1855137282827,856.9022827148438,1883217,0.0,0.0,885.7237152099609,865.3010670604315,43.038806039521205,-4.9461448033728175,-5.324151196591213,0.378006393218396,25.045949066674606,33407237.0,-0.004425259294180952
2021-02-04 00:00:00+05:30,856.902307750605,861.4037162019522,849.8286227674197,854.6763305664062,2094974,0.0,0.0,883.4284912109375,864.8844107273326,42.232831058436396,-5.668948032465664,-4.837563540547248,-0.8313844919184161,24.083745091489124,31312263.0,-0.0025977024032553106
2021-02-05 00:00:00+05:30,857.4957842519552,860.7110842794359,844.5356759868904,854.9730224609375,1766235,0.0,0.0,880.9576538085937,864.4957288345329,42.38769529501667,-6.146975732818419,-4.252472992720001,-1.894502740098417,23.51886389076811,33078498.0,-0.0029420107216252783
2021-02-08 00:00:00+05:30,855.7645209468313,862.3929980990719,847.8499357820052,849.927490234375,1899676,0.0,0.0,877.1784362792969,863.9244253600169,40.403976327690565,-6.853940453642963,-3.9675501708356364,-2.8863902828073265,22.877735206092886,31178822.0,-0.006820837472904529
2021-02-09 00:00:00+05:30,859.721808876793,885.4442105232794,853.7858700352963,879.2114868164062,4311868,0.0,0.0,874.8263214111328,864.5239179661498,53.8914318244251,-4.993677297276349,-1.685829611575218,-3.307847685701131,23.78051985596269,35490690.0,0.022669749375179904
2021-02-10 00:00:00+05:30,888.4122491437263,905.4780746423112,884.4549562744893,901.6196899414062,4993209,0.0,0.0,874.1511138916015,865.9786541220423,61.13894053148563,-1.6917491927465562,1.2928787943636602,-2.9846279871102164,23.958096139730458,40483899.0,0.01486634252331575
2021-02-11 00:00:00+05:30,900.0862685570838,912.0571159497116,895.8816448016502,897.6624145507812,2184819,0.0,0.0,873.2013641357422,867.2211545310124,59.36431591189609,0.5988306208691938,2.8667668863835285,-2.2679362655143347,23.402194354028506,38299080.0,-0.0026929129917604724
2021-02-12 00:00:00+05:30,898.3054527735488,903.7467302958556,883.9108124957819,887.2744750976562,984794,0.0,0.0,871.8014709472657,868.0075592591162,54.8625548500995,1.5579526196536335,3.0607111081343747,-1.5027584884807412,23.14746031421235,37314286.0,-0.01227976257055333
2021-02-15 00:00:00+05:30,888.4121832642402,891.5285753210696,865.6577509534634,867.8837280273438,1715171,0.0,0.0,870.1690887451172,868.00270313238,47.60544905619473,0.7448068111590374,1.7980522397118228,-1.0532454285527855,23.341986318202025,35599115.0,-0.02310690423162585
2021-02-16 00:00:00+05:30,867.8838274719519,878.8158373884866,859.7219105991749,862.6898803710938,1634864,0.0,0.0,869.1352508544921,867.7943571417414,45.8557607945444,-0.31508509469767887,0.5905282670840853,-0.9056133617817642,23.038553494455186,33964251.0,-0.005984611000285087
2021-02-17 00:00:00+05:30,860.7111661872133,873.720790151372,860.7111661872133,867.7848510742188,1496973,0.0,0.0,867.7872985839844,867.7939843547798,47.879478503238154,-0.7354576133423052,0.13612459875156724,-0.8715822120938724,22.32220138459,35461224.0,0.008218418866738476
2021-02-18 00:00:00+05:30,870.7032511563493,889.2530596009099,869.3182350225834,883.960205078125,2387930,0.0,0.0,867.6265319824219,868.427953794911,53.785231085806814,0.23391361154506285,0.8843966589111483,-0.6504830473660854,22.261201894695933,37849154.0,0.015225570714442145
2021-02-19 00:00:00+05:30,888.807902514588,889.5498948440303,864.9157253531523,872.0883178710938,1120800,0.0,0.0,867.7848205566406,868.571497484173,49.3641469151193,0.04368167593520411,0.5553317786410316,-0.5116501027058274,22.430699580251407,36728354.0,-0.018811246610422497
2021-02-22 00:00:00+05:30,870.6044288498857,875.5510449228965,836.0770245068721,839.98486328125,1810985,0.0,0.0,867.1170288085938,867.4504530056271,39.829806906550296,-2.6668175762357578,-1.7241339788239443,-0.9426835974118135,23.64807964070911,34917369.0,-0.03517046841708097
2021-02-23 00:00:00+05:30,843.8926587628117,865.0641986225683,839.9353661074175,860.4143676757812,1480977,0.0,0.0,867.4558746337891,867.1745280907312,46.86320359571233,-3.1303329636865556,-1.7501194930197936,-1.380213470666762,23.75384770323051,36398346.0,0.019577974451384813
2021-02-24 00:00:00+05:30,860.8100372459193,866.5481597466172,843.5958508943021,862.2445678710938,683427,0.0,0.0,866.9513153076172,866.9811963174121,47.45576617341602,-3.311813858915798,-1.5452803105992285,-1.7665335483165694,23.696594928134317,37081773.0,0.0016664891940202445
2021-02-25 00:00:00+05:30,863.8770177608601,873.4734647380818,860.4143866111871,863.0855712890625,1885254,0.0,0.0,866.9438934326172,866.8284267084573,47.74414122792422,-3.3491696852669293,-1.2661089095602875,-2.0830607757066417,22.936772299094738,38967027.0,-0.0009161564152372074
2021-02-26 00:00:00+05:30,850.8179330281928,869.5656193268501,848.8887407545112,857.644287109375,2636891,0.0,0.0,867.065087890625,866.4682643712384,45.98563798838695,-3.774332450328984,-1.3530173396978737,-2.4213151106311104,22.77535131853729,36330136.0,0.008023284202398232
2021-03-01 00:00:00+05:30,850.8179226068112,869.6150627574267,843.1012139900993,867.0428466796875,2648545,0.0,0.0,867.1590728759766,866.4907970107855,49.44899643552757,-3.3146822013887913,-0.7146936726061446,-2.5999885287826467,23.042386850708763,38978681.0,0.019069795830305224
2021-03-02 00:00:00+05:30,867.3891498774576,876.540389839096,861.2058796331073,869.7635498046875,1583910,0.0,0.0,867.8417114257812,866.6191402576052,50.439661830111234,-2.699747059610786,-0.07980682466251121,-2.6199402349482748,22.491824233008522,40562591.0,0.002737410224194454
2021-03-03 00:00:00+05:30,878.5189486399048,900.2840577278304,874.0669945082836,896.77197265625,2127137,0.0,0.0,869.8351959228515,867.8016042732384,59.02437108714815,-0.032675857128879215,2.0698115022555164,-2.1024873593843956,23.065301639659705,42689728.0,0.020777040773683877
2021-03-04 00:00:00+05:30,890.0940467050025,914.9260335210068,882.8719998145046,906.12109375,3140379,0.0,0.0,872.4074340820313,869.3043293507584,61.509780624130336,2.803081050951164,3.9244547282684477,-1.1213736773172838,23.7073539303699,45830107.0,0.018006015324253985
2021-03-05 00:00:00+05:30,900.2841007384405,905.230716676564,885.3947988413885,893.9029541015625,1268992,0.0,0.0,874.3539306640625,870.2689813017703,56.671859553597166,4.0182175619537475,4.111672991416825,-0.09345542946307761,23.49442114303325,44561115.0,-0.007087925502232053
2021-03-08 00:00:00+05:30,893.9523517351759,920.7135905773672,892.0726740274794,913.9861450195312,1396479,0.0,0.0,877.5568634033203,871.9833798789374,61.96710719570327,6.526533846800021,5.295991421010479,1.230542425789542,23.862027957917903,45957594.0,0.022410359171234892
2021-03-09 00:00:00+05:30,939.857054066165,973.246712565884,928.9744987032936,960.9296264648438,11031435,0.0,0.0,881.6427703857422,875.4714679803456,70.91487051717692,12.162141605815123,8.745279344020464,3.4168622617946585,26.390495072075772,56989029.0,0.022421039782072282
2021-03-10 00:00:00+05:30,963.3040855918996,963.6008704978988,926.0065860226216,930.7058715820312,2362998,0.0,0.0,883.0970794677735,877.637523023549,60.9694094017644,14.027892120308252,8.488823886810874,5.539068233497377,27.190765743938226,54626031.0,-0.0338400038964212
2021-03-12 00:00:00+05:30,895.3869387012054,926.303288308199,895.3374846185333,904.4392700195312,28967831,0.0,0.0,883.435922241211,878.6885719253522,53.895200899371545,13.234459012770913,6.1563126234188275,7.078146389352085,27.774881545474436,25658200.0,0.010109965789155495
2021-03-15 00:00:00+05:30,911.166691390328,916.8552999413532,892.3695500912874,910.1773681640624,4581531,0.0,0.0,884.5810668945312,879.9234266798114,55.12028177018617,12.91974336440353,4.673277580041155,8.246465784362375,27.53994356717902,30239731.0,-0.0010857763300763307
2021-03-16 00:00:00+05:30,908.6438786260206,914.0357019855262,901.2734089242008,904.2908325195312,1422174,0.0,0.0,886.4014221191406,880.8790112225455,53.54832357215477,12.056356541595733,3.047912605786685,9.008443935809048,26.484397102258477,28817557.0,-0.004790706468051839
2021-03-17 00:00:00+05:30,914.0357198906596,914.0357198906596,875.7489003401732,879.4588623046875,3809803,0.0,0.0,887.2398712158204,880.8233191081197,47.406422328723465,9.261621588734783,0.20254212234058855,9.059079466394195,27.327427277292617,25007754.0,-0.03782878156020896
2021-03-18 00:00:00+05:30,885.4442183096144,888.4121877564623,872.8798022412599,880.9428100585938,2657918,0.0,0.0,887.8977691650391,880.8280050277461,47.79180109018871,7.08484648536637,-1.5793863848222607,8.66423287018863,26.484924294137034,27665672.0,-0.005083785243540443
2021-03-19 00:00:00+05:30,878.469538338342,900.2346485109374,872.8798381633454,897.0193481445312,2849173,0.0,0.0,888.5507263183594,881.462959659777,51.9035509126574,6.581115793168351,-1.666493661616224,8.247609454784575,26.547059012251175,30514845.0,0.021116053541568366
2021-03-22 00:00:00+05:30,895.3374843386381,899.5421078838748,885.7904914295849,890.5887451171875,1660688,0.0,0.0,889.4757476806641,881.8208335992833,50.200453602892125,5.5984739461805475,-2.1193084068832224,7.71778235306377,25.633098829400147,28854157.0,-0.005303853914882564
2021-03-23 00:00:00+05:30,895.139582716145,901.124975754938,885.4442278289072,889.3026123046875,1642691,0.0,0.0,891.9416351318359,882.1142366857698,49.84815551455701,4.662200093028446,-2.4444658080282595,7.106665901056705,24.922216621915865,27211466.0,-0.006520737686234637
2021-03-24 00:00:00+05:30,883.4655990631343,885.4442454216183,865.7072359190408,871.2969360351562,1900721,0.0,0.0,892.4857635498047,881.6900288171183,45.07856564182666,2.439171473268175,-3.733995542230825,6.173167015499,24.827442319312734,25310745.0,-0.013773782522921336
2021-03-25 00:00:00+05:30,865.756700612862,874.858486050148,851.8072677679695,854.8741455078125,2711471,0.0,0.0,892.1172424316406,880.6384255500868,41.205871108627825,-0.6403945982210644,-5.450849290976052,4.810454692754988,24.700569173787645,22599274.0,-0.012569992351599283
2021-03-26 00:00:00+05:30,860.7111798567995,867.5375340573379,858.8314416324495,864.6190185546875,1194885,0.0,0.0,892.1939147949219,880.0102135110516,44.26558298326715,-2.2684933046432434,-5.663158397918584,3.3946650932753415,23.84077055767134,23794159.0,0.004540243916127779
2021-03-30 00:00:00+05:30,866.647065714738,871.5936813866258,858.7324806397176,862.8381958007812,1276847,0.0,0.0,892.4536102294921,879.3368010518253,43.81682041452097,-3.6602773734664424,-5.643953973393428,1.983676599926985,23.05651557110562,22517312.0,-0.004394949299015416
2021-03-31 00:00:00+05:30,866.6470584566937,881.3879971888628,861.6509887466268,871.4452514648438,1929013,0.0,0.0,892.67373046875,879.0273285190026,46.63288592786413,-4.022391193519752,-4.804854234757389,0.7824630412376377,22.819407919020303,24446325.0,0.005536501810430861
2021-04-01 00:00:00+05:30,872.1872330989543,880.5470254884727,867.1417093712402,874.0175170898438,1193426,0.0,0.0,892.8864288330078,878.8308653257022,47.48012506516112,-4.055064407880536,-3.8700219592945393,-0.18504244858599717,22.146972790260083,25639751.0,0.0020984989477389293
2021-04-05 00:00:00+05:30,878.0356944622915,880.0199559187035,857.99464164156,865.6836547851562,1091002,2.5,0.0,891.3320129394531,878.3152884417593,44.98813954367084,-4.699261048475819,-3.6113748799118572,-1.0878861685639616,22.138282896465313,24548749.0,-0.014067810403425184
2021-04-06 00:00:00+05:30,865.9316431743222,895.8940017445223,859.1355722556757,890.4868774414062,1351799,0.0,0.0,890.5503021240235,878.7926056574319,52.909713292879616,-3.171816027378327,-1.667143887051492,-1.5046721403268348,23.18257908171722,25900548.0,0.0283570123122765
2021-04-07 00:00:00+05:30,893.9097467130724,913.7523604025968,891.1813873307628,911.2720336914062,2860132,0.0,0.0,891.4187561035156,880.0663087175877,58.32543210858727,-0.28087864871349666,0.9790347932906704,-1.259913442004167,23.188500787394315,28760680.0,0.01942286348501666
2021-04-08 00:00:00+05:30,914.1492796938088,914.1492796938088,897.8783114847405,901.3507690429688,1342782,0.0,0.0,890.7869873046875,880.9009934362302,55.06979027826324,1.1958617603218045,1.9646201618607773,-0.7687584015389728,22.69439131748051,27417898.0,-0.014000460247725487
2021-04-09 00:00:00+05:30,897.4813309289094,908.7420497523792,893.1159925518201,902.9380493164062,1344813,0.0,0.0,887.8874084472657,881.7651917060412,55.497778301184184,2.465844703625635,2.587682484131686,-0.12183778050605132,22.189510309097308,28762711.0,0.006080035538844059
2021-04-12 00:00:00+05:30,893.5625085119199,898.2751291751936,861.6654833796119,865.5844116210938,1485108,0.0,0.0,884.6313354492188,881.130651310553,44.705400772718534,0.4529674247804678,0.4598441642292153,-0.00687673944874749,23.552585711155057,27277603.0,-0.03131073274036419
2021-04-13 00:00:00+05:30,874.5136117032082,893.6617219725546,867.8663239472573,890.7349243164062,1174856,0.0,0.0,883.9461181640625,881.5072894676453,51.53876586862529,0.8770735048009328,0.7071601953997442,0.1699133094011886,23.875780328337235,28452459.0,0.0185489538368709
2021-04-15 00:00:00+05:30,887.9569914067848,904.8232135899304,882.9963378235067,901.5491943359376,1464475,0.0,0.0,883.5147094726562,882.2932465213038,54.16186040681546,2.062032019140929,1.5136949677917926,0.5483370513491367,23.729430002478924,29916934.0,0.01530727620897353
2021-04-16 00:00:00+05:30,909.7838743276668,912.3137955640632,898.4735598469082,907.0059204101562,1310422,0.0,0.0,883.6504638671875,883.2623709875332,55.47157432015826,3.4022137668476944,2.2831013723988463,1.1191123944488484,23.023058982065706,31227356.0,-0.003053421802583031
2021-04-19 00:00:00+05:30,890.1396982909276,902.7397706052928,881.5081488752694,899.1184692382812,1580387,0.0,0.0,884.6334442138672,883.8841787620725,53.109409771120276,3.784243660692141,2.132105012994634,1.652138647697507,23.199824164417727,29646969.0,0.010086923394825432
2021-04-20 00:00:00+05:30,909.7838005045628,923.7728183623552,888.3041478410487,891.8758544921875,3593124,0.0,0.0,885.1800964355468,884.1975778103123,50.963353820135744,3.4626711059167974,1.448425966575432,2.0142451393413654,24.076170332802167,26053845.0,-0.019683738051220107
2021-04-22 00:00:00+05:30,892.9175791791625,913.4051011900464,888.0065203827074,907.2042846679688,1988641,0.0,0.0,885.6893432617187,885.0998016086518,55.098731284721765,4.3940469119993395,1.9038414181263792,2.4902054938729603,24.170628223844034,28042486.0,0.016000027126736184
2021-04-23 00:00:00+05:30,889.2963056857699,934.4879063439598,889.2963056857699,915.5877685546876,3601606,0.0,0.0,886.9392944335938,886.2954081555552,57.223497758269886,5.742450638075866,2.6017961153623244,3.1406545227135414,25.672126254920798,31644092.0,0.029564345090406504
2021-04-26 00:00:00+05:30,911.9169036190611,939.448528928608,908.7916678754974,935.0831298828124,3751088,0.0,0.0,889.2283203125,888.2086521448593,61.75571367672146,8.288636789945485,4.1183858137855545,4.170250976159931,26.028178740517244,35395180.0,0.025403878546184474
2021-04-27 00:00:00+05:30,938.5555990021452,939.3492914146442,917.7208552610826,921.4413452148438,1926977,0.0,0.0,891.7355407714844,889.5118950103489,57.18959760680101,9.100821046074202,3.9444560559314166,5.1563649901427855,25.713911412868157,33468203.0,-0.01823467230443992
2021-04-28 00:00:00+05:30,926.650015212868,926.650015212868,906.9562462849408,923.078369140625,1904945,0.0,0.0,895.145751953125,890.8282273291833,57.594786540753184,9.764023485313487,3.686126796136561,6.077896689176926,25.283901235360435,35373148.0,-0.003854363582374193
2021-04-29 00:00:00+05:30,923.0783904814008,927.6421672964271,914.0499651405792,920.8956909179688,830577,0.0,0.0,897.959585571289,892.0073435483513,56.822553491894126,9.998238831795561,3.136273714094907,6.861965117700654,24.448779872516592,34542571.0,-0.002364587434761336
2021-04-30 00:00:00+05:30,920.69728107343,933.0989147085788,912.5617972978024,921.3917846679688,1326833,0.0,0.0,900.8872650146484,893.15967457265,56.963793559481054,10.107375270414877,2.5963281221713785,7.511047148243499,24.169375410957038,35869404.0,0.0007543234989562191
2021-05-03 00:00:00+05:30,914.69484527411,972.2880161612642,908.8412503426284,951.056396484375,5424609,0.0,0.0,904.867822265625,895.4301342554628,64.45197040377418,12.44410504362861,3.946446316308089,8.497658727320522,26.974903297282157,41294013.0,0.03975265783789174
2021-05-04 00:00:00+05:30,990.1464944310776,997.0914097226783,935.1328319030692,975.1653442382812,10515809,0.0,0.0,909.9252136230468,898.5570052351811,69.15005444820474,16.0562839740237,6.046900197362543,10.009383776661156,29.473737191785656,51809822.0,-0.015130236058053489
2021-05-05 00:00:00+05:30,982.1597597442974,1011.7748357464644,957.4060876470136,965.4423217773438,5475550,0.0,0.0,914.9131469726562,901.1799588250699,65.39629768884166,17.927735373044584,6.334681277106743,11.593054095937841,31.25195225665296,46334272.0,-0.01702109845276697
2021-05-06 00:00:00+05:30,969.609280242636,975.7109080131022,953.6360008659952,961.771484375,1800692,0.0,0.0,918.4773773193359,903.5560970819299,63.98410409635702,18.89683721342317,5.84302649398826,13.053810719434908,30.596449034530867,44533580.0,-0.008083457973581579
2021-05-07 00:00:00+05:30,1021.8946111860706,1036.4788838921263,966.732169017773,992.3787231445312,11010394,0.0,0.0,922.5327117919921,907.039337319679,69.83348499311988,21.882359557575114,7.062839070512165,14.819520487062949,33.74723121191118,55543974.0,-0.02888349514563102
2021-05-10 00:00:00+05:30,1001.357458300644,1009.4929417852144,987.1700020405784,997.09130859375,2370879,0.0,0.0,927.3197387695312,910.5707871735642,70.62456384295253,24.348005138741996,7.6227877213432365,16.72521741739876,32.93121039280757,57914853.0,-0.004260366437110158
2021-05-11 00:00:00+05:30,990.1465053493796,1007.0127283863932,982.705524597756,993.0733032226562,1297672,0.0,0.0,931.8265014648438,913.8061799598032,68.96400949665717,25.68178395320149,7.165253228642182,18.516530724559306,32.31520992107234,56617181.0,0.0029559240551416334
2021-05-12 00:00:00+05:30,987.7157434219358,993.0236791994782,962.3668151945352,965.2440185546876,3513520,0.0,0.0,936.8094818115235,915.8233501007791,58.67393046340727,24.214097535709925,4.558053448920493,19.656044086789432,32.20030121443144,53103661.0,-0.022751206525670073
2021-05-14 00:00:00+05:30,965.2934985701356,974.2722685676564,957.4060480323712,970.7006225585938,1331063,0.0,0.0,940.8077667236328,917.9754000010855,59.936203727594716,23.22354128829204,2.8539977612020877,20.369543527089952,31.105009737336108,54434724.0,0.005601533623159752
2021-05-17 00:00:00+05:30,970.7007622428314,981.0188858398208,953.6361010170205,956.0668334960938,2181641,0.0,0.0,943.5336486816407,919.4691817067721,55.07747820758974,21.015440926630845,0.5167179196327112,20.498723006998134,30.839136529151947,52253083.0,-0.015075633311470297
2021-05-18 00:00:00+05:30,958.2989974674977,968.3194925848068,956.6123632895255,960.8289184570312,1342840,0.0,0.0,946.2247985839844,921.0911321675667,56.31843415234848,19.425836982878536,-0.8583088192956794,20.284145802174216,29.511530997677962,53595923.0,0.0026400121425770354
2021-05-19 00:00:00+05:30,960.8289633066208,972.1888716344222,955.4218390225736,970.3533935546876,1101773,0.0,0.0,949.7865447998047,923.0229855552969,58.77154882670811,18.71883091527434,-1.2522519095199058,19.971082824794244,28.601209684395478,54697696.0,0.009912721838951612
2021-05-20 00:00:00+05:30,973.7266941155158,976.7030862353524,958.1998243350938,961.5234985351562,1463348,0.0,0.0,953.2689270019531,924.5328095937228,55.65126659289978,17.247209682228572,-2.1790985140525407,19.426308196281113,27.879927699807688,53234348.0,-0.012532464863196856
2021-05-21 00:00:00+05:30,960.4817061374904,968.0219357879638,957.6541578653456,961.6226806640624,1245988,0.0,0.0,955.9898468017578,925.9873143415793,55.6797303160027,15.90559265029924,-2.816572436785499,18.72216508708474,26.629059858569256,54480336.0,0.0011879190611139734
2021-05-24 00:00:00+05:30,959.7375908348778,964.301428304152,953.0903637105768,954.92578125,1841255,0.0,0.0,957.9567474365234,927.1221561811253,53.19703761910519,14.13898228569667,-3.6665462411104564,17.805528526807127,25.52777448248958,52639081.0,-0.005013672102487905
2021-05-25 00:00:00+05:30,959.390369622158,964.9462772201598,955.5706907178884,957.7037353515624,1235079,0.0,0.0,959.087777709961,928.3214337956523,54.11108685235627,12.815361019130592,-3.992134006141228,16.80749502527182,24.42011173160078,53874160.0,-0.0017580271013767576
2021-05-26 00:00:00+05:30,961.37466786323,972.28810578531,961.37466786323,964.10302734375,1719675,0.0,0.0,961.2208618164062,929.7246335426365,56.2316348904686,12.142776641349883,-3.73177470713755,15.874551348487433,23.717558781749354,55593835.0,0.002837977296181626
2021-05-27 00:00:00+05:30,968.815613385002,978.2408548874674,957.9517702790848,974.3715209960938,2428883,0.0,0.0,963.7855194091796,931.4754918741446,59.46827855059327,12.296582942804548,-2.8623747245463083,15.158957667350856,23.47266776936447,58022718.0,0.005734742023489469
2021-05-28 00:00:00+05:30,978.240861846294,979.2329925378216,964.3510321649064,969.162841796875,1137566,0.0,0.0,966.198876953125,932.9534271652321,57.159263608985526,11.8614472834048,-2.638008307156845,14.499455590561645,22.859045812471642,56885152.0,-0.009279943624809864
2021-05-31 00:00:00+05:30,969.3117033102806,975.0660493151744,963.0116975260596,967.9723510742188,785669,0.0,0.0,968.5279052734375,934.3267182989179,56.618160264616215,11.290387922427726,-2.5672541345071345,13.85764205693486,22.087281953656245,56099483.0,-0.0013817559733239717
2021-06-01 00:00:00+05:30,970.7006793503116,974.2723255683366,952.5446395032734,958.6958618164062,1420625,0.0,0.0,968.909878540039,935.2823709858783,52.45144908279912,9.974306511666555,-3.1066684362146457,13.0809749478812,22.061596533042323,54678858.0,-0.012367167129150609
2021-06-02 00:00:00+05:30,957.4061432590069,985.6322743085462,955.8187583315032,976.6535034179688,2488600,0.0,0.0,968.9842864990235,936.9047683361563,58.77610628305195,10.262039704936456,-2.2551481943557974,12.517187899292253,22.615305064759255,57167458.0,0.0201036522425519
2021-06-03 00:00:00+05:30,978.7369459537188,983.0526903226532,973.7762924009884,979.0841674804688,1724751,0.0,0.0,969.6663787841796,938.558862420247,59.56020186754418,10.564424500034875,-1.562210719405904,12.126635219440779,21.662525983105507,58892209.0,0.0003547649122529492
2021-06-04 00:00:00+05:30,987.1204961080552,987.1204961080552,976.2566523474856,981.3661499023438,996919,0.0,0.0,970.6461120605469,940.2375795764077,60.32320896327564,10.862981846087337,-1.010922698682755,11.873904544770092,20.891191538635546,59889128.0,-0.005829426324748908
2021-06-07 00:00:00+05:30,987.1701023562966,990.0969001978718,979.2330563072009,980.7212524414062,693875,0.0,0.0,970.0632385253906,941.8251745907214,59.978795284293405,10.921654820086815,-0.7617997797466227,11.683454599833437,20.1749524209211,59195253.0,-0.006532663316582923
2021-06-08 00:00:00+05:30,980.2251719866534,980.2251719866534,955.421903464724,972.1392822265624,3262160,0.0,0.0,968.8156372070313,943.0139631254604,55.44232172932028,10.158558758986715,-1.2199166726773782,11.378475431664093,20.54098074633389,55933093.0,-0.008249012564840709
2021-06-09 00:00:00+05:30,970.4526149309046,999.0755598261286,970.4526149309046,990.7416381835938,3809219,0.0,0.0,968.6990539550782,944.8856366571518,62.12877258405474,10.928873046617582,-0.35968190803720823,11.28855495465479,21.11826389982791,59742312.0,0.02090676344267847
2021-06-10 00:00:00+05:30,997.0913368746022,997.0913368746022,984.2432324128598,989.699951171875,1041345,0.0,0.0,969.9218505859375,946.6430607557684,61.5715773852649,11.324752535460675,0.028958064644708514,11.295794470815967,20.527538225677173,58700967.0,-0.007412947469682811
2021-06-11 00:00:00+05:30,991.0393393445876,994.6109854944984,976.2565683058218,980.3242797851562,823207,0.0,0.0,970.4030334472657,947.9638928745679,56.647288431038895,10.757940713414655,-0.4302830059210496,11.188223719335705,20.372315294462418,57877760.0,-0.010811941700031408
2021-06-14 00:00:00+05:30,980.324315884769,984.937747840235,963.7061267371248,978.3897094726562,514960,0.0,0.0,971.5191772460937,949.1570621529244,55.658146049066566,10.036935064792715,-0.9210309236343939,10.957965988427109,20.433694280794562,57362800.0,-0.001973435097717368
2021-06-15 00:00:00+05:30,983.9952493396562,995.8512237155344,973.1314056972432,988.0133666992188,1137725,0.0,0.0,972.8783996582031,950.6808388017987,59.45127173113852,10.125362724945262,-0.6660826107854785,10.79144533573074,20.596988833473286,58500525.0,0.004083472315805435
2021-06-16 00:00:00+05:30,992.0810673379408,995.950340585895,980.572315328614,983.9951782226562,833286,0.0,0.0,973.5604888916016,951.9872834849697,57.249218615297096,9.758715654570324,-0.8261837449283327,10.584899399498656,20.224205720887294,57667239.0,-0.008150431836161813
2021-06-17 00:00:00+05:30,975.2644456647752,984.8881252456824,969.3116616627522,975.5620727539062,869613,0.0,0.0,974.262417602539,952.911785024928,52.826771743060135,8.687519756859842,-1.5179037141110516,10.205423470970894,19.892224139603965,56797626.0,0.000305175781249987
2021-06-18 00:00:00+05:30,992.8251893322062,992.8251893322062,949.2210335829094,974.8179931640624,1888723,0.0,0.0,974.9221832275391,953.7708520107765,52.44183665710994,7.68990386109499,-2.012415687900724,9.702319548995714,21.585933540299568,54908903.0,-0.018137328063015566
2021-06-21 00:00:00+05:30,965.3431614103348,982.6062596389968,960.7297294797012,973.8258666992188,887943,0.0,0.0,975.8671875,954.5573231750291,51.89880752209834,6.741517742020051,-2.368641445580531,9.110159187600582,21.606690441656465,54020960.0,0.00878724336379096
2021-06-22 00:00:00+05:30,974.272414388344,1003.044206666615,972.3377472793512,999.07568359375,2289172,0.0,0.0,977.9357849121094,956.3031412306652,62.53234244975639,7.935884178866672,-0.9394200069871275,8.8753041858538,22.25667393777235,56310132.0,0.025458248472505156
2021-06-23 00:00:00+05:30,1002.5480428519204,1007.0622252931286,991.1385401376232,992.6763305664062,1802617,0.0,0.0,979.3644500732422,957.729540812459,58.97402177433235,8.270714232005616,-0.48367196307854776,8.754386195084164,21.804317596181157,54507515.0,-0.00984662266900683
2021-06-24 00:00:00+05:30,992.229877589509,997.5378131071928,987.1700352988624,994.2637939453124,932721,0.0,0.0,980.3590637207031,959.1622566215906,59.58834836886907,8.565427571875944,-0.1511668985665775,8.716594470442521,20.98742189704779,55440236.0,0.0020498438937804706
2021-06-25 00:00:00+05:30,989.154275769695,1009.5425488814604,983.5983682521064,999.2244262695312,980203,0.0,0.0,981.8621429443359,960.7333220979805,61.527062284930054,9.094436583998458,0.30227369084474986,8.792162893153709,21.341476092212993,56420439.0,0.01018056611239972
2021-06-28 00:00:00+05:30,1002.5480946506012,1011.6757094046058,990.1464606247404,994.2141723632812,1107325,0.0,0.0,983.1742340087891,962.0462966181883,58.47572562624685,9.0055836569976,0.17073661107511384,8.834847045922487,21.35488842704532,55313114.0,-0.00831274063737006
2021-06-29 00:00:00+05:30,992.229904482842,1009.294564902704,987.418094733962,991.5354614257812,2486963,0.0,0.0,984.8162139892578,963.2027344537802,56.8523349318971,8.619655463826007,-0.17215326567718492,8.791808729503192,21.392144265737983,52826151.0,-0.0006998812008419718
2021-06-30 00:00:00+05:30,994.5118014186515,1003.7881989014096,990.5928731864456,1000.216552734375,777901,0.0,0.0,985.9943664550781,964.6542567392937,60.66364837353005,8.91156908679784,0.09580828583571765,8.815760800962122,20.80665722639636,53604052.0,0.00573623290099297
2021-07-01 00:00:00+05:30,1001.0598295452824,1009.3937512579856,994.7101691399037,998.9763793945312,834379,0.0,0.0,986.9889770507813,966.0002223336168,59.85030028276113,8.939788791796332,0.0992223926673681,8.840566399128964,20.369294718659187,52769673.0,-0.002081244386459382
2021-07-02 00:00:00+05:30,1002.9449435330652,1002.9449435330652,988.2117663832876,999.2740478515624,581097,0.0,0.0,987.8843719482422,967.3050782362814,59.98896399769814,8.88376594423005,0.03455963608086776,8.849206308149181,19.966714892310133,53350770.0,-0.003660116844072556
2021-07-05 00:00:00+05:30,1006.0204424412806,1006.9629786354052,997.8849592967624,1001.903076171875,431929,0.0,0.0,988.9434631347656,968.6618624690498,61.261501087569016,8.948356958791692,0.07932052051400795,8.869036438277684,19.188950924190372,53782699.0,-0.004092726246609946
2021-07-06 00:00:00+05:30,1002.9945648658296,1024.7718463105648,998.1826945343408,1015.0985717773438,1693798,0.0,0.0,991.0914276123046,970.4829098929044,66.94418664438659,9.949619004724354,0.8644660531573365,9.085152951567018,19.717536699336044,55476497.0,0.0120678688953148
2021-07-07 00:00:00+05:30,1015.4457846994542,1018.9182421947626,1004.5819412817332,1006.4174194335938,888200,0.0,0.0,991.8752166748047,971.8921063454806,60.641612899533584,9.928184021783181,0.67442485617293,9.253759165610251,19.333162714599574,54588297.0,-0.008891036234428404
2021-07-08 00:00:00+05:30,1002.7960753903686,1017.9260681182471,994.2141208670416,1013.5606689453124,868890,0.0,0.0,993.0682525634766,973.5261676239053,63.67233216975193,10.368080403356203,0.8914569901967617,9.476623413159441,19.64593303864307,55457187.0,0.01073457886315851
2021-07-09 00:00:00+05:30,1006.1197579874232,1019.9103994785792,1004.581967453266,1011.5764770507812,930387,0.0,0.0,994.6308624267579,975.0183366210377,62.238687973735765,10.436290689032148,0.7677338206981652,9.668556868333983,19.33754010911931,54526800.0,0.005423528382220924
2021-07-12 00:00:00+05:30,1011.675767229491,1027.8474868125786,1010.9316691454086,1025.3175048828125,1297301,0.0,0.0,996.9772521972657,976.9908530234603,67.6679852657671,11.466950076786134,1.4387145667617194,10.028235510024414,19.16455993469426,55824101.0,0.013484298127135955
2021-07-13 00:00:00+05:30,1031.815976906313,1048.1861342322302,1027.897108899447,1044.366455078125,2525938,0.0,0.0,999.7949066162109,979.6330334961923,73.38164388839151,13.663343628905636,2.9080864951049765,10.75525713380066,19.429136321460362,58350039.0,0.012163485013521588
2021-07-14 00:00:00+05:30,1041.7371484287507,1052.5017414072422,1038.760756576097,1044.1182861328125,1596046,0.0,0.0,1002.8010620117187,982.1618669329225,73.2001531020932,15.208660215368695,3.562722465254428,11.645937750114268,19.022839786437643,56753993.0,0.0022857375372023745
2021-07-15 00:00:00+05:30,1045.2097828760948,1056.5696319300075,1041.0924158929406,1044.6640625,796945,0.0,0.0,1006.2561614990234,984.6129334257491,73.35622148662826,16.28959798943447,3.71492819145616,12.57466979797831,18.76958094719676,57550938.0,-0.000522115641314726
2021-07-16 00:00:00+05:30,1045.7058419870268,1049.5255212675984,1038.8601153839545,1041.9853515625,699003,0.0,0.0,1009.6145294189453,986.86283217621,71.16569198415735,16.737163771942733,3.3299951791715365,13.407168592771196,18.190711299799872,56851935.0,-0.00355787476280827
2021-07-19 00:00:00+05:30,1036.6775543684373,1041.9854302194983,1019.2160755464752,1029.6829833984375,643558,0.0,0.0,1012.4073852539062,988.5420537927679,62.00760685785849,15.915698320399201,2.006823782102403,13.908874538296798,18.517757255030237,56208377.0,-0.006747103706958363
2021-07-20 00:00:00+05:30,1029.08758964454,1033.006457545893,1004.8299814219192,1006.7646484375,695099,0.0,0.0,1012.7918334960938,989.2566653474632,49.28379664506717,13.262481307970916,-0.5171145842607068,13.779595892231622,19.20766574566932,55513278.0,-0.021691973969631323
2021-07-22 00:00:00+05:30,1008.996910229064,1030.6254076827718,1008.996910229064,1017.9260864257812,915518,0.0,0.0,1014.0543212890625,990.3809563701425,54.211559873368294,11.922981763874645,-1.4852913026855834,13.408273066560229,19.54002956706961,56428796.0,0.008849557522123722
2021-07-23 00:00:00+05:30,1017.4301016259076,1045.6561735050425,1015.4954345191582,1042.1837158203125,1290998,0.0,0.0,1016.4503173828125,992.4124371328943,62.69517558017535,12.672723420184752,-0.5884397171003819,13.261163137285134,20.298651668413765,57719794.0,0.024329547705387644
2021-07-26 00:00:00+05:30,1039.7529228449655,1096.2051811412168,1031.9150664756255,1068.177490234375,2151393,0.0,0.0,1019.8979705810547,995.3836156858936,69.26637439966285,15.189286797387922,1.5424989280822299,13.646787869305692,23.440899025355968,59871187.0,0.0273378095554032
2021-07-27 00:00:00+05:30,1089.3594884744264,1104.98554671074,1054.634914615952,1096.4532470703125,6096747,0.0,0.0,1025.0099243164063,999.3471306421453,74.52350595877384,19.243471905500883,4.477347228956152,14.766124676544731,25.363022816030217,65967934.0,0.006511861943590774
2021-07-28 00:00:00+05:30,1106.2258480596215,1129.838609672853,1084.3989703400596,1124.4810791015625,4409570,0.0,0.0,1031.6572052001952,1004.2543443072205,78.45717374401359,24.436367386937036,7.736194168313844,16.700173218623192,26.797066852942244,70377504.0,0.016502264048486686
2021-07-29 00:00:00+05:30,1124.0840412784416,1138.9660012247582,1115.2045202876864,1119.9666748046875,1555904,0.0,0.0,1037.644711303711,1008.7920827581016,76.41069244577382,27.866274701850443,8.932881186581799,18.933393515268644,26.580239287522875,68821600.0,-0.003662863560514024
2021-07-30 00:00:00+05:30,1114.1628488673716,1114.1628488673716,1083.4067951586553,1089.954833984375,1238229,0.0,0.0,1042.1936340332031,1011.9749357473672,64.38671260101566,27.841852678559917,7.126767330633015,20.7150853479269,27.293070741702273,67583371.0,-0.0217275373232969
2021-08-02 00:00:00+05:30,1102.3068606225129,1119.619492861334,1093.278374381592,1098.487060546875,1582968,0.0,0.0,1047.1542846679688,1015.367568092446,66.02362548682024,28.186066002294638,5.976784523494189,22.20928147880045,27.462469894220646,69166339.0,-0.003465278328650432
2021-08-03 00:00:00+05:30,1096.5523826417457,1125.969080146044,1086.1846659658715,1122.794189453125,1033719,0.0,0.0,1053.1988403320313,1019.5803767732571,70.22271022382756,30.073570302559347,6.291431059007117,23.78213924355223,28.342608771788804,70200058.0,0.023931193098280627
2021-08-04 00:00:00+05:30,1121.1076159055951,1135.642353908965,1116.1469627378713,1127.9036865234375,1840302,0.0,0.0,1058.839096069336,1023.8283497046367,71.03312694538167,31.617260671024724,6.268097141977993,25.34916352904673,27.710664657453336,72040360.0,0.00606192529728978
2021-08-05 00:00:00+05:30,1160.9912973922053,1166.448016245477,1116.1470381692002,1125.8203125,6687775,0.0,0.0,1064.8092407226563,1027.828034520141,70.19424946743955,32.30019895019177,5.560828336916028,26.739370613275742,29.32425847308385,65352585.0,-0.030293926381020804
2021-08-06 00:00:00+05:30,1131.02902509024,1145.166887903868,1118.5777360631266,1141.644775390625,1654283,0.0,0.0,1071.213446044922,1032.2914361229052,72.81988978089336,33.72952143425891,5.592120656786534,28.13740077747238,29.128893713630784,67006868.0,0.009385922080591965
2021-08-09 00:00:00+05:30,1142.19029443496,1146.902914542292,1119.9665459173934,1127.5067138671875,1491795,0.0,0.0,1077.009957885742,1036.0253685834653,67.13007807713056,33.33715640498599,4.159804502010886,29.177351902975104,28.97228477872131,65515073.0,-0.01285563416123788
2021-08-10 00:00:00+05:30,1133.757366953262,1136.9817917553603,1111.335237166764,1118.7265625,1911046,0.0,0.0,1081.6804107666017,1039.2685526586235,63.79627445586208,31.9494263566919,2.217659562973438,29.731766793718464,28.734732622283772,63604027.0,-0.013257514254265955
2021-08-11 00:00:00+05:30,1121.1076800115084,1133.1124371419032,1104.3406471239086,1126.4652099609375,1458158,0.0,0.0,1085.785348510742,1042.6880294155771,65.42602064023296,31.115405445576926,1.1069109214867687,30.008494524090157,28.737379579120258,65062185.0,0.004778782667311797
2021-08-12 00:00:00+05:30,1127.3580262263372,1141.8926423320845,1119.6690142331893,1125.125732421875,1054244,0.0,0.0,1089.8357208251953,1045.9208805138635,64.88158914147691,30.000525834657537,-0.006374951546096241,30.006900786203634,28.27211161624699,64007941.0,-0.001980110801121857
2021-08-13 00:00:00+05:30,1123.091976112128,1133.5093486820726,1122.1495003711111,1129.6400146484375,712776,0.0,0.0,1094.0845184326172,1049.2039838132587,65.91112933467826,29.145272005604056,-0.6893030244796634,29.83457503008372,27.06409280872647,64720717.0,0.005830367125386583
2021-08-16 00:00:00+05:30,1123.0918830152516,1135.493515999077,1119.4705819620349,1130.135986328125,479277,0.0,0.0,1098.4920501708984,1052.3777878334495,66.02896319549183,28.18262618229687,-1.3215590782294804,29.504185260526352,26.275438610748946,65199994.0,0.0062720632384605565
2021-08-17 00:00:00+05:30,1129.0446425786138,1142.7360935423376,1114.7084036013482,1125.869873046875,1991904,0.0,0.0,1103.3013946533204,1055.2598303908387,63.980330218994375,26.76693023354005,-2.1898040215890404,28.956734255129092,26.400599420051844,63208090.0,-0.0028119078838972664
2021-08-18 00:00:00+05:30,1126.068291874756,1137.3786055481248,1091.542096684408,1105.283203125,3428721,0.0,0.0,1108.2273223876953,1057.2215312823746,55.09664367602976,23.710489023697164,-4.196996185145544,27.907485208842708,27.788878666028026,59779369.0,-0.018458106759361343
2021-08-20 00:00:00+05:30,1105.2832320034306,1124.5801252769172,1091.8398128515637,1116.4447021484375,2127671,0.0,0.0,1113.153253173828,1059.5440085712398,58.464024764524744,21.93601233952245,-4.77717829545621,26.71319063497866,28.142552505979875,61907040.0,0.010098289580287639
2021-08-23 00:00:00+05:30,1118.131314420327,1131.971489433555,1109.7973922027063,1126.5147705078125,1251406,0.0,0.0,1117.369805908203,1062.1703129609093,61.28492753729927,21.099080078999123,-4.491288444783631,25.590368523782754,27.716234272041902,63158446.0,0.007497738395629937
2021-08-24 00:00:00+05:30,1131.029063022006,1156.7252738512027,1121.7526646656538,1151.2685546875,1211218,0.0,0.0,1121.5243591308595,1065.6643616560698,67.18468488322078,22.177579409686814,-2.730231291276752,24.907810700963566,28.234546765863865,64369664.0,0.01789475825794949
2021-08-25 00:00:00+05:30,1158.8086039111702,1162.4299050203324,1141.099095958611,1147.0518798828125,893931,0.0,0.0,1124.0542907714844,1068.8560290375108,65.35758102212377,22.433448651194112,-1.979489639815565,24.412938291009677,27.741422644139366,63475733.0,-0.01014552704275476
2021-08-26 00:00:00+05:30,1142.140830737884,1155.336217692119,1135.8408249191682,1142.7362060546875,823814,0.0,0.0,1124.9670471191407,1071.7532908813216,63.45551531968481,22.033993892283206,-1.9031555189811797,23.937149411264386,27.152420510482997,62651919.0,0.0005212801265662129
2021-08-27 00:00:00+05:30,1145.7125984529653,1183.264721804495,1136.2873566577746,1174.732421875,2469538,0.0,0.0,1127.7053344726562,1075.7916881751914,70.34597094604509,24.022335797408914,0.06814910891561965,23.954186688493294,28.568487984500027,65121457.0,0.025329060238335224
2021-08-30 00:00:00+05:30,1180.1394901767874,1189.5647320066987,1167.2914458104226,1171.40869140625,1690833,0.0,0.0,1131.77802734375,1079.5413745764095,68.89281608285295,25.041253824745127,0.8696537090014651,24.17160011574366,28.11883071391258,63430624.0,-0.0073981074637452255
2021-08-31 00:00:00+05:30,1171.4086534112844,1185.100105332426,1162.4299433619462,1182.66943359375,1719768,0.0,0.0,1135.9871459960937,1083.5856121849326,71.0730412482629,26.452473834626744,1.8246989751064646,24.62777485952028,27.729640089381643,65150392.0,0.009613024583413194
2021-09-01 00:00:00+05:30,1179.6433910602725,1213.1774568446394,1174.583548760424,1210.8955078125,1955177,0.0,0.0,1140.3922119140625,1088.578157111504,75.67516864135864,29.508330488484035,3.9044445031710033,25.60388598531303,28.5056592318698,67105569.0,0.02649285113540784
2021-09-02 00:00:00+05:30,1220.122402930212,1240.1633949487004,1214.5663740330765,1233.6153564453125,2468599,0.0,0.0,1145.6777954101562,1094.2658904187122,78.62323634784337,33.378652481576864,6.219813197011064,27.1588392845658,28.560104082179134,69574168.0,0.0110586884419925
2021-09-03 00:00:00+05:30,1237.1372681599885,1243.7846161947043,1216.3521794429143,1234.359375,1295336,0.0,0.0,1151.1047485351562,1099.7597525591548,78.71421516775096,36.08992444085152,7.144868125028573,28.945056315822946,28.47955641572276,70869504.0,-0.002245420319541484
2021-09-06 00:00:00+05:30,1235.2028123689151,1238.1792046878766,1223.7933084795638,1234.8555908203125,1166873,0.0,0.0,1155.7652893066406,1105.0576285693962,78.77908368927756,37.842443341153285,7.117909620264271,30.724533720889013,27.472866400907723,72036377.0,-0.00028110488830310665
2021-09-07 00:00:00+05:30,1235.2027702447024,1243.4870376946828,1218.5845803639002,1229.001953125,1164891,0.0,0.0,1160.8400512695312,1109.9181903166748,75.84279613909423,38.317289690867256,6.074204775982594,32.24308491488466,27.289265753041644,70871486.0,-0.005020080321285187
2021-09-08 00:00:00+05:30,1236.2446192892885,1237.1374401124915,1202.4128624634493,1210.44921875,1909087,0.0,0.0,1165.4261840820313,1113.8605835885699,67.28306371840229,36.772665830205824,3.623664732256927,33.1490010979489,27.820359459898842,68962399.0,-0.020865935541234674
2021-09-09 00:00:00+05:30,1167.7379188155392,1190.209705026583,1158.8087418662276,1163.9677734375,10115407,0.0,0.0,1167.3013122558593,1115.8255714257828,51.57725072977583,31.435507158545988,-1.37079515152233,32.80630231006832,29.521796418747005,58846992.0,-0.003228588639018674
2021-09-13 00:00:00+05:30,1169.7717196929202,1169.7717196929202,1144.273888703788,1155.9810791015625,2374250,0.0,0.0,1168.8440795898437,1117.4002972169899,49.44165150023749,26.258617971232752,-5.2381474710684515,31.496765442301204,29.23437031663165,56472742.0,-0.011789172501945876
2021-09-14 00:00:00+05:30,1160.7928492173646,1164.7613717787915,1148.9369365089806,1161.685791015625,1338821,0.0,0.0,1170.4463684082032,1119.136983248309,51.002242535176926,22.358483883476993,-7.31062524705937,29.669109130536363,28.27651781328729,57811563.0,0.0007692516359507421
2021-09-15 00:00:00+05:30,1161.685780928805,1166.745622928751,1156.328251295458,1163.2235107421875,1875092,0.0,0.0,1172.1007446289063,1120.8658666794415,51.437380012118574,19.17069283697265,-8.398733034850974,27.569425871823622,27.000864514716238,59686655.0,0.001323705462033931
2021-09-16 00:00:00+05:30,1164.9598125016653,1177.6591338293,1158.8086506424788,1175.57568359375,3028407,0.0,0.0,1174.58603515625,1123.0113496956888,54.90202088694647,17.44002483328927,-8.103520830827481,25.543545664116753,26.418694419866572,62715062.0,0.009112650048663839
2021-09-17 00:00:00+05:30,1193.5332335088492,1195.319117214839,1174.137029857072,1189.3663330078125,4143024,0.0,0.0,1178.7901916503906,1125.6135059040073,58.464872268843216,16.985450426587477,-6.846476190023424,23.8319266166109,26.044651058288018,66858086.0,-0.00349123123181623
2021-09-20 00:00:00+05:30,1180.4865531597547,1189.2668846211616,1164.761307598527,1168.2337646484375,2117784,0.0,0.0,1181.3796447753907,1127.2848885998671,51.72168063528516,14.749947071568158,-7.265583636034194,22.015530707602352,25.94182065478783,64740302.0,-0.010379439290113696
2021-09-21 00:00:00+05:30,1179.6433532218846,1186.5386128561308,1161.6858125209344,1175.2779541015625,2117913,0.0,0.0,1183.817803955078,1129.1669695999337,53.641088014976525,13.392323407097592,-6.898565840403808,20.2908892475014,25.864033489102727,66858215.0,-0.0037006092632990684
2021-09-22 00:00:00+05:30,1175.2780663250635,1194.07901676893,1168.4819948858146,1181.9254150390625,1399326,0.0,0.0,1185.3506469726562,1131.2359282446055,55.441432795677954,12.706320856932962,-6.067654712454754,18.773975569387716,25.844961231532196,68257541.0,0.0056559795545103415
2021-09-23 00:00:00+05:30,1214.3678645782086,1214.3678645782086,1189.0685340661626,1208.7127685546875,2659260,0.0,0.0,1188.43369140625,1134.274235707746,61.86789462396416,14.160935995720592,-3.6904316589337007,17.851367654654293,26.316210396361768,70916801.0,-0.0046568228528389875
2021-09-24 00:00:00+05:30,1209.4071808166868,1228.803382160453,1198.0968679472423,1212.4332275390625,1703375,0.0,0.0,1191.9185424804687,1137.339294210935,62.6731133713967,15.436002294143009,-1.9322922884090268,17.368294582552036,26.6298035261367,72620176.0,0.0025020909172477736
2021-09-27 00:00:00+05:30,1220.2711279792577,1223.2971751125915,1199.3371940545032,1213.177490234375,728019,0.0,0.0,1193.8407958984376,1140.3133411138149,62.8421528137186,16.318448386331966,-0.839876956976056,17.15832534330802,26.439101921276098,73348195.0,-0.005813165273056659
2021-09-28 00:00:00+05:30,1212.8798254484366,1219.4775190685232,1192.8388330137448,1200.77587890625,1588306,0.0,0.0,1195.3091552734375,1142.6844210272436,58.119110959922125,15.8345559778395,-1.0590154923748187,16.89357147021432,26.453357930811976,71759889.0,-0.009979510161042872
2021-09-29 00:00:00+05:30,1196.509615916038,1205.2404144594727,1187.382061983114,1196.4599609375,1623118,0.0,0.0,1195.998681640625,1144.7932657296067,56.5268819989575,14.930697461110867,-1.570299207282762,16.50099666839363,25.839428969779597,70136771.0,-4.149985748337318e-05
2021-09-30 00:00:00+05:30,1199.6349562434148,1209.4074201994576,1187.332510355784,1205.5380859375,1234882,0.0,0.0,1195.730810546875,1147.175415541681,59.06707655031891,14.776576714829389,-1.3795359628513921,16.15611267768078,25.57053474648631,71371653.0,0.004920771659214179
2021-10-01 00:00:00+05:30,1194.5253361640896,1207.9687552932055,1189.961559267795,1199.53564453125,830634,0.0,0.0,1194.0268249511719,1149.2287578549976,56.70766130521464,14.008605571063754,-1.7180056852936225,15.726611256357376,25.030296266409454,70541019.0,0.0041943927143895665
2021-10-04 00:00:00+05:30,1201.4702920910515,1230.2420827356764,1196.55929351111,1221.1640625,1664614,0.0,0.0,1193.3670593261718,1152.0497501940174,62.517556607794575,14.97262043233195,-0.6031926592203405,15.575813091552291,25.64833147770639,72205633.0,0.016391391895902163
2021-10-05 00:00:00+05:30,1221.3130094969054,1257.5257835396649,1217.3444863141372,1252.0194091796875,2282814,0.0,0.0,1194.2252502441406,1155.9701289777693,68.92468171634205,18.01866975469852,1.9542853305169814,16.06438442418154,26.686400459693633,74488447.0,0.025142121179427226
2021-10-06 00:00:00+05:30,1262.9824037673452,1263.8753456353122,1195.914391465585,1202.5120849609375,2630744,0.0,0.0,1192.9007568359375,1157.7953037222073,53.2086957779907,16.250532451299705,0.14891842169453184,16.101614029605173,29.634582867553203,71857703.0,-0.04787898756628044
2021-10-07 00:00:00+05:30,1217.344316228454,1224.487608515499,1197.7000807745308,1205.4884033203125,2674007,0.0,0.0,1192.6527160644532,1159.6656213535057,53.88940587546467,14.917475544811623,-0.9473107878348408,15.864786332646464,29.431221787082848,74531710.0,-0.009739161509270676
2021-10-08 00:00:00+05:30,1215.3105164770782,1219.3286944674176,1182.570201654113,1187.0347900390625,1661548,0.0,0.0,1193.8060668945313,1160.7389220862726,49.118219584737155,12.230974908519556,-2.9070491393015274,15.138024047821084,29.95459828895584,72870162.0,-0.02326625669296509
2021-10-11 00:00:00+05:30,1190.5071368682911,1208.9112090527774,1190.5071368682911,1196.6087646484375,822914,0.0,0.0,1195.837451171875,1162.1455825789067,51.51656588443169,10.75051825452556,-3.51000463463642,14.26052288916198,29.377585483581484,73693076.0,0.0051252341050194074
2021-10-12 00:00:00+05:30,1199.485979408575,1205.438763425491,1188.721385866592,1201.0733642578125,815338,0.0,0.0,1197.8068298339845,1163.6721622525895,52.637699337414865,9.824253685283566,-3.549015363102731,13.373269048386296,28.47328491753273,74508414.0,0.0013233875814205914
2021-10-13 00:00:00+05:30,1201.0733426631884,1209.0600428528346,1175.079568033889,1182.3717041015625,1281752,0.0,0.0,1198.7642395019532,1164.405477619216,47.665480439015994,7.494720193381454,-4.702839084003875,12.197559277385329,28.866655624776506,73226662.0,-0.015570771490238925
2021-10-14 00:00:00+05:30,1183.56225122974,1189.4655014663383,1164.5630455157586,1176.2205810546875,2080766,0.0,0.0,1198.796484375,1164.8688150088424,46.12227756602127,5.093489320563322,-5.683255965457606,10.776745286020928,28.583498505191017,71145896.0,-0.006203028330300667
2021-10-18 00:00:00+05:30,1210.39943863011,1210.39943863011,1176.2205848930018,1183.1158447265625,934860,0.0,0.0,1198.4839599609375,1165.5843848016941,48.14883408951668,3.7041871425158206,-5.658046514804086,9.362233657319907,28.983167010207545,72080756.0,-0.022540983606557246
2021-10-19 00:00:00+05:30,1184.1080045888498,1206.3317567561537,1177.2127445853987,1184.058349609375,1313098,0.0,0.0,1199.2751892089843,1166.3088540098386,48.43434809674315,2.648675145893776,-5.370846809140906,8.019521955034682,28.992870235960936,73393854.0,-4.193450198997859e-05
2021-10-20 00:00:00+05:30,1189.5646875,1193.5332102272728,1146.803879335577,1159.552734375,2063277,0.0,0.0,1198.4889282226563,1166.0439081418058,41.96419606555557,-0.16334116811526656,-6.546290498519959,6.382949330404692,30.259760282799146,71330577.0,-0.02522935779816513
2021-10-21 00:00:00+05:30,1160.7929395453205,1175.1291799701812,1129.0944115631578,1149.18505859375,1985866,0.0,0.0,1196.8519104003906,1165.3827767869802,39.55661652290375,-3.1916774745398016,-7.659701443955595,4.4680239694157935,31.386546577386596,69344711.0,-0.009999958266559777
2021-10-22 00:00:00+05:30,1158.808767727754,1162.5789131899328,1132.7156793941072,1158.0150146484375,1112991,0.0,0.0,1194.3170227050782,1165.09384493841,42.578238073602364,-4.823549283193188,-7.433258602087185,2.609709318893997,31.277738521560813,70457702.0,-0.0006849733117509374
2021-10-25 00:00:00+05:30,1148.490530710133,1157.76692899045,1117.4369109352424,1120.81005859375,1843700,0.0,0.0,1189.7358642578124,1163.3572258660704,34.70563679044503,-9.015028826720709,-9.299790516491765,0.2847616897710561,31.942050320963265,68614002.0,-0.024101611094057254
2021-10-26 00:00:00+05:30,1126.0684112394044,1169.0277215393826,1125.0762804806031,1162.826904296875,1572647,0.0,0.0,1187.2183349609375,1163.3364289417882,46.69296578632573,-8.844445007563309,-7.3033653578674915,-1.5410796496958168,33.10459407986822,70186649.0,0.03264321482654186
2021-10-27 00:00:00+05:30,1166.1504311504293,1192.59073812262,1166.0512423038886,1176.6669921875,1916766,0.0,0.0,1186.012890625,1163.8591961278946,49.95231443009415,-7.50595272483929,-4.7718984601147785,-2.734054264724511,32.86596834743085,72103415.0,0.009018185609806707
2021-10-28 00:00:00+05:30,1200.478078227712,1212.1356132848816,1148.9864736255918,1157.9156494140625,3565017,0.0,0.0,1184.085675048828,1163.626115864607,45.86095530045168,-7.867572123722084,-4.106814287198058,-3.760757836524026,35.029052012563646,68538398.0,-0.035454565631456846
2021-10-29 00:00:00+05:30,1157.9157448471017,1170.714255420676,1133.1124767237825,1136.535400390625,1518940,0.0,0.0,1180.6355407714843,1162.5637348656273,41.670109347119244,-9.76678015464563,-4.8048178544972835,-4.961962300148347,35.21281820430149,67019458.0,-0.018464507933001525
2021-11-01 00:00:00+05:30,1138.966008870992,1163.8189305920662,1129.5904224857516,1154.1951904296875,972538,0.0,0.0,1178.3685180664063,1162.2355566524534,46.05507927695398,-9.734703136957933,-3.8181926694476687,-5.916510467510264,35.14251034015957,67991996.0,0.013371058872767858
2021-11-02 00:00:00+05:30,1154.1950761582646,1163.0250624667488,1146.208497723325,1156.8739013671875,1159884,0.0,0.0,1175.1540100097657,1162.0252956608742,46.709489888747385,-9.384948439915433,-2.7747503779241356,-6.610198061991298,33.833514226107,69151880.0,0.0023209466616678073
2021-11-03 00:00:00+05:30,1160.7928833052183,1188.9694185407209,1157.8164912967434,1169.523681640625,1941052,0.0,0.0,1171.0292236328125,1162.3193500130214,49.806140307706826,-7.994873844181484,-1.1077406257521485,-6.8871332184293355,33.7093715794946,71092932.0,0.007521409254807618
2021-11-04 00:00:00+05:30,1180.5859855606109,1180.5859855606109,1163.323006695891,1172.4505615234375,119047,0.0,0.0,1169.5261474609374,1162.7166524251948,50.52254147969916,-6.581191092266181,0.24475370093052362,-6.8259447931967046,32.534629242724975,71211979.0,-0.00689100509126424
2021-11-08 00:00:00+05:30,1173.690530387948,1192.6402011198634,1168.084968129921,1191.20166015625,1361707,0.0,0.0,1168.8118103027343,1163.8337115519028,54.957919497644774,-3.9027914259852423,2.3385226937691703,-6.241314119754413,31.96467236752622,72573686.0,0.014919716326341939
2021-11-09 00:00:00+05:30,1202.462376559588,1202.462376559588,1183.0166395764393,1197.749755859375,1521269,0.0,0.0,1169.34755859375,1165.163752505137,56.42689563830764,-1.2374986806330526,4.003052351297089,-5.240551031930141,31.07046269721354,74094955.0,-0.003919141914191445
2021-11-10 00:00:00+05:30,1187.6796127381142,1195.3190916394983,1171.7559879908465,1174.4346923828125,842679,0.0,0.0,1168.2388549804687,1165.5273187748498,50.154769218955536,-0.99509491325216,3.3963648949423852,-4.391459808194545,30.707841638021748,73252276.0,-0.011151930380253344
2021-11-11 00:00:00+05:30,1168.72988819536,1182.7189059289,1141.049419253004,1144.125,1271079,0.0,0.0,1165.3914367675782,1164.6880121562283,43.40084154190934,-3.211704517343378,0.9438042326809342,-4.155508750024312,31.490816283584195,71981197.0,-0.02105267302896864
2021-11-12 00:00:00+05:30,1144.918862465546,1167.7378692564537,1138.569201571352,1165.6544189453125,1281030,0.0,0.0,1164.5555725097656,1164.7259104616826,48.68663433071702,-3.194317316736715,0.7689531466300781,-3.963270463366793,31.324948526549722,73262227.0,0.018110939700227445
2021-11-15 00:00:00+05:30,1167.9361260542564,1170.218074941004,1146.4069398849767,1150.7723388671875,662558,0.0,0.0,1163.2831604003907,1164.178711575624,45.521904810849314,-4.331466868741472,-0.2945571242997431,-4.036909744441729,30.788247564369545,72599669.0,-0.014695826941371259
2021-11-16 00:00:00+05:30,1160.6936678947802,1164.9102231436132,1141.5951529441843,1143.9266357421875,694696,0.0,0.0,1161.3236999511719,1163.3845125233324,44.10179407828592,-5.71913053491312,-1.3457766323771123,-4.3733539025360075,30.254449181159497,71904973.0,-0.014445699684916944
2021-11-17 00:00:00+05:30,1140.95021130956,1187.530695405668,1140.95021130956,1177.857421875,2862829,0.0,0.0,1161.013653564453,1163.9520775959468,52.08116380913386,-4.034426758100835,0.27114171554813815,-4.305568473648973,31.42059453222725,74767802.0,0.0323477836277173
2021-11-18 00:00:00+05:30,1180.635436853801,1195.517396141874,1169.2259347329448,1172.748046875,1527355,0.0,0.0,1161.6734191894532,1164.2970175676744,50.90282244420451,-3.076111243412015,0.9835657841895671,-4.059677027601582,31.054227880563108,73240447.0,-0.006680631236869789
2021-11-22 00:00:00+05:30,1172.7482684653698,1180.2884383741005,1128.2015710240494,1141.5953369140625,772737,0.0,0.0,1161.2939331054688,1163.4067555812583,44.318801721430965,-4.77535531005924,-0.5725426259661255,-4.202812684093114,32.55655927124082,72467710.0,-0.02656403969120613
2021-11-23 00:00:00+05:30,1134.6007326457425,1150.0779485489622,1122.64562944566,1144.4228515625,820238,0.0,0.0,1160.614324951172,1162.6622887569931,45.01397862890889,-5.826695158866869,-1.2991059798190037,-4.527589179047865,32.190542116388066,73287948.0,0.008656894565768175
2021-11-24 00:00:00+05:30,1150.1274531019233,1172.0535161894963,1142.934505907626,1154.592041015625,1136850,0.0,0.0,1162.3034240722657,1162.34580845341,47.55025348445201,-5.772775993907089,-0.996149451887379,-4.77662654201971,31.97114698535108,74424798.0,0.003881820142333466
2021-11-25 00:00:00+05:30,1148.6393815304195,1164.7615062981754,1143.430695066991,1150.3756103515625,768462,0.0,0.0,1161.680859375,1161.8763889200043,46.59066238164759,-6.001098456169757,-0.9795775313200368,-5.02152092484972,31.211123002910607,73656336.0,0.0015115525804362106
2021-11-26 00:00:00+05:30,1144.9188722424296,1144.9188722424296,1096.5524987399874,1121.4549560546875,2315515,0.0,0.0,1158.9202575683594,1160.2912346899918,40.5465186683931,-8.418655731411945,-2.7177078452497803,-5.700947886162165,32.826265046386645,71340821.0,-0.0204939552981478
2021-11-29 00:00:00+05:30,1103.2491835121011,1138.8170398917005,1095.0641063862245,1127.308349609375,1120859,0.0,0.0,1157.389892578125,1158.9977882162423,42.181405595222266,-9.74987683749373,-3.2391431610652512,-6.510733676428479,33.606741364893026,72461680.0,0.02180755395683461
2021-11-30 00:00:00+05:30,1126.0684893785,1158.709617830006,1125.2252023969447,1151.41748046875,2253521,0.0,0.0,1158.1339965820312,1158.7005212457523,48.46710340161663,-8.758511118861406,-1.7982219539463413,-6.960289164915065,33.598003798333615,74715201.0,0.02251105623623349
2021-12-01 00:00:00+05:30,1151.6652931907472,1170.1684327042035,1146.406952364754,1155.683349609375,1239348,0.0,0.0,1158.2084045410156,1158.5822007894237,49.51297036887894,-7.541690739839169,-0.46512125993928244,-7.076569479899886,32.89539497984189,75954549.0,0.0034889098789245994
2021-12-02 00:00:00+05:30,1161.437829315511,1180.6355341573897,1147.9448760042246,1178.700927734375,1030248,0.0,0.0,1159.299755859375,1159.3711704735395,54.83887542818019,-4.6662361680712365,1.9282666494629206,-6.594502817534157,32.880770920793545,76984797.0,0.014863557896196639
2021-12-03 00:00:00+05:30,1167.7378733224296,1178.7009663714216,1154.542486123076,1156.7747802734375,1327943,0.0,0.0,1158.6623107910157,1159.2693512500061,49.48381736960366,-4.109305048406895,1.9881582153018105,-6.097463263708706,32.25775015847583,75656854.0,-0.009388316761363601
2021-12-06 00:00:00+05:30,1156.774667297569,1169.7220205490516,1135.9895789047196,1139.4620361328125,936271,0.0,0.0,1157.0128845214845,1158.49259379443,45.68993027335596,-5.007206922583919,0.8722050728998303,-5.879411995483749,32.363085264608415,74720583.0,-0.014966295212188513
2021-12-07 00:00:00+05:30,1147.895215094489,1153.3022789429713,1130.0368625692506,1150.0283203125,2090791,0.0,0.0,1154.9542175292968,1158.160661501021,48.29543094354644,-4.810734645310731,0.8549418801384139,-5.665676525449145,31.713251772402145,76811374.0,0.0018582752066227664
2021-12-08 00:00:00+05:30,1155.8322867678494,1163.7693325138948,1149.482625949072,1160.296875,2315306,0.0,0.0,1153.0815734863281,1158.2444345794124,50.767358199730815,-3.782836223426557,1.5062722416180705,-5.289108465044627,30.468498543289343,79126680.0,0.003862660944206118
2021-12-09 00:00:00+05:30,1170.7140748171678,1175.625072704093,1144.025738211686,1152.2108154296875,1136171,0.0,0.0,1151.9703796386718,1158.007822063737,48.789279932628595,-3.5794352463808536,1.3677385749310194,-4.947173821311873,30.54927253965489,77990509.0,-0.01580510543564616
2021-12-10 00:00:00+05:30,1151.8637923309398,1168.5316372529974,1147.69689165528,1166.348876953125,949040,0.0,0.0,1153.0815734863281,1158.3349222554775,52.28961367329978,-2.2514616500009197,2.1565697370487626,-4.408031387049682,29.85537775808792,78939549.0,0.012575345035260522
2021-12-13 00:00:00+05:30,1172.6984577879912,1195.1702417974932,1168.729935088201,1177.3118896484375,2187282,0.0,0.0,1153.6644470214844,1159.0791170552016,54.86581000676115,-0.31082649024801867,3.277763917441331,-3.58859040768935,29.781519692822226,81126831.0,0.003934030807159444
2021-12-14 00:00:00+05:30,1169.722003528541,1183.5126433985265,1168.8787167216426,1179.1968994140625,1171502,0.0,0.0,1155.085675048828,1159.8680496967256,55.31261634360753,1.363527493599804,3.9616943210313234,-2.5981668274315193,28.699548763112347,82298333.0,0.008100126232506324
2021-12-15 00:00:00+05:30,1179.1970132718582,1181.280463557627,1153.153581925483,1165.4063720703125,857540,0.0,0.0,1156.1596618652343,1160.0852388094152,51.31065249484984,1.5597054706900053,3.32629783849722,-1.7665923678072146,28.65864396804318,81440793.0,-0.011694942445013047
2021-12-16 00:00:00+05:30,1169.225872443976,1177.6093272857618,1151.0203007733833,1154.6416015625,993629,0.0,0.0,1154.9988708496094,1159.871762838948,48.36878745546662,0.8369036119959219,2.082796783842509,-1.2458931718465875,28.510814149781414,80447164.0,-0.012473441808973288
2021-12-17 00:00:00+05:30,1146.90306919935,1152.8061983175246,1128.0525862280804,1133.5589599609375,982598,0.0,0.0,1153.0394165039063,1158.839888216281,43.15073608827424,-1.4207376712879523,-0.1398755995530916,-1.2808620717348607,28.373542805827,79464566.0,-0.011634905858023419
2021-12-20 00:00:00+05:30,1130.5331292900012,1133.5591768952206,1091.939214125203,1116.8416748046875,1341693,0.0,0.0,1151.8017333984376,1157.1928994550422,39.51087196313009,-4.506926806880301,-2.5808517881163526,-1.9260750187639488,29.31971566041204,78122873.0,-0.012110617663997335
2021-12-21 00:00:00+05:30,1126.6636277820223,1132.4675683049056,1108.904463571642,1126.31640625,878721,0.0,0.0,1150.8964111328125,1155.982056584256,42.47268026067153,-6.117701235916229,-3.353300973721824,-2.764400262194405,28.908529165615718,79001594.0,-0.0003081856229848124
2021-12-22 00:00:00+05:30,1130.384007949336,1130.929728239174,1110.1445188954362,1115.4525146484375,846447,0.0,0.0,1148.939434814453,1154.3926627828514,40.05110841318016,-8.176621828181396,-4.329777252789593,-3.8468445753918035,28.328292035481574,78155147.0,-0.01320922199526344
2021-12-23 00:00:00+05:30,1125.076026233431,1125.076026233431,1107.3665204128051,1116.59326171875,1026376,0.0,0.0,1147.2503173828125,1152.9103333293574,40.435139552916304,-9.605555610492956,-4.606968828080922,-4.998586782412034,27.569807305849032,79181523.0,-0.007539725597993577
2021-12-24 00:00:00+05:30,1121.9014513063364,1144.5716137269555,1117.139175471457,1139.1644287109375,1930715,0.0,0.0,1148.135791015625,1152.3712782462821,47.58924061604225,-8.815076670072813,-3.0531919101286222,-5.7618847599441905,27.59898907030307,81112238.0,0.015387249374265595
2021-12-27 00:00:00+05:30,1138.9659783159327,1155.8818542252184,1126.4155014583691,1152.80615234375,798129,0.0,0.0,1149.4106811523438,1152.3883321324574,51.38935153659208,-7.0070701828517485,-0.9961483383260461,-6.010921844525702,27.732372191484938,81910367.0,0.012151525411041048
2021-12-28 00:00:00+05:30,1156.1298737068985,1173.1944721303703,1152.4589177033365,1168.3330078125,776910,0.0,0.0,1150.2564575195313,1153.013613531675,55.35695765439169,-4.272078679027572,1.3910745323985045,-5.663153211426077,27.23259949402414,82687277.0,0.010555158536362892
2021-12-29 00:00:00+05:30,1168.3331233985548,1182.818207834272,1157.8165618827438,1176.31982421875,1400668,0.0,0.0,1151.28828125,1153.927582578227,57.28812814221611,-1.4434694549743199,3.375747005161406,-4.819216460135726,27.07324566956014,84087945.0,0.0068359791058245105
2021-12-30 00:00:00+05:30,1174.583672416759,1193.235658696839,1171.6072800317734,1185.794677734375,1335116,0.0,0.0,1151.64296875,1155.1772725843505,59.52498082162216,1.544955937823488,5.091337918367371,-3.546381980543883,26.684326597810532,85423061.0,0.009544662999229974
2021-12-31 00:00:00+05:30,1189.564648784523,1195.467777705337,1177.7582698331953,1186.5882568359375,843128,0.0,0.0,1153.133642578125,1156.4090758883342,59.715277651440346,3.932013983726165,5.9827167714160385,-2.0507027876898736,26.04326811740562,86266189.0,-0.0025020850708926284
2022-01-03 00:00:00+05:30,1186.588237787796,1204.8929995338713,1186.588237787796,1199.8828125,925281,0.0,0.0,1156.1546813964844,1158.1139283044781,62.865160014623356,6.817941235242188,7.094915218345649,-0.2769739831034612,25.49051766231059,87191470.0,0.011204033791022189
2022-01-04 00:00:00+05:30,1196.807233491015,1217.3442891924367,1196.0134805391056,1210.99462890625,1409464,0.0,0.0,1159.2029968261718,1160.1876812692535,65.30686620804009,9.887710718435756,8.131747761231374,1.7559629572043822,25.19339559024063,88600934.0,0.011854369708186988
2022-01-05 00:00:00+05:30,1205.4388006777938,1215.360107679257,1204.198637302611,1210.2506103515625,378090,0.0,0.0,1161.70068359375,1162.1509333901283,64.9986894793613,12.120768397846632,8.291844352513799,3.8289240453328324,24.19111521784102,88222844.0,0.003991749453446445
2022-01-06 00:00:00+05:30,1199.2876839947369,1218.7829560998334,1192.689990368085,1196.11279296875,1387627,0.0,0.0,1163.8957824707031,1163.4827710206625,59.27476227371376,12.604383501914754,7.020367565265536,5.584015936649218,24.326961683120114,86835217.0,-0.0026473139584086763
2022-01-07 00:00:00+05:30,1198.493893426222,1209.655363874107,1196.5096320132648,1207.8199462890625,1050768,0.0,0.0,1165.9693359375,1165.2214837762863,62.240098708336696,13.77354849501944,6.551626046696178,7.221922448323262,23.556648056137035,87885985.0,0.00778147716395901
2022-01-10 00:00:00+05:30,1209.407239223553,1230.9364254729896,1203.75214307057,1219.427734375,1379165,0.0,0.0,1168.075128173828,1167.3472190938828,64.9640951277953,15.458574835560512,6.589321909789799,8.869252925770713,23.81576479515723,89265150.0,0.00828545987361562
2022-01-11 00:00:00+05:30,1221.1145760677105,1230.1924755463365,1214.4672273740323,1223.694091796875,985871,0.0,0.0,1170.2999877929688,1169.556900376353,65.93674008462548,16.942922277495427,6.458935481379772,10.483986796115655,23.237870750667724,90251021.0,0.0021124272690865886
2022-01-12 00:00:00+05:30,1230.241941322422,1245.5207767511065,1221.4616097534704,1239.5679931640625,1371034,0.0,0.0,1174.0080688476562,1172.3024334268514,69.34655930311335,19.179084943316866,6.956078517760968,12.223006425555898,23.296534768308323,91622055.0,0.007580664850050271
2022-01-13 00:00:00+05:30,1245.1239648462313,1251.0767487419105,1236.1947890027125,1248.7947998046875,933511,0.0,0.0,1178.7157287597656,1175.3021340691193,71.15407485802422,21.448540724699114,7.380427439314573,14.068113285384541,22.69549369480044,92555566.0,0.002948168264442297
2022-01-14 00:00:00+05:30,1249.092594912906,1262.2383271468982,1244.628006607022,1253.6563720703125,895522,0.0,0.0,1184.7205993652344,1178.3748492848524,72.08798275716245,23.369994287146028,7.441504801409188,15.92848948573684,22.332267040877287,93451088.0,0.003653674015836081
2022-01-17 00:00:00+05:30,1246.4138572368122,1283.0730384633102,1246.4138572368122,1277.814697265625,1427239,0.0,0.0,1192.7692504882812,1182.2744511664514,76.20982991923134,26.53624174581546,8.486201808062894,18.050039937752565,23.355618054135913,94878327.0,0.025192948430809055
2022-01-18 00:00:00+05:30,1277.8147651050228,1282.8250738916397,1253.1603399176788,1255.9383544921875,869578,0.0,0.0,1199.2503479003906,1185.1632316890293,66.61639051202891,26.96939127998826,7.135481073788554,19.833910206199704,23.806269191266267,94008749.0,-0.017120173604377887
2022-01-19 00:00:00+05:30,1253.0609686501014,1262.089333038389,1230.8372186183744,1238.2781982421875,625670,0.0,0.0,1205.3916320800781,1187.246171553859,60.045171533398324,25.59262256710349,4.606969888723029,20.98565267838046,24.338115279034003,93383079.0,-0.011797327327048622
2022-01-20 00:00:00+05:30,1238.1792576051275,1245.769082564795,1221.2633787588625,1228.952392578125,716954,0.0,0.0,1211.009588623047,1188.881709633242,56.855723465114636,23.478364889310342,1.9941697687439017,21.48419512056644,24.35008588809819,92666125.0,-0.00745196220202318
2022-01-21 00:00:00+05:30,1215.3599728634251,1253.2593129610857,1191.548838701203,1230.8868408203125,2421446,0.0,0.0,1215.5957092285157,1190.5289696797938,57.36165669376678,21.708650444384148,0.17956425905416395,21.529086185329984,27.018685057511366,95087571.0,0.012775530133928632
2022-01-24 00:00:00+05:30,1230.2420679209183,1230.2420679209183,1195.6663372500818,1215.360107421875,1073781,0.0,0.0,1218.723406982422,1191.5027397873266,52.08244539006611,18.83613019000086,-2.1543647962633017,20.99049498626416,27.60452923699132,94013790.0,-0.012096774193548347
2022-01-25 00:00:00+05:30,1202.561524385107,1223.1978901386358,1200.7261069232557,1218.33642578125,1083251,0.0,0.0,1221.2235778808595,1192.5550411988531,52.97585826685347,16.608350484437096,-3.5057156014616524,20.11406608589875,27.237904521161948,95097041.0,0.01311774996643846
2022-01-27 00:00:00+05:30,1209.4072482753847,1212.2844513488403,1192.3921836039597,1202.1151123046875,1793456,0.0,0.0,1222.5133422851563,1192.9299459481017,47.750383637055144,13.379662170159236,-5.38752313259161,18.767185302750846,27.14550006802826,93303585.0,-0.006029512375666538
2022-01-28 00:00:00+05:30,1200.478165661624,1228.0097930146076,1191.5489892228186,1196.063232421875,635096,0.0,0.0,1223.0267700195313,1193.0528199274654,45.93012002171777,10.214817236182625,-6.841894453254575,17.0567116894372,27.81087890543974,92668489.0,-0.0036776455965908746
2022-01-31 00:00:00+05:30,1200.4780078441745,1228.6545406799758,1196.5591404773195,1223.5450439453125,1771932,0.0,0.0,1224.874609375,1194.2485934183615,54.426097994944186,9.811110959453117,-5.796480583987266,15.607591543440384,28.152338144915525,94440421.0,0.0192148760330578
2022-02-01 00:00:00+05:30,1240.1633900573402,1240.1633900573402,1193.1363700844247,1205.38916015625,1593083,0.0,0.0,1225.1499267578124,1194.6854783884748,48.953444532648625,7.934676725742975,-6.1383318541579275,14.073008579900902,29.50052970405838,92847338.0,-0.02804003906249994
2022-02-02 00:00:00+05:30,1207.125388584553,1217.890103695182,1201.5199469507347,1210.4986572265625,937000,0.0,0.0,1225.1251281738282,1195.3056030487921,50.463056734473795,6.781707485844208,-5.833040875245356,12.614748361089564,28.562645921229016,93784338.0,0.0027944641657854804
2022-02-03 00:00:00+05:30,1208.464882335761,1210.3994888125212,1166.348860243632,1175.873291015625,1236574,0.0,0.0,1223.4062622070312,1194.5435515965112,41.505229547491474,3.0389621159813487,-7.660628996086572,10.699591112067921,29.676013854207685,92547764.0,-0.02696941532727206
2022-02-04 00:00:00+05:30,1184.6040288307152,1184.6040288307152,1155.9810830093004,1162.8763427734375,856452,0.0,0.0,1221.7444396972655,1193.301700270116,38.72636392657805,-0.96481388389725,-9.331523996772138,8.366710112874888,29.600794709008188,91691312.0,-0.018341728990002134
2022-02-07 00:00:00+05:30,1152.6575340856832,1162.4795314549774,1122.9928009459502,1134.99755859375,1519928,0.0,0.0,1218.1033203125,1191.0152633416312,33.5391526662621,-6.314628987778406,-11.745071280522634,5.430442292744229,30.335276646042413,90171384.0,-0.015321094921694626
2022-02-08 00:00:00+05:30,1135.9896430979904,1139.9581658686384,1108.5572052239454,1122.2486572265625,1511667,0.0,0.0,1213.244366455078,1188.31853369006,31.463665086179883,-11.451124360705535,-13.505253322759811,2.0541289620542766,30.41139693166031,88659717.0,-0.01209604854667028
2022-02-09 00:00:00+05:30,1123.0921477457491,1131.8229478682283,1109.2023155298125,1116.8416748046875,1741687,0.0,0.0,1207.9017456054687,1185.5155196161238,30.598817503682326,-15.776273186701701,-14.264321719004782,-1.5119514676969188,29.85491374642856,86918030.0,-0.005565414159120831
2022-02-10 00:00:00+05:30,1116.1470802165688,1140.950348665826,1099.280857671074,1137.2298583984375,2030639,0.0,0.0,1202.7848388671875,1183.6219642742537,37.56747942416977,-17.358728154727487,-12.677421349624455,-4.681306805103032,30.698812121308798,88948669.0,0.018888888888889014
2022-02-11 00:00:00+05:30,1135.840750206609,1135.840750206609,1115.1548503801273,1124.3817138671875,1942394,0.0,0.0,1196.5641845703126,1181.2988171994668,35.17079283975233,-19.425646247215354,-11.795471553689858,-7.630174693525497,30.082826113951754,87006275.0,-0.010088594142565476
2022-02-14 00:00:00+05:30,1116.1470772941211,1118.1313387648663,1081.422501556082,1087.6729736328125,2448602,0.0,0.0,1188.2650146484375,1177.6272154909707,29.39972470109565,-23.751984187408652,-12.897447595106524,-10.854536592302129,31.002567985177027,84557673.0,-0.025511067708333276
2022-02-15 00:00:00+05:30,1087.3753566083865,1114.8077974454957,1077.652426326213,1111.1368408203125,1245681,0.0,0.0,1179.9311218261719,1175.0197498176115,36.56477617128446,-24.99912582716229,-11.315671387888127,-13.683454439274161,31.44205392332744,85803354.0,0.021852145229812867
2022-02-16 00:00:00+05:30,1119.1233982181204,1122.5958555707475,1093.3280007414617,1113.3194580078125,1294606,0.0,0.0,1172.8001770019532,1172.6001305309528,37.20320583194183,-25.517228865263633,-9.467019540791576,-16.050209324472057,31.286753988038754,87097960.0,-0.005186148569093471
2022-02-17 00:00:00+05:30,1119.1234901608411,1123.935300094289,1103.1502092483954,1117.4864501953125,1182862,0.0,0.0,1166.7605895996094,1170.4388097334768,38.4762836151428,-25.299945784827287,-7.399789168284183,-17.900156616543104,30.536635192171243,88280822.0,-0.0014627876011192944
2022-02-18 00:00:00+05:30,1115.948699675685,1151.7645950034123,1102.604468618085,1141.4464111328125,1734791,0.0,0.0,1162.3852905273438,1169.3018529256076,45.338257218325744,-22.9300553674218,-4.023919000702957,-18.906136366718844,31.866884563110954,90015613.0,0.022848461998779674
2022-02-21 00:00:00+05:30,1135.9896521810972,1141.446371034369,1114.1627767680106,1125.8203125,1020384,0.0,0.0,1157.1319641113282,1167.5966944775446,42.044688284477544,-22.05851883027799,-2.5219059708473175,-19.536612859430672,31.539509548946018,88995229.0,-0.00895196506550222
2022-02-22 00:00:00+05:30,1097.296563403719,1117.6352429243125,1087.4744451693937,1092.2862548828125,2115917,0.0,0.0,1150.978271484375,1164.643343905202,36.0005868508825,-23.7993934463625,-3.4102244695454615,-20.38916897681704,32.02567796192175,86879312.0,-0.004566047765031587
2022-02-23 00:00:00+05:30,1099.2807726876276,1106.1760323395772,1090.0539090939328,1093.0799560546875,1743770,0.0,0.0,1144.7154479980468,1161.8369365385151,36.23423576927287,-24.828793198001677,-3.5516993769477097,-21.277093821053967,30.889709767901937,88623082.0,-0.005640794223826709
2022-02-24 00:00:00+05:30,1069.5169347960157,1082.910699749398,1032.510409851305,1045.9041748046875,2088599,0.0,0.0,1136.9049011230468,1157.290553725424,29.370687932273892,-29.115663949878126,-6.270856103059323,-22.844807846818803,33.00969808472198,86534483.0,-0.02207796737302877
2022-02-25 00:00:00+05:30,1051.658489906013,1069.2191539822622,1040.745052746611,1047.2930908203125,1415912,0.0,0.0,1129.4663940429687,1152.976927729145,29.792341342669914,-32.03172421349359,-7.349533093339829,-24.68219112015376,32.68572688121693,87950395.0,-0.0041509664283608935
2022-02-28 00:00:00+05:30,1040.745091654347,1054.43654359187,1008.8480658149736,1051.807373046875,1566146,0.0,0.0,1120.8795104980468,1149.0094942121934,31.229388214298147,-33.591239237130594,-7.127238493581466,-26.46400074354913,33.60735194519405,89516541.0,0.010629193912357076
2022-03-02 00:00:00+05:30,1051.6585741939566,1116.1470716681142,1047.739706252872,1112.327392578125,3762611,0.0,0.0,1116.2264221191406,1147.5709804226221,46.91644529260581,-29.602467521109475,-2.510773422048274,-27.0916940990612,36.09306719305462,93279152.0,0.057688702277417354
2022-03-03 00:00:00+05:30,1111.2854891495745,1117.8831820295982,1066.6892659873015,1072.7908935546875,1105747,0.0,0.0,1109.3410339355469,1144.6384279964288,40.42846303487128,-29.29392017257942,-1.7617808588145714,-27.532139313764848,37.17169925371477,92173405.0,-0.03463969967280455
2022-03-04 00:00:00+05:30,1063.0679695042988,1068.921564440261,1041.4891283127745,1049.029296875,1586668,0.0,0.0,1102.9988342285155,1140.8890503053924,37.107189044183684,-30.613858934674226,-2.4653756967275022,-28.148483237946724,36.75241825287179,90586737.0,-0.013205809065853972
2022-03-07 00:00:00+05:30,1018.5213346772272,1040.5467084998395,1014.9496884413096,1020.8032836914062,852067,0.0,0.0,1095.895181274414,1136.1798045558244,33.57832368906964,-33.55077088048051,-4.32183011402703,-29.228940766453483,36.56150326578741,89734670.0,0.0022404528373499745
2022-03-08 00:00:00+05:30,1001.059872595944,1031.5678915080605,995.6031537661344,1023.8292236328124,1580056,0.0,0.0,1090.3367645263672,1131.7738994215886,34.299663780540484,-35.22803977853005,-4.799279209661247,-30.4287605688688,36.51887715694017,91314726.0,0.022745243976090127
2022-03-09 00:00:00+05:30,1027.649006309617,1033.750513101016,1012.7669855616922,1017.13232421875,1409037,0.0,0.0,1085.0809478759766,1127.2781513744185,33.43425743323827,-36.67490579403784,-4.99691618013523,-31.67798961390261,35.409209327110425,89905689.0,-0.010233729635601447
2022-03-10 00:00:00+05:30,1030.8238936016116,1048.7814367273,1027.897156207072,1041.7869873046875,1580932,0.0,0.0,1081.3282135009765,1123.9255567050175,39.487464662248385,-35.42378888430062,-2.996639416318409,-32.42714946798221,35.14063098292753,91486621.0,0.010635273174326346
2022-03-11 00:00:00+05:30,1041.7370565105398,1057.7103338217646,1033.4527908068926,1050.170166015625,698477,0.0,0.0,1076.9752288818358,1121.0331884426885,41.43752704330729,-33.371135580536475,-0.7551888900434065,-32.61594669049307,34.36326755663785,92185098.0,0.00809523809523799
2022-03-14 00:00:00+05:30,1038.7607872525589,1064.159307589994,1031.9647165435715,1061.2821044921875,1278905,0.0,0.0,1073.820248413086,1118.6900086799237,44.01299515321397,-30.4962111412176,1.695788439420376,-32.191999580637976,34.20836209162246,93464003.0,0.021680946678008264
2022-03-15 00:00:00+05:30,1060.6374142440836,1070.8562881829464,1051.6585826184107,1062.1256103515625,1068905,0.0,0.0,1072.5428802490235,1116.4717969807723,44.21355703645303,-27.828954077285744,3.4904364026817873,-31.31939047996753,33.13617233968769,94532908.0,0.0014031148510252282
2022-03-16 00:00:00+05:30,1067.433469216491,1089.1611562745516,1066.54052734375,1077.2059326171875,1616431,0.0,0.0,1070.8463348388673,1114.9319591625926,47.81296435240988,-24.219095010824276,5.680236375314607,-29.899331386138883,32.7004133099235,96149339.0,0.009155103041569098
2022-03-17 00:00:00+05:30,1087.3752855842706,1131.0290379252451,1079.537428555654,1119.669189453125,1867149,0.0,0.0,1071.1638214111329,1115.1177328994763,56.352743450977556,-17.727474456048185,9.737485544072563,-27.464960000120747,34.209177024075935,98016488.0,0.02969894966069802
2022-03-21 00:00:00+05:30,1130.0367512053858,1130.0367512053858,1085.3908742920914,1087.1767578125,849763,0.0,0.0,1069.6483367919923,1114.0220083862616,49.65673808966346,-15.031413303768659,9.946837357081673,-24.978250660850332,34.95465558759154,97166725.0,-0.03792796415441179
2022-03-22 00:00:00+05:30,1083.9028315774478,1093.17922975848,1061.5798899660128,1089.0123291015625,998586,0.0,0.0,1067.0266326904298,1113.0412366496068,50.01805443731542,-12.601389183581432,9.90148918181512,-22.50287836539655,34.71499017365409,98165311.0,0.004713981157036557
2022-03-23 00:00:00+05:30,1101.7115159202806,1108.9044636816748,1070.608241891228,1083.65478515625,1054362,0.0,0.0,1064.9183563232423,1111.8888267871223,48.91457631937164,-10.981300980399055,9.217261907997997,-20.198562888397053,34.970792431996415,97110949.0,-0.016389708651586034
2022-03-24 00:00:00+05:30,1079.4381395674186,1088.863380675774,1075.767304632254,1080.380615234375,526345,0.0,0.0,1064.3230743408203,1110.653210647799,48.21451689585627,-9.848045419190385,8.280413975365335,-18.12845939455572,33.40831268996237,96584604.0,0.0008731168859144552
2022-03-25 00:00:00+05:30,1085.3910825210305,1092.6336857203123,1077.0571596764394,1084.0020751953125,598919,0.0,0.0,1063.8691802978515,1109.6080680810346,49.08253845264388,-8.559047299773056,7.655529675826131,-16.214576975599186,32.134613643813125,97183523.0,-0.0012797298117575963
2022-03-28 00:00:00+05:30,1084.2996828671037,1095.1139318847556,1047.6900352541784,1068.5247802734375,926829,0.0,0.0,1065.000210571289,1107.9969587552464,45.56717196645137,-8.686265492860457,6.022649186190984,-14.708914679051441,33.22670528572485,96256694.0,-0.01454847109422204
2022-03-29 00:00:00+05:30,1104.3078476385144,1108.2340061235643,1079.8560509767085,1094.6165771484375,2864668,2.0,0.0,1067.3663848876954,1107.4722379079205,51.830553437056416,-6.605552184107182,6.482689995955408,-13.08824218006259,33.68974246889642,99121362.0,-0.008775877587758739
2022-03-30 00:00:00+05:30,1103.313875861745,1120.8575847314148,1096.853028840933,1115.0428466796875,1287813,0.0,0.0,1070.528158569336,1107.7691245264211,56.09025016470469,-3.270640743883405,7.854081148943349,-11.124721892826754,33.15768997704505,100409175.0,0.010630674619932294
2022-03-31 00:00:00+05:30,1121.205418400382,1121.205418400382,1107.7369891754852,1114.69482421875,749342,0.0,0.0,1070.6465301513672,1108.040720592787,55.999385885285335,-0.6483086067585191,8.381130628854589,-9.029439235613108,31.75131420903447,99659833.0,-0.005806780875997475
2022-04-01 00:00:00+05:30,1112.259790760724,1114.0489971351024,1082.4404934212944,1106.643798828125,1519104,0.0,0.0,1072.339175415039,1107.985939347114,53.827011448210996,0.7713662114720137,7.840644357668097,-7.069278146196083,31.787243965350264,98140729.0,-0.005049172845453595
2022-04-04 00:00:00+05:30,1106.6436789784864,1123.0940380965085,1097.3500232478743,1119.5157470703125,1802143,0.0,0.0,1075.8634979248047,1108.4380886695926,56.71793847486343,2.9016786358274658,7.97676542561884,-5.075086789791374,31.355584742727682,99942872.0,0.011631628442235345
2022-04-05 00:00:00+05:30,1116.2854100344953,1123.3922452800196,1104.3079441049267,1111.6136474609375,773451,0.0,0.0,1080.4040161132812,1108.5626203869003,54.46350397826587,3.907292348339979,7.185903310505083,-3.2786109621651036,30.47906448789662,99169421.0,-0.004185096868204526
2022-04-06 00:00:00+05:30,1104.3078067335048,1115.6887882508936,1094.8650307083308,1100.4312744140625,1354847,0.0,0.0,1084.2341186523438,1108.24374407424,51.35280818728187,3.7585976367590774,5.6297668791393445,-1.8711692423802675,29.789399706087064,97814574.0,-0.003510373009957154
2022-04-07 00:00:00+05:30,1096.853026558894,1109.0292382266298,1093.374108939541,1102.1707763671875,966698,0.0,0.0,1088.4860412597657,1108.005588477885,51.813859994461026,3.7380295981713516,4.487359072441295,-0.7493294742699437,28.779808961872902,98781272.0,0.004848188115937999
2022-04-08 00:00:00+05:30,1102.3200360893486,1157.9827250172148,1102.3200360893486,1153.4600830078125,2390240,0.0,0.0,1094.0696960449218,1109.7881176751373,62.960493768225895,7.770771070915316,6.816080436148208,0.9546906347671084,30.710676082455358,101171512.0,0.046393102950293044
2022-04-11 00:00:00+05:30,1153.0127530087527,1153.0127530087527,1126.2251345655327,1135.6181640625,1318874,0.0,0.0,1098.3420959472655,1110.8010606707203,57.93943539344006,9.418483578756423,6.771034355191452,2.6474492235649714,30.46240982244282,99852638.0,-0.015086206896551714
2022-04-12 00:00:00+05:30,1134.127159534992,1146.0548772513985,1112.3094244127392,1142.1783447265625,1506254,0.0,0.0,1102.3869079589845,1112.0315423984005,59.226970408419454,11.125412535836404,6.782370649817146,4.3430418860192574,30.69691289502971,101358892.0,0.007099014536316755
2022-04-13 00:00:00+05:30,1143.0730021749994,1150.9254409786847,1133.133236938695,1139.99169921875,509293,0.0,0.0,1106.2802124023438,1113.1280191364535,58.58323915163786,12.161531449895847,6.2547916511012716,5.906739798794575,29.775147976812562,100849599.0,-0.0026956309442934777
2022-04-18 00:00:00+05:30,1138.1030748214848,1174.830457391978,1126.771718630494,1166.33203125,2382085,0.0,0.0,1110.7365173339845,1115.2144509840437,63.70128194446078,14.935935644886513,7.22335667687355,7.712578968012963,31.08111874714623,103231684.0,0.024803514772107068
2022-04-19 00:00:00+05:30,1177.8125042008635,1177.8125042008635,1105.3019609613762,1117.9254150390625,971382,0.0,0.0,1110.6493286132813,1115.320763299927,51.183533720203016,13.07790760254079,4.292262907622263,8.785644694918528,34.04036335374202,102260302.0,-0.050846029353741586
2022-04-20 00:00:00+05:30,1120.7084889797015,1128.859047638273,1110.9674708740738,1121.5533447265625,645638,0.0,0.0,1112.3681579589843,1115.5651782578343,51.945698936524124,11.762559138708411,2.3815315550319056,9.381027583676506,32.88687859734611,102905940.0,0.0007538586128049398
2022-04-21 00:00:00+05:30,1118.4223409019994,1141.6814159269163,1118.4223409019994,1137.6558837890625,731288,0.0,0.0,1114.8003356933593,1116.4314804355295,55.282858718932594,11.882502243099452,2.001179727538357,9.881322515561095,32.199178342172594,103637228.0,0.017197030302123065
2022-04-22 00:00:00+05:30,1126.6723683798125,1133.133215662096,1115.2416385726945,1130.3997802734375,824665,0.0,0.0,1117.1375854492187,1116.9792568997611,53.48052908683699,11.262227161326336,1.1047237166121935,10.157503444714143,31.50025454747227,102812563.0,0.0033083370092630653
2022-04-25 00:00:00+05:30,1113.2537048969073,1122.3982403674077,1080.8997205643311,1084.6768798828125,1073577,0.0,0.0,1117.3523986816406,1115.7124970167436,43.79207949363433,7.000501329216831,-2.525601692397851,9.526103021614682,32.78595491616042,101738986.0,-0.0256696428571429
2022-04-26 00:00:00+05:30,1099.3379889934354,1099.3379889934354,1077.0728915316276,1088.255126953125,922785,0.0,0.0,1117.5650512695313,1114.6357374064055,44.637351877538386,3.8672087617571833,-4.527115407885999,8.394324169643182,32.03446509799237,102661771.0,-0.01008139639607829
2022-04-27 00:00:00+05:30,1086.4162986488627,1092.2807841803026,1054.8077978760314,1067.7294921875,1202603,0.0,0.0,1117.5252868652344,1112.7962768095858,40.843078753495725,-0.26909341640771345,-6.930734068840716,6.661640652433003,32.42293089844086,101459168.0,-0.017200410638723698
2022-04-28 00:00:00+05:30,1062.0638221665529,1118.2234908164453,1059.976495917365,1110.12255859375,1643102,0.0,0.0,1118.3005859375,1112.691425114847,50.24924702344458,-0.12493633935559956,-5.429261593430882,5.304325254075282,34.267506898486545,103102270.0,0.04525032811037654
2022-04-29 00:00:00+05:30,1107.7867302448165,1125.7776793447329,1059.8273675401845,1098.8409423828125,3259418,0.0,0.0,1117.4904907226562,1112.148268929277,48.059241232125814,-0.9105269728584062,-4.971881781546951,4.061354808688545,36.53056439177668,99842852.0,-0.008075370121130599
2022-05-02 00:00:00+05:30,1082.390647259402,1086.813915428687,1057.7897291999072,1074.538330078125,1925857,0.0,0.0,1115.482666015625,1110.673369366487,43.64628786294968,-3.4543117616135532,-6.012533256241679,2.5582214946281256,36.853467876857295,97916995.0,-0.0072546055355881805
2022-05-04 00:00:00+05:30,1074.5383415394597,1090.3424707873264,1058.5849702148885,1071.3575439453125,1169983,0.0,0.0,1113.7183532714844,1109.1315722911468,43.088612913887026,-5.661678090900978,-6.575919668423283,0.914241577522305,36.48947021225592,96747012.0,-0.002960152719716026
2022-05-05 00:00:00+05:30,1075.4825951382977,1108.2838203134954,1073.4946420973768,1077.1226806640625,814132,0.0,0.0,1111.598699951172,1107.8763216391042,44.47343647803252,-6.866678660888283,-6.22473619072847,-0.6419424701598127,36.52067065196499,97561144.0,0.001524976353107684
2022-05-06 00:00:00+05:30,1066.5368143147105,1074.4886265370008,1045.862054002745,1052.770263671875,1350057,0.0,0.0,1108.6565307617188,1105.7152997580363,40.04123143366502,-9.675157629219257,-7.226572127247556,-2.4485855019717016,36.144953224061595,96211087.0,-0.012907712568441414
2022-05-09 00:00:00+05:30,1027.7715543647264,1068.4252116815503,1026.9763247441754,1058.0380859375,1201027,0.0,0.0,1106.5368713378907,1103.8456050984073,41.401667502834464,-11.345049544708218,-7.117171234189213,-4.227878310519005,36.52380563215541,97412114.0,0.02944869552405698
2022-05-10 00:00:00+05:30,1063.5548413599788,1090.193459752349,1055.6030294619602,1074.538330078125,1410429,0.0,0.0,1105.1552490234376,1102.6963001956512,45.56773034293547,-11.207822315771182,-5.583955204201741,-5.6238671115694405,36.3857073934578,98822543.0,0.01032714843749993
2022-05-11 00:00:00+05:30,1072.500629861015,1097.797282930309,1072.500629861015,1080.6015625,1886732,0.0,0.0,1101.5123229980468,1101.8298398938612,47.0572478166005,-10.488906973796247,-3.892031889781445,-6.596875084014802,35.59363208458894,100709275.0,0.007553312709974523
2022-05-12 00:00:00+05:30,1069.0216995350715,1075.4327992688477,1041.6873464553744,1054.21142578125,1457225,0.0,0.0,1097.4419860839844,1099.9624511051313,41.707586093340005,-11.91131860110886,-4.251554813675246,-7.659763787433614,35.830816653162984,99252050.0,-0.013854044085599653
2022-05-13 00:00:00+05:30,1068.5246804116243,1072.5005861992026,1032.2942874563248,1038.6556396484375,1108831,0.0,0.0,1092.265850830078,1097.5582624205551,38.90029348428856,-14.130919555026821,-5.176924614074565,-8.953994940952256,36.143351088142616,98143219.0,-0.02795353379360454
2022-05-16 00:00:00+05:30,1038.705411442907,1047.6511996754296,1027.9207910073694,1038.3575439453125,590395,0.0,0.0,1087.1841430664062,1095.2366656176043,38.846333588989346,-15.732666745325787,-5.4229374434988245,-10.309729301826962,34.97099805813672,97552824.0,-0.0003349048669259076
2022-05-17 00:00:00+05:30,1035.7234377617615,1068.872527361702,1030.0578206573389,1063.952392578125,545334,0.0,0.0,1082.0651611328126,1094.009831380762,45.798370886743974,-14.766552923764948,-3.565458897550389,-11.201094026214559,35.245548675724315,98098158.0,0.027255301740942907
2022-05-18 00:00:00+05:30,1057.094016531496,1078.464511459025,1054.609075260853,1067.431396484375,775879,0.0,0.0,1079.540460205078,1092.9675398161978,46.68557060113159,-13.563818957954936,-1.8901799453923012,-11.673639012562635,34.43196921304202,98874037.0,0.009779054456100044
2022-05-19 00:00:00+05:30,1067.4313727057945,1067.4313727057945,1040.6933809622997,1050.2852783203125,1069562,0.0,0.0,1075.9770568847657,1091.2937256398886,42.95386890509062,-13.83471409232584,-1.7288600638105631,-12.105854028515276,33.88240109225868,97804475.0,-0.01606294776779791
2022-05-20 00:00:00+05:30,1074.488626273415,1076.9735675922711,1054.9569632402004,1064.896728515625,941175,0.0,0.0,1072.3390991210938,1090.2585492820742,46.85255971556789,-12.723707539943916,-0.494282809142911,-12.229424730801005,33.36853596223725,98745650.0,-0.008926942103665724
2022-05-23 00:00:00+05:30,1055.6030872166018,1085.3230100785004,1055.6030872166018,1070.0157470703125,620152,0.0,0.0,1069.3198974609375,1089.4647139012209,48.18852933947615,-11.29990653824575,0.7436145540442052,-12.043521092289955,33.107920740784486,99365802.0,0.01365348399246707
2022-05-24 00:00:00+05:30,1066.2882172241957,1077.0728372423318,1050.8815825311406,1066.934326171875,847697,0.0,0.0,1068.4327697753906,1088.5811692843838,47.415871926744906,-10.301430422964359,1.3936725354604782,-11.695102958424837,32.61387316724211,98518105.0,0.0006059421245048283
2022-05-25 00:00:00+05:30,1071.5067372565725,1109.2778467331489,1071.5067372565725,1089.3983154296875,3185769,0.0,0.0,1068.4899291992188,1088.6132142312586,53.29517195211562,-7.6097542046939,3.26827900298475,-10.87803320767865,33.30884798110152,101703874.0,0.016697588126159284
2022-05-26 00:00:00+05:30,1090.3922150646265,1103.1151627352142,1066.9343940485633,1098.69189453125,1177148,0.0,0.0,1070.0380493164062,1089.0084565959642,55.5113321372225,-4.6728020916257265,4.964184892842338,-9.636986984468065,33.51398517435505,102881022.0,0.007611645930663205
2022-05-27 00:00:00+05:30,1108.2838134283008,1122.5970995010164,1096.2069745127276,1114.3470458984375,687512,0.0,0.0,1070.2492736816407,1090.0021267646885,59.03736391976557,-1.0696759442141683,6.853848832203118,-7.9235247764172865,33.00513801820746,103568534.0,0.005470830121917059
2022-05-30 00:00:00+05:30,1118.6210863063357,1143.0728819488477,1112.1104922273178,1141.4825439453125,580398,0.0,0.0,1072.3813537597657,1092.0209666541248,64.31657008521141,3.930131291192083,9.482924854087496,-5.552793562895412,32.85922742558763,104148932.0,0.020437177448947363
2022-05-31 00:00:00+05:30,1147.0488641997822,1173.7868559251694,1132.735578542417,1167.0775146484375,2649820,0.0,0.0,1077.0083129882812,1094.9643606931174,68.4472325237212,9.844335405891343,12.317703175029404,-2.4733677691380613,33.44437385109941,106798752.0,0.017461026355340078
2022-06-01 00:00:00+05:30,1155.0006789979125,1168.9163498292128,1137.158849573218,1145.806396484375,683413,0.0,0.0,1080.7307556152343,1096.9581660182648,62.021592484244096,12.668943614794443,12.113849107146004,0.5550945076484395,33.3238828800205,106115339.0,-0.0079604130808949
2022-06-02 00:00:00+05:30,1133.331808983928,1141.0848732069671,1114.5457526515745,1136.8604736328125,950691,0.0,0.0,1083.7176452636718,1098.522962395306,59.492066940596985,14.023945447117512,10.775080751575258,3.248864695542254,33.176508662361925,105164648.0,0.0031135318191130266
2022-06-03 00:00:00+05:30,1147.0489416205148,1154.8516332908755,1132.0895459709152,1134.2763671875,917466,0.0,0.0,1087.792950439453,1099.9250567008824,58.746734844148996,14.719599981680403,9.176588228910518,5.543011752769885,32.432621423618954,104247182.0,-0.01113516081970324
2022-06-06 00:00:00+05:30,1128.7597416572912,1142.6754133048255,1127.2687768379126,1135.1212158203125,1199089,0.0,0.0,1091.6471069335937,1101.3052982349777,58.92790672505718,15.164279066571908,7.697013851041618,7.46726521553029,31.216479640997093,105446271.0,0.00563580886901681
2022-06-07 00:00:00+05:30,1128.213133781121,1131.1453160752487,1106.7928905534177,1127.4676513671875,848821,0.0,0.0,1094.2935729980468,1102.3312728676133,56.50686005210388,14.72932130985214,5.809644875457479,8.91967643439466,31.010182899989786,104597450.0,-0.0006607638145774451
2022-06-08 00:00:00+05:30,1137.3575898708457,1152.2174897472105,1122.3981952782349,1129.20703125,1387431,0.0,0.0,1096.7238464355469,1103.3852241767265,56.939845315753196,14.359440877890393,4.351811554796587,10.007629323093806,30.92511944063163,105984881.0,-0.007166223440572665
2022-06-09 00:00:00+05:30,1130.1014384696027,1160.2189724305913,1123.7400864705264,1156.6903076171875,1142045,0.0,0.0,1101.8477905273437,1105.4756196057642,63.17753735323282,16.09840627954327,4.872621565159571,11.225784714383698,31.321817049162576,107126926.0,0.023527860634875174
2022-06-10 00:00:00+05:30,1147.7943607036552,1156.690401823942,1145.3094194594387,1147.9434814453125,611509,0.0,0.0,1107.3121826171875,1107.1410259524132,60.189174005427255,16.579633423485802,4.283078967281684,12.296554456204118,29.897471714544057,106515417.0,0.00012991938866632188
2022-06-13 00:00:00+05:30,1130.2010120464288,1154.8019300772387,1123.5412967885914,1126.87109375,1014220,0.0,0.0,1111.737860107422,1107.9147541013383,53.61009339884033,15.086733353461568,2.2321431178059594,12.854590235655609,29.994840398408577,105501197.0,-0.002946306241930699
2022-06-14 00:00:00+05:30,1118.2235528963638,1138.1030827256325,1117.378697145624,1125.28076171875,768306,0.0,0.0,1114.8042785644532,1108.5957740079036,53.13801848644554,13.61828962256277,0.6109595095257276,13.007330113037042,29.332665054237136,104732891.0,0.006311089409722225
2022-06-15 00:00:00+05:30,1133.1331586234178,1137.8047994275955,1116.0368121325798,1118.968994140625,947417,0.0,0.0,1117.3811584472655,1109.002566954285,51.21061677981615,11.809102509528884,-0.9585820828065277,12.767684592335412,28.792330928578462,103785474.0,-0.012500000000000054
2022-06-16 00:00:00+05:30,1124.5353000850143,1130.7974006307068,1093.2747873860974,1098.4931640625,1385141,0.0,0.0,1119.791552734375,1108.5904335075484,45.45109486653586,8.623672001523346,-3.315210072649654,11.938882074173,29.415922522580672,102400333.0,-0.023158131203658585
2022-06-17 00:00:00+05:30,1098.4931152462204,1107.6376501959112,1069.4193036268546,1075.5819091796875,1535565,0.0,0.0,1120.3258117675782,1107.2959815731226,40.02651342732631,4.202010421960949,-6.189497321769641,10.39150774373059,30.044667097328954,100864768.0,-0.020856940975362906
2022-06-20 00:00:00+05:30,1071.65569297795,1086.21747168229,1062.7099052690055,1069.4688720703125,532685,0.0,0.0,1120.2984680175782,1105.812565514189,38.69936776176827,0.2022098090549207,-8.151438347740536,8.353648156795456,29.577731334182914,100332083.0,-0.0020406002804507165
2022-06-21 00:00:00+05:30,1073.5939758882073,1091.8831674571795,1070.8605405577505,1089.74609375,659138,0.0,0.0,1121.4390563964844,1105.1825077979463,45.19106550621622,-1.3162853497888136,-7.7359468052674165,6.419661455478603,29.066057337946066,100991221.0,0.015044903589766989
2022-06-22 00:00:00+05:30,1088.901234570013,1089.3982228103462,1056.1993840890852,1064.0020751953125,560136,0.0,0.0,1120.1692443847655,1103.5675888723529,39.475335098189255,-4.544643033019611,-8.771443590798572,4.226800557778961,29.38610393244383,100431085.0,-0.02286631568062527
2022-06-23 00:00:00+05:30,1070.512764325117,1076.4766237363986,1055.0563801501987,1067.3817138671875,895014,0.0,0.0,1118.6037353515626,1102.1485349505815,40.5385793678203,-6.752591488700318,-8.783513637183423,2.030922148483105,28.817113907712116,101326099.0,-0.002924813754932957
2022-06-24 00:00:00+05:30,1065.6422451869978,1086.317006158882,1065.6422451869978,1072.053466796875,492066,0.0,0.0,1116.4890563964843,1100.9683361994557,42.053949682485865,-8.032837577948612,-8.051007781145374,0.018170203196761436,28.235517269438684,101818165.0,0.006016298282874632
2022-06-27 00:00:00+05:30,1077.3711029518429,1089.994555385912,1070.5623885077184,1078.0172119140625,793805,0.0,0.0,1113.3157897949218,1100.0682921098326,44.015394120436284,-8.468596725955194,-6.789413543321564,-1.6791831826336299,27.606706527206892,102611970.0,0.0005997088286936301
2022-06-28 00:00:00+05:30,1078.4644845101325,1083.4343669272298,1061.5668842920013,1071.556396484375,572706,0.0,0.0,1108.5397338867188,1098.9501785558932,42.34319222618218,-9.2288879248988,-6.039763793812136,-3.189124131086664,27.19676196349415,102039264.0,-0.0064054849510369535
2022-06-29 00:00:00+05:30,1063.604684261642,1081.4465152765392,1045.2161175956346,1061.2191162109375,1224658,0.0,0.0,1104.310369873047,1097.4705290521695,39.74163441913324,-10.544011502295234,-5.8839098969668555,-4.660101605328379,27.8420216575949,100814606.0,-0.002242908559922851
2022-06-30 00:00:00+05:30,1067.0337755335015,1086.0684498251608,1051.1798988511537,1075.0849609375,1569542,0.0,0.0,1101.2215942382813,1096.592663635908,44.65369008143675,-10.348112030588936,-4.550408340208445,-5.797703690380491,28.345345180195768,102384148.0,0.007545389460584799
2022-07-01 00:00:00+05:30,1078.9118108937266,1098.6919687482878,1068.5248043528663,1093.22509765625,696341,0.0,0.0,1099.1690307617187,1096.4606022249409,50.35530268112553,-8.62962590247912,-2.265537769678903,-6.364088132800217,28.475475124140456,103080489.0,0.013266410301567494
2022-07-04 00:00:00+05:30,1098.3440198326982,1115.2416201378169,1088.5036283291838,1110.9178466796875,1436248,0.0,0.0,1097.9588623046875,1097.0275529878722,55.20261640727939,-5.773502935252736,0.4724681580379855,-6.245971093290722,28.351369173032783,104516737.0,0.011447985895079163
2022-07-05 00:00:00+05:30,1111.2656966380232,1124.535258283468,1100.282208079105,1104.307861328125,1020111,0.0,0.0,1096.8008728027344,1097.3130552757252,53.11599598058297,-3.99729712931412,1.7989391711812814,-5.796236300495401,28.058632103842086,103496626.0,-0.006261180679785352
2022-07-06 00:00:00+05:30,1107.4886175637016,1118.2236127804044,1104.3079411546928,1109.377197265625,602752,0.0,0.0,1095.8093811035155,1097.7861588831724,54.53535688051388,-2.155738179455284,2.912398496832094,-5.068136676287378,27.04842634301618,104099378.0,0.001705281365399461
2022-07-07 00:00:00+05:30,1114.9433716686835,1123.1934250058316,1104.4569925813666,1117.825927734375,792663,0.0,0.0,1093.866162109375,1098.572032171455,56.87843988744408,-0.014381720612163917,4.043003964540171,-4.057385685152335,26.454712491691094,104892041.0,0.002585383382635186
2022-07-08 00:00:00+05:30,1128.9585840734571,1142.476640527826,1120.758277753506,1139.99169921875,1135110,0.0,0.0,1093.468572998047,1100.1963328399765,62.35928833465722,3.4316927939939887,5.991262783317059,-2.5595699893230703,26.32585537038823,106027151.0,0.009772825417105809
2022-07-11 00:00:00+05:30,1139.0473087512348,1148.142217890319,1134.1769210243672,1140.4886474609375,543156,0.0,0.0,1094.1494506835938,1101.776423609426,62.47444615330132,6.132143708871581,6.9533709585557215,-0.8212272496841402,25.442958334357055,106570307.0,0.0012653896801554728
2022-07-12 00:00:00+05:30,1136.115066973466,1140.090972719655,1127.2686524211929,1132.8846435546875,331672,0.0,0.0,1094.5296447753906,1102.996353803358,59.476019991841646,7.571412419358239,6.714111735233903,0.8573006841243358,24.569889527599024,106238635.0,-0.002843394575678
2022-07-13 00:00:00+05:30,1138.5503751967542,1143.8682467350357,1130.7476836522562,1132.984130859375,368619,0.0,0.0,1095.230401611328,1104.1723450604568,59.50340541558242,8.620697006929959,6.210717058244498,2.4099799486854607,23.752080495826196,106607254.0,-0.004888887183772869
2022-07-14 00:00:00+05:30,1136.2145042497236,1139.9916634550327,1123.2431838242967,1132.0894775390625,728701,0.0,0.0,1096.9102172851562,1105.2671345694216,59.11651498058994,9.27317615389802,5.490556964170048,3.7826191897279733,23.251823291176898,105878553.0,-0.003630499958619178
2022-07-15 00:00:00+05:30,1137.75523877565,1151.124174328603,1130.0021734477148,1148.4901123046875,591171,0.0,0.0,1100.5556274414062,1106.9621533041382,63.767405985226006,10.987013288479602,5.763515279001302,5.2234980094783,23.099693119013416,106469724.0,0.009435134344526853
2022-07-18 00:00:00+05:30,1158.4298505203838,1179.7009716510577,1150.3290392034044,1170.0594482421875,1044459,0.0,0.0,1105.58515625,1109.4365570271991,68.79513000910134,13.925185838639209,6.961350263328727,6.9638355753104815,23.679062135253183,107514183.0,0.01003910397904505
2022-07-19 00:00:00+05:30,1169.3138081807842,1178.8062095691532,1148.539678096206,1162.902587890625,1099874,0.0,0.0,1109.2429809570312,1111.5332641198825,65.5451334079411,15.497563667971235,6.826982474128602,8.670581193842633,24.14959565937419,106414309.0,-0.005482891115545618
2022-07-20 00:00:00+05:30,1167.9223948608303,1191.7778310111792,1156.491665038788,1178.9058837890625,1608377,0.0,0.0,1114.9881713867187,1114.1753276363208,69.06442301672335,17.829489404582773,7.327126568592112,10.502362835990661,24.945064967446836,108022686.0,0.009404296874999973
2022-07-21 00:00:00+05:30,1179.8500474575676,1179.8500474575676,1155.99461263113,1161.51123046875,1048591,0.0,0.0,1119.694647216797,1116.0316375513182,61.688753408754934,18.065704011366506,6.050672940300675,12.015031071065831,24.86723424308904,106974095.0,-0.015543345553390877
2022-07-22 00:00:00+05:30,1162.505250241599,1169.1150968197333,1151.422388131801,1157.932861328125,753148,0.0,0.0,1123.9886169433594,1117.6748227974674,60.26297613523076,17.759441518154517,4.595528357670949,13.163913160483569,24.354768132006416,106220947.0,-0.003933220011284898
2022-07-25 00:00:00+05:30,1164.94045757578,1164.94045757578,1132.3379798536437,1138.0533447265625,934158,0.0,0.0,1126.9904235839845,1118.473980520177,52.94226049993909,15.731275089238352,2.0538895430038266,13.677385546234525,24.94389024558713,105286789.0,-0.023080246440379617
2022-07-26 00:00:00+05:30,1135.1212758203603,1143.172462003568,1128.163439628817,1131.3441162109375,687125,0.0,0.0,1129.9798095703125,1118.9786917237363,50.703575470282836,13.427772904775566,-0.19969011316716845,13.627463017942734,24.234256826241687,104599664.0,-0.0033275383783931316
2022-07-27 00:00:00+05:30,1133.1332237619451,1170.4073429646407,1125.380158433775,1142.4268798828125,1554002,0.0,0.0,1134.0401977539063,1119.8982285142886,54.152371889027734,12.354106780747088,-1.0186849897565189,13.372791770503607,25.719465948000547,106153666.0,0.008201732970120569
2022-07-28 00:00:00+05:30,1148.0428002743342,1187.8018582924929,1140.5879768959294,1184.273193359375,1043318,0.0,0.0,1139.499609375,1122.422736939586,64.30636257336987,14.710295288191674,1.0700028141504525,13.640292474041221,27.254781337183612,107196984.0,0.031558399283008624
2022-07-29 00:00:00+05:30,1255.0941420263814,1296.8411571554989,1233.5248994103488,1286.603271484375,7628351,0.0,0.0,1149.1685180664062,1128.8611892746758,77.45538557252685,24.55175638760602,8.729171130851837,15.822585256754182,33.34858008425078,114825335.0,0.025104992847087393
2022-08-01 00:00:00+05:30,1292.1694681274082,1309.315562992945,1279.6453883187166,1305.389404296875,2973441,0.0,0.0,1158.8920959472657,1135.7838643735856,78.98588295145412,33.48111962275857,14.12682749280351,19.35429212995506,33.08583684067774,117798776.0,0.010230806790865379
2022-08-02 00:00:00+05:30,1302.1091608017127,1304.892343419876,1272.7371079152704,1277.45849609375,1673860,0.0,0.0,1167.549627685547,1141.3397322841804,71.24200878750837,37.86740162130104,14.810487593076786,23.056914028224256,33.05486966502966,116124916.0,-0.01893133498330143
2022-08-03 00:00:00+05:30,1275.2718678987285,1279.7945095729865,1251.0188166818175,1275.818603515625,1409000,0.0,0.0,1175.8716979980468,1146.6134135089428,70.80309815890665,40.74159236468154,14.147742669165822,26.593849695515715,32.749214181182474,114715916.0,0.0004287208325212814
2022-08-04 00:00:00+05:30,1276.3651704985205,1279.1979791924089,1262.5986205520655,1271.09716796875,1015838,0.0,0.0,1183.5352600097656,1151.4951293701117,69.47595487372085,42.152520825246484,12.44693690378461,29.705583921461873,31.595653071122534,113700078.0,-0.004127347448467972
2022-08-05 00:00:00+05:30,1277.4584535645556,1280.092515359228,1253.3545252453134,1259.020263671875,922856,0.0,0.0,1189.4866882324218,1155.7118013035142,66.06479640098914,41.81417872565089,9.68687584335121,32.12730288229968,31.248677145607676,112777222.0,-0.014433494757682033
2022-08-08 00:00:00+05:30,1253.6030644078971,1264.6859262179566,1243.7130471523608,1262.250732421875,1002771,0.0,0.0,1195.5747924804687,1159.8897986022737,66.53807073307605,41.33028223764131,7.362383484273302,33.96789875336801,30.514691568463974,113779993.0,0.0068982505383889895
2022-08-10 00:00:00+05:30,1262.3500856275527,1286.5037617841965,1261.4058565384516,1265.53076171875,1187710,0.0,0.0,1202.207098388672,1164.0325814695866,67.04068809954809,40.74181544892099,5.41913335644238,35.32268209247861,30.127778259698324,114967703.0,0.0025196465920276348
2022-08-11 00:00:00+05:30,1271.8923177489487,1276.216091299832,1251.466173272354,1253.9013671875,943196,0.0,0.0,1208.2529602050781,1167.5568475761715,63.40430742210456,38.88877078918108,2.852870957361972,36.03589983181911,29.743645385968307,114024507.0,-0.014145026517095314
2022-08-12 00:00:00+05:30,1247.9373985831096,1282.080464432658,1244.9554693152886,1278.8004150390625,1572048,0.0,0.0,1215.5885070800782,1171.9193404178536,67.47241989970577,38.980027128948905,2.355301837703834,36.62472529124507,30.270884652496946,115596555.0,0.02473122168707688
2022-08-16 00:00:00+05:30,1281.235657040953,1313.0429037634588,1279.2974514778066,1301.7115478515625,1710276,0.0,0.0,1223.249578857422,1177.00923090545,70.70001391764775,40.43497614225498,3.0482006808079305,37.38677546144705,30.55457065763261,117306831.0,0.015981361975125796
2022-08-17 00:00:00+05:30,1297.1393151138543,1313.042938900691,1284.6648616720463,1297.4871826171875,1209377,0.0,0.0,1229.6209655761718,1181.7338564627732,69.33394491081643,40.777109610994785,2.712267319638187,38.0648422913566,30.399106841276335,116097454.0,0.00026818052562276826
2022-08-18 00:00:00+05:30,1298.1333090458695,1324.970674546818,1295.499247053772,1316.2236328125,1498235,0.0,0.0,1237.2870178222656,1187.0079653392331,71.92503710753564,42.07511209227164,3.2082158407320307,38.86689625153961,30.33284403068845,117595689.0,0.013935644082599586
2022-08-19 00:00:00+05:30,1312.0489007883016,1326.6603059221654,1285.5594043955348,1289.1376953125,961803,0.0,0.0,1242.7986083984374,1191.0130527891652,63.5637062422049,40.45187557939971,1.267983462288079,39.18389211711163,31.10199099468432,116633886.0,-0.017462158203125
2022-08-22 00:00:00+05:30,1284.2673355844515,1303.5007558470145,1263.4932032725935,1268.31396484375,966451,0.0,0.0,1248.1387451171875,1194.0444611050311,57.98292757248275,37.057966757512986,-1.7007402876789186,38.758707045191905,31.738102536094082,115667435.0,-0.012422157208756992
2022-08-23 00:00:00+05:30,1268.3141317391785,1284.863866267515,1262.3502721855457,1271.5445556640625,803737,0.0,0.0,1253.8193298339843,1197.0836804995029,58.590356103701595,34.23431932138692,-3.619510179043985,37.853829500430905,31.079209075085174,116471172.0,0.00254702194357346
2022-08-24 00:00:00+05:30,1276.2658332069177,1282.179944881305,1264.5866092659664,1279.7447509765625,684029,0.0,0.0,1260.9039001464844,1200.3252911064465,60.16457729015446,32.28607187560283,-4.454206099862461,36.74027797546529,30.11593239938898,117155201.0,0.0027258566978191345
2022-08-25 00:00:00+05:30,1280.2417116422514,1308.0730531996917,1280.2417116422514,1289.1875,1286241,0.0,0.0,1268.7960693359375,1203.8100836120761,61.95801525086515,31.145002466951155,-4.476220406811308,35.62122287376246,29.98824452965614,118441442.0,0.0069875776397515105
2022-08-26 00:00:00+05:30,1298.1332948020922,1319.5037893183594,1298.1332948020922,1305.786865234375,869870,0.0,0.0,1276.9640686035157,1207.8091730874605,64.94570744343562,31.220239302607524,-3.520786856923948,34.74102615953147,30.011676300277802,119311312.0,0.0058958278498277075
2022-08-29 00:00:00+05:30,1248.434489086545,1303.0038234258834,1248.434489086545,1290.3802490234375,737193,0.0,0.0,1282.2694213867187,1211.0472544967145,60.21851590247081,29.69438152109433,-4.037315710749716,33.731697231844045,31.964583432245814,118574119.0,0.033598687238754026
2022-08-30 00:00:00+05:30,1292.2687982710831,1325.6167577320605,1292.2687982710831,1321.0941162109375,1086386,0.0,0.0,1283.993963623047,1215.362817701194,65.59487008389205,30.61062045342942,-2.4968614227317047,33.107481876161124,32.19829238055847,119660505.0,0.022305976882224146
2022-09-01 00:00:00+05:30,1283.3228682819413,1305.0909750730088,1283.2234949118465,1288.7401123046875,2045072,0.0,0.0,1283.1614990234375,1218.240358666037,56.87506092373444,28.398686308709557,-3.7670364539612535,32.16572276267081,32.60345873188222,117615433.0,0.004221263531287801
2022-09-02 00:00:00+05:30,1295.2012006922644,1303.1032657837147,1274.9736806961723,1280.4405517578125,1141002,0.0,0.0,1283.3106018066405,1220.679581924538,54.86037378715103,25.679984512853935,-5.188590599853505,30.86857511270744,32.283896328715095,116474431.0,-0.011396413874973659
2022-09-05 00:00:00+05:30,1286.8516013891729,1288.193445294352,1274.2777753606167,1285.609130859375,440939,0.0,0.0,1283.8001281738282,1223.2258387455122,55.907858478082744,23.669606401549572,-5.759174968926295,29.428781370475868,30.971880157645103,116915370.0,-0.0009655118962097831
2022-09-06 00:00:00+05:30,1285.2114850633166,1309.0669186607795,1277.3094212181609,1303.450927734375,1792194,0.0,0.0,1285.4178161621094,1226.3719206666442,59.40945955057503,23.24806197501107,-4.944575516371842,28.19263749138291,31.02799567800035,118707564.0,0.0141917831291088
2022-09-07 00:00:00+05:30,1296.1453186259184,1329.3441570356413,1293.3621359721622,1323.5294189453125,839563,0.0,0.0,1288.6432739257812,1230.1820186383568,62.97314577069583,24.2545599485386,-3.1504620342754492,27.40502198281405,31.38185463410598,119547127.0,0.02112733805837817
2022-09-08 00:00:00+05:30,1329.9405893577512,1332.2764099225776,1296.890869928644,1309.7628173828125,1205449,0.0,0.0,1291.0188781738282,1233.3028342753942,59.13932887248821,23.668531057301834,-2.98919274040977,26.657723797711604,31.66783215980796,118341678.0,-0.015171934849121951
2022-09-09 00:00:00+05:30,1314.0865602884885,1318.9569476254544,1283.5217857062482,1289.6346435546875,548609,0.0,0.0,1292.224072265625,1235.5119248353665,53.966125714847664,21.333998474661485,-4.258980258440097,25.59297873310158,31.93692714262212,117793069.0,-0.018607538858348066
2022-09-12 00:00:00+05:30,1289.9827420668616,1303.1031832497847,1287.2493067091675,1298.13330078125,1002755,0.0,0.0,1294.4356689453125,1237.9676650685385,55.72709501169178,19.939781802920606,-4.522557544144782,24.462339347065388,30.788137813907483,118795824.0,0.006318347097674503
2022-09-13 00:00:00+05:30,1304.6438882323905,1326.9586118603786,1303.1031761415404,1316.4224853515625,1160040,0.0,0.0,1296.3167724609375,1241.0443246874806,59.33247246697286,20.07917911354275,-3.5065281868181124,23.585707300360863,30.64793590428042,119955864.0,0.009028208559755212
2022-09-14 00:00:00+05:30,1297.089549072317,1312.0489435153438,1292.1694140681418,1295.4495849609375,800852,0.0,0.0,1296.0036743164062,1243.1778643060477,53.91075402396647,18.28651909368341,-4.239350565341965,22.525869659025375,30.191159859933297,119155012.0,-0.0012643414732254389
2022-09-15 00:00:00+05:30,1301.9599884490478,1309.0669441134771,1268.9102725099642,1287.199462890625,1441219,0.0,0.0,1295.4892883300781,1244.9042015054429,51.90160626913011,16.01549060421098,-5.208303243851514,21.223793848062495,30.90298212733184,117713793.0,-0.011337157585008608
2022-09-16 00:00:00+05:30,1281.2356535120175,1295.1015765579118,1258.374194993184,1264.5865478515625,1717631,0.0,0.0,1292.9074340820312,1245.6760582248985,46.75794089095317,12.24980280331215,-7.179192835800276,19.428995639112426,31.319010658574413,115996162.0,-0.01299456943366964
2022-09-19 00:00:00+05:30,1270.7989199123992,1300.1212258470223,1264.7853137206132,1295.4495849609375,859607,0.0,0.0,1293.2230285644532,1247.627961234155,53.527423180516884,11.621887369130263,-6.245686615985733,17.867573985115996,31.620129754066227,116855769.0,0.01939776990858437
2022-09-20 00:00:00+05:30,1301.960066410733,1314.5338931337992,1298.7793902127723,1301.4134521484375,671787,0.0,0.0,1294.8780029296875,1249.73719617197,54.72534842085593,11.473237760507345,-5.11546897968692,16.588706740194265,30.72471392683733,117527556.0,-0.0004198394992269792
2022-09-21 00:00:00+05:30,1301.4133256307052,1310.8063539076422,1290.1813439788584,1298.431396484375,453755,0.0,0.0,1296.222344970703,1251.6467726548094,53.976132171251294,10.9881404613418,-4.480453023081973,15.468593484423772,30.003306498404935,117073801.0,-0.0022913006095777416
2022-09-22 00:00:00+05:30,1289.1875660917444,1292.1197483364317,1261.356223107497,1277.7568359375,932867,0.0,0.0,1296.12294921875,1252.6706967051111,48.970505411402854,8.833604807699885,-5.307990941379112,14.141595749078997,30.508439846867297,116140934.0,-0.008866615265998436
2022-09-23 00:00:00+05:30,1266.3258855419654,1282.1797599862948,1257.9268338147197,1265.3319091796875,415333,0.0,0.0,1294.9301696777343,1253.167214841369,46.19770061381215,6.053748188893451,-6.470278048148437,12.524026237041888,30.06161744148929,115725601.0,-0.0007849293563579476
2022-09-26 00:00:00+05:30,1264.1393881760855,1264.1393881760855,1244.3094837774458,1252.211669921875,1271968,0.0,0.0,1292.2514099121095,1253.129742491585,43.40298929973666,2.760180490471157,-7.811076597256584,10.57125708772774,29.415960867257315,114453633.0,-0.009435445462560857
2022-09-27 00:00:00+05:30,1258.374210394852,1262.9962252450596,1229.8471342540315,1234.8170166015625,821405,0.0,0.0,1289.4732482910156,1252.4115963782508,39.95221787849306,-1.2393127630807612,-9.448455880646803,8.209143117566041,29.682613018955223,113632228.0,-0.01872034057810022
2022-09-28 00:00:00+05:30,1220.1061517995713,1243.3154787704652,1207.6814455694332,1231.338134765625,1102669,0.0,0.0,1284.98544921875,1251.5851861189321,39.279594238097886,-4.636213290375963,-10.276285126353605,5.640071835977642,30.107714460532137,112529559.0,0.009205742426171119
2022-09-29 00:00:00+05:30,1237.500782754433,1243.4646419484304,1228.5549939634373,1232.3321533203125,1382993,0.0,0.0,1282.1650512695312,1250.8301652248688,39.592534430776404,-7.165473325457015,-10.244436129147726,3.07896280369071,29.02213828370792,113912552.0,-0.004176667607931629
2022-09-30 00:00:00+05:30,1235.5127704031536,1250.422417672701,1227.1137176419834,1242.9178466796875,1344894,0.0,0.0,1280.288916015625,1250.5198782230968,42.96375456018017,-8.220986722274574,-9.039959620772228,0.8189728984976532,28.614035551351467,115257446.0,0.005993524675683933
2022-10-03 00:00:00+05:30,1248.0368068794403,1249.0805306863872,1220.4539603803055,1229.79736328125,981699,0.0,0.0,1277.4983276367188,1249.7072305783186,39.98516540919897,-10.00091769775031,-8.65591247699837,-1.3450052207519396,28.614930890975057,114275747.0,-0.014614507759427173
2022-10-04 00:00:00+05:30,1244.7070915573322,1257.3802921301858,1242.5203917572023,1253.0565185546875,420656,0.0,0.0,1274.9786071777344,1249.838575204843,46.99993718632292,-9.426048751335884,-6.464834824467156,-2.9612139268687288,28.54121645940082,114696403.0,0.0067079452298361986
2022-10-06 00:00:00+05:30,1259.3681410754953,1272.2400873535871,1234.9659711023394,1237.6497802734375,900769,0.0,0.0,1270.6846252441405,1249.3605832467488,43.382730953018026,-10.09726104935794,-5.708837697991369,-4.388423351366571,29.164995015961313,113795634.0,-0.017245442451410888
2022-10-07 00:00:00+05:30,1231.6361467626243,1249.3289754147204,1230.8906644542778,1235.71142578125,570691,0.0,0.0,1266.9820556640625,1248.8253221696705,42.935022931602475,-10.662697697619706,-5.019419477002508,-5.643278220617198,28.398803297709975,113224943.0,0.0033088335620366583
2022-10-10 00:00:00+05:30,1222.5910533388046,1236.4569765072986,1210.713083102569,1231.8350830078125,539842,0.0,0.0,1264.0920776367188,1248.1590382809702,42.00151797910164,-11.293415319094947,-4.520109678782199,-6.773305640312748,28.209166876782803,112685101.0,0.007561015307418727
2022-10-11 00:00:00+05:30,1232.580576095124,1235.5127581617414,1192.9208904840707,1199.08349609375,712461,0.0,0.0,1259.1395874023438,1246.2345072148046,35.064571805678,-14.271529616026328,-5.998579180570863,-8.272950435455465,29.236502648274797,111972640.0,-0.02717638152914456
2022-10-12 00:00:00+05:30,1198.735587958602,1213.0984989983951,1193.0699707783756,1204.898193359375,721135,0.0,0.0,1253.5633728027344,1244.6134752989053,37.05232507225671,-15.978321039828643,-6.164296483498541,-9.814024556330102,28.578790189113707,112693775.0,0.005140921369713887
2022-10-13 00:00:00+05:30,1199.7295545075945,1209.2220779757736,1177.9118203394942,1180.74462890625,689562,0.0,0.0,1247.828125,1242.1088146560562,32.589613830955436,-19.060241729497875,-7.396973738534218,-11.663267990963657,28.7738950067684,112004213.0,-0.015824337685118085
2022-10-14 00:00:00+05:30,1193.7657339603982,1209.7191047509118,1170.5066604222263,1172.6934814453125,717290,0.0,0.0,1242.1028259277343,1239.3866447262233,31.238968742807337,-21.899898001997144,-8.189304008826788,-13.710593993170356,29.51950567261962,111286923.0,-0.017651916046523674
2022-10-17 00:00:00+05:30,1170.9043294228018,1191.4299686325746,1160.5669494461222,1182.63330078125,1615547,0.0,0.0,1238.0051635742188,1237.161023395048,34.82996832365078,-23.082208376706603,-7.497291506828997,-15.584916869877606,29.615470923607678,112902470.0,0.010017019378713922
2022-10-18 00:00:00+05:30,1188.547451333596,1218.615241760392,1185.9631365887114,1211.7071533203125,1367703,0.0,0.0,1233.8180419921875,1236.1628324117253,44.03632824439815,-21.42619313011005,-4.673021008185955,-16.753172121924095,30.07021878471728,114270173.0,0.01948571927921805
2022-10-19 00:00:00+05:30,1212.651287458332,1226.3682112111303,1206.0413196982156,1219.70849609375,947326,0.0,0.0,1229.7327941894532,1235.5175643208245,46.2852709060622,-19.246288392244423,-1.9944930162562606,-17.251795375988163,29.374266836731383,115217499.0,0.005819652119620957
2022-10-20 00:00:00+05:30,1212.6513139914673,1222.5910788602498,1206.6874550701978,1215.58349609375,878595,0.0,0.0,1225.590399169922,1234.7358361550569,45.275139805082915,-17.64811472705378,-0.3170554808524919,-17.33105924620129,28.41207804768286,114338904.0,0.0024179927638319676
2022-10-21 00:00:00+05:30,1221.0503265015343,1242.7190617348567,1219.6091091771,1238.842529296875,1020728,0.0,0.0,1223.6446838378906,1234.8968829449323,51.678757745846404,-14.339444793939265,2.393291561809619,-16.732736355748884,28.32089859007028,115359632.0,0.014571228072406845
2022-10-24 00:00:00+05:30,1261.306388903646,1261.306388903646,1231.3380955002112,1250.0247802734375,157253,0.0,0.0,1222.879327392578,1235.49013382056,54.43905429327036,-10.69173813261159,4.832798578509836,-15.524536711121426,28.438569648167736,115516885.0,-0.008944383957346518
2022-10-25 00:00:00+05:30,1254.000723184461,1270.89832361778,1235.7115313896295,1247.2913818359375,1260061,0.0,0.0,1222.6333129882812,1235.9529278603788,53.63255401768258,-7.930054006840692,6.075586163424587,-14.005640170265279,28.92058554673794,114256824.0,-0.005350348867013104
2022-10-27 00:00:00+05:30,1247.9374639812693,1256.3862640161883,1236.0594936426553,1245.3531494140625,1512949,0.0,0.0,1223.1601196289062,1236.321563999739,53.032591124940325,-5.830587218231585,6.540042361626956,-12.37062957985854,28.30674160579473,112743875.0,-0.0020708686467045307
2022-10-28 00:00:00+05:30,1251.6150138974372,1257.727992924567,1236.953862236967,1245.253662109375,528795,0.0,0.0,1223.8558959960938,1236.6718423569798,52.99981808064326,-4.127196701965886,6.594746302314125,-10.72194300428001,27.76869796878081,112215080.0,-0.005082514764866382
2022-10-31 00:00:00+05:30,1251.5158697521028,1266.077650708315,1247.7388316030194,1258.3245849609375,539055,0.0,0.0,1225.155517578125,1237.5209695179194,56.77895375115223,-1.7029032016109795,7.215231842135225,-8.918135043746204,27.27264729950647,112754135.0,0.005440374647573034
2022-11-01 00:00:00+05:30,1258.3244833221345,1278.6513752522258,1252.460119125526,1261.107666015625,1038607,0.0,0.0,1226.065008544922,1238.4459380080257,57.561406664247734,0.43789051615340213,7.484820447919685,-7.046929931766283,27.195405072877417,113792742.0,0.002211816371992195
2022-11-02 00:00:00+05:30,1267.4194468898615,1271.693594495297,1254.895366901062,1264.9842529296875,369486,0.0,0.0,1227.8243530273437,1239.4866562402478,58.68341405557146,2.419403746678654,7.5730669427559505,-5.1536631960772965,26.45274953868867,114162228.0,-0.0019213796712286557
2022-11-03 00:00:00+05:30,1255.3923275886643,1273.2839047039424,1255.3923275886643,1268.36376953125,431610,0.0,0.0,1228.5897155761718,1240.6190920555814,59.68410683326219,4.213890892694508,7.4940432710174445,-3.2801523783229363,25.841237222730776,114593838.0,0.010332580228127561
2022-11-04 00:00:00+05:30,1272.2899710111938,1274.1288033429155,1251.9134519442175,1257.9766845703125,336277,0.0,0.0,1229.6060607910156,1241.29978195812,55.2544755113629,4.743207196618414,6.41868765995308,-1.6754804633346663,25.582245378157005,114257561.0,-0.011250019073486297
2022-11-07 00:00:00+05:30,1264.28840453496,1274.2779172407882,1257.7779310349408,1270.9481201171875,474230,0.0,0.0,1231.3678955078126,1242.4624618859266,59.31534099889409,6.1386184504790435,6.251279131050968,-0.11266068057192435,24.933512580134884,114731791.0,0.005267560438219172
2022-11-09 00:00:00+05:30,1282.2296347453166,1282.2296347453166,1248.4841824269176,1256.1875,992095,0.0,0.0,1232.585516357422,1243.000698674714,53.3787313530756,5.984448244577607,4.877687140119624,1.106761104457982,25.56293684715375,113739696.0,-0.02031003966812017
2022-11-10 00:00:00+05:30,1260.4615472861522,1260.4615472861522,1218.565414478051,1230.8907470703125,497796,0.0,0.0,1234.17587890625,1242.5257986117963,45.055950213733205,3.7774861886441613,2.1365800673489437,1.6409061212952178,26.729593701507135,113241900.0,-0.023460295381090623
2022-11-11 00:00:00+05:30,1243.4645985841894,1265.5308282984374,1230.8907716216695,1242.7191162109375,1136441,0.0,0.0,1236.0669250488281,1242.5333796941154,49.05576640033096,2.9489101937761006,1.046403257984706,1.9025069357913946,27.294628524836977,114378341.0,-0.0005995203836930269
2022-11-14 00:00:00+05:30,1243.4646695600766,1252.3110851612828,1232.481180099895,1241.0791015625,772676,0.0,0.0,1239.0836486816406,1242.4763491791502,48.52826733678773,2.135307773490922,0.18624067015962176,1.9490671033313003,26.761433991733462,113605665.0,-0.0019184847434552032
2022-11-15 00:00:00+05:30,1241.078978728871,1254.3982875066424,1231.0398407899977,1251.714599609375,775345,0.0,0.0,1243.0347045898438,1242.8386335097473,52.12366793864126,2.3219517867105424,0.29830774670339366,2.0236440400071487,26.518363472084264,114381010.0,0.008569656776716202
2022-11-16 00:00:00+05:30,1252.410442619415,1257.9270609602022,1238.7930125312944,1247.3411865234375,1280120,0.0,0.0,1246.2700988769532,1243.0152042161665,50.559691292471165,2.092845604608783,0.055361251681307344,2.0374843529274758,25.99091239757166,113100890.0,-0.0040475996713787085
2022-11-17 00:00:00+05:30,1247.937408685692,1253.553399785888,1236.506679733175,1246.7943115234375,796479,0.0,0.0,1248.0244567871093,1243.163404502726,50.356221154203475,1.8458710106021954,-0.15329067386022444,1.9991616844624198,25.352041515796042,112304411.0,-0.0009159891788630063
2022-11-18 00:00:00+05:30,1246.7943852368292,1253.4043531584755,1230.1950263975252,1235.2642822265625,1253218,0.0,0.0,1248.80224609375,1242.8536350017002,46.140200161666755,0.7115624131470213,-1.0300794170523189,1.7416418301993402,25.198990461878488,111051193.0,-0.009247798311248017
2022-11-21 00:00:00+05:30,1222.690465593626,1241.3772722850038,1198.2386680164132,1219.2115478515625,1040107,0.0,0.0,1248.9836486816407,1241.926494329146,40.994141628848126,-1.465809884439068,-2.565961371710727,1.1001514872716587,26.48039144807221,110011086.0,-0.0028452971867858777
2022-11-22 00:00:00+05:30,1225.2747676975637,1228.5051912821768,1212.3034473357447,1221.6468505859375,750489,0.0,0.0,1248.1238647460937,1241.1312141823535,42.05007555088183,-2.9607548010653773,-3.248725030669629,0.28797022960425156,25.7462023408122,110761575.0,-0.0029609008585424973
2022-11-23 00:00:00+05:30,1227.5112519582333,1227.5609993181265,1209.8185427447845,1218.9134521484375,880563,0.0,0.0,1246.5682983398438,1240.2599293967096,41.15974966026043,-4.31631602362404,-3.683429002582633,-0.6328870210414068,25.174506214564328,109881012.0,-0.0070042533590464655
2022-11-24 00:00:00+05:30,1222.591006655742,1237.8485205612317,1212.8997364810316,1233.1768798828125,1717980,0.0,0.0,1245.8625732421874,1239.9821627491058,47.41635237807897,-4.191353332873632,-2.84677304946578,-1.344580283407852,25.15838320496688,111598992.0,0.008658556434197096
2022-11-25 00:00:00+05:30,1240.6813951380411,1247.390736385266,1221.696468616601,1227.8094482421875,1429364,0.0,0.0,1244.9853881835938,1239.5048013958933,45.45752073097632,-4.473854565493639,-2.5034194256686293,-1.9704351398250095,25.196660673802477,110169628.0,-0.010374901200498346
2022-11-28 00:00:00+05:30,1222.5911364195877,1261.8532094997288,1219.6092068185642,1245.9495849609375,1073327,0.0,0.0,1245.0201843261718,1239.7575380062872,52.58653355106307,-3.1971269090365695,-0.9813534153692478,-2.2157734936673217,26.41432796004263,111242955.0,0.019105691056910568
2022-11-29 00:00:00+05:30,1245.9495591781515,1265.6303426716563,1240.432940996405,1250.820068359375,1070183,0.0,0.0,1244.6449584960938,1240.191362726016,54.31317320310616,-1.7718786232298953,0.35511589634994145,-2.1269945195798368,26.327404653986108,112313138.0,0.003909074123703823
2022-11-30 00:00:00+05:30,1250.770193831508,1281.9313300821584,1245.2039501910506,1275.17236328125,1401332,0.0,0.0,1245.348193359375,1241.5631666693585,61.803144082655834,1.3075944562635868,2.7476711806747387,-1.440076724411152,27.070260028066233,113714470.0,0.01950971455035259
2022-12-01 00:00:00+05:30,1282.2296153217603,1290.3305476235485,1268.5126918331496,1282.97509765625,949604,0.0,0.0,1246.247735595703,1243.1871639629621,63.84822444130368,4.327826027590163,4.614322201601052,-0.286496174010889,26.69508829680428,114664074.0,0.0005813953488374308
2022-12-02 00:00:00+05:30,1284.2175827053095,1292.1196470060609,1257.3802183608489,1287.3486328125,1614314,0.0,0.0,1247.1969787597657,1244.9189862707872,64.98002290861035,6.993670364853642,5.824133231091625,1.1695371337620173,27.26968403597626,116278388.0,0.0024380993916892886
2022-12-05 00:00:00+05:30,1290.2808081241112,1290.2808081241112,1265.9781324057776,1276.8125,684421,0.0,0.0,1248.13876953125,1246.169712299384,60.09869680716253,8.162105671229938,5.594054829974336,2.5680508412556016,27.057754870430355,115593967.0,-0.010438276721865114
2022-12-06 00:00:00+05:30,1278.253733944847,1305.5880867313815,1273.8305872097603,1277.359130859375,1991151,0.0,0.0,1248.4593200683594,1247.392826752717,60.265469002496175,9.028136869608943,5.168068822682673,3.86006804692627,27.393450916943987,117585118.0,-0.0006998634635012135
2022-12-07 00:00:00+05:30,1278.1544359375473,1288.7899362058351,1251.416443186261,1254.4481201171875,636553,0.0,0.0,1248.3723510742188,1247.6695049238726,50.700499488229,7.776107614037755,3.1328316536891876,4.643275960348568,28.10631106713186,116948565.0,-0.018547301604419055
2022-12-08 00:00:00+05:30,1234.518824228286,1261.107695845119,1234.518824228286,1259.2191162109375,608199,0.0,0.0,1249.78876953125,1248.1224308566987,52.39490735666304,7.087148682091083,1.955098177394012,5.132050504697071,27.99792253496766,117556764.0,0.020008031872735588
2022-12-09 00:00:00+05:30,1269.307899751302,1269.307899751302,1249.4781185280335,1262.002197265625,679420,0.0,0.0,1250.7529235839843,1248.6667354217548,53.40103524285147,6.688612979862,1.245249980131943,5.443362999730057,27.414483869846297,118236184.0,-0.005755658250538362
2022-12-12 00:00:00+05:30,1261.306429319873,1265.3320826730694,1245.502300060709,1255.591064453125,498780,0.0,0.0,1251.4785217285157,1248.9382777367105,50.74062165380502,5.788717000424867,0.2762832005558469,5.5124337998690205,26.872719494311585,117737404.0,-0.0045313055843454065
2022-12-13 00:00:00+05:30,1257.8771906117636,1272.6377165467238,1251.6648378331597,1270.1031494140625,598044,0.0,0.0,1252.39794921875,1249.7682727044498,56.07507839892315,6.175361207146807,0.5303419258222286,5.645019281324578,26.451302295686766,118335448.0,0.009719517051066705
2022-12-14 00:00:00+05:30,1277.259826479899,1278.2538029985603,1258.9706342695242,1262.1016845703125,609946,0.0,0.0,1253.1359741210938,1250.2519359148757,52.68717838496519,5.769619601434215,0.09968025608770947,5.6699393453465055,25.93929275521172,117725502.0,-0.01186770428015572
2022-12-15 00:00:00+05:30,1267.2703189862957,1287.19959679893,1261.0083396947753,1265.8291015625,1303760,0.0,0.0,1254.087713623047,1250.8628051559592,54.07903613827712,5.683324033925828,0.010707750863458543,5.67261628306237,25.957290208707658,119029262.0,-0.0011372612474255315
2022-12-16 00:00:00+05:30,1255.3923712455824,1271.0475017658655,1243.0670378705445,1246.595703125,722024,0.0,0.0,1254.6542846679688,1250.6954678214117,46.48065649714959,4.016658126659422,-1.3247665251223584,5.3414246517817805,26.10180261489433,118307238.0,-0.007007106560520537
2022-12-19 00:00:00+05:30,1246.64529817457,1263.24477879733,1243.8124893701993,1259.865234375,378502,0.0,0.0,1256.6869689941407,1251.0550665097878,51.53963636561528,3.723629972799472,-1.2942357431858476,5.0178657159853195,25.62540881576835,118685740.0,0.010604408663625242
2022-12-20 00:00:00+05:30,1252.4103188451777,1261.356106836929,1221.6467964519943,1223.83349609375,1478618,0.0,0.0,1256.7963012695313,1249.9875539444529,40.37833375110985,0.5772882802702952,-3.55246194857202,4.129750228842315,26.63140178499452,117207122.0,-0.022817460317460344
2022-12-21 00:00:00+05:30,1223.6347454696142,1237.3019215249042,1214.24159530697,1226.914794921875,1281437,0.0,0.0,1257.1963684082032,1249.0827398651363,41.54416236150049,-1.648571410268687,-4.622657311288802,2.974085901020115,26.376324958775918,118488559.0,0.0026805788773200593
2022-12-22 00:00:00+05:30,1226.9645651825988,1241.47659721612,1221.7461887731636,1237.252197265625,1176517,0.0,0.0,1257.4001342773438,1248.6187970180968,45.401383369907144,-2.5490553522402024,-4.418513002608254,1.8694576503680518,25.901616636217376,119665076.0,0.008384620367170251
2022-12-23 00:00:00+05:30,1231.835037050165,1240.482583448856,1209.4208200411824,1217.2235107421875,877135,0.0,0.0,1256.8708374023438,1247.3876093210024,39.906972307661846,-4.82324362941813,-5.354161023828945,0.5309173944108154,26.270198548464254,118787941.0,-0.011861593369650614
2022-12-26 00:00:00+05:30,1215.583636317231,1241.8246428648483,1197.7418048536324,1235.8111572265625,567165,0.0,0.0,1256.363916015625,1246.933630807495,46.39102031565354,-5.067274114158408,-4.478553206855379,-0.5887209073030294,27.542529938660806,119355106.0,0.016640172099234157
2022-12-27 00:00:00+05:30,1236.009901165395,1247.1921379069397,1227.6604734647017,1233.57470703125,471890,0.0,0.0,1255.5016479492188,1246.4097514437208,45.75136545203622,-5.379125659217152,-3.832323801531298,-1.546801857685854,26.970325260344893,118883216.0,-0.0019702060087454427
2022-12-28 00:00:00+05:30,1233.5247576530185,1242.3711722045596,1224.6783431014776,1234.5684814453125,376439,0.0,0.0,1253.471453857422,1245.9453879143716,46.106962142297206,-5.482877763663282,-3.1488607247819425,-2.3340170388813397,26.30764696339754,119259655.0,0.0008461312071918893
2022-12-29 00:00:00+05:30,1230.5429071919357,1255.1935729297893,1221.6468660495568,1251.018798828125,678487,0.0,0.0,1251.8736389160156,1246.1443452051071,51.74563219513596,-4.189406056965936,-1.4843112144676769,-2.705094842498259,26.824722671742894,119938142.0,0.01663972179801087
2022-12-30 00:00:00+05:30,1254.3983304929905,1256.18753670916,1221.3983595560262,1223.88330078125,1052741,0.0,0.0,1248.700372314453,1245.271363070838,43.63543322533669,-5.292914893840361,-2.070256041073682,-3.2226588527666795,27.393612277556528,118885401.0,-0.02432642723603415
2023-01-02 00:00:00+05:30,1222.591054379145,1240.1347632882555,1214.6392426433456,1232.58056640625,703923,0.0,0.0,1246.4887756347657,1244.773684770266,46.528192514492495,-5.403370258698033,-1.744569124745082,-3.6588011339529505,27.258034303796055,119589324.0,0.008170771404979696
2023-01-03 00:00:00+05:30,1237.2025705208712,1267.3201086968552,1219.0128723500045,1260.7598876953125,1871263,0.0,0.0,1245.6588134765625,1245.4005946888954,54.64941637526474,-3.1804094273800274,0.382713365258339,-3.5631227926383664,28.761548735442815,121460587.0,0.019040792296869804
2023-01-04 00:00:00+05:30,1260.7100953619938,1274.5761406223646,1245.5023274011337,1251.4661865234375,1073081,0.0,0.0,1245.509716796875,1245.6384610353482,51.852318544375294,-2.1439073376093347,1.1353723640232256,-3.2792797016325603,28.783853341570538,120387506.0,-0.007332303336479637
2023-01-05 00:00:00+05:30,1253.0564470151735,1266.8727440590776,1247.4902031130662,1260.0142822265625,878852,0.0,0.0,1245.5494750976563,1246.2022187291213,54.17551061950941,-0.6255016859718125,2.123022412528598,-2.7485240985004107,28.11233102760203,121266358.0,0.00555269096453143
2023-01-06 00:00:00+05:30,1263.294342008062,1279.5955803313932,1258.8711952645897,1261.4058837890625,1675874,0.0,0.0,1245.5196594238282,1246.7984408883347,54.55990689128709,0.6822715467753824,2.7446365162206345,-2.062364969445252,27.584620601830704,122942232.0,-0.0014948679466082434
2023-01-09 00:00:00+05:30,1267.717676446549,1305.985772423429,1263.4932762413089,1298.481201171875,1432882,0.0,0.0,1247.6641662597656,1248.8252158014145,63.37478593496024,4.656680206425563,5.375236140696652,-0.7185559342710892,28.7985683184404,124375114.0,0.02426685791079065
2023-01-10 00:00:00+05:30,1298.4811961109597,1305.7372732045123,1290.0821430931694,1294.7537841796875,1000059,0.0,0.0,1248.8966979980469,1250.6263361299743,62.07109590411486,7.42012175855325,6.510942154259472,0.9091796042937788,27.85975130364772,123375055.0,-0.002870593692412356
2023-01-11 00:00:00+05:30,1301.2643061196209,1301.2643061196209,1279.5955707702094,1283.5218505859375,652049,0.0,0.0,1249.967706298828,1251.916356304718,58.186789639071,8.604656798940368,6.1563817557172715,2.448275043223097,27.41753587834513,122723006.0,-0.013634782303828415
2023-01-12 00:00:00+05:30,1283.5219715167989,1312.049050055974,1283.5219715167989,1307.77490234375,1377949,0.0,0.0,1252.0649963378905,1254.1068875219348,63.498467201879336,11.369368930363407,7.136875109712248,4.232493820651159,27.496797563465947,124100955.0,0.018895610176653442
2023-01-13 00:00:00+05:30,1311.0549881244208,1318.012823542822,1298.133293775962,1305.0413818359375,1214977,0.0,0.0,1254.9872802734376,1256.1043186715035,62.53424587352582,13.187829859711428,7.164268831248215,6.023561028463213,26.95270700656551,122885978.0,-0.004586845207069674
2023-01-16 00:00:00+05:30,1311.60177339059,1314.782449739715,1287.1996011437768,1293.0640869140625,600742,0.0,0.0,1256.6472229003907,1257.5537213476823,58.35307129333148,13.506807575720813,5.98659723780608,7.520210337914733,26.997717120092133,122285236.0,-0.014133624132427232
2023-01-17 00:00:00+05:30,1296.8410148696053,1302.5067533879444,1286.7025036989153,1290.628662109375,895667,0.0,0.0,1259.9869812011718,1258.8507778481408,57.511032282614586,13.408516256827397,4.710644735130131,8.697871521697266,26.19818373215906,121389569.0,-0.004790373445163515
2023-01-18 00:00:00+05:30,1301.1152855424475,1314.0369805096375,1294.3065705382796,1302.75537109375,1078873,0.0,0.0,1263.7790100097657,1260.5725266028708,60.56264350499492,14.146076581156649,4.358564047567505,9.787512533589144,25.99890763702359,122468442.0,0.0012605228526069642
2023-01-19 00:00:00+05:30,1305.0911108989112,1321.9887109638628,1295.7477077724636,1315.1302490234375,1189082,0.0,0.0,1267.6729125976562,1262.7120451291676,63.44767575630965,15.549898133570196,4.60990847998484,10.939989653585355,26.016200176621844,123657524.0,0.007692289098200664
2023-01-20 00:00:00+05:30,1316.0745611310017,1317.9630193093428,1284.5654350092532,1288.2928466796875,966855,0.0,0.0,1271.2263793945312,1263.7152138174233,54.18919346514334,14.331676107229441,2.713349162915268,11.618326944314173,26.543441899726687,122690669.0,-0.02110952925603188
2023-01-23 00:00:00+05:30,1277.259788217341,1310.2101330908858,1272.2899057729155,1287.59716796875,1367408,0.0,0.0,1273.8156799316407,1264.651761039044,53.969344641205495,13.158408968828098,1.232065619611138,11.92634334921696,27.356069429601234,121323261.0,0.008093404213278074
2023-01-24 00:00:00+05:30,1288.193655814353,1293.1635387457357,1262.5490113544065,1265.5806884765625,657428,0.0,0.0,1275.4159790039062,1264.6881895660056,47.413385060106066,10.33292884142952,-1.2747316062299525,11.607660447659473,27.588816426867513,120665833.0,-0.017554012345678948
2023-01-25 00:00:00+05:30,1265.5307390862615,1271.0971041488322,1242.5202818553332,1249.8756103515625,599832,0.0,0.0,1276.1813354492188,1264.1073041066156,43.366503958901596,6.748652665075042,-3.887206226067546,10.635858891142588,27.659388274484044,120066001.0,-0.012370405752453184
2023-01-27 00:00:00+05:30,1256.08805157058,1283.7206467397928,1222.5910921331358,1242.7191162109375,1164597,0.0,0.0,1275.7663513183593,1263.2685516401184,41.623096998628476,3.2926629354590204,-5.874556764546854,9.167219700005875,30.050114441067823,118901404.0,-0.010643310668329676
2023-01-30 00:00:00+05:30,1214.6392812968422,1236.954005156544,1208.2778074387577,1226.020263671875,1694822,0.0,0.0,1275.8731994628906,1261.8078344648934,37.804060526804975,-0.7846467468200444,-7.961493157460736,7.1768464106406915,30.363771179004395,117206582.0,0.009369845476166028
2023-01-31 00:00:00+05:30,1236.2085372160902,1236.2085372160902,1205.2462659910193,1212.2041015625,1760628,0.0,0.0,1274.8543762207032,1259.8625900373486,34.947028291817226,-5.072322287281395,-9.799334958337669,4.727012671056274,30.406521182294863,115445954.0,-0.019417788286471154
2023-02-01 00:00:00+05:30,1212.204062649006,1221.3485977153905,1062.4117345676616,1102.717529296875,8470232,0.0,0.0,1266.9522583007813,1253.7000386357613,21.244871713991046,-17.107779574789674,-17.467833796676757,0.3600542218870846,39.58725989411159,106975722.0,-0.09032021647648343
2023-02-02 00:00:00+05:30,1083.633137418481,1148.0428634884663,1082.191920019972,1100.8289794921875,8566734,0.0,0.0,1259.4203979492188,1247.705095139935,21.09125679352935,-26.492961997287694,-21.482412975339823,-5.010549021947871,41.46323729228178,98408988.0,0.01586869345346136
2023-02-03 00:00:00+05:30,1108.2838602041038,1138.7492659197694,1108.2838602041038,1131.195068359375,4061171,0.0,0.0,1252.9794372558595,1243.136074481874,29.871722638446055,-31.12174498850277,-20.88895677324392,-10.23278821525885,41.21016937337465,102470159.0,0.020672689531950617
2023-02-06 00:00:00+05:30,1120.410237326478,1139.941899383722,1108.283772830413,1131.5428466796875,2909587,0.0,0.0,1246.4862854003907,1238.7598694700234,29.967837003639705,-34.36587760862062,-19.306471514689417,-15.059406093931205,40.527880600512816,105379746.0,0.009936190318801594
2023-02-07 00:00:00+05:30,1136.1149732464587,1140.9357342990077,1117.6766633356226,1124.9327392578125,1741642,0.0,0.0,1237.8088623046874,1234.2960604420937,29.15007761034407,-37.043245038565146,-17.58707115570715,-19.456173882857996,39.29439419786083,103638104.0,-0.009842519685039332
2023-02-08 00:00:00+05:30,1133.1331722641155,1164.9404192048626,1128.312410666662,1157.485595703125,3265863,0.0,0.0,1230.9454528808594,1231.2838853542912,38.10732674281615,-36.12194327962425,-13.332615517413,-22.789327762211247,39.34534317994577,106903967.0,0.02149122807017544
2023-02-09 00:00:00+05:30,1163.5489546110905,1177.8622415603493,1155.746262763119,1173.339599609375,2186484,0.0,0.0,1225.4363403320312,1229.011560423118,41.95613386739485,-33.72377272064341,-8.747555966745729,-24.97621675389768,38.1146742954661,109090451.0,0.00841446761606775
2023-02-10 00:00:00+05:30,1172.7430975166062,1180.3470416731247,1160.0202716789502,1177.3651123046875,1655228,0.0,0.0,1218.9158508300782,1226.9862095165129,42.92661580082805,-31.139424144942495,-4.930565912835849,-26.208858232106646,36.844109702516704,110745679.0,0.003941199737494801
2023-02-13 00:00:00+05:30,1173.0910305599143,1180.7943485254948,1165.9841955693655,1171.9976806640625,812659,0.0,0.0,1212.2636657714843,1224.8297966203384,41.920184097071676,-29.187955572406736,-2.3832778722400683,-26.804677700166668,35.270255649203314,109933020.0,-0.0009320247682142465
2023-02-14 00:00:00+05:30,1170.9042572351646,1174.333427451125,1148.1421722799737,1154.702392578125,990530,0.0,0.0,1205.3455810546875,1222.0797023441733,38.766217781891314,-28.706082030153993,-1.5211234639898592,-27.184958566164134,34.62175561505675,108942490.0,-0.013837053334571288
2023-02-15 00:00:00+05:30,1153.9073183289995,1176.719029979954,1143.0729504447368,1173.2401123046875,1243115,0.0,0.0,1199.4761535644532,1220.164424303409,43.659163055453746,-26.522618484330906,0.5298720654665843,-27.05249054979749,34.55206446649679,110185605.0,0.016754199985215684
2023-02-16 00:00:00+05:30,1179.154418627376,1179.154418627376,1162.5053115726143,1167.02783203125,356750,0.0,0.0,1192.6897766113282,1218.0806363711674,42.435428352009794,-25.005242127116162,1.6377987381450616,-26.643040865261224,33.27328179422999,109828855.0,-0.010284137857230053
2023-02-17 00:00:00+05:30,1168.5186721235084,1168.5186721235084,1130.3997001276869,1142.774658203125,909951,0.0,0.0,1184.0719970703126,1215.1274607567345,37.96179090911622,-25.466180589922487,0.9414882202709904,-26.407668810193478,33.6194025229151,108918904.0,-0.022031324389194133
2023-02-20 00:00:00+05:30,1137.1090778939035,1163.5985749982085,1134.2762692308393,1151.42236328125,488052,0.0,0.0,1177.2284729003907,1212.6292216400489,40.375441201904174,-24.8472564096503,1.2483299204345428,-26.095586330084842,33.31246704037611,109406956.0,0.012587433928376352
2023-02-21 00:00:00+05:30,1157.1873258288615,1160.9644848443818,1137.3077969787864,1143.4207763671875,610755,0.0,0.0,1170.0196533203125,1209.9151649626817,38.868578468731315,-24.71748791500704,1.1024787320622451,-25.819966647069286,32.62276852789177,108796201.0,-0.011896560871692404
2023-02-22 00:00:00+05:30,1141.9796308145876,1142.029256838822,1118.3726888218075,1124.3365478515625,944068,0.0,0.0,1162.9574462890625,1206.5591407622458,35.46854673753684,-25.85652526757326,-0.02924689640317979,-25.82727837117008,32.081719886283786,107852133.0,-0.015449560120822898
2023-02-23 00:00:00+05:30,1130.0021304395357,1135.0217601683078,1117.0804362747954,1128.5609130859375,768179,0.0,0.0,1156.8917114257813,1203.5003867357239,36.786695247821235,-26.11728579270948,-0.2320059372315164,-25.885279855477965,31.071691601085828,108620312.0,-0.001275411182665282
2023-02-24 00:00:00+05:30,1129.256678878418,1135.469032011645,1112.4584517391684,1115.2913818359375,973799,0.0,0.0,1150.5203247070312,1200.041210072987,34.409063683028776,-27.082490568326875,-0.957768570279125,-26.12472199804775,30.49589793475659,107646513.0,-0.0123668049113075
2023-02-27 00:00:00+05:30,1115.2913023527904,1128.163248593486,1103.761078691225,1122.3485107421875,987563,0.0,0.0,1145.336737060547,1196.9944375502107,36.75042556243976,-26.96711091489783,-0.6739111334800612,-26.29319978141777,30.06063164672119,108634076.0,0.00632768172271176
2023-02-28 00:00:00+05:30,1124.5850607552477,1128.0639785806932,1102.3697097654804,1114.2476806640625,1219508,0.0,0.0,1140.438916015625,1193.7494666919304,35.19725324598013,-27.215616310438918,-0.7379332232169169,-26.477683087222,29.748748587327736,107414568.0,-0.00919217269722828
2023-03-01 00:00:00+05:30,1119.863594770345,1119.863594770345,1102.1211393555616,1111.414794921875,675500,0.0,0.0,1140.873779296875,1190.520656034281,34.64582076670786,-27.32614998369627,-0.6787735171794118,-26.647376466516857,28.891156217860278,106739068.0,-0.007544490139625014
2023-03-02 00:00:00+05:30,1114.9433126175777,1116.2355305101432,1091.4854931445632,1093.523193359375,491880,0.0,0.0,1140.5084899902345,1186.7168339685984,31.30952259242582,-28.52859159042282,-1.504972099124771,-27.02361949129805,28.595362014125975,106247188.0,-0.019211846033601657
2023-03-03 00:00:00+05:30,1093.523186326436,1125.8770461028355,1093.523186326436,1122.4478759765625,922485,0.0,0.0,1140.0711303710937,1184.196482674793,41.172313777414566,-26.838181226339657,0.14835061196671617,-26.986531838306373,28.863826140002658,107169673.0,0.02645091572982158
2023-03-06 00:00:00+05:30,1125.18141615412,1139.0473400188291,1118.2235805418595,1121.9012451171875,920574,0.0,0.0,1139.5890502929688,1181.753532182338,41.05234960866821,-25.25154330336045,1.3879908279567417,-26.63953413131719,28.289535664071725,106249099.0,-0.0029152374806758444
2023-03-08 00:00:00+05:30,1123.1934230778627,1134.4254058426493,1104.0096284682772,1122.398193359375,959097,0.0,0.0,1139.4623229980468,1179.4258718363394,41.220028095366985,-23.681041443491495,2.36679415026056,-26.047835593752055,28.44141007195032,107208196.0,-0.0007080078124999512
2023-03-09 00:00:00+05:30,1122.3982308388338,1127.8651016646843,1085.4223530598165,1090.093994140625,1239659,0.0,0.0,1136.0927429199219,1175.9226609463115,34.374857742104396,-24.757695007272332,1.0321124691837795,-25.78980747645611,29.441505681444426,105968537.0,-0.028781439430874686
2023-03-10 00:00:00+05:30,1086.416393867724,1093.9209655249765,1077.42085735155,1089.2989501953125,893708,0.0,0.0,1131.8907104492187,1172.5256526815665,34.22422256347273,-25.3825103362733,0.325837712146253,-25.708348048419552,28.517120145157428,105074829.0,0.002653270278190759
2023-03-13 00:00:00+05:30,1085.4224609375,1094.7658653627605,1059.7281897693108,1066.0399169921875,875379,0.0,0.0,1126.3244506835938,1168.3497414780616,30.072399921391053,-27.438200090739883,-1.3838816338562623,-26.05431845688362,28.98287410574973,104199450.0,-0.01785714285714294
2023-03-14 00:00:00+05:30,1068.3258655953557,1085.9689464037283,1064.5487068037853,1070.6119384765625,1089923,0.0,0.0,1121.2551635742188,1164.516886458395,31.823225722047198,-28.37137752821218,-1.8536472570628462,-26.517730271149333,28.442685926763534,105289373.0,0.0021398647686329407
2023-03-15 00:00:00+05:30,1073.4945043479931,1074.8860955650755,1055.6029292755268,1060.62255859375,1566147,0.0,0.0,1116.551171875,1160.442599091154,30.05273649790428,-29.57605251941095,-2.4466577986092943,-27.129394720801656,27.788434524105334,103723226.0,-0.011990695529513828
2023-03-16 00:00:00+05:30,1067.9952310109422,1084.5340863108652,1050.7092642886334,1058.7296142578125,1023855,2.5,0.0,1110.8256469726562,1156.4538545878859,29.715360571166833,-30.333841276984685,-2.5635572449464235,-27.770284032038262,28.219605059685794,102699371.0,-0.008675709857205161
2023-03-17 00:00:00+05:30,1064.05991196493,1087.0746666356836,1062.216761347786,1067.6466064453125,1569036,0.0,0.0,1105.8565856933594,1152.9712174058243,33.502411861424676,-29.870538604548074,-1.6802036580078479,-28.190334946540226,28.228565582413314,104268407.0,0.003370763657244763
2023-03-20 00:00:00+05:30,1067.6465522804435,1085.9288298234644,1050.1115077837585,1070.1373291015625,842875,0.0,0.0,1102.2247192382813,1149.7228296291867,34.56302174682209,-28.968457055507542,-0.6224976871738512,-28.34595936833369,28.77061961507707,105111282.0,0.002332960112875171
2023-03-21 00:00:00+05:30,1071.0838076686955,1095.642767774586,1071.0838076686955,1093.650146484375,842669,0.0,0.0,1099.3361083984375,1147.5239008784097,43.69311587766326,-26.055906796456384,1.8320420575018481,-27.887948853958232,28.537392404930387,105953951.0,0.02106869570253055
2023-03-22 00:00:00+05:30,1115.3698209631723,1123.4897774362034,1098.980558709106,1108.993408203125,1399723,0.0,0.0,1097.6147399902343,1146.0129011656534,48.721042298868205,-22.25309689175583,4.507881569761924,-26.760978461517755,28.630409443994534,107353674.0,-0.005716859682056815
2023-03-23 00:00:00+05:30,1109.6909883607602,1121.3976399513735,1100.9234049044842,1114.5230712890625,463672,0.0,0.0,1097.1240661621093,1144.7780058763753,50.43869674448123,-18.57897815168235,6.545600247868325,-25.124578399550675,28.04782555848702,107817346.0,0.004354440090966443
2023-03-24 00:00:00+05:30,1105.9048448591843,1117.7111019870686,1084.4841654317318,1108.0966796875,1019781,0.0,0.0,1096.1008544921874,1143.3395224964195,48.40924774803107,-16.00131546996363,7.298610343669637,-23.299925813633266,28.417762058262003,106797565.0,0.0019819379926803425
2023-03-27 00:00:00+05:30,1105.6059185945787,1112.4804866456798,1091.0598069162795,1095.244384765625,1078978,0.0,0.0,1095.0985046386718,1141.4534386638393,44.54871168723896,-14.824682303182954,6.78019480836025,-21.604877111543203,27.917970463343305,105718587.0,-0.00937181472592429
2023-03-28 00:00:00+05:30,1100.7241203577175,1102.417799915659,1084.035915975804,1087.27392578125,609715,0.0,0.0,1093.344775390625,1139.3287518841298,42.29599853950025,-14.369696552428195,5.788144447292009,-20.157840999720204,27.236821425951284,105108872.0,-0.01221940568731831
2023-03-29 00:00:00+05:30,1089.963994422563,1101.919723794657,1079.2536535267288,1094.6466064453125,890212,0.0,0.0,1092.3647216796876,1137.5765108865291,45.0633219371962,-13.26133493914881,5.517204848457116,-18.778539787605926,26.91033920037821,105999084.0,0.004296116244858361
2023-03-31 00:00:00+05:30,1096.141015746185,1108.8439775449722,1093.201947742686,1097.0377197265625,959958,0.0,0.0,1091.6458679199218,1135.986754370452,45.96834914049804,-12.05109005230156,5.381959788243492,-17.433049840545053,26.105459957657356,106959042.0,0.0008180553117675315
2023-04-03 00:00:00+05:30,1095.9417539505855,1122.6429289675464,1087.7720549782096,1099.727783203125,1689388,0.0,0.0,1091.9560974121093,1134.5648339325176,47.02568186464886,-10.750966173566667,5.345666933582709,-16.096633107149376,26.731560959920174,108648430.0,0.0034545898437502174
2023-04-05 00:00:00+05:30,1105.4565561696245,1114.7720366406647,1096.3900317469447,1101.4713134765625,713828,0.0,0.0,1090.9072692871093,1133.2670488165977,47.73950173114186,-9.470747429969606,5.300708541743816,-14.771455971713422,26.135164098048737,109362258.0,-0.003605064957840355
2023-04-06 00:00:00+05:30,1104.8089765041432,1115.8680011198207,1100.9233403905375,1112.1318359375,959185,0.0,0.0,1090.418798828125,1132.4382169389862,51.99853856168571,-7.509386253002731,5.8096557749685545,-13.319042027971285,25.335842428851198,110321443.0,0.0066281679358977975
2023-04-10 00:00:00+05:30,1115.2702110736384,1115.31995363618,1099.9768663011432,1102.168701171875,985731,0.0,0.0,1089.40732421875,1131.251177104982,48.05674060389982,-6.68191019818687,5.309705463827534,-11.991615662014404,24.622074207864443,109335712.0,-0.011747386213383166
2023-04-11 00:00:00+05:30,1106.80162222561,1127.6742835209488,1104.310845382731,1108.545166015625,913188,0.0,0.0,1090.3298828125,1130.3607452975562,50.635927716369984,-5.448791760887161,5.234259120901793,-10.683050881788954,24.685181932236546,110248900.0,0.0015752992722481815
2023-04-12 00:00:00+05:30,1114.37345738426,1125.8310298115457,1107.9970449268235,1122.692626953125,784276,0.0,0.0,1091.9995666503905,1130.0600347742452,55.871412439045486,-3.2920064516254115,5.912835544130836,-9.204841995756247,24.19581071455695,111033176.0,0.007465333559175312
2023-04-13 00:00:00+05:30,1122.6927193965012,1134.7979190643318,1119.355102782069,1126.0802001953125,1508398,0.0,0.0,1095.0015808105468,1129.9039628299734,57.04615534980323,-1.2944678857143117,6.3282992880335485,-7.62276717374786,23.570596826535937,112541574.0,0.0030172822360799356
2023-04-17 00:00:00+05:30,1115.868058120114,1146.504614180108,1114.8717473539352,1141.12451171875,1053536,0.0,0.0,1098.5272094726563,1130.3439843550234,61.89732615924646,1.4854229969766948,7.286552136579645,-5.80112913960295,24.146473255081432,113595110.0,0.02263390677315841
2023-04-18 00:00:00+05:30,1141.124517412852,1149.0452610154764,1135.893885864314,1141.3238525390625,521013,0.0,0.0,1102.562274169922,1130.7745674210641,61.958633043536736,3.662374118688831,7.570802606633425,-3.9084284879445943,23.361109104801503,114116123.0,0.00017468306321428433
2023-04-19 00:00:00+05:30,1135.7942268806123,1141.024858188615,1116.366167736602,1119.2554931640625,1033060,0.0,0.0,1105.5885681152345,1130.3228390188287,51.98621491018818,3.565787222666131,5.97937256848858,-2.413585345822449,23.475150226062865,113083063.0,-0.014561382092927528
2023-04-20 00:00:00+05:30,1119.2554580993992,1127.6244922540063,1108.39564720949,1124.685302734375,663526,0.0,0.0,1108.4405029296875,1130.1017591645364,53.95014556129774,3.88262517899625,5.03696841985496,-1.1543432408587093,23.17184271309525,113746589.0,0.004851300563855338
2023-04-21 00:00:00+05:30,1132.4067148659658,1132.4067148659658,1099.2793841620542,1102.4676513671875,835506,0.0,0.0,1110.0570190429687,1129.0180686626795,45.71104849475324,2.3142653470690675,2.7748868703422214,-0.460621523273154,23.882948998153562,112911083.0,-0.02643843692000886
2023-04-24 00:00:00+05:30,1101.9196694065972,1109.541470829107,1086.5764598123862,1101.6207275390625,1337055,0.0,0.0,1110.455548095703,1127.94366312842,45.426258417525844,0.991559129531197,1.1617445222434808,-0.17018539271228378,23.817381999479796,111574028.0,-0.00027129188799734173
2023-04-25 00:00:00+05:30,1101.9197346144874,1118.0101782097508,1096.9880448480617,1101.770263671875,1099269,0.0,0.0,1110.0943908691406,1126.9172553065946,45.490832715656126,-0.0441201713870214,0.10085217706020991,-0.1449723484472313,23.61772138249475,112673297.0,-0.00013564594399855973
2023-04-26 00:00:00+05:30,1101.9196460168491,1117.860617387798,1099.9270245954804,1114.17431640625,993607,0.0,0.0,1110.076953125,1126.4175322124636,50.70170040882373,0.13445005509606744,0.223537922834639,-0.08908786773857155,23.21171219748209,113666904.0,0.011121201472084008
2023-04-27 00:00:00+05:30,1134.5487820398994,1140.7757237634994,1120.8495102479797,1132.8551025390625,1895316,0.0,0.0,1111.314874267578,1126.6699859507617,57.31913871957003,1.7630284704271162,1.4816930705325502,0.281335399894566,23.453833280322613,115562220.0,-0.0014928221048297915
2023-04-28 00:00:00+05:30,1143.764800557277,1143.764800557277,1125.9806770677285,1135.8939208984375,1380448,0.0,0.0,1113.3473510742188,1127.0317088898862,58.29973679013716,3.261301588366905,2.383972950777871,0.8773286375890338,23.048854009553043,116942668.0,-0.006881554367650307
2023-05-02 00:00:00+05:30,1142.768416532026,1153.9769123349772,1140.1281687522269,1146.654052734375,916515,0.0,0.0,1116.316357421875,1127.8012125700623,61.65882075745436,5.25635455841325,3.503220736659373,1.753133821753877,22.694149540052088,117859183.0,0.0034001956530621447
2023-05-03 00:00:00+05:30,1144.262868571754,1145.8569414090282,1130.1153049134964,1132.7056884765625,623440,0.0,0.0,1118.2193115234375,1127.9935449585525,55.42598277939217,5.646838744482238,3.114963938182689,2.5318748062995495,22.254477988682552,117235743.0,-0.010100109347790895
2023-05-04 00:00:00+05:30,1132.755466254641,1165.583978661988,1132.755466254641,1163.1429443359375,2409910,0.0,0.0,1121.5245727539063,1129.3719527772735,63.982086998905835,8.316465411871377,4.627672484457462,3.688792927413915,23.01332171702134,119645653.0,0.02682615885471735
2023-05-05 00:00:00+05:30,1167.676193427943,1178.884689311957,1163.1927950743373,1169.369873046875,1360996,0.0,0.0,1125.0066772460937,1130.940498670199,65.44351341146002,10.81001377594771,5.696976678827035,5.1130370971206744,22.493923378378344,121006649.0,0.0014504702831697786
2023-05-08 00:00:00+05:30,1173.653987879797,1181.3255315125225,1163.6908810217335,1177.9879150390625,1221625,0.0,0.0,1128.8325073242188,1132.7854953905469,67.4141513476732,13.3279366272252,6.571919624083619,6.75601700314158,22.146832457836247,122228274.0,0.0036926787656512312
2023-05-09 00:00:00+05:30,1179.5820097711949,1185.559873997315,1172.5580922774789,1178.7850341796875,1412254,0.0,0.0,1132.1651672363282,1134.589398872474,67.59820550717909,15.212370739846165,6.765082989363666,8.447287750482499,21.493614547979096,123640528.0,-0.0006756423757784781
2023-05-10 00:00:00+05:30,1180.03039325603,1190.5912621359223,1176.9915970352322,1184.4141845703125,1420187,0.0,0.0,1136.27744140625,1136.5433120370953,68.93272246000066,16.964467916338663,6.813744132684931,10.150723783653731,20.929761016029882,125060715.0,0.0037149816982140348
2023-05-11 00:00:00+05:30,1184.7130343569795,1191.3883890488796,1174.7001847490678,1181.0267333984375,621616,0.0,0.0,1139.9015197753906,1138.2877599336186,67.1406504695118,17.873642329608174,6.178334836763554,11.69530749284462,20.62679267915716,124439099.0,-0.003111556006930235
2023-05-12 00:00:00+05:30,1175.6466152779517,1189.5451007682125,1169.6687511324706,1182.670654296875,1158276,0.0,0.0,1142.9004211425781,1140.028265594923,67.58112471537491,18.513409222733344,5.454481383910979,13.058927838822365,20.573189604627498,125597375.0,0.005974617650953428
2023-05-15 00:00:00+05:30,1176.742597177255,1190.093185490848,1176.742597177255,1185.061767578125,680497,0.0,0.0,1145.8494995117187,1141.7942852805388,68.24783750398468,18.994416147500942,4.7483906469428625,14.24602550055808,20.057289512410758,126277872.0,0.0070696602815482805
2023-05-16 00:00:00+05:30,1191.5876598725652,1197.3663108844817,1169.8680368222197,1176.3939208984375,926172,0.0,0.0,1147.612969970703,1143.1511337361428,63.17574715280109,18.463360685078896,3.373868147616651,15.089492537462245,20.5887884088287,125351700.0,-0.012750836120401378
2023-05-17 00:00:00+05:30,1178.436340049754,1180.5783107505015,1154.923310324736,1158.310791015625,688730,0.0,0.0,1148.4623168945313,1143.745630100044,54.13644535056849,16.394354042272425,1.0438892038481438,15.350464838424282,20.950660695752767,124662970.0,-0.017078180933625484
2023-05-18 00:00:00+05:30,1158.310888743344,1168.5230742404542,1146.2555526268468,1148.4473876953125,1133501,0.0,0.0,1149.9219116210938,1143.9300127508388,49.93920358488939,13.799682999795095,-1.2406254709033497,15.040308470698445,21.044722189885242,123529469.0,-0.00851541770338751
2023-05-19 00:00:00+05:30,1148.4472443504828,1153.4287976297337,1138.3347884895663,1149.8919677734375,333053,0.0,0.0,1151.1822448730468,1144.163814908588,50.543977357545245,11.724796884430361,-2.652409269014468,14.37720615344483,20.619671257762533,123862522.0,0.0012579797897218571
2023-05-22 00:00:00+05:30,1153.1798124562015,1155.6208467307888,1144.9602488861904,1146.554443359375,392404,0.0,0.0,1153.3865844726563,1144.257565043913,49.069050902278825,9.699316676861145,-3.7423115812669483,13.441628258128093,19.908308871107955,123470118.0,-0.005745304440176475
2023-05-23 00:00:00+05:30,1142.7683286389254,1163.541381605363,1140.6262363929,1161.2996826171875,1139676,0.0,0.0,1156.3705322265625,1144.92588338012,55.278202435702006,9.17812686327079,-3.4108011158858424,12.588927979156633,20.123082895490466,124609794.0,0.016216194931070224
2023-05-24 00:00:00+05:30,1165.185400490026,1172.8072019099986,1154.524924310954,1171.0137939453125,995336,0.0,0.0,1159.8327087402345,1145.948938696402,58.838434516274674,9.440108091182765,-2.5190559103790964,11.959164001561861,19.99159680288719,125605130.0,0.005002116790027829
2023-05-25 00:00:00+05:30,1171.013848171289,1177.6393391665667,1167.1780760013814,1173.0064697265625,1136179,0.0,0.0,1162.77431640625,1147.0100183446434,59.549808356861114,9.696744350971812,-1.8099357204720405,11.506680071443853,19.31085868590848,126741309.0,0.0017016208291517794
2023-05-26 00:00:00+05:30,1170.6650542734358,1199.2591222702597,1168.8219038311242,1191.3385009765625,703725,0.0,0.0,1165.698486328125,1148.7483902125618,65.4633172939281,11.249692695809927,-0.20558990050714243,11.455282596317069,20.105598668281836,127445034.0,0.01765957446808519
2023-05-29 00:00:00+05:30,1194.5267042475648,1227.355215859943,1192.6835537161785,1213.6060791015625,1370649,0.0,0.0,1169.5840942382813,1151.2918289925228,71.00771310503792,14.114519509334968,2.1273895304143196,11.987129978920649,21.24210696936031,128815683.0,0.01597233011715368
2023-05-30 00:00:00+05:30,1210.168796215754,1213.307199193233,1196.4196601334434,1211.4141845703125,745769,0.0,0.0,1172.8221008300782,1153.649568426946,69.81953401896713,16.023340731007238,3.228968601669271,12.794372129337967,20.952414969271654,128069914.0,0.0010291030131110458
2023-05-31 00:00:00+05:30,1211.0655309443289,1235.07659470667,1207.478715096046,1230.4437255859375,2382996,0.0,0.0,1177.709002685547,1156.6611040018083,73.90244200816348,18.85427982352394,4.847926155348777,14.006353668175162,21.427091015082535,130452910.0,0.01600094639511246
2023-06-01 00:00:00+05:30,1236.9197994256656,1238.4142655546534,1199.9566948260242,1203.2943115234375,1041761,0.0,0.0,1179.716571044922,1158.4898572379507,61.18486225706529,18.691623234914005,3.7482156533910747,14.94340758152293,22.64355385176444,129411149.0,-0.027184857027788938
2023-06-02 00:00:00+05:30,1207.329336650679,1211.713006368422,1194.8255889067775,1198.0635986328125,737046,0.0,0.0,1181.1512573242187,1160.0417686652002,59.07556086697831,17.93391093934474,2.392402686257448,15.541508253087294,22.232401252470154,128674103.0,-0.007674573736086799
2023-06-05 00:00:00+05:30,1203.5434136519282,1214.5028321537254,1200.554481333256,1210.9161376953125,1599077,0.0,0.0,1182.7976684570312,1162.0368419604988,62.496744271742706,18.161160422851935,2.0957217358117113,16.065438687040224,21.818603557358923,130273180.0,0.006125848024886088
2023-06-06 00:00:00+05:30,1215.349633949001,1220.4806585927918,1205.635604217344,1218.488037109375,793761,0.0,0.0,1184.7828186035156,1164.2506143192782,64.38568695147916,18.73626626292844,2.13666206071057,16.59960420221787,21.32049290150812,131066941.0,0.0025823047728056317
2023-06-07 00:00:00+05:30,1220.7796091419657,1243.3958144915423,1216.4954242741774,1241.2039794921875,1067618,0.0,0.0,1187.6223083496093,1167.268393345667,69.37002072324937,20.785427025572744,3.3486582586838978,17.436768766888846,21.71905699549789,132134559.0,0.016730595921877523
2023-06-08 00:00:00+05:30,1243.096806856694,1250.1208459120733,1229.4972631511066,1234.329345703125,760962,0.0,0.0,1190.2874389648437,1169.8982346145867,66.34389476015266,21.60562006127384,3.3350810355079936,18.270539025765846,21.640808835888517,131373597.0,-0.007052919052811731
2023-06-09 00:00:00+05:30,1223.0710533030767,1248.9751328227117,1222.9714465519942,1227.8533935546875,1904738,0.0,0.0,1192.5465759277345,1172.170985945571,63.532326185446536,21.48540337869963,2.571891482347027,18.913511896352603,21.9524429383763,129468859.0,0.0039101082792331555
2023-06-12 00:00:00+05:30,1237.617098028229,1251.6651761389876,1230.2942387359994,1234.329345703125,1402903,0.0,0.0,1195.0099548339845,1174.6085686811612,65.124017517633,21.662968788766648,2.1995655139312333,19.463403274835414,22.085252913085146,130871762.0,-0.002656518183485111
2023-06-13 00:00:00+05:30,1233.4326394383015,1244.192843583808,1233.4326394383015,1238.713134765625,1253147,0.0,0.0,1198.1259155273438,1177.122473233493,66.19950305894038,21.904919519146688,1.953212995449018,19.95170652369767,21.276320858258106,132124909.0,0.004281137987177141
2023-06-14 00:00:00+05:30,1235.524962278046,1250.3201528972347,1223.1209418322535,1237.7169189453125,713768,0.0,0.0,1202.0962219238281,1179.4987260065056,65.70364649418232,21.76538313683659,1.4509412905111354,20.314441846325455,21.699384444452615,131411141.0,0.0017741095762444912
2023-06-15 00:00:00+05:30,1240.406876460533,1245.9861923037524,1231.888370950108,1236.521240234375,738348,0.0,0.0,1206.4999145507813,1181.7349030350495,65.0736297157783,21.31263942860619,0.7985580658245865,20.514081362781603,21.156415652252026,130672793.0,-0.0031325497301705296
2023-06-16 00:00:00+05:30,1236.4215685723457,1287.1835496735655,1231.489879295725,1276.6226806640625,2049003,0.0,0.0,1212.8364501953124,1185.4559923538343,74.05813236009153,23.914021920211326,2.719952445943779,21.194069474267547,23.623362418365495,132721796.0,0.03251408185812845
2023-06-19 00:00:00+05:30,1276.6227186955496,1283.3976802498696,1270.2961699378905,1275.77587890625,741782,0.0,0.0,1219.2975219726563,1188.9979486892232,73.62742069400214,25.612066502239486,3.534397622377547,22.07766887986194,22.871801553623612,131980014.0,-0.0006633438187320248
2023-06-20 00:00:00+05:30,1277.1208504301785,1301.9788754442152,1275.7758553050005,1290.571044921875,1474323,0.0,0.0,1225.7610900878906,1192.9812073650135,76.228714046194,27.8308090734256,4.602512154850928,23.22829691857467,23.10974573830869,133454337.0,0.010531653670180078
2023-06-21 00:00:00+05:30,1290.5710339534023,1301.4807090314778,1281.5046309563422,1290.1724853515625,855234,0.0,0.0,1231.7190246582031,1196.7926300311528,76.01120744697302,29.22018600451861,4.793511268755147,24.426674735763463,22.88591233379632,132599103.0,-0.0003088157035563923
2023-06-22 00:00:00+05:30,1291.1191019390992,1301.1818160084338,1268.2536976674328,1271.7906494140625,556505,0.0,0.0,1236.6582336425781,1199.7337288304825,66.5759920664079,28.509378328685443,3.266162874337585,25.243215454347858,23.603212762882368,132042598.0,-0.014970309474941386
2023-06-23 00:00:00+05:30,1266.5101450694012,1270.1965677241617,1255.849668959066,1258.04150390625,1076729,0.0,0.0,1239.9933837890626,1202.0203082452185,60.52431714162927,26.530786595387326,1.0300569128315757,25.50072968255575,23.055910455176225,130965869.0,-0.006686595599822199
2023-06-26 00:00:00+05:30,1262.2757405869463,1271.491614181345,1258.5395756162443,1261.677978515625,1009927,0.0,0.0,1242.3969787597657,1204.359824726411,61.52058459934947,24.96835188320506,-0.42590223948055694,25.394254122685616,22.36978187088471,131975796.0,-0.00047355902684413393
2023-06-27 00:00:00+05:30,1263.820188032308,1285.240869185398,1253.5083960802783,1281.6541748046875,1650539,0.0,0.0,1245.9089782714843,1207.390975709873,66.51929331357209,25.053225224261496,-0.2728231187393,25.326048343000796,23.038545530472923,133626335.0,0.01411117415377424
2023-06-28 00:00:00+05:30,1285.24074821334,1307.757344749521,1280.2591949256914,1295.104248046875,2245575,0.0,0.0,1249.1420043945313,1210.8307118799514,69.40150555763823,25.907154907095446,0.46488525127571734,25.44226965581973,23.35708869428412,135871910.0,0.007674437530280998
2023-06-30 00:00:00+05:30,1296.2500978814835,1310.5968748093828,1296.200233698,1302.0784912109375,972782,0.0,0.0,1254.0812133789063,1214.4090561674411,70.80495758630893,26.83729978386077,1.1160241024328315,25.72127568142794,22.795341413442955,136844692.0,0.004496349384258171
2023-07-03 00:00:00+05:30,1303.1246065982396,1307.1597138140205,1286.2371879069365,1293.1614990234375,599025,0.0,0.0,1258.8361083984375,1217.4973872598332,66.59894244801396,26.548880583647133,0.662083921775352,25.88679666187178,22.661568877274462,136245667.0,-0.007645552485429916
2023-07-04 00:00:00+05:30,1315.1302083333333,1315.1800725195142,1278.1172391308678,1284.49365234375,866223,0.0,0.0,1262.5149841308594,1220.124691772928,62.69995436999946,25.32890762232364,-0.44631123163851427,25.775218853962155,23.69023062808674,135379444.0,-0.02329545454545449
2023-07-05 00:00:00+05:30,1284.7925348143574,1311.8422735072354,1280.3588791480763,1286.78515625,960704,0.0,0.0,1265.9298400878906,1222.7388276347738,63.31147192273861,24.267237863126184,-1.2063847926687785,25.473622655794962,24.246885180306197,136340148.0,0.001550928559785353
2023-07-06 00:00:00+05:30,1293.2113495607848,1306.9106223315555,1284.5932372755433,1288.179931640625,726222,0.0,0.0,1268.2786376953125,1225.305145438925,63.70155396241102,23.27015973123366,-1.762770339649041,25.032930070882703,24.109063742856623,137066370.0,-0.0038906385424692094
2023-07-07 00:00:00+05:30,1287.831214884011,1313.1375315458365,1283.696501063877,1289.22607421875,939840,0.0,0.0,1271.0234741210938,1227.8118485283298,64.01063413517518,22.30723912437361,-2.180552757207277,24.487791881580886,24.48991850993541,138006210.0,0.0010831072570831385
2023-07-10 00:00:00+05:30,1295.9012884622016,1297.1965410298003,1278.4658510827687,1288.5286865234375,675354,0.0,0.0,1274.0572387695313,1230.1929009987261,63.621717439374365,21.24296852935163,-2.595858681783408,23.838827211135037,24.078545041156563,137330856.0,-0.005689169386900516
2023-07-11 00:00:00+05:30,1293.958454971608,1303.921561458396,1284.742581471329,1290.2222900390625,821816,0.0,0.0,1276.8518859863282,1232.5469946865826,64.19073028575131,20.302155454391823,-2.829337405394572,23.131492859786395,23.728576108721587,138152672.0,-0.0028873917228103845
2023-07-12 00:00:00+05:30,1286.2370776145135,1301.7794997744782,1286.2370776145135,1295.8016357421875,905809,0.0,0.0,1279.7063110351562,1235.0275688456259,66.07340940550945,19.77876360896721,-2.6821834006553473,22.460947009622558,23.143850826667517,139058481.0,0.007436077138603912
2023-07-13 00:00:00+05:30,1307.1596597434493,1331.0711169338783,1300.2353489133718,1309.1024169921875,1579954,0.0,0.0,1283.2755859375,1237.9324648513734,70.10812201257848,20.204330740227306,-1.805293015516206,22.00962375574351,24.00996728131204,140638435.0,0.0014862432712462118
2023-07-14 00:00:00+05:30,1315.6282906421638,1321.1578637226082,1306.5120233349264,1315.4290771484375,1321159,0.0,0.0,1287.2209777832031,1240.9715476865524,71.82454888200517,20.81219433712363,-0.9579435348959073,21.770137872019536,23.341101074624163,141959594.0,-0.00015142080414606336
2023-07-17 00:00:00+05:30,1316.1264100537276,1323.6486043458476,1291.9658760311668,1309.650390625,1055414,0.0,0.0,1288.87236328125,1243.6648356449227,67.98462912390937,20.590286898781187,-0.9438807785906782,21.534167677371865,23.936931591771067,140904180.0,-0.00492051476154422
2023-07-18 00:00:00+05:30,1310.148608562853,1317.421725532137,1300.8331275712085,1309.7003173828125,1427102,0.0,0.0,1290.568585205078,1246.254462379742,68.00054683840173,20.185763411827793,-1.0787234124352594,21.264486824263052,23.41205061813946,142331282.0,-0.0003421681915399565
2023-07-19 00:00:00+05:30,1309.749947870302,1316.6743798159152,1302.427088963174,1305.615234375,659900,0.0,0.0,1291.3207946777343,1248.5823357913207,65.1464724852354,19.31291629849966,-1.5612564206107145,20.874172719110373,22.757424920611022,141671382.0,-0.0031568724259354074
2023-07-20 00:00:00+05:30,1310.1485949721953,1316.7242213910292,1298.3423372806585,1309.2021484375,898725,0.0,0.0,1292.2722778320312,1250.9595833460728,66.47693123821267,18.69510710303166,-1.7432524928629718,20.43835959589463,22.44488629130814,142570107.0,-0.0007223963284220866
2023-07-21 00:00:00+05:30,1309.949418718996,1317.8700405091488,1283.2482420531344,1285.938232421875,524241,0.0,0.0,1292.9796569824218,1252.3312950745358,52.48350559837297,16.142207941768675,-3.4369213233007656,19.57912926506944,23.314665731644304,142045866.0,-0.01832985759144928
2023-07-24 00:00:00+05:30,1285.9381586964764,1319.5139019152225,1283.1485617369683,1312.2906494140625,1183272,0.0,0.0,1295.6921142578126,1254.682642303537,62.19212837334051,16.06030359609008,-2.815060535183491,18.87536413127357,24.24685676354501,143229138.0,0.020492813390263608
2023-07-25 00:00:00+05:30,1313.137603201768,1315.1302247544263,1285.3405082181923,1296.2999267578125,1362929,0.0,0.0,1297.4232116699218,1256.3146926742932,54.86638201471257,14.5374969185375,-3.4702937701888565,18.007790688726356,24.64277531873708,141866209.0,-0.012822476793674016
2023-07-26 00:00:00+05:30,1285.2408557283145,1295.154098952032,1270.5452723004132,1287.881103515625,2302730,0.0,0.0,1297.7345581054688,1257.5525911386592,51.43148659054315,12.507158243943877,-4.4005059558259845,16.90766419976986,24.722195257212952,139563479.0,0.002054282491521277
2023-07-27 00:00:00+05:30,1290.222330854705,1307.1596124180485,1287.9806318242624,1291.716796875,1946045,0.0,0.0,1297.565185546875,1258.8923639126333,52.87892327282673,11.079886578911328,-4.662222096686829,15.742108675598157,24.33336051758513,141509524.0,0.0011583011583011556
2023-07-28 00:00:00+05:30,1297.1467640888184,1297.1467640888184,1276.5730438933258,1284.9918212890625,1051700,0.0,0.0,1296.7108520507813,1259.9158720450423,50.06194192855468,9.298921990290637,-5.154549348246018,14.453471338536655,24.064814780292803,140457824.0,-0.00937052239288753
2023-07-31 00:00:00+05:30,1292.1651253251769,1292.1651253251769,1265.3146003669488,1277.4197998046875,1061701,0.0,0.0,1295.9237670898438,1260.6023005846364,47.024346404005286,7.193572841018749,-5.807918798014326,13.001491639033075,24.263794078716753,139396123.0,-0.011411332214045522
2023-08-01 00:00:00+05:30,1280.259200694302,1280.259200694302,1256.4473515480593,1275.227783203125,1219778,0.0,0.0,1295.4604736328124,1261.1758489226165,46.15132851251299,5.287243005526989,-6.171398906804869,11.458641912331858,24.231512297825756,138176345.0,-0.003929999088035044
2023-08-02 00:00:00+05:30,1275.2776539908891,1280.159600584064,1247.829246462088,1257.5931396484375,888107,0.0,0.0,1294.0008728027344,1261.0353505197077,39.756663023216284,2.326674070160834,-7.30557427373682,9.632248343897654,24.810000999550784,137288238.0,-0.013867187499999873
2023-08-03 00:00:00+05:30,1255.301589270294,1270.0969001248018,1247.0322836203209,1249.12451171875,871719,0.0,0.0,1292.0481018066407,1260.5682588020231,37.09827489399047,-0.6949348629948418,-8.261746565513997,7.566811702519155,24.685330678474365,136416519.0,-0.004920791628356615
2023-08-04 00:00:00+05:30,1254.3052368019682,1282.4012699389089,1249.373547761417,1263.2222900390625,1609140,0.0,0.0,1290.7479125976563,1260.6723384583777,43.83150642794794,-1.9297637068609674,-7.597260327504099,5.667496620643131,25.29900407430897,138025659.0,0.007109157305146522
2023-08-07 00:00:00+05:30,1268.303597304341,1300.8829105038428,1261.8774415512175,1297.74462890625,1719680,0.0,0.0,1291.2087097167969,1262.1261537700589,56.196724876643195,-0.12131182354050907,-4.631046755346913,4.5097349318064035,26.278037279902993,139745339.0,0.023212921310388938
2023-08-08 00:00:00+05:30,1302.0784853704574,1353.737171127772,1288.9769752688535,1344.371826171875,3458915,0.0,0.0,1293.9161865234375,1265.3514742564046,66.82094040694503,5.016497403367794,0.40540997724911154,4.611087426118682,29.026762892689813,143204254.0,0.032481406671414734
2023-08-09 00:00:00+05:30,1360.960423742805,1368.9309093869797,1338.0452775158033,1344.371826171875,1746764,0.0,0.0,1296.3446960449219,1268.450311586423,66.82094040694503,8.98467845119194,3.4988728200586054,5.485805631133334,29.159539248296,143204254.0,-0.012188890493457087
2023-08-10 00:00:00+05:30,1339.9879928477828,1353.886599727237,1325.1928036573593,1329.4271240234375,841571,0.0,0.0,1297.3609313964844,1270.8415591329724,61.29469114776146,10.799092736634975,4.2506296844013125,6.548463052233663,29.126271878408975,142362683.0,-0.007881316012318184
2023-08-11 00:00:00+05:30,1335.0563543205535,1335.0563543205535,1300.0858726470449,1306.6614990234375,891342,0.0,0.0,1296.9225524902345,1272.2462626580887,53.97210870485888,10.281514553017814,2.986441200627321,7.295073352390493,29.543715435201808,141471341.0,-0.02126865671641773
2023-08-14 00:00:00+05:30,1309.152373886947,1311.0951312732666,1287.183672389487,1292.314697265625,888959,0.0,0.0,1296.0557678222656,1273.0332600936783,49.9243550382569,8.614362108785599,1.055431005116085,7.558931103669514,29.141411395814515,140582382.0,-0.012861510208571122
2023-08-16 00:00:00+05:30,1290.2224339758734,1295.1541235890302,1276.2740833382964,1286.5361328125,395774,0.0,0.0,1294.89755859375,1273.5627845140243,48.351445667320014,6.74905106808319,-0.6479040284690596,7.39695509655225,28.408456314023038,140186608.0,-0.0028571051520270905
2023-08-17 00:00:00+05:30,1281.753667146477,1285.190890283692,1271.541482857125,1279.711181640625,843146,0.0,0.0,1293.6023559570312,1273.8038981268323,46.488496487481825,4.666272226835417,-2.1845462957734663,6.850818522608884,27.450327288405322,139343462.0,-0.0015935086110571786
2023-08-18 00:00:00+05:30,1273.833113436773,1281.1061086850134,1261.3293653143064,1277.7186279296875,886254,0.0,0.0,1292.0281799316406,1273.9574169426307,45.93207640736762,2.822338397328849,-3.222784100224027,6.045122497552876,26.90221415142687,138457208.0,0.0030502539555056396
2023-08-21 00:00:00+05:30,1278.2167997898723,1285.0416255723762,1269.5988092889772,1273.8331298828125,703317,0.0,0.0,1291.4229248046875,1273.952542940285,44.80588124201065,1.0355432348899285,-4.007663410130359,5.0432066450202875,26.083685732282017,137753891.0,-0.0034295198653158435
2023-08-22 00:00:00+05:30,1279.6116375863517,1308.3551772800445,1274.0323219277082,1282.0028076171875,1405263,0.0,0.0,1289.9085327148437,1274.268239594281,47.70901671438833,0.2755436165202809,-3.8141304228000052,4.089674039320286,26.686425851207012,139159154.0,0.0018686685558331952
2023-08-23 00:00:00+05:30,1285.1909539508626,1299.687323454549,1281.5046529654378,1295.4530029296875,583458,0.0,0.0,1289.8661865234376,1275.0990146270422,52.16955497609469,0.7499122753013125,-2.671809411215179,3.4217216865164914,26.07901475391445,139742612.0,0.007984843767595647
2023-08-24 00:00:00+05:30,1295.1043863031598,1306.8110377788544,1285.3903563552433,1288.97705078125,618797,0.0,0.0,1289.9209838867187,1275.6432513389718,49.959815812896515,0.5964224516753802,-2.2602393878728892,2.8566618395482695,25.74627665889278,139123815.0,-0.004731151856724161
2023-08-25 00:00:00+05:30,1288.2796928070063,1293.7594020548115,1277.718701324353,1291.6173095703125,487521,0.0,0.0,1289.9160095214843,1276.269684995103,50.87344040488996,0.6799889895385149,-1.7413382800078039,2.421327269546319,25.05302123543318,139611336.0,0.0025907547731610376
2023-08-28 00:00:00+05:30,1295.203933167605,1302.1781081923536,1284.7925348143574,1286.78515625,764751,0.0,0.0,1290.0056762695312,1276.6820564168636,49.10632384410626,0.35224126585035265,-1.655268802956773,2.0075100688071257,24.505346388473402,138846585.0,-0.006499962439903797
2023-08-29 00:00:00+05:30,1287.2334176056413,1296.8478401338857,1285.240796216159,1292.4141845703125,1011094,0.0,0.0,1290.7553955078124,1277.2990026189598,51.231481071221054,0.5404840119788332,-1.173620845462634,1.7141048574414672,23.584039069134352,139857679.0,0.004024730009191216
2023-08-30 00:00:00+05:30,1297.146630825462,1303.0248881145387,1288.5286408082072,1295.8016357421875,812860,0.0,0.0,1291.7840881347656,1278.0245960747727,52.516456026837346,0.952032308132857,-0.6096580394468885,1.5616903475797455,22.93491108607701,140670539.0,-0.0010368874661598488
2023-08-31 00:00:00+05:30,1300.0359200244911,1303.772084941,1281.7536440236972,1287.7813720703125,1390078,0.0,0.0,1293.2934997558593,1278.4072147412644,49.21038524457576,0.6238279474412138,-0.7502899201108253,1.3741178675520391,22.869448931164563,139280461.0,-0.009426314892859094
2023-09-01 00:00:00+05:30,1293.161382204973,1322.2038624859451,1288.4289065344528,1315.6781005859375,761000,0.0,0.0,1296.6211791992187,1279.868818107722,58.901830171567624,2.584958680938371,0.9686726507090655,1.6162860302293054,23.69466618005514,140041461.0,0.017412148778036606
2023-09-04 00:00:00+05:30,1323.5988117545896,1327.5341905107675,1296.6984219033486,1323.4493408203125,542261,0.0,0.0,1299.6325317382812,1281.5778582140983,61.12709814415223,4.711926896182149,2.4765126927622747,2.2354142034198743,24.204744924866837,140583722.0,-0.00011292767336273993
2023-09-05 00:00:00+05:30,1323.4493154130494,1334.010184679762,1300.8331108054676,1304.6190185546875,1922115,0.0,0.0,1299.976251220703,1282.4814331294156,53.55964674763257,4.8225238425347925,2.0696877112919347,2.7528361312428578,24.845625564111664,138661607.0,-0.014228196455324709
2023-09-06 00:00:00+05:30,1305.167014712256,1324.096917979075,1300.6337523872187,1314.930908203125,1461738,0.0,0.0,1298.5042053222655,1283.7539615636788,56.71954342441205,5.676817218697352,2.339184869963595,3.3376323487337567,24.746878423236282,140123345.0,0.007480953303912215
2023-09-07 00:00:00+05:30,1315.13014190051,1346.3147158829534,1306.6116366515796,1342.5286865234375,1468196,0.0,0.0,1298.4120483398438,1286.0588527385712,63.81563035702985,8.482974490887273,4.116273713722813,4.36670077716446,25.815178480960384,141591541.0,0.02083333333333357
2023-09-08 00:00:00+05:30,1343.0268604746605,1344.4714623813406,1329.4271947222712,1336.5009765625,1214231,0.0,0.0,1298.7657409667968,1288.0369752414704,61.44598416653528,10.104015724455394,4.589851957832747,5.514163766622647,25.045827707968172,140377310.0,-0.004859086667748429
2023-09-11 00:00:00+05:30,1339.4899012264734,1351.8441785003286,1332.0674349973224,1345.1689453125,844034,0.0,0.0,1300.69111328125,1290.2774446560206,63.54247651134953,11.950378691217338,5.148971939675753,6.8014067515415855,24.669464550470888,141221344.0,0.004239706533678747
2023-09-12 00:00:00+05:30,1347.809154649074,1347.809154649074,1326.3884747414577,1341.5323486328125,1139357,0.0,0.0,1303.1519958496094,1292.2874408904047,62.01874271061479,12.970673830999203,4.935413663566095,8.035260167433108,24.437408504552696,140081987.0,-0.004657043613786454
2023-09-13 00:00:00+05:30,1345.01953125,1346.0657062000698,1323.3497721354163,1340.5361328125,438029,0.0,0.0,1305.8519958496095,1294.179546455977,61.58308103519887,13.54276621033614,4.406004834322424,9.136761376013716,24.314446044559897,139643958.0,-0.0033333333333333335
2023-09-14 00:00:00+05:30,1340.5360248870934,1355.729762813164,1337.298015165144,1347.75927734375,889229,0.0,0.0,1309.2544006347657,1296.2807123731448,63.58071262574161,14.412858479143097,4.220877682503504,10.191980796639593,23.89425330194989,140533187.0,0.00538833147528802
2023-09-15 00:00:00+05:30,1350.2999707894214,1369.7777724414136,1347.0120967573398,1367.5859375,878944,0.0,0.0,1313.7477661132812,1299.0769957114528,68.43287994796468,16.511919517264005,5.055950976499529,11.455968540764475,23.813640614958743,141412131.0,0.012801575268103382
2023-09-18 00:00:00+05:30,1369.9272105639654,1387.860803138621,1362.5047445074383,1368.6319580078125,1324270,0.0,0.0,1318.4877075195313,1301.8046412917022,68.67003888817345,18.051756217072807,5.276630141046665,12.775126076026142,23.923813330403302,142736401.0,-0.0009454900568182172
2023-09-20 00:00:00+05:30,1364.945738056265,1371.7206998566476,1335.4050997663098,1340.2371826171875,574012,0.0,0.0,1321.3994262695312,1303.3117997750544,56.30409099343004,16.787352674741214,3.2097812789720575,13.577571395769157,24.808940956112902,142162389.0,-0.018102225421988954
2023-09-21 00:00:00+05:30,1340.536069710916,1346.9124826236482,1323.1504963474133,1329.2777099609375,783641,0.0,0.0,1323.0906616210937,1304.330070762736,52.383172459740145,14.731154329399033,0.9228663469039002,13.808287982495132,24.73415847897876,141378748.0,-0.008398401210052054
2023-09-22 00:00:00+05:30,1321.1578851901083,1332.665201088884,1311.1449137584818,1313.984375,1084861,0.0,0.0,1324.3410278320312,1304.7086709289033,47.42054540456008,11.732315180701335,-1.6607782414350396,13.393093422136374,24.504596254080433,140293887.0,-0.005429714548519772
2023-09-25 00:00:00+05:30,1313.9346952138085,1335.0564349394913,1284.344192303244,1289.3756103515625,908011,0.0,0.0,1324.2289428710938,1304.1073744356745,40.7333731120598,7.286003395029184,-4.885672021685753,12.171675416714937,26.376570995663783,139385876.0,-0.018691252275859594
2023-09-26 00:00:00+05:30,1290.7205453893916,1297.54524953774,1280.4584962647489,1284.94189453125,749346,0.0,0.0,1324.1367797851562,1303.355786988442,39.64853280484688,3.3657076753461297,-7.044774193095046,10.410481868441176,25.713012586901442,138636530.0,-0.004477073584040851
2023-09-27 00:00:00+05:30,1278.5655449158774,1299.1891273539584,1273.2351854793114,1296.2001953125,643756,0.0,0.0,1324.3260803222656,1303.07517555017,43.745499096773955,1.1539933399069469,-7.405190822827384,8.559184162734331,25.730221821740408,139280286.0,0.01379252746700828
2023-09-28 00:00:00+05:30,1296.2002464316872,1303.672576830025,1279.7611195553436,1284.64306640625,1026081,0.0,0.0,1323.7681518554687,1302.3523477406043,40.6916887282944,-1.5139184121742346,-8.058482059926853,6.544563647752618,25.600310068379052,138254205.0,-0.00891619952800735
2023-09-29 00:00:00+05:30,1285.19103204176,1307.1597332183012,1284.24458545609,1300.5841064453125,1294800,0.0,0.0,1324.4082885742187,1302.2830049447107,46.26388415709816,-2.3152601132564996,-7.087859008807294,4.772598895550795,25.408512760795638,139549005.0,0.011977265651393253
2023-10-03 00:00:00+05:30,1297.346049810994,1297.346049810994,1277.91799044994,1287.6817626953125,1282289,0.0,0.0,1323.0084716796875,1301.7104072094403,42.76197276422351,-3.94595399458035,-6.974842312104916,3.028888317524566,25.212627277551135,138266716.0,-0.007449274707460956
2023-10-04 00:00:00+05:30,1286.8349391947063,1292.9124104401344,1259.6854712821294,1265.8626708984375,1139615,0.0,0.0,1320.1291381835938,1300.3046136286168,37.581284864770716,-6.919149355543823,-7.958430138454711,1.0392807829108883,25.785078126154986,137127101.0,-0.016297558962296375
2023-10-05 00:00:00+05:30,1266.310945553832,1277.3699704002938,1260.2832169525811,1269.7481689453125,979561,0.0,0.0,1318.385595703125,1299.106321680252,38.998592931051725,-8.859770955345311,-7.9192413906049595,-0.9405295647403517,25.163769220551966,138106662.0,0.0027143596946303185
2023-10-06 00:00:00+05:30,1271.2924859794446,1282.7999235091395,1267.3072430766877,1278.216796875,784191,0.0,0.0,1316.5498901367187,1298.2871246290656,42.085258633437036,-9.60367487013923,-6.930516244319103,-2.673158625820127,24.4729771642591,138890853.0,0.005446670197394209
2023-10-09 00:00:00+05:30,1273.3846815680308,1285.9880362492202,1267.307210620963,1272.537841796875,1345177,0.0,0.0,1313.0503479003905,1297.277348831725,40.60160340111989,-10.530084041863802,-6.285540332834939,-4.2445437090288625,24.059252054544682,137545676.0,-0.0006650305939859743
2023-10-10 00:00:00+05:30,1280.2593130349394,1307.757465395588,1275.0785457858187,1297.2464599609375,1221002,0.0,0.0,1311.0876220703126,1297.2761375034588,49.02229862720885,-9.164844376516385,-3.9362405339900173,-5.2286038425263675,24.85642145055671,138766678.0,0.013268520488813277
2023-10-11 00:00:00+05:30,1305.167035467843,1306.1134819982517,1286.3866028310954,1304.5194091796875,1374812,0.0,0.0,1309.0551452636719,1297.5601873731148,51.21464648408188,-7.410591203862168,-1.7455898890686399,-5.665001314793528,24.490025573170968,140141490.0,-0.0004962018427959009
2023-10-12 00:00:00+05:30,1307.1097876877564,1312.5397540306917,1296.1503698748115,1308.8035888671875,726322,0.0,0.0,1307.4187072753907,1298.0011050787648,52.51024647642661,-5.609967219402506,0.044027276312817776,-5.653994495715324,23.911408329078768,140867812.0,0.0012958369644124833
2023-10-13 00:00:00+05:30,1310.9953775673407,1324.7445135323428,1308.0064455419017,1311.5931396484375,916350,0.0,0.0,1305.9715576171875,1298.5341260422813,53.378445921477706,-3.9127624146187827,1.3929856648772336,-5.305748079496016,23.399026876318935,141784162.0,0.00045596047959069517
2023-10-16 00:00:00+05:30,1314.3330892423564,1327.285128957771,1305.7150985738406,1317.322021484375,578729,0.0,0.0,1304.4496948242188,1299.2709062556967,55.19025462122055,-2.0814488465841805,2.5794393863294687,-4.660888232913649,23.268384269719746,142362891.0,0.0022741056026684414
2023-10-17 00:00:00+05:30,1320.1117780584505,1346.1154649852688,1320.1117780584505,1343.3756103515625,1073063,0.0,0.0,1303.2391784667968,1301.0005024947502,62.35520109631548,1.4554101701598938,4.893038722458835,-3.4376285522989405,23.663031357660746,143435954.0,0.01762262308372647
2023-10-18 00:00:00+05:30,1339.0913990479694,1353.5876462637275,1334.0599815375792,1351.345947265625,454861,0.0,0.0,1302.3748779296875,1302.9748336622354,64.23903872007408,4.845678040580651,6.626645274303673,-1.7809672337230222,23.367648026838424,143890815.0,0.009151390432623205
2023-10-19 00:00:00+05:30,1344.0232314337727,1348.6062366609988,1333.6615750809349,1343.1763916015625,595436,0.0,0.0,1302.5218383789063,1304.5513653461305,60.876299643536825,6.794946968243494,6.860731361573213,-0.06578439332971908,22.96169975239926,143295379.0,-0.000630078269783193
2023-10-20 00:00:00+05:30,1335.0563410045966,1363.6006669478284,1331.5692535467488,1357.622802734375,936229,0.0,0.0,1303.9390930175782,1306.6325981848852,64.42288994318439,9.397136936770949,7.570337064080534,1.8267998726904144,23.60953644159071,144231608.0,0.016903003294076516
2023-10-23 00:00:00+05:30,1354.9327031290995,1361.5084511193788,1324.146799447155,1333.4622802734375,976136,0.0,0.0,1304.91298828125,1307.6847425805147,55.380933613683126,9.401464756405403,6.059731906971991,3.341732849433412,24.591830386635934,143255472.0,-0.015846117527518494
2023-10-25 00:00:00+05:30,1318.1689475499136,1341.1338366879777,1303.8220488491495,1309.3017578125,945901,0.0,0.0,1305.9092956542968,1307.7481549425534,48.10924276543708,7.37038117369184,3.2229186594067425,4.147462514285097,25.50039877607824,142309571.0,-0.0067268992748577994
2023-10-26 00:00:00+05:30,1310.9457680854127,1310.9457680854127,1285.9881344914554,1300.7833251953125,1107874,0.0,0.0,1306.7013671875,1307.4750243642302,45.82463222375812,5.0155503383005,0.6944702592123217,4.321080079088178,25.461629834498172,141201697.0,-0.007751993360443968
2023-10-27 00:00:00+05:30,1302.7758734558722,1315.8275195669644,1288.877387556572,1298.09326171875,654531,0.0,0.0,1306.7960205078125,1307.1071121036232,45.09632878198421,2.8988481775329547,-1.1377855212441785,4.036633698777133,25.56795141849061,140547166.0,-0.003594334092709789
2023-10-30 00:00:00+05:30,1300.3847254961556,1325.7906492937925,1300.1855119967086,1321.3072509765625,1242401,0.0,0.0,1308.6292297363282,1307.6639802947188,52.16206943674194,3.0592561897765336,-0.7819020072004799,3.8411581969770134,25.720054001101456,141789567.0,0.01608948880295713
2023-10-31 00:00:00+05:30,1320.1116990008502,1370.325783422686,1314.6319900616015,1362.8035888671875,2287988,0.0,0.0,1311.7402038574219,1309.8263178857962,61.66042244927393,6.460317840902917,2.095327715140723,4.364990125762194,27.861035383957393,144077555.0,0.0323396042158019
2023-11-01 00:00:00+05:30,1365.9918465018195,1372.866293099358,1327.484413267102,1331.1209716796875,968893,0.0,0.0,1313.9121643066405,1310.6614023483016,53.006705313552715,6.523957161262388,1.7271736284001546,4.796783532862233,29.11252427312159,143108662.0,-0.02552787918275877
2023-11-02 00:00:00+05:30,1337.04899094599,1352.7408848412203,1335.2058404314948,1338.54345703125,637519,0.0,0.0,1317.5462036132812,1311.754816257437,54.61376976303811,7.091577031056204,1.835834798555176,5.255742232501028,28.577337765150965,143746181.0,0.0011177347242920658
2023-11-03 00:00:00+05:30,1339.8387528578442,1344.9696559535143,1321.2076687550466,1324.4456787109375,690163,0.0,0.0,1320.2810791015625,1312.2524971379662,51.04332462102476,6.330868663820183,0.8601011450553244,5.470767518764859,28.23338415324502,143056018.0,-0.011488751250158719
2023-11-06 00:00:00+05:30,1330.0748044432366,1335.7537268704034,1318.5176244739391,1326.9364013671875,377106,0.0,0.0,1322.717059326172,1312.8283365195043,51.644806725370124,5.861415554788664,0.31251842881904324,5.548897125969621,27.44786402776068,143433124.0,-0.0023595688494850225
2023-11-07 00:00:00+05:30,1327.5840280936975,1339.0914655030192,1315.528692762955,1335.9031982421875,1038346,0.0,0.0,1325.8853271484375,1313.7332330576487,53.843382372085166,6.1421136895382915,0.4745732508549363,5.667540438683355,27.170357507210934,144471470.0,0.00626639818832082
2023-11-08 00:00:00+05:30,1337.1985160774657,1344.371904929479,1329.7759279145134,1340.5361328125,498283,0.0,0.0,1328.0498107910157,1314.7843271656823,54.98228157344154,6.661617109101826,0.7952613363347769,5.866355772767049,26.27218747205054,144969753.0,0.0024959769958651104
2023-11-09 00:00:00+05:30,1340.1374813493364,1348.3570445207029,1330.5230588915651,1345.716796875,493454,0.0,0.0,1330.1096801757812,1315.9973651934988,56.28134992957658,7.405991940137483,1.2317089338963472,6.174283006241136,25.669458768985336,145463207.0,0.004163241162426072
2023-11-10 00:00:00+05:30,1346.812841965944,1354.9825409915866,1336.0526378453806,1350.3995361328125,639801,0.0,0.0,1332.1894775390624,1317.346469936217,57.47584254474403,8.27834467516027,1.683249335135307,6.595095340024963,25.188061938786813,146103008.0,0.002663097688935741
2023-11-13 00:00:00+05:30,1346.5139586649063,1354.6836580458166,1320.1117241812806,1323.4493408203125,1332535,0.0,0.0,1332.7822875976562,1317.5857982061816,49.15231654284977,6.717598677099431,0.09800266965957416,6.619596007439857,25.858338504911757,144770473.0,-0.01712913386168149
2023-11-15 00:00:00+05:30,1343.97330497913,1353.9862764218458,1327.1357510083376,1352.09326171875,742427,0.0,0.0,1334.520849609375,1318.9390320694197,56.382338327538605,7.703223295279258,0.8669018302715203,6.836321465007738,26.192524011813294,145512900.0,0.006041754482427057
2023-11-16 00:00:00+05:30,1357.7223356500615,1360.063641349023,1343.0766177714927,1354.9326171875,577249,0.0,0.0,1335.098699951172,1320.3505452113052,57.03450742086356,8.614151585716172,1.4222640965667468,7.191887489149425,25.534988266507373,146090149.0,-0.0020547046986789173
2023-11-17 00:00:00+05:30,1349.004740363485,1429.1578906536408,1349.004740363485,1408.7335205078125,3192944,0.0,0.0,1337.9680786132812,1323.8165442425409,67.07895276699755,13.521484823596666,5.063677867557793,8.457806956038873,29.43628555391083,149283093.0,0.04427618254939095
2023-11-20 00:00:00+05:30,1408.733536755144,1414.7612654425152,1377.8977676809848,1380.1893310546875,726211,0.0,0.0,1339.8187255859375,1326.0272417645858,59.17479246670005,14.935141223696746,5.181867414126298,9.753273809570448,29.966800711597944,148556882.0,-0.020262317149206857
2023-11-21 00:00:00+05:30,1383.8756352496423,1419.8922932772168,1381.9826204958622,1418.3978271484375,2049132,0.0,0.0,1342.8574768066405,1329.6496176619917,65.10254580294568,18.920476938106276,7.333762502828662,11.586714435277614,30.662240819521614,150606014.0,0.02494602189637338
2023-11-22 00:00:00+05:30,1419.7428141249209,1433.2428733914278,1412.1210125882574,1424.823974609375,865655,0.0,0.0,1347.4255615234374,1333.3819453854185,65.99679187792158,22.33990013644393,8.602548560933052,13.737351575510878,29.98078510406796,151471669.0,0.003578930235745534
2023-11-23 00:00:00+05:30,1424.823880702802,1429.1080652794717,1401.1615020269148,1405.7445068359375,549853,0.0,0.0,1352.2476989746094,1336.219692893282,60.99891387431743,23.242340824024723,7.603991398811075,15.638349425213647,29.83548354324574,150921816.0,-0.013390689281157641
2023-11-24 00:00:00+05:30,1408.783452609579,1413.7151423565117,1395.8812765678254,1404.499267578125,387896,0.0,0.0,1357.43349609375,1338.8973232730798,60.675952443945974,23.585175942457226,6.357461213794863,17.227714728662363,28.978225132205782,150533920.0,-0.003041052919466137
2023-11-28 00:00:00+05:30,1404.5988875863795,1412.0712179112752,1387.960425757636,1407.239013671875,1123470,0.0,0.0,1362.8907836914063,1341.5773895632287,61.16316069164414,23.803557265602876,5.260674029552408,18.542883236050468,28.630551348022465,151657390.0,0.0018796299134425348
2023-11-29 00:00:00+05:30,1410.2279429157811,1416.5546132072132,1400.812855373665,1402.656005859375,887709,0.0,0.0,1366.9582214355469,1343.9726294179798,59.82784262153749,23.337792069171655,3.83592706649695,19.501865002674705,27.709923239845736,150769681.0,-0.005369300115235562
2023-11-30 00:00:00+05:30,1404.798110459578,1438.8718883206134,1403.851663926756,1429.9549560546875,3027395,0.0,0.0,1370.3157897949218,1347.3444853645174,64.76272846811702,24.884612605278335,4.306198082082904,20.57841452319543,28.317491755659496,153797076.0,0.01790780141843968
2023-12-01 00:00:00+05:30,1432.7447263087115,1439.6690373907363,1414.860875329007,1418.3978271484375,808841,0.0,0.0,1374.6796325683595,1350.1308909246711,61.32794725689178,24.890987498820095,3.4500583804997333,21.440929118320362,28.066825348950193,152988235.0,-0.010013576666401004
2023-12-04 00:00:00+05:30,1434.587785792892,1453.3183537790503,1409.7796253062672,1448.6357421875,2078827,0.0,0.0,1380.1842468261718,1353.9938262683115,66.35568081206398,27.0244654669757,4.46682907892427,22.557636388051428,29.171961286366827,155067062.0,0.009792329569322087
2023-12-05 00:00:00+05:30,1448.6357479239398,1466.668947147007,1437.6763302986556,1455.56005859375,1932719,0.0,0.0,1386.7399658203126,1357.97681577127,67.40086038297589,28.940389793898248,5.1062027246774555,23.834187069220793,29.159150969365726,156999781.0,0.004779883887121754
2023-12-06 00:00:00+05:30,1456.6062600775117,1457.5527066053646,1439.8184489142902,1445.347900390625,724418,0.0,0.0,1392.6605407714844,1361.4031328151661,64.23163269085491,29.29701999629333,4.370266341658027,24.926753654635302,28.343087163773486,156275363.0,-0.007729171565064951
2023-12-07 00:00:00+05:30,1451.4751898849847,1477.9770296499244,1444.7500927947483,1450.3792724609375,1244939,0.0,0.0,1398.384344482422,1364.8923931934316,65.1022729140228,29.643924963934978,3.773737047439738,25.87018791649524,28.691933570302243,157520302.0,-0.0007550369663115428
2023-12-08 00:00:00+05:30,1449.6319915707163,1464.1283601344044,1446.1947684861068,1459.7943115234375,1654799,0.0,0.0,1404.3472534179687,1368.6140370495104,66.73404672594283,30.32895134568912,3.5670107433551017,26.76194060233402,27.923480575873338,159175101.0,0.007010275719501773
2023-12-11 00:00:00+05:30,1459.7944308085407,1462.8830913629836,1449.6321100254197,1455.21142578125,731571,0.0,0.0,1409.8219848632812,1372.0100130782062,65.13745027856889,30.15443752465876,2.713997537859793,27.440439986798967,26.87544491599409,158443530.0,-0.003139486581512924
2023-12-12 00:00:00+05:30,1459.0970786759235,1486.3960172749048,1454.5638161611064,1475.9844970703125,1763549,0.0,0.0,1416.1012329101563,1376.0874438229946,68.78316687553742,31.331180958310597,3.1125927772093007,28.218588181101296,27.229498930122972,160207079.0,0.011573882671133639
2023-12-13 00:00:00+05:30,1477.678328482123,1477.678328482123,1454.6137100568858,1461.388671875,2279728,0.0,0.0,1422.9981994628906,1379.4325900211124,63.73951461651416,30.731741114869465,2.010522347014536,28.72121876785493,26.93200746548828,157927351.0,-0.011023817764083949
2023-12-14 00:00:00+05:30,1467.5656490970734,1472.1486539555983,1449.582192461173,1464.42724609375,2953215,0.0,0.0,1428.6148986816406,1382.765713788667,64.32597802821641,30.154268626890598,1.146439887228535,29.007828739662063,26.620182753269496,160880566.0,-0.002138509446071025
2023-12-15 00:00:00+05:30,1468.5620384439544,1479.5214566412972,1443.2557211915514,1447.141357421875,1482700,0.0,0.0,1433.2253356933593,1385.2902488331065,58.526773348828485,27.979263237960595,-0.8228524013611747,28.80211563932177,27.3091508030178,159397866.0,-0.01458616010854818
2023-12-18 00:00:00+05:30,1447.1413898139388,1456.008579968806,1436.3314423104064,1441.61181640625,1580916,0.0,0.0,1434.8692504882813,1387.4989377575437,56.76384012343269,25.51524419709176,-2.6294971537840084,28.14474135087577,26.76400700697365,157816950.0,-0.0038210318954388445
2023-12-19 00:00:00+05:30,1439.619198070541,1442.657994566198,1413.8148464305584,1419.2945556640625,1282514,0.0,0.0,1436.82451171875,1388.74582473427,50.19246454814874,21.51367863068549,-5.304850176152225,26.818528806837715,26.912517087592654,156534436.0,-0.01411806846818846
2023-12-20 00:00:00+05:30,1431.6985262169871,1431.6985262169871,1398.870136146218,1404.0509033203125,1151553,0.0,0.0,1436.1071655273438,1389.346023894507,46.25366814648838,16.917360935786746,-7.920934296840777,24.838295232627523,27.33507944353383,155382883.0,-0.019311064718162876
2023-12-21 00:00:00+05:30,1396.3294678821378,1405.0970508272055,1374.8589233134542,1398.5711669921875,1841616,0.0,0.0,1434.7945251464844,1389.7077942120632,44.88993530052489,12.686336927160482,-9.721566644373631,22.407903571534113,27.54244001997794,153541267.0,0.001605422761327066
2023-12-22 00:00:00+05:30,1408.7834010645672,1412.4697021930588,1381.9328749892927,1389.1561279296875,1111420,0.0,0.0,1433.965106201172,1389.6861602402053,42.56767854606279,8.475801189750428,-11.145681905426947,19.621483095177375,27.756324818819948,152429847.0,-0.013932072964550894
2023-12-26 00:00:00+05:30,1394.8349553091266,1403.9512223767456,1382.5305427059268,1390.15234375,875367,0.0,0.0,1433.2477600097657,1389.7044419464717,42.904252889144935,5.1598282849697625,-11.569323848166093,16.729152133135855,27.303778736819865,153305214.0,-0.0033571079799106607
2023-12-27 00:00:00+05:30,1399.8166660783656,1418.7465711712405,1393.9384080676368,1416.1063232421875,718369,0.0,0.0,1433.6911254882812,1390.7398098404212,50.96644628725182,4.5734452759288615,-9.724565485765595,14.298010761694457,27.395953642849907,154023583.0,0.011636993299599647
2023-12-28 00:00:00+05:30,1423.2299209949194,1439.61918435279,1413.9641822767526,1430.0048828125,1446654,0.0,0.0,1435.0585693359376,1392.2796166236399,54.65871888947553,5.170626356780531,-7.301907523931142,12.472533880711673,27.271599959506155,155470237.0,0.004760272193297112
2023-12-29 00:00:00+05:30,1427.7132458731824,1429.954944968238,1415.8073815496489,1427.314697265625,383858,0.0,0.0,1434.9265563964843,1393.653541354698,53.81403718445748,5.364977059044122,-5.686045457334041,11.051022516378163,26.33773576688794,155086379.0,-0.0002791517195132617
2024-01-01 00:00:00+05:30,1430.552815833108,1432.296359706267,1420.6893147409594,1426.816650390625,158288,0.0,0.0,1435.3474975585937,1394.9540554345383,53.648739856712425,5.416376553022246,-4.507716770684734,9.92409332370698,25.28554356677505,154928091.0,-0.002611693466422103
2024-01-02 00:00:00+05:30,1431.6984430717955,1444.3515400236824,1416.5047052451812,1432.3460693359375,691712,0.0,0.0,1434.5330139160155,1396.4204089208677,55.29069809525441,5.8360149721122525,-3.2704626812757827,9.106477653388035,25.46849293904121,155619803.0,0.00045234823525579134
2024-01-03 00:00:00+05:30,1424.724411266197,1435.584223060681,1410.3775117518303,1417.4512939453125,550221,0.0,0.0,1432.6275756835937,1397.2451495100618,50.13830106850965,4.910097007508057,-3.3571045167039824,8.26720152421204,25.449794251170466,155069582.0,-0.005104929250437017
2024-01-04 00:00:00+05:30,1415.5582768957663,1431.299912824633,1409.779626246209,1426.318359375,938454,0.0,0.0,1431.6760986328125,1398.385275387118,52.94925904273291,4.83605143410341,-2.744920072086904,7.5809715061903145,25.169115131688578,156008036.0,0.007601299540157328
2024-01-05 00:00:00+05:30,1430.6026074229271,1462.5841576636508,1428.4106508359223,1448.7852783203125,1258280,0.0,0.0,1431.5963989257812,1400.3617460903806,59.22205179706682,6.515159673550897,-0.8526494661115338,7.367809139662431,25.96173535718588,157266316.0,0.012709798516402438
2024-01-08 00:00:00+05:30,1448.7852329898712,1454.713233024322,1411.174503954258,1415.807373046875,738502,0.0,0.0,1429.3970520019532,1400.9674569514198,48.91370024920699,5.125737392917472,-1.7936573973959673,6.919394790313439,27.21723490810576,156527814.0,-0.02276242136658139
2024-01-09 00:00:00+05:30,1423.728030691291,1462.833226775709,1415.7575448651676,1444.0029296875,1871763,0.0,0.0,1428.8366271972657,1402.6551225489131,55.970276229601055,6.22796391483098,-0.5531447003859684,6.781108615216948,28.63569540827973,158399577.0,0.014240710696947175
2024-01-10 00:00:00+05:30,1449.5821801653387,1489.8331560987035,1442.657869563689,1446.0950927734375,2547856,0.0,0.0,1427.3421569824218,1404.358650793012,56.45096902852244,7.18745395549513,0.3250762722225451,6.862377683272585,29.959951917332212,160947433.0,-0.0024055810285302385
2024-01-11 00:00:00+05:30,1444.700383849733,1457.901500667376,1420.6394560430183,1422.532470703125,908421,0.0,0.0,1425.399346923828,1405.0713496130165,49.85010886981955,5.977643492224161,-0.7077873528387393,6.6854308450629,30.481529967834035,160039012.0,-0.015344297955771696
2024-01-12 00:00:00+05:30,1429.5067274323828,1435.5841987458198,1413.266813392575,1430.0048828125,557158,0.0,0.0,1423.6782287597657,1406.0491352286826,51.77592541959169,5.557754853175993,-0.9021407935095258,6.459895646685519,29.898376781077662,160596170.0,0.0003484806126179856
2024-01-15 00:00:00+05:30,1436.6800341784913,1439.220675119925,1419.2944610536492,1424.774169921875,902104,0.0,0.0,1422.5598693847655,1406.7834503146903,50.31924661645481,4.7481811891061625,-1.369371566063486,6.1175527551696485,29.186079444306106,159694066.0,-0.008287067386875858
2024-01-16 00:00:00+05:30,1419.7927111419538,1426.6174155910446,1400.3646511309842,1403.6026611328125,1729041,0.0,0.0,1420.6594116210938,1406.6587134840286,44.82247859433993,2.3708942134101108,-2.99732683340763,5.368221046817741,28.97655694543142,157965025.0,-0.011403108272136035
2024-01-17 00:00:00+05:30,1391.84605457745,1439.61910422366,1381.434656360484,1415.906982421875,2628568,0.0,0.0,1420.4900329589843,1407.0213906972774,48.35353318778593,1.462869999517352,-3.1242808378403115,4.5871508373576635,31.062834868127464,160593593.0,0.017287061141060992
2024-01-18 00:00:00+05:30,1411.6726472786145,1432.6947786073454,1379.093214598392,1399.7169189453125,2296538,0.0,0.0,1420.2733337402344,1406.7349408246514,44.3333285885203,-0.556730901229912,-4.1151053908700606,3.5583744896401486,32.67274409247217,158297055.0,-0.008469193163407902
2024-01-19 00:00:00+05:30,1400.7133430714805,1439.6690700548536,1400.2151876839184,1435.2852783203125,570639,0.0,0.0,1422.1090393066406,1407.8545619029128,53.48345964970703,0.704667213868106,-2.282965820617634,2.9876330344857402,33.19270173654852,158867694.0,0.024681663396611014
2024-01-23 00:00:00+05:30,1438.672700339081,1443.3055695776006,1362.3054582304692,1370.4254150390625,2880301,0.0,0.0,1421.1725036621094,1406.3867522219775,40.4321117828655,-3.4890944929081797,-5.181382021915136,1.6922875290069563,36.607516708733016,155987393.0,-0.04743767313019379
2024-01-24 00:00:00+05:30,1375.30727820202,1408.683685768605,1363.5010210435023,1405.3460693359375,1255876,0.0,0.0,1421.9321899414062,1406.3459411284073,47.81568948378089,-3.949350250969019,-4.51331022398078,0.5639599730117613,37.22002728133085,157243269.0,0.021841512518706502
2024-01-25 00:00:00+05:30,1409.6801075658848,1409.6801075658848,1352.1431616282075,1375.8055419921875,3230297,0.0,0.0,1419.9171508789063,1405.148278417183,42.9641313852397,-6.621451954922804,-5.748329542347652,-0.8731224125751519,38.671235756784164,154012972.0,-0.02402996636746828
2024-01-29 00:00:00+05:30,1382.8792448026957,1419.3441919194668,1382.8792448026957,1413.1671142578125,1607583,0.0,0.0,1419.075262451172,1405.462742567796,49.889335234195826,-5.659110465835056,-3.8287904426079233,-1.8303200232271328,39.01890819753381,155620555.0,0.021902034880448437
2024-01-30 00:00:00+05:30,1419.7428247262276,1428.410679639728,1387.7114096549024,1393.8387451171875,1464906,0.0,0.0,1417.40146484375,1405.0068995305173,46.728368874051874,-6.382512131291151,-3.6417536864512137,-2.740758444839937,39.138934039483225,154155649.0,-0.01824561403508782
2024-01-31 00:00:00+05:30,1394.8349313016363,1401.3109506255369,1376.6023974802115,1395.980712890625,1343827,0.0,0.0,1415.85966796875,1404.6529314269922,47.12816533207422,-6.705675412826622,-3.1719335743893478,-3.5337418384372743,38.10819254704337,155499476.0,0.0008214460100447066
2024-02-01 00:00:00+05:30,1402.108173346378,1454.3147595821304,1393.3405900594764,1427.4642333984375,1803699,0.0,0.0,1415.615576171875,1405.5474922886174,52.74215837901116,-4.370942155140483,-0.6697602533625671,-3.701181901777916,39.74147661672984,157303175.0,0.018084239528782468
2024-02-02 00:00:00+05:30,1435.484534454254,1450.6284087548088,1414.8110870080577,1430.1541748046875,1817169,0.0,0.0,1416.2507202148438,1406.512460230424,53.19939725652979,-2.2773416598151925,1.139072193570179,-3.4164138533853716,39.46117984030279,159120344.0,-0.003713282533965369
2024-02-05 00:00:00+05:30,1429.7059488311436,1454.6137179745433,1409.6801267638434,1414.61181640625,1010779,0.0,0.0,1415.6653930664063,1406.8300820412408,50.17843589949745,-1.850950013953252,1.2523710715456957,-3.1033210854989477,39.85206636675973,158109565.0,-0.010557508302482617
2024-02-06 00:00:00+05:30,1417.351589305459,1464.526877019534,1399.716938416509,1458.598876953125,1515381,0.0,0.0,1416.156072998047,1408.8602308613147,57.529043008046095,2.0131502651929623,4.093177080553528,-2.080026815360566,41.634771526492955,159624946.0,0.029101662536589384
2024-02-07 00:00:00+05:30,1467.1670895032455,1487.491851788717,1448.2870506821082,1464.0286865234375,690402,0.0,0.0,1418.567138671875,1411.0236997108098,58.346014228555134,5.45078457765203,6.024649114410076,-0.5738645367580468,41.461202210786944,160315348.0,-0.0021390903614601996
2024-02-08 00:00:00+05:30,1476.4329124520204,1486.5952333693942,1449.781600111495,1453.667236328125,1679065,0.0,0.0,1419.0503540039062,1412.69599526443,56.12726008435796,7.255416179210215,6.26342457277461,0.9919916064356056,41.12923299986639,158636283.0,-0.015419377292319241
2024-02-09 00:00:00+05:30,1462.5841929072203,1462.5841929072203,1431.200404026718,1434.3885498046875,596482,0.0,0.0,1418.4650268554688,1413.5466836777734,52.15331817650045,7.048717612416567,4.845380804784769,2.203336807631798,40.43312984848325,158039801.0,-0.019277962416978902
2024-02-12 00:00:00+05:30,1437.128303729226,1446.643119450731,1417.9991871613315,1430.7021484375,515507,0.0,0.0,1418.8735107421876,1414.2194470016843,51.4038500288559,6.512375120681099,3.4472306504394408,3.0651444702416586,39.5910443085487,157524294.0,-0.004471525106735886
2024-02-13 00:00:00+05:30,1430.702153339978,1470.4051100818626,1422.9308812964157,1462.185546875,1388464,0.0,0.0,1420.4825439453125,1416.1004705261282,57.07700818665085,8.52944483731926,4.371440293662082,4.158004543657179,40.154128914041436,158912758.0,0.02200555402920447
2024-02-14 00:00:00+05:30,1454.613597946377,1458.5988406804768,1433.7409377745128,1448.3367919921875,504590,0.0,0.0,1421.6606750488281,1417.3646399953855,54.08597327007404,8.90782448406435,3.7998559523257365,5.107968531738613,39.317734641644705,158408168.0,-0.004315101937071883
2024-02-15 00:00:00+05:30,1458.599015626193,1458.947700083257,1438.3241151086618,1447.98828125,736364,0.0,0.0,1423.8799560546875,1418.5655671034096,54.00926914745583,9.074960678187836,3.1735937171593784,5.901366961028457,37.98243823685545,157671804.0,-0.007274606840206672
2024-02-16 00:00:00+05:30,1451.0269866299218,1510.606295933345,1446.244646428058,1502.8848876953125,2008339,0.0,0.0,1428.2288513183594,1421.8722071266216,62.927851491626356,13.481705952090579,6.064271192849697,7.417434759240882,39.866667613172,159680143.0,0.035738757130791284
2024-02-19 00:00:00+05:30,1511.5029553198597,1516.3849021277056,1480.5177165320438,1483.357177734375,1163429,0.0,0.0,1432.4108642578126,1424.2833824445727,58.57635759133842,15.22288044670222,6.244356549969071,8.978523896733149,39.58099032620699,158516714.0,-0.018621053625084406
2024-02-20 00:00:00+05:30,1483.357117912134,1512.0509138794569,1467.9143025145722,1507.966064453125,1569035,0.0,0.0,1436.044903564453,1427.5650562488297,62.13031711905068,18.376670453415727,7.518517245346061,10.858153208069666,39.906391828969674,160085749.0,0.01659003502516555
2024-02-21 00:00:00+05:30,1504.4789592673428,1513.8940463468891,1489.882983789037,1496.15966796875,1156081,0.0,0.0,1442.3316162109375,1430.25504102216,59.493129150498966,19.696347001763343,7.070555034954939,12.625791966808404,38.77101116674699,158929668.0,-0.005529682716629136
2024-02-22 00:00:00+05:30,1504.4292508490098,1507.9163385165407,1464.7760338673872,1504.08056640625,1355358,0.0,0.0,1447.2683410644531,1433.1501596646733,60.69841308152903,21.13768836654549,6.809517119789668,14.328171246755822,39.08310355834745,160285026.0,-0.00023177191121684701
2024-02-23 00:00:00+05:30,1502.8350977110676,1530.5823266314603,1495.7114518180506,1523.508544921875,1115653,0.0,0.0,1454.6534912109375,1436.693625753191,63.56226096086015,23.57586933602238,7.398158471413243,16.177710864609136,38.78223007656619,161400679.0,0.013756297841522725
2024-02-26 00:00:00+05:30,1525.5011003968468,1547.6690127128322,1519.4733722202488,1543.4346923828125,1283074,0.0,0.0,1461.1668701171875,1440.879549934745,66.27652786049492,26.8070044305191,8.50343485272797,18.30356957779113,38.0260451062817,162683753.0,0.01175586958364068
2024-02-27 00:00:00+05:30,1548.0676915395718,1563.2115662871015,1533.2226370449748,1537.008544921875,1764621,0.0,0.0,1468.3253601074218,1444.6493144440442,64.60512878942852,28.52040045433182,8.173464701232554,20.346935753099267,37.4519654016992,160919132.0,-0.007143839173271774
2024-02-28 00:00:00+05:30,1538.303729524769,1551.0066910218163,1530.7317924858153,1534.5177001953125,834214,0.0,0.0,1475.2522094726562,1448.1735648656627,63.93212087436504,29.33908607366925,7.193720256455986,22.145365817213264,36.22503205414933,160084918.0,-0.002461171520806376
2024-02-29 00:00:00+05:30,1534.5177308682944,1561.3185137100038,1519.772405101899,1546.822265625,1672455,0.0,0.0,1481.2201110839844,1452.042141366029,65.8260043012061,30.627718646473795,6.785882263408425,23.84183638306537,36.60510895086043,161757373.0,0.00801850282286617
2024-03-01 00:00:00+05:30,1559.1266397282257,1563.5601736980125,1530.3831003392563,1536.4605712890625,1088145,0.0,0.0,1486.5354309082031,1455.3526680296775,62.83390587790145,30.461723323194747,5.295909552103499,25.165813771091248,36.36024926571013,160669228.0,-0.014537669911864325
2024-03-04 00:00:00+05:30,1548.117433745724,1548.266904682138,1502.685687893716,1512.349853515625,2126926,0.0,0.0,1491.4223327636719,1457.5878517742246,56.40868046692537,28.06116575951728,2.316281590740825,25.744884168776455,37.01888980304668,158542302.0,-0.02310391928315026
2024-03-05 00:00:00+05:30,1519.373901060221,1519.373901060221,1482.4605389471326,1485.7484130859375,1476872,0.0,0.0,1492.7798095703124,1458.692187511939,50.29755898173842,23.738549448746426,-1.6050677760240255,25.34361722477045,37.011352110906806,157065430.0,-0.022131147540983546
2024-03-06 00:00:00+05:30,1486.7447215269033,1518.2779811910382,1481.5140900723777,1514.7908935546875,1568041,0.0,0.0,1495.317919921875,1460.8921367685175,55.91317077338057,22.39813853668943,-2.3563829504648197,24.75452148715425,36.99367632574635,158633471.0,0.01886414770585531
2024-03-07 00:00:00+05:30,1514.3923175231105,1515.687570126872,1483.5066847315209,1504.8277587890625,2468543,0.0,0.0,1497.8759460449219,1462.6151023379505,53.672796560541244,20.297929623869095,-3.565273490628126,23.86320311449722,36.64990554500384,156164928.0,-0.006315773411800881
2024-03-11 00:00:00+05:30,1521.3166072970614,1534.119297362207,1508.015883491209,1526.4476318359375,1824218,0.0,0.0,1502.4789001464844,1465.118338788852,57.63932968683116,20.145813600482825,-2.9739116112115163,23.11972521169434,36.12430790415674,157989146.0,0.0033727525974967393
2024-03-12 00:00:00+05:30,1527.344274983741,1546.025100264853,1503.482682805983,1510.8055419921875,1608593,0.0,0.0,1506.4840698242188,1466.9099938164338,54.03459565309124,18.549250419690452,-3.6563798336031113,22.205630253293563,36.58274430092198,156380553.0,-0.010828425039750419
2024-03-13 00:00:00+05:30,1518.377481775629,1526.9457293304238,1475.1874379664353,1481.8626708984375,1461171,0.0,0.0,1507.4679260253906,1467.496373309846,48.04700447942192,14.778161339856524,-5.941975130749633,20.720136470606157,37.66671194828388,154919382.0,-0.024048572450172306
2024-03-14 00:00:00+05:30,1476.7316613667438,1508.9624095998147,1459.8941079413169,1500.29443359375,1094035,0.0,0.0,1510.0658081054687,1468.782571752352,51.71636304613349,13.12553231750644,-6.075683322479776,19.201215639986216,38.481111213299165,156013417.0,0.015956028331645868
2024-03-15 00:00:00+05:30,1479.1847065429688,1502.0910606518387,1478.2863918676674,1497.1505126953125,1466897,2.7,0.0,1512.5239196777343,1469.895040024625,51.05399599151669,11.430361674849337,-6.216683172109505,17.647044846958842,37.43279389693289,154546520.0,0.012145748987854218
2024-03-18 00:00:00+05:30,1490.163774902238,1500.5938744908683,1475.4917489617424,1486.8699951171875,641326,0.0,0.0,1511.7231750488281,1470.5607245380588,48.85071579012604,9.151877727220835,-6.796133695790406,15.948011423011241,36.55203187066097,153905194.0,-0.002210347507116481
2024-03-19 00:00:00+05:30,1477.1884475464356,1486.1213965175157,1453.533519115011,1458.5738525390625,1010444,0.0,0.0,1510.4840087890625,1470.0906511263336,43.310461011454876,5.005203685356946,-8.754246190123435,13.759449875480382,36.32234930862637,152894750.0,-0.012601367847339534
2024-03-20 00:00:00+05:30,1457.2264527300215,1466.6584519249964,1447.245449629131,1455.6295166015625,477278,0.0,0.0,1507.8671813964843,1469.5235478116367,42.766945619065915,1.464469832069426,-9.835984034728765,11.300453866798192,35.11453880771488,152417472.0,-0.001095873688998188
2024-03-21 00:00:00+05:30,1470.1019926760514,1474.1941796397984,1455.2302734697537,1465.26123046875,958834,0.0,0.0,1506.3222595214843,1469.3563981119157,45.19008857967914,-0.5579566656547286,-9.486728425962337,8.928771760307608,33.960922190738444,153376306.0,-0.003292807051087438
2024-03-22 00:00:00+05:30,1471.199917931276,1508.1296309322647,1455.3300979766805,1498.2484130859375,563028,0.0,0.0,1506.0306518554687,1470.4894183069755,52.59297596564028,0.4953357932331528,-6.746748773659565,7.242084566892718,35.306537245370286,153939334.0,0.018385329434150298
2024-03-26 00:00:00+05:30,1455.7293912934074,1506.5825564671218,1455.030769768986,1483.576416015625,1349881,0.0,0.0,1504.0340454101563,1471.0026339033932,49.39722253789597,0.1445043546366378,-5.678064169804864,5.822568524441502,36.46691220628211,152589453.0,0.019129259111458678
2024-03-27 00:00:00+05:30,1487.1694795104547,1496.1523824068263,1470.7008242004397,1476.7393798828125,795193,0.0,0.0,1500.6992797851562,1471.2276043339587,47.935496202403904,-0.6774149466496056,-5.199986776872887,4.522571830223281,35.68010120628958,151794260.0,-0.00701339004823821
2024-03-28 00:00:00+05:30,1477.188492673096,1518.9589672367426,1477.188492673096,1497.4000244140625,1704887,0.0,0.0,1498.7188537597656,1472.2539737488646,52.50887018356716,0.33449359696282954,-3.3504625866083617,3.6849561835711913,36.14720735969248,153499147.0,0.013682432432432463
2024-04-01 00:00:00+05:30,1495.1542630597091,1516.214155214429,1483.9256345821243,1487.1195068359375,838186,0.0,0.0,1496.348944091797,1472.8369358307107,50.148351501714046,0.3033892747921527,-2.7052535270232307,3.0086428018153835,35.871586879164774,152660961.0,-0.005373864371244995
2024-04-02 00:00:00+05:30,1492.160070157643,1493.75700640016,1462.5165375661356,1467.806396484375,941688,0.0,0.0,1492.3981506347657,1472.6396597779133,45.967651456356485,-1.2650846156350326,-3.418981933960333,2.1538973183253005,35.540792733083315,151719273.0,-0.01632108656459033
2024-04-03 00:00:00+05:30,1467.2074988004383,1470.1518460660643,1453.2840478022924,1458.0250244140625,1862464,0.0,0.0,1488.4763732910155,1472.0665368224682,43.968409557471155,-3.2598094001752997,-4.33096537480048,1.0711559746251806,34.20700741384678,149856809.0,-0.00625847018494878
2024-04-04 00:00:00+05:30,1464.7122365949908,1472.2479428337945,1444.2511797975822,1460.9693603515625,1905528,0.0,0.0,1485.9073486328125,1471.6313534314522,44.74741040592715,-4.550603337206212,-4.497407449465114,-0.05319588774109785,33.76341852973003,151762337.0,-0.002555366269165179
2024-04-05 00:00:00+05:30,1466.209430997689,1487.0697529200718,1457.3762671663746,1482.478515625,836975,0.0,0.0,1485.7438537597657,1472.0567323410032,50.19493466704585,-3.79422035053517,-2.9928195702352576,-0.8014007802999124,33.47270904572768,152599312.0,0.011096016901378583
2024-04-08 00:00:00+05:30,1485.8718782121282,1525.097269010393,1484.17515642569,1515.914794921875,822205,0.0,0.0,1485.800048828125,1473.7766563637826,57.25084904581627,-0.4910920797399285,0.2482469604479871,-0.7393390401879156,34.125997927132346,153421517.0,0.02021904926681557
2024-04-09 00:00:00+05:30,1522.20282907376,1524.498508628692,1500.1947893197,1507.6805419921875,718575,0.0,0.0,1485.9426879882812,1475.106220506073,55.177682528401185,1.4455619395091617,1.7479207837576618,-0.3023588442485001,33.424406597265175,152702942.0,-0.00954031013751906
2024-04-10 00:00:00+05:30,1512.1220340997884,1513.8187559637397,1478.1866221133905,1500.494140625,1056524,0.0,0.0,1484.6450134277343,1476.101825216619,53.36152936203985,2.3731356410880835,2.140395588269267,0.2327400528188166,33.58210140105689,151646418.0,-0.007689785091790434
2024-04-12 00:00:00+05:30,1498.1486622053756,1508.5289304684209,1485.372928675716,1490.3135986328125,787733,0.0,0.0,1483.6204162597655,1476.6591496643132,50.81010206783064,2.260699884930318,1.6223678656892013,0.6383320192411169,32.83738000046032,150858685.0,-0.005229830503622596
2024-04-15 00:00:00+05:30,1487.0197572347251,1487.0697109867592,1459.721737486004,1464.1134033203125,994053,0.0,0.0,1482.7329528808593,1476.1671596116073,44.864738925148266,0.05680216061932697,-0.465223886897432,0.522026047516759,32.676985796628045,149864632.0,-0.015404202804278474
2024-04-16 00:00:00+05:30,1457.4261088024712,1474.0944580532323,1449.241734519206,1459.9713134765625,717750,0.0,0.0,1480.716796875,1475.532028390625,43.98841176887133,-2.000968775143974,-2.018395858128587,0.017427082984612374,32.118109920727925,149146882.0,0.00174636961607794
2024-04-18 00:00:00+05:30,1462.217007500586,1480.8316033289434,1445.2493016115009,1454.1822509765625,1746383,0.0,0.0,1478.5683837890624,1474.6947822175248,42.73212433523192,-4.052184963846003,-3.255689637464492,-0.7964953263815107,32.36555219192182,147400499.0,-0.005494913875853245
2024-04-19 00:00:00+05:30,1447.245467953751,1454.7811741257046,1422.642270630853,1444.8001708984375,1129149,0.0,0.0,1476.464892578125,1473.522444518737,40.70324887302893,-6.361512468760793,-4.452013713903426,-1.9094987548573674,32.34936299927394,146271350.0,-0.0016896214978449995
2024-04-22 00:00:00+05:30,1453.7331689374828,1480.083042711243,1449.2417173341744,1472.5972900390625,772048,0.0,0.0,1477.166064453125,1473.4861639509068,48.504363717818656,-5.880884770866487,-3.1771088128072957,-2.7037759580591914,32.55889934309763,147043398.0,0.01297632984144352
2024-04-23 00:00:00+05:30,1475.192281279371,1486.3709561910462,1461.468401801975,1467.0577392578125,1042729,0.0,0.0,1477.7374755859375,1473.234068864903,47.17245728897013,-5.879207465654417,-2.5403452060761804,-3.338862259578237,32.01201756066717,146000669.0,-0.0055142249080260275
2024-04-24 00:00:00+05:30,1467.0577997492378,1475.1923421062093,1449.7907365069352,1457.2764892578125,898680,0.0,0.0,1477.3382385253906,1472.6082814293309,44.83156568326457,-6.591164477631537,-2.60184177444264,-3.989322703188897,31.539845277710516,145101989.0,-0.006667297289239189
2024-04-25 00:00:00+05:30,1461.218842258395,1461.218842258395,1433.4217732128975,1441.7059326171875,2406788,0.0,0.0,1474.5111145019532,1471.3964246131684,41.3166689687864,-8.315948256323054,-3.4613004425073255,-4.8546478138157285,31.272504118266724,142695201.0,-0.013353858489156325
2024-04-26 00:00:00+05:30,1452.2360124370691,1464.0634772428416,1408.51916827576,1412.5615234375,2180945,0.0,0.0,1470.9603698730468,1469.0891735866717,35.678130457894476,-11.89741607155429,-5.634214606190849,-6.263201465363441,33.00620446461065,140514256.0,-0.027319587628865778
2024-04-29 00:00:00+05:30,1434.2701431038104,1458.1247648411395,1411.3637897624667,1419.64794921875,4381119,0.0,0.0,1468.1057983398437,1467.1503020428318,37.89738841106359,-14.002527362230694,-6.191460717493802,-7.811066644736892,33.9886880799008,144895375.0,-0.01019486737234691
2024-04-30 00:00:00+05:30,1429.2796397891336,1447.0957059034588,1420.4963083511525,1433.821044921875,2402464,0.0,0.0,1464.9268493652344,1465.8432723518138,42.19324594226738,-14.36164079755713,-5.240459322256189,-9.12118147530094,33.52147869452994,147297839.0,0.0031774083995287188
2024-05-02 00:00:00+05:30,1413.6593386607635,1461.967417655182,1413.6593386607635,1458.124755859375,2194261,0.0,0.0,1463.4771118164062,1465.5405854305416,48.741138128323,-12.540574487797812,-2.7355144099974975,-9.805060077800315,34.57766443023627,149492100.0,0.031454124754508386
2024-05-03 00:00:00+05:30,1466.209384269985,1469.9023067543585,1435.6675385500846,1440.50830078125,1355425,0.0,0.0,1462.11220703125,1464.5589272090008,44.78152774173687,-12.376201864015911,-2.056913428972477,-10.319288435043434,34.55317184266753,148136675.0,-0.017528931245745283
2024-05-06 00:00:00+05:30,1447.245448525365,1454.6812470944906,1428.8803784660497,1437.86328125,920880,0.0,0.0,1461.1041198730468,1463.5120391321773,44.20091957601156,-12.317379265380168,-1.5984726642693872,-10.718906601110781,33.92800732736563,147215795.0,-0.006482775457974106
2024-05-07 00:00:00+05:30,1438.162835327522,1456.1286418354523,1428.830621314698,1447.395263671875,1800920,0.0,0.0,1460.4254150390625,1462.8800087219693,46.87410758976132,-11.370538127206828,-0.5213052208768367,-10.849232906329991,33.45443684117911,149016715.0,0.006419598753051041
2024-05-08 00:00:00+05:30,1437.264502475031,1463.165157794681,1420.296796543034,1424.0396728515625,1297162,0.0,0.0,1457.5034729003905,1461.3568582956789,41.61357409789827,-12.362256296614987,-1.2104187122279964,-11.15183758438699,34.12686001335539,147719553.0,-0.009201388888889049
2024-05-09 00:00:00+05:30,1429.1799516112396,1436.7654900950463,1410.5154014920142,1419.697998046875,1645954,0.0,0.0,1452.6926330566407,1459.7231775016082,40.699179713497124,-13.34470748160652,-1.7542959177756217,-11.590411563830898,33.56423348404658,146073599.0,-0.006634541405142714
2024-05-10 00:00:00+05:30,1422.2929876849596,1435.7673423051328,1413.060559519285,1429.229736328125,741292,0.0,0.0,1448.7700927734375,1458.5273562791187,43.627799686907835,-13.201991168419227,-1.2892636836706632,-11.912727484748563,32.78870129131809,146814891.0,0.004877158717105271
2024-05-13 00:00:00+05:30,1432.2740403612377,1437.2645422440296,1417.8515386553397,1422.392822265625,771284,0.0,0.0,1444.8650268554688,1457.11031572957,42.02463206136289,-13.485121205313362,-1.257914976451838,-12.227206228861524,31.833294312558934,146043607.0,-0.006898971717116718
2024-05-14 00:00:00+05:30,1424.4887604535272,1434.0206674622657,1419.3486411590432,1430.1280517578125,896653,0.0,0.0,1441.8557495117188,1456.0521877306776,44.509109642783564,-12.93621479375588,-0.5672068519154845,-12.369007941840396,30.607489454749192,146940260.0,0.003958817690137371
2024-05-15 00:00:00+05:30,1437.2645187151008,1441.107180734259,1423.0415885819828,1427.38330078125,254646,0.0,0.0,1440.0192443847657,1454.9279176542295,43.791975281306485,-12.577693155552197,-0.16694817096943915,-12.410744984582758,29.71163964742969,146685614.0,-0.006875016954210038
2024-05-16 00:00:00+05:30,1428.8306093568733,1455.4298862988792,1417.4522409627243,1449.4412841796875,1176239,0.0,0.0,1439.492742919922,1454.7127555571888,50.67064702693846,-10.39385338835973,1.6135132769784217,-12.007366665338152,30.302068625195773,147861853.0,0.01442485532423693
2024-05-17 00:00:00+05:30,1447.2454980293585,1447.2454980293585,1427.7825413317223,1431.4754638671875,2433315,0.0,0.0,1438.357403564453,1453.8014892164044,45.7587797233267,-9.997590195250723,1.607821176069944,-11.605411371320667,29.684688212536443,145428538.0,-0.010896585398706889
2024-05-21 00:00:00+05:30,1436.1166786785786,1437.9631399769717,1419.7977621595785,1426.9342041015625,1300334,0.0,0.0,1437.4641052246093,1452.747870192293,44.58234704297689,-9.935460664058382,1.3359605658098275,-11.27142122986821,28.861880327169064,144128204.0,-0.00639396137747335
2024-05-22 00:00:00+05:30,1431.525439652805,1432.823018854654,1421.2949109747913,1424.6884765625,966583,0.0,0.0,1435.0686645507812,1451.647501814654,43.9801826409543,-9.952705414370712,1.0549726523979999,-11.007678066768712,27.623753723790042,143161621.0,-0.0047759983168467225
2024-05-23 00:00:00+05:30,1431.275902521273,1450.1898554266145,1421.3448527698313,1444.0516357421875,1206423,0.0,0.0,1433.918359375,1451.349624713773,50.223052027623794,-8.308155635587582,2.1596179449449036,-10.467773580532485,27.71098579043241,144368044.0,0.00892611494290459
2024-05-24 00:00:00+05:30,1439.7597335403748,1445.6983817995065,1430.7268767713567,1433.5216064453125,487961,0.0,0.0,1432.730615234375,1450.6504867424608,47.14606238852908,-7.765013209960216,2.162208296457816,-9.927221506418032,26.80102287884079,143880083.0,-0.004332755632582322
2024-05-27 00:00:00+05:30,1432.273932300228,1445.249236216537,1399.4863617717006,1407.52099609375,1675749,0.0,0.0,1431.0213684082032,1448.9591341680016,40.54127316185571,-9.325106856559842,0.4816917198865518,-9.806798576446393,28.155440847840474,142204334.0,-0.01728226399172451
2024-05-28 00:00:00+05:30,1412.3119326244237,1452.2359448540894,1403.229244209858,1447.9940185546875,1600105,0.0,0.0,1432.7929931640624,1448.9212864968913,51.84921754122052,-7.2125162482473115,2.075425862559266,-9.287942110806577,29.644816547582682,143804439.0,0.025265017667844617
2024-05-29 00:00:00+05:30,1445.249294216228,1446.6964909757587,1403.9279157183284,1410.1162109375,1518325,0.0,0.0,1432.31640625,1447.3995188278957,43.50942445486224,-8.496750239706898,0.6329534968797432,-9.129703736586642,30.674908425352424,142286114.0,-0.02430935854411263
2024-05-30 00:00:00+05:30,1416.1048562029714,1416.1048562029714,1368.3956096969848,1377.428466796875,2097166,0.0,0.0,1429.49677734375,1444.65555600315,37.85123004205611,-12.013656742926514,-2.3071624050718977,-9.706494337854616,31.891646859683437,140188948.0,-0.027311811859610548
2024-05-31 00:00:00+05:30,1391.1523244212683,1398.488337667511,1369.992523778725,1383.766357421875,2559060,0.0,0.0,1425.778857421875,1442.2677442940803,39.49422351966022,-14.126573335273179,-3.5360631979348494,-10.59051013733833,31.649087361762188,142748008.0,-0.0053092439050237954
2024-06-03 00:00:00+05:30,1432.5734092560638,1433.6712952183275,1384.7144267703295,1388.8565673828125,870693,0.0,0.0,1423.196270751953,1440.1731883367756,40.84678585317873,-15.214949092104916,-3.69955116381327,-11.515397928291646,32.95307667852578,143618701.0,-0.030516301357257112
2024-06-04 00:00:00+05:30,1395.4940406200817,1400.035324148254,1305.2157900896923,1336.306640625,3277433,0.0,0.0,1418.1184387207031,1436.0999903872944,32.71586161130701,-20.086292357002776,-6.856715542968903,-13.229576814033873,37.37210934852835,140341268.0,-0.042413223039477865
2024-06-05 00:00:00+05:30,1338.4525272401388,1393.5476160913904,1328.1720452232105,1387.459228515625,1238176,0.0,0.0,1415.1216369628905,1434.192509529582,44.33213379334506,-19.593419899684704,-5.091074468520663,-14.502345431164041,39.37235659993203,141579444.0,0.03661444860994584
2024-06-06 00:00:00+05:30,1387.459217404637,1443.053477808398,1377.627953712859,1440.1090087890625,2227021,0.0,0.0,1415.9251037597655,1434.4245291083853,53.273968157357025,-14.783996956615056,-0.2253212203608097,-14.558675736254246,41.23329713533253,143806465.0,0.03794691096067782
2024-06-07 00:00:00+05:30,1432.373785644727,1437.2645017196517,1417.3024947513231,1423.141357421875,1279929,0.0,0.0,1416.0972717285156,1433.9820517873457,50.46085928587805,-12.20099678883912,1.8861431579321017,-14.087139946771222,39.9170983426473,142526536.0,-0.00644554397419128
2024-06-10 00:00:00+05:30,1434.120507260738,1449.2417523920174,1415.6556502226852,1429.5792236328125,2059288,0.0,0.0,1416.11474609375,1433.809391859717,51.50715407964235,-9.524674033283645,3.649972730790063,-13.174646764073708,39.46488433026765,144585824.0,-0.003166598347163683
2024-06-11 00:00:00+05:30,1429.7288244250278,1437.0649596057945,1419.298724307365,1425.3372802734375,991450,0.0,0.0,1416.2619689941407,1433.4771521896669,50.74661717351811,-7.657685315766912,4.413569158645439,-12.07125447441235,37.91498082799349,143594374.0,-0.0030715923723202572
2024-06-12 00:00:00+05:30,1425.3870637489847,1459.0231181345318,1423.0915060820146,1449.9403076171875,1823958,0.0,0.0,1417.2525817871094,1434.122766128001,54.90557012202908,-4.145043138544224,6.340969068694502,-10.486012207238726,37.773311629745194,145418332.0,0.01722566767487284
2024-06-13 00:00:00+05:30,1456.877230568173,1476.6395448064466,1430.128091896056,1447.145751953125,3086173,0.0,0.0,1418.240704345703,1434.6334714544764,54.34425021720563,-1.568663615191781,7.133878873637556,-8.702542488829337,38.397464578362715,142332159.0,-0.006679683374042969
2024-06-14 00:00:00+05:30,1442.1551583340151,1470.9503278309096,1437.8632782774116,1467.107666015625,856835,0.0,0.0,1419.1240234375,1435.906969280404,57.673031797691074,2.060147259830046,8.610151798927507,-6.550004539097461,38.018149219443806,143188994.0,0.017302235156468962
2024-06-18 00:00:00+05:30,1477.188553167582,1477.188553167582,1452.2859975775928,1470.7508544921875,1427035,0.0,0.0,1421.08779296875,1437.273396151454,58.27101879857904,5.170379963350115,9.376307601958061,-4.205927638607946,37.081321103054194,144616029.0,-0.004358075116131942
2024-06-19 00:00:00+05:30,1475.5416719194805,1475.591625673834,1443.4028884294323,1446.447021484375,578983,0.0,0.0,1422.0634338378907,1437.6331461645098,52.90166817462573,5.609482953081624,7.8523284733516565,-2.2428455202700324,36.73185082743615,144037046.0,-0.019717945611971256
2024-06-20 00:00:00+05:30,1473.1960414832747,1478.0867573165865,1448.6926304048093,1452.7349853515625,1444553,0.0,0.0,1423.4657592773438,1438.2253751522373,54.080591040883334,6.391187735546282,6.907226604653052,-0.5160388691067697,36.36812832777724,145481599.0,-0.013888888888888931
2024-06-21 00:00:00+05:30,1452.7350599454724,1475.7413217565836,1442.4047456869555,1461.36865234375,1184387,0.0,0.0,1424.331610107422,1439.1329546499437,55.71952726561101,7.619526026192489,6.508451916239407,1.111074109953082,36.15158888076659,146665986.0,0.0059429916963673335
2024-06-24 00:00:00+05:30,1461.3686023474847,1461.3686023474847,1444.450728884664,1449.990234375,460942,0.0,0.0,1425.1550415039062,1439.558730325436,53.033047217797545,7.58738705951987,5.18105035965343,2.40633669986644,34.77775563636084,146205044.0,-0.0077861040357696054
2024-06-25 00:00:00+05:30,1454.6314191821498,1464.7122079663986,1427.28344626368,1459.22265625,1845922,0.0,0.0,1427.7401245117187,1440.329864675419,54.931785013844525,8.21223050233175,4.644715041972248,3.567515460359502,34.967113212529256,148050966.0,0.003156288945299688
2024-06-26 00:00:00+05:30,1459.2226881667686,1472.846782092234,1444.2511831582178,1448.143798828125,780636,0.0,0.0,1427.7476135253905,1440.636293465721,52.204416200177896,7.72441003780591,3.3255156619571267,4.3988943758487835,34.51200504977832,147270330.0,-0.007592322562200655
2024-06-27 00:00:00+05:30,1442.2550189838964,1470.8506186414693,1434.8192200435356,1460.669921875,1492222,0.0,0.0,1430.2752990722656,1441.4219259523595,54.92913941948918,8.253421939278041,3.083622050743406,5.1697998885346355,34.62053316036085,148762552.0,0.012768132298875487
2024-06-28 00:00:00+05:30,1447.3452486608926,1495.9528073142444,1447.2454629966453,1489.11572265625,1533271,0.0,0.0,1435.8596618652343,1443.2922709211396,60.44398469348808,10.843014551878468,4.538571730675066,6.304442821203402,35.62673395730644,150295823.0,0.028860062265036023
2024-07-01 00:00:00+05:30,1489.115730660243,1509.0279052405167,1479.084895500332,1498.9969482421875,788569,0.0,0.0,1441.62119140625,1445.4767680709847,62.17535389786379,13.53657645120552,5.785706904001694,7.750869547203825,35.22075365608345,151084392.0,0.006635627694002994
2024-07-02 00:00:00+05:30,1504.1371700706693,1507.480781747934,1465.3110435691112,1492.0601806640625,1462260,0.0,0.0,1446.7813720703125,1447.303568564831,60.183819060241994,14.939293614517965,5.750739253851311,9.188554360666654,35.71710969342198,149622132.0,-0.008029180879852455
2024-07-03 00:00:00+05:30,1500.144838037285,1504.087285715919,1483.376703287926,1493.5074462890625,527776,0.0,0.0,1454.6414123535155,1449.1154853383305,60.468324549535964,15.983491571648528,5.435949768785498,10.54754180286303,34.64521488874849,150149908.0,-0.004424500608158898
2024-07-04 00:00:00+05:30,1493.557328038302,1515.9646312592338,1489.4151873847102,1504.8857421875,1363288,0.0,0.0,1460.5127380371093,1451.3025542343762,62.72349756160317,17.527117660196836,5.583660685867045,11.943456974329791,34.06694553058957,151513196.0,0.007584853916573185
2024-07-05 00:00:00+05:30,1504.8857329626155,1529.039711577735,1502.5900535286492,1526.49462890625,961676,0.0,0.0,1464.8320190429688,1454.2512630450378,66.61828003117247,20.260557921835243,6.653680758004361,13.606877163830882,33.52285356762502,152474872.0,0.01435916061287511
2024-07-08 00:00:00+05:30,1526.494644120199,1529.0397268170498,1505.3847981180406,1512.072021484375,774723,0.0,0.0,1469.2785522460938,1456.5187437681493,61.964687173848425,21.020731233660854,5.931083255863975,15.08964797779688,32.818001791295316,151700149.0,-0.00944819733981868
2024-07-09 00:00:00+05:30,1522.1030407136416,1526.095442131907,1509.5270006137905,1521.853515625,726889,0.0,0.0,1473.892266845703,1459.0808916841042,63.811050013810956,22.157046252905275,5.6539186200867135,16.50312763281856,31.65731891463969,152427038.0,-0.00016393442622950524
2024-07-10 00:00:00+05:30,1521.8535016903309,1559.5317897302127,1515.7151601982684,1555.8388671875,1964480,0.0,0.0,1480.4173461914063,1462.8753220960023,69.37385292554089,25.50590177720892,7.202219315512288,18.30368246169663,32.52584110159002,154391518.0,0.022331561782669235
2024-07-11 00:00:00+05:30,1559.032739557499,1566.6682315677024,1543.21287345016,1555.8388671875,1156236,0.0,0.0,1485.7122741699218,1466.5209513152768,69.37385292554089,27.838983435541422,7.628240779075831,20.21074265646559,31.877949459872326,154391518.0,-0.0020486243097791626
2024-07-12 00:00:00+05:30,1559.931057268362,1567.017545366987,1544.4105481314286,1559.881103515625,589534,0.0,0.0,1491.3490417480468,1470.1821337545061,70.0097646978068,29.67210064205642,7.5690863884726625,22.10301425358376,31.21573858670704,154981052.0,-3.202305159856598e-05
2024-07-15 00:00:00+05:30,1559.8810366510572,1617.8208080675113,1554.940488878734,1610.3848876953125,2498480,0.0,0.0,1498.5129028320312,1475.680280967871,76.55872825348258,34.79895188494743,10.156750105090936,24.642201779856492,33.477494343997776,157479532.0,0.03237673249280797
2024-07-16 00:00:00+05:30,1610.3351702809928,1636.485351385048,1589.1753692162656,1618.27001953125,1844059,0.0,0.0,1505.8888610839845,1481.272035421337,77.38892980471805,39.04815979281466,11.524766410366531,27.523393382448127,34.465529188625254,159323591.0,0.004927451996762047
2024-07-18 00:00:00+05:30,1616.9225308783164,1661.7870918731835,1611.9819829915557,1656.64697265625,2104021,0.0,0.0,1516.398858642578,1488.1494839403533,80.92906998655651,44.99372737968724,13.976267197791294,31.01746018189595,35.56121345241115,161427612.0,0.024567931375385817
2024-07-19 00:00:00+05:30,1628.8996981617515,1655.3993100014038,1628.8996981617515,1644.56982421875,567209,0.0,0.0,1525.9906005859375,1494.2836149316631,76.85124266430479,48.17576732447674,13.726645714064631,34.44912161041211,35.00307495541739,160860403.0,0.009620068120021476
2024-07-22 00:00:00+05:30,1637.9824881595537,1644.5699262150483,1615.5751836524414,1618.0704345703125,397490,0.0,0.0,1533.8256896972657,1499.1380000155318,68.6745738890731,48.005895544884424,10.84541914757785,37.160476397306574,34.573908355930925,160462913.0,-0.01215645083703823
2024-07-23 00:00:00+05:30,1618.070400335986,1634.8883667989255,1575.0522997897303,1591.8203125,2145861,0.0,0.0,1540.9171936035157,1502.772600505119,61.67437458675085,45.231702554752474,6.456980925956721,38.77472162879575,36.37834825973552,158317052.0,-0.016223081412610554
2024-07-24 00:00:00+05:30,1576.998536157916,1646.8655599117478,1576.6492254068312,1629.847900390625,2099093,0.0,0.0,1549.4484558105469,1507.7559455986684,66.93288639837849,45.57626830527147,5.4412373411805675,40.1350309640909,38.79534727724845,160416145.0,0.033512627323971554
2024-07-25 00:00:00+05:30,1641.8750403654994,1698.1179695082085,1641.8750403654994,1692.1793212890625,4427012,0.0,0.0,1561.6502319335937,1514.988234841429,73.38011070315807,50.29914663384125,8.13129253580027,42.167854098040976,40.90068455155809,164843157.0,0.03063831271371588
2024-07-26 00:00:00+05:30,1683.046734640836,1774.322963967975,1683.046734640836,1747.623779296875,2982227,0.0,0.0,1575.9979248046875,1524.1111973690936,77.56950428366456,57.849117511448185,12.545010730725764,45.30410678072242,44.498937749813884,167825384.0,0.038369133385841435
2024-07-29 00:00:00+05:30,1749.1708667139192,1760.199924337841,1733.2012610834354,1743.3818359375,1368641,0.0,0.0,1588.71123046875,1532.7100459404037,76.57654352989098,62.76669901353853,13.970073786252883,48.796625227285645,43.248918142999,166456743.0,-0.0033095856365906286
2024-07-30 00:00:00+05:30,1737.1936425346137,1742.98267324453,1704.7553814703365,1717.7806396484375,2096978,0.0,0.0,1599.6504150390624,1539.9677162818953,70.6947683448272,63.86195434381443,12.052263293223021,51.80969105059141,42.918742166153606,164359765.0,-0.011174921673010537
2024-07-31 00:00:00+05:30,1717.780678126453,1756.6566385220112,1716.7326240101474,1750.3187255859375,1082466,0.0,0.0,1612.5633422851563,1548.2167754702891,73.48256213831323,66.58791959937184,11.82258283902435,54.765336760347495,42.70483304799005,165442231.0,0.018941910264687
2024-08-01 00:00:00+05:30,1787.6974909583655,1787.7474447106315,1754.7601798055769,1763.892822265625,1247361,0.0,0.0,1626.0826110839844,1556.6746596583416,74.56942629249407,69.04764459627222,11.425846268739775,57.621798327532446,42.327967767754615,166689592.0,-0.013315825979024604
2024-08-02 00:00:00+05:30,1756.6566180836296,1765.5397355768507,1727.7117078992972,1741.5853271484375,594517,0.0,0.0,1637.9175903320313,1563.9260583834434,69.52611018484025,68.40839654066303,8.629278570504468,59.779117970158566,42.006543475597404,166095075.0,-0.00857953158291896
2024-08-05 00:00:00+05:30,1676.808559410082,1736.045789804891,1676.7586056580649,1718.9283447265625,1240111,0.0,0.0,1647.5392761230469,1570.0045794165069,64.73711219201469,65.32058369374704,4.433172578870781,60.88741111487626,43.63655619093849,164854964.0,0.025119018554687463
2024-08-06 00:00:00+05:30,1718.9283057961866,1776.6185524713535,1666.9273039932195,1671.3189697265625,1500825,0.0,0.0,1655.5016235351563,1573.9776927619994,56.00709905767843,58.35906412771578,-2.0226775897283815,60.381741717444164,48.354748497166746,163354139.0,-0.027697104008984258
2024-08-07 00:00:00+05:30,1686.8395145783452,1695.6726781475334,1673.914042177837,1682.4976806640625,603417,0.0,0.0,1663.5338317871094,1578.2333785620804,57.45775980329767,53.131570592332764,-5.800136900089122,58.931707492421886,46.64038849172418,163957556.0,-0.00257394605518712
2024-08-08 00:00:00+05:30,1667.9255095745573,1711.891879756971,1666.877577285571,1703.0587158203125,1291138,0.0,0.0,1670.89482421875,1583.1284898271092,60.06609257631762,50.07066455180666,-7.088834352492185,57.15949890429884,46.52423949027246,165248694.0,0.02106401397668937
2024-08-09 00:00:00+05:30,1716.732588598982,1730.107157552263,1704.7553844924776,1721.8228759765625,804893,0.0,0.0,1679.194024658203,1588.5674853623818,62.33565385920526,48.59876901056191,-6.848583914989547,55.447352925551456,45.13311107896375,166053587.0,0.002965102084847554
2024-08-12 00:00:00+05:30,1719.6271291534135,1726.7136173192357,1688.835757512833,1701.7611083984375,1019251,0.0,0.0,1686.2880249023438,1593.006450971639,58.507111043119124,45.29137344910305,-8.124783581158724,53.41615703026177,44.61487884520939,165034336.0,-0.010389473655124075
2024-08-13 00:00:00+05:30,1701.76102204427,1718.030105770441,1668.873665690863,1679.2039794921875,1064268,0.0,0.0,1689.7289794921876,1596.386746207739,54.45714685493867,40.384539025819095,-10.425294403554147,50.80983342937324,44.93927607623572,163970068.0,-0.013255117645711195
2024-08-14 00:00:00+05:30,1692.977807286875,1704.1066508354631,1669.8219273229663,1688.8856201171875,557473,0.0,0.0,1693.2597595214843,1600.0141530277174,55.869146777599205,36.85225502295202,-11.166062725136982,48.018317748089004,44.17823660739723,164527541.0,-0.0024171534630129713
2024-08-16 00:00:00+05:30,1695.7724392284786,1698.8665258446729,1662.984868170232,1685.691650390625,721574,0.0,0.0,1694.7119934082032,1603.3740548850865,55.26045779963933,33.41003772031968,-11.686624022215462,45.09666174253514,43.585623826471775,163805967.0,-0.00594465896759119
2024-08-19 00:00:00+05:30,1693.576666795916,1693.576666795916,1662.835128293773,1668.3746337890625,632647,0.0,0.0,1695.9022338867187,1605.9230971950465,51.955385734302695,28.950988221889702,-12.91653881651635,41.86752703840605,42.668189160448286,163173320.0,-0.014880951952729336
2024-08-20 00:00:00+05:30,1669.6223412286658,1767.4361771112235,1669.572387474989,1757.9542236328125,3951662,0.0,0.0,1702.8964233398438,1611.8851021533903,63.962565251633976,32.273455317813614,-7.675257376473951,39.948712694287565,46.696285886284905,167124982.0,0.052905306920572055
2024-08-21 00:00:00+05:30,1757.954173198141,1801.0221052911186,1747.5739053203151,1797.179443359375,2972530,0.0,0.0,1713.1643798828125,1619.1515469065664,67.76189350478882,37.637816521379136,-1.8487169383267457,39.48653345970588,47.178565463750516,170097512.0,0.022313022011190314
2024-08-22 00:00:00+05:30,1797.578676449789,1808.9570444662943,1786.4498335133023,1791.839599609375,1380510,0.0,0.0,1721.26396484375,1625.9236274047157,66.73049816967648,40.985772190595526,1.1993909847117123,39.78638120588381,45.41632585583919,168717002.0,-0.0031926707384784705
2024-08-23 00:00:00+05:30,1786.1005723107453,1794.983689773465,1778.6148197025695,1785.9010009765625,858249,0.0,0.0,1725.950048828125,1632.1972498977293,65.53579960931721,42.668005690747805,2.3052995878911915,40.36270610285661,43.341507585486056,167858753.0,-0.00011173577640401255
2024-08-26 00:00:00+05:30,1787.5977416737342,1798.0278416823578,1765.9888445493573,1792.8377685546875,593628,0.0,0.0,1728.2107482910155,1638.4968780803551,66.29487988262177,44.053110197774686,2.952323275934461,41.100786921840225,42.53418541030852,168452381.0,0.002931323283082178
2024-08-27 00:00:00+05:30,1785.0026446692923,1845.0882354676744,1780.7107645386573,1835.45654296875,2239371,0.0,0.0,1732.8144836425781,1646.220786507351,70.58196111554953,48.0360645631165,5.548222113021012,42.487842450095485,44.094420090216275,170691752.0,0.028265447365096372
2024-08-28 00:00:00+05:30,1835.2569619209737,1850.727516868506,1822.5311828512292,1840.197509765625,724092,0.0,0.0,1738.9353271484374,1653.827716831205,71.02349343570658,50.987390097387106,6.799638117833297,44.18775197955381,42.958842513577736,171415844.0,0.002692019671991868
2024-08-29 00:00:00+05:30,1836.5045873199683,1864.201871177647,1832.013135883588,1840.197509765625,2248185,0.0,0.0,1743.429266357422,1661.1363361619665,71.02349343570658,52.71862930403904,6.824701859588181,45.89392744445086,42.18954914075498,171415844.0,0.0020108430281929215
2024-08-30 00:00:00+05:30,1836.454719989456,1866.2481133902124,1833.5103726446396,1846.78515625,2125138,0.0,0.0,1747.5738830566406,1668.4166820477717,71.70779620549284,53.99974145838564,6.4846512111478205,47.51509024723782,41.51441996967054,173540982.0,0.005625206082186094
2024-09-02 00:00:00+05:30,1846.785078575136,1891.0508035850637,1845.537453169905,1885.1619873046875,2522132,0.0,0.0,1754.7527160644531,1676.9164979401999,75.35861952017831,57.44947976648541,7.947511615398071,49.50196815108734,41.80005785863399,176063114.0,0.020780387049239544
2024-09-03 00:00:00+05:30,1886.409604328643,1932.3222190371707,1878.1752766907005,1924.9862060546875,3457882,0.0,0.0,1765.0556091308595,1686.644721787827,78.46423185176639,62.67443201908236,10.537971094396013,52.13646092468635,42.68197817919373,179520996.0,0.02044974836722891
2024-09-04 00:00:00+05:30,1906.371610844277,1916.3526140424144,1898.7361190300185,1908.5673828125,952279,0.0,0.0,1776.9180297851562,1695.3475712397749,74.30621002516622,64.74405335984193,10.086073948124458,54.65797941171747,41.50827166815625,178568717.0,0.0011518068962695718
2024-09-05 00:00:00+05:30,1915.354551158937,1915.354551158937,1896.5902160443152,1904.2257080078125,947097,0.0,0.0,1788.0044311523438,1703.5388707208745,73.2015334035121,65.28138316251489,8.49872300063793,56.782660161876954,39.883704771475216,177621620.0,-0.005810330596176435
2024-09-06 00:00:00+05:30,1894.49426144408,1913.2086431199511,1885.8606689965936,1892.69775390625,772396,0.0,0.0,1797.4863830566405,1710.956866139909,70.21663406207317,64.0388117899829,5.8049213024847575,58.233890487498144,38.98829543946681,176849224.0,-0.0009482781628805513
2024-09-09 00:00:00+05:30,1897.239014424326,1929.178225430636,1890.9011016079453,1898.1373291015625,1845859,0.0,0.0,1806.3021057128906,1718.2972764521305,70.821241861325,62.76942640782454,3.628428736261114,59.140997671563426,38.93749746683995,178695083.0,0.00047348524377103103
2024-09-10 00:00:00+05:30,1886.4096943108232,1886.4096943108232,1835.257050483612,1849.9290771484373,2515665,0.0,0.0,1813.7105041503905,1723.4593078519856,59.326709404310314,57.21390008186381,-1.5416780717596978,58.75557815362351,40.647696120490714,176179418.0,-0.019338650173611225
2024-09-11 00:00:00+05:30,1841.5949275097,1867.4957046402944,1841.0460454214167,1855.6182861328125,630094,0.0,0.0,1822.5312194824219,1728.6420128826064,60.14873450063712,52.663109516609666,-4.8739749096110785,57.537084426220744,39.63355062751835,176809512.0,0.007614789991887946
2024-09-12 00:00:00+05:30,1859.4608801712568,1876.4285854653583,1837.103408827816,1872.38623046875,1126825,0.0,0.0,1831.70625,1734.2790410232394,62.55103954639468,49.83513971004277,-6.1615557729423855,55.99669548298515,39.61152391394863,177936337.0,0.006951127843196555
2024-09-13 00:00:00+05:30,1865.4495676073188,1868.19434358962,1838.2513328736115,1842.9923095703125,886112,0.0,0.0,1839.5712829589843,1738.542306456458,56.15994699984638,44.706757827415004,-9.031950124456124,53.73870795187113,39.22033631974791,177050225.0,-0.012038523274478382
2024-09-16 00:00:00+05:30,1847.48376895483,1861.2576026775448,1812.6500419742208,1817.790283203125,1576652,0.0,0.0,1847.0420654296875,1741.650070250445,51.31847992737041,38.168898034498625,-12.455847933898,50.624745968396624,39.89085234714619,175473573.0,-0.016072393300918413
2024-09-17 00:00:00+05:30,1820.0359258732624,1840.796461177406,1805.0144673850068,1815.6942138671875,844866,0.0,0.0,1849.9290649414063,1744.5537621569838,50.92525739804219,32.44446220374016,-14.544227011725177,46.988689215465335,39.59736245037854,174628707.0,-0.002385508958561744
2024-09-18 00:00:00+05:30,1814.7460175521016,1845.4376034823292,1811.6020989031576,1838.949951171875,518691,0.0,0.0,1852.0175903320312,1748.255573490901,55.04136637083123,29.44492642669661,-14.03501023101498,43.47993665771159,39.18580117386376,175147398.0,0.013337366984511623
2024-09-19 00:00:00+05:30,1846.485615535564,1856.466618862783,1824.7269795468576,1837.4527587890625,776068,0.0,0.0,1854.2982482910156,1751.7535023261232,54.7231430188636,26.63987391640444,-13.472050193045717,40.11192410945016,38.653932469725305,174371330.0,-0.004891918285473093
2024-09-20 00:00:00+05:30,1846.4856118573305,1881.4191234330092,1841.4951102036616,1866.6971435546875,1512372,0.0,0.0,1858.3380554199218,1756.2610960997924,59.63249641671645,26.471480290882027,-10.912355054854508,37.383835345736536,39.033391910741116,175883702.0,0.010945945945945819
2024-09-23 00:00:00+05:30,1878.4248880902949,1921.343203811805,1876.4286873590615,1916.50244140625,1022492,0.0,0.0,1864.5212890625,1762.545070425536,66.3286613569174,30.010950865416135,-5.898307584256322,35.90925844967246,40.14858250691087,176906194.0,0.020271001282711264
2024-09-24 00:00:00+05:30,1923.4391461159648,1924.2875070396049,1851.0768712677136,1860.808349609375,2608386,0.0,0.0,1865.7888793945312,1766.3985323543143,55.28485690789148,27.999201675167797,-6.328045419603733,34.32724709477153,42.51015774012375,174297808.0,-0.032561880958418325
2024-09-25 00:00:00+05:30,1870.1406037643897,1871.4381829732872,1837.5527243422869,1860.059814453125,1395256,0.0,0.0,1866.7819946289062,1770.0715238091698,55.151944335650484,26.04425347461506,-6.626394896125177,32.67064837074024,41.89410780375779,172902552.0,-0.005390391124054052
2024-09-26 00:00:00+05:30,1869.44198178186,1898.4368460915823,1864.950530143836,1894.6939697265625,1396821,0.0,0.0,1869.506817626953,1774.9586785510282,59.949745383761446,26.978636889446534,-4.553609185034965,31.5322460744815,41.6428880776649,174299373.0,0.013507767660504514
2024-09-27 00:00:00+05:30,1894.6939029119696,1909.3659290100825,1870.3402305213656,1879.0736083984373,1678089,0.0,0.0,1871.121240234375,1779.041616976417,56.98861275236718,26.157186104071116,-4.300047976328308,30.457234080399424,41.45594596416861,172621284.0,-0.008244231160255185
2024-09-30 00:00:00+05:30,1888.4058877609816,1890.0028239749129,1834.7579932223173,1840.4970703125,1473366,0.0,0.0,1868.8879943847655,1781.4516347543026,50.37144983778985,22.138181041960934,-6.655242430750793,28.793423472711726,42.44086630619911,171147918.0,-0.02536997885835098
2024-10-01 00:00:00+05:30,1836.704178150636,1855.7679919204272,1820.8344803776547,1830.715576171875,885515,0.0,0.0,1864.174462890625,1783.38355402558,48.82342261222319,17.956810807813554,-8.66929013191854,26.626100939732094,41.90462668024007,170262403.0,-0.0032605152479104203
2024-10-03 00:00:00+05:30,1803.5673139447829,1841.694698188214,1791.640063620029,1802.1201171875,1307453,0.0,0.0,1858.852099609375,1784.1183212084006,44.51627717121978,12.195053231790098,-11.5448381663536,23.739891398143698,42.48677010080757,168954950.0,-0.0008024079534450846
2024-10-04 00:00:00+05:30,1802.1201247670956,1846.48563632062,1779.1638168560823,1794.6842041015625,1554623,0.0,0.0,1853.3750244140624,1784.532669557152,43.443021346440524,6.948702483243551,-13.432951131920117,20.381653615163668,44.260702198216855,167400327.0,-0.004126206995493219
2024-10-07 00:00:00+05:30,1796.580624714359,1816.392892235886,1772.6262163848342,1784.553466796875,692912,0.0,0.0,1847.9678100585938,1784.5334851351806,41.958799225903135,1.950976243031164,-14.744541897706004,16.695518140737168,44.22541460199078,166707415.0,-0.006694471571180467
2024-10-08 00:00:00+05:30,1781.6090993718224,1795.6324578249348,1720.2758824733537,1724.767333984375,2888148,0.0,0.0,1839.2993103027343,1782.1897145018158,34.473511575599154,-6.756118742098579,-18.761309506268596,12.005190764170019,46.449068941247226,163819267.0,-0.03190473455007005
2024-10-09 00:00:00+05:30,1744.7294026964823,1755.6585530262848,1729.7578971277533,1734.099609375,704112,0.0,0.0,1833.5078369140624,1780.3038280262545,36.38135028976879,-12.75646898427749,-19.809327798758005,7.052858814480517,45.337793948437415,164523379.0,-0.00609251687112854
2024-10-10 00:00:00+05:30,1741.8348713494336,1751.1171316142452,1726.2645300677957,1731.205078125,784503,0.0,0.0,1827.287176513672,1778.3783868536564,36.030940891521446,-17.543128003257607,-19.676789454190498,2.133661450932893,43.87456591972399,163738876.0,-0.006102641185612768
2024-10-11 00:00:00+05:30,1734.1993253962949,1743.4317534595557,1715.335204769624,1731.7540283203125,805944,0.0,0.0,1820.25556640625,1776.5499806366624,36.15653023743757,-21.049646842966695,-18.54664663511967,-2.503000207847024,42.74756468902455,164544820.0,-0.0014100438399280082
2024-10-14 00:00:00+05:30,1735.4470212365682,1740.5373087643866,1714.0378169996736,1734.9979248046875,1349793,0.0,0.0,1814.8558471679687,1774.9204882510949,36.94434766747141,-23.29826505375172,-16.636211876723756,-6.662053177027964,41.58698805157372,165894613.0,-0.00025877853163196223
2024-10-15 00:00:00+05:30,1738.6408413493002,1751.616145790358,1715.2354370736834,1720.4754638671875,2159705,0.0,0.0,1809.9901062011718,1772.7853892556477,34.869831313404404,-25.95298258651769,-15.432743527591782,-10.52023905892591,41.215110956223775,163734908.0,-0.010448033343111384
2024-10-16 00:00:00+05:30,1721.7729968944727,1745.6774507001396,1720.7249428284968,1730.4564208984375,891554,0.0,0.0,1805.7282165527345,1771.1254297122277,37.46869215072129,-26.940927299593795,-13.136550592534308,-13.804376707059488,40.07131637599009,164626462.0,0.005043303629239679
2024-10-17 00:00:00+05:30,1730.7059334778478,1735.6964350161345,1692.5285967099542,1698.7667236328125,2442434,0.0,0.0,1798.7190551757812,1768.287833395388,32.97032738252852,-29.935892001402863,-12.9052122354747,-17.030679765928163,40.29249651386081,162184028.0,-0.01845444059976934
2024-10-18 00:00:00+05:30,1702.7591282804003,1714.1873280906436,1677.4073560473464,1702.80908203125,2045293,0.0,0.0,1791.9868713378905,1765.7200392242453,34.05788042111773,-31.618757214609786,-11.6704619589453,-19.948295255664487,40.04160190882055,164229321.0,2.933694497361424e-05
2024-10-21 00:00:00+05:30,1711.891802279364,1772.6761366344083,1693.5766856245837,1708.5980224609375,1574574,0.0,0.0,1784.0819152832032,1763.4799601354882,35.66764275396187,-32.11511782071307,-9.733458052038863,-22.381659768674204,42.83144827317799,165803895.0,-0.0019240584095564753
2024-10-22 00:00:00+05:30,1697.7686337923026,1723.669288200328,1669.7220393419004,1694.924072265625,1290296,0.0,0.0,1773.002996826172,1760.7914939445131,33.582248258427185,-33.22881953257706,-8.677727811122285,-24.551091721454778,43.625434029267254,164513599.0,-0.0016754706560479261
2024-10-23 00:00:00+05:30,1699.9645009076955,1725.6157535115876,1689.035350595043,1712.740234375,952362,0.0,0.0,1765.599591064453,1758.90713082414,38.61795052786968,-32.30146954274733,-6.200302257034036,-26.10116728571329,43.122217521215646,165465961.0,0.007515294266723136
2024-10-24 00:00:00+05:30,1721.17402638031,1721.17402638031,1619.916798928785,1632.1934814453125,4320374,0.0,0.0,1754.2062744140626,1753.9379681034018,28.20593266706186,-37.63218736798126,-9.224816065814373,-28.407371302166887,47.27471823052344,161145587.0,-0.051697587560118274
2024-10-25 00:00:00+05:30,1641.7253058847032,1650.1593267888509,1600.902977959052,1613.6787109375,1639581,0.0,0.0,1740.1555114746093,1748.437605077288,26.441188961085516,-42.85678060640316,-11.559527443389019,-31.297253163014144,47.41626327332884,159506006.0,-0.017083610057462843
2024-10-28 00:00:00+05:30,1613.928254674288,1616.9225557033683,1590.5726822797774,1602.849365234375,2366566,0.0,0.0,1726.3442993164062,1742.7282623383503,25.438644346796494,-47.32560595634027,-12.822682234660903,-34.502923721679366,45.9115211412047,157139440.0,-0.006864548909052214
2024-10-29 00:00:00+05:30,1602.9491404673067,1662.6355893271734,1592.8683514360368,1658.1939697265625,2052244,0.0,0.0,1717.2291442871094,1739.4131920398488,38.31174015841761,-45.87254504929206,-9.095697062090153,-36.776847987201904,47.61550090905698,159191684.0,0.03446449289286264
2024-10-30 00:00:00+05:30,1633.3912121401845,1646.2167771864945,1616.223934967327,1621.064697265625,1512352,0.0,0.0,1706.746600341797,1734.7720745977224,34.06284548800987,-47.17322225519183,-8.31709941439194,-38.85612284079989,47.21225332692687,157679332.0,-0.007546578420982464
2024-10-31 00:00:00+05:30,1627.0033303666146,1638.8307949588727,1609.9857927720284,1619.0684814453125,809110,0.0,0.0,1697.5940185546874,1730.2346787878241,33.84551485319353,-47.81392705738676,-7.166243373269495,-40.64768368411727,45.900306816920974,156870222.0,-0.004876971529931732
2024-11-01 00:00:00+05:30,1636.2857447751417,1636.2857447751417,1619.9168746012583,1625.7557373046875,53886,0.0,0.0,1689.1475952148437,1726.1374653963287,35.33398876616278,-47.23755938875888,-5.271900563713288,-41.965658825045594,43.851517996414415,156924108.0,-0.006435310888747735
2024-11-04 00:00:00+05:30,1633.8902777008473,1638.0324185330755,1584.9833604086411,1605.743896484375,1470020,0.0,0.0,1680.2071166992187,1721.416148968409,32.945096826080174,-47.84405567520071,-4.702717480124086,-43.14133819507662,44.50848514841584,155454088.0,-0.017226604258933995
2024-11-05 00:00:00+05:30,1603.7476608375796,1638.8807437589196,1595.6131187709705,1630.097412109375,978590,0.0,0.0,1675.4736206054688,1717.8350220327607,38.40296398523504,-45.83126883352179,-2.151944510756131,-43.67932432276566,44.41985227981108,156432678.0,0.016430110493837843
2024-11-06 00:00:00+05:30,1630.0973883625932,1635.5371081912033,1597.409602993405,1600.9029541015625,1352644,0.0,0.0,1668.813787841797,1713.2494507413412,34.7513296354474,-46.06090805694862,-1.9052669873463657,-44.155641069602254,43.97039891681016,155080034.0,-0.017909625810980538
2024-11-07 00:00:00+05:30,1602.0010325690473,1614.8764297504722,1572.0080679966625,1586.829833984375,1359619,0.0,0.0,1661.5950256347655,1708.2918187116563,33.11661073921761,-46.83855625494266,-2.1463321482723217,-44.69222410667034,43.89168197659585,153720415.0,-0.009470155309664835
2024-11-08 00:00:00+05:30,1585.9813888934243,1600.304103940858,1563.87344271077,1566.967529296875,1131938,0.0,0.0,1653.3557006835938,1702.7496897149983,30.906825892975874,-48.49850941926934,-3.0450282500791985,-45.45348116919014,43.35875192327387,152588477.0,-0.011988702849669452
2024-11-11 00:00:00+05:30,1575.6011865136916,1575.6011865136916,1552.2955677329658,1563.025146484375,862991,0.0,0.0,1644.757061767578,1697.2702958628172,30.47219392360138,-49.56084503540251,-3.285891092969891,-46.27495394243262,41.926385270234725,151725486.0,-0.007981740644117807
2024-11-12 00:00:00+05:30,1566.119203084133,1582.937169273178,1554.0422134615249,1559.4818115234375,1177157,0.0,0.0,1636.7073791503906,1691.866825888724,30.062992096084074,-50.11102250891008,-3.068854853181975,-47.04216765572811,40.99556888033603,150548329.0,-0.004238113898114906
2024-11-13 00:00:00+05:30,1557.0365017632205,1569.013705622937,1537.0744953303586,1543.76171875,2946117,0.0,0.0,1627.3726440429687,1686.0587824715192,28.250455144688157,-51.22503194718706,-3.34629143316716,-47.8787405140199,40.34868612406764,147602212.0,-0.008525672325721231
2024-11-14 00:00:00+05:30,1543.2626409588304,1565.9694228696717,1543.1130233839972,1559.3321533203125,684365,0.0,0.0,1620.4009155273438,1681.0891107400994,32.58591925892259,-50.27198436818071,-1.914595083328642,-48.35738928485207,39.099237078468136,148286577.0,0.010412687986471382
2024-11-18 00:00:00+05:30,1548.053652035858,1563.5741613058224,1548.053652035858,1559.631591796875,490930,0.0,0.0,1613.242041015625,1676.3260707815416,32.67017809683786,-48.92850773272994,-0.45689475830229753,-48.47161297442764,37.415042235003575,148777507.0,0.007479030036065439
2024-11-19 00:00:00+05:30,1565.021382463701,1565.071336217644,1498.148657575265,1520.007080078125,4198931,0.0,0.0,1603.8124938964843,1670.1959142833684,27.730838830554898,-50.479266201234395,-1.6061225814453977,-48.873143619789,39.522730549816124,144578576.0,-0.028762739531847936
2024-11-21 00:00:00+05:30,1510.4252781205205,1512.6210501111473,1471.1998864162529,1475.142333984375,1827614,0.0,0.0,1592.8234069824218,1662.5467542716433,23.414393521142966,-54.69793971878062,-4.659836879193293,-50.038102839587324,40.18590648639155,142750962.0,-0.023359609142697475
2024-11-22 00:00:00+05:30,1482.528306682987,1493.607196022283,1472.1979925941628,1482.3287353515625,977581,0.0,0.0,1581.30283203125,1655.4793809806597,25.416992840720038,-56.80655573065792,-5.414762312856475,-51.391793417801445,38.84471341080074,143728543.0,-0.00013461552843536842
2024-11-25 00:00:00+05:30,1489.7645825556094,1508.129653665481,1485.5226559983107,1492.359619140625,1785465,0.0,0.0,1574.3111389160156,1649.0825275751681,28.23768544019275,-57.01105269433265,-4.495407421224954,-52.515645273107694,37.91301376102345,145514008.0,0.0017419105108297949
2024-11-26 00:00:00+05:30,1492.3595875886735,1514.018438185193,1486.4209392693815,1503.8876953125,601372,0.0,0.0,1568.8215881347655,1643.3886125844751,31.446522614211847,-55.60195389496175,-2.4690468974832456,-53.13290699747851,37.17619127207974,146115380.0,0.007724752009971907
2024-11-27 00:00:00+05:30,1504.13721938688,1513.0701687361252,1492.2598009178662,1502.540283203125,467560,0.0,0.0,1563.806134033203,1637.8651486871674,31.2705218056587,-53.97180447517735,-0.6711179821590747,-53.300686493018276,36.00720388252112,145647820.0,-0.0010616958101773806
2024-11-28 00:00:00+05:30,1504.2869381283303,1516.813024178446,1400.3347642943218,1425.8861083984375,5574277,0.0,0.0,1552.190740966797,1629.552245146433,23.285889555643266,-58.19442152984902,-3.9149880294645953,-54.27943350038443,41.75513645406421,140073543.0,-0.052118267959862116
2024-11-29 00:00:00+05:30,1439.260725376565,1457.2265319346636,1393.9968982214846,1435.018798828125,9016112,0.0,0.0,1542.888446044922,1621.9234825457152,25.71945201082698,-60.11102173464701,-4.665270587410063,-55.44575114723695,43.28902911542956,149089655.0,-0.0029472954230236204
2024-12-02 00:00:00+05:30,1425.6865455840796,1447.0459171612504,1408.469314772694,1419.3486328125,3117960,0.0,0.0,1532.9024536132813,1613.9793707914716,24.295322593859584,-62.17764742643726,-5.385517023360244,-56.79213040307702,42.95242720636719,145971695.0,-0.004445516296138596
2024-12-03 00:00:00+05:30,1427.3832820855273,1445.598613420938,1414.2582381528755,1438.212646484375,4645704,0.0,0.0,1523.5252990722656,1607.0865580735465,29.365790342580002,-61.58339982736038,-3.8330155394266896,-57.75038428793369,42.1229949250597,150617399.0,0.007586865094163837
2024-12-04 00:00:00+05:30,1438.2626362229837,1469.5530585212184,1432.3239877442472,1449.840576171875,1976987,0.0,0.0,1515.7301330566406,1600.9200489793634,32.37256714677161,-59.48843196324219,-1.3904381402468005,-58.09799382299539,41.77342891448195,152594386.0,0.008049948359429043
2024-12-05 00:00:00+05:30,1449.84058776995,1453.2841071843604,1414.8572425503946,1429.1300048828125,2632452,0.0,0.0,1505.6817626953125,1594.183184504989,29.928852289948985,-58.82126987095785,-0.5786208383699645,-58.242649032587885,41.534388608730794,149961934.0,-0.014284731067567297
2024-12-06 00:00:00+05:30,1432.274031093525,1450.1898840014508,1426.5849077193247,1445.79833984375,1359753,0.0,0.0,1497.926531982422,1588.364170988862,34.23187532678921,-56.29856892005114,1.5552640900294037,-57.85383301008054,40.253716299687596,151321687.0,0.00944254273736937
2024-12-09 00:00:00+05:30,1451.2379268535235,1481.580202236578,1446.297378795272,1466.5089111328125,2397565,0.0,0.0,1491.9104858398437,1583.5855333474485,39.225760116284924,-52.02838933807584,4.660354937603763,-56.6887442756796,39.93429816348335,153719252.0,0.010522729592933475
2024-12-10 00:00:00+05:30,1460.919459359299,1481.0811598884052,1448.842469278705,1459.072998046875,1994725,0.0,0.0,1486.5157592773437,1578.7026888258574,38.10695556755166,-48.68306917856194,6.404540077694136,-55.08760925625607,39.38461190964169,151724527.0,-0.0012639035647001445
2024-12-11 00:00:00+05:30,1452.7349994940807,1470.700805052922,1451.6869454344485,1453.3837890625,1213092,0.0,0.0,1481.03369140625,1573.7882221684708,37.23196951304144,-45.9611390673997,7.301176151085102,-53.2623152184848,37.92955817455825,150511435.0,0.0004465987042682965
2024-12-12 00:00:00+05:30,1447.2454418561847,1452.9845186083728,1417.651743453304,1429.7786865234375,2851447,0.0,0.0,1474.54853515625,1568.1407893980775,33.767516424791914,-45.18782719917863,6.459590415444943,-51.64741761462357,37.772592991318085,147659988.0,-0.012068965517241476
2024-12-13 00:00:00+05:30,1419.348638130425,1439.2107374382556,1406.6228587873727,1426.0858154296875,3926561,0.0,0.0,1468.6647399902345,1562.5700061051996,33.246315548343105,-44.36158309110897,5.828667618811686,-50.190250709920655,37.402256252715574,143733427.0,0.004746668378909966
2024-12-16 00:00:00+05:30,1426.085782458517,1434.2202025758595,1412.96073891498,1418.9493408203125,1601339,0.0,0.0,1461.6455993652344,1556.9378231528513,32.211596306350025,-43.777987156576046,5.129810842675688,-48.907797999251734,36.24919963901299,142132088.0,-0.00500421624420211
2024-12-17 00:00:00+05:30,1418.9991764986985,1422.2929562907389,1402.929785711097,1407.02197265625,1973758,0.0,0.0,1454.015118408203,1551.0587701922004,30.502896883316385,-43.77333039865857,4.107574080474528,-47.8809044791331,35.04305470620076,140158330.0,-0.008440599572440607
2024-12-18 00:00:00+05:30,1412.1123722835162,1417.6517559204235,1390.054257884302,1395.34423828125,1454595,0.0,0.0,1447.7819763183593,1544.9523179603987,28.887208324971283,-44.20239772765581,2.942805401181836,-47.14520312883764,34.511229229766535,138703735.0,-0.011874503992306596
2024-12-19 00:00:00+05:30,1377.4283794405865,1406.3233346354514,1374.883174918619,1403.229248046875,1081337,0.0,0.0,1444.1863220214843,1539.3945505128097,31.524628280573502,-43.40582693314309,2.9915009565556474,-46.39732788969874,34.29186712169981,139785072.0,0.018731187037664354
2024-12-20 00:00:00+05:30,1399.7857923413878,1412.1124291805863,1388.457377694333,1397.9393310546875,1542712,0.0,0.0,1439.9668518066405,1533.8472870046483,30.701952226210523,-42.70906738772351,2.9506084015801832,-45.65967578930369,33.532094576310776,138242360.0,-0.0013191027490083332
2024-12-23 00:00:00+05:30,1397.939348340511,1405.475054839658,1378.8756557163877,1402.6304931640625,1325302,0.0,0.0,1435.4803955078125,1528.7015303834487,32.38704973179797,-41.3022363803052,3.485951527198793,-44.788187907503996,33.03690204395075,139567662.0,0.0033557570499179964
2024-12-24 00:00:00+05:30,1404.2771644997313,1415.3062215198609,1382.36891171016,1384.3651123046875,756679,0.0,0.0,1429.5042663574218,1523.0412786940856,29.39035914534719,-41.186405017060906,2.8814263123544777,-44.067831329415384,33.029788312932894,138810983.0,-0.014179574159875603
2024-12-26 00:00:00+05:30,1391.3018788588038,1409.1180668690515,1382.5685011433557,1406.373291015625,1935656,0.0,0.0,1424.6959167480468,1518.4660634910088,36.9592453189185,-38.87065502028986,4.157741047300419,-43.02839606759028,32.566915270987394,140746639.0,0.010832596710918943
2024-12-27 00:00:00+05:30,1407.3215161491903,1417.701784323933,1398.1390415167778,1402.6304931640625,665711,0.0,0.0,1423.533135986328,1513.9234921056382,36.247631205254685,-36.91192131843968,4.893179799320485,-41.80510111776017,31.6380458092851,140080928.0,-0.0033332987034574023
2024-12-30 00:00:00+05:30,1388.607065843885,1412.2619946183115,1386.36134013093,1401.18310546875,1439560,0.0,0.0,1421.8413513183593,1509.5023004728191,35.95929062889705,-35.07211334745989,5.386390216240223,-40.45850356370011,31.228232143434838,138641368.0,0.009056586225292065
2024-12-31 00:00:00+05:30,1397.0910032232216,1397.0910032232216,1379.823817959356,1387.7587890625,2096160,0.0,0.0,1420.2618591308594,1504.7280451233948,33.31246749864654,-34.30187179180689,4.925305417514579,-39.22717720932147,30.523307526717645,136545208.0,-0.006679746801884273
2025-01-01 00:00:00+05:30,1389.555250169965,1402.031504469862,1382.3190226760246,1397.73974609375,511676,0.0,0.0,1418.238214111328,1500.532425553605,37.024002416483405,-32.51129996318332,5.372701796910519,-37.88400176009384,29.751105688654775,137056884.0,0.005890011154852613
2025-01-02 00:00:00+05:30,1401.3328864502769,1422.7920438994795,1395.3942381241218,1419.5482177734375,1083889,0.0,0.0,1416.7235961914062,1497.3565742681083,44.316453419126255,-28.99822400946414,7.10862220050376,-36.1068462099679,29.583012837704985,138140773.0,0.012998575498575481
2025-01-03 00:00:00+05:30,1425.5368260140892,1448.243608994534,1422.193214206631,1444.9498291015625,1107442,0.0,0.0,1417.5145874023438,1495.3014077909888,51.378740777354615,-23.88901061773163,9.774268473789014,-33.66327909152064,29.519611293661523,139248215.0,0.01361802987703483
2025-01-06 00:00:00+05:30,1447.2454985270135,1459.871492243916,1422.492561265114,1431.9246826171875,1012018,0.0,0.0,1416.8209045410156,1492.8160460194672,48.01587613549979,-20.652869239854454,10.408327881332951,-31.061197121187405,30.080991271171552,138236197.0,-0.010586190059267303
2025-01-07 00:00:00+05:30,1444.251164159644,1487.9680069449023,1431.6251707341723,1474.9427490234375,2362510,0.0,0.0,1417.2425964355468,1492.1151324117798,57.83240074225495,-14.450429880165984,13.288613792817138,-27.739043672983122,31.956837338282867,140598707.0,0.021250863856254333
2025-01-08 00:00:00+05:30,1475.890870014438,1481.8296399231692,1452.2359415574258,1460.3704833984375,1229808,0.0,0.0,1417.307470703125,1490.8702442151782,54.105166837292956,-10.588751515678723,13.72023372584352,-24.308985241522244,31.788041697387193,139368899.0,-0.010515944594093616
2025-01-09 00:00:00+05:30,1455.030729205165,1478.3861797677616,1450.2397988219334,1465.660400390625,1253461,0.0,0.0,1417.9213012695313,1489.8816228887251,55.233088712626845,-7.020562820300029,13.830737936977776,-20.851300757277805,31.527923072275836,140622360.0,0.007305461645656528
2025-01-10 00:00:00+05:30,1467.1077538384775,1485.1733461137085,1455.879124709594,1475.4918212890625,1124758,0.0,0.0,1420.2069580078125,1489.3173169436402,57.33188734559463,-3.36069408050912,13.992485341414948,-17.353179421924068,31.368372953121455,141747118.0,0.005714690982069514
2025-01-13 00:00:00+05:30,1475.491744560178,1475.491744560178,1442.903744904204,1464.6124267578125,1444590,0.0,0.0,1422.1332885742188,1488.3484977206667,54.29819090469751,-1.3228489725618147,12.824264359489804,-14.14711333205162,31.455494626816964,140302528.0,-0.007373350506687119
2025-01-14 00:00:00+05:30,1472.1980436018791,1501.1429542896449,1466.0597019676509,1496.4019775390625,2024378,0.0,0.0,1426.0059204101562,1488.664320458643,60.82175854350675,2.824747102796664,13.577488347878626,-10.752741245081962,31.817996977175206,142326906.0,0.016440677966101647
2025-01-15 00:00:00+05:30,1501.6419561901232,1501.991266940197,1466.558704996196,1469.9522705078125,1433596,0.0,0.0,1429.1524353027344,1487.9305145782184,53.92474559850685,3.9321491980595056,11.747912354513176,-7.815763156453669,32.07618018909134,140893310.0,-0.021103356596876063
2025-01-16 00:00:00+05:30,1483.1770651041409,1542.0649835705906,1483.1770651041409,1510.724609375,2929496,0.0,0.0,1434.921453857422,1488.8244006486805,61.22422655797635,8.007455373804078,12.658574824206198,-4.6511194504021205,34.93593253721182,143822806.0,0.018573334849217676
2025-01-17 00:00:00+05:30,1516.6135007863847,1552.0460636543785,1497.15054371805,1537.5736083984375,2603818,0.0,0.0,1441.638671875,1490.7361342859258,65.14065842383573,13.250906511954554,14.321620769885339,-1.0707142579307858,36.36161735143445,146426624.0,0.01382033563672264
2025-01-20 00:00:00+05:30,1544.8597994244317,1544.8597994244317,1484.4747271174874,1496.85107421875,4033718,0.0,0.0,1446.5842590332031,1490.975935851919,55.915867093143426,13.959494773813276,12.02416722539525,1.9353275484180266,38.077578419685146,142392906.0,-0.03107642856883731
2025-01-21 00:00:00+05:30,1496.8510902628868,1503.0892176341872,1457.2265539357572,1463.76416015625,877160,0.0,0.0,1449.6409423828125,1489.9088073932653,49.75114330355256,11.716162007903904,7.824667567588701,3.8914944403152023,38.63365593959549,141515746.0,-0.022104356486673558
2025-01-22 00:00:00+05:30,1463.3149233737993,1467.956114447028,1447.295485589976,1457.2764892578125,631080,0.0,0.0,1453.2865112304687,1488.6291086428555,48.61925368148747,9.307512595331445,4.332814524012994,4.974698071318452,37.3498682908424,140884666.0,-0.004126544477565118
2025-01-23 00:00:00+05:30,1455.280198730681,1460.919367984322,1444.400881036329,1447.095703125,1301601,0.0,0.0,1455.3226318359375,1487.0003476421555,46.81913322080139,6.502183106563507,1.2219880281960442,5.280195078367463,35.861912480638864,139583065.0,-0.005623999840593978
2025-01-24 00:00:00+05:30,1448.5430139252426,1452.8347721116004,1415.4559646171306,1437.6636962890625,1504123,0.0,0.0,1457.0742919921875,1485.0655770008577,45.15123187205313,3.4777656329351885,-1.4419435563458203,4.919709189281009,35.97026212448393,138078942.0,-0.007510524390090044
2025-01-27 00:00:00+05:30,1432.2739306100043,1443.2030801604776,1413.310024908548,1421.694091796875,896819,0.0,0.0,1458.0998413085938,1482.5804207183485,42.39725989392576,-0.2053534370388661,-4.1000501010559,3.894696664017034,35.53617591930148,137182123.0,-0.007386742568597443
2025-01-28 00:00:00+05:30,1417.3025169789098,1432.9726439594342,1409.1679746440575,1416.803466796875,1527262,0.0,0.0,1459.5520751953125,1480.000932329271,41.56120851562064,-3.478783153548193,-5.898783854052182,2.420000700503989,34.698211161878284,135654861.0,-0.0003521126760563238
2025-01-29 00:00:00+05:30,1416.8033789803933,1467.3072299042972,1407.8204762605458,1458.124755859375,1021447,0.0,0.0,1462.5713256835938,1479.143043055942,50.4515671718447,-2.707506645502008,-4.102005876804798,1.3944992313027897,36.468821339154935,136676308.0,0.029165216212795005
2025-01-30 00:00:00+05:30,1463.115348231929,1477.1885389993051,1451.1381438616645,1470.10205078125,1016159,0.0,0.0,1465.0990173339844,1478.7884943392874,52.69787007165214,-1.1169216765356396,-2.009136726270744,0.892215049735104,35.72464803904677,137692467.0,0.004775223332708535
2025-01-31 00:00:00+05:30,1476.8890005799371,1487.1694826517562,1464.213175201427,1480.7816162109375,892312,0.0,0.0,1466.890606689453,1478.8666559813128,54.67116706145079,0.9939227257525545,0.08136614081396032,0.9125565849385942,34.812623711281226,138584779.0,0.0026356859787511596
2025-02-01 00:00:00+05:30,1472.7967897427336,1525.0972702363222,1369.9426261325289,1451.587158203125,4329907,0.0,0.0,1467.87373046875,1477.7968717547174,48.691261777805714,0.3074888098192332,-0.4840542200954887,0.7915430299147219,43.40848231074637,134254872.0,-0.014400921897252018
2025-02-03 00:00:00+05:30,1431.625169843644,1479.0848888022822,1431.625169843644,1457.176513671875,1127198,0.0,0.0,1466.985418701172,1476.9882302612725,49.822848799661685,0.21205482407617637,-0.4635905646708365,0.6756453887470129,43.69785635702436,135382070.0,0.01784778890903517
2025-02-04 00:00:00+05:30,1458.4740625669203,1475.8908640569043,1451.2877891462683,1469.6029052734375,614905,0.0,0.0,1467.447039794922,1476.6986096735143,52.339500979981594,1.1261471302527752,0.36040139320460984,0.7657457370481654,42.333943396568046,135996975.0,0.007630470086612547
2025-02-05 00:00:00+05:30,1469.602956946635,1481.4803752953633,1462.2169901033435,1466.359130859375,791375,0.0,0.0,1467.4819763183593,1476.293139916097,51.611794161090224,1.5707200991525951,0.6439794896835438,0.9267406094690513,40.68604638195745,135205600.0,-0.0022072805936643168
2025-02-06 00:00:00+05:30,1467.2074884568108,1477.5877562802436,1453.683180219001,1462.3167724609375,1510856,0.0,0.0,1466.823223876953,1475.7450470747183,50.6663939014828,1.5786649734964158,0.5215394912218914,1.0571254822745244,39.48736993047782,133694744.0,-0.003333349941539127
2025-02-07 00:00:00+05:30,1469.6527901515651,1473.14614132553,1451.4874127823168,1468.1556396484375,562410,0.0,0.0,1467.0003845214844,1475.4474232540797,52.03313593623883,2.032677685178669,0.7804417623233155,1.2522359228553535,38.21389554567319,134257154.0,-0.0010187103465255987
2025-02-10 00:00:00+05:30,1460.1210005273056,1471.748893766587,1442.2549802109872,1445.4488525390625,530759,0.0,0.0,1464.4527282714844,1474.2710087162359,46.62358595548261,0.5538535994505764,-0.5587058587238216,1.112559458174398,37.59103968923937,133726395.0,-0.01004858363309917
2025-02-11 00:00:00+05:30,1445.4489258051842,1447.2455552298054,1400.235051562095,1416.304443359375,1448104,0.0,0.0,1461.7703369140625,1471.9978100747903,40.765471441297414,-2.9359911156616363,-3.2388404590688276,0.30284934340719116,38.26385854484445,132278291.0,-0.020162927880398366
2025-02-12 00:00:00+05:30,1424.7383272020138,1464.1632918939656,1404.826273517018,1449.3914794921875,1590502,0.0,0.0,1458.703680419922,1471.1112873068453,48.65321422159351,-2.9973196640216884,-2.6401352059431034,-0.3571844580785848,39.769084247137535,133868793.0,0.01730363521460746
2025-02-13 00:00:00+05:30,1449.3914261848008,1476.58966032006,1443.2530847553978,1467.70654296875,983142,0.0,0.0,1455.2103271484375,1470.9777679210379,52.429386516495725,-1.5501809027659874,-0.954397155749922,-0.5957837470160654,39.30961934124643,134851935.0,0.012636418605124244
2025-02-14 00:00:00+05:30,1467.7065932964742,1474.343985121093,1447.245535722467,1462.6661376953125,625676,0.0,0.0,1453.5010803222656,1470.651821637676,51.311003005255046,-0.8008004603154859,-0.16401337063953636,-0.6367870896759495,38.437392916773554,134226259.0,-0.0034342392574805143
2025-02-17 00:00:00+05:30,1457.7255037405844,1478.7355640156563,1449.091911685564,1473.3956298828125,717439,0.0,0.0,1453.9826538085938,1470.7594219610146,53.58092461317207,0.6513608068216854,1.030518317198108,-0.37915751037642265,37.809268589153476,134943698.0,0.010749709806145211
2025-02-18 00:00:00+05:30,1473.4456779860643,1478.1866547653592,1451.6372091689936,1472.54736328125,679042,0.0,0.0,1454.7461975097656,1470.8295373069063,53.36908475864006,1.7140030871400995,1.6745284780132177,0.03947460912688178,37.00499551824005,134264656.0,-0.0006096693744706937
2025-02-19 00:00:00+05:30,1472.19803914837,1479.3843130447758,1462.2669892467725,1472.796875,391966,0.0,0.0,1456.0312561035157,1470.9066878046747,53.42741195498728,2.546928850285667,2.005963392927028,0.5409654573586389,35.584447538223145,134656622.0,0.0004067631091101984
2025-02-20 00:00:00+05:30,1470.2018069362312,1486.82020203405,1463.2151045271655,1467.0079345703125,346720,0.0,0.0,1457.498468017578,1470.7537955209743,51.808255025654184,2.708685367187627,1.7341759278631903,0.9745094393244366,34.72877967884181,134309902.0,-0.002172404054225994
2025-02-21 00:00:00+05:30,1466.9080734136323,1498.5479284260043,1458.9232704081264,1492.559326171875,1051158,0.0,0.0,1461.041729736328,1471.6089143700292,57.87633280987866,4.842837120814465,3.094662145192023,1.7481749756224425,35.07848527448724,135361060.0,0.01748661229912642
2025-02-24 00:00:00+05:30,1477.1884952856965,1492.3595716370464,1472.3975649439965,1483.6761474609375,1116079,0.0,0.0,1464.3853637695313,1472.0821391971238,55.27070708964604,5.751074670267144,3.202319755715761,2.548754914551383,34.013004985443764,134244981.0,0.0043918918918917395
2025-02-25 00:00:00+05:30,1477.188551708213,1481.2309069533248,1460.6699418034034,1468.9542236328125,964505,0.0,0.0,1464.9268371582032,1471.9594758416606,51.15994847116842,5.222719001409359,2.1391712694863814,3.083547731922978,33.22680503345022,133280476.0,-0.005574324324324334
2025-02-27 00:00:00+05:30,1461.218930728015,1477.088750859754,1451.2379271028235,1466.9580078125,1421562,0.0,0.0,1464.7696350097656,1471.763339840517,50.610289416828614,4.590004676878607,1.205165555964503,3.384839120914104,32.69994922798453,131858914.0,0.003927595628415252
2025-02-28 00:00:00+05:30,1457.2265539665982,1459.272708479798,1409.1679963293982,1427.7825927734375,2397364,0.0,0.0,1462.1196838378905,1470.0386046614158,41.244926375082535,0.9168762465446889,-1.9743702994955323,2.8912465460402212,34.49209653192148,129461550.0,-0.020205479452054784
2025-03-03 00:00:00+05:30,1429.82870293639,1449.3914453987222,1402.4307752678294,1405.8243408203125,1056418,0.0,0.0,1459.83154296875,1467.5203982362746,37.10075776066926,-3.723035086833079,-5.29142530629864,1.5683902194655612,35.38270893184801,128405132.0,-0.016788278250940578
2025-03-04 00:00:00+05:30,1389.555298572682,1412.3120359437537,1387.3595264747826,1390.45361328125,977231,0.0,0.0,1456.4953979492188,1464.4981713752932,34.488463619643966,-8.542020407133123,-8.088328501278948,-0.4536919058541755,34.63769468449966,127427901.0,0.0006464764011124641
2025-03-05 00:00:00+05:30,1388.5073068067943,1421.2948784770108,1377.2287242745233,1418.0010986328125,1118219,0.0,0.0,1453.9153076171874,1462.6747567579412,42.32619096468147,-10.022713545623901,-7.655217311815781,-2.367496233808121,35.311156078641645,128546120.0,0.02124136594847761
2025-03-06 00:00:00+05:30,1414.408003019763,1423.6903851505906,1392.350009318672,1418.60009765625,1606815,0.0,0.0,1451.5273559570312,1460.9463387539533,42.48731667105103,-11.020798406723998,-6.922641738332701,-4.098156668391296,35.02752891816143,130152935.0,0.002963851044067038
2025-03-07 00:00:00+05:30,1421.3499755859375,1446.199951171875,1406.550048828125,1411.5999755859375,901496,2.7,0.0,1448.9915161132812,1459.0111872571683,41.044197646734965,-12.23559487722082,-6.509950567063617,-5.725644310157202,35.35769844856061,129251439.0,-0.0068596757782900435
2025-03-10 00:00:00+05:30,1419.0,1427.75,1404.3499755859375,1419.449951171875,1092967,0.0,0.0,1446.5562316894532,1457.4597662342157,43.367244233501076,-12.42171263639898,-5.356854660993422,-7.064857975405557,34.50357887466789,130344406.0,0.0003170903254933051
2025-03-11 00:00:00+05:30,1403.0,1424.4000244140625,1397.449951171875,1417.25,691907,0.0,0.0,1445.1462890625,1455.8829126564033,42.85757504638807,-12.60146809520461,-4.42928809583924,-8.172179999365369,33.96404275806214,129652499.0,0.010156806842480399
2025-03-12 00:00:00+05:30,1425.0,1425.0,1404.5,1409.0,734156,0.0,0.0,1444.7810668945312,1454.0443670620346,40.91561100588686,-13.256815328227049,-4.067708263089344,-9.189107065137705,33.002325418200556,128918343.0,-0.011228070175438596
2025-03-13 00:00:00+05:30,1411.699951171875,1413.949951171875,1382.6500244140625,1385.550048828125,911321,0.0,0.0,1441.5889953613282,1451.3583153665872,35.9317629544122,-15.489840572046887,-5.0405868055273455,-10.449253766519542,32.88072551388712,128007022.0,-0.01852369713694652
2025-03-17 00:00:00+05:30,1392.0,1441.300048828125,1392.0,1434.25,1352197,0.0,0.0,1439.9161682128906,1450.6874010384859,49.648713921689094,-13.177942985008713,-2.1829513747913367,-10.994991610217376,34.51424512003804,129359219.0,0.030352011494252873
2025-03-18 00:00:00+05:30,1434.25,1434.25,1434.25,1434.25,0,0.0,0.0,1438.495361328125,1450.0427970761923,49.648713921689094,-11.216451223255262,-0.17716769043030745,-11.039283532824955,32.04894189717818,129359219.0,0.0
2025-03-19 00:00:00+05:30,1457.949951171875,1488.9000244140625,1455.0,1484.9000244140625,917293,0.0,0.0,1439.0705810546874,1451.4097471678735,59.98298789683379,-5.5113893344548615,4.422315358696075,-9.933704693150936,33.66330493409849,130276512.0,0.01848490973268698
2025-03-20 00:00:00+05:30,1492.0,1506.300048828125,1488.5,1498.3499755859375,798992,0.0,0.0,1440.3607116699218,1453.2505404391702,62.201538111472786,0.09412693212766499,8.02226530022288,-7.928138368095216,32.78735632552449,131075504.0,0.004256015808269102
2025-03-21 00:00:00+05:30,1500.0,1553.300048828125,1493.449951171875,1546.4000244140625,1977397,0.0,0.0,1444.040869140625,1456.9034613793622,68.84645919565192,8.317892837452973,12.996824964438552,-4.678932126985579,34.72040927771917,133052901.0,0.030933349609375
2025-03-24 00:00:00+05:30,1550.0,1584.0,1541.699951171875,1569.800048828125,1229003,0.0,0.0,1449.1804748535155,1461.3307785342158,71.47629590260294,16.53289208590968,16.96945937031621,-0.43656728440652737,35.26181210274816,134281904.0,0.012774225050403225
2025-03-25 00:00:00+05:30,1577.6500244140625,1583.9000244140625,1551.300048828125,1557.199951171875,1241287,0.0,0.0,1452.4125061035156,1465.0903539317712,68.14072334516383,21.77560003635699,17.769733856610813,4.005866179746176,35.07168092297597,133040617.0,-0.012962363595045507
2025-03-26 00:00:00+05:30,1564.300048828125,1570.300048828125,1533.449951171875,1541.300048828125,1106876,0.0,0.0,1455.293701171875,1468.0789694179027,64.07707373697149,24.366611491065214,16.28859624905523,8.078015242009984,35.1987106896384,131933741.0,-0.014703061613550514
2025-03-27 00:00:00+05:30,1541.4000244140625,1552.0999755859375,1529.6500244140625,1544.9000244140625,1405775,0.0,0.0,1459.0909912109375,1471.091559809909,64.59194817175955,26.406101577922072,14.66246906872967,11.743632509192402,34.28808500979816,133339516.0,0.002270662997641035
2025-03-28 00:00:00+05:30,1544.9000244140625,1564.5,1534.75,1547.8499755859375,1120169,0.0,0.0,1463.1355895996094,1474.1016937619104,65.03420342806373,27.938392177313744,12.955807734497073,14.982584442816671,33.963936080526864,134459685.0,0.001909477069879544
2025-04-01 00:00:00+05:30,1537.75,1566.4000244140625,1535.3499755859375,1545.25,937836,0.0,0.0,1469.0089599609375,1476.891823418306,64.27224103018015,28.61311305969889,10.904422893505775,17.708690166193115,33.75580127678388,133521849.0,0.004877255730775484
2025-04-02 00:00:00+05:30,1543.0,1563.1500244140625,1542.300048828125,1559.8499755859375,1876774,0.0,0.0,1476.7102416992188,1480.145084287625,66.63617373308318,29.980335586261162,9.81731633605444,20.163019250206723,32.83395658458056,135398623.0,0.01092026933631724
2025-04-03 00:00:00+05:30,1546.0,1558.9000244140625,1540.0,1542.25,373548,0.0,0.0,1484.3000610351562,1482.5805711783064,61.36514127545342,29.305878424019966,7.314287339050594,21.99159108496937,31.906529370391773,135025075.0,-0.0024256144890038808
2025-04-04 00:00:00+05:30,1536.3499755859375,1546.9000244140625,1501.0999755859375,1512.5999755859375,826558,0.0,0.0,1489.0300048828126,1483.7578027237037,53.663825350184446,26.078243333118962,3.269321798519673,22.80892153459929,32.898923617372716,134198517.0,-0.015458717334858653
2025-04-07 00:00:00+05:30,1450.0,1485.5,1430.550048828125,1460.800048828125,916977,0.0,0.0,1491.1400024414063,1482.8574986493675,43.413134829681766,19.12009355377745,-2.951062384657469,22.07115593843492,36.40970955597556,133281540.0,0.007448309536637931
2025-04-08 00:00:00+05:30,1490.0,1498.050048828125,1458.050048828125,1488.0,2142568,0.0,0.0,1494.9600036621093,1483.059165369,48.92964052943,15.620455574513926,-5.160560291136797,20.781015865650723,36.666158873405884,135424108.0,-0.0013422818791946308
2025-04-09 00:00:00+05:30,1488.0,1499.9000244140625,1475.0,1481.6500244140625,1047950,0.0,0.0,1498.0700073242188,1483.0039049393947,47.75908229733256,12.194012318098657,-6.869602838041651,19.063615156140308,35.8257206977385,134376158.0,-0.004267456710979503
2025-04-11 00:00:00+05:30,1539.0,1539.0,1500.050048828125,1521.9000244140625,1134200,0.0,0.0,1503.302508544922,1484.5292429580093,55.092673706578466,12.581340110729343,-5.185820036328774,17.767160147058117,37.363167475466994,135510358.0,-0.011111095247522742
2025-04-15 00:00:00+05:30,1555.5,1574.0999755859375,1525.0,1562.5999755859375,1363406,0.0,0.0,1510.9825073242187,1487.5908403159674,61.0473196748339,15.988144712846179,-1.423212347369553,17.41135706021573,38.42293773949614,136873764.0,0.0045644330349967855
2025-04-16 00:00:00+05:30,1548.5,1576.800048828125,1548.5,1565.4000244140625,784495,0.0,0.0,1519.9750061035156,1490.642180868834,61.426273887696134,18.698458256772938,1.0296809572457626,17.668777299527175,37.69987424582678,137658259.0,0.010913803302591217
2025-04-17 00:00:00+05:30,1558.0,1615.0,1549.4000244140625,1608.199951171875,1500299,0.0,0.0,1528.6725036621094,1495.252289508169,66.75092402844088,24.02307461224723,5.08343785017604,18.93963676207119,39.69273862726325,139158558.0,0.032220764551909496
2025-04-21 00:00:00+05:30,1618.0,1630.699951171875,1595.300048828125,1628.5,1016066,0.0,0.0,1538.3850036621093,1500.4776899196133,68.94084226111721,29.540392465506557,8.480604562748294,21.059787902758263,39.38610746415516,140174624.0,0.0064894932014833125
2025-04-22 00:00:00+05:30,1627.800048828125,1639.9000244140625,1612.800048828125,1619.0,1102055,0.0,0.0,1545.0900024414063,1505.125623648256,66.72594168132866,32.76859998625946,9.367049666800956,23.401550319458504,38.50852661571104,139072569.0,-0.005406099375940106
2025-04-23 00:00:00+05:30,1625.0,1625.0,1601.0,1615.5,1136215,0.0,0.0,1550.9475036621093,1509.4540305640105,65.88609398413705,34.64518878472654,8.994910772214428,25.650278012512114,37.47220328601739,137936354.0,-0.005846153846153846
2025-04-24 00:00:00+05:30,1612.9000244140625,1636.5999755859375,1603.0,1608.199951171875,857476,0.0,0.0,1554.0375,1513.3264196074563,64.07461121277821,35.138293620202376,7.590412486152207,27.54788113405017,37.195615593154535,137078878.0,-0.002914051194149465
2025-04-25 00:00:00+05:30,1723.5,1762.0,1651.0999755859375,1695.0999755859375,10321746,0.0,0.0,1560.3024963378907,1520.4547943517105,73.43715483301531,42.05638860273439,11.606805974947374,30.449582627787013,45.52450368136671,147400624.0,-0.016478111061248912
2025-04-28 00:00:00+05:30,1690.0,1755.0,1681.4000244140625,1736.0999755859375,2100813,0.0,0.0,1569.2474975585938,1528.9114681256017,76.54321273912774,50.26792867619724,15.854676838728182,34.41325183746906,47.529894531693195,149501437.0,0.02727809206268491
2025-04-29 00:00:00+05:30,1733.9000244140625,1764.9000244140625,1721.0,1730.0999755859375,2049847,0.0,0.0,1578.6874938964843,1536.801213516203,75.15816982338248,55.649985102116034,16.989386611717578,38.660598490398456,47.27061809471957,147451590.0,-0.002191619340572506
2025-04-30 00:00:00+05:30,1722.0,1772.5,1718.5,1765.800048828125,2031563,0.0,0.0,1589.7324951171875,1545.7815599990236,77.73923604949351,62.08037720325706,18.735822970286875,43.34455423297018,47.751288230811035,149483153.0,0.025435568425159698
2025-05-02 00:00:00+05:30,1761.0,1777.0999755859375,1747.5999755859375,1762.199951171875,902461,0.0,0.0,1600.4499938964843,1554.2685557312923,76.87184937331202,66.12377772925606,18.2233787970287,47.90039893222736,46.447624785753106,148580692.0,0.0006814032776121521
2025-05-05 00:00:00+05:30,1773.0,1787.5999755859375,1766.9000244140625,1769.9000244140625,947983,0.0,0.0,1611.6824951171875,1562.7246917580676,77.45135568732472,69.1523876566464,17.00159097953523,52.15079667711117,44.94422475920378,149528675.0,-0.0017484351866539764
2025-05-06 00:00:00+05:30,1770.0,1797.800048828125,1717.199951171875,1726.0,1295777,0.0,0.0,1619.9899963378907,1569.1276450224573,67.1248130359948,67.23517254499984,12.067500694310937,55.167671850688905,47.49107282327851,148232898.0,-0.024858757062146894
2025-05-07 00:00:00+05:30,1714.0,1756.5,1712.300048828125,1744.5,753313,0.0,0.0,1630.1024963378907,1576.0049922764788,69.00054845595817,66.4426516165588,9.01998381269592,57.422667803862886,47.25599270532112,148986211.0,0.01779463243873979
2025-05-08 00:00:00+05:30,1741.300048828125,1744.0,1721.0999755859375,1731.5,1107891,0.0,0.0,1641.0474975585937,1582.102835716617,66.14457677202107,64.02751240918678,5.283875684259115,58.74363672492767,45.55199497023122,147878320.0,-0.005628006979452117
2025-05-09 00:00:00+05:30,1706.0,1728.699951171875,1693.0999755859375,1699.800048828125,1076900,0.0,0.0,1652.9974975585938,1586.718412701382,59.65996105857103,58.87688003176072,0.10659464546643704,58.77028538629428,45.04113993050488,146801420.0,-0.003634203500512896
2025-05-12 00:00:00+05:30,1725.0,1756.9000244140625,1720.0,1751.5,728808,0.0,0.0,1666.1724975585937,1593.1804357327005,65.5857308579034,58.29473532775319,-0.3804400468328737,58.67517537458606,45.90248533446436,147530228.0,0.01536231884057971
2025-05-13 00:00:00+05:30,1742.699951171875,1756.0,1732.300048828125,1740.0,478541,0.0,0.0,1679.0899963378906,1598.9380657039671,63.3563165997455,56.25693266418284,-1.9345941683225831,58.191526832505424,44.31659003713655,147051687.0,-0.001549292045403125
2025-05-14 00:00:00+05:30,1741.0,1760.0,1737.4000244140625,1755.199951171875,603108,0.0,0.0,1690.7549926757813,1605.06598278114,65.04749251508626,55.231790697441966,-2.3677889080507697,57.599579605492735,42.76540329062233,147654795.0,0.008156204004523262
2025-05-15 00:00:00+05:30,1757.699951171875,1788.4000244140625,1737.0999755859375,1784.5999755859375,1318425,0.0,0.0,1701.8549926757812,1612.1065315185833,68.11294285213664,56.1444957685253,-1.164067069573946,57.30856283809925,43.375020829015384,148973220.0,0.015304104887826846
2025-05-16 00:00:00+05:30,1790.0,1790.9000244140625,1767.9000244140625,1773.4000244140625,696146,0.0,0.0,1712.2549926757813,1618.4317665340923,65.74731149962952,55.326311377247066,-1.5858011686817477,56.912112545928814,41.91966219837143,148277074.0,-0.009273729377618715
2025-05-19 00:00:00+05:30,1773.0999755859375,1781.199951171875,1764.4000244140625,1770.0,288530,0.0,0.0,1720.3449951171874,1624.375618826873,65.009164940085,53.78355742652275,-2.502844095524857,56.286401522047605,40.125395381188646,147988544.0,-0.001748336601783035
2025-05-20 00:00:00+05:30,1778.800048828125,1778.800048828125,1753.300048828125,1757.800048828125,529693,0.0,0.0,1726.8099975585938,1629.6079494151575,62.306103401308704,50.9887135548197,-4.238150373782332,55.22686392860203,39.08072428253231,147458851.0,-0.011805711391696228
2025-05-21 00:00:00+05:30,1756.9000244140625,1777.9000244140625,1751.199951171875,1763.9000244140625,521050,0.0,0.0,1734.054998779297,1634.8743052974676,63.131553589228275,48.70456084105513,-5.2178424700375245,53.92240331109265,38.196392065364826,147979901.0,0.00398429045633063
2025-05-22 00:00:00+05:30,1766.300048828125,1768.699951171875,1741.199951171875,1759.300048828125,1103303,0.0,0.0,1741.2450012207032,1639.7537462202383,62.02843357790991,45.99299515428629,-6.3435265254450925,52.33652167973138,37.43236406069591,146876598.0,-0.003963086568810459
2025-05-23 00:00:00+05:30,1765.0,1806.0,1759.800048828125,1798.699951171875,1067774,0.0,0.0,1750.770001220703,1645.9869307281458,67.29904526479505,46.48742455926208,-4.679277696375443,51.166702255637524,38.09433456863727,147944372.0,0.0190934567546034
2025-05-26 00:00:00+05:30,1806.0,1810.0999755859373,1790.0999755859375,1801.5999755859373,633624,0.0,0.0,1756.0950012207031,1652.08940307551,67.65492386787199,46.57636778354981,-3.672267577670169,50.24863536121998,36.80188209944888,148577996.0,-0.002436336884863083
2025-05-27 00:00:00+05:30,1801.5999755859373,1809.5999755859373,1794.0,1803.300048828125,1219984,0.0,0.0,1759.4550048828125,1658.0192323207107,67.87563622109896,46.25088620613178,-3.1981993240705577,49.44908553020234,35.28746020562662,149797980.0,0.0009436463505916789
2025-05-28 00:00:00+05:30,1810.5999755859373,1814.5,1802.0999755859373,1807.4000244140625,763018,0.0,0.0,1763.3200073242188,1663.8773025988814,68.43503573869228,45.795867225481516,-2.922574643776656,48.71844186925817,33.65264336337206,150560998.0,-0.0017673429885246854
2025-05-29 00:00:00+05:30,1807.5999755859373,1830.0,1801.4000244140625,1825.0,1189803,0.0,0.0,1766.2800048828126,1670.1958397518665,70.78674174519301,46.3214673047562,-1.917579651601585,48.23904695635778,33.29173852212673,151750801.0,0.009626037092870878
2025-05-30 00:00:00+05:30,1825.0,1833.9000244140625,1804.9000244140625,1812.199951171875,1364259,0.0,0.0,1768.7800048828126,1675.7646284350042,66.8838777694661,45.184295753172364,-2.4438009625483375,47.6280967157207,32.985185770546245,150386542.0,-0.007013725385273973
2025-06-02 00:00:00+05:30,1812.199951171875,1829.0,1795.5999755859375,1802.5,1238769,0.0,0.0,1770.4100036621094,1680.7346430061805,64.00395457116412,43.004643352856874,-3.698762690291069,46.70340604314794,33.014817102225976,149147773.0,-0.005352583287292576
2025-06-03 00:00:00+05:30,1809.800048828125,1814.0,1770.0999755859375,1775.300048828125,1576208,0.0,0.0,1772.8750061035157,1684.4430902933157,56.63917669161817,38.637060400404835,-6.4530765141944855,45.09013691459932,33.7923319102143,147571565.0,-0.01906287936191587
2025-06-04 00:00:00+05:30,1775.0,1779.0999755859375,1762.300048828125,1775.9000244140625,918721,0.0,0.0,1774.4450073242188,1688.0296367294234,56.757376023455485,34.822717844508134,-8.21393525607295,43.036653100581084,32.57858868504274,148490286.0,0.0005070560079225352
2025-06-05 00:00:00+05:30,1782.0,1791.0,1765.0,1774.800048828125,912222,0.0,0.0,1776.610009765625,1691.432397988196,56.453537516160324,31.349685392497122,-9.349574166467171,40.69925955896429,32.10868949325397,147578064.0,-0.004040376639660494
2025-06-06 00:00:00+05:30,1774.800048828125,1783.5,1751.300048828125,1780.5999755859375,1589674,0.0,0.0,1780.6500061035156,1694.929165737127,57.73821033505664,28.73405941912324,-9.57216011187284,38.30621953099608,32.11520818458404,149167738.0,0.003267932498447985
2025-06-09 00:00:00+05:30,1789.5999755859375,1799.0,1759.0999755859375,1790.800048828125,1221496,0.0,0.0,1782.615008544922,1698.6888082112837,59.97456743815841,27.171007198117195,-8.908169866303112,36.07917706442031,32.671266486689646,150389234.0,0.0006705818387120736
2025-06-10 00:00:00+05:30,1790.9000244140625,1796.5999755859375,1772.0,1785.5,1400311,0.0,0.0,1784.8900085449218,1702.0931686735862,58.24972892256212,25.213956609067054,-8.692176364282602,33.906132973349656,32.094745708064494,148988923.0,-0.0030152573233836726
2025-06-11 00:00:00+05:30,1785.5,1800.9000244140625,1774.0,1799.300048828125,1089930,0.0,0.0,1787.0950134277343,1705.9052031894505,61.365344037331084,24.494174924629533,-7.529566438976097,32.02374136360563,31.72369418706435,150078853.0,0.007728954818328199
2025-06-12 00:00:00+05:30,1799.9000244140625,1812.300048828125,1760.0,1766.0,984693,0.0,0.0,1786.1650146484376,1708.2618618879035,51.39799607282049,20.994693357375127,-8.823238404984405,29.81793176235953,33.19343380428297,149094160.0,-0.01883439299641005
2025-06-13 00:00:00+05:30,1720.0,1766.5,1720.0,1755.199951171875,1774169,0.0,0.0,1785.2550109863282,1710.1025712715887,48.63866612282828,17.152136173295276,-10.13263647125141,27.284772644546685,34.14390281826276,147319991.0,0.020465087890625
2025-06-16 00:00:00+05:30,1762.0,1800.0,1751.9000244140625,1797.800048828125,728053,0.0,0.0,1786.6450134277343,1713.541688038512,58.17645756339472,17.344418122183697,-7.952283617890391,25.296701740074088,35.14076515881096,148048044.0,0.020317848370104995
2025-06-17 00:00:00+05:30,1796.0999755859375,1806.699951171875,1785.4000244140625,1800.199951171875,557790,0.0,0.0,1788.7650085449218,1716.9400512986438,58.64240238519151,17.488854387370566,-6.246277882162818,23.735132269533384,34.15213384445392,148605834.0,0.0022827101172917586
2025-06-18 00:00:00+05:30,1800.0,1805.0,1791.300048828125,1797.199951171875,349531,0.0,0.0,1790.4300048828125,1720.087498352496,57.77589410256964,17.16339728018238,-5.257387991480805,22.420785271663185,32.691263653555424,148256303.0,-0.0015555826822916668
2025-06-19 00:00:00+05:30,1795.0,1804.9000244140625,1781.0,1789.4000244140625,537885,0.0,0.0,1791.9350036621095,1722.8056366294202,55.48051003463835,16.090598867600647,-5.064149123250029,21.154747990850677,32.063317993591646,147718418.0,-0.003119763557625348
2025-06-20 00:00:00+05:30,1787.0999755859375,1821.0,1779.0999755859375,1810.9000244140625,1669329,0.0,0.0,1792.5450073242187,1726.2603185033277,60.17701820058823,16.78181835782766,-3.4983437064184137,20.280162064246074,32.76593988076814,149387747.0,0.01331769299606289
2025-06-23 00:00:00+05:30,1810.0,1826.199951171875,1798.5999755859375,1818.5999755859373,627282,0.0,0.0,1793.3950073242188,1729.881481526175,61.73396082323676,17.746367415359146,-2.027035719109545,19.77340313446869,32.396942431137376,150015029.0,0.004751367727037167
2025-06-24 00:00:00+05:30,1832.199951171875,1850.9000244140625,1828.0,1843.0,876488,0.0,0.0,1795.3800048828125,1734.317501858482,66.23847411305854,20.246271132605443,0.37829439850940005,19.867976734096043,32.390021459493646,150891517.0,0.00589457980348558
2025-06-25 00:00:00+05:30,1843.0,1855.0,1825.0,1842.699951171875,990856,0.0,0.0,1797.145001220703,1738.5677939884192,66.13537509257074,21.95022290048246,1.6657969331091316,20.284425967373327,32.21930564095838,149900661.0,-0.00016280457304666305
2025-06-26 00:00:00+05:30,1850.0,1866.4000244140625,1842.699951171875,1860.800048828125,1147822,0.0,0.0,1798.9350036621095,1743.361215746839,69.24516654735334,24.478965290622682,3.3556314585994826,21.1233338320232,31.61078904104618,151048483.0,0.005837864231418919
2025-06-27 00:00:00+05:30,1848.0,1862.9000244140625,1815.300048828125,1850.5999755859373,6763121,0.0,0.0,1800.8550048828124,1747.5666573091567,65.58982052565383,25.367530092175002,3.39535700812144,21.972173084053562,32.7528737942527,144285362.0,0.0014069131958535026
2025-06-30 00:00:00+05:30,1846.0,1855.0999755859373,1826.0999755859373,1838.300048828125,1362010,0.0,0.0,1802.6450073242188,1751.1248295255868,61.38193856166592,24.793419695706007,2.256997289321955,22.53642240638405,32.48481138037751,142923352.0,-0.004171154480972373
2025-07-01 00:00:00+05:30,1831.0,1865.300048828125,1827.300048828125,1862.5,667136,0.0,0.0,1807.0050048828125,1755.4924832696815,66.00321176414134,25.991552444995705,2.764104030889321,23.227448414106384,32.87875342463626,143590488.0,0.01720371381758602
2025-07-02 00:00:00+05:30,1865.0,1875.0,1852.0999755859373,1856.800048828125,1072946,0.0,0.0,1811.0500061035157,1759.465328977856,64.05878669113079,26.179363452010648,2.36153203032341,23.817831421687238,32.16598706673815,142517542.0,-0.004396756660522788
2025-07-03 00:00:00+05:30,1850.0,1861.800048828125,1803.0,1810.199951171875,916863,0.0,0.0,1812.820001220703,1761.4549220050724,50.8655763123565,22.310781796016727,-1.205639700536409,23.516421496553136,34.06842004969435,141600679.0,-0.021513539907094596
2025-07-04 00:00:00+05:30,1806.0,1812.0999755859373,1783.0999755859375,1799.699951171875,685665,0.0,0.0,1813.775,1762.9547270704372,48.44452689722717,18.187980990938286,-4.262752404491881,22.450733395430166,33.70639004614474,140915014.0,-0.00348839912963732
2025-07-07 00:00:00+05:30,1799.699951171875,1811.800048828125,1792.199951171875,1808.300048828125,376143,0.0,0.0,1814.65,1764.7329749825035,50.521794240878556,15.43664363770381,-5.611271806181087,21.047915443884897,32.69879773258083,141291157.0,0.004778628598978427
2025-07-08 00:00:00+05:30,1801.0,1818.800048828125,1797.300048828125,1816.9000244140625,616714,0.0,0.0,1816.2200012207031,1766.7787416268784,52.579404604125116,13.791159220940244,-5.805404978355725,19.59656419929597,31.898883608825056,141907871.0,0.008828442206586618
2025-07-09 00:00:00+05:30,1820.0,1821.0,1799.0,1814.9000244140625,597896,0.0,0.0,1817.0,1768.6658507557877,52.03742560330017,12.185253661129082,-5.929048430533509,18.11430209166259,31.19182049390898,141309975.0,-0.0028021843878777474
2025-07-10 00:00:00+05:30,1811.0,1823.5,1801.4000244140625,1810.199951171875,1104366,0.0,0.0,1819.2099975585938,1770.294639007399,50.71443220545512,10.413267637272156,-6.160827563512349,16.574095200784505,30.542403000482444,140205609.0,-0.00044177185429320815
2025-07-11 00:00:00+05:30,1814.0,1840.0,1812.0,1835.199951171875,770854,0.0,0.0,1823.2099975585938,1772.83994536679,56.979646309048135,10.900591776560304,-4.538802739379362,15.439394515939666,30.489377702456913,140976463.0,0.011686852906215546
2025-07-14 00:00:00+05:30,1843.0,1856.300048828125,1831.699951171875,1851.300048828125,1231109,0.0,0.0,1825.8849975585938,1775.9168121691955,60.46517866157736,12.442513444859514,-2.3975048568641206,14.840018301723635,30.068714842013563,142207572.0,0.004503553352211069
2025-07-15 00:00:00+05:30,1849.9000244140625,1851.699951171875,1822.4000244140625,1824.800048828125,1313007,0.0,0.0,1827.1150024414062,1777.8338018420948,52.87201056637006,11.394816593015776,-2.756161366966289,14.150977959982065,30.01380140742777,140894565.0,-0.013568287612671214
2025-07-16 00:00:00+05:30,1833.9000244140625,1839.9000244140625,1821.5999755859373,1829.0999755859373,652826,0.0,0.0,1828.7100036621093,1779.8442400281278,53.88398448120371,10.787130121761038,-2.6910782705768224,13.47820839233786,29.177104794620448,141547391.0,-0.002617399402488617
2025-07-17 00:00:00+05:30,1829.0,1829.0,1796.300048828125,1802.800048828125,886192,0.0,0.0,1829.3800048828125,1780.7444678242061,47.207072665534085,8.090092374465485,-4.3104928142979,12.400585188763385,29.43587779199129,140661199.0,-0.014324740935962274
2025-07-18 00:00:00+05:30,1799.0,1802.800048828125,1754.0999755859375,1788.4000244140625,1600088,0.0,0.0,1828.2550048828125,1781.0446857296909,43.99274344230718,4.736113931166528,-6.131577006077487,10.867690937244015,30.811891752719593,139061111.0,-0.005892148741488327
2025-07-21 00:00:00+05:30,1794.699951171875,1807.4000244140625,1781.0,1804.699951171875,481174,0.0,0.0,1827.5600036621095,1781.972343198012,48.28519393200295,3.35465929181305,-6.010425316344774,9.365084608157824,30.496758371386942,139542285.0,0.005571962039376196
2025-07-22 00:00:00+05:30,1791.0999755859375,1815.300048828125,1791.0999755859375,1809.0,578221,0.0,0.0,1825.8600036621094,1783.0322513078938,49.38722431369806,2.5771171385310936,-5.430373975701384,8.007491114232478,30.0469951478727,140120506.0,0.009993872289684284
2025-07-23 00:00:00+05:30,1809.0,1818.5,1792.0,1809.5,555690,0.0,0.0,1824.2000061035155,1784.070202236996,49.52192281733978,1.9784488744096507,-4.823233791858262,6.801682666267912,29.793638351596076,140676196.0,0.0002763957987838585
2025-07-24 00:00:00+05:30,1808.0,1822.5,1778.699951171875,1793.5999755859375,928018,0.0,0.0,1820.8400024414063,1784.4439188389154,45.38543640745086,0.21848234527897148,-5.266560256791153,5.485042602070124,30.794096242776714,139748178.0,-0.007964615273264657
2025-07-25 00:00:00+05:30,1814.0,1847.0,1810.9000244140625,1832.0999755859373,1821229,0.0,0.0,1819.9150024414062,1786.312783809387,55.15353326090819,1.9083264339058132,-2.861372934531449,4.769699368437262,32.408805397868555,141569407.0,0.009977935824662222
2025-07-28 00:00:00+05:30,1832.0,1858.0,1819.0,1850.5,1182404,0.0,0.0,1820.525,1788.8299295423521,58.93384714922513,4.678339260772873,-0.07308808613151196,4.751427346904385,32.87960501230652,142751811.0,0.01009825327510917
2025-07-29 00:00:00+05:30,1848.0,1851.800048828125,1822.9000244140625,1833.4000244140625,585182,0.0,0.0,1819.070001220703,1790.5777764000663,54.3487264214817,5.431162206468571,0.5437878876513489,4.887374318817222,32.59534925528909,142166629.0,-0.00790041968936012
2025-07-30 00:00:00+05:30,1825.0,1850.0,1824.5,1839.0999755859373,480951,0.0,0.0,1818.1849975585938,1792.4806077406888,55.58905381992341,6.4137841268470765,1.221127846423883,5.1926562804231935,32.08853859419701,142647580.0,0.007726014019691656
2025-07-31 00:00:00+05:30,1838.0,1857.4000244140625,1821.4000244140625,1840.699951171875,1570804,0.0,0.0,1819.7099975585938,1794.371562385049,55.95083669574727,7.2381864288499855,1.6364241187414335,5.601762310108552,32.36792869461151,144218384.0,0.0014689614645674645
2025-08-01 00:00:00+05:30,1840.0,1843.300048828125,1788.9000244140625,1796.199951171875,559870,0.0,0.0,1819.5349975585937,1794.443263906101,44.976567129765726,4.2517416634239,-1.0800165173477225,5.331758180771622,33.941649817429436,143658514.0,-0.023804374363111412
2025-08-04 00:00:00+05:30,1798.0,1836.199951171875,1781.0,1831.5,844169,0.0,0.0,1820.6949951171875,1795.8964692431166,52.87312245993428,4.67943992565074,-0.5218546040967063,5.201294529747447,35.46009991417555,144502683.0,0.018631813125695215
2025-08-05 00:00:00+05:30,1833.300048828125,1860.4000244140625,1818.699951171875,1857.0,1251783,0.0,0.0,1822.6999938964843,1798.2926861355434,57.606183191273765,6.99539224020873,1.4352781683690266,5.5601140718397035,35.90581229474783,145754466.0,0.012927480794551001
2025-08-06 00:00:00+05:30,1858.5999755859373,1876.0,1850.5999755859373,1854.300048828125,816457,0.0,0.0,1824.6699951171875,1800.4890532999582,56.953957753465,8.514784504396857,2.363736346045723,6.151048158351134,35.155398874698896,144938009.0,-0.0023135299764849558
2025-08-07 00:00:00+05:30,1835.0,1863.0999755859373,1835.0,1861.0999755859373,742694,0.0,0.0,1827.2149963378906,1802.865952213134,58.23646231817235,10.15060126751041,3.19964248732742,6.95095878018299,34.65144006835878,145680703.0,0.014223419937840475
2025-08-08 00:00:00+05:30,1851.0999755859373,1870.9000244140625,1831.0,1833.5999755859373,779798,0.0,0.0,1827.1349975585938,1804.0712080316753,51.5476677896287,9.12281552616082,1.7374853967822634,7.385330129378557,35.02633895019476,144900905.0,-0.009453838383019072
2025-08-11 00:00:00+05:30,1836.0,1852.699951171875,1825.9000244140625,1851.0,455452,0.0,0.0,1827.1199951171875,1805.9115528147468,55.06444478146974,9.601642713106457,1.7730500669823197,7.828592646124138,34.43873807931031,145356357.0,0.008169934640522876
2025-08-12 00:00:00+05:30,1849.699951171875,1863.9000244140625,1834.0,1838.0,627624,0.0,0.0,1827.7799926757812,1807.1699232925998,52.02614932417977,8.830334751732153,0.8013936844864116,8.028941067245741,34.114544246078324,144728733.0,-0.0063253238258791705
2025-08-13 00:00:00+05:30,1841.300048828125,1859.0,1838.0,1840.300048828125,570828,0.0,0.0,1828.3399963378906,1808.469143901836,52.52526325515576,8.308882725528747,0.223953326626404,8.084929398902343,33.17779108564416,145299561.0,-0.000543094538359698
2025-08-14 00:00:00+05:30,1842.0999755859373,1853.699951171875,1832.199951171875,1840.5999755859373,468063,0.0,0.0,1830.2299926757812,1809.7291765168989,52.594523889668736,7.829575349775723,-0.20428323930129544,8.033858589077019,32.343663150955294,145767624.0,-0.0008142880516150478
2025-08-18 00:00:00+05:30,1879.0,1912.0,1850.0,1863.0,1924632,0.0,0.0,1833.9599914550781,1811.818228418197,57.572874419868825,9.151720232575371,0.8942893147986819,8.25743091777669,35.133403241177255,147692256.0,-0.008515167642362959
2025-08-19 00:00:00+05:30,1865.0,1869.9000244140625,1836.5999755859373,1854.0999755859373,621923,0.0,0.0,1836.4299926757812,1813.4763361502653,55.09708898737338,9.373322164899719,0.8927129976984229,8.480609167201296,35.00244935453068,147070333.0,-0.005844517112097977
2025-08-20 00:00:00+05:30,1846.0,1864.9000244140625,1843.4000244140625,1858.5,446416,0.0,0.0,1838.9049926757812,1815.2419700267255,56.10213752404413,9.791122524795128,1.0484106860750657,8.742711838720062,34.03798868634992,147516749.0,0.006771397616468039
2025-08-21 00:00:00+05:30,1870.0,1892.5,1870.0,1877.300048828125,1316202,0.0,0.0,1842.2949951171875,1817.6756201758,60.20108493443539,11.506598240064477,2.2111091210755305,9.295489118988947,34.0352752087535,148832951.0,0.003903769426804813
2025-08-22 00:00:00+05:30,1860.0999755859373,1870.0,1849.4000244140625,1859.0,605948,0.0,0.0,1845.5649963378905,1819.2961840904748,54.83379302451768,11.259669640495531,1.5713444172052675,9.688325223290263,33.59704300913271,148227003.0,-0.0005913529382154725
2025-08-25 00:00:00+05:30,1858.9000244140625,1862.4000244140625,1843.4000244140625,1846.800048828125,613536,0.0,0.0,1846.3,1820.374767021363,51.53508111083086,9.964676260848819,0.2210808300468443,9.743595430801975,32.554397079908945,147613467.0,-0.0065092126671801465
2025-08-26 00:00:00+05:30,1846.9000244140625,1857.5999755859373,1809.800048828125,1816.5999755859373,669578,0.0,0.0,1844.6049987792965,1820.2267359846796,44.412521136466474,6.427400092109565,-2.6529562709539274,9.080356363063492,33.64336348547347,146943889.0,-0.01640589551550743
2025-08-27 00:00:00+05:30,1816.5999755859373,1816.5999755859373,1816.5999755859373,1816.5999755859373,0,0.0,0.0,1843.7649963378904,1820.0845100866898,44.41252113646648,3.5827831497401803,-4.39805857065865,7.98084172039883,31.240266093653936,146943889.0,0.0
2025-08-28 00:00:00+05:30,1815.699951171875,1841.300048828125,1806.199951171875,1816.800048828125,948055,0.0,0.0,1842.6499999999996,1819.955707684393,44.471486852436236,1.3292254831610535,-5.321292989790221,6.6505184729512745,31.515968348125085,147891944.0,0.0006058807544385203
2025-08-29 00:00:00+05:30,1826.9000244140625,1826.9000244140625,1801.0999755859375,1805.5,801378,0.0,0.0,1840.8900024414058,1819.3888171869658,41.77606862871626,-1.3529586405695682,-6.402781690816674,5.049823050247106,31.107688382410796,147090566.0,-0.011713845381838056
2025-09-01 00:00:00+05:30,1800.0,1815.9000244140625,1796.5999755859375,1809.800048828125,530198,0.0,0.0,1841.5700073242183,1819.0127870552465,43.18720319539867,-3.0959427781083377,-6.516612662684356,3.4206698845760175,30.264285557104667,147620764.0,0.005444471571180555
